time,cloud_cover,global_tilted_irradiance,proportion_daytime
2013-01-09 17:00:00,0.0,0.0,1.0
2013-01-09 18:00:00,0.0,0.0,1.0
2013-01-09 19:00:00,0.0,0.0,1.0
2013-01-09 20:00:00,0.0,0.0,1.0
2013-01-09 21:00:00,0.0,0.0,1.0
2013-01-09 22:00:00,0.0,0.0,1.0
2013-01-09 23:00:00,0.0,0.0,1.0
2013-01-10 00:00:00,0.0,0.0,0.0
2013-01-10 01:00:00,0.0,0.0,0.0
2013-01-10 02:00:00,0.0,0.0,0.0
2013-01-10 03:00:00,0.03,0.0,0.0
2013-01-10 04:00:00,0.32,0.0,0.0
2013-01-10 05:00:00,0.3,0.0,0.0
2013-01-10 06:00:00,0.28,0.0,0.0
2013-01-10 07:00:00,0.94,32.48399,0.6458333333333334
2013-01-10 08:00:00,1.0,197.52275,1.0
2013-01-10 09:00:00,0.99,313.4677,1.0
2013-01-10 10:00:00,1.0,414.35785,1.0
2013-01-10 11:00:00,0.98,416.2202,1.0
2013-01-10 12:00:00,0.99,384.4512,1.0
2013-01-10 13:00:00,1.0,342.02173,1.0
2013-01-10 14:00:00,0.99,219.13898,1.0
2013-01-10 15:00:00,1.0,124.65454,1.0
2013-01-10 16:00:00,0.97,43.30586,0.9219444444444445
2013-01-10 17:00:00,0.97,0.0,0.0
2013-01-10 18:00:00,0.65,0.0,0.0
2013-01-10 19:00:00,0.65,0.0,0.0
2013-01-10 20:00:00,0.93,0.0,0.0
2013-01-10 21:00:00,0.87,0.0,0.0
2013-01-10 22:00:00,0.73,0.0,0.0
2013-01-10 23:00:00,0.0,0.0,0.0
2013-01-11 00:00:00,0.0,0.0,0.0
2013-01-11 01:00:00,0.02,0.0,0.0
2013-01-11 02:00:00,0.0,0.0,0.0
2013-01-11 03:00:00,0.01,0.0,0.0
2013-01-11 04:00:00,0.01,0.0,0.0
2013-01-11 05:00:00,0.31,0.0,0.0
2013-01-11 06:00:00,0.37,0.0,0.0
2013-01-11 07:00:00,0.63,29.356632,0.65
2013-01-11 08:00:00,0.58,171.51631,1.0
2013-01-11 09:00:00,0.59,355.2333,1.0
2013-01-11 10:00:00,0.79,535.26074,1.0
2013-01-11 11:00:00,0.74,459.0208,1.0
2013-01-11 12:00:00,0.5,537.67615,1.0
2013-01-11 13:00:00,0.4,461.50293,1.0
2013-01-11 14:00:00,0.37,315.71335,1.0
2013-01-11 15:00:00,0.73,164.45502,1.0
2013-01-11 16:00:00,0.6,47.709114,0.9386111111111111
2013-01-11 17:00:00,0.54,0.0,0.0
2013-01-11 18:00:00,0.43,0.0,0.0
2013-01-11 19:00:00,0.16,0.0,0.0
2013-01-11 20:00:00,0.12,0.0,0.0
2013-01-11 21:00:00,0.25,0.0,0.0
2013-01-11 22:00:00,0.07,0.0,0.0
2013-01-11 23:00:00,0.0,0.0,0.0
2013-01-12 00:00:00,0.0,0.0,0.0
2013-01-12 01:00:00,0.01,0.0,0.0
2013-01-12 02:00:00,0.11,0.0,0.0
2013-01-12 03:00:00,0.55,0.0,0.0
2013-01-12 04:00:00,0.26,0.0,0.0
2013-01-12 05:00:00,0.32,0.0,0.0
2013-01-12 06:00:00,0.35,0.0,0.0
2013-01-12 07:00:00,0.4,36.973484,0.6547222222222222
2013-01-12 08:00:00,0.52,221.34656,1.0
2013-01-12 09:00:00,0.55,424.61343,1.0
2013-01-12 10:00:00,0.57,494.22876,1.0
2013-01-12 11:00:00,0.52,656.7671,1.0
2013-01-12 12:00:00,0.57,641.4541,1.0
2013-01-12 13:00:00,0.55,536.62164,1.0
2013-01-12 14:00:00,0.78,406.02594,1.0
2013-01-12 15:00:00,0.94,232.70572,1.0
2013-01-12 16:00:00,0.8,60.230392,0.9555555555555556
2013-01-12 17:00:00,0.75,0.0,0.0
2013-01-12 18:00:00,0.8,0.0,0.0
2013-01-12 19:00:00,0.67,0.0,0.0
2013-01-12 20:00:00,0.44,0.0,0.0
2013-01-12 21:00:00,0.5,0.0,0.0
2013-01-12 22:00:00,0.37,0.0,0.0
2013-01-12 23:00:00,0.44,0.0,0.0
2013-01-13 00:00:00,0.44,0.0,0.0
2013-01-13 01:00:00,0.56,0.0,0.0
2013-01-13 02:00:00,0.68,0.0,0.0
2013-01-13 03:00:00,0.83,0.0,0.0
2013-01-13 04:00:00,0.88,0.0,0.0
2013-01-13 05:00:00,0.79,0.0,0.0
2013-01-13 06:00:00,0.61,0.0,0.0
2013-01-13 07:00:00,0.53,44.37006,0.6602777777777777
2013-01-13 08:00:00,0.44,263.82962,1.0
2013-01-13 09:00:00,0.37,458.32794,1.0
2013-01-13 10:00:00,0.53,564.38275,1.0
2013-01-13 11:00:00,0.65,556.904,1.0
2013-01-13 12:00:00,0.83,581.5174,1.0
2013-01-13 13:00:00,0.96,525.9099,1.0
2013-01-13 14:00:00,0.93,329.33163,1.0
2013-01-13 15:00:00,0.99,172.09041,1.0
2013-01-13 16:00:00,1.0,45.229755,0.9730555555555556
2013-01-13 17:00:00,0.98,0.0,0.0
2013-01-13 18:00:00,0.97,0.0,0.0
2013-01-13 19:00:00,0.94,0.0,0.0
2013-01-13 20:00:00,0.96,0.0,0.0
2013-01-13 21:00:00,0.86,0.0,0.0
2013-01-13 22:00:00,0.62,0.0,0.0
2013-01-13 23:00:00,0.49,0.0,0.0
2013-01-14 00:00:00,0.6,0.0,0.0
2013-01-14 01:00:00,0.66,0.0,0.0
2013-01-14 02:00:00,0.72,0.0,0.0
2013-01-14 03:00:00,0.82,0.0,0.0
2013-01-14 04:00:00,0.81,0.0,0.0
2013-01-14 05:00:00,0.85,0.0,0.0
2013-01-14 06:00:00,0.86,0.0,0.0
2013-01-14 07:00:00,0.79,26.283524,0.6663888888888889
2013-01-14 08:00:00,0.8,179.63231,1.0
2013-01-14 09:00:00,0.65,347.35587,1.0
2013-01-14 10:00:00,0.3,505.5205,1.0
2013-01-14 11:00:00,0.2,683.5192,1.0
2013-01-14 12:00:00,0.21,653.02673,1.0
2013-01-14 13:00:00,0.4,592.62244,1.0
2013-01-14 14:00:00,0.68,446.80972,1.0
2013-01-14 15:00:00,0.77,275.835,1.0
2013-01-14 16:00:00,0.52,69.36611,0.9908333333333333
2013-01-14 17:00:00,0.31,0.0,0.0
2013-01-14 18:00:00,0.28,0.0,0.0
2013-01-14 19:00:00,0.11,0.0,0.0
2013-01-14 20:00:00,0.02,0.0,0.0
2013-01-14 21:00:00,0.02,0.0,0.0
2013-01-14 22:00:00,0.02,0.0,0.0
2013-01-14 23:00:00,0.12,0.0,0.0
2013-01-15 00:00:00,0.32,0.0,0.0
2013-01-15 01:00:00,0.39,0.0,0.0
2013-01-15 02:00:00,0.34,0.0,0.0
2013-01-15 03:00:00,0.07,0.0,0.0
2013-01-15 04:00:00,0.0,0.0,0.0
2013-01-15 05:00:00,0.0,0.0,0.0
2013-01-15 06:00:00,0.0,0.0,0.0
2013-01-15 07:00:00,0.11,43.741096,0.6727777777777778
2013-01-15 08:00:00,0.05,244.0426,1.0
2013-01-15 09:00:00,0.05,416.55338,1.0
2013-01-15 10:00:00,0.32,450.99643,1.0
2013-01-15 11:00:00,0.46,586.47296,1.0
2013-01-15 12:00:00,0.67,487.2146,1.0
2013-01-15 13:00:00,0.76,402.4775,1.0
2013-01-15 14:00:00,0.78,287.65616,1.0
2013-01-15 15:00:00,0.59,193.47292,1.0
2013-01-15 16:00:00,0.3,55.958668,1.0
2013-01-15 17:00:00,0.43,0.0,0.008888888888888889
2013-01-15 18:00:00,0.87,0.0,0.0
2013-01-15 19:00:00,0.95,0.0,0.0
2013-01-15 20:00:00,0.96,0.0,0.0
2013-01-15 21:00:00,0.89,0.0,0.0
2013-01-15 22:00:00,0.64,0.0,0.0
2013-01-15 23:00:00,0.68,0.0,0.0
2013-01-16 00:00:00,0.39,0.0,0.0
2013-01-16 01:00:00,0.36,0.0,0.0
2013-01-16 02:00:00,0.31,0.0,0.0
2013-01-16 03:00:00,0.2,0.0,0.0
2013-01-16 04:00:00,0.11,0.0,0.0
2013-01-16 05:00:00,0.04,0.0,0.0
2013-01-16 06:00:00,0.02,0.0,0.0
2013-01-16 07:00:00,0.0,40.615726,0.68
2013-01-16 08:00:00,0.02,255.26492,1.0
2013-01-16 09:00:00,0.04,450.86322,1.0
2013-01-16 10:00:00,0.04,598.52295,1.0
2013-01-16 11:00:00,0.04,660.82434,1.0
2013-01-16 12:00:00,0.02,677.07794,1.0
2013-01-16 13:00:00,0.02,614.5674,1.0
2013-01-16 14:00:00,0.0,477.274,1.0
2013-01-16 15:00:00,0.0,291.48624,1.0
2013-01-16 16:00:00,0.0,88.59293,1.0
2013-01-16 17:00:00,0.0,0.0,0.0275
2013-01-16 18:00:00,0.0,0.0,0.0
2013-01-16 19:00:00,0.0,0.0,0.0
2013-01-16 20:00:00,0.0,0.0,0.0
2013-01-16 21:00:00,0.0,0.0,0.0
2013-01-16 22:00:00,0.0,0.0,0.0
2013-01-16 23:00:00,0.0,0.0,0.0
2013-01-17 00:00:00,0.0,0.0,0.0
2013-01-17 01:00:00,0.0,0.0,0.0
2013-01-17 02:00:00,0.0,0.0,0.0
2013-01-17 03:00:00,0.0,0.0,0.0
2013-01-17 04:00:00,0.0,0.0,0.0
2013-01-17 05:00:00,0.0,0.0,0.0
2013-01-17 06:00:00,0.01,0.0,0.0
2013-01-17 07:00:00,0.01,48.575638,0.6877777777777778
2013-01-17 08:00:00,0.0,274.41846,1.0
2013-01-17 09:00:00,0.0,475.61792,1.0
2013-01-17 10:00:00,0.0,620.1802,1.0
2013-01-17 11:00:00,0.0,699.1766,1.0
2013-01-17 12:00:00,0.0,703.36426,1.0
2013-01-17 13:00:00,0.0,633.4576,1.0
2013-01-17 14:00:00,0.0,497.10916,1.0
2013-01-17 15:00:00,0.0,308.48746,1.0
2013-01-17 16:00:00,0.0,96.503,1.0
2013-01-17 17:00:00,0.0,0.0,0.04611111111111111
2013-01-17 18:00:00,0.0,0.0,0.0
2013-01-17 19:00:00,0.0,0.0,0.0
2013-01-17 20:00:00,0.0,0.0,0.0
2013-01-17 21:00:00,0.0,0.0,0.0
2013-01-17 22:00:00,0.0,0.0,0.0
2013-01-17 23:00:00,0.0,0.0,0.0
2013-01-18 00:00:00,0.0,0.0,0.0
2013-01-18 01:00:00,0.0,0.0,0.0
2013-01-18 02:00:00,0.0,0.0,0.0
2013-01-18 03:00:00,0.0,0.0,0.0
2013-01-18 04:00:00,0.0,0.0,0.0
2013-01-18 05:00:00,0.0,0.0,0.0
2013-01-18 06:00:00,0.0,0.0,0.0
2013-01-18 07:00:00,0.0,51.880264,0.6961111111111111
2013-01-18 08:00:00,0.0,286.1891,1.0
2013-01-18 09:00:00,0.0,490.75516,1.0
2013-01-18 10:00:00,0.0,636.51215,1.0
2013-01-18 11:00:00,0.0,711.3091,1.0
2013-01-18 12:00:00,0.0,715.22754,1.0
2013-01-18 13:00:00,0.0,644.94214,1.0
2013-01-18 14:00:00,0.0,507.38882,1.0
2013-01-18 15:00:00,0.0,316.83072,1.0
2013-01-18 16:00:00,0.0,101.27337,1.0
2013-01-18 17:00:00,0.0,0.0,0.06527777777777778
2013-01-18 18:00:00,0.0,0.0,0.0
2013-01-18 19:00:00,0.0,0.0,0.0
2013-01-18 20:00:00,0.0,0.0,0.0
2013-01-18 21:00:00,0.0,0.0,0.0
2013-01-18 22:00:00,0.0,0.0,0.0
2013-01-18 23:00:00,0.0,0.0,0.0
2013-01-19 00:00:00,0.0,0.0,0.0
2013-01-19 01:00:00,0.1,0.0,0.0
2013-01-19 02:00:00,0.3,0.0,0.0
2013-01-19 03:00:00,0.72,0.0,0.0
2013-01-19 04:00:00,0.06,0.0,0.0
2013-01-19 05:00:00,0.0,0.0,0.0
2013-01-19 06:00:00,0.0,0.0,0.0
2013-01-19 07:00:00,0.0,53.125496,0.705
2013-01-19 08:00:00,0.0,286.5263,1.0
2013-01-19 09:00:00,0.0,491.35553,1.0
2013-01-19 10:00:00,0.0,637.95306,1.0
2013-01-19 11:00:00,0.0,714.2832,1.0
2013-01-19 12:00:00,0.0,717.12225,1.0
2013-01-19 13:00:00,0.0,647.0741,1.0
2013-01-19 14:00:00,0.0,509.55768,1.0
2013-01-19 15:00:00,0.0,318.57748,1.0
2013-01-19 16:00:00,0.0,103.97569,1.0
2013-01-19 17:00:00,0.49,0.0,0.08444444444444445
2013-01-19 18:00:00,0.8,0.0,0.0
2013-01-19 19:00:00,0.96,0.0,0.0
2013-01-19 20:00:00,0.95,0.0,0.0
2013-01-19 21:00:00,0.85,0.0,0.0
2013-01-19 22:00:00,0.81,0.0,0.0
2013-01-19 23:00:00,0.49,0.0,0.0
2013-01-20 00:00:00,0.33,0.0,0.0
2013-01-20 01:00:00,0.19,0.0,0.0
2013-01-20 02:00:00,0.01,0.0,0.0
2013-01-20 03:00:00,0.0,0.0,0.0
2013-01-20 04:00:00,0.0,0.0,0.0
2013-01-20 05:00:00,0.0,0.0,0.0
2013-01-20 06:00:00,0.0,0.0,0.0
2013-01-20 07:00:00,0.0,55.292496,0.7144444444444444
2013-01-20 08:00:00,0.0,287.51874,1.0
2013-01-20 09:00:00,0.05,490.03055,1.0
2013-01-20 10:00:00,0.03,634.3377,1.0
2013-01-20 11:00:00,0.04,706.16583,1.0
2013-01-20 12:00:00,0.14,700.5588,1.0
2013-01-20 13:00:00,0.37,622.05225,1.0
2013-01-20 14:00:00,0.47,491.36194,1.0
2013-01-20 15:00:00,0.56,306.52112,1.0
2013-01-20 16:00:00,0.02,104.18153,1.0
2013-01-20 17:00:00,0.0,0.0,0.10361111111111111
2013-01-20 18:00:00,0.0,0.0,0.0
2013-01-20 19:00:00,0.0,0.0,0.0
2013-01-20 20:00:00,0.0,0.0,0.0
2013-01-20 21:00:00,0.0,0.0,0.0
2013-01-20 22:00:00,0.0,0.0,0.0
2013-01-20 23:00:00,0.0,0.0,0.0
2013-01-21 00:00:00,0.0,0.0,0.0
2013-01-21 01:00:00,0.0,0.0,0.0
2013-01-21 02:00:00,0.0,0.0,0.0
2013-01-21 03:00:00,0.0,0.0,0.0
2013-01-21 04:00:00,0.0,0.0,0.0
2013-01-21 05:00:00,0.0,0.0,0.0
2013-01-21 06:00:00,0.0,0.0,0.0
2013-01-21 07:00:00,0.0,53.11045,0.7244444444444444
2013-01-21 08:00:00,0.0,279.99097,1.0
2013-01-21 09:00:00,0.0,479.97348,1.0
2013-01-21 10:00:00,0.0,623.3646,1.0
2013-01-21 11:00:00,0.0,698.7385,1.0
2013-01-21 12:00:00,0.0,701.799,1.0
2013-01-21 13:00:00,0.05,632.8649,1.0
2013-01-21 14:00:00,0.08,500.14127,1.0
2013-01-21 15:00:00,0.01,314.24826,1.0
2013-01-21 16:00:00,0.0,106.31532,1.0
2013-01-21 17:00:00,0.0,0.0,0.12305555555555556
2013-01-21 18:00:00,0.01,0.0,0.0
2013-01-21 19:00:00,0.09,0.0,0.0
2013-01-21 20:00:00,0.06,0.0,0.0
2013-01-21 21:00:00,0.0,0.0,0.0
2013-01-21 22:00:00,0.0,0.0,0.0
2013-01-21 23:00:00,0.0,0.0,0.0
2013-01-22 00:00:00,0.0,0.0,0.0
2013-01-22 01:00:00,0.01,0.0,0.0
2013-01-22 02:00:00,0.04,0.0,0.0
2013-01-22 03:00:00,0.03,0.0,0.0
2013-01-22 04:00:00,0.13,0.0,0.0
2013-01-22 05:00:00,0.49,0.0,0.0
2013-01-22 06:00:00,0.81,0.0,0.0
2013-01-22 07:00:00,0.75,53.59006,0.7347222222222223
2013-01-22 08:00:00,0.26,279.7692,1.0
2013-01-22 09:00:00,0.01,478.48544,1.0
2013-01-22 10:00:00,0.0,648.0938,1.0
2013-01-22 11:00:00,0.0,725.4136,1.0
2013-01-22 12:00:00,0.0,728.89215,1.0
2013-01-22 13:00:00,0.0,658.45013,1.0
2013-01-22 14:00:00,0.0,522.0401,1.0
2013-01-22 15:00:00,0.0,331.36215,1.0
2013-01-22 16:00:00,0.0,115.16192,1.0
2013-01-22 17:00:00,0.0,0.0,0.14277777777777778
2013-01-22 18:00:00,0.0,0.0,0.0
2013-01-22 19:00:00,0.0,0.0,0.0
2013-01-22 20:00:00,0.0,0.0,0.0
2013-01-22 21:00:00,0.0,0.0,0.0
2013-01-22 22:00:00,0.0,0.0,0.0
2013-01-22 23:00:00,0.3,0.0,0.0
2013-01-23 00:00:00,0.87,0.0,0.0
2013-01-23 01:00:00,0.92,0.0,0.0
2013-01-23 02:00:00,0.95,0.0,0.0
2013-01-23 03:00:00,0.93,0.0,0.0
2013-01-23 04:00:00,0.89,0.0,0.0
2013-01-23 05:00:00,0.93,0.0,0.0
2013-01-23 06:00:00,0.93,0.0,0.0
2013-01-23 07:00:00,0.77,47.344086,0.7458333333333333
2013-01-23 08:00:00,0.9,206.65465,1.0
2013-01-23 09:00:00,1.0,315.93665,1.0
2013-01-23 10:00:00,1.0,411.93384,1.0
2013-01-23 11:00:00,0.97,518.98444,1.0
2013-01-23 12:00:00,1.0,520.8119,1.0
2013-01-23 13:00:00,1.0,497.42398,1.0
2013-01-23 14:00:00,1.0,373.66095,1.0
2013-01-23 15:00:00,1.0,197.67995,1.0
2013-01-23 16:00:00,1.0,59.25072,1.0
2013-01-23 17:00:00,1.0,0.0,0.1622222222222222
2013-01-23 18:00:00,1.0,0.0,0.0
2013-01-23 19:00:00,1.0,0.0,0.0
2013-01-23 20:00:00,1.0,0.0,0.0
2013-01-23 21:00:00,1.0,0.0,0.0
2013-01-23 22:00:00,0.99,0.0,0.0
2013-01-23 23:00:00,1.0,0.0,0.0
2013-01-24 00:00:00,0.99,0.0,0.0
2013-01-24 01:00:00,0.95,0.0,0.0
2013-01-24 02:00:00,0.67,0.0,0.0
2013-01-24 03:00:00,0.51,0.0,0.0
2013-01-24 04:00:00,0.29,0.0,0.0
2013-01-24 05:00:00,0.32,0.0,0.0
2013-01-24 06:00:00,0.3,0.0,0.0
2013-01-24 07:00:00,0.19,43.387596,0.7572222222222222
2013-01-24 08:00:00,0.97,181.0087,1.0
2013-01-24 09:00:00,1.0,328.8238,1.0
2013-01-24 10:00:00,0.94,502.69516,1.0
2013-01-24 11:00:00,0.45,646.97,1.0
2013-01-24 12:00:00,0.61,628.2791,1.0
2013-01-24 13:00:00,0.0,631.70233,1.0
2013-01-24 14:00:00,0.14,492.07837,1.0
2013-01-24 15:00:00,0.13,316.74625,1.0
2013-01-24 16:00:00,0.12,106.12849,1.0
2013-01-24 17:00:00,0.35,0.0,0.18194444444444444
2013-01-24 18:00:00,0.44,0.0,0.0
2013-01-24 19:00:00,0.98,0.0,0.0
2013-01-24 20:00:00,0.97,0.0,0.0
2013-01-24 21:00:00,0.02,0.0,0.0
2013-01-24 22:00:00,0.06,0.0,0.0
2013-01-24 23:00:00,0.02,0.0,0.0
2013-01-25 00:00:00,0.0,0.0,0.0
2013-01-25 01:00:00,0.01,0.0,0.0
2013-01-25 02:00:00,0.04,0.0,0.0
2013-01-25 03:00:00,0.1,0.0,0.0
2013-01-25 04:00:00,0.11,0.0,0.0
2013-01-25 05:00:00,0.06,0.0,0.0
2013-01-25 06:00:00,0.05,0.0,0.0
2013-01-25 07:00:00,0.19,51.032593,0.7688888888888888
2013-01-25 08:00:00,0.4,245.47563,1.0
2013-01-25 09:00:00,0.46,412.68393,1.0
2013-01-25 10:00:00,0.42,547.16766,1.0
2013-01-25 11:00:00,0.69,642.01013,1.0
2013-01-25 12:00:00,0.28,683.9101,1.0
2013-01-25 13:00:00,0.51,602.5563,1.0
2013-01-25 14:00:00,0.4,483.92618,1.0
2013-01-25 15:00:00,0.75,266.0321,1.0
2013-01-25 16:00:00,0.29,90.192116,1.0
2013-01-25 17:00:00,0.16,0.0,0.20166666666666666
2013-01-25 18:00:00,0.18,0.0,0.0
2013-01-25 19:00:00,0.11,0.0,0.0
2013-01-25 20:00:00,0.03,0.0,0.0
2013-01-25 21:00:00,0.22,0.0,0.0
2013-01-25 22:00:00,0.49,0.0,0.0
2013-01-25 23:00:00,0.05,0.0,0.0
2013-01-26 00:00:00,0.0,0.0,0.0
2013-01-26 01:00:00,0.0,0.0,0.0
2013-01-26 02:00:00,0.01,0.0,0.0
2013-01-26 03:00:00,0.0,0.0,0.0
2013-01-26 04:00:00,0.02,0.0,0.0
2013-01-26 05:00:00,0.01,0.0,0.0
2013-01-26 06:00:00,0.2,0.0,0.0
2013-01-26 07:00:00,0.36,56.45105,0.7813888888888889
2013-01-26 08:00:00,0.92,126.86566,1.0
2013-01-26 09:00:00,1.0,218.12965,1.0
2013-01-26 10:00:00,1.0,337.0158,1.0
2013-01-26 11:00:00,1.0,329.8431,1.0
2013-01-26 12:00:00,1.0,274.5423,1.0
2013-01-26 13:00:00,1.0,318.7051,1.0
2013-01-26 14:00:00,1.0,216.85669,1.0
2013-01-26 15:00:00,1.0,92.97103,1.0
2013-01-26 16:00:00,1.0,29.817692,1.0
2013-01-26 17:00:00,1.0,0.0,0.22138888888888889
2013-01-26 18:00:00,1.0,0.0,0.0
2013-01-26 19:00:00,1.0,0.0,0.0
2013-01-26 20:00:00,1.0,0.0,0.0
2013-01-26 21:00:00,1.0,0.0,0.0
2013-01-26 22:00:00,0.98,0.0,0.0
2013-01-26 23:00:00,0.91,0.0,0.0
2013-01-27 00:00:00,0.93,0.0,0.0
2013-01-27 01:00:00,0.91,0.0,0.0
2013-01-27 02:00:00,0.8,0.0,0.0
2013-01-27 03:00:00,0.45,0.0,0.0
2013-01-27 04:00:00,0.58,0.0,0.0
2013-01-27 05:00:00,0.1,0.0,0.0
2013-01-27 06:00:00,0.16,0.0,0.0
2013-01-27 07:00:00,0.27,55.864876,0.7941666666666667
2013-01-27 08:00:00,0.31,246.4216,1.0
2013-01-27 09:00:00,0.24,343.9631,1.0
2013-01-27 10:00:00,0.14,412.8951,1.0
2013-01-27 11:00:00,0.24,649.2872,1.0
2013-01-27 12:00:00,0.48,647.636,1.0
2013-01-27 13:00:00,0.05,598.21075,1.0
2013-01-27 14:00:00,0.13,503.6154,1.0
2013-01-27 15:00:00,0.16,322.33038,1.0
2013-01-27 16:00:00,0.13,124.007996,1.0
2013-01-27 17:00:00,0.06,0.0,0.2411111111111111
2013-01-27 18:00:00,0.01,0.0,0.0
2013-01-27 19:00:00,0.0,0.0,0.0
2013-01-27 20:00:00,0.0,0.0,0.0
2013-01-27 21:00:00,0.0,0.0,0.0
2013-01-27 22:00:00,0.0,0.0,0.0
2013-01-27 23:00:00,0.0,0.0,0.0
2013-01-28 00:00:00,0.0,0.0,0.0
2013-01-28 01:00:00,0.0,0.0,0.0
2013-01-28 02:00:00,0.0,0.0,0.0
2013-01-28 03:00:00,0.0,0.0,0.0
2013-01-28 04:00:00,0.0,0.0,0.0
2013-01-28 05:00:00,0.28,0.0,0.0
2013-01-28 06:00:00,0.86,0.0,0.0
2013-01-28 07:00:00,0.87,64.91588,0.8075
2013-01-28 08:00:00,0.52,275.5381,1.0
2013-01-28 09:00:00,0.18,467.68048,1.0
2013-01-28 10:00:00,0.27,603.2038,1.0
2013-01-28 11:00:00,0.42,520.3842,1.0
2013-01-28 12:00:00,0.58,569.4736,1.0
2013-01-28 13:00:00,0.51,555.13586,1.0
2013-01-28 14:00:00,0.52,350.3987,1.0
2013-01-28 15:00:00,0.78,202.0031,1.0
2013-01-28 16:00:00,0.76,69.81808,1.0
2013-01-28 17:00:00,0.94,0.0,0.26055555555555554
2013-01-28 18:00:00,0.97,0.0,0.0
2013-01-28 19:00:00,0.94,0.0,0.0
2013-01-28 20:00:00,0.81,0.0,0.0
2013-01-28 21:00:00,0.89,0.0,0.0
2013-01-28 22:00:00,0.97,0.0,0.0
2013-01-28 23:00:00,0.91,0.0,0.0
2013-01-29 00:00:00,0.98,0.0,0.0
2013-01-29 01:00:00,0.96,0.0,0.0
2013-01-29 02:00:00,0.99,0.0,0.0
2013-01-29 03:00:00,0.97,0.0,0.0
2013-01-29 04:00:00,0.97,0.0,0.0
2013-01-29 05:00:00,0.96,0.0,0.0
2013-01-29 06:00:00,0.94,0.0,0.0
2013-01-29 07:00:00,0.8,35.51938,0.8211111111111111
2013-01-29 08:00:00,0.76,181.26764,1.0
2013-01-29 09:00:00,0.72,338.39377,1.0
2013-01-29 10:00:00,0.76,487.24356,1.0
2013-01-29 11:00:00,0.83,569.02155,1.0
2013-01-29 12:00:00,0.89,511.45532,1.0
2013-01-29 13:00:00,0.89,585.7927,1.0
2013-01-29 14:00:00,0.83,422.13962,1.0
2013-01-29 15:00:00,0.83,213.93294,1.0
2013-01-29 16:00:00,0.93,91.00415,1.0
2013-01-29 17:00:00,0.95,1.9878461,0.28
2013-01-29 18:00:00,0.97,0.0,0.0
2013-01-29 19:00:00,0.94,0.0,0.0
2013-01-29 20:00:00,0.93,0.0,0.0
2013-01-29 21:00:00,0.92,0.0,0.0
2013-01-29 22:00:00,0.85,0.0,0.0
2013-01-29 23:00:00,0.66,0.0,0.0
2013-01-30 00:00:00,0.26,0.0,0.0
2013-01-30 01:00:00,0.28,0.0,0.0
2013-01-30 02:00:00,0.32,0.0,0.0
2013-01-30 03:00:00,0.33,0.0,0.0
2013-01-30 04:00:00,0.16,0.0,0.0
2013-01-30 05:00:00,0.11,0.0,0.0
2013-01-30 06:00:00,0.42,0.0,0.0
2013-01-30 07:00:00,0.7,64.77924,0.8352777777777778
2013-01-30 08:00:00,0.61,269.70114,1.0
2013-01-30 09:00:00,0.43,469.1622,1.0
2013-01-30 10:00:00,0.31,609.6178,1.0
2013-01-30 11:00:00,0.5,598.74634,1.0
2013-01-30 12:00:00,0.56,598.7256,1.0
2013-01-30 13:00:00,0.54,588.40894,1.0
2013-01-30 14:00:00,0.53,479.86032,1.0
2013-01-30 15:00:00,0.45,315.0781,1.0
2013-01-30 16:00:00,0.71,118.77512,1.0
2013-01-30 17:00:00,0.92,3.7383437,0.29944444444444446
2013-01-30 18:00:00,0.85,0.0,0.0
2013-01-30 19:00:00,0.41,0.0,0.0
2013-01-30 20:00:00,0.37,0.0,0.0
2013-01-30 21:00:00,0.33,0.0,0.0
2013-01-30 22:00:00,0.36,0.0,0.0
2013-01-30 23:00:00,0.31,0.0,0.0
2013-01-31 00:00:00,0.03,0.0,0.0
2013-01-31 01:00:00,0.02,0.0,0.0
2013-01-31 02:00:00,0.02,0.0,0.0
2013-01-31 03:00:00,0.04,0.0,0.0
2013-01-31 04:00:00,0.05,0.0,0.0
2013-01-31 05:00:00,0.59,0.0,0.0
2013-01-31 06:00:00,0.72,0.0,0.0
2013-01-31 07:00:00,0.76,42.008377,0.85
2013-01-31 08:00:00,0.8,239.7639,1.0
2013-01-31 09:00:00,0.61,446.13138,1.0
2013-01-31 10:00:00,0.42,594.1998,1.0
2013-01-31 11:00:00,0.22,722.68494,1.0
2013-01-31 12:00:00,0.23,725.2178,1.0
2013-01-31 13:00:00,0.19,667.20715,1.0
2013-01-31 14:00:00,0.22,532.8676,1.0
2013-01-31 15:00:00,0.08,352.61237,1.0
2013-01-31 16:00:00,0.1,142.3941,1.0
2013-01-31 17:00:00,0.46,5.3763866,0.3188888888888889
2013-01-31 18:00:00,0.8,0.0,0.0
2013-01-31 19:00:00,0.81,0.0,0.0
2013-01-31 20:00:00,0.37,0.0,0.0
2013-01-31 21:00:00,0.15,0.0,0.0
2013-01-31 22:00:00,0.03,0.0,0.0
2013-01-31 23:00:00,0.01,0.0,0.0
2013-02-01 00:00:00,0.03,0.0,0.0
2013-02-01 01:00:00,0.06,0.0,0.0
2013-02-01 02:00:00,0.3,0.0,0.0
2013-02-01 03:00:00,0.21,0.0,0.0
2013-02-01 04:00:00,0.15,0.0,0.0
2013-02-01 05:00:00,0.02,0.0,0.0
2013-02-01 06:00:00,0.09,0.0,0.0
2013-02-01 07:00:00,0.11,63.20542,0.8655555555555555
2013-02-01 08:00:00,0.14,285.4075,1.0
2013-02-01 09:00:00,0.11,473.7974,1.0
2013-02-01 10:00:00,0.24,641.09045,1.0
2013-02-01 11:00:00,0.25,696.7298,1.0
2013-02-01 12:00:00,0.26,727.57764,1.0
2013-02-01 13:00:00,0.32,587.0853,1.0
2013-02-01 14:00:00,0.33,510.52222,1.0
2013-02-01 15:00:00,0.35,333.89847,1.0
2013-02-01 16:00:00,0.25,142.04279,1.0
2013-02-01 17:00:00,0.0,4.624375,0.3386111111111111
2013-02-01 18:00:00,0.0,0.0,0.0
2013-02-01 19:00:00,0.2,0.0,0.0
2013-02-01 20:00:00,0.23,0.0,0.0
2013-02-01 21:00:00,0.21,0.0,0.0
2013-02-01 22:00:00,0.15,0.0,0.0
2013-02-01 23:00:00,0.07,0.0,0.0
2013-02-02 00:00:00,0.09,0.0,0.0
2013-02-02 01:00:00,0.11,0.0,0.0
2013-02-02 02:00:00,0.06,0.0,0.0
2013-02-02 03:00:00,0.09,0.0,0.0
2013-02-02 04:00:00,0.07,0.0,0.0
2013-02-02 05:00:00,0.05,0.0,0.0
2013-02-02 06:00:00,0.05,0.0,0.0
2013-02-02 07:00:00,0.03,84.35117,0.8813888888888889
2013-02-02 08:00:00,0.01,323.5827,1.0
2013-02-02 09:00:00,0.0,531.8077,1.0
2013-02-02 10:00:00,0.0,683.08295,1.0
2013-02-02 11:00:00,0.0,763.37146,1.0
2013-02-02 12:00:00,0.0,769.22076,1.0
2013-02-02 13:00:00,0.02,701.2359,1.0
2013-02-02 14:00:00,0.15,560.7653,1.0
2013-02-02 15:00:00,0.39,366.1874,1.0
2013-02-02 16:00:00,0.04,152.31154,1.0
2013-02-02 17:00:00,0.26,6.170968,0.35833333333333334
2013-02-02 18:00:00,0.14,0.0,0.0
2013-02-02 19:00:00,0.83,0.0,0.0
2013-02-02 20:00:00,0.97,0.0,0.0
2013-02-02 21:00:00,1.0,0.0,0.0
2013-02-02 22:00:00,1.0,0.0,0.0
2013-02-02 23:00:00,1.0,0.0,0.0
2013-02-03 00:00:00,0.99,0.0,0.0
2013-02-03 01:00:00,1.0,0.0,0.0
2013-02-03 02:00:00,0.99,0.0,0.0
2013-02-03 03:00:00,1.0,0.0,0.0
2013-02-03 04:00:00,1.0,0.0,0.0
2013-02-03 05:00:00,1.0,0.0,0.0
2013-02-03 06:00:00,1.0,0.0,0.0
2013-02-03 07:00:00,1.0,55.654564,0.8980555555555556
2013-02-03 08:00:00,0.96,255.65195,1.0
2013-02-03 09:00:00,0.36,487.45026,1.0
2013-02-03 10:00:00,0.6,657.0057,1.0
2013-02-03 11:00:00,1.0,524.04596,1.0
2013-02-03 12:00:00,1.0,492.14853,1.0
2013-02-03 13:00:00,1.0,441.91483,1.0
2013-02-03 14:00:00,1.0,344.39972,1.0
2013-02-03 15:00:00,1.0,185.42824,1.0
2013-02-03 16:00:00,1.0,68.736336,1.0
2013-02-03 17:00:00,0.98,3.9756923,0.37833333333333335
2013-02-03 18:00:00,0.85,0.0,0.0
2013-02-03 19:00:00,0.72,0.0,0.0
2013-02-03 20:00:00,0.6,0.0,0.0
2013-02-03 21:00:00,0.03,0.0,0.0
2013-02-03 22:00:00,0.0,0.0,0.0
2013-02-03 23:00:00,0.0,0.0,0.0
2013-02-04 00:00:00,0.01,0.0,0.0
2013-02-04 01:00:00,0.0,0.0,0.0
2013-02-04 02:00:00,0.0,0.0,0.0
2013-02-04 03:00:00,0.0,0.0,0.0
2013-02-04 04:00:00,0.01,0.0,0.0
2013-02-04 05:00:00,0.0,0.0,0.0
2013-02-04 06:00:00,0.0,0.0,0.0
2013-02-04 07:00:00,0.0,84.44882,0.915
2013-02-04 08:00:00,0.04,298.85846,1.0
2013-02-04 09:00:00,0.27,399.32785,1.0
2013-02-04 10:00:00,0.37,427.71686,1.0
2013-02-04 11:00:00,0.46,736.4342,1.0
2013-02-04 12:00:00,0.41,715.9824,1.0
2013-02-04 13:00:00,0.5,646.8915,1.0
2013-02-04 14:00:00,0.83,516.10657,1.0
2013-02-04 15:00:00,0.72,243.38098,1.0
2013-02-04 16:00:00,0.52,94.50735,1.0
2013-02-04 17:00:00,0.31,4.4899144,0.39805555555555555
2013-02-04 18:00:00,0.42,0.0,0.0
2013-02-04 19:00:00,0.04,0.0,0.0
2013-02-04 20:00:00,0.01,0.0,0.0
2013-02-04 21:00:00,0.0,0.0,0.0
2013-02-04 22:00:00,0.0,0.0,0.0
2013-02-04 23:00:00,0.0,0.0,0.0
2013-02-05 00:00:00,0.0,0.0,0.0
2013-02-05 01:00:00,0.34,0.0,0.0
2013-02-05 02:00:00,0.66,0.0,0.0
2013-02-05 03:00:00,0.65,0.0,0.0
2013-02-05 04:00:00,0.02,0.0,0.0
2013-02-05 05:00:00,0.03,0.0,0.0
2013-02-05 06:00:00,0.19,0.0,0.0
2013-02-05 07:00:00,0.18,91.14423,0.9325
2013-02-05 08:00:00,0.0,326.59338,1.0
2013-02-05 09:00:00,0.0,527.2453,1.0
2013-02-05 10:00:00,0.0,671.61835,1.0
2013-02-05 11:00:00,0.0,754.8231,1.0
2013-02-05 12:00:00,0.0,759.14764,1.0
2013-02-05 13:00:00,0.12,691.60767,1.0
2013-02-05 14:00:00,0.13,559.32776,1.0
2013-02-05 15:00:00,0.46,362.56412,1.0
2013-02-05 16:00:00,0.82,153.4315,1.0
2013-02-05 17:00:00,0.62,8.383178,0.41805555555555557
2013-02-05 18:00:00,0.58,0.0,0.0
2013-02-05 19:00:00,0.87,0.0,0.0
2013-02-05 20:00:00,0.88,0.0,0.0
2013-02-05 21:00:00,0.83,0.0,0.0
2013-02-05 22:00:00,0.73,0.0,0.0
2013-02-05 23:00:00,0.54,0.0,0.0
2013-02-06 00:00:00,0.28,0.0,0.0
2013-02-06 01:00:00,0.14,0.0,0.0
2013-02-06 02:00:00,0.12,0.0,0.0
2013-02-06 03:00:00,0.2,0.0,0.0
2013-02-06 04:00:00,0.06,0.0,0.0
2013-02-06 05:00:00,0.16,0.0,0.0
2013-02-06 06:00:00,0.39,0.0,0.0
2013-02-06 07:00:00,0.49,91.101234,0.9505555555555556
2013-02-06 08:00:00,0.48,307.86313,1.0
2013-02-06 09:00:00,0.59,484.00476,1.0
2013-02-06 10:00:00,0.79,457.34885,1.0
2013-02-06 11:00:00,0.98,544.1033,1.0
2013-02-06 12:00:00,1.0,453.41855,1.0
2013-02-06 13:00:00,1.0,306.01736,1.0
2013-02-06 14:00:00,1.0,217.81357,1.0
2013-02-06 15:00:00,1.0,122.52997,1.0
2013-02-06 16:00:00,1.0,54.936283,1.0
2013-02-06 17:00:00,1.0,2.981769,0.43805555555555553
2013-02-06 18:00:00,1.0,0.0,0.0
2013-02-06 19:00:00,0.99,0.0,0.0
2013-02-06 20:00:00,0.99,0.0,0.0
2013-02-06 21:00:00,1.0,0.0,0.0
2013-02-06 22:00:00,0.95,0.0,0.0
2013-02-06 23:00:00,0.66,0.0,0.0
2013-02-07 00:00:00,0.63,0.0,0.0
2013-02-07 01:00:00,0.62,0.0,0.0
2013-02-07 02:00:00,0.63,0.0,0.0
2013-02-07 03:00:00,0.53,0.0,0.0
2013-02-07 04:00:00,0.44,0.0,0.0
2013-02-07 05:00:00,0.39,0.0,0.0
2013-02-07 06:00:00,0.48,0.0,0.0
2013-02-07 07:00:00,0.55,43.018997,0.9688888888888889
2013-02-07 08:00:00,0.39,175.85231,1.0
2013-02-07 09:00:00,0.32,337.0994,1.0
2013-02-07 10:00:00,0.0,655.87427,1.0
2013-02-07 11:00:00,0.0,792.09247,1.0
2013-02-07 12:00:00,0.0,800.0788,1.0
2013-02-07 13:00:00,0.0,732.0112,1.0
2013-02-07 14:00:00,0.0,597.2732,1.0
2013-02-07 15:00:00,0.0,404.89825,1.0
2013-02-07 16:00:00,0.0,180.43744,1.0
2013-02-07 17:00:00,0.0,11.96192,0.45805555555555555
2013-02-07 18:00:00,0.0,0.0,0.0
2013-02-07 19:00:00,0.0,0.0,0.0
2013-02-07 20:00:00,0.0,0.0,0.0
2013-02-07 21:00:00,0.0,0.0,0.0
2013-02-07 22:00:00,0.11,0.0,0.0
2013-02-07 23:00:00,0.23,0.0,0.0
2013-02-08 00:00:00,0.03,0.0,0.0
2013-02-08 01:00:00,0.0,0.0,0.0
2013-02-08 02:00:00,0.0,0.0,0.0
2013-02-08 03:00:00,0.0,0.0,0.0
2013-02-08 04:00:00,0.17,0.0,0.0
2013-02-08 05:00:00,0.92,0.0,0.0
2013-02-08 06:00:00,0.97,0.0,0.0
2013-02-08 07:00:00,0.99,66.75032,0.9877777777777778
2013-02-08 08:00:00,1.0,235.86908,1.0
2013-02-08 09:00:00,0.99,404.23093,1.0
2013-02-08 10:00:00,0.98,556.7141,1.0
2013-02-08 11:00:00,0.83,639.3433,1.0
2013-02-08 12:00:00,0.02,790.00995,1.0
2013-02-08 13:00:00,0.0,732.2772,1.0
2013-02-08 14:00:00,0.07,588.2159,1.0
2013-02-08 15:00:00,0.25,362.59644,1.0
2013-02-08 16:00:00,0.27,167.61624,1.0
2013-02-08 17:00:00,0.08,11.801405,0.47805555555555557
2013-02-08 18:00:00,0.04,0.0,0.0
2013-02-08 19:00:00,0.0,0.0,0.0
2013-02-08 20:00:00,0.01,0.0,0.0
2013-02-08 21:00:00,0.0,0.0,0.0
2013-02-08 22:00:00,0.08,0.0,0.0
2013-02-08 23:00:00,0.11,0.0,0.0
2013-02-09 00:00:00,0.18,0.0,0.0
2013-02-09 01:00:00,0.13,0.0,0.0
2013-02-09 02:00:00,0.09,0.0,0.0
2013-02-09 03:00:00,0.06,0.0,0.0
2013-02-09 04:00:00,0.16,0.0,0.0
2013-02-09 05:00:00,0.17,0.0,0.0
2013-02-09 06:00:00,0.19,0.0,0.006944444444444444
2013-02-09 07:00:00,0.03,103.29727,1.0
2013-02-09 08:00:00,0.13,334.83035,1.0
2013-02-09 09:00:00,0.11,509.64893,1.0
2013-02-09 10:00:00,0.59,644.0693,1.0
2013-02-09 11:00:00,0.78,589.8775,1.0
2013-02-09 12:00:00,0.96,496.92206,1.0
2013-02-09 13:00:00,0.93,309.7562,1.0
2013-02-09 14:00:00,0.97,247.06802,1.0
2013-02-09 15:00:00,0.95,181.2537,1.0
2013-02-09 16:00:00,0.97,63.505688,1.0
2013-02-09 17:00:00,0.97,3.9756923,0.49777777777777776
2013-02-09 18:00:00,0.96,0.0,0.0
2013-02-09 19:00:00,0.99,0.0,0.0
2013-02-09 20:00:00,0.99,0.0,0.0
2013-02-09 21:00:00,0.99,0.0,0.0
2013-02-09 22:00:00,0.69,0.0,0.0
2013-02-09 23:00:00,0.55,0.0,0.0
2013-02-10 00:00:00,0.56,0.0,0.0
2013-02-10 01:00:00,0.51,0.0,0.0
2013-02-10 02:00:00,0.74,0.0,0.0
2013-02-10 03:00:00,0.96,0.0,0.0
2013-02-10 04:00:00,1.0,0.0,0.0
2013-02-10 05:00:00,1.0,0.0,0.0
2013-02-10 06:00:00,1.0,0.0,0.02638888888888889
2013-02-10 07:00:00,1.0,40.770573,1.0
2013-02-10 08:00:00,1.0,189.31471,1.0
2013-02-10 09:00:00,1.0,355.72446,1.0
2013-02-10 10:00:00,0.96,494.63388,1.0
2013-02-10 11:00:00,0.95,649.1211,1.0
2013-02-10 12:00:00,0.88,660.33636,1.0
2013-02-10 13:00:00,0.95,470.20477,1.0
2013-02-10 14:00:00,0.98,399.01007,1.0
2013-02-10 15:00:00,0.98,284.23062,1.0
2013-02-10 16:00:00,0.97,148.21378,1.0
2013-02-10 17:00:00,0.97,13.181978,0.5177777777777778
2013-02-10 18:00:00,0.91,0.0,0.0
2013-02-10 19:00:00,0.8,0.0,0.0
2013-02-10 20:00:00,0.91,0.0,0.0
2013-02-10 21:00:00,0.96,0.0,0.0
2013-02-10 22:00:00,0.95,0.0,0.0
2013-02-10 23:00:00,0.98,0.0,0.0
2013-02-11 00:00:00,0.96,0.0,0.0
2013-02-11 01:00:00,0.93,0.0,0.0
2013-02-11 02:00:00,0.74,0.0,0.0
2013-02-11 03:00:00,0.85,0.0,0.0
2013-02-11 04:00:00,0.92,0.0,0.0
2013-02-11 05:00:00,0.96,0.0,0.0
2013-02-11 06:00:00,0.96,0.0,0.04638888888888889
2013-02-11 07:00:00,0.95,66.483345,1.0
2013-02-11 08:00:00,0.95,225.02545,1.0
2013-02-11 09:00:00,0.91,401.7958,1.0
2013-02-11 10:00:00,0.9,469.5525,1.0
2013-02-11 11:00:00,0.92,658.00024,1.0
2013-02-11 12:00:00,0.93,574.9199,1.0
2013-02-11 13:00:00,0.96,550.09033,1.0
2013-02-11 14:00:00,0.95,425.94174,1.0
2013-02-11 15:00:00,0.93,238.38094,1.0
2013-02-11 16:00:00,0.97,93.4759,1.0
2013-02-11 17:00:00,0.98,9.232184,0.5375
2013-02-11 18:00:00,0.98,0.0,0.0
2013-02-11 19:00:00,0.98,0.0,0.0
2013-02-11 20:00:00,0.92,0.0,0.0
2013-02-11 21:00:00,0.84,0.0,0.0
2013-02-11 22:00:00,0.19,0.0,0.0
2013-02-11 23:00:00,0.06,0.0,0.0
2013-02-12 00:00:00,0.14,0.0,0.0
2013-02-12 01:00:00,0.29,0.0,0.0
2013-02-12 02:00:00,0.44,0.0,0.0
2013-02-12 03:00:00,0.4,0.0,0.0
2013-02-12 04:00:00,0.21,0.0,0.0
2013-02-12 05:00:00,0.05,0.0,0.0
2013-02-12 06:00:00,0.02,0.0,0.06666666666666667
2013-02-12 07:00:00,0.17,123.53432,1.0
2013-02-12 08:00:00,0.16,370.12216,1.0
2013-02-12 09:00:00,0.01,594.8292,1.0
2013-02-12 10:00:00,0.0,747.7271,1.0
2013-02-12 11:00:00,0.0,821.96204,1.0
2013-02-12 12:00:00,0.0,825.85974,1.0
2013-02-12 13:00:00,0.0,756.4387,1.0
2013-02-12 14:00:00,0.0,618.5944,1.0
2013-02-12 15:00:00,0.0,424.29272,1.0
2013-02-12 16:00:00,0.0,193.90822,1.0
2013-02-12 17:00:00,0.0,18.256413,0.5572222222222222
2013-02-12 18:00:00,0.01,0.0,0.0
2013-02-12 19:00:00,0.05,0.0,0.0
2013-02-12 20:00:00,0.15,0.0,0.0
2013-02-12 21:00:00,0.04,0.0,0.0
2013-02-12 22:00:00,0.08,0.0,0.0
2013-02-12 23:00:00,0.13,0.0,0.0
2013-02-13 00:00:00,0.23,0.0,0.0
2013-02-13 01:00:00,0.17,0.0,0.0
2013-02-13 02:00:00,0.21,0.0,0.0
2013-02-13 03:00:00,0.04,0.0,0.0
2013-02-13 04:00:00,0.15,0.0,0.0
2013-02-13 05:00:00,0.09,0.0,0.0
2013-02-13 06:00:00,0.11,0.0,0.08694444444444445
2013-02-13 07:00:00,0.12,125.111275,1.0
2013-02-13 08:00:00,0.09,341.92166,1.0
2013-02-13 09:00:00,0.08,560.78046,1.0
2013-02-13 10:00:00,0.14,718.8527,1.0
2013-02-13 11:00:00,0.7,741.3106,1.0
2013-02-13 12:00:00,0.77,694.14453,1.0
2013-02-13 13:00:00,0.54,644.2,1.0
2013-02-13 14:00:00,0.05,582.8056,1.0
2013-02-13 15:00:00,0.16,423.95566,1.0
2013-02-13 16:00:00,0.06,200.13225,1.0
2013-02-13 17:00:00,0.05,20.265867,0.5769444444444445
2013-02-13 18:00:00,0.05,0.0,0.0
2013-02-13 19:00:00,0.07,0.0,0.0
2013-02-13 20:00:00,0.26,0.0,0.0
2013-02-13 21:00:00,0.66,0.0,0.0
2013-02-13 22:00:00,0.68,0.0,0.0
2013-02-13 23:00:00,0.67,0.0,0.0
2013-02-14 00:00:00,0.81,0.0,0.0
2013-02-14 01:00:00,0.91,0.0,0.0
2013-02-14 02:00:00,0.97,0.0,0.0
2013-02-14 03:00:00,0.93,0.0,0.0
2013-02-14 04:00:00,0.88,0.0,0.0
2013-02-14 05:00:00,0.94,0.0,0.0
2013-02-14 06:00:00,0.81,0.0,0.10777777777777778
2013-02-14 07:00:00,0.69,97.62271,1.0
2013-02-14 08:00:00,0.63,203.17336,1.0
2013-02-14 09:00:00,0.76,395.7709,1.0
2013-02-14 10:00:00,0.84,530.20984,1.0
2013-02-14 11:00:00,0.92,390.69067,1.0
2013-02-14 12:00:00,0.87,578.9256,1.0
2013-02-14 13:00:00,0.91,312.3092,1.0
2013-02-14 14:00:00,0.92,359.30157,1.0
2013-02-14 15:00:00,0.97,293.1794,1.0
2013-02-14 16:00:00,0.84,151.89418,1.0
2013-02-14 17:00:00,0.81,17.191647,0.5966666666666667
2013-02-14 18:00:00,0.71,0.0,0.0
2013-02-14 19:00:00,0.54,0.0,0.0
2013-02-14 20:00:00,0.82,0.0,0.0
2013-02-14 21:00:00,0.95,0.0,0.0
2013-02-14 22:00:00,0.97,0.0,0.0
2013-02-14 23:00:00,0.99,0.0,0.0
2013-02-15 00:00:00,1.0,0.0,0.0
2013-02-15 01:00:00,0.96,0.0,0.0
2013-02-15 02:00:00,0.94,0.0,0.0
2013-02-15 03:00:00,0.66,0.0,0.0
2013-02-15 04:00:00,0.39,0.0,0.0
2013-02-15 05:00:00,0.51,0.0,0.0
2013-02-15 06:00:00,0.89,0.0,0.12861111111111112
2013-02-15 07:00:00,0.96,92.41582,1.0
2013-02-15 08:00:00,0.47,317.34848,1.0
2013-02-15 09:00:00,0.21,547.8131,1.0
2013-02-15 10:00:00,0.31,665.5504,1.0
2013-02-15 11:00:00,0.8,733.2381,1.0
2013-02-15 12:00:00,0.91,648.2656,1.0
2013-02-15 13:00:00,0.93,621.55396,1.0
2013-02-15 14:00:00,0.78,546.62823,1.0
2013-02-15 15:00:00,0.66,346.15308,1.0
2013-02-15 16:00:00,0.63,175.84796,1.0
2013-02-15 17:00:00,0.49,22.004612,0.6161111111111112
2013-02-15 18:00:00,0.19,0.0,0.0
2013-02-15 19:00:00,0.16,0.0,0.0
2013-02-15 20:00:00,0.13,0.0,0.0
2013-02-15 21:00:00,0.12,0.0,0.0
2013-02-15 22:00:00,0.09,0.0,0.0
2013-02-15 23:00:00,0.05,0.0,0.0
2013-02-16 00:00:00,0.03,0.0,0.0
2013-02-16 01:00:00,0.0,0.0,0.0
2013-02-16 02:00:00,0.01,0.0,0.0
2013-02-16 03:00:00,0.0,0.0,0.0
2013-02-16 04:00:00,0.01,0.0,0.0
2013-02-16 05:00:00,0.0,0.0,0.0
2013-02-16 06:00:00,0.0,0.0,0.14972222222222223
2013-02-16 07:00:00,0.0,145.53964,1.0
2013-02-16 08:00:00,0.0,389.7675,1.0
2013-02-16 09:00:00,0.0,598.44183,1.0
2013-02-16 10:00:00,0.0,749.8093,1.0
2013-02-16 11:00:00,0.0,829.39197,1.0
2013-02-16 12:00:00,0.0,836.40027,1.0
2013-02-16 13:00:00,0.0,767.27856,1.0
2013-02-16 14:00:00,0.0,630.8332,1.0
2013-02-16 15:00:00,0.0,439.17438,1.0
2013-02-16 16:00:00,0.0,213.25237,1.0
2013-02-16 17:00:00,0.0,25.280333,0.6352777777777778
2013-02-16 18:00:00,0.0,0.0,0.0
2013-02-16 19:00:00,0.0,0.0,0.0
2013-02-16 20:00:00,0.0,0.0,0.0
2013-02-16 21:00:00,0.0,0.0,0.0
2013-02-16 22:00:00,0.0,0.0,0.0
2013-02-16 23:00:00,0.0,0.0,0.0
2013-02-17 00:00:00,0.0,0.0,0.0
2013-02-17 01:00:00,0.21,0.0,0.0
2013-02-17 02:00:00,0.73,0.0,0.0
2013-02-17 03:00:00,0.84,0.0,0.0
2013-02-17 04:00:00,0.84,0.0,0.0
2013-02-17 05:00:00,0.72,0.0,0.0
2013-02-17 06:00:00,0.5,0.0,0.17083333333333334
2013-02-17 07:00:00,0.43,139.21397,1.0
2013-02-17 08:00:00,0.36,391.17783,1.0
2013-02-17 09:00:00,0.36,580.49634,1.0
2013-02-17 10:00:00,0.33,748.4654,1.0
2013-02-17 11:00:00,0.21,850.612,1.0
2013-02-17 12:00:00,0.0,833.7502,1.0
2013-02-17 13:00:00,0.0,788.7613,1.0
2013-02-17 14:00:00,0.0,646.253,1.0
2013-02-17 15:00:00,0.0,430.9031,1.0
2013-02-17 16:00:00,0.0,214.18765,1.0
2013-02-17 17:00:00,0.0,26.996521,0.6544444444444445
2013-02-17 18:00:00,0.0,0.0,0.0
2013-02-17 19:00:00,0.0,0.0,0.0
2013-02-17 20:00:00,0.01,0.0,0.0
2013-02-17 21:00:00,0.0,0.0,0.0
2013-02-17 22:00:00,0.01,0.0,0.0
2013-02-17 23:00:00,0.14,0.0,0.0
2013-02-18 00:00:00,0.26,0.0,0.0
2013-02-18 01:00:00,0.66,0.0,0.0
2013-02-18 02:00:00,0.85,0.0,0.0
2013-02-18 03:00:00,0.94,0.0,0.0
2013-02-18 04:00:00,0.61,0.0,0.0
2013-02-18 05:00:00,0.23,0.0,0.0
2013-02-18 06:00:00,0.19,0.0,0.1925
2013-02-18 07:00:00,0.15,128.7304,1.0
2013-02-18 08:00:00,0.09,376.39526,1.0
2013-02-18 09:00:00,0.0,581.1544,1.0
2013-02-18 10:00:00,0.09,750.19055,1.0
2013-02-18 11:00:00,0.22,809.013,1.0
2013-02-18 12:00:00,0.56,740.15015,1.0
2013-02-18 13:00:00,0.48,644.49493,1.0
2013-02-18 14:00:00,0.14,619.3956,1.0
2013-02-18 15:00:00,0.12,457.6366,1.0
2013-02-18 16:00:00,0.04,225.88481,1.0
2013-02-18 17:00:00,0.43,30.12514,0.6736111111111112
2013-02-18 18:00:00,0.46,0.0,0.0
2013-02-18 19:00:00,0.29,0.0,0.0
2013-02-18 20:00:00,0.23,0.0,0.0
2013-02-18 21:00:00,0.18,0.0,0.0
2013-02-18 22:00:00,0.0,0.0,0.0
2013-02-18 23:00:00,0.02,0.0,0.0
2013-02-19 00:00:00,0.06,0.0,0.0
2013-02-19 01:00:00,0.09,0.0,0.0
2013-02-19 02:00:00,0.33,0.0,0.0
2013-02-19 03:00:00,0.41,0.0,0.0
2013-02-19 04:00:00,0.24,0.0,0.0
2013-02-19 05:00:00,0.23,0.0,0.0
2013-02-19 06:00:00,0.32,0.0,0.21416666666666667
2013-02-19 07:00:00,0.69,162.86943,1.0
2013-02-19 08:00:00,0.8,407.3515,1.0
2013-02-19 09:00:00,0.72,614.3441,1.0
2013-02-19 10:00:00,0.43,765.4661,1.0
2013-02-19 11:00:00,0.13,844.0024,1.0
2013-02-19 12:00:00,0.49,845.0515,1.0
2013-02-19 13:00:00,0.87,762.1567,1.0
2013-02-19 14:00:00,0.84,603.7356,1.0
2013-02-19 15:00:00,0.79,396.66284,1.0
2013-02-19 16:00:00,0.92,174.74756,1.0
2013-02-19 17:00:00,0.94,22.335678,0.6925
2013-02-19 18:00:00,0.98,0.0,0.0
2013-02-19 19:00:00,0.97,0.0,0.0
2013-02-19 20:00:00,0.98,0.0,0.0
2013-02-19 21:00:00,1.0,0.0,0.0
2013-02-19 22:00:00,0.97,0.0,0.0
2013-02-19 23:00:00,0.97,0.0,0.0
2013-02-20 00:00:00,0.9,0.0,0.0
2013-02-20 01:00:00,0.61,0.0,0.0
2013-02-20 02:00:00,0.83,0.0,0.0
2013-02-20 03:00:00,0.93,0.0,0.0
2013-02-20 04:00:00,0.96,0.0,0.0
2013-02-20 05:00:00,0.96,0.0,0.0
2013-02-20 06:00:00,0.98,0.0,0.2361111111111111
2013-02-20 07:00:00,0.98,85.08541,1.0
2013-02-20 08:00:00,0.96,278.52008,1.0
2013-02-20 09:00:00,0.94,525.357,1.0
2013-02-20 10:00:00,0.95,693.6504,1.0
2013-02-20 11:00:00,0.97,646.1865,1.0
2013-02-20 12:00:00,0.98,602.6038,1.0
2013-02-20 13:00:00,0.98,513.66833,1.0
2013-02-20 14:00:00,0.98,456.9609,1.0
2013-02-20 15:00:00,0.99,258.22025,1.0
2013-02-20 16:00:00,0.99,108.23583,1.0
2013-02-20 17:00:00,1.0,15.009149,0.7113888888888888
2013-02-20 18:00:00,1.0,0.0,0.0
2013-02-20 19:00:00,1.0,0.0,0.0
2013-02-20 20:00:00,1.0,0.0,0.0
2013-02-20 21:00:00,1.0,0.0,0.0
2013-02-20 22:00:00,1.0,0.0,0.0
2013-02-20 23:00:00,1.0,0.0,0.0
2013-02-21 00:00:00,1.0,0.0,0.0
2013-02-21 01:00:00,0.99,0.0,0.0
2013-02-21 02:00:00,0.98,0.0,0.0
2013-02-21 03:00:00,1.0,0.0,0.0
2013-02-21 04:00:00,0.99,0.0,0.0
2013-02-21 05:00:00,0.93,0.0,0.0
2013-02-21 06:00:00,0.92,0.0,0.2588888888888889
2013-02-21 07:00:00,0.99,36.775154,1.0
2013-02-21 08:00:00,1.0,133.56602,1.0
2013-02-21 09:00:00,1.0,257.1272,1.0
2013-02-21 10:00:00,0.98,463.40662,1.0
2013-02-21 11:00:00,0.99,510.19083,1.0
2013-02-21 12:00:00,0.99,588.5026,1.0
2013-02-21 13:00:00,0.99,489.3009,1.0
2013-02-21 14:00:00,1.0,414.53067,1.0
2013-02-21 15:00:00,1.0,252.87831,1.0
2013-02-21 16:00:00,0.99,124.81654,1.0
2013-02-21 17:00:00,0.99,21.123976,0.73
2013-02-21 18:00:00,0.98,0.0,0.0
2013-02-21 19:00:00,0.9,0.0,0.0
2013-02-21 20:00:00,0.93,0.0,0.0
2013-02-21 21:00:00,0.88,0.0,0.0
2013-02-21 22:00:00,0.31,0.0,0.0
2013-02-21 23:00:00,0.33,0.0,0.0
2013-02-22 00:00:00,0.33,0.0,0.0
2013-02-22 01:00:00,0.51,0.0,0.0
2013-02-22 02:00:00,0.74,0.0,0.0
2013-02-22 03:00:00,0.61,0.0,0.0
2013-02-22 04:00:00,0.82,0.0,0.0
2013-02-22 05:00:00,0.8,0.0,0.0
2013-02-22 06:00:00,0.91,1.9878461,0.28194444444444444
2013-02-22 07:00:00,0.83,113.65736,1.0
2013-02-22 08:00:00,0.88,287.68475,1.0
2013-02-22 09:00:00,0.97,485.19064,1.0
2013-02-22 10:00:00,0.98,599.06915,1.0
2013-02-22 11:00:00,0.96,646.1134,1.0
2013-02-22 12:00:00,0.89,619.68616,1.0
2013-02-22 13:00:00,0.91,602.1874,1.0
2013-02-22 14:00:00,0.92,515.37195,1.0
2013-02-22 15:00:00,0.9,295.44962,1.0
2013-02-22 16:00:00,0.8,179.79132,1.0
2013-02-22 17:00:00,0.23,35.153393,0.7488888888888889
2013-02-22 18:00:00,0.33,0.0,0.0
2013-02-22 19:00:00,0.08,0.0,0.0
2013-02-22 20:00:00,0.01,0.0,0.0
2013-02-22 21:00:00,0.0,0.0,0.0
2013-02-22 22:00:00,0.0,0.0,0.0
2013-02-22 23:00:00,0.0,0.0,0.0
2013-02-23 00:00:00,0.06,0.0,0.0
2013-02-23 01:00:00,0.15,0.0,0.0
2013-02-23 02:00:00,0.02,0.0,0.0
2013-02-23 03:00:00,0.0,0.0,0.0
2013-02-23 04:00:00,0.0,0.0,0.0
2013-02-23 05:00:00,0.31,0.0,0.0
2013-02-23 06:00:00,0.5,5.033492,0.30527777777777776
2013-02-23 07:00:00,0.11,181.7684,1.0
2013-02-23 08:00:00,0.29,422.8869,1.0
2013-02-23 09:00:00,0.26,622.53516,1.0
2013-02-23 10:00:00,0.59,713.6628,1.0
2013-02-23 11:00:00,0.45,820.00726,1.0
2013-02-23 12:00:00,0.51,796.0674,1.0
2013-02-23 13:00:00,0.53,686.4138,1.0
2013-02-23 14:00:00,0.97,502.86972,1.0
2013-02-23 15:00:00,0.86,357.49008,1.0
2013-02-23 16:00:00,0.23,218.764,1.0
2013-02-23 17:00:00,0.43,34.79446,0.7675
2013-02-23 18:00:00,0.85,0.0,0.0
2013-02-23 19:00:00,0.84,0.0,0.0
2013-02-23 20:00:00,0.68,0.0,0.0
2013-02-23 21:00:00,0.56,0.0,0.0
2013-02-23 22:00:00,0.76,0.0,0.0
2013-02-23 23:00:00,0.34,0.0,0.0
2013-02-24 00:00:00,0.8,0.0,0.0
2013-02-24 01:00:00,1.0,0.0,0.0
2013-02-24 02:00:00,0.99,0.0,0.0
2013-02-24 03:00:00,0.98,0.0,0.0
2013-02-24 04:00:00,0.97,0.0,0.0
2013-02-24 05:00:00,0.96,0.0,0.0
2013-02-24 06:00:00,1.0,0.99392307,0.32916666666666666
2013-02-24 07:00:00,1.0,43.405952,1.0
2013-02-24 08:00:00,1.0,118.98957,1.0
2013-02-24 09:00:00,1.0,219.74031,1.0
2013-02-24 10:00:00,1.0,218.80316,1.0
2013-02-24 11:00:00,1.0,298.99515,1.0
2013-02-24 12:00:00,1.0,363.3405,1.0
2013-02-24 13:00:00,1.0,328.16223,1.0
2013-02-24 14:00:00,1.0,256.93298,1.0
2013-02-24 15:00:00,1.0,177.27916,1.0
2013-02-24 16:00:00,1.0,102.47589,1.0
2013-02-24 17:00:00,1.0,20.910288,0.7861111111111111
2013-02-24 18:00:00,1.0,0.0,0.0
2013-02-24 19:00:00,1.0,0.0,0.0
2013-02-24 20:00:00,0.99,0.0,0.0
2013-02-24 21:00:00,1.0,0.0,0.0
2013-02-24 22:00:00,0.96,0.0,0.0
2013-02-24 23:00:00,0.28,0.0,0.0
2013-02-25 00:00:00,0.19,0.0,0.0
2013-02-25 01:00:00,0.3,0.0,0.0
2013-02-25 02:00:00,0.42,0.0,0.0
2013-02-25 03:00:00,0.59,0.0,0.0
2013-02-25 04:00:00,0.52,0.0,0.0
2013-02-25 05:00:00,0.47,0.0,0.0
2013-02-25 06:00:00,0.31,7.5636034,0.35333333333333333
2013-02-25 07:00:00,0.03,186.91995,1.0
2013-02-25 08:00:00,0.03,441.36603,1.0
2013-02-25 09:00:00,0.0,662.4102,1.0
2013-02-25 10:00:00,0.0,806.052,1.0
2013-02-25 11:00:00,0.0,909.0985,1.0
2013-02-25 12:00:00,0.0,915.89813,1.0
2013-02-25 13:00:00,0.0,844.4146,1.0
2013-02-25 14:00:00,0.0,701.3419,1.0
2013-02-25 15:00:00,0.0,499.39246,1.0
2013-02-25 16:00:00,0.0,260.59787,1.0
2013-02-25 17:00:00,0.0,44.39413,0.8047222222222222
2013-02-25 18:00:00,0.0,0.0,0.0
2013-02-25 19:00:00,0.0,0.0,0.0
2013-02-25 20:00:00,0.01,0.0,0.0
2013-02-25 21:00:00,0.27,0.0,0.0
2013-02-25 22:00:00,0.48,0.0,0.0
2013-02-25 23:00:00,0.59,0.0,0.0
2013-02-26 00:00:00,0.84,0.0,0.0
2013-02-26 01:00:00,0.95,0.0,0.0
2013-02-26 02:00:00,0.96,0.0,0.0
2013-02-26 03:00:00,0.99,0.0,0.0
2013-02-26 04:00:00,1.0,0.0,0.0
2013-02-26 05:00:00,0.99,0.0,0.0
2013-02-26 06:00:00,1.0,2.981769,0.37777777777777777
2013-02-26 07:00:00,1.0,71.183655,1.0
2013-02-26 08:00:00,1.0,198.9023,1.0
2013-02-26 09:00:00,1.0,315.95142,1.0
2013-02-26 10:00:00,1.0,452.21564,1.0
2013-02-26 11:00:00,1.0,426.7067,1.0
2013-02-26 12:00:00,1.0,460.85767,1.0
2013-02-26 13:00:00,1.0,491.2771,1.0
2013-02-26 14:00:00,1.0,403.51898,1.0
2013-02-26 15:00:00,1.0,224.23726,1.0
2013-02-26 16:00:00,1.0,130.69345,1.0
2013-02-26 17:00:00,1.0,25.842,0.8230555555555555
2013-02-26 18:00:00,1.0,0.0,0.0
2013-02-26 19:00:00,1.0,0.0,0.0
2013-02-26 20:00:00,1.0,0.0,0.0
2013-02-26 21:00:00,1.0,0.0,0.0
2013-02-26 22:00:00,1.0,0.0,0.0
2013-02-26 23:00:00,1.0,0.0,0.0
2013-02-27 00:00:00,1.0,0.0,0.0
2013-02-27 01:00:00,0.99,0.0,0.0
2013-02-27 02:00:00,0.87,0.0,0.0
2013-02-27 03:00:00,0.57,0.0,0.0
2013-02-27 04:00:00,0.5,0.0,0.0
2013-02-27 05:00:00,0.63,0.0,0.0
2013-02-27 06:00:00,0.45,10.704187,0.4022222222222222
2013-02-27 07:00:00,0.03,198.095,1.0
2013-02-27 08:00:00,0.12,447.93268,1.0
2013-02-27 09:00:00,0.01,670.21674,1.0
2013-02-27 10:00:00,0.0,832.08655,1.0
2013-02-27 11:00:00,0.02,915.72,1.0
2013-02-27 12:00:00,0.1,915.45447,1.0
2013-02-27 13:00:00,0.4,810.4507,1.0
2013-02-27 14:00:00,0.8,705.22644,1.0
2013-02-27 15:00:00,0.58,499.27896,1.0
2013-02-27 16:00:00,0.13,262.29593,1.0
2013-02-27 17:00:00,0.01,48.593906,0.8416666666666667
2013-02-27 18:00:00,0.0,0.0,0.0
2013-02-27 19:00:00,0.0,0.0,0.0
2013-02-27 20:00:00,0.0,0.0,0.0
2013-02-27 21:00:00,0.0,0.0,0.0
2013-02-27 22:00:00,0.0,0.0,0.0
2013-02-27 23:00:00,0.01,0.0,0.0
2013-02-28 00:00:00,0.04,0.0,0.0
2013-02-28 01:00:00,0.08,0.0,0.0
2013-02-28 02:00:00,0.01,0.0,0.0
2013-02-28 03:00:00,0.0,0.0,0.0
2013-02-28 04:00:00,0.0,0.0,0.0
2013-02-28 05:00:00,0.0,0.0,0.0
2013-02-28 06:00:00,0.0,13.898813,0.4272222222222222
2013-02-28 07:00:00,0.0,216.00258,1.0
2013-02-28 08:00:00,0.0,468.03033,1.0
2013-02-28 09:00:00,0.23,679.48944,1.0
2013-02-28 10:00:00,0.31,832.3765,1.0
2013-02-28 11:00:00,0.46,912.13635,1.0
2013-02-28 12:00:00,0.73,911.0778,1.0
2013-02-28 13:00:00,0.69,809.5271,1.0
2013-02-28 14:00:00,0.6,671.208,1.0
2013-02-28 15:00:00,0.77,452.97455,1.0
2013-02-28 16:00:00,0.94,194.44064,1.0
2013-02-28 17:00:00,0.35,37.58901,0.86
2013-02-28 18:00:00,0.93,0.0,0.0
2013-02-28 19:00:00,0.94,0.0,0.0
2013-02-28 20:00:00,0.72,0.0,0.0
2013-02-28 21:00:00,0.74,0.0,0.0
2013-02-28 22:00:00,0.84,0.0,0.0
2013-02-28 23:00:00,0.78,0.0,0.0
2013-03-01 00:00:00,0.87,0.0,0.0
2013-03-01 01:00:00,0.84,0.0,0.0
2013-03-01 02:00:00,0.93,0.0,0.0
2013-03-01 03:00:00,0.68,0.0,0.0
2013-03-01 04:00:00,0.82,0.0,0.0
2013-03-01 05:00:00,0.81,0.0,0.0
2013-03-01 06:00:00,0.76,9.759463,0.45222222222222225
2013-03-01 07:00:00,0.52,163.85187,1.0
2013-03-01 08:00:00,0.53,386.9832,1.0
2013-03-01 09:00:00,0.69,499.018,1.0
2013-03-01 10:00:00,0.64,662.9859,1.0
2013-03-01 11:00:00,0.65,682.4879,1.0
2013-03-01 12:00:00,0.52,763.9685,1.0
2013-03-01 13:00:00,0.62,687.04926,1.0
2013-03-01 14:00:00,0.63,509.4303,1.0
2013-03-01 15:00:00,0.23,352.95633,1.0
2013-03-01 16:00:00,0.3,206.44417,1.0
2013-03-01 17:00:00,0.7,36.487007,0.8783333333333333
2013-03-01 18:00:00,0.7,0.0,0.0
2013-03-01 19:00:00,0.65,0.0,0.0
2013-03-01 20:00:00,0.71,0.0,0.0
2013-03-01 21:00:00,0.43,0.0,0.0
2013-03-01 22:00:00,0.63,0.0,0.0
2013-03-01 23:00:00,0.42,0.0,0.0
2013-03-02 00:00:00,0.51,0.0,0.0
2013-03-02 01:00:00,0.29,0.0,0.0
2013-03-02 02:00:00,0.33,0.0,0.0
2013-03-02 03:00:00,0.5,0.0,0.0
2013-03-02 04:00:00,0.56,0.0,0.0
2013-03-02 05:00:00,0.44,0.0,0.0
2013-03-02 06:00:00,0.26,14.233373,0.4775
2013-03-02 07:00:00,0.13,210.36719,1.0
2013-03-02 08:00:00,0.18,450.86362,1.0
2013-03-02 09:00:00,0.36,657.27875,1.0
2013-03-02 10:00:00,0.45,808.87805,1.0
2013-03-02 11:00:00,0.12,894.48,1.0
2013-03-02 12:00:00,0.29,898.9566,1.0
2013-03-02 13:00:00,0.3,829.84094,1.0
2013-03-02 14:00:00,0.16,693.2253,1.0
2013-03-02 15:00:00,0.51,486.0205,1.0
2013-03-02 16:00:00,1.0,248.99112,1.0
2013-03-02 17:00:00,0.86,46.932327,0.8963888888888889
2013-03-02 18:00:00,0.98,0.0,0.0
2013-03-02 19:00:00,0.99,0.0,0.0
2013-03-02 20:00:00,1.0,0.0,0.0
2013-03-02 21:00:00,1.0,0.0,0.0
2013-03-02 22:00:00,1.0,0.0,0.0
2013-03-02 23:00:00,1.0,0.0,0.0
2013-03-03 00:00:00,0.98,0.0,0.0
2013-03-03 01:00:00,0.98,0.0,0.0
2013-03-03 02:00:00,0.99,0.0,0.0
2013-03-03 03:00:00,0.61,0.0,0.0
2013-03-03 04:00:00,0.56,0.0,0.0
2013-03-03 05:00:00,0.95,0.0,0.0
2013-03-03 06:00:00,0.33,13.686855,0.5030555555555556
2013-03-03 07:00:00,0.16,222.28596,1.0
2013-03-03 08:00:00,0.1,448.02957,1.0
2013-03-03 09:00:00,0.99,436.26514,1.0
2013-03-03 10:00:00,1.0,543.6342,1.0
2013-03-03 11:00:00,0.84,868.5481,1.0
2013-03-03 12:00:00,0.86,850.99097,1.0
2013-03-03 13:00:00,0.5,788.49426,1.0
2013-03-03 14:00:00,0.91,645.40906,1.0
2013-03-03 15:00:00,0.88,429.4956,1.0
2013-03-03 16:00:00,0.69,237.50955,1.0
2013-03-03 17:00:00,0.24,50.057568,0.9144444444444444
2013-03-03 18:00:00,0.03,0.0,0.0
2013-03-03 19:00:00,0.53,0.0,0.0
2013-03-03 20:00:00,0.08,0.0,0.0
2013-03-03 21:00:00,0.0,0.0,0.0
2013-03-03 22:00:00,0.02,0.0,0.0
2013-03-03 23:00:00,0.0,0.0,0.0
2013-03-04 00:00:00,0.3,0.0,0.0
2013-03-04 01:00:00,0.61,0.0,0.0
2013-03-04 02:00:00,0.82,0.0,0.0
2013-03-04 03:00:00,0.97,0.0,0.0
2013-03-04 04:00:00,0.94,0.0,0.0
2013-03-04 05:00:00,0.84,0.0,0.0
2013-03-04 06:00:00,0.91,9.133383,0.5286111111111111
2013-03-04 07:00:00,0.91,121.44125,1.0
2013-03-04 08:00:00,0.94,376.6151,1.0
2013-03-04 09:00:00,0.42,537.5525,1.0
2013-03-04 10:00:00,0.74,674.719,1.0
2013-03-04 11:00:00,0.91,622.8413,1.0
2013-03-04 12:00:00,0.81,441.879,1.0
2013-03-04 13:00:00,0.97,290.7152,1.0
2013-03-04 14:00:00,0.94,169.46288,1.0
2013-03-04 15:00:00,0.59,210.1815,1.0
2013-03-04 16:00:00,0.7,164.92761,1.0
2013-03-04 17:00:00,0.59,38.67403,0.9325
2013-03-04 18:00:00,0.52,0.0,0.0
2013-03-04 19:00:00,0.57,0.0,0.0
2013-03-04 20:00:00,0.6,0.0,0.0
2013-03-04 21:00:00,0.62,0.0,0.0
2013-03-04 22:00:00,0.62,0.0,0.0
2013-03-04 23:00:00,0.62,0.0,0.0
2013-03-05 00:00:00,0.6,0.0,0.0
2013-03-05 01:00:00,0.5,0.0,0.0
2013-03-05 02:00:00,0.23,0.0,0.0
2013-03-05 03:00:00,0.21,0.0,0.0
2013-03-05 04:00:00,0.02,0.0,0.0
2013-03-05 05:00:00,0.02,0.0,0.0
2013-03-05 06:00:00,0.04,24.860897,0.5541666666666667
2013-03-05 07:00:00,0.02,242.59753,1.0
2013-03-05 08:00:00,0.0,502.1699,1.0
2013-03-05 09:00:00,0.0,717.9318,1.0
2013-03-05 10:00:00,0.0,873.23315,1.0
2013-03-05 11:00:00,0.0,956.51465,1.0
2013-03-05 12:00:00,0.0,958.59674,1.0
2013-03-05 13:00:00,0.0,883.52075,1.0
2013-03-05 14:00:00,0.0,737.3304,1.0
2013-03-05 15:00:00,0.0,533.66766,1.0
2013-03-05 16:00:00,0.0,291.64673,1.0
2013-03-05 17:00:00,0.0,63.31236,0.9505555555555556
2013-03-05 18:00:00,0.0,0.0,0.0
2013-03-05 19:00:00,0.0,0.0,0.0
2013-03-05 20:00:00,0.0,0.0,0.0
2013-03-05 21:00:00,0.0,0.0,0.0
2013-03-05 22:00:00,0.0,0.0,0.0
2013-03-05 23:00:00,0.0,0.0,0.0
2013-03-06 00:00:00,0.0,0.0,0.0
2013-03-06 01:00:00,0.0,0.0,0.0
2013-03-06 02:00:00,0.0,0.0,0.0
2013-03-06 03:00:00,0.0,0.0,0.0
2013-03-06 04:00:00,0.0,0.0,0.0
2013-03-06 05:00:00,0.01,0.0,0.0
2013-03-06 06:00:00,0.02,28.511496,0.5797222222222222
2013-03-06 07:00:00,0.04,236.87852,1.0
2013-03-06 08:00:00,0.17,476.15097,1.0
2013-03-06 09:00:00,0.21,681.58606,1.0
2013-03-06 10:00:00,0.2,823.1149,1.0
2013-03-06 11:00:00,0.08,937.9925,1.0
2013-03-06 12:00:00,0.0,941.2209,1.0
2013-03-06 13:00:00,0.0,865.142,1.0
2013-03-06 14:00:00,0.06,719.29987,1.0
2013-03-06 15:00:00,0.28,516.81006,1.0
2013-03-06 16:00:00,0.12,275.7536,1.0
2013-03-06 17:00:00,0.02,62.765675,0.9683333333333334
2013-03-06 18:00:00,0.0,0.0,0.0
2013-03-06 19:00:00,0.0,0.0,0.0
2013-03-06 20:00:00,0.0,0.0,0.0
2013-03-06 21:00:00,0.0,0.0,0.0
2013-03-06 22:00:00,0.0,0.0,0.0
2013-03-06 23:00:00,0.0,0.0,0.0
2013-03-07 00:00:00,0.0,0.0,0.0
2013-03-07 01:00:00,0.02,0.0,0.0
2013-03-07 02:00:00,0.17,0.0,0.0
2013-03-07 03:00:00,0.26,0.0,0.0
2013-03-07 04:00:00,0.78,0.0,0.0
2013-03-07 05:00:00,0.83,0.0,0.0
2013-03-07 06:00:00,0.7,25.958536,0.6055555555555555
2013-03-07 07:00:00,0.51,239.59816,1.0
2013-03-07 08:00:00,0.25,496.69382,1.0
2013-03-07 09:00:00,0.23,703.9603,1.0
2013-03-07 10:00:00,0.37,850.6789,1.0
2013-03-07 11:00:00,0.64,911.8866,1.0
2013-03-07 12:00:00,0.82,876.30054,1.0
2013-03-07 13:00:00,0.84,790.08307,1.0
2013-03-07 14:00:00,0.85,671.95795,1.0
2013-03-07 15:00:00,0.51,460.91153,1.0
2013-03-07 16:00:00,0.43,265.43042,1.0
2013-03-07 17:00:00,0.37,61.886677,0.9861111111111112
2013-03-07 18:00:00,0.04,0.0,0.0
2013-03-07 19:00:00,0.0,0.0,0.0
2013-03-07 20:00:00,0.0,0.0,0.0
2013-03-07 21:00:00,0.0,0.0,0.0
2013-03-07 22:00:00,0.0,0.0,0.0
2013-03-07 23:00:00,0.0,0.0,0.0
2013-03-08 00:00:00,0.0,0.0,0.0
2013-03-08 01:00:00,0.01,0.0,0.0
2013-03-08 02:00:00,0.19,0.0,0.0
2013-03-08 03:00:00,0.47,0.0,0.0
2013-03-08 04:00:00,0.41,0.0,0.0
2013-03-08 05:00:00,0.56,0.0,0.0
2013-03-08 06:00:00,0.78,25.595123,0.6311111111111111
2013-03-08 07:00:00,0.83,214.75705,1.0
2013-03-08 08:00:00,0.86,448.7137,1.0
2013-03-08 09:00:00,0.98,564.835,1.0
2013-03-08 10:00:00,0.86,652.71436,1.0
2013-03-08 11:00:00,0.98,719.1053,1.0
2013-03-08 12:00:00,0.91,703.55365,1.0
2013-03-08 13:00:00,0.91,692.27716,1.0
2013-03-08 14:00:00,0.72,620.01575,1.0
2013-03-08 15:00:00,0.82,402.16458,1.0
2013-03-08 16:00:00,0.95,221.05904,1.0
2013-03-08 17:00:00,1.0,38.238106,1.0
2013-03-08 18:00:00,1.0,0.0,0.0038888888888888888
2013-03-08 19:00:00,0.94,0.0,0.0
2013-03-08 20:00:00,0.96,0.0,0.0
2013-03-08 21:00:00,0.98,0.0,0.0
2013-03-08 22:00:00,0.98,0.0,0.0
2013-03-08 23:00:00,0.89,0.0,0.0
2013-03-09 00:00:00,0.94,0.0,0.0
2013-03-09 01:00:00,0.95,0.0,0.0
2013-03-09 02:00:00,0.91,0.0,0.0
2013-03-09 03:00:00,0.85,0.0,0.0
2013-03-09 04:00:00,0.98,0.0,0.0
2013-03-09 05:00:00,1.0,0.0,0.0
2013-03-09 06:00:00,0.99,8.863611,0.6566666666666666
2013-03-09 07:00:00,1.0,51.160328,1.0
2013-03-09 08:00:00,1.0,105.624855,1.0
2013-03-09 09:00:00,1.0,167.19576,1.0
2013-03-09 10:00:00,1.0,264.96112,1.0
2013-03-09 11:00:00,1.0,333.63855,1.0
2013-03-09 12:00:00,1.0,357.47345,1.0
2013-03-09 13:00:00,1.0,304.61795,1.0
2013-03-09 14:00:00,1.0,222.75456,1.0
2013-03-09 15:00:00,1.0,198.70267,1.0
2013-03-09 16:00:00,1.0,103.368,1.0
2013-03-09 17:00:00,1.0,30.811617,1.0
2013-03-09 18:00:00,0.99,0.0,0.021388888888888888
2013-03-09 19:00:00,0.62,0.0,0.0
2013-03-09 20:00:00,0.6,0.0,0.0
2013-03-09 21:00:00,0.55,0.0,0.0
2013-03-09 22:00:00,0.54,0.0,0.0
2013-03-09 23:00:00,0.56,0.0,0.0
2013-03-10 00:00:00,0.4,0.0,0.0
2013-03-10 01:00:00,0.28,0.0,0.0
2013-03-10 02:00:00,0.38,0.0,0.0
2013-03-10 03:00:00,0.43,0.0,0.0
2013-03-10 04:00:00,0.46,0.0,0.0
2013-03-10 05:00:00,0.47,0.0,0.0
2013-03-10 06:00:00,0.35,30.555437,0.6822222222222222
2013-03-10 07:00:00,0.32,207.81058,1.0
2013-03-10 08:00:00,0.26,485.93036,1.0
2013-03-10 09:00:00,0.08,702.1321,1.0
2013-03-10 10:00:00,0.03,878.46844,1.0
2013-03-10 11:00:00,0.01,963.2305,1.0
2013-03-10 12:00:00,0.01,963.704,1.0
2013-03-10 13:00:00,0.0,885.2809,1.0
2013-03-10 14:00:00,0.0,735.14764,1.0
2013-03-10 15:00:00,0.02,529.08075,1.0
2013-03-10 16:00:00,0.0,291.43713,1.0
2013-03-10 17:00:00,0.0,72.96478,1.0
2013-03-10 18:00:00,0.0,0.0,0.03888888888888889
2013-03-10 19:00:00,0.0,0.0,0.0
2013-03-10 20:00:00,0.0,0.0,0.0
2013-03-10 21:00:00,0.0,0.0,0.0
2013-03-10 22:00:00,0.0,0.0,0.0
2013-03-10 23:00:00,0.04,0.0,0.0
2013-03-11 00:00:00,0.43,0.0,0.0
2013-03-11 01:00:00,0.21,0.0,0.0
2013-03-11 02:00:00,0.34,0.0,0.0
2013-03-11 03:00:00,0.58,0.0,0.0
2013-03-11 04:00:00,0.54,0.0,0.0
2013-03-11 05:00:00,0.49,0.0,0.0
2013-03-11 06:00:00,0.74,29.321634,0.7077777777777777
2013-03-11 07:00:00,0.67,233.47705,1.0
2013-03-11 08:00:00,0.55,509.8898,1.0
2013-03-11 09:00:00,0.28,716.0844,1.0
2013-03-11 10:00:00,0.74,876.25555,1.0
2013-03-11 11:00:00,0.65,914.7714,1.0
2013-03-11 12:00:00,0.5,922.9302,1.0
2013-03-11 13:00:00,0.51,822.75366,1.0
2013-03-11 14:00:00,0.54,707.565,1.0
2013-03-11 15:00:00,0.62,501.00763,1.0
2013-03-11 16:00:00,0.58,272.7074,1.0
2013-03-11 17:00:00,0.59,67.125824,1.0
2013-03-11 18:00:00,0.77,0.0,0.05638888888888889
2013-03-11 19:00:00,0.97,0.0,0.0
2013-03-11 20:00:00,0.99,0.0,0.0
2013-03-11 21:00:00,1.0,0.0,0.0
2013-03-11 22:00:00,0.99,0.0,0.0
2013-03-11 23:00:00,0.81,0.0,0.0
2013-03-12 00:00:00,0.7,0.0,0.0
2013-03-12 01:00:00,0.71,0.0,0.0
2013-03-12 02:00:00,0.91,0.0,0.0
2013-03-12 03:00:00,0.78,0.0,0.0
2013-03-12 04:00:00,0.87,0.0,0.0
2013-03-12 05:00:00,0.97,0.0,0.0
2013-03-12 06:00:00,0.95,13.710965,0.7336111111111111
2013-03-12 07:00:00,1.0,114.751915,1.0
2013-03-12 08:00:00,0.98,325.7229,1.0
2013-03-12 09:00:00,0.78,473.35294,1.0
2013-03-12 10:00:00,0.75,722.3257,1.0
2013-03-12 11:00:00,0.52,866.22015,1.0
2013-03-12 12:00:00,0.47,827.93604,1.0
2013-03-12 13:00:00,0.65,829.20807,1.0
2013-03-12 14:00:00,0.86,714.8855,1.0
2013-03-12 15:00:00,0.42,525.41205,1.0
2013-03-12 16:00:00,0.96,283.0814,1.0
2013-03-12 17:00:00,0.97,69.45683,1.0
2013-03-12 18:00:00,0.98,0.0,0.07361111111111111
2013-03-12 19:00:00,0.88,0.0,0.0
2013-03-12 20:00:00,0.65,0.0,0.0
2013-03-12 21:00:00,0.38,0.0,0.0
2013-03-12 22:00:00,0.39,0.0,0.0
2013-03-12 23:00:00,0.46,0.0,0.0
2013-03-13 00:00:00,0.44,0.0,0.0
2013-03-13 01:00:00,0.4,0.0,0.0
2013-03-13 02:00:00,0.63,0.0,0.0
2013-03-13 03:00:00,0.38,0.0,0.0
2013-03-13 04:00:00,0.24,0.0,0.0
2013-03-13 05:00:00,0.09,0.0,0.0
2013-03-13 06:00:00,0.01,48.864304,0.7597222222222222
2013-03-13 07:00:00,0.0,279.9177,1.0
2013-03-13 08:00:00,0.0,523.9417,1.0
2013-03-13 09:00:00,0.01,727.8908,1.0
2013-03-13 10:00:00,0.01,872.9277,1.0
2013-03-13 11:00:00,0.01,946.39514,1.0
2013-03-13 12:00:00,0.07,936.3851,1.0
2013-03-13 13:00:00,0.09,851.95734,1.0
2013-03-13 14:00:00,0.51,724.58026,1.0
2013-03-13 15:00:00,0.55,518.4626,1.0
2013-03-13 16:00:00,0.2,293.3951,1.0
2013-03-13 17:00:00,0.13,75.802376,1.0
2013-03-13 18:00:00,0.11,0.0,0.09111111111111111
2013-03-13 19:00:00,0.06,0.0,0.0
2013-03-13 20:00:00,0.18,0.0,0.0
2013-03-13 21:00:00,0.41,0.0,0.0
2013-03-13 22:00:00,0.87,0.0,0.0
2013-03-13 23:00:00,0.78,0.0,0.0
2013-03-14 00:00:00,0.56,0.0,0.0
2013-03-14 01:00:00,0.25,0.0,0.0
2013-03-14 02:00:00,0.83,0.0,0.0
2013-03-14 03:00:00,0.99,0.0,0.0
2013-03-14 04:00:00,0.88,0.0,0.0
2013-03-14 05:00:00,0.2,0.0,0.0
2013-03-14 06:00:00,0.04,51.599525,0.7861111111111111
2013-03-14 07:00:00,0.02,280.76407,1.0
2013-03-14 08:00:00,0.0,521.3321,1.0
2013-03-14 09:00:00,0.42,722.92596,1.0
2013-03-14 10:00:00,0.91,866.3998,1.0
2013-03-14 11:00:00,0.91,937.89185,1.0
2013-03-14 12:00:00,0.74,940.467,1.0
2013-03-14 13:00:00,0.23,870.3371,1.0
2013-03-14 14:00:00,0.18,723.20764,1.0
2013-03-14 15:00:00,0.38,530.32275,1.0
2013-03-14 16:00:00,0.84,299.79315,1.0
2013-03-14 17:00:00,0.86,77.82653,1.0
2013-03-14 18:00:00,0.91,0.0,0.10833333333333334
2013-03-14 19:00:00,0.38,0.0,0.0
2013-03-14 20:00:00,0.22,0.0,0.0
2013-03-14 21:00:00,0.13,0.0,0.0
2013-03-14 22:00:00,0.38,0.0,0.0
2013-03-14 23:00:00,0.29,0.0,0.0
2013-03-15 00:00:00,0.94,0.0,0.0
2013-03-15 01:00:00,0.83,0.0,0.0
2013-03-15 02:00:00,0.97,0.0,0.0
2013-03-15 03:00:00,1.0,0.0,0.0
2013-03-15 04:00:00,0.98,0.0,0.0
2013-03-15 05:00:00,0.97,0.0,0.0
2013-03-15 06:00:00,0.95,31.024384,0.8127777777777778
2013-03-15 07:00:00,0.67,195.92429,1.0
2013-03-15 08:00:00,0.27,394.8689,1.0
2013-03-15 09:00:00,0.84,612.6383,1.0
2013-03-15 10:00:00,0.97,633.16504,1.0
2013-03-15 11:00:00,0.94,862.6981,1.0
2013-03-15 12:00:00,0.92,720.0826,1.0
2013-03-15 13:00:00,0.94,834.0701,1.0
2013-03-15 14:00:00,0.68,665.6528,1.0
2013-03-15 15:00:00,0.64,496.57565,1.0
2013-03-15 16:00:00,0.88,283.35074,1.0
2013-03-15 17:00:00,0.92,73.3657,1.0
2013-03-15 18:00:00,1.0,0.0,0.12555555555555556
2013-03-15 19:00:00,0.98,0.0,0.0
2013-03-15 20:00:00,0.74,0.0,0.0
2013-03-15 21:00:00,0.54,0.0,0.0
2013-03-15 22:00:00,0.55,0.0,0.0
2013-03-15 23:00:00,0.51,0.0,0.0
2013-03-16 00:00:00,0.6,0.0,0.0
2013-03-16 01:00:00,0.5,0.0,0.0
2013-03-16 02:00:00,0.41,0.0,0.0
2013-03-16 03:00:00,0.84,0.0,0.0
2013-03-16 04:00:00,0.95,0.0,0.0
2013-03-16 05:00:00,0.86,0.0,0.0
2013-03-16 06:00:00,0.98,46.263996,0.8394444444444444
2013-03-16 07:00:00,1.0,196.78487,1.0
2013-03-16 08:00:00,0.98,381.82382,1.0
2013-03-16 09:00:00,0.98,559.86957,1.0
2013-03-16 10:00:00,0.99,653.03235,1.0
2013-03-16 11:00:00,1.0,710.8598,1.0
2013-03-16 12:00:00,1.0,716.93427,1.0
2013-03-16 13:00:00,1.0,515.9446,1.0
2013-03-16 14:00:00,1.0,368.12634,1.0
2013-03-16 15:00:00,0.93,277.86584,1.0
2013-03-16 16:00:00,0.83,183.86201,1.0
2013-03-16 17:00:00,0.9,57.617954,1.0
2013-03-16 18:00:00,0.91,0.0,0.14277777777777778
2013-03-16 19:00:00,0.85,0.0,0.0
2013-03-16 20:00:00,0.73,0.0,0.0
2013-03-16 21:00:00,0.26,0.0,0.0
2013-03-16 22:00:00,0.14,0.0,0.0
2013-03-16 23:00:00,0.14,0.0,0.0
2013-03-17 00:00:00,0.07,0.0,0.0
2013-03-17 01:00:00,0.01,0.0,0.0
2013-03-17 02:00:00,0.17,0.0,0.0
2013-03-17 03:00:00,0.23,0.0,0.0
2013-03-17 04:00:00,0.36,0.0,0.0
2013-03-17 05:00:00,0.3,0.0,0.0
2013-03-17 06:00:00,0.26,53.52166,0.8663888888888889
2013-03-17 07:00:00,0.02,278.44116,1.0
2013-03-17 08:00:00,0.23,442.96362,1.0
2013-03-17 09:00:00,0.93,420.7406,1.0
2013-03-17 10:00:00,1.0,517.5917,1.0
2013-03-17 11:00:00,0.88,660.9773,1.0
2013-03-17 12:00:00,0.27,915.828,1.0
2013-03-17 13:00:00,0.56,767.52295,1.0
2013-03-17 14:00:00,0.45,602.352,1.0
2013-03-17 15:00:00,0.62,456.48468,1.0
2013-03-17 16:00:00,0.4,234.10443,1.0
2013-03-17 17:00:00,0.43,69.45003,1.0
2013-03-17 18:00:00,0.14,0.0,0.1597222222222222
2013-03-17 19:00:00,0.22,0.0,0.0
2013-03-17 20:00:00,0.29,0.0,0.0
2013-03-17 21:00:00,0.63,0.0,0.0
2013-03-17 22:00:00,0.52,0.0,0.0
2013-03-17 23:00:00,0.25,0.0,0.0
2013-03-18 00:00:00,0.26,0.0,0.0
2013-03-18 01:00:00,0.29,0.0,0.0
2013-03-18 02:00:00,0.17,0.0,0.0
2013-03-18 03:00:00,0.13,0.0,0.0
2013-03-18 04:00:00,0.08,0.0,0.0
2013-03-18 05:00:00,0.31,0.0,0.0
2013-03-18 06:00:00,0.0,60.26574,0.8936111111111111
2013-03-18 07:00:00,0.01,267.34982,1.0
2013-03-18 08:00:00,0.15,497.15613,1.0
2013-03-18 09:00:00,0.1,698.4462,1.0
2013-03-18 10:00:00,0.43,628.9304,1.0
2013-03-18 11:00:00,0.09,917.56616,1.0
2013-03-18 12:00:00,0.2,943.63806,1.0
2013-03-18 13:00:00,0.45,856.54266,1.0
2013-03-18 14:00:00,0.52,670.28766,1.0
2013-03-18 15:00:00,0.71,471.79932,1.0
2013-03-18 16:00:00,0.44,285.88535,1.0
2013-03-18 17:00:00,0.25,85.842026,1.0
2013-03-18 18:00:00,0.19,0.0,0.17694444444444443
2013-03-18 19:00:00,0.19,0.0,0.0
2013-03-18 20:00:00,0.24,0.0,0.0
2013-03-18 21:00:00,0.6,0.0,0.0
2013-03-18 22:00:00,0.48,0.0,0.0
2013-03-18 23:00:00,0.24,0.0,0.0
2013-03-19 00:00:00,0.14,0.0,0.0
2013-03-19 01:00:00,0.02,0.0,0.0
2013-03-19 02:00:00,0.12,0.0,0.0
2013-03-19 03:00:00,0.35,0.0,0.0
2013-03-19 04:00:00,0.11,0.0,0.0
2013-03-19 05:00:00,0.09,0.0,0.0
2013-03-19 06:00:00,0.09,73.65908,0.9205555555555556
2013-03-19 07:00:00,0.05,315.10406,1.0
2013-03-19 08:00:00,0.19,539.93945,1.0
2013-03-19 09:00:00,0.26,757.7446,1.0
2013-03-19 10:00:00,0.38,873.55365,1.0
2013-03-19 11:00:00,0.0,863.0593,1.0
2013-03-19 12:00:00,0.0,928.7047,1.0
2013-03-19 13:00:00,0.05,908.6212,1.0
2013-03-19 14:00:00,0.01,765.7789,1.0
2013-03-19 15:00:00,0.03,568.14453,1.0
2013-03-19 16:00:00,0.21,330.4321,1.0
2013-03-19 17:00:00,0.73,93.554985,1.0
2013-03-19 18:00:00,0.75,0.0,0.1938888888888889
2013-03-19 19:00:00,0.4,0.0,0.0
2013-03-19 20:00:00,0.14,0.0,0.0
2013-03-19 21:00:00,0.01,0.0,0.0
2013-03-19 22:00:00,0.0,0.0,0.0
2013-03-19 23:00:00,0.05,0.0,0.0
2013-03-20 00:00:00,0.24,0.0,0.0
2013-03-20 01:00:00,0.14,0.0,0.0
2013-03-20 02:00:00,0.02,0.0,0.0
2013-03-20 03:00:00,0.0,0.0,0.0
2013-03-20 04:00:00,0.0,0.0,0.0
2013-03-20 05:00:00,0.2,0.0,0.0
2013-03-20 06:00:00,1.0,64.23733,0.9477777777777778
2013-03-20 07:00:00,0.99,261.8854,1.0
2013-03-20 08:00:00,0.86,472.82062,1.0
2013-03-20 09:00:00,0.7,665.7197,1.0
2013-03-20 10:00:00,0.67,784.1394,1.0
2013-03-20 11:00:00,0.97,677.15686,1.0
2013-03-20 12:00:00,0.97,703.04004,1.0
2013-03-20 13:00:00,0.99,730.4517,1.0
2013-03-20 14:00:00,0.99,542.9065,1.0
2013-03-20 15:00:00,0.99,395.90543,1.0
2013-03-20 16:00:00,0.97,249.66304,1.0
2013-03-20 17:00:00,0.82,79.35038,1.0
2013-03-20 18:00:00,0.32,0.0,0.21083333333333334
2013-03-20 19:00:00,0.07,0.0,0.0
2013-03-20 20:00:00,0.03,0.0,0.0
2013-03-20 21:00:00,0.14,0.0,0.0
2013-03-20 22:00:00,0.23,0.0,0.0
2013-03-20 23:00:00,0.4,0.0,0.0
2013-03-21 00:00:00,0.3,0.0,0.0
2013-03-21 01:00:00,0.21,0.0,0.0
2013-03-21 02:00:00,0.28,0.0,0.0
2013-03-21 03:00:00,0.01,0.0,0.0
2013-03-21 04:00:00,0.22,0.0,0.0
2013-03-21 05:00:00,0.7,0.0,0.0
2013-03-21 06:00:00,0.77,65.20056,0.975
2013-03-21 07:00:00,0.83,224.43176,1.0
2013-03-21 08:00:00,0.94,449.6032,1.0
2013-03-21 09:00:00,0.94,642.4198,1.0
2013-03-21 10:00:00,0.91,813.1478,1.0
2013-03-21 11:00:00,0.83,661.8841,1.0
2013-03-21 12:00:00,0.79,762.5578,1.0
2013-03-21 13:00:00,0.62,597.23584,1.0
2013-03-21 14:00:00,0.62,549.82446,1.0
2013-03-21 15:00:00,0.27,466.24457,1.0
2013-03-21 16:00:00,0.2,296.84464,1.0
2013-03-21 17:00:00,0.14,95.322815,1.0
2013-03-21 18:00:00,0.24,0.0,0.22777777777777777
2013-03-21 19:00:00,0.12,0.0,0.0
2013-03-21 20:00:00,0.01,0.0,0.0
2013-03-21 21:00:00,0.07,0.0,0.0
2013-03-21 22:00:00,0.0,0.0,0.0
2013-03-21 23:00:00,0.0,0.0,0.0
2013-03-22 00:00:00,0.19,0.0,0.0
2013-03-22 01:00:00,0.27,0.0,0.0
2013-03-22 02:00:00,0.7,0.0,0.0
2013-03-22 03:00:00,0.23,0.0,0.0
2013-03-22 04:00:00,0.85,0.0,0.0
2013-03-22 05:00:00,0.99,0.0,0.0022222222222222222
2013-03-22 06:00:00,0.33,80.08794,1.0
2013-03-22 07:00:00,0.36,277.6241,1.0
2013-03-22 08:00:00,0.5,490.7961,1.0
2013-03-22 09:00:00,0.38,621.01685,1.0
2013-03-22 10:00:00,0.32,772.1433,1.0
2013-03-22 11:00:00,0.65,829.8859,1.0
2013-03-22 12:00:00,0.72,692.064,1.0
2013-03-22 13:00:00,0.83,613.13696,1.0
2013-03-22 14:00:00,0.76,548.91504,1.0
2013-03-22 15:00:00,0.88,265.94614,1.0
2013-03-22 16:00:00,0.95,157.84181,1.0
2013-03-22 17:00:00,0.95,35.150734,1.0
2013-03-22 18:00:00,0.94,0.0,0.24472222222222223
2013-03-22 19:00:00,0.97,0.0,0.0
2013-03-22 20:00:00,1.0,0.0,0.0
2013-03-22 21:00:00,1.0,0.0,0.0
2013-03-22 22:00:00,1.0,0.0,0.0
2013-03-22 23:00:00,1.0,0.0,0.0
2013-03-23 00:00:00,1.0,0.0,0.0
2013-03-23 01:00:00,0.99,0.0,0.0
2013-03-23 02:00:00,1.0,0.0,0.0
2013-03-23 03:00:00,1.0,0.0,0.0
2013-03-23 04:00:00,1.0,0.0,0.0
2013-03-23 05:00:00,1.0,0.0,0.029444444444444443
2013-03-23 06:00:00,1.0,19.878462,1.0
2013-03-23 07:00:00,1.0,74.544235,1.0
2013-03-23 08:00:00,1.0,173.14354,1.0
2013-03-23 09:00:00,1.0,247.00682,1.0
2013-03-23 10:00:00,1.0,379.19156,1.0
2013-03-23 11:00:00,1.0,512.05444,1.0
2013-03-23 12:00:00,1.0,535.2438,1.0
2013-03-23 13:00:00,1.0,542.4006,1.0
2013-03-23 14:00:00,1.0,488.68658,1.0
2013-03-23 15:00:00,1.0,355.19397,1.0
2013-03-23 16:00:00,1.0,203.69812,1.0
2013-03-23 17:00:00,1.0,73.1948,1.0
2013-03-23 18:00:00,1.0,0.0,0.26166666666666666
2013-03-23 19:00:00,1.0,0.0,0.0
2013-03-23 20:00:00,1.0,0.0,0.0
2013-03-23 21:00:00,0.99,0.0,0.0
2013-03-23 22:00:00,0.96,0.0,0.0
2013-03-23 23:00:00,0.86,0.0,0.0
2013-03-24 00:00:00,0.7,0.0,0.0
2013-03-24 01:00:00,0.32,0.0,0.0
2013-03-24 02:00:00,0.14,0.0,0.0
2013-03-24 03:00:00,0.69,0.0,0.0
2013-03-24 04:00:00,0.71,0.0,0.0
2013-03-24 05:00:00,0.53,0.0,0.056666666666666664
2013-03-24 06:00:00,0.31,77.30772,1.0
2013-03-24 07:00:00,0.58,302.4739,1.0
2013-03-24 08:00:00,0.67,496.19904,1.0
2013-03-24 09:00:00,0.71,757.6262,1.0
2013-03-24 10:00:00,0.78,828.3567,1.0
2013-03-24 11:00:00,0.86,821.9692,1.0
2013-03-24 12:00:00,0.89,821.50146,1.0
2013-03-24 13:00:00,0.96,803.8832,1.0
2013-03-24 14:00:00,0.95,629.7139,1.0
2013-03-24 15:00:00,0.93,465.9524,1.0
2013-03-24 16:00:00,0.88,251.68619,1.0
2013-03-24 17:00:00,0.91,89.16251,1.0
2013-03-24 18:00:00,0.3,2.981769,0.2783333333333333
2013-03-24 19:00:00,0.34,0.0,0.0
2013-03-24 20:00:00,0.38,0.0,0.0
2013-03-24 21:00:00,0.54,0.0,0.0
2013-03-24 22:00:00,0.69,0.0,0.0
2013-03-24 23:00:00,0.65,0.0,0.0
2013-03-25 00:00:00,0.63,0.0,0.0
2013-03-25 01:00:00,0.62,0.0,0.0
2013-03-25 02:00:00,0.55,0.0,0.0
2013-03-25 03:00:00,0.59,0.0,0.0
2013-03-25 04:00:00,0.48,0.0,0.0
2013-03-25 05:00:00,0.3,0.0,0.08388888888888889
2013-03-25 06:00:00,0.11,106.08714,1.0
2013-03-25 07:00:00,0.1,364.8372,1.0
2013-03-25 08:00:00,0.11,615.996,1.0
2013-03-25 09:00:00,0.04,825.4384,1.0
2013-03-25 10:00:00,0.0,973.4972,1.0
2013-03-25 11:00:00,0.0,1049.1707,1.0
2013-03-25 12:00:00,0.0,1046.7316,1.0
2013-03-25 13:00:00,0.0,965.3277,1.0
2013-03-25 14:00:00,0.0,814.358,1.0
2013-03-25 15:00:00,0.0,605.6834,1.0
2013-03-25 16:00:00,0.0,360.61426,1.0
2013-03-25 17:00:00,0.0,113.486595,1.0
2013-03-25 18:00:00,0.0,1.9893655,0.29527777777777775
2013-03-25 19:00:00,0.0,0.0,0.0
2013-03-25 20:00:00,0.0,0.0,0.0
2013-03-25 21:00:00,0.0,0.0,0.0
2013-03-25 22:00:00,0.0,0.0,0.0
2013-03-25 23:00:00,0.01,0.0,0.0
2013-03-26 00:00:00,0.04,0.0,0.0
2013-03-26 01:00:00,0.1,0.0,0.0
2013-03-26 02:00:00,0.11,0.0,0.0
2013-03-26 03:00:00,0.01,0.0,0.0
2013-03-26 04:00:00,0.07,0.0,0.0
2013-03-26 05:00:00,0.22,0.0,0.11083333333333334
2013-03-26 06:00:00,0.48,104.39685,1.0
2013-03-26 07:00:00,0.28,340.33688,1.0
2013-03-26 08:00:00,0.08,593.75275,1.0
2013-03-26 09:00:00,0.01,790.9344,1.0
2013-03-26 10:00:00,0.12,940.74164,1.0
2013-03-26 11:00:00,0.37,1006.30676,1.0
2013-03-26 12:00:00,0.48,936.8863,1.0
2013-03-26 13:00:00,0.94,887.2738,1.0
2013-03-26 14:00:00,0.96,686.8166,1.0
2013-03-26 15:00:00,0.88,506.79404,1.0
2013-03-26 16:00:00,0.3,309.04352,1.0
2013-03-26 17:00:00,0.81,100.746544,1.0
2013-03-26 18:00:00,0.83,2.9832883,0.31194444444444447
2013-03-26 19:00:00,0.87,0.0,0.0
2013-03-26 20:00:00,0.84,0.0,0.0
2013-03-26 21:00:00,0.87,0.0,0.0
2013-03-26 22:00:00,0.88,0.0,0.0
2013-03-26 23:00:00,0.97,0.0,0.0
2013-03-27 00:00:00,1.0,0.0,0.0
2013-03-27 01:00:00,1.0,0.0,0.0
2013-03-27 02:00:00,1.0,0.0,0.0
2013-03-27 03:00:00,0.94,0.0,0.0
2013-03-27 04:00:00,0.69,0.0,0.0
2013-03-27 05:00:00,0.31,0.0,0.1375
2013-03-27 06:00:00,0.01,113.07084,1.0
2013-03-27 07:00:00,0.0,361.7721,1.0
2013-03-27 08:00:00,0.01,603.3648,1.0
2013-03-27 09:00:00,0.0,803.59186,1.0
2013-03-27 10:00:00,0.22,905.2026,1.0
2013-03-27 11:00:00,0.1,1007.4828,1.0
2013-03-27 12:00:00,0.52,986.5517,1.0
2013-03-27 13:00:00,0.44,915.9807,1.0
2013-03-27 14:00:00,0.6,769.44055,1.0
2013-03-27 15:00:00,0.44,570.4819,1.0
2013-03-27 16:00:00,0.17,338.7225,1.0
2013-03-27 17:00:00,0.18,105.029655,1.0
2013-03-27 18:00:00,0.11,2.9832883,0.3288888888888889
2013-03-27 19:00:00,0.32,0.0,0.0
2013-03-27 20:00:00,0.32,0.0,0.0
2013-03-27 21:00:00,0.41,0.0,0.0
2013-03-27 22:00:00,0.39,0.0,0.0
2013-03-27 23:00:00,0.15,0.0,0.0
2013-03-28 00:00:00,0.07,0.0,0.0
2013-03-28 01:00:00,0.72,0.0,0.0
2013-03-28 02:00:00,0.94,0.0,0.0
2013-03-28 03:00:00,0.9,0.0,0.0
2013-03-28 04:00:00,0.65,0.0,0.0
2013-03-28 05:00:00,0.58,0.0,0.16416666666666666
2013-03-28 06:00:00,0.71,115.65972,1.0
2013-03-28 07:00:00,0.81,359.38882,1.0
2013-03-28 08:00:00,0.81,592.0762,1.0
2013-03-28 09:00:00,0.67,777.1622,1.0
2013-03-28 10:00:00,0.23,914.01984,1.0
2013-03-28 11:00:00,0.51,944.2834,1.0
2013-03-28 12:00:00,0.88,956.9516,1.0
2013-03-28 13:00:00,0.95,840.26294,1.0
2013-03-28 14:00:00,1.0,688.8693,1.0
2013-03-28 15:00:00,0.93,422.32474,1.0
2013-03-28 16:00:00,0.96,220.85327,1.0
2013-03-28 17:00:00,0.94,93.35444,1.0
2013-03-28 18:00:00,0.91,3.9756923,0.34555555555555556
2013-03-28 19:00:00,0.95,0.0,0.0
2013-03-28 20:00:00,0.95,0.0,0.0
2013-03-28 21:00:00,0.91,0.0,0.0
2013-03-28 22:00:00,0.75,0.0,0.0
2013-03-28 23:00:00,0.53,0.0,0.0
2013-03-29 00:00:00,0.34,0.0,0.0
2013-03-29 01:00:00,0.3,0.0,0.0
2013-03-29 02:00:00,0.5,0.0,0.0
2013-03-29 03:00:00,0.44,0.0,0.0
2013-03-29 04:00:00,0.22,0.0,0.0
2013-03-29 05:00:00,0.27,0.0,0.19055555555555556
2013-03-29 06:00:00,0.48,85.44926,1.0
2013-03-29 07:00:00,0.63,322.7086,1.0
2013-03-29 08:00:00,0.84,575.7654,1.0
2013-03-29 09:00:00,0.92,729.5359,1.0
2013-03-29 10:00:00,0.9,828.03534,1.0
2013-03-29 11:00:00,0.91,949.53394,1.0
2013-03-29 12:00:00,0.86,899.17804,1.0
2013-03-29 13:00:00,0.86,846.78015,1.0
2013-03-29 14:00:00,0.67,699.018,1.0
2013-03-29 15:00:00,0.56,433.94028,1.0
2013-03-29 16:00:00,0.72,252.76268,1.0
2013-03-29 17:00:00,0.48,95.22591,1.0
2013-03-29 18:00:00,0.35,2.9848075,0.3622222222222222
2013-03-29 19:00:00,0.43,0.0,0.0
2013-03-29 20:00:00,0.26,0.0,0.0
2013-03-29 21:00:00,0.1,0.0,0.0
2013-03-29 22:00:00,0.08,0.0,0.0
2013-03-29 23:00:00,0.04,0.0,0.0
2013-03-30 00:00:00,0.0,0.0,0.0
2013-03-30 01:00:00,0.0,0.0,0.0
2013-03-30 02:00:00,0.0,0.0,0.0
2013-03-30 03:00:00,0.0,0.0,0.0
2013-03-30 04:00:00,0.0,0.0,0.0
2013-03-30 05:00:00,0.01,0.0,0.21666666666666667
2013-03-30 06:00:00,0.17,125.641556,1.0
2013-03-30 07:00:00,0.35,369.66025,1.0
2013-03-30 08:00:00,0.02,603.3009,1.0
2013-03-30 09:00:00,0.0,788.51404,1.0
2013-03-30 10:00:00,0.18,904.55176,1.0
2013-03-30 11:00:00,0.47,874.00256,1.0
2013-03-30 12:00:00,0.33,880.4427,1.0
2013-03-30 13:00:00,0.4,783.1768,1.0
2013-03-30 14:00:00,0.48,657.2635,1.0
2013-03-30 15:00:00,0.35,475.8161,1.0
2013-03-30 16:00:00,0.38,296.86972,1.0
2013-03-30 17:00:00,0.6,103.09142,1.0
2013-03-30 18:00:00,0.46,2.9832883,0.3788888888888889
2013-03-30 19:00:00,0.49,0.0,0.0
2013-03-30 20:00:00,0.03,0.0,0.0
2013-03-30 21:00:00,0.05,0.0,0.0
2013-03-30 22:00:00,0.04,0.0,0.0
2013-03-30 23:00:00,0.04,0.0,0.0
2013-03-31 00:00:00,0.01,0.0,0.0
2013-03-31 01:00:00,0.0,0.0,0.0
2013-03-31 02:00:00,0.0,0.0,0.0
2013-03-31 03:00:00,0.0,0.0,0.0
2013-03-31 04:00:00,0.0,0.0,0.0
2013-03-31 05:00:00,0.0,0.0,0.2427777777777778
2013-03-31 06:00:00,0.0,133.93703,1.0
2013-03-31 07:00:00,0.0,381.41516,1.0
2013-03-31 08:00:00,0.0,619.5924,1.0
2013-03-31 09:00:00,0.0,816.72986,1.0
2013-03-31 10:00:00,0.0,954.9651,1.0
2013-03-31 11:00:00,0.0,1026.3208,1.0
2013-03-31 12:00:00,0.0,1017.43506,1.0
2013-03-31 13:00:00,0.0,926.0382,1.0
2013-03-31 14:00:00,0.32,754.02466,1.0
2013-03-31 15:00:00,0.06,546.7426,1.0
2013-03-31 16:00:00,0.0,347.66772,1.0
2013-03-31 17:00:00,0.0,116.615005,1.0
2013-03-31 18:00:00,0.0,3.9802501,0.3958333333333333
2013-03-31 19:00:00,0.01,0.0,0.0
2013-03-31 20:00:00,0.06,0.0,0.0
2013-03-31 21:00:00,0.25,0.0,0.0
2013-03-31 22:00:00,0.64,0.0,0.0
2013-03-31 23:00:00,0.42,0.0,0.0
2013-04-01 00:00:00,0.38,0.0,0.0
2013-04-01 01:00:00,0.15,0.0,0.0
2013-04-01 02:00:00,0.07,0.0,0.0
2013-04-01 03:00:00,0.06,0.0,0.0
2013-04-01 04:00:00,0.0,0.0,0.0
2013-04-01 05:00:00,0.0,0.0,0.2688888888888889
2013-04-01 06:00:00,0.0,133.8476,1.0
2013-04-01 07:00:00,0.0,375.73856,1.0
2013-04-01 08:00:00,0.07,598.9475,1.0
2013-04-01 09:00:00,0.12,777.9716,1.0
2013-04-01 10:00:00,0.21,847.7008,1.0
2013-04-01 11:00:00,0.36,938.5682,1.0
2013-04-01 12:00:00,0.64,865.7187,1.0
2013-04-01 13:00:00,0.93,743.80884,1.0
2013-04-01 14:00:00,0.96,537.7142,1.0
2013-04-01 15:00:00,0.9,299.60147,1.0
2013-04-01 16:00:00,0.92,161.52518,1.0
2013-04-01 17:00:00,0.79,67.936226,1.0
2013-04-01 18:00:00,0.88,2.981769,0.4125
2013-04-01 19:00:00,0.86,0.0,0.0
2013-04-01 20:00:00,0.64,0.0,0.0
2013-04-01 21:00:00,0.73,0.0,0.0
2013-04-01 22:00:00,0.94,0.0,0.0
2013-04-01 23:00:00,0.61,0.0,0.0
2013-04-02 00:00:00,0.61,0.0,0.0
2013-04-02 01:00:00,0.94,0.0,0.0
2013-04-02 02:00:00,0.87,0.0,0.0
2013-04-02 03:00:00,0.55,0.0,0.0
2013-04-02 04:00:00,0.44,0.0,0.0
2013-04-02 05:00:00,0.32,0.99392307,0.295
2013-04-02 06:00:00,0.34,74.186615,1.0
2013-04-02 07:00:00,0.34,223.35124,1.0
2013-04-02 08:00:00,0.48,310.94235,1.0
2013-04-02 09:00:00,0.79,435.27243,1.0
2013-04-02 10:00:00,0.91,538.10144,1.0
2013-04-02 11:00:00,0.96,491.32004,1.0
2013-04-02 12:00:00,0.99,418.63516,1.0
2013-04-02 13:00:00,0.97,412.16837,1.0
2013-04-02 14:00:00,0.99,304.55234,1.0
2013-04-02 15:00:00,0.99,198.3719,1.0
2013-04-02 16:00:00,0.99,129.01163,1.0
2013-04-02 17:00:00,0.98,57.20489,1.0
2013-04-02 18:00:00,0.99,3.9756923,0.42916666666666664
2013-04-02 19:00:00,0.99,0.0,0.0
2013-04-02 20:00:00,0.96,0.0,0.0
2013-04-02 21:00:00,0.97,0.0,0.0
2013-04-02 22:00:00,0.98,0.0,0.0
2013-04-02 23:00:00,0.98,0.0,0.0
2013-04-03 00:00:00,0.94,0.0,0.0
2013-04-03 01:00:00,0.95,0.0,0.0
2013-04-03 02:00:00,0.93,0.0,0.0
2013-04-03 03:00:00,0.87,0.0,0.0
2013-04-03 04:00:00,0.75,0.0,0.0
2013-04-03 05:00:00,0.4,3.6542501,0.3213888888888889
2013-04-03 06:00:00,0.17,107.38046,1.0
2013-04-03 07:00:00,0.21,321.79208,1.0
2013-04-03 08:00:00,0.02,617.3216,1.0
2013-04-03 09:00:00,0.0,819.06396,1.0
2013-04-03 10:00:00,0.0,957.37555,1.0
2013-04-03 11:00:00,0.0,1019.8145,1.0
2013-04-03 12:00:00,0.0,1011.12836,1.0
2013-04-03 13:00:00,0.0,906.8361,1.0
2013-04-03 14:00:00,0.04,763.7485,1.0
2013-04-03 15:00:00,0.29,558.21094,1.0
2013-04-03 16:00:00,0.4,333.59567,1.0
2013-04-03 17:00:00,0.21,119.63774,1.0
2013-04-03 18:00:00,0.11,4.9756923,0.44583333333333336
2013-04-03 19:00:00,0.34,0.0,0.0
2013-04-03 20:00:00,0.53,0.0,0.0
2013-04-03 21:00:00,0.47,0.0,0.0
2013-04-03 22:00:00,0.63,0.0,0.0
2013-04-03 23:00:00,0.46,0.0,0.0
2013-04-04 00:00:00,0.2,0.0,0.0
2013-04-04 01:00:00,0.03,0.0,0.0
2013-04-04 02:00:00,0.0,0.0,0.0
2013-04-04 03:00:00,0.21,0.0,0.0
2013-04-04 04:00:00,0.02,0.0,0.0
2013-04-04 05:00:00,0.0,4.5868044,0.3475
2013-04-04 06:00:00,0.0,151.75948,1.0
2013-04-04 07:00:00,0.0,395.57605,1.0
2013-04-04 08:00:00,0.0,629.5107,1.0
2013-04-04 09:00:00,0.0,821.8038,1.0
2013-04-04 10:00:00,0.21,954.3684,1.0
2013-04-04 11:00:00,0.27,1017.9404,1.0
2013-04-04 12:00:00,0.0,1007.0522,1.0
2013-04-04 13:00:00,0.2,909.2322,1.0
2013-04-04 14:00:00,0.38,784.0924,1.0
2013-04-04 15:00:00,0.0,584.9354,1.0
2013-04-04 16:00:00,0.07,355.22562,1.0
2013-04-04 17:00:00,0.71,124.30174,1.0
2013-04-04 18:00:00,0.94,5.968096,0.4625
2013-04-04 19:00:00,0.92,0.0,0.0
2013-04-04 20:00:00,0.95,0.0,0.0
2013-04-04 21:00:00,0.98,0.0,0.0
2013-04-04 22:00:00,0.99,0.0,0.0
2013-04-04 23:00:00,0.99,0.0,0.0
2013-04-05 00:00:00,0.98,0.0,0.0
2013-04-05 01:00:00,0.99,0.0,0.0
2013-04-05 02:00:00,0.99,0.0,0.0
2013-04-05 03:00:00,0.99,0.0,0.0
2013-04-05 04:00:00,1.0,0.0,0.0
2013-04-05 05:00:00,1.0,2.981769,0.3738888888888889
2013-04-05 06:00:00,0.98,71.98317,1.0
2013-04-05 07:00:00,0.95,193.60095,1.0
2013-04-05 08:00:00,0.85,361.2793,1.0
2013-04-05 09:00:00,0.72,571.85754,1.0
2013-04-05 10:00:00,0.66,740.60236,1.0
2013-04-05 11:00:00,0.8,836.0674,1.0
2013-04-05 12:00:00,0.93,823.93567,1.0
2013-04-05 13:00:00,0.89,677.55176,1.0
2013-04-05 14:00:00,0.84,612.44543,1.0
2013-04-05 15:00:00,0.88,409.0723,1.0
2013-04-05 16:00:00,0.99,262.45322,1.0
2013-04-05 17:00:00,0.85,100.46437,1.0
2013-04-05 18:00:00,0.66,4.9756923,0.4791666666666667
2013-04-05 19:00:00,0.78,0.0,0.0
2013-04-05 20:00:00,0.92,0.0,0.0
2013-04-05 21:00:00,0.82,0.0,0.0
2013-04-05 22:00:00,0.74,0.0,0.0
2013-04-05 23:00:00,0.6,0.0,0.0
2013-04-06 00:00:00,0.32,0.0,0.0
2013-04-06 01:00:00,0.13,0.0,0.0
2013-04-06 02:00:00,0.12,0.0,0.0
2013-04-06 03:00:00,0.15,0.0,0.0
2013-04-06 04:00:00,0.13,0.0,0.0
2013-04-06 05:00:00,0.09,5.983407,0.4002777777777778
2013-04-06 06:00:00,0.17,137.91891,1.0
2013-04-06 07:00:00,0.97,347.5319,1.0
2013-04-06 08:00:00,0.93,502.32553,1.0
2013-04-06 09:00:00,0.96,739.7692,1.0
2013-04-06 10:00:00,0.6,867.8792,1.0
2013-04-06 11:00:00,0.96,895.7366,1.0
2013-04-06 12:00:00,0.89,775.16864,1.0
2013-04-06 13:00:00,0.87,747.40326,1.0
2013-04-06 14:00:00,0.91,656.67926,1.0
2013-04-06 15:00:00,0.55,390.67935,1.0
2013-04-06 16:00:00,0.97,315.08322,1.0
2013-04-06 17:00:00,0.99,98.90705,1.0
2013-04-06 18:00:00,0.99,5.963538,0.4961111111111111
2013-04-06 19:00:00,1.0,0.0,0.0
2013-04-06 20:00:00,0.99,0.0,0.0
2013-04-06 21:00:00,0.69,0.0,0.0
2013-04-06 22:00:00,0.85,0.0,0.0
2013-04-06 23:00:00,0.81,0.0,0.0
2013-04-07 00:00:00,0.97,0.0,0.0
2013-04-07 01:00:00,0.54,0.0,0.0
2013-04-07 02:00:00,0.04,0.0,0.0
2013-04-07 03:00:00,0.15,0.0,0.0
2013-04-07 04:00:00,0.11,0.0,0.0
2013-04-07 05:00:00,0.18,6.8882146,0.4263888888888889
2013-04-07 06:00:00,0.07,159.85776,1.0
2013-04-07 07:00:00,0.0,395.61853,1.0
2013-04-07 08:00:00,0.01,622.96704,1.0
2013-04-07 09:00:00,0.11,791.4125,1.0
2013-04-07 10:00:00,0.09,900.2605,1.0
2013-04-07 11:00:00,0.33,947.32745,1.0
2013-04-07 12:00:00,0.66,814.6404,1.0
2013-04-07 13:00:00,0.78,656.8438,1.0
2013-04-07 14:00:00,0.77,531.11304,1.0
2013-04-07 15:00:00,0.35,539.342,1.0
2013-04-07 16:00:00,0.47,324.9557,1.0
2013-04-07 17:00:00,0.98,119.236534,1.0
2013-04-07 18:00:00,0.84,5.988656,0.5127777777777778
2013-04-07 19:00:00,0.54,0.0,0.0
2013-04-07 20:00:00,0.65,0.0,0.0
2013-04-07 21:00:00,0.58,0.0,0.0
2013-04-07 22:00:00,0.06,0.0,0.0
2013-04-07 23:00:00,0.0,0.0,0.0
2013-04-08 00:00:00,0.0,0.0,0.0
2013-04-08 01:00:00,0.0,0.0,0.0
2013-04-08 02:00:00,0.04,0.0,0.0
2013-04-08 03:00:00,1.0,0.0,0.0
2013-04-08 04:00:00,0.98,0.0,0.0
2013-04-08 05:00:00,0.99,7.379404,0.4525
2013-04-08 06:00:00,1.0,123.29875,1.0
2013-04-08 07:00:00,1.0,285.00095,1.0
2013-04-08 08:00:00,1.0,481.81253,1.0
2013-04-08 09:00:00,0.99,671.1142,1.0
2013-04-08 10:00:00,0.66,820.6834,1.0
2013-04-08 11:00:00,0.83,771.78796,1.0
2013-04-08 12:00:00,0.91,795.7297,1.0
2013-04-08 13:00:00,0.86,715.78503,1.0
2013-04-08 14:00:00,0.77,593.11346,1.0
2013-04-08 15:00:00,0.76,429.25742,1.0
2013-04-08 16:00:00,0.76,226.59586,1.0
2013-04-08 17:00:00,0.94,99.078476,1.0
2013-04-08 18:00:00,1.0,5.974517,0.5294444444444445
2013-04-08 19:00:00,1.0,0.0,0.0
2013-04-08 20:00:00,0.98,0.0,0.0
2013-04-08 21:00:00,0.97,0.0,0.0
2013-04-08 22:00:00,0.98,0.0,0.0
2013-04-08 23:00:00,1.0,0.0,0.0
2013-04-09 00:00:00,0.99,0.0,0.0
2013-04-09 01:00:00,0.98,0.0,0.0
2013-04-09 02:00:00,0.99,0.0,0.0
2013-04-09 03:00:00,1.0,0.0,0.0
2013-04-09 04:00:00,1.0,0.0,0.0
2013-04-09 05:00:00,0.99,2.981769,0.4786111111111111
2013-04-09 06:00:00,1.0,44.160934,1.0
2013-04-09 07:00:00,1.0,144.42444,1.0
2013-04-09 08:00:00,1.0,229.79445,1.0
2013-04-09 09:00:00,1.0,289.12457,1.0
2013-04-09 10:00:00,1.0,403.78143,1.0
2013-04-09 11:00:00,1.0,478.36053,1.0
2013-04-09 12:00:00,1.0,568.6313,1.0
2013-04-09 13:00:00,0.98,661.10175,1.0
2013-04-09 14:00:00,0.99,467.13687,1.0
2013-04-09 15:00:00,0.98,347.82352,1.0
2013-04-09 16:00:00,1.0,193.12599,1.0
2013-04-09 17:00:00,1.0,81.492004,1.0
2013-04-09 18:00:00,0.98,8.945308,0.5461111111111111
2013-04-09 19:00:00,1.0,0.0,0.0
2013-04-09 20:00:00,0.99,0.0,0.0
2013-04-09 21:00:00,1.0,0.0,0.0
2013-04-09 22:00:00,1.0,0.0,0.0
2013-04-09 23:00:00,0.95,0.0,0.0
2013-04-10 00:00:00,0.92,0.0,0.0
2013-04-10 01:00:00,0.74,0.0,0.0
2013-04-10 02:00:00,0.76,0.0,0.0
2013-04-10 03:00:00,0.57,0.0,0.0
2013-04-10 04:00:00,0.66,0.0,0.0
2013-04-10 05:00:00,0.65,9.64847,0.5044444444444445
2013-04-10 06:00:00,0.41,162.78407,1.0
2013-04-10 07:00:00,0.43,364.49927,1.0
2013-04-10 08:00:00,0.5,655.7526,1.0
2013-04-10 09:00:00,0.4,843.08026,1.0
2013-04-10 10:00:00,0.53,997.1526,1.0
2013-04-10 11:00:00,0.69,1033.8322,1.0
2013-04-10 12:00:00,0.58,1017.0029,1.0
2013-04-10 13:00:00,0.59,908.2721,1.0
2013-04-10 14:00:00,0.45,791.17737,1.0
2013-04-10 15:00:00,0.72,571.301,1.0
2013-04-10 16:00:00,0.46,331.2804,1.0
2013-04-10 17:00:00,0.49,136.39066,1.0
2013-04-10 18:00:00,0.48,10.027953,0.5627777777777778
2013-04-10 19:00:00,0.38,0.0,0.0
2013-04-10 20:00:00,0.12,0.0,0.0
2013-04-10 21:00:00,0.02,0.0,0.0
2013-04-10 22:00:00,0.01,0.0,0.0
2013-04-10 23:00:00,0.0,0.0,0.0
2013-04-11 00:00:00,0.2,0.0,0.0
2013-04-11 01:00:00,0.34,0.0,0.0
2013-04-11 02:00:00,0.48,0.0,0.0
2013-04-11 03:00:00,0.67,0.0,0.0
2013-04-11 04:00:00,0.5,0.0,0.0
2013-04-11 05:00:00,0.38,10.901554,0.5302777777777777
2013-04-11 06:00:00,0.52,132.5599,1.0
2013-04-11 07:00:00,0.83,328.1259,1.0
2013-04-11 08:00:00,0.77,522.5555,1.0
2013-04-11 09:00:00,0.66,760.99146,1.0
2013-04-11 10:00:00,0.76,791.8342,1.0
2013-04-11 11:00:00,0.47,917.9465,1.0
2013-04-11 12:00:00,0.45,904.3733,1.0
2013-04-11 13:00:00,0.47,820.21277,1.0
2013-04-11 14:00:00,0.52,732.3336,1.0
2013-04-11 15:00:00,0.69,585.5477,1.0
2013-04-11 16:00:00,0.61,303.3926,1.0
2013-04-11 17:00:00,0.46,124.88176,1.0
2013-04-11 18:00:00,0.3,8.143811,0.5797222222222222
2013-04-11 19:00:00,0.36,0.0,0.0
2013-04-11 20:00:00,0.36,0.0,0.0
2013-04-11 21:00:00,0.32,0.0,0.0
2013-04-11 22:00:00,0.33,0.0,0.0
2013-04-11 23:00:00,0.18,0.0,0.0
2013-04-12 00:00:00,0.18,0.0,0.0
2013-04-12 01:00:00,0.23,0.0,0.0
2013-04-12 02:00:00,0.33,0.0,0.0
2013-04-12 03:00:00,0.44,0.0,0.0
2013-04-12 04:00:00,0.41,0.0,0.0
2013-04-12 05:00:00,0.36,10.524128,0.5558333333333333
2013-04-12 06:00:00,0.62,136.29694,1.0
2013-04-12 07:00:00,0.66,354.36716,1.0
2013-04-12 08:00:00,0.34,599.0016,1.0
2013-04-12 09:00:00,0.3,749.28143,1.0
2013-04-12 10:00:00,0.38,901.8124,1.0
2013-04-12 11:00:00,0.35,995.3347,1.0
2013-04-12 12:00:00,0.42,918.73883,1.0
2013-04-12 13:00:00,0.31,897.8477,1.0
2013-04-12 14:00:00,0.62,686.0948,1.0
2013-04-12 15:00:00,0.44,462.04007,1.0
2013-04-12 16:00:00,0.64,281.61264,1.0
2013-04-12 17:00:00,0.63,125.78865,1.0
2013-04-12 18:00:00,0.5,9.206133,0.5963888888888889
2013-04-12 19:00:00,0.45,0.0,0.0
2013-04-12 20:00:00,0.37,0.0,0.0
2013-04-12 21:00:00,0.35,0.0,0.0
2013-04-12 22:00:00,0.26,0.0,0.0
2013-04-12 23:00:00,0.62,0.0,0.0
2013-04-13 00:00:00,0.07,0.0,0.0
2013-04-13 01:00:00,0.01,0.0,0.0
2013-04-13 02:00:00,0.03,0.0,0.0
2013-04-13 03:00:00,0.27,0.0,0.0
2013-04-13 04:00:00,0.63,0.0,0.0
2013-04-13 05:00:00,0.86,15.512941,0.5811111111111111
2013-04-13 06:00:00,0.86,154.73894,1.0
2013-04-13 07:00:00,0.71,320.91046,1.0
2013-04-13 08:00:00,0.56,426.73325,1.0
2013-04-13 09:00:00,0.98,682.10345,1.0
2013-04-13 10:00:00,1.0,740.4511,1.0
2013-04-13 11:00:00,1.0,939.95026,1.0
2013-04-13 12:00:00,0.99,967.3732,1.0
2013-04-13 13:00:00,0.97,820.4249,1.0
2013-04-13 14:00:00,0.99,695.47955,1.0
2013-04-13 15:00:00,0.99,489.70502,1.0
2013-04-13 16:00:00,0.98,258.07288,1.0
2013-04-13 17:00:00,0.98,113.540405,1.0
2013-04-13 18:00:00,0.99,12.002243,0.6130555555555556
2013-04-13 19:00:00,1.0,0.0,0.0
2013-04-13 20:00:00,1.0,0.0,0.0
2013-04-13 21:00:00,1.0,0.0,0.0
2013-04-13 22:00:00,1.0,0.0,0.0
2013-04-13 23:00:00,1.0,0.0,0.0
2013-04-14 00:00:00,1.0,0.0,0.0
2013-04-14 01:00:00,1.0,0.0,0.0
2013-04-14 02:00:00,0.65,0.0,0.0
2013-04-14 03:00:00,0.52,0.0,0.0
2013-04-14 04:00:00,0.35,0.0,0.0
2013-04-14 05:00:00,0.38,15.368046,0.6063888888888889
2013-04-14 06:00:00,0.33,163.30357,1.0
2013-04-14 07:00:00,0.29,351.7824,1.0
2013-04-14 08:00:00,0.16,615.4479,1.0
2013-04-14 09:00:00,0.39,804.51166,1.0
2013-04-14 10:00:00,0.18,845.042,1.0
2013-04-14 11:00:00,0.26,1040.3533,1.0
2013-04-14 12:00:00,0.71,1012.8603,1.0
2013-04-14 13:00:00,0.43,943.1146,1.0
2013-04-14 14:00:00,0.69,784.7825,1.0
2013-04-14 15:00:00,0.22,606.14484,1.0
2013-04-14 16:00:00,0.28,381.32764,1.0
2013-04-14 17:00:00,0.09,151.24957,1.0
2013-04-14 18:00:00,0.0,10.405987,0.6297222222222222
2013-04-14 19:00:00,0.26,0.0,0.0
2013-04-14 20:00:00,0.42,0.0,0.0
2013-04-14 21:00:00,0.26,0.0,0.0
2013-04-14 22:00:00,0.88,0.0,0.0
2013-04-14 23:00:00,1.0,0.0,0.0
2013-04-15 00:00:00,0.99,0.0,0.0
2013-04-15 01:00:00,1.0,0.0,0.0
2013-04-15 02:00:00,0.84,0.0,0.0
2013-04-15 03:00:00,0.98,0.0,0.0
2013-04-15 04:00:00,1.0,0.0,0.0
2013-04-15 05:00:00,1.0,8.391008,0.6311111111111111
2013-04-15 06:00:00,1.0,90.02248,1.0
2013-04-15 07:00:00,1.0,197.21399,1.0
2013-04-15 08:00:00,0.99,354.72552,1.0
2013-04-15 09:00:00,0.98,518.2866,1.0
2013-04-15 10:00:00,0.99,712.0446,1.0
2013-04-15 11:00:00,1.0,413.2055,1.0
2013-04-15 12:00:00,1.0,286.32202,1.0
2013-04-15 13:00:00,1.0,324.7217,1.0
2013-04-15 14:00:00,1.0,267.65137,1.0
2013-04-15 15:00:00,1.0,254.80045,1.0
2013-04-15 16:00:00,1.0,129.12744,1.0
2013-04-15 17:00:00,1.0,45.436855,1.0
2013-04-15 18:00:00,1.0,3.9756923,0.6463888888888889
2013-04-15 19:00:00,0.97,0.0,0.0
2013-04-15 20:00:00,1.0,0.0,0.0
2013-04-15 21:00:00,1.0,0.0,0.0
2013-04-15 22:00:00,1.0,0.0,0.0
2013-04-15 23:00:00,1.0,0.0,0.0
2013-04-16 00:00:00,1.0,0.0,0.0
2013-04-16 01:00:00,0.99,0.0,0.0
2013-04-16 02:00:00,0.96,0.0,0.0
2013-04-16 03:00:00,0.98,0.0,0.0
2013-04-16 04:00:00,0.96,0.0,0.0
2013-04-16 05:00:00,0.96,12.325127,0.6558333333333334
2013-04-16 06:00:00,0.95,139.81857,1.0
2013-04-16 07:00:00,0.95,319.4763,1.0
2013-04-16 08:00:00,0.93,538.5531,1.0
2013-04-16 09:00:00,0.85,791.8766,1.0
2013-04-16 10:00:00,0.8,972.4498,1.0
2013-04-16 11:00:00,0.85,924.1353,1.0
2013-04-16 12:00:00,0.76,940.4757,1.0
2013-04-16 13:00:00,0.6,873.99615,1.0
2013-04-16 14:00:00,0.48,730.65497,1.0
2013-04-16 15:00:00,0.85,551.57855,1.0
2013-04-16 16:00:00,0.97,312.7103,1.0
2013-04-16 17:00:00,0.95,124.358696,1.0
2013-04-16 18:00:00,0.93,13.231983,0.6633333333333333
2013-04-16 19:00:00,1.0,0.0,0.0
2013-04-16 20:00:00,0.99,0.0,0.0
2013-04-16 21:00:00,0.99,0.0,0.0
2013-04-16 22:00:00,1.0,0.0,0.0
2013-04-16 23:00:00,1.0,0.0,0.0
2013-04-17 00:00:00,1.0,0.0,0.0
2013-04-17 01:00:00,0.99,0.0,0.0
2013-04-17 02:00:00,0.99,0.0,0.0
2013-04-17 03:00:00,0.78,0.0,0.0
2013-04-17 04:00:00,0.96,0.0,0.0
2013-04-17 05:00:00,0.92,10.298579,0.68
2013-04-17 06:00:00,0.84,116.147514,1.0
2013-04-17 07:00:00,1.0,256.25653,1.0
2013-04-17 08:00:00,1.0,369.83774,1.0
2013-04-17 09:00:00,0.99,530.892,1.0
2013-04-17 10:00:00,1.0,644.627,1.0
2013-04-17 11:00:00,1.0,628.3361,1.0
2013-04-17 12:00:00,0.99,476.91037,1.0
2013-04-17 13:00:00,1.0,396.38498,1.0
2013-04-17 14:00:00,0.99,313.95667,1.0
2013-04-17 15:00:00,0.98,230.59016,1.0
2013-04-17 16:00:00,0.98,181.99417,1.0
2013-04-17 17:00:00,1.0,64.604996,1.0
2013-04-17 18:00:00,1.0,8.945308,0.68
2013-04-17 19:00:00,1.0,0.0,0.0
2013-04-17 20:00:00,1.0,0.0,0.0
2013-04-17 21:00:00,1.0,0.0,0.0
2013-04-17 22:00:00,1.0,0.0,0.0
2013-04-17 23:00:00,1.0,0.0,0.0
2013-04-18 00:00:00,0.97,0.0,0.0
2013-04-18 01:00:00,0.96,0.0,0.0
2013-04-18 02:00:00,0.94,0.0,0.0
2013-04-18 03:00:00,0.95,0.0,0.0
2013-04-18 04:00:00,0.97,0.0,0.0
2013-04-18 05:00:00,0.94,22.003763,0.7038888888888889
2013-04-18 06:00:00,0.85,175.13962,1.0
2013-04-18 07:00:00,0.75,344.5482,1.0
2013-04-18 08:00:00,0.82,585.80225,1.0
2013-04-18 09:00:00,0.76,841.93744,1.0
2013-04-18 10:00:00,0.93,1013.75195,1.0
2013-04-18 11:00:00,0.99,1032.4956,1.0
2013-04-18 12:00:00,1.0,1005.55707,1.0
2013-04-18 13:00:00,1.0,959.44653,1.0
2013-04-18 14:00:00,0.99,824.94977,1.0
2013-04-18 15:00:00,0.55,637.73376,1.0
2013-04-18 16:00:00,0.21,406.05545,1.0
2013-04-18 17:00:00,0.21,169.57933,1.0
2013-04-18 18:00:00,0.12,14.76816,0.6966666666666667
2013-04-18 19:00:00,0.01,0.0,0.0
2013-04-18 20:00:00,0.0,0.0,0.0
2013-04-18 21:00:00,0.0,0.0,0.0
2013-04-18 22:00:00,0.0,0.0,0.0
2013-04-18 23:00:00,0.01,0.0,0.0
2013-04-19 00:00:00,0.0,0.0,0.0
2013-04-19 01:00:00,0.0,0.0,0.0
2013-04-19 02:00:00,0.02,0.0,0.0
2013-04-19 03:00:00,0.0,0.0,0.0
2013-04-19 04:00:00,0.0,0.0,0.0
2013-04-19 05:00:00,0.0,30.995113,0.7272222222222222
2013-04-19 06:00:00,0.0,231.22363,1.0
2013-04-19 07:00:00,0.04,483.9519,1.0
2013-04-19 08:00:00,0.08,718.0849,1.0
2013-04-19 09:00:00,0.34,887.22003,1.0
2013-04-19 10:00:00,0.47,930.3121,1.0
2013-04-19 11:00:00,0.55,1070.1277,1.0
2013-04-19 12:00:00,0.66,1052.6475,1.0
2013-04-19 13:00:00,0.46,962.79895,1.0
2013-04-19 14:00:00,0.46,837.61237,1.0
2013-04-19 15:00:00,0.83,620.1735,1.0
2013-04-19 16:00:00,0.97,379.03543,1.0
2013-04-19 17:00:00,0.99,156.06648,1.0
2013-04-19 18:00:00,1.0,19.080797,0.7133333333333334
2013-04-19 19:00:00,1.0,0.0,0.0
2013-04-19 20:00:00,0.98,0.0,0.0
2013-04-19 21:00:00,0.95,0.0,0.0
2013-04-19 22:00:00,0.98,0.0,0.0
2013-04-19 23:00:00,1.0,0.0,0.0
2013-04-20 00:00:00,0.97,0.0,0.0
2013-04-20 01:00:00,0.98,0.0,0.0
2013-04-20 02:00:00,0.83,0.0,0.0
2013-04-20 03:00:00,0.67,0.0,0.0
2013-04-20 04:00:00,0.51,0.0,0.0
2013-04-20 05:00:00,0.59,27.996372,0.7505555555555555
2013-04-20 06:00:00,0.58,205.00073,1.0
2013-04-20 07:00:00,0.6,440.93552,1.0
2013-04-20 08:00:00,0.74,653.2723,1.0
2013-04-20 09:00:00,0.86,827.25085,1.0
2013-04-20 10:00:00,0.97,923.7219,1.0
2013-04-20 11:00:00,0.95,993.0247,1.0
2013-04-20 12:00:00,0.95,935.35614,1.0
2013-04-20 13:00:00,0.96,804.83673,1.0
2013-04-20 14:00:00,0.97,617.6631,1.0
2013-04-20 15:00:00,1.0,420.09015,1.0
2013-04-20 16:00:00,0.94,229.6071,1.0
2013-04-20 17:00:00,0.9,105.173386,1.0
2013-04-20 18:00:00,0.94,18.379358,0.7297222222222223
2013-04-20 19:00:00,0.87,0.0,0.0
2013-04-20 20:00:00,0.81,0.0,0.0
2013-04-20 21:00:00,0.45,0.0,0.0
2013-04-20 22:00:00,0.1,0.0,0.0
2013-04-20 23:00:00,0.07,0.0,0.0
2013-04-21 00:00:00,0.12,0.0,0.0
2013-04-21 01:00:00,0.15,0.0,0.0
2013-04-21 02:00:00,0.26,0.0,0.0
2013-04-21 03:00:00,0.07,0.0,0.0
2013-04-21 04:00:00,0.16,0.0,0.0
2013-04-21 05:00:00,0.09,29.311466,0.7736111111111111
2013-04-21 06:00:00,0.14,206.41162,1.0
2013-04-21 07:00:00,0.14,458.68976,1.0
2013-04-21 08:00:00,0.16,698.6168,1.0
2013-04-21 09:00:00,0.32,894.802,1.0
2013-04-21 10:00:00,0.31,1020.08136,1.0
2013-04-21 11:00:00,0.5,1068.9714,1.0
2013-04-21 12:00:00,0.93,954.0763,1.0
2013-04-21 13:00:00,0.99,820.1641,1.0
2013-04-21 14:00:00,0.98,673.5806,1.0
2013-04-21 15:00:00,0.98,482.1349,1.0
2013-04-21 16:00:00,0.97,289.53378,1.0
2013-04-21 17:00:00,0.92,125.26683,1.0
2013-04-21 18:00:00,0.9,17.489698,0.7466666666666667
2013-04-21 19:00:00,0.71,0.0,0.0
2013-04-21 20:00:00,0.87,0.0,0.0
2013-04-21 21:00:00,0.98,0.0,0.0
2013-04-21 22:00:00,1.0,0.0,0.0
2013-04-21 23:00:00,0.97,0.0,0.0
2013-04-22 00:00:00,0.6,0.0,0.0
2013-04-22 01:00:00,0.61,0.0,0.0
2013-04-22 02:00:00,0.77,0.0,0.0
2013-04-22 03:00:00,0.78,0.0,0.0
2013-04-22 04:00:00,0.99,0.0,0.0
2013-04-22 05:00:00,0.9,22.26539,0.7963888888888889
2013-04-22 06:00:00,0.54,194.77875,1.0
2013-04-22 07:00:00,0.61,431.77457,1.0
2013-04-22 08:00:00,0.62,636.20166,1.0
2013-04-22 09:00:00,0.59,805.7591,1.0
2013-04-22 10:00:00,0.8,943.76184,1.0
2013-04-22 11:00:00,0.96,607.14685,1.0
2013-04-22 12:00:00,0.84,436.30844,1.0
2013-04-22 13:00:00,0.83,669.57025,1.0
2013-04-22 14:00:00,0.94,459.77225,1.0
2013-04-22 15:00:00,0.98,284.9448,1.0
2013-04-22 16:00:00,0.99,182.35579,1.0
2013-04-22 17:00:00,1.0,95.586365,1.0
2013-04-22 18:00:00,1.0,11.011486,0.7633333333333333
2013-04-22 19:00:00,1.0,0.0,0.0
2013-04-22 20:00:00,1.0,0.0,0.0
2013-04-22 21:00:00,1.0,0.0,0.0
2013-04-22 22:00:00,1.0,0.0,0.0
2013-04-22 23:00:00,1.0,0.0,0.0
2013-04-23 00:00:00,1.0,0.0,0.0
2013-04-23 01:00:00,1.0,0.0,0.0
2013-04-23 02:00:00,1.0,0.0,0.0
2013-04-23 03:00:00,1.0,0.0,0.0
2013-04-23 04:00:00,1.0,0.0,0.0
2013-04-23 05:00:00,1.0,17.976902,0.8191666666666667
2013-04-23 06:00:00,1.0,109.78411,1.0
2013-04-23 07:00:00,0.99,254.82397,1.0
2013-04-23 08:00:00,1.0,405.7257,1.0
2013-04-23 09:00:00,1.0,588.85614,1.0
2013-04-23 10:00:00,0.98,748.1476,1.0
2013-04-23 11:00:00,0.92,943.5147,1.0
2013-04-23 12:00:00,0.93,963.21484,1.0
2013-04-23 13:00:00,0.79,888.86554,1.0
2013-04-23 14:00:00,0.84,774.95386,1.0
2013-04-23 15:00:00,0.27,631.2788,1.0
2013-04-23 16:00:00,0.04,378.01056,1.0
2013-04-23 17:00:00,0.0,178.72116,1.0
2013-04-23 18:00:00,0.02,19.457254,0.78
2013-04-23 19:00:00,0.01,0.0,0.0
2013-04-23 20:00:00,0.01,0.0,0.0
2013-04-23 21:00:00,0.0,0.0,0.0
2013-04-23 22:00:00,0.0,0.0,0.0
2013-04-23 23:00:00,0.0,0.0,0.0
2013-04-24 00:00:00,0.03,0.0,0.0
2013-04-24 01:00:00,0.94,0.0,0.0
2013-04-24 02:00:00,1.0,0.0,0.0
2013-04-24 03:00:00,1.0,0.0,0.0
2013-04-24 04:00:00,1.0,0.0,0.0
2013-04-24 05:00:00,1.0,32.17292,0.8416666666666667
2013-04-24 06:00:00,0.32,193.00647,1.0
2013-04-24 07:00:00,0.51,431.4008,1.0
2013-04-24 08:00:00,0.15,675.4948,1.0
2013-04-24 09:00:00,0.23,853.8626,1.0
2013-04-24 10:00:00,0.4,945.94135,1.0
2013-04-24 11:00:00,0.41,1038.0585,1.0
2013-04-24 12:00:00,0.66,1077.3037,1.0
2013-04-24 13:00:00,0.45,993.125,1.0
2013-04-24 14:00:00,0.51,853.39435,1.0
2013-04-24 15:00:00,0.02,650.7319,1.0
2013-04-24 16:00:00,0.0,421.76672,1.0
2013-04-24 17:00:00,0.0,182.4553,1.0
2013-04-24 18:00:00,0.0,18.713318,0.7969444444444445
2013-04-24 19:00:00,0.0,0.0,0.0
2013-04-24 20:00:00,0.0,0.0,0.0
2013-04-24 21:00:00,0.0,0.0,0.0
2013-04-24 22:00:00,0.0,0.0,0.0
2013-04-24 23:00:00,0.0,0.0,0.0
2013-04-25 00:00:00,0.17,0.0,0.0
2013-04-25 01:00:00,0.66,0.0,0.0
2013-04-25 02:00:00,0.86,0.0,0.0
2013-04-25 03:00:00,0.96,0.0,0.0
2013-04-25 04:00:00,0.93,0.0,0.0
2013-04-25 05:00:00,0.92,35.400196,0.8641666666666666
2013-04-25 06:00:00,0.8,207.00223,1.0
2013-04-25 07:00:00,0.04,480.34222,1.0
2013-04-25 08:00:00,0.0,726.86414,1.0
2013-04-25 09:00:00,0.03,892.5462,1.0
2013-04-25 10:00:00,0.23,1033.5437,1.0
2013-04-25 11:00:00,0.58,1079.01,1.0
2013-04-25 12:00:00,0.24,1041.5525,1.0
2013-04-25 13:00:00,0.21,961.42694,1.0
2013-04-25 14:00:00,0.24,813.3077,1.0
2013-04-25 15:00:00,0.7,570.3647,1.0
2013-04-25 16:00:00,0.89,352.16168,1.0
2013-04-25 17:00:00,0.95,151.24442,1.0
2013-04-25 18:00:00,0.97,21.23431,0.8136111111111111
2013-04-25 19:00:00,0.85,0.0,0.0
2013-04-25 20:00:00,0.99,0.0,0.0
2013-04-25 21:00:00,1.0,0.0,0.0
2013-04-25 22:00:00,1.0,0.0,0.0
2013-04-25 23:00:00,1.0,0.0,0.0
2013-04-26 00:00:00,0.96,0.0,0.0
2013-04-26 01:00:00,0.6,0.0,0.0
2013-04-26 02:00:00,0.21,0.0,0.0
2013-04-26 03:00:00,0.0,0.0,0.0
2013-04-26 04:00:00,0.0,0.0,0.0
2013-04-26 05:00:00,0.0,45.024494,0.8863888888888889
2013-04-26 06:00:00,0.16,249.00117,1.0
2013-04-26 07:00:00,0.01,491.17838,1.0
2013-04-26 08:00:00,0.0,714.04987,1.0
2013-04-26 09:00:00,0.0,895.7099,1.0
2013-04-26 10:00:00,0.01,1009.8101,1.0
2013-04-26 11:00:00,0.03,1052.6118,1.0
2013-04-26 12:00:00,0.07,1041.5673,1.0
2013-04-26 13:00:00,0.22,817.8475,1.0
2013-04-26 14:00:00,0.27,805.6213,1.0
2013-04-26 15:00:00,0.47,589.87695,1.0
2013-04-26 16:00:00,0.44,388.203,1.0
2013-04-26 17:00:00,0.16,170.76193,1.0
2013-04-26 18:00:00,0.02,18.878592,0.8305555555555556
2013-04-26 19:00:00,0.01,0.0,0.0
2013-04-26 20:00:00,0.02,0.0,0.0
2013-04-26 21:00:00,0.02,0.0,0.0
2013-04-26 22:00:00,0.0,0.0,0.0
2013-04-26 23:00:00,0.0,0.0,0.0
2013-04-27 00:00:00,0.0,0.0,0.0
2013-04-27 01:00:00,0.0,0.0,0.0
2013-04-27 02:00:00,0.0,0.0,0.0
2013-04-27 03:00:00,0.0,0.0,0.0
2013-04-27 04:00:00,0.0,0.0,0.0
2013-04-27 05:00:00,0.0,46.76367,0.9083333333333333
2013-04-27 06:00:00,0.0,250.4103,1.0
2013-04-27 07:00:00,0.0,491.39743,1.0
2013-04-27 08:00:00,0.0,715.3697,1.0
2013-04-27 09:00:00,0.0,897.0673,1.0
2013-04-27 10:00:00,0.0,1021.26105,1.0
2013-04-27 11:00:00,0.0,1080.7151,1.0
2013-04-27 12:00:00,0.0,1075.1483,1.0
2013-04-27 13:00:00,0.0,979.634,1.0
2013-04-27 14:00:00,0.0,830.49036,1.0
2013-04-27 15:00:00,0.0,635.43774,1.0
2013-04-27 16:00:00,0.01,409.63852,1.0
2013-04-27 17:00:00,0.0,179.89877,1.0
2013-04-27 18:00:00,0.0,19.253767,0.8472222222222222
2013-04-27 19:00:00,0.0,0.0,0.0
2013-04-27 20:00:00,0.0,0.0,0.0
2013-04-27 21:00:00,0.0,0.0,0.0
2013-04-27 22:00:00,0.0,0.0,0.0
2013-04-27 23:00:00,0.0,0.0,0.0
2013-04-28 00:00:00,0.0,0.0,0.0
2013-04-28 01:00:00,0.0,0.0,0.0
2013-04-28 02:00:00,0.0,0.0,0.0
2013-04-28 03:00:00,0.03,0.0,0.0
2013-04-28 04:00:00,0.0,0.0,0.0
2013-04-28 05:00:00,0.0,48.523243,0.9302777777777778
2013-04-28 06:00:00,0.04,251.83258,1.0
2013-04-28 07:00:00,0.19,491.63184,1.0
2013-04-28 08:00:00,0.25,711.2264,1.0
2013-04-28 09:00:00,0.23,889.7161,1.0
2013-04-28 10:00:00,0.04,1009.5106,1.0
2013-04-28 11:00:00,0.0,1062.3896,1.0
2013-04-28 12:00:00,0.27,1020.6684,1.0
2013-04-28 13:00:00,0.25,958.52057,1.0
2013-04-28 14:00:00,0.03,818.5946,1.0
2013-04-28 15:00:00,0.52,605.301,1.0
2013-04-28 16:00:00,0.55,349.7449,1.0
2013-04-28 17:00:00,0.25,172.78975,1.0
2013-04-28 18:00:00,0.23,21.026245,0.8641666666666666
2013-04-28 19:00:00,0.42,0.0,0.0
2013-04-28 20:00:00,0.71,0.0,0.0
2013-04-28 21:00:00,0.91,0.0,0.0
2013-04-28 22:00:00,0.96,0.0,0.0
2013-04-28 23:00:00,0.96,0.0,0.0
2013-04-29 00:00:00,0.98,0.0,0.0
2013-04-29 01:00:00,0.73,0.0,0.0
2013-04-29 02:00:00,0.02,0.0,0.0
2013-04-29 03:00:00,0.26,0.0,0.0
2013-04-29 04:00:00,0.07,0.0,0.0
2013-04-29 05:00:00,0.0,49.243786,0.9516666666666667
2013-04-29 06:00:00,0.0,250.02669,1.0
2013-04-29 07:00:00,0.0,486.41925,1.0
2013-04-29 08:00:00,0.06,706.81476,1.0
2013-04-29 09:00:00,0.25,885.18915,1.0
2013-04-29 10:00:00,0.17,1005.4046,1.0
2013-04-29 11:00:00,0.01,1062.4905,1.0
2013-04-29 12:00:00,0.0,1048.6427,1.0
2013-04-29 13:00:00,0.0,966.4255,1.0
2013-04-29 14:00:00,0.02,801.1171,1.0
2013-04-29 15:00:00,0.28,611.9925,1.0
2013-04-29 16:00:00,0.9,392.8123,1.0
2013-04-29 17:00:00,0.97,161.3064,1.0
2013-04-29 18:00:00,0.97,26.687551,0.8808333333333334
2013-04-29 19:00:00,0.66,0.0,0.0
2013-04-29 20:00:00,0.61,0.0,0.0
2013-04-29 21:00:00,0.83,0.0,0.0
2013-04-29 22:00:00,0.91,0.0,0.0
2013-04-29 23:00:00,0.91,0.0,0.0
2013-04-30 00:00:00,0.87,0.0,0.0
2013-04-30 01:00:00,0.78,0.0,0.0
2013-04-30 02:00:00,0.47,0.0,0.0
2013-04-30 03:00:00,0.62,0.0,0.0
2013-04-30 04:00:00,0.5,0.0,0.0
2013-04-30 05:00:00,0.59,51.95463,0.9727777777777777
2013-04-30 06:00:00,0.49,243.70348,1.0
2013-04-30 07:00:00,0.04,476.59756,1.0
2013-04-30 08:00:00,0.16,679.75977,1.0
2013-04-30 09:00:00,0.39,838.8605,1.0
2013-04-30 10:00:00,0.82,922.3742,1.0
2013-04-30 11:00:00,0.59,948.5108,1.0
2013-04-30 12:00:00,0.7,921.14716,1.0
2013-04-30 13:00:00,0.92,686.91864,1.0
2013-04-30 14:00:00,0.91,540.4217,1.0
2013-04-30 15:00:00,0.93,330.12033,1.0
2013-04-30 16:00:00,0.93,280.4562,1.0
2013-04-30 17:00:00,0.97,144.51698,1.0
2013-04-30 18:00:00,0.87,21.966032,0.8977777777777778
2013-04-30 19:00:00,0.82,0.0,0.0
2013-04-30 20:00:00,0.86,0.0,0.0
2013-04-30 21:00:00,0.83,0.0,0.0
2013-04-30 22:00:00,0.97,0.0,0.0
2013-04-30 23:00:00,0.99,0.0,0.0
2013-05-01 00:00:00,1.0,0.0,0.0
2013-05-01 01:00:00,1.0,0.0,0.0
2013-05-01 02:00:00,1.0,0.0,0.0
2013-05-01 03:00:00,1.0,0.0,0.0
2013-05-01 04:00:00,1.0,0.0,0.0
2013-05-01 05:00:00,1.0,13.914923,0.9936111111111111
2013-05-01 06:00:00,1.0,99.62863,1.0
2013-05-01 07:00:00,1.0,238.1347,1.0
2013-05-01 08:00:00,1.0,406.4096,1.0
2013-05-01 09:00:00,1.0,428.42224,1.0
2013-05-01 10:00:00,1.0,369.71164,1.0
2013-05-01 11:00:00,1.0,256.50726,1.0
2013-05-01 12:00:00,1.0,292.21338,1.0
2013-05-01 13:00:00,1.0,266.7138,1.0
2013-05-01 14:00:00,0.99,273.32886,1.0
2013-05-01 15:00:00,1.0,269.01703,1.0
2013-05-01 16:00:00,1.0,158.03378,1.0
2013-05-01 17:00:00,1.0,87.16551,1.0
2013-05-01 18:00:00,1.0,15.902769,0.9144444444444444
2013-05-01 19:00:00,0.99,0.0,0.0
2013-05-01 20:00:00,0.99,0.0,0.0
2013-05-01 21:00:00,0.99,0.0,0.0
2013-05-01 22:00:00,0.99,0.0,0.0
2013-05-01 23:00:00,0.97,0.0,0.0
2013-05-02 00:00:00,0.93,0.0,0.0
2013-05-02 01:00:00,0.8,0.0,0.0
2013-05-02 02:00:00,0.59,0.0,0.0
2013-05-02 03:00:00,0.67,0.0,0.0
2013-05-02 04:00:00,0.67,0.0,0.014166666666666666
2013-05-02 05:00:00,0.73,46.506195,1.0
2013-05-02 06:00:00,0.5,265.932,1.0
2013-05-02 07:00:00,0.58,471.65738,1.0
2013-05-02 08:00:00,0.34,726.91266,1.0
2013-05-02 09:00:00,0.48,913.2259,1.0
2013-05-02 10:00:00,0.55,1036.5397,1.0
2013-05-02 11:00:00,0.54,1113.092,1.0
2013-05-02 12:00:00,0.45,1105.9688,1.0
2013-05-02 13:00:00,0.0,1026.8585,1.0
2013-05-02 14:00:00,0.0,877.6657,1.0
2013-05-02 15:00:00,0.4,669.9038,1.0
2013-05-02 16:00:00,0.0,443.754,1.0
2013-05-02 17:00:00,0.0,205.86215,1.0
2013-05-02 18:00:00,0.0,27.466974,0.9311111111111111
2013-05-02 19:00:00,0.0,0.0,0.0
2013-05-02 20:00:00,0.0,0.0,0.0
2013-05-02 21:00:00,0.0,0.0,0.0
2013-05-02 22:00:00,0.0,0.0,0.0
2013-05-02 23:00:00,0.0,0.0,0.0
2013-05-03 00:00:00,0.0,0.0,0.0
2013-05-03 01:00:00,0.0,0.0,0.0
2013-05-03 02:00:00,0.0,0.0,0.0
2013-05-03 03:00:00,0.0,0.0,0.0
2013-05-03 04:00:00,0.0,0.0,0.034444444444444444
2013-05-03 05:00:00,0.0,64.90332,1.0
2013-05-03 06:00:00,0.0,283.55905,1.0
2013-05-03 07:00:00,0.0,528.63153,1.0
2013-05-03 08:00:00,0.0,752.8367,1.0
2013-05-03 09:00:00,0.07,933.94617,1.0
2013-05-03 10:00:00,0.35,1057.833,1.0
2013-05-03 11:00:00,0.33,1111.83,1.0
2013-05-03 12:00:00,0.39,1093.1914,1.0
2013-05-03 13:00:00,0.78,999.3739,1.0
2013-05-03 14:00:00,0.98,837.8671,1.0
2013-05-03 15:00:00,0.97,622.4138,1.0
2013-05-03 16:00:00,0.9,404.04538,1.0
2013-05-03 17:00:00,0.77,196.88225,1.0
2013-05-03 18:00:00,0.88,29.477367,0.9477777777777778
2013-05-03 19:00:00,0.93,0.0,0.0
2013-05-03 20:00:00,0.83,0.0,0.0
2013-05-03 21:00:00,0.46,0.0,0.0
2013-05-03 22:00:00,0.17,0.0,0.0
2013-05-03 23:00:00,0.14,0.0,0.0
2013-05-04 00:00:00,0.24,0.0,0.0
2013-05-04 01:00:00,0.16,0.0,0.0
2013-05-04 02:00:00,0.09,0.0,0.0
2013-05-04 03:00:00,0.01,0.0,0.0
2013-05-04 04:00:00,0.07,0.0,0.05416666666666667
2013-05-04 05:00:00,0.06,63.597057,1.0
2013-05-04 06:00:00,0.19,275.8775,1.0
2013-05-04 07:00:00,0.29,511.9061,1.0
2013-05-04 08:00:00,0.42,724.2542,1.0
2013-05-04 09:00:00,0.61,886.1025,1.0
2013-05-04 10:00:00,0.72,1010.3136,1.0
2013-05-04 11:00:00,0.58,1011.4188,1.0
2013-05-04 12:00:00,0.34,1033.9465,1.0
2013-05-04 13:00:00,0.46,821.2996,1.0
2013-05-04 14:00:00,0.53,707.8932,1.0
2013-05-04 15:00:00,0.41,589.66376,1.0
2013-05-04 16:00:00,0.18,358.0043,1.0
2013-05-04 17:00:00,0.29,182.47353,1.0
2013-05-04 18:00:00,0.8,28.941832,0.9641666666666666
2013-05-04 19:00:00,0.99,0.0,0.0
2013-05-04 20:00:00,0.99,0.0,0.0
2013-05-04 21:00:00,0.61,0.0,0.0
2013-05-04 22:00:00,0.34,0.0,0.0
2013-05-04 23:00:00,0.33,0.0,0.0
2013-05-05 00:00:00,0.46,0.0,0.0
2013-05-05 01:00:00,0.53,0.0,0.0
2013-05-05 02:00:00,0.71,0.0,0.0
2013-05-05 03:00:00,0.84,0.0,0.0
2013-05-05 04:00:00,0.91,0.0,0.07333333333333333
2013-05-05 05:00:00,0.97,60.61804,1.0
2013-05-05 06:00:00,0.96,251.24599,1.0
2013-05-05 07:00:00,0.95,482.13672,1.0
2013-05-05 08:00:00,0.99,690.81366,1.0
2013-05-05 09:00:00,0.99,824.48663,1.0
2013-05-05 10:00:00,1.0,968.4444,1.0
2013-05-05 11:00:00,0.98,774.9341,1.0
2013-05-05 12:00:00,0.99,807.3574,1.0
2013-05-05 13:00:00,0.97,811.539,1.0
2013-05-05 14:00:00,1.0,638.2621,1.0
2013-05-05 15:00:00,0.99,502.29236,1.0
2013-05-05 16:00:00,0.99,311.1629,1.0
2013-05-05 17:00:00,0.99,125.118286,1.0
2013-05-05 18:00:00,0.97,27.343933,0.9805555555555555
2013-05-05 19:00:00,0.98,0.0,0.0
2013-05-05 20:00:00,0.99,0.0,0.0
2013-05-05 21:00:00,0.99,0.0,0.0
2013-05-05 22:00:00,1.0,0.0,0.0
2013-05-05 23:00:00,1.0,0.0,0.0
2013-05-06 00:00:00,1.0,0.0,0.0
2013-05-06 01:00:00,0.96,0.0,0.0
2013-05-06 02:00:00,0.69,0.0,0.0
2013-05-06 03:00:00,0.89,0.0,0.0
2013-05-06 04:00:00,0.83,0.0,0.0925
2013-05-06 05:00:00,0.89,59.444862,1.0
2013-05-06 06:00:00,0.95,236.7497,1.0
2013-05-06 07:00:00,1.0,452.88684,1.0
2013-05-06 08:00:00,1.0,638.1022,1.0
2013-05-06 09:00:00,0.97,766.4327,1.0
2013-05-06 10:00:00,0.98,882.0908,1.0
2013-05-06 11:00:00,1.0,910.3812,1.0
2013-05-06 12:00:00,1.0,910.26404,1.0
2013-05-06 13:00:00,0.99,775.4109,1.0
2013-05-06 14:00:00,0.94,652.71796,1.0
2013-05-06 15:00:00,0.95,437.481,1.0
2013-05-06 16:00:00,1.0,288.1518,1.0
2013-05-06 17:00:00,0.95,108.29341,1.0
2013-05-06 18:00:00,0.99,27.096771,0.9969444444444444
2013-05-06 19:00:00,1.0,0.0,0.0
2013-05-06 20:00:00,1.0,0.0,0.0
2013-05-06 21:00:00,0.99,0.0,0.0
2013-05-06 22:00:00,0.99,0.0,0.0
2013-05-06 23:00:00,0.99,0.0,0.0
2013-05-07 00:00:00,0.99,0.0,0.0
2013-05-07 01:00:00,0.98,0.0,0.0
2013-05-07 02:00:00,0.96,0.0,0.0
2013-05-07 03:00:00,0.99,0.0,0.0
2013-05-07 04:00:00,0.95,0.0,0.11083333333333334
2013-05-07 05:00:00,0.94,38.38009,1.0
2013-05-07 06:00:00,0.99,105.42848,1.0
2013-05-07 07:00:00,0.94,279.98093,1.0
2013-05-07 08:00:00,0.92,560.80066,1.0
2013-05-07 09:00:00,0.69,814.61206,1.0
2013-05-07 10:00:00,0.47,903.96875,1.0
2013-05-07 11:00:00,0.38,1011.0844,1.0
2013-05-07 12:00:00,0.26,990.714,1.0
2013-05-07 13:00:00,0.27,842.4964,1.0
2013-05-07 14:00:00,0.71,586.5085,1.0
2013-05-07 15:00:00,0.89,489.13058,1.0
2013-05-07 16:00:00,0.8,328.3772,1.0
2013-05-07 17:00:00,0.92,146.66048,1.0
2013-05-07 18:00:00,0.96,26.644884,1.0
2013-05-07 19:00:00,0.98,0.0,0.013055555555555556
2013-05-07 20:00:00,0.9,0.0,0.0
2013-05-07 21:00:00,0.59,0.0,0.0
2013-05-07 22:00:00,0.47,0.0,0.0
2013-05-07 23:00:00,0.64,0.0,0.0
2013-05-08 00:00:00,0.4,0.0,0.0
2013-05-08 01:00:00,0.43,0.0,0.0
2013-05-08 02:00:00,0.52,0.0,0.0
2013-05-08 03:00:00,0.83,0.0,0.0
2013-05-08 04:00:00,1.0,0.0,0.1288888888888889
2013-05-08 05:00:00,1.0,46.059288,1.0
2013-05-08 06:00:00,0.99,166.59305,1.0
2013-05-08 07:00:00,1.0,310.19775,1.0
2013-05-08 08:00:00,0.99,473.3646,1.0
2013-05-08 09:00:00,1.0,570.5873,1.0
2013-05-08 10:00:00,1.0,276.54565,1.0
2013-05-08 11:00:00,1.0,321.40955,1.0
2013-05-08 12:00:00,1.0,498.29507,1.0
2013-05-08 13:00:00,1.0,499.42627,1.0
2013-05-08 14:00:00,0.97,466.74463,1.0
2013-05-08 15:00:00,0.98,399.6111,1.0
2013-05-08 16:00:00,0.98,215.88939,1.0
2013-05-08 17:00:00,0.99,78.19144,1.0
2013-05-08 18:00:00,1.0,21.866308,1.0
2013-05-08 19:00:00,1.0,0.0,0.029166666666666667
2013-05-08 20:00:00,0.99,0.0,0.0
2013-05-08 21:00:00,1.0,0.0,0.0
2013-05-08 22:00:00,1.0,0.0,0.0
2013-05-08 23:00:00,1.0,0.0,0.0
2013-05-09 00:00:00,1.0,0.0,0.0
2013-05-09 01:00:00,1.0,0.0,0.0
2013-05-09 02:00:00,1.0,0.0,0.0
2013-05-09 03:00:00,1.0,0.0,0.0
2013-05-09 04:00:00,1.0,0.0,0.1461111111111111
2013-05-09 05:00:00,0.98,23.610022,1.0
2013-05-09 06:00:00,0.96,148.04047,1.0
2013-05-09 07:00:00,0.99,207.99866,1.0
2013-05-09 08:00:00,0.99,252.43947,1.0
2013-05-09 09:00:00,1.0,549.0218,1.0
2013-05-09 10:00:00,0.98,646.59454,1.0
2013-05-09 11:00:00,1.0,772.6528,1.0
2013-05-09 12:00:00,0.96,688.4857,1.0
2013-05-09 13:00:00,0.95,584.18066,1.0
2013-05-09 14:00:00,0.97,453.86322,1.0
2013-05-09 15:00:00,0.89,329.16312,1.0
2013-05-09 16:00:00,0.75,272.477,1.0
2013-05-09 17:00:00,0.64,140.33194,1.0
2013-05-09 18:00:00,0.44,33.190224,1.0
2013-05-09 19:00:00,0.47,0.0,0.04527777777777778
2013-05-09 20:00:00,0.35,0.0,0.0
2013-05-09 21:00:00,0.2,0.0,0.0
2013-05-09 22:00:00,0.2,0.0,0.0
2013-05-09 23:00:00,0.24,0.0,0.0
2013-05-10 00:00:00,0.24,0.0,0.0
2013-05-10 01:00:00,0.38,0.0,0.0
2013-05-10 02:00:00,0.7,0.0,0.0
2013-05-10 03:00:00,0.69,0.0,0.0
2013-05-10 04:00:00,0.54,0.0,0.16305555555555556
2013-05-10 05:00:00,0.59,71.78849,1.0
2013-05-10 06:00:00,0.71,277.79077,1.0
2013-05-10 07:00:00,0.35,508.24823,1.0
2013-05-10 08:00:00,0.13,706.4251,1.0
2013-05-10 09:00:00,0.13,859.4642,1.0
2013-05-10 10:00:00,0.29,888.9601,1.0
2013-05-10 11:00:00,0.31,877.8185,1.0
2013-05-10 12:00:00,0.26,980.23615,1.0
2013-05-10 13:00:00,0.19,876.34094,1.0
2013-05-10 14:00:00,0.07,783.6879,1.0
2013-05-10 15:00:00,0.35,611.6478,1.0
2013-05-10 16:00:00,0.27,375.20715,1.0
2013-05-10 17:00:00,0.09,190.22516,1.0
2013-05-10 18:00:00,0.09,30.30188,1.0
2013-05-10 19:00:00,0.05,0.0,0.060833333333333336
2013-05-10 20:00:00,0.04,0.0,0.0
2013-05-10 21:00:00,0.0,0.0,0.0
2013-05-10 22:00:00,0.02,0.0,0.0
2013-05-10 23:00:00,0.04,0.0,0.0
2013-05-11 00:00:00,0.0,0.0,0.0
2013-05-11 01:00:00,0.01,0.0,0.0
2013-05-11 02:00:00,0.06,0.0,0.0
2013-05-11 03:00:00,0.11,0.0,0.0
2013-05-11 04:00:00,0.16,0.0,0.17972222222222223
2013-05-11 05:00:00,0.22,74.01244,1.0
2013-05-11 06:00:00,0.02,274.84888,1.0
2013-05-11 07:00:00,0.0,506.0453,1.0
2013-05-11 08:00:00,0.0,721.67444,1.0
2013-05-11 09:00:00,0.02,889.21716,1.0
2013-05-11 10:00:00,0.23,975.0697,1.0
2013-05-11 11:00:00,0.4,1010.16406,1.0
2013-05-11 12:00:00,0.54,984.8399,1.0
2013-05-11 13:00:00,0.46,884.91516,1.0
2013-05-11 14:00:00,0.54,710.8605,1.0
2013-05-11 15:00:00,0.74,572.2226,1.0
2013-05-11 16:00:00,0.47,372.0414,1.0
2013-05-11 17:00:00,0.39,185.41466,1.0
2013-05-11 18:00:00,0.59,33.792953,1.0
2013-05-11 19:00:00,0.73,0.0,0.07694444444444444
2013-05-11 20:00:00,0.93,0.0,0.0
2013-05-11 21:00:00,0.95,0.0,0.0
2013-05-11 22:00:00,0.96,0.0,0.0
2013-05-11 23:00:00,0.86,0.0,0.0
2013-05-12 00:00:00,0.53,0.0,0.0
2013-05-12 01:00:00,0.31,0.0,0.0
2013-05-12 02:00:00,0.29,0.0,0.0
2013-05-12 03:00:00,0.42,0.0,0.0
2013-05-12 04:00:00,0.22,0.0,0.19611111111111112
2013-05-12 05:00:00,0.04,74.6487,1.0
2013-05-12 06:00:00,0.0,278.04242,1.0
2013-05-12 07:00:00,0.0,508.3079,1.0
2013-05-12 08:00:00,0.0,720.31335,1.0
2013-05-12 09:00:00,0.26,892.73755,1.0
2013-05-12 10:00:00,0.44,955.558,1.0
2013-05-12 11:00:00,0.51,1044.3634,1.0
2013-05-12 12:00:00,0.44,903.19354,1.0
2013-05-12 13:00:00,0.74,828.6829,1.0
2013-05-12 14:00:00,0.79,783.7418,1.0
2013-05-12 15:00:00,0.4,560.98016,1.0
2013-05-12 16:00:00,0.2,358.61475,1.0
2013-05-12 17:00:00,0.4,180.09715,1.0
2013-05-12 18:00:00,0.51,32.79971,1.0
2013-05-12 19:00:00,0.68,0.0,0.09277777777777778
2013-05-12 20:00:00,0.33,0.0,0.0
2013-05-12 21:00:00,0.16,0.0,0.0
2013-05-12 22:00:00,0.06,0.0,0.0
2013-05-12 23:00:00,0.05,0.0,0.0
2013-05-13 00:00:00,0.0,0.0,0.0
2013-05-13 01:00:00,0.03,0.0,0.0
2013-05-13 02:00:00,0.12,0.0,0.0
2013-05-13 03:00:00,0.5,0.0,0.0
2013-05-13 04:00:00,0.76,0.0,0.21194444444444444
2013-05-13 05:00:00,0.64,74.20367,1.0
2013-05-13 06:00:00,0.01,275.5965,1.0
2013-05-13 07:00:00,0.0,500.46942,1.0
2013-05-13 08:00:00,0.0,710.1548,1.0
2013-05-13 09:00:00,0.02,882.6268,1.0
2013-05-13 10:00:00,0.25,996.624,1.0
2013-05-13 11:00:00,0.39,1028.5565,1.0
2013-05-13 12:00:00,0.59,971.3103,1.0
2013-05-13 13:00:00,0.7,926.9344,1.0
2013-05-13 14:00:00,0.57,777.5829,1.0
2013-05-13 15:00:00,0.84,588.0617,1.0
2013-05-13 16:00:00,0.89,377.71866,1.0
2013-05-13 17:00:00,0.56,179.75298,1.0
2013-05-13 18:00:00,0.48,31.301113,1.0
2013-05-13 19:00:00,0.13,0.0,0.10833333333333334
2013-05-13 20:00:00,0.08,0.0,0.0
2013-05-13 21:00:00,0.01,0.0,0.0
2013-05-13 22:00:00,0.0,0.0,0.0
2013-05-13 23:00:00,0.0,0.0,0.0
2013-05-14 00:00:00,0.0,0.0,0.0
2013-05-14 01:00:00,0.05,0.0,0.0
2013-05-14 02:00:00,0.55,0.0,0.0
2013-05-14 03:00:00,0.43,0.0,0.0
2013-05-14 04:00:00,0.39,0.0,0.2275
2013-05-14 05:00:00,0.36,76.72693,1.0
2013-05-14 06:00:00,0.31,279.1655,1.0
2013-05-14 07:00:00,0.21,508.32413,1.0
2013-05-14 08:00:00,0.21,719.0599,1.0
2013-05-14 09:00:00,0.38,890.34735,1.0
2013-05-14 10:00:00,0.37,1006.7285,1.0
2013-05-14 11:00:00,0.39,977.31635,1.0
2013-05-14 12:00:00,0.33,905.1281,1.0
2013-05-14 13:00:00,0.39,724.49097,1.0
2013-05-14 14:00:00,0.88,686.2427,1.0
2013-05-14 15:00:00,1.0,407.4482,1.0
2013-05-14 16:00:00,1.0,224.92136,1.0
2013-05-14 17:00:00,1.0,146.61412,1.0
2013-05-14 18:00:00,1.0,39.864338,1.0
2013-05-14 19:00:00,1.0,0.0,0.12416666666666666
2013-05-14 20:00:00,1.0,0.0,0.0
2013-05-14 21:00:00,1.0,0.0,0.0
2013-05-14 22:00:00,1.0,0.0,0.0
2013-05-14 23:00:00,0.99,0.0,0.0
2013-05-15 00:00:00,0.95,0.0,0.0
2013-05-15 01:00:00,0.97,0.0,0.0
2013-05-15 02:00:00,0.88,0.0,0.0
2013-05-15 03:00:00,0.8,0.0,0.0
2013-05-15 04:00:00,0.75,0.0,0.2425
2013-05-15 05:00:00,0.49,65.71931,1.0
2013-05-15 06:00:00,0.54,233.84837,1.0
2013-05-15 07:00:00,0.77,442.87668,1.0
2013-05-15 08:00:00,0.57,621.624,1.0
2013-05-15 09:00:00,0.28,738.31885,1.0
2013-05-15 10:00:00,0.73,737.0928,1.0
2013-05-15 11:00:00,0.87,829.77686,1.0
2013-05-15 12:00:00,0.78,812.64056,1.0
2013-05-15 13:00:00,0.56,670.3864,1.0
2013-05-15 14:00:00,0.65,419.60693,1.0
2013-05-15 15:00:00,0.94,280.96445,1.0
2013-05-15 16:00:00,1.0,181.96388,1.0
2013-05-15 17:00:00,1.0,144.34335,1.0
2013-05-15 18:00:00,1.0,33.763577,1.0
2013-05-15 19:00:00,1.0,0.0,0.14
2013-05-15 20:00:00,1.0,0.0,0.0
2013-05-15 21:00:00,1.0,0.0,0.0
2013-05-15 22:00:00,1.0,0.0,0.0
2013-05-15 23:00:00,1.0,0.0,0.0
2013-05-16 00:00:00,0.97,0.0,0.0
2013-05-16 01:00:00,0.91,0.0,0.0
2013-05-16 02:00:00,0.75,0.0,0.0
2013-05-16 03:00:00,0.06,0.0,0.0
2013-05-16 04:00:00,0.06,0.0,0.25722222222222224
2013-05-16 05:00:00,0.0,76.37583,1.0
2013-05-16 06:00:00,0.05,276.08524,1.0
2013-05-16 07:00:00,0.0,506.85553,1.0
2013-05-16 08:00:00,0.0,719.70215,1.0
2013-05-16 09:00:00,0.21,893.2107,1.0
2013-05-16 10:00:00,0.19,984.6871,1.0
2013-05-16 11:00:00,0.4,1008.4517,1.0
2013-05-16 12:00:00,0.48,948.2675,1.0
2013-05-16 13:00:00,0.49,872.7247,1.0
2013-05-16 14:00:00,0.45,796.171,1.0
2013-05-16 15:00:00,0.67,586.6319,1.0
2013-05-16 16:00:00,0.35,406.24625,1.0
2013-05-16 17:00:00,0.34,191.38608,1.0
2013-05-16 18:00:00,0.35,34.226463,1.0
2013-05-16 19:00:00,0.25,0.0,0.15555555555555556
2013-05-16 20:00:00,0.31,0.0,0.0
2013-05-16 21:00:00,0.45,0.0,0.0
2013-05-16 22:00:00,0.35,0.0,0.0
2013-05-16 23:00:00,0.03,0.0,0.0
2013-05-17 00:00:00,0.0,0.0,0.0
2013-05-17 01:00:00,0.0,0.0,0.0
2013-05-17 02:00:00,0.0,0.0,0.0
2013-05-17 03:00:00,0.04,0.0,0.0
2013-05-17 04:00:00,0.24,0.0,0.2713888888888889
2013-05-17 05:00:00,0.1,81.453255,1.0
2013-05-17 06:00:00,0.04,288.05807,1.0
2013-05-17 07:00:00,0.0,522.3811,1.0
2013-05-17 08:00:00,0.0,732.95483,1.0
2013-05-17 09:00:00,0.0,907.2799,1.0
2013-05-17 10:00:00,0.0,1026.8411,1.0
2013-05-17 11:00:00,0.17,1034.8217,1.0
2013-05-17 12:00:00,0.35,1057.8354,1.0
2013-05-17 13:00:00,0.32,958.01965,1.0
2013-05-17 14:00:00,0.33,814.70306,1.0
2013-05-17 15:00:00,0.58,616.3862,1.0
2013-05-17 16:00:00,0.92,391.43402,1.0
2013-05-17 17:00:00,0.92,199.82224,1.0
2013-05-17 18:00:00,0.85,41.470093,1.0
2013-05-17 19:00:00,0.46,0.0,0.1711111111111111
2013-05-17 20:00:00,0.02,0.0,0.0
2013-05-17 21:00:00,0.0,0.0,0.0
2013-05-17 22:00:00,0.0,0.0,0.0
2013-05-17 23:00:00,0.09,0.0,0.0
2013-05-18 00:00:00,0.24,0.0,0.0
2013-05-18 01:00:00,0.61,0.0,0.0
2013-05-18 02:00:00,0.83,0.0,0.0
2013-05-18 03:00:00,0.83,0.0,0.0
2013-05-18 04:00:00,0.76,0.99392307,0.2852777777777778
2013-05-18 05:00:00,0.74,79.863594,1.0
2013-05-18 06:00:00,0.44,279.19034,1.0
2013-05-18 07:00:00,0.67,354.08432,1.0
2013-05-18 08:00:00,0.89,512.7591,1.0
2013-05-18 09:00:00,0.98,652.0255,1.0
2013-05-18 10:00:00,1.0,808.97516,1.0
2013-05-18 11:00:00,1.0,778.6338,1.0
2013-05-18 12:00:00,1.0,659.77606,1.0
2013-05-18 13:00:00,0.99,502.22385,1.0
2013-05-18 14:00:00,0.83,386.98605,1.0
2013-05-18 15:00:00,0.9,509.0549,1.0
2013-05-18 16:00:00,0.91,310.7619,1.0
2013-05-18 17:00:00,0.99,140.47786,1.0
2013-05-18 18:00:00,0.98,38.451458,1.0
2013-05-18 19:00:00,0.94,0.0,0.18638888888888888
2013-05-18 20:00:00,0.96,0.0,0.0
2013-05-18 21:00:00,0.91,0.0,0.0
2013-05-18 22:00:00,0.96,0.0,0.0
2013-05-18 23:00:00,0.93,0.0,0.0
2013-05-19 00:00:00,0.8,0.0,0.0
2013-05-19 01:00:00,0.23,0.0,0.0
2013-05-19 02:00:00,0.04,0.0,0.0
2013-05-19 03:00:00,0.89,0.0,0.0
2013-05-19 04:00:00,0.63,1.9878461,0.29888888888888887
2013-05-19 05:00:00,0.78,79.09262,1.0
2013-05-19 06:00:00,0.73,280.70197,1.0
2013-05-19 07:00:00,0.41,504.2903,1.0
2013-05-19 08:00:00,0.38,699.5536,1.0
2013-05-19 09:00:00,0.1,831.4977,1.0
2013-05-19 10:00:00,0.12,949.17664,1.0
2013-05-19 11:00:00,0.32,991.5457,1.0
2013-05-19 12:00:00,0.25,891.29285,1.0
2013-05-19 13:00:00,0.58,785.8927,1.0
2013-05-19 14:00:00,0.79,509.95074,1.0
2013-05-19 15:00:00,0.94,357.41177,1.0
2013-05-19 16:00:00,0.97,272.80402,1.0
2013-05-19 17:00:00,0.98,175.85213,1.0
2013-05-19 18:00:00,0.95,42.462494,1.0
2013-05-19 19:00:00,0.75,0.0,0.20166666666666666
2013-05-19 20:00:00,0.69,0.0,0.0
2013-05-19 21:00:00,0.56,0.0,0.0
2013-05-19 22:00:00,0.46,0.0,0.0
2013-05-19 23:00:00,0.56,0.0,0.0
2013-05-20 00:00:00,0.86,0.0,0.0
2013-05-20 01:00:00,0.97,0.0,0.0
2013-05-20 02:00:00,0.99,0.0,0.0
2013-05-20 03:00:00,1.0,0.0,0.0
2013-05-20 04:00:00,1.0,0.99392307,0.31166666666666665
2013-05-20 05:00:00,1.0,27.829845,1.0
2013-05-20 06:00:00,1.0,88.545845,1.0
2013-05-20 07:00:00,0.99,148.15466,1.0
2013-05-20 08:00:00,0.67,232.66801,1.0
2013-05-20 09:00:00,0.54,538.48083,1.0
2013-05-20 10:00:00,0.74,807.4299,1.0
2013-05-20 11:00:00,0.77,938.30884,1.0
2013-05-20 12:00:00,0.85,803.362,1.0
2013-05-20 13:00:00,0.96,710.99414,1.0
2013-05-20 14:00:00,0.99,510.4869,1.0
2013-05-20 15:00:00,1.0,279.1678,1.0
2013-05-20 16:00:00,0.98,224.73535,1.0
2013-05-20 17:00:00,0.99,150.35085,1.0
2013-05-20 18:00:00,0.95,37.796906,1.0
2013-05-20 19:00:00,0.87,0.0,0.21666666666666667
2013-05-20 20:00:00,0.87,0.0,0.0
2013-05-20 21:00:00,0.87,0.0,0.0
2013-05-20 22:00:00,0.7,0.0,0.0
2013-05-20 23:00:00,0.19,0.0,0.0
2013-05-21 00:00:00,0.21,0.0,0.0
2013-05-21 01:00:00,0.16,0.0,0.0
2013-05-21 02:00:00,0.15,0.0,0.0
2013-05-21 03:00:00,0.21,0.0,0.0
2013-05-21 04:00:00,0.18,1.9878461,0.32416666666666666
2013-05-21 05:00:00,0.19,77.5447,1.0
2013-05-21 06:00:00,0.11,277.74362,1.0
2013-05-21 07:00:00,0.1,490.07208,1.0
2013-05-21 08:00:00,0.2,664.4332,1.0
2013-05-21 09:00:00,0.51,850.7758,1.0
2013-05-21 10:00:00,0.58,878.59784,1.0
2013-05-21 11:00:00,0.47,925.61566,1.0
2013-05-21 12:00:00,0.42,928.04095,1.0
2013-05-21 13:00:00,0.24,940.69965,1.0
2013-05-21 14:00:00,0.41,769.88043,1.0
2013-05-21 15:00:00,0.45,618.9216,1.0
2013-05-21 16:00:00,0.32,384.43372,1.0
2013-05-21 17:00:00,0.11,194.41231,1.0
2013-05-21 18:00:00,0.0,39.36786,1.0
2013-05-21 19:00:00,0.02,0.0,0.2313888888888889
2013-05-21 20:00:00,0.01,0.0,0.0
2013-05-21 21:00:00,0.01,0.0,0.0
2013-05-21 22:00:00,0.02,0.0,0.0
2013-05-21 23:00:00,0.0,0.0,0.0
2013-05-22 00:00:00,0.06,0.0,0.0
2013-05-22 01:00:00,0.16,0.0,0.0
2013-05-22 02:00:00,0.13,0.0,0.0
2013-05-22 03:00:00,0.11,0.0,0.0
2013-05-22 04:00:00,0.01,1.9878461,0.3363888888888889
2013-05-22 05:00:00,0.0,87.94532,1.0
2013-05-22 06:00:00,0.02,292.0328,1.0
2013-05-22 07:00:00,0.14,518.1995,1.0
2013-05-22 08:00:00,0.02,726.42584,1.0
2013-05-22 09:00:00,0.07,896.36237,1.0
2013-05-22 10:00:00,0.53,917.1529,1.0
2013-05-22 11:00:00,0.6,1007.7266,1.0
2013-05-22 12:00:00,0.51,1010.9155,1.0
2013-05-22 13:00:00,0.49,932.0895,1.0
2013-05-22 14:00:00,0.77,582.127,1.0
2013-05-22 15:00:00,0.6,508.152,1.0
2013-05-22 16:00:00,0.37,353.5823,1.0
2013-05-22 17:00:00,0.58,176.70987,1.0
2013-05-22 18:00:00,0.56,41.936096,1.0
2013-05-22 19:00:00,0.22,0.0,0.2461111111111111
2013-05-22 20:00:00,0.43,0.0,0.0
2013-05-22 21:00:00,0.55,0.0,0.0
2013-05-22 22:00:00,0.64,0.0,0.0
2013-05-22 23:00:00,0.62,0.0,0.0
2013-05-23 00:00:00,0.55,0.0,0.0
2013-05-23 01:00:00,0.43,0.0,0.0
2013-05-23 02:00:00,0.51,0.0,0.0
2013-05-23 03:00:00,0.67,0.0,0.0
2013-05-23 04:00:00,0.51,1.9878461,0.3477777777777778
2013-05-23 05:00:00,0.39,59.60325,1.0
2013-05-23 06:00:00,0.42,193.06827,1.0
2013-05-23 07:00:00,0.39,460.2175,1.0
2013-05-23 08:00:00,0.76,524.07263,1.0
2013-05-23 09:00:00,0.93,765.1775,1.0
2013-05-23 10:00:00,0.82,999.3326,1.0
2013-05-23 11:00:00,0.8,951.0052,1.0
2013-05-23 12:00:00,0.82,911.9791,1.0
2013-05-23 13:00:00,0.56,838.0457,1.0
2013-05-23 14:00:00,0.86,619.8674,1.0
2013-05-23 15:00:00,0.73,542.23047,1.0
2013-05-23 16:00:00,0.62,359.14365,1.0
2013-05-23 17:00:00,0.63,196.33475,1.0
2013-05-23 18:00:00,0.39,39.508595,1.0
2013-05-23 19:00:00,0.06,0.0,0.26055555555555554
2013-05-23 20:00:00,0.0,0.0,0.0
2013-05-23 21:00:00,0.0,0.0,0.0
2013-05-23 22:00:00,0.0,0.0,0.0
2013-05-23 23:00:00,0.06,0.0,0.0
2013-05-24 00:00:00,0.18,0.0,0.0
2013-05-24 01:00:00,0.24,0.0,0.0
2013-05-24 02:00:00,0.26,0.0,0.0
2013-05-24 03:00:00,0.56,0.0,0.0
2013-05-24 04:00:00,0.76,2.2451823,0.35888888888888887
2013-05-24 05:00:00,0.9,87.80982,1.0
2013-05-24 06:00:00,0.89,247.1405,1.0
2013-05-24 07:00:00,0.77,426.96762,1.0
2013-05-24 08:00:00,0.48,675.4535,1.0
2013-05-24 09:00:00,0.41,864.3946,1.0
2013-05-24 10:00:00,0.27,1010.38715,1.0
2013-05-24 11:00:00,0.07,1072.96,1.0
2013-05-24 12:00:00,0.13,1052.2401,1.0
2013-05-24 13:00:00,0.08,936.9934,1.0
2013-05-24 14:00:00,0.16,775.8545,1.0
2013-05-24 15:00:00,0.5,561.0695,1.0
2013-05-24 16:00:00,0.83,407.63037,1.0
2013-05-24 17:00:00,0.92,213.83421,1.0
2013-05-24 18:00:00,0.92,45.62851,1.0
2013-05-24 19:00:00,0.89,0.0,0.2747222222222222
2013-05-24 20:00:00,0.87,0.0,0.0
2013-05-24 21:00:00,0.91,0.0,0.0
2013-05-24 22:00:00,0.73,0.0,0.0
2013-05-24 23:00:00,0.4,0.0,0.0
2013-05-25 00:00:00,0.01,0.0,0.0
2013-05-25 01:00:00,0.0,0.0,0.0
2013-05-25 02:00:00,0.0,0.0,0.0
2013-05-25 03:00:00,0.0,0.0,0.0
2013-05-25 04:00:00,0.0,2.2460191,0.36944444444444446
2013-05-25 05:00:00,0.0,95.53615,1.0
2013-05-25 06:00:00,0.0,306.08295,1.0
2013-05-25 07:00:00,0.02,535.5069,1.0
2013-05-25 08:00:00,0.25,744.41296,1.0
2013-05-25 09:00:00,0.22,907.8126,1.0
2013-05-25 10:00:00,0.65,1020.7255,1.0
2013-05-25 11:00:00,0.93,1053.0538,1.0
2013-05-25 12:00:00,0.95,985.7084,1.0
2013-05-25 13:00:00,0.98,832.4864,1.0
2013-05-25 14:00:00,0.94,727.73584,1.0
2013-05-25 15:00:00,0.94,563.21075,1.0
2013-05-25 16:00:00,0.83,405.2814,1.0
2013-05-25 17:00:00,0.69,209.22687,1.0
2013-05-25 18:00:00,0.62,46.336605,1.0
2013-05-25 19:00:00,0.47,1.9878461,0.28833333333333333
2013-05-25 20:00:00,0.32,0.0,0.0
2013-05-25 21:00:00,0.46,0.0,0.0
2013-05-25 22:00:00,0.87,0.0,0.0
2013-05-25 23:00:00,0.91,0.0,0.0
2013-05-26 00:00:00,0.86,0.0,0.0
2013-05-26 01:00:00,0.83,0.0,0.0
2013-05-26 02:00:00,0.77,0.0,0.0
2013-05-26 03:00:00,0.78,0.0,0.0
2013-05-26 04:00:00,0.85,2.981769,0.37972222222222224
2013-05-26 05:00:00,0.81,79.34322,1.0
2013-05-26 06:00:00,0.86,258.0977,1.0
2013-05-26 07:00:00,0.98,484.95953,1.0
2013-05-26 08:00:00,0.99,671.6623,1.0
2013-05-26 09:00:00,0.77,797.4902,1.0
2013-05-26 10:00:00,0.21,988.9799,1.0
2013-05-26 11:00:00,0.14,1004.7522,1.0
2013-05-26 12:00:00,0.75,870.6083,1.0
2013-05-26 13:00:00,0.91,797.6478,1.0
2013-05-26 14:00:00,0.91,582.4081,1.0
2013-05-26 15:00:00,0.9,442.25418,1.0
2013-05-26 16:00:00,0.74,292.19452,1.0
2013-05-26 17:00:00,0.67,178.20879,1.0
2013-05-26 18:00:00,0.51,50.04525,1.0
2013-05-26 19:00:00,0.31,1.9878461,0.30194444444444446
2013-05-26 20:00:00,0.04,0.0,0.0
2013-05-26 21:00:00,0.0,0.0,0.0
2013-05-26 22:00:00,0.0,0.0,0.0
2013-05-26 23:00:00,0.0,0.0,0.0
2013-05-27 00:00:00,0.0,0.0,0.0
2013-05-27 01:00:00,0.0,0.0,0.0
2013-05-27 02:00:00,0.0,0.0,0.0
2013-05-27 03:00:00,0.0,0.0,0.0
2013-05-27 04:00:00,0.0,3.2407434,0.38916666666666666
2013-05-27 05:00:00,0.0,96.279785,1.0
2013-05-27 06:00:00,0.0,304.35797,1.0
2013-05-27 07:00:00,0.0,532.5763,1.0
2013-05-27 08:00:00,0.0,742.767,1.0
2013-05-27 09:00:00,0.15,913.7578,1.0
2013-05-27 10:00:00,0.33,1005.5816,1.0
2013-05-27 11:00:00,0.67,942.4503,1.0
2013-05-27 12:00:00,0.67,959.0587,1.0
2013-05-27 13:00:00,0.7,860.6159,1.0
2013-05-27 14:00:00,0.82,656.7624,1.0
2013-05-27 15:00:00,0.84,510.21255,1.0
2013-05-27 16:00:00,0.95,357.9777,1.0
2013-05-27 17:00:00,0.84,165.3598,1.0
2013-05-27 18:00:00,0.85,45.61804,1.0
2013-05-27 19:00:00,0.88,1.9878461,0.315
2013-05-27 20:00:00,0.82,0.0,0.0
2013-05-27 21:00:00,0.66,0.0,0.0
2013-05-27 22:00:00,0.34,0.0,0.0
2013-05-27 23:00:00,0.12,0.0,0.0
2013-05-28 00:00:00,0.04,0.0,0.0
2013-05-28 01:00:00,0.02,0.0,0.0
2013-05-28 02:00:00,0.48,0.0,0.0
2013-05-28 03:00:00,0.74,0.0,0.0
2013-05-28 04:00:00,0.85,3.2406518,0.39805555555555555
2013-05-28 05:00:00,0.38,93.6965,1.0
2013-05-28 06:00:00,0.27,290.92038,1.0
2013-05-28 07:00:00,0.27,515.6514,1.0
2013-05-28 08:00:00,0.57,714.70514,1.0
2013-05-28 09:00:00,0.97,825.0975,1.0
2013-05-28 10:00:00,0.96,833.0767,1.0
2013-05-28 11:00:00,0.98,813.5326,1.0
2013-05-28 12:00:00,0.99,772.70135,1.0
2013-05-28 13:00:00,0.96,735.28906,1.0
2013-05-28 14:00:00,0.94,613.97095,1.0
2013-05-28 15:00:00,0.99,360.0845,1.0
2013-05-28 16:00:00,0.99,262.81262,1.0
2013-05-28 17:00:00,0.88,141.68507,1.0
2013-05-28 18:00:00,0.55,56.745983,1.0
2013-05-28 19:00:00,0.02,1.9878461,0.3277777777777778
2013-05-28 20:00:00,0.2,0.0,0.0
2013-05-28 21:00:00,0.56,0.0,0.0
2013-05-28 22:00:00,0.97,0.0,0.0
2013-05-28 23:00:00,0.96,0.0,0.0
2013-05-29 00:00:00,0.98,0.0,0.0
2013-05-29 01:00:00,0.97,0.0,0.0
2013-05-29 02:00:00,0.94,0.0,0.0
2013-05-29 03:00:00,0.79,0.0,0.0
2013-05-29 04:00:00,0.93,2.246332,0.4066666666666667
2013-05-29 05:00:00,0.93,77.45672,1.0
2013-05-29 06:00:00,0.89,267.06644,1.0
2013-05-29 07:00:00,0.76,489.41263,1.0
2013-05-29 08:00:00,0.81,699.4395,1.0
2013-05-29 09:00:00,0.79,852.9037,1.0
2013-05-29 10:00:00,0.74,864.5094,1.0
2013-05-29 11:00:00,0.72,638.0763,1.0
2013-05-29 12:00:00,0.73,835.84033,1.0
2013-05-29 13:00:00,0.7,709.0011,1.0
2013-05-29 14:00:00,0.91,676.16656,1.0
2013-05-29 15:00:00,0.75,483.55917,1.0
2013-05-29 16:00:00,0.64,354.7078,1.0
2013-05-29 17:00:00,0.48,190.74806,1.0
2013-05-29 18:00:00,0.64,47.90718,1.0
2013-05-29 19:00:00,0.49,1.9878461,0.3402777777777778
2013-05-29 20:00:00,0.74,0.0,0.0
2013-05-29 21:00:00,0.78,0.0,0.0
2013-05-29 22:00:00,0.35,0.0,0.0
2013-05-29 23:00:00,0.32,0.0,0.0
2013-05-30 00:00:00,0.3,0.0,0.0
2013-05-30 01:00:00,0.39,0.0,0.0
2013-05-30 02:00:00,0.25,0.0,0.0
2013-05-30 03:00:00,0.44,0.0,0.0
2013-05-30 04:00:00,0.18,3.2395754,0.41444444444444445
2013-05-30 05:00:00,0.31,90.56671,1.0
2013-05-30 06:00:00,0.14,283.08838,1.0
2013-05-30 07:00:00,0.08,492.04285,1.0
2013-05-30 08:00:00,0.18,723.7181,1.0
2013-05-30 09:00:00,0.25,869.97766,1.0
2013-05-30 10:00:00,0.24,976.2362,1.0
2013-05-30 11:00:00,0.21,998.14545,1.0
2013-05-30 12:00:00,0.21,1018.40424,1.0
2013-05-30 13:00:00,0.26,948.4338,1.0
2013-05-30 14:00:00,0.34,812.8375,1.0
2013-05-30 15:00:00,0.21,642.91125,1.0
2013-05-30 16:00:00,0.22,443.19946,1.0
2013-05-30 17:00:00,0.29,226.50595,1.0
2013-05-30 18:00:00,0.17,52.25442,1.0
2013-05-30 19:00:00,0.0,1.9893655,0.3522222222222222
2013-05-30 20:00:00,0.0,0.0,0.0
2013-05-30 21:00:00,0.0,0.0,0.0
2013-05-30 22:00:00,0.0,0.0,0.0
2013-05-30 23:00:00,0.0,0.0,0.0
2013-05-31 00:00:00,0.0,0.0,0.0
2013-05-31 01:00:00,0.0,0.0,0.0
2013-05-31 02:00:00,0.0,0.0,0.0
2013-05-31 03:00:00,0.0,0.0,0.0
2013-05-31 04:00:00,0.0,4.2323985,0.4216666666666667
2013-05-31 05:00:00,0.0,100.250275,1.0
2013-05-31 06:00:00,0.0,307.08618,1.0
2013-05-31 07:00:00,0.0,532.9631,1.0
2013-05-31 08:00:00,0.0,716.45245,1.0
2013-05-31 09:00:00,0.04,909.15643,1.0
2013-05-31 10:00:00,0.19,997.98846,1.0
2013-05-31 11:00:00,0.64,976.05865,1.0
2013-05-31 12:00:00,0.53,969.10785,1.0
2013-05-31 13:00:00,0.53,925.3505,1.0
2013-05-31 14:00:00,0.54,813.63824,1.0
2013-05-31 15:00:00,0.94,522.8892,1.0
2013-05-31 16:00:00,0.72,390.2858,1.0
2013-05-31 17:00:00,0.42,192.58652,1.0
2013-05-31 18:00:00,0.88,55.01252,1.0
2013-05-31 19:00:00,0.21,1.9893655,0.3641666666666667
2013-05-31 20:00:00,0.23,0.0,0.0
2013-05-31 21:00:00,0.25,0.0,0.0
2013-05-31 22:00:00,0.49,0.0,0.0
2013-05-31 23:00:00,0.93,0.0,0.0
2013-06-01 00:00:00,0.45,0.0,0.0
2013-06-01 01:00:00,0.27,0.0,0.0
2013-06-01 02:00:00,0.02,0.0,0.0
2013-06-01 03:00:00,0.01,0.0,0.0
2013-06-01 04:00:00,0.02,4.230892,0.42833333333333334
2013-06-01 05:00:00,0.0,94.71025,1.0
2013-06-01 06:00:00,0.16,294.72333,1.0
2013-06-01 07:00:00,0.37,485.88202,1.0
2013-06-01 08:00:00,0.53,689.4039,1.0
2013-06-01 09:00:00,0.84,863.05853,1.0
2013-06-01 10:00:00,0.93,872.33344,1.0
2013-06-01 11:00:00,1.0,594.40186,1.0
2013-06-01 12:00:00,0.91,718.7646,1.0
2013-06-01 13:00:00,0.82,735.1822,1.0
2013-06-01 14:00:00,0.85,670.8255,1.0
2013-06-01 15:00:00,0.76,579.0771,1.0
2013-06-01 16:00:00,0.56,425.6015,1.0
2013-06-01 17:00:00,0.4,221.62201,1.0
2013-06-01 18:00:00,0.03,50.428333,1.0
2013-06-01 19:00:00,0.02,2.9832883,0.37583333333333335
2013-06-01 20:00:00,0.08,0.0,0.0
2013-06-01 21:00:00,0.07,0.0,0.0
2013-06-01 22:00:00,0.0,0.0,0.0
2013-06-01 23:00:00,0.0,0.0,0.0
2013-06-02 00:00:00,0.0,0.0,0.0
2013-06-02 01:00:00,0.0,0.0,0.0
2013-06-02 02:00:00,0.13,0.0,0.0
2013-06-02 03:00:00,0.04,0.0,0.0
2013-06-02 04:00:00,0.09,4.2289977,0.43472222222222223
2013-06-02 05:00:00,0.14,96.85911,1.0
2013-06-02 06:00:00,0.07,297.40567,1.0
2013-06-02 07:00:00,0.01,524.85846,1.0
2013-06-02 08:00:00,0.0,732.7924,1.0
2013-06-02 09:00:00,0.0,902.5761,1.0
2013-06-02 10:00:00,0.0,1021.0388,1.0
2013-06-02 11:00:00,0.0,1074.5237,1.0
2013-06-02 12:00:00,0.03,1054.0247,1.0
2013-06-02 13:00:00,0.04,982.2548,1.0
2013-06-02 14:00:00,0.07,825.9143,1.0
2013-06-02 15:00:00,0.7,640.5433,1.0
2013-06-02 16:00:00,0.19,406.48856,1.0
2013-06-02 17:00:00,0.68,217.4265,1.0
2013-06-02 18:00:00,0.4,55.008434,1.0
2013-06-02 19:00:00,0.07,2.9832883,0.3875
2013-06-02 20:00:00,0.0,0.0,0.0
2013-06-02 21:00:00,0.0,0.0,0.0
2013-06-02 22:00:00,0.0,0.0,0.0
2013-06-02 23:00:00,0.0,0.0,0.0
2013-06-03 00:00:00,0.0,0.0,0.0
2013-06-03 01:00:00,0.0,0.0,0.0
2013-06-03 02:00:00,0.0,0.0,0.0
2013-06-03 03:00:00,0.0,0.0,0.0
2013-06-03 04:00:00,0.0,3.4839349,0.44027777777777777
2013-06-03 05:00:00,0.0,100.743645,1.0
2013-06-03 06:00:00,0.0,306.22913,1.0
2013-06-03 07:00:00,0.0,528.818,1.0
2013-06-03 08:00:00,0.02,734.4138,1.0
2013-06-03 09:00:00,0.16,891.3544,1.0
2013-06-03 10:00:00,0.04,999.42786,1.0
2013-06-03 11:00:00,0.23,1056.2893,1.0
2013-06-03 12:00:00,0.18,1022.51666,1.0
2013-06-03 13:00:00,0.48,824.8675,1.0
2013-06-03 14:00:00,0.5,767.5193,1.0
2013-06-03 15:00:00,0.65,534.58954,1.0
2013-06-03 16:00:00,0.87,373.91046,1.0
2013-06-03 17:00:00,0.62,214.29237,1.0
2013-06-03 18:00:00,0.16,50.50743,1.0
2013-06-03 19:00:00,0.13,2.9832883,0.39861111111111114
2013-06-03 20:00:00,0.17,0.0,0.0
2013-06-03 21:00:00,0.1,0.0,0.0
2013-06-03 22:00:00,0.02,0.0,0.0
2013-06-03 23:00:00,0.0,0.0,0.0
2013-06-04 00:00:00,0.1,0.0,0.0
2013-06-04 01:00:00,0.0,0.0,0.0
2013-06-04 02:00:00,0.0,0.0,0.0
2013-06-04 03:00:00,0.0,0.0,0.0
2013-06-04 04:00:00,0.0,3.4788203,0.4452777777777778
2013-06-04 05:00:00,0.06,99.05599,1.0
2013-06-04 06:00:00,0.17,297.94583,1.0
2013-06-04 07:00:00,0.43,518.0146,1.0
2013-06-04 08:00:00,0.57,723.55115,1.0
2013-06-04 09:00:00,0.0,892.30194,1.0
2013-06-04 10:00:00,0.12,989.3775,1.0
2013-06-04 11:00:00,0.43,955.5689,1.0
2013-06-04 12:00:00,0.48,888.7623,1.0
2013-06-04 13:00:00,0.6,877.7786,1.0
2013-06-04 14:00:00,0.61,699.0199,1.0
2013-06-04 15:00:00,0.88,492.34134,1.0
2013-06-04 16:00:00,0.78,334.48047,1.0
2013-06-04 17:00:00,0.62,203.94327,1.0
2013-06-04 18:00:00,0.48,54.95781,1.0
2013-06-04 19:00:00,0.51,1.9893655,0.4097222222222222
2013-06-04 20:00:00,0.91,0.0,0.0
2013-06-04 21:00:00,1.0,0.0,0.0
2013-06-04 22:00:00,1.0,0.0,0.0
2013-06-04 23:00:00,1.0,0.0,0.0
2013-06-05 00:00:00,1.0,0.0,0.0
2013-06-05 01:00:00,1.0,0.0,0.0
2013-06-05 02:00:00,1.0,0.0,0.0
2013-06-05 03:00:00,1.0,0.0,0.0
2013-06-05 04:00:00,1.0,0.99392307,0.44972222222222225
2013-06-05 05:00:00,1.0,26.551195,1.0
2013-06-05 06:00:00,1.0,80.53965,1.0
2013-06-05 07:00:00,1.0,183.60857,1.0
2013-06-05 08:00:00,1.0,264.40543,1.0
2013-06-05 09:00:00,1.0,305.78708,1.0
2013-06-05 10:00:00,1.0,394.22064,1.0
2013-06-05 11:00:00,0.94,652.5926,1.0
2013-06-05 12:00:00,0.96,716.9715,1.0
2013-06-05 13:00:00,0.98,704.62805,1.0
2013-06-05 14:00:00,0.93,629.6128,1.0
2013-06-05 15:00:00,0.81,424.28253,1.0
2013-06-05 16:00:00,0.86,258.91602,1.0
2013-06-05 17:00:00,0.82,146.36424,1.0
2013-06-05 18:00:00,0.68,39.461475,1.0
2013-06-05 19:00:00,0.63,1.9893655,0.42027777777777775
2013-06-05 20:00:00,0.61,0.0,0.0
2013-06-05 21:00:00,0.51,0.0,0.0
2013-06-05 22:00:00,0.42,0.0,0.0
2013-06-05 23:00:00,0.33,0.0,0.0
2013-06-06 00:00:00,0.06,0.0,0.0
2013-06-06 01:00:00,0.01,0.0,0.0
2013-06-06 02:00:00,0.01,0.0,0.0
2013-06-06 03:00:00,0.0,0.0,0.0
2013-06-06 04:00:00,0.01,3.4670029,0.45361111111111113
2013-06-06 05:00:00,0.0,98.8226,1.0
2013-06-06 06:00:00,0.0,298.4644,1.0
2013-06-06 07:00:00,0.0,516.43164,1.0
2013-06-06 08:00:00,0.0,719.76685,1.0
2013-06-06 09:00:00,0.0,886.39435,1.0
2013-06-06 10:00:00,0.21,990.6466,1.0
2013-06-06 11:00:00,0.32,977.6531,1.0
2013-06-06 12:00:00,0.33,952.77466,1.0
2013-06-06 13:00:00,0.24,904.52374,1.0
2013-06-06 14:00:00,0.18,748.15344,1.0
2013-06-06 15:00:00,0.32,629.19885,1.0
2013-06-06 16:00:00,0.59,437.33102,1.0
2013-06-06 17:00:00,0.79,219.60573,1.0
2013-06-06 18:00:00,0.62,51.735104,1.0
2013-06-06 19:00:00,0.2,2.9832883,0.43083333333333335
2013-06-06 20:00:00,0.02,0.0,0.0
2013-06-06 21:00:00,0.06,0.0,0.0
2013-06-06 22:00:00,0.39,0.0,0.0
2013-06-06 23:00:00,0.5,0.0,0.0
2013-06-07 00:00:00,0.84,0.0,0.0
2013-06-07 01:00:00,0.92,0.0,0.0
2013-06-07 02:00:00,0.93,0.0,0.0
2013-06-07 03:00:00,0.65,0.0,0.0
2013-06-07 04:00:00,0.3,4.214962,0.4572222222222222
2013-06-07 05:00:00,0.57,97.44682,1.0
2013-06-07 06:00:00,0.57,289.2047,1.0
2013-06-07 07:00:00,0.34,490.07846,1.0
2013-06-07 08:00:00,0.25,669.6189,1.0
2013-06-07 09:00:00,0.53,814.1263,1.0
2013-06-07 10:00:00,0.48,889.9601,1.0
2013-06-07 11:00:00,0.24,1018.54175,1.0
2013-06-07 12:00:00,0.38,971.4706,1.0
2013-06-07 13:00:00,0.81,872.7223,1.0
2013-06-07 14:00:00,0.93,724.4777,1.0
2013-06-07 15:00:00,0.52,497.2748,1.0
2013-06-07 16:00:00,0.63,373.42227,1.0
2013-06-07 17:00:00,0.43,211.64235,1.0
2013-06-07 18:00:00,0.13,55.185085,1.0
2013-06-07 19:00:00,0.0,3.9772115,0.44083333333333335
2013-06-07 20:00:00,0.08,0.0,0.0
2013-06-07 21:00:00,0.18,0.0,0.0
2013-06-07 22:00:00,0.08,0.0,0.0
2013-06-07 23:00:00,0.16,0.0,0.0
2013-06-08 00:00:00,0.33,0.0,0.0
2013-06-08 01:00:00,0.27,0.0,0.0
2013-06-08 02:00:00,0.26,0.0,0.0
2013-06-08 03:00:00,0.15,0.0,0.0
2013-06-08 04:00:00,0.34,4.211391,0.46
2013-06-08 05:00:00,0.61,88.50232,1.0
2013-06-08 06:00:00,0.09,292.0532,1.0
2013-06-08 07:00:00,0.06,519.0967,1.0
2013-06-08 08:00:00,0.0,722.46716,1.0
2013-06-08 09:00:00,0.25,842.2105,1.0
2013-06-08 10:00:00,0.49,904.8388,1.0
2013-06-08 11:00:00,0.43,870.5635,1.0
2013-06-08 12:00:00,0.43,901.9928,1.0
2013-06-08 13:00:00,0.38,848.09454,1.0
2013-06-08 14:00:00,0.4,713.46,1.0
2013-06-08 15:00:00,0.72,546.39813,1.0
2013-06-08 16:00:00,0.64,332.14548,1.0
2013-06-08 17:00:00,0.45,219.64056,1.0
2013-06-08 18:00:00,0.27,60.45637,1.0
2013-06-08 19:00:00,0.05,3.9772115,0.45055555555555554
2013-06-08 20:00:00,0.05,0.0,0.0
2013-06-08 21:00:00,0.03,0.0,0.0
2013-06-08 22:00:00,0.18,0.0,0.0
2013-06-08 23:00:00,0.14,0.0,0.0
2013-06-09 00:00:00,0.34,0.0,0.0
2013-06-09 01:00:00,0.4,0.0,0.0
2013-06-09 02:00:00,0.21,0.0,0.0
2013-06-09 03:00:00,0.02,0.0,0.0
2013-06-09 04:00:00,0.01,4.4395056,0.4625
2013-06-09 05:00:00,0.0,100.318115,1.0
2013-06-09 06:00:00,0.0,300.80682,1.0
2013-06-09 07:00:00,0.0,520.7995,1.0
2013-06-09 08:00:00,0.0,724.2559,1.0
2013-06-09 09:00:00,0.0,891.9548,1.0
2013-06-09 10:00:00,0.0,1007.4075,1.0
2013-06-09 11:00:00,0.0,1059.042,1.0
2013-06-09 12:00:00,0.01,1038.9144,1.0
2013-06-09 13:00:00,0.09,949.923,1.0
2013-06-09 14:00:00,0.09,825.8053,1.0
2013-06-09 15:00:00,0.06,626.33997,1.0
2013-06-09 16:00:00,0.26,449.4394,1.0
2013-06-09 17:00:00,0.35,213.59157,1.0
2013-06-09 18:00:00,0.18,60.468353,1.0
2013-06-09 19:00:00,0.01,3.978731,0.46
2013-06-09 20:00:00,0.0,0.0,0.0
2013-06-09 21:00:00,0.0,0.0,0.0
2013-06-09 22:00:00,0.01,0.0,0.0
2013-06-09 23:00:00,0.0,0.0,0.0
2013-06-10 00:00:00,0.0,0.0,0.0
2013-06-10 01:00:00,0.0,0.0,0.0
2013-06-10 02:00:00,0.0,0.0,0.0
2013-06-10 03:00:00,0.0,0.0,0.0
2013-06-10 04:00:00,0.0,4.431602,0.46444444444444444
2013-06-10 05:00:00,0.0,102.73584,1.0
2013-06-10 06:00:00,0.13,305.58948,1.0
2013-06-10 07:00:00,0.27,513.8279,1.0
2013-06-10 08:00:00,0.25,723.5279,1.0
2013-06-10 09:00:00,0.22,854.84937,1.0
2013-06-10 10:00:00,0.34,976.58466,1.0
2013-06-10 11:00:00,0.53,1005.8001,1.0
2013-06-10 12:00:00,0.68,955.53204,1.0
2013-06-10 13:00:00,0.92,801.87317,1.0
2013-06-10 14:00:00,0.97,719.41864,1.0
2013-06-10 15:00:00,0.8,572.5423,1.0
2013-06-10 16:00:00,0.77,350.19012,1.0
2013-06-10 17:00:00,0.63,201.41039,1.0
2013-06-10 18:00:00,0.69,66.86371,1.0
2013-06-10 19:00:00,0.86,3.978731,0.4688888888888889
2013-06-10 20:00:00,0.82,0.0,0.0
2013-06-10 21:00:00,0.71,0.0,0.0
2013-06-10 22:00:00,0.42,0.0,0.0
2013-06-10 23:00:00,0.16,0.0,0.0
2013-06-11 00:00:00,0.15,0.0,0.0
2013-06-11 01:00:00,0.01,0.0,0.0
2013-06-11 02:00:00,0.0,0.0,0.0
2013-06-11 03:00:00,0.0,0.0,0.0
2013-06-11 04:00:00,0.0,4.4233036,0.4658333333333333
2013-06-11 05:00:00,0.0,101.777374,1.0
2013-06-11 06:00:00,0.0,304.40952,1.0
2013-06-11 07:00:00,0.0,527.6047,1.0
2013-06-11 08:00:00,0.0,736.49066,1.0
2013-06-11 09:00:00,0.0,907.3402,1.0
2013-06-11 10:00:00,0.05,1023.8284,1.0
2013-06-11 11:00:00,0.01,1036.116,1.0
2013-06-11 12:00:00,0.11,1041.6055,1.0
2013-06-11 13:00:00,0.5,841.5011,1.0
2013-06-11 14:00:00,0.67,771.5696,1.0
2013-06-11 15:00:00,0.93,615.0453,1.0
2013-06-11 16:00:00,0.6,466.95456,1.0
2013-06-11 17:00:00,0.35,250.64877,1.0
2013-06-11 18:00:00,0.01,66.6251,1.0
2013-06-11 19:00:00,0.0,4.972654,0.4772222222222222
2013-06-11 20:00:00,0.0,0.0,0.0
2013-06-11 21:00:00,0.0,0.0,0.0
2013-06-11 22:00:00,0.0,0.0,0.0
2013-06-11 23:00:00,0.0,0.0,0.0
2013-06-12 00:00:00,0.0,0.0,0.0
2013-06-12 01:00:00,0.0,0.0,0.0
2013-06-12 02:00:00,0.0,0.0,0.0
2013-06-12 03:00:00,0.01,0.0,0.0
2013-06-12 04:00:00,0.5,5.1891227,0.4666666666666667
2013-06-12 05:00:00,0.84,92.87989,1.0
2013-06-12 06:00:00,0.77,267.42926,1.0
2013-06-12 07:00:00,0.52,509.0644,1.0
2013-06-12 08:00:00,0.39,724.22144,1.0
2013-06-12 09:00:00,0.78,889.6345,1.0
2013-06-12 10:00:00,0.43,1004.3766,1.0
2013-06-12 11:00:00,0.45,1019.6298,1.0
2013-06-12 12:00:00,0.27,929.01245,1.0
2013-06-12 13:00:00,0.63,817.9076,1.0
2013-06-12 14:00:00,0.92,620.83655,1.0
2013-06-12 15:00:00,0.71,490.97437,1.0
2013-06-12 16:00:00,0.92,341.42233,1.0
2013-06-12 17:00:00,0.93,181.3956,1.0
2013-06-12 18:00:00,0.86,61.739815,1.0
2013-06-12 19:00:00,0.48,4.9711347,0.48527777777777775
2013-06-12 20:00:00,0.48,0.0,0.0
2013-06-12 21:00:00,0.9,0.0,0.0
2013-06-12 22:00:00,0.96,0.0,0.0
2013-06-12 23:00:00,0.94,0.0,0.0
2013-06-13 00:00:00,0.93,0.0,0.0
2013-06-13 01:00:00,0.95,0.0,0.0
2013-06-13 02:00:00,0.66,0.0,0.0
2013-06-13 03:00:00,0.21,0.0,0.0
2013-06-13 04:00:00,0.05,5.184682,0.4672222222222222
2013-06-13 05:00:00,0.74,88.17092,1.0
2013-06-13 06:00:00,0.94,249.4366,1.0
2013-06-13 07:00:00,0.92,370.73752,1.0
2013-06-13 08:00:00,0.56,574.668,1.0
2013-06-13 09:00:00,0.4,816.0576,1.0
2013-06-13 10:00:00,0.49,948.03644,1.0
2013-06-13 11:00:00,0.42,988.4222,1.0
2013-06-13 12:00:00,0.54,839.75616,1.0
2013-06-13 13:00:00,0.62,861.01355,1.0
2013-06-13 14:00:00,0.68,585.91266,1.0
2013-06-13 15:00:00,0.71,504.121,1.0
2013-06-13 16:00:00,0.73,272.6425,1.0
2013-06-13 17:00:00,0.84,212.23323,1.0
2013-06-13 18:00:00,0.83,69.54238,1.0
2013-06-13 19:00:00,0.63,3.978731,0.49277777777777776
2013-06-13 20:00:00,0.45,0.0,0.0
2013-06-13 21:00:00,0.31,0.0,0.0
2013-06-13 22:00:00,0.45,0.0,0.0
2013-06-13 23:00:00,0.62,0.0,0.0
2013-06-14 00:00:00,0.69,0.0,0.0
2013-06-14 01:00:00,0.74,0.0,0.0
2013-06-14 02:00:00,0.66,0.0,0.0
2013-06-14 03:00:00,0.8,0.0,0.0
2013-06-14 04:00:00,0.85,4.9696155,0.4672222222222222
2013-06-14 05:00:00,0.85,82.257675,1.0
2013-06-14 06:00:00,0.85,233.44933,1.0
2013-06-14 07:00:00,0.77,447.17102,1.0
2013-06-14 08:00:00,0.65,701.95795,1.0
2013-06-14 09:00:00,0.47,902.92206,1.0
2013-06-14 10:00:00,0.18,1013.0197,1.0
2013-06-14 11:00:00,0.25,1033.1195,1.0
2013-06-14 12:00:00,0.42,975.59875,1.0
2013-06-14 13:00:00,0.31,873.5283,1.0
2013-06-14 14:00:00,0.59,652.1869,1.0
2013-06-14 15:00:00,0.82,467.40463,1.0
2013-06-14 16:00:00,0.75,344.30872,1.0
2013-06-14 17:00:00,0.77,231.76372,1.0
2013-06-14 18:00:00,0.38,67.682076,1.0
2013-06-14 19:00:00,0.16,4.972654,0.49972222222222223
2013-06-14 20:00:00,0.09,0.0,0.0
2013-06-14 21:00:00,0.04,0.0,0.0
2013-06-14 22:00:00,0.0,0.0,0.0
2013-06-14 23:00:00,0.0,0.0,0.0
2013-06-15 00:00:00,0.0,0.0,0.0
2013-06-15 01:00:00,0.0,0.0,0.0
2013-06-15 02:00:00,0.0,0.0,0.0
2013-06-15 03:00:00,0.0,0.0,0.0
2013-06-15 04:00:00,0.0,4.3873672,0.4666666666666667
2013-06-15 05:00:00,0.0,102.335754,1.0
2013-06-15 06:00:00,0.01,300.81207,1.0
2013-06-15 07:00:00,0.01,515.5601,1.0
2013-06-15 08:00:00,0.03,714.5407,1.0
2013-06-15 09:00:00,0.03,859.94055,1.0
2013-06-15 10:00:00,0.59,974.39984,1.0
2013-06-15 11:00:00,0.24,1018.8755,1.0
2013-06-15 12:00:00,0.33,930.22375,1.0
2013-06-15 13:00:00,0.56,736.49225,1.0
2013-06-15 14:00:00,0.8,593.8334,1.0
2013-06-15 15:00:00,0.77,440.91257,1.0
2013-06-15 16:00:00,0.68,243.76369,1.0
2013-06-15 17:00:00,0.62,184.1716,1.0
2013-06-15 18:00:00,0.37,68.706406,1.0
2013-06-15 19:00:00,0.29,4.9711347,0.5063888888888889
2013-06-15 20:00:00,0.55,0.0,0.0
2013-06-15 21:00:00,0.56,0.0,0.0
2013-06-15 22:00:00,0.75,0.0,0.0
2013-06-15 23:00:00,0.27,0.0,0.0
2013-06-16 00:00:00,0.13,0.0,0.0
2013-06-16 01:00:00,0.09,0.0,0.0
2013-06-16 02:00:00,0.24,0.0,0.0
2013-06-16 03:00:00,0.25,0.0,0.0
2013-06-16 04:00:00,0.13,5.1706715,0.46555555555555556
2013-06-16 05:00:00,0.27,97.540855,1.0
2013-06-16 06:00:00,0.13,295.74097,1.0
2013-06-16 07:00:00,0.09,505.63913,1.0
2013-06-16 08:00:00,0.36,699.38336,1.0
2013-06-16 09:00:00,0.77,792.38477,1.0
2013-06-16 10:00:00,0.95,900.7942,1.0
2013-06-16 11:00:00,0.92,583.38153,1.0
2013-06-16 12:00:00,0.9,233.71909,1.0
2013-06-16 13:00:00,0.99,383.13052,1.0
2013-06-16 14:00:00,0.67,625.3651,1.0
2013-06-16 15:00:00,0.48,654.4493,1.0
2013-06-16 16:00:00,0.42,400.9992,1.0
2013-06-16 17:00:00,0.39,169.36076,1.0
2013-06-16 18:00:00,0.76,61.91788,1.0
2013-06-16 19:00:00,0.79,4.9711347,0.5122222222222222
2013-06-16 20:00:00,0.12,0.0,0.0
2013-06-16 21:00:00,0.04,0.0,0.0
2013-06-16 22:00:00,0.0,0.0,0.0
2013-06-16 23:00:00,0.0,0.0,0.0
2013-06-17 00:00:00,0.0,0.0,0.0
2013-06-17 01:00:00,0.0,0.0,0.0
2013-06-17 02:00:00,0.26,0.0,0.0
2013-06-17 03:00:00,0.05,0.0,0.0
2013-06-17 04:00:00,0.21,4.171891,0.46416666666666667
2013-06-17 05:00:00,0.35,86.73951,1.0
2013-06-17 06:00:00,0.39,262.97943,1.0
2013-06-17 07:00:00,0.57,443.72928,1.0
2013-06-17 08:00:00,0.58,653.5322,1.0
2013-06-17 09:00:00,0.4,834.2385,1.0
2013-06-17 10:00:00,0.64,880.2735,1.0
2013-06-17 11:00:00,0.81,783.16754,1.0
2013-06-17 12:00:00,0.53,744.1597,1.0
2013-06-17 13:00:00,0.37,732.6956,1.0
2013-06-17 14:00:00,0.54,694.1255,1.0
2013-06-17 15:00:00,0.44,610.38776,1.0
2013-06-17 16:00:00,0.55,383.05786,1.0
2013-06-17 17:00:00,0.73,147.14525,1.0
2013-06-17 18:00:00,0.4,57.946434,1.0
2013-06-17 19:00:00,0.39,5.9650574,0.5175
2013-06-17 20:00:00,0.1,0.0,0.0
2013-06-17 21:00:00,0.34,0.0,0.0
2013-06-17 22:00:00,0.54,0.0,0.0
2013-06-17 23:00:00,0.74,0.0,0.0
2013-06-18 00:00:00,0.53,0.0,0.0
2013-06-18 01:00:00,0.41,0.0,0.0
2013-06-18 02:00:00,0.3,0.0,0.0
2013-06-18 03:00:00,0.14,0.0,0.0
2013-06-18 04:00:00,0.22,4.358214,0.4625
2013-06-18 05:00:00,0.31,97.71753,1.0
2013-06-18 06:00:00,0.11,294.5466,1.0
2013-06-18 07:00:00,0.02,513.1455,1.0
2013-06-18 08:00:00,0.09,715.46014,1.0
2013-06-18 09:00:00,0.15,865.48926,1.0
2013-06-18 10:00:00,0.32,850.6259,1.0
2013-06-18 11:00:00,0.53,864.7393,1.0
2013-06-18 12:00:00,0.76,933.7203,1.0
2013-06-18 13:00:00,0.74,767.31366,1.0
2013-06-18 14:00:00,0.76,575.91174,1.0
2013-06-18 15:00:00,0.84,520.6493,1.0
2013-06-18 16:00:00,0.62,366.84564,1.0
2013-06-18 17:00:00,0.93,226.89597,1.0
2013-06-18 18:00:00,0.9,68.53164,1.0
2013-06-18 19:00:00,0.97,4.974173,0.5222222222222223
2013-06-18 20:00:00,0.67,0.0,0.0
2013-06-18 21:00:00,0.09,0.0,0.0
2013-06-18 22:00:00,0.0,0.0,0.0
2013-06-18 23:00:00,0.0,0.0,0.0
2013-06-19 00:00:00,0.0,0.0,0.0
2013-06-19 01:00:00,0.0,0.0,0.0
2013-06-19 02:00:00,0.0,0.0,0.0
2013-06-19 03:00:00,0.01,0.0,0.0
2013-06-19 04:00:00,0.02,4.3480825,0.46
2013-06-19 05:00:00,0.03,101.788635,1.0
2013-06-19 06:00:00,0.01,307.34406,1.0
2013-06-19 07:00:00,0.0,532.76556,1.0
2013-06-19 08:00:00,0.0,727.9648,1.0
2013-06-19 09:00:00,0.01,897.9741,1.0
2013-06-19 10:00:00,0.11,1011.11414,1.0
2013-06-19 11:00:00,0.37,1027.3707,1.0
2013-06-19 12:00:00,0.44,890.8031,1.0
2013-06-19 13:00:00,0.52,899.9289,1.0
2013-06-19 14:00:00,0.57,747.6861,1.0
2013-06-19 15:00:00,0.74,555.87805,1.0
2013-06-19 16:00:00,0.86,451.63058,1.0
2013-06-19 17:00:00,0.84,251.21536,1.0
2013-06-19 18:00:00,0.38,73.16306,1.0
2013-06-19 19:00:00,0.14,5.968096,0.5263888888888889
2013-06-19 20:00:00,0.0,0.0,0.0
2013-06-19 21:00:00,0.0,0.0,0.0
2013-06-19 22:00:00,0.0,0.0,0.0
2013-06-19 23:00:00,0.0,0.0,0.0
2013-06-20 00:00:00,0.0,0.0,0.0
2013-06-20 01:00:00,0.0,0.0,0.0
2013-06-20 02:00:00,0.0,0.0,0.0
2013-06-20 03:00:00,0.0,0.0,0.0
2013-06-20 04:00:00,0.0,4.337237,0.4572222222222222
2013-06-20 05:00:00,0.0,102.52604,1.0
2013-06-20 06:00:00,0.0,307.27686,1.0
2013-06-20 07:00:00,0.0,528.5853,1.0
2013-06-20 08:00:00,0.0,733.2672,1.0
2013-06-20 09:00:00,0.0,902.1549,1.0
2013-06-20 10:00:00,0.0,1004.7797,1.0
2013-06-20 11:00:00,0.38,977.0712,1.0
2013-06-20 12:00:00,0.57,921.49023,1.0
2013-06-20 13:00:00,0.9,829.7436,1.0
2013-06-20 14:00:00,1.0,692.85114,1.0
2013-06-20 15:00:00,0.58,482.92084,1.0
2013-06-20 16:00:00,0.97,334.51373,1.0
2013-06-20 17:00:00,0.99,219.05559,1.0
2013-06-20 18:00:00,0.57,75.822136,1.0
2013-06-20 19:00:00,0.01,5.968096,0.5302777777777777
2013-06-20 20:00:00,0.0,0.0,0.0
2013-06-20 21:00:00,0.08,0.0,0.0
2013-06-20 22:00:00,0.23,0.0,0.0
2013-06-20 23:00:00,0.0,0.0,0.0
2013-06-21 00:00:00,0.0,0.0,0.0
2013-06-21 01:00:00,0.0,0.0,0.0
2013-06-21 02:00:00,0.0,0.0,0.0
2013-06-21 03:00:00,0.0,0.0,0.0
2013-06-21 04:00:00,0.0,4.325579,0.45361111111111113
2013-06-21 05:00:00,0.0,99.77886,1.0
2013-06-21 06:00:00,0.0,302.26294,1.0
2013-06-21 07:00:00,0.0,524.423,1.0
2013-06-21 08:00:00,0.0,731.1592,1.0
2013-06-21 09:00:00,0.0,901.10596,1.0
2013-06-21 10:00:00,0.0,1018.84216,1.0
2013-06-21 11:00:00,0.03,1061.2693,1.0
2013-06-21 12:00:00,0.17,997.5821,1.0
2013-06-21 13:00:00,0.61,898.36285,1.0
2013-06-21 14:00:00,0.89,562.48267,1.0
2013-06-21 15:00:00,0.97,437.76175,1.0
2013-06-21 16:00:00,0.95,265.003,1.0
2013-06-21 17:00:00,0.76,195.81508,1.0
2013-06-21 18:00:00,0.62,78.938644,1.0
2013-06-21 19:00:00,0.54,6.9589806,0.5336111111111111
2013-06-21 20:00:00,0.71,0.0,0.0
2013-06-21 21:00:00,0.19,0.0,0.0
2013-06-21 22:00:00,0.0,0.0,0.0
2013-06-21 23:00:00,0.01,0.0,0.0
2013-06-22 00:00:00,0.0,0.0,0.0
2013-06-22 01:00:00,0.0,0.0,0.0
2013-06-22 02:00:00,0.0,0.0,0.0
2013-06-22 03:00:00,0.0,0.0,0.0
2013-06-22 04:00:00,0.01,3.3192425,0.4494444444444444
2013-06-22 05:00:00,0.0,99.02354,1.0
2013-06-22 06:00:00,0.01,300.23975,1.0
2013-06-22 07:00:00,0.01,519.2465,1.0
2013-06-22 08:00:00,0.0,721.74567,1.0
2013-06-22 09:00:00,0.0,872.9183,1.0
2013-06-22 10:00:00,0.1,924.3435,1.0
2013-06-22 11:00:00,0.35,926.0671,1.0
2013-06-22 12:00:00,0.57,885.9746,1.0
2013-06-22 13:00:00,0.8,761.40173,1.0
2013-06-22 14:00:00,0.91,493.02652,1.0
2013-06-22 15:00:00,0.85,412.94775,1.0
2013-06-22 16:00:00,0.91,306.48184,1.0
2013-06-22 17:00:00,0.68,160.7625,1.0
2013-06-22 18:00:00,0.39,64.42186,1.0
2013-06-22 19:00:00,0.41,5.9665766,0.5363888888888889
2013-06-22 20:00:00,0.6,0.0,0.0
2013-06-22 21:00:00,0.4,0.0,0.0
2013-06-22 22:00:00,0.1,0.0,0.0
2013-06-22 23:00:00,0.0,0.0,0.0
2013-06-23 00:00:00,0.0,0.0,0.0
2013-06-23 01:00:00,0.0,0.0,0.0
2013-06-23 02:00:00,0.0,0.0,0.0
2013-06-23 03:00:00,0.0,0.0,0.0
2013-06-23 04:00:00,0.01,3.305972,0.44472222222222224
2013-06-23 05:00:00,0.01,95.62544,1.0
2013-06-23 06:00:00,0.03,271.56323,1.0
2013-06-23 07:00:00,0.01,494.71616,1.0
2013-06-23 08:00:00,0.01,636.475,1.0
2013-06-23 09:00:00,0.02,801.39905,1.0
2013-06-23 10:00:00,0.12,930.6444,1.0
2013-06-23 11:00:00,0.35,921.82587,1.0
2013-06-23 12:00:00,0.45,958.586,1.0
2013-06-23 13:00:00,0.63,841.9751,1.0
2013-06-23 14:00:00,0.72,684.8527,1.0
2013-06-23 15:00:00,0.99,450.39642,1.0
2013-06-23 16:00:00,1.0,299.1686,1.0
2013-06-23 17:00:00,1.0,158.77652,1.0
2013-06-23 18:00:00,1.0,60.01407,1.0
2013-06-23 19:00:00,0.91,5.9665766,0.5388888888888889
2013-06-23 20:00:00,0.84,0.0,0.0
2013-06-23 21:00:00,0.81,0.0,0.0
2013-06-23 22:00:00,0.55,0.0,0.0
2013-06-23 23:00:00,0.36,0.0,0.0
2013-06-24 00:00:00,0.15,0.0,0.0
2013-06-24 01:00:00,0.06,0.0,0.0
2013-06-24 02:00:00,0.05,0.0,0.0
2013-06-24 03:00:00,0.5,0.0,0.0
2013-06-24 04:00:00,0.24,3.9756923,0.43972222222222224
2013-06-24 05:00:00,0.39,86.85132,1.0
2013-06-24 06:00:00,0.59,263.7268,1.0
2013-06-24 07:00:00,0.27,494.27545,1.0
2013-06-24 08:00:00,0.07,700.5596,1.0
2013-06-24 09:00:00,0.66,792.4544,1.0
2013-06-24 10:00:00,0.89,844.2864,1.0
2013-06-24 11:00:00,0.86,840.82245,1.0
2013-06-24 12:00:00,0.84,849.5675,1.0
2013-06-24 13:00:00,0.78,886.307,1.0
2013-06-24 14:00:00,0.64,736.5501,1.0
2013-06-24 15:00:00,0.82,617.28815,1.0
2013-06-24 16:00:00,0.54,422.37613,1.0
2013-06-24 17:00:00,0.88,252.68365,1.0
2013-06-24 18:00:00,0.99,81.46397,1.0
2013-06-24 19:00:00,0.99,5.9650574,0.5408333333333334
2013-06-24 20:00:00,0.98,0.0,0.0
2013-06-24 21:00:00,0.99,0.0,0.0
2013-06-24 22:00:00,1.0,0.0,0.0
2013-06-24 23:00:00,0.98,0.0,0.0
2013-06-25 00:00:00,0.74,0.0,0.0
2013-06-25 01:00:00,0.2,0.0,0.0
2013-06-25 02:00:00,0.04,0.0,0.0
2013-06-25 03:00:00,0.0,0.0,0.0
2013-06-25 04:00:00,0.0,3.2770925,0.4338888888888889
2013-06-25 05:00:00,0.0,95.93479,1.0
2013-06-25 06:00:00,0.0,294.23132,1.0
2013-06-25 07:00:00,0.0,513.10565,1.0
2013-06-25 08:00:00,0.51,668.5842,1.0
2013-06-25 09:00:00,0.54,743.6975,1.0
2013-06-25 10:00:00,0.6,882.01825,1.0
2013-06-25 11:00:00,0.68,977.5927,1.0
2013-06-25 12:00:00,0.43,797.686,1.0
2013-06-25 13:00:00,0.66,740.8671,1.0
2013-06-25 14:00:00,0.51,770.851,1.0
2013-06-25 15:00:00,0.24,617.265,1.0
2013-06-25 16:00:00,0.5,421.72235,1.0
2013-06-25 17:00:00,0.59,243.02184,1.0
2013-06-25 18:00:00,0.05,74.04638,1.0
2013-06-25 19:00:00,0.0,4.9756923,0.5425
2013-06-25 20:00:00,0.0,0.0,0.0
2013-06-25 21:00:00,0.0,0.0,0.0
2013-06-25 22:00:00,0.0,0.0,0.0
2013-06-25 23:00:00,0.0,0.0,0.0
2013-06-26 00:00:00,0.0,0.0,0.0
2013-06-26 01:00:00,0.0,0.0,0.0
2013-06-26 02:00:00,0.0,0.0,0.0
2013-06-26 03:00:00,0.0,0.0,0.0
2013-06-26 04:00:00,0.0,4.1155596,0.42777777777777776
2013-06-26 05:00:00,0.0,93.37537,1.0
2013-06-26 06:00:00,0.0,289.2746,1.0
2013-06-26 07:00:00,0.0,504.97556,1.0
2013-06-26 08:00:00,0.0,707.413,1.0
2013-06-26 09:00:00,0.0,875.28143,1.0
2013-06-26 10:00:00,0.1,993.0897,1.0
2013-06-26 11:00:00,0.31,1042.3109,1.0
2013-06-26 12:00:00,0.31,1023.0799,1.0
2013-06-26 13:00:00,0.27,965.5581,1.0
2013-06-26 14:00:00,0.3,804.61316,1.0
2013-06-26 15:00:00,0.42,616.91345,1.0
2013-06-26 16:00:00,0.35,452.38904,1.0
2013-06-26 17:00:00,0.5,245.0536,1.0
2013-06-26 18:00:00,0.34,74.04593,1.0
2013-06-26 19:00:00,0.09,5.968096,0.5433333333333333
2013-06-26 20:00:00,0.13,0.0,0.0
2013-06-26 21:00:00,0.0,0.0,0.0
2013-06-26 22:00:00,0.02,0.0,0.0
2013-06-26 23:00:00,0.0,0.0,0.0
2013-06-27 00:00:00,0.0,0.0,0.0
2013-06-27 01:00:00,0.0,0.0,0.0
2013-06-27 02:00:00,0.0,0.0,0.0
2013-06-27 03:00:00,0.0,0.0,0.0
2013-06-27 04:00:00,0.0,3.1134381,0.4211111111111111
2013-06-27 05:00:00,0.0,93.11611,1.0
2013-06-27 06:00:00,0.0,290.27686,1.0
2013-06-27 07:00:00,0.0,507.1068,1.0
2013-06-27 08:00:00,0.0,709.6087,1.0
2013-06-27 09:00:00,0.0,876.51514,1.0
2013-06-27 10:00:00,0.0,993.2875,1.0
2013-06-27 11:00:00,0.33,1034.6737,1.0
2013-06-27 12:00:00,0.21,906.51636,1.0
2013-06-27 13:00:00,0.27,927.71893,1.0
2013-06-27 14:00:00,0.28,828.48145,1.0
2013-06-27 15:00:00,0.31,652.5165,1.0
2013-06-27 16:00:00,0.36,457.40277,1.0
2013-06-27 17:00:00,0.2,229.0409,1.0
2013-06-27 18:00:00,0.04,71.308945,1.0
2013-06-27 19:00:00,0.0,5.968096,0.5438888888888889
2013-06-27 20:00:00,0.0,0.0,0.0
2013-06-27 21:00:00,0.0,0.0,0.0
2013-06-27 22:00:00,0.0,0.0,0.0
2013-06-27 23:00:00,0.01,0.0,0.0
2013-06-28 00:00:00,0.02,0.0,0.0
2013-06-28 01:00:00,0.01,0.0,0.0
2013-06-28 02:00:00,0.0,0.0,0.0
2013-06-28 03:00:00,0.0,0.0,0.0
2013-06-28 04:00:00,0.0,3.1048198,0.41388888888888886
2013-06-28 05:00:00,0.0,92.38198,1.0
2013-06-28 06:00:00,0.0,289.3114,1.0
2013-06-28 07:00:00,0.0,507.1909,1.0
2013-06-28 08:00:00,0.0,711.82434,1.0
2013-06-28 09:00:00,0.0,878.6493,1.0
2013-06-28 10:00:00,0.38,980.8621,1.0
2013-06-28 11:00:00,0.46,933.949,1.0
2013-06-28 12:00:00,0.47,944.184,1.0
2013-06-28 13:00:00,0.45,881.3258,1.0
2013-06-28 14:00:00,0.51,744.62006,1.0
2013-06-28 15:00:00,0.82,570.4304,1.0
2013-06-28 16:00:00,0.85,374.71606,1.0
2013-06-28 17:00:00,0.7,183.09401,1.0
2013-06-28 18:00:00,0.84,71.82975,1.0
2013-06-28 19:00:00,0.69,5.968096,0.5441666666666667
2013-06-28 20:00:00,0.24,0.0,0.0
2013-06-28 21:00:00,0.05,0.0,0.0
2013-06-28 22:00:00,0.0,0.0,0.0
2013-06-28 23:00:00,0.22,0.0,0.0
2013-06-29 00:00:00,0.14,0.0,0.0
2013-06-29 01:00:00,0.13,0.0,0.0
2013-06-29 02:00:00,0.11,0.0,0.0
2013-06-29 03:00:00,0.4,0.0,0.0
2013-06-29 04:00:00,0.45,3.0958562,0.4063888888888889
2013-06-29 05:00:00,0.18,88.20267,1.0
2013-06-29 06:00:00,0.08,278.4568,1.0
2013-06-29 07:00:00,0.05,490.7298,1.0
2013-06-29 08:00:00,0.0,687.33844,1.0
2013-06-29 09:00:00,0.1,832.48,1.0
2013-06-29 10:00:00,0.31,937.5155,1.0
2013-06-29 11:00:00,0.29,962.6707,1.0
2013-06-29 12:00:00,0.37,869.807,1.0
2013-06-29 13:00:00,0.88,748.8546,1.0
2013-06-29 14:00:00,0.94,423.88388,1.0
2013-06-29 15:00:00,0.68,469.8661,1.0
2013-06-29 16:00:00,0.6,312.73315,1.0
2013-06-29 17:00:00,0.38,219.15991,1.0
2013-06-29 18:00:00,0.28,66.87267,1.0
2013-06-29 19:00:00,0.19,4.972654,0.5436111111111112
2013-06-29 20:00:00,0.18,0.0,0.0
2013-06-29 21:00:00,0.25,0.0,0.0
2013-06-29 22:00:00,0.14,0.0,0.0
2013-06-29 23:00:00,0.03,0.0,0.0
2013-06-30 00:00:00,0.02,0.0,0.0
2013-06-30 01:00:00,0.01,0.0,0.0
2013-06-30 02:00:00,0.01,0.0,0.0
2013-06-30 03:00:00,0.5,0.0,0.0
2013-06-30 04:00:00,0.67,3.0864408,0.39861111111111114
2013-06-30 05:00:00,0.81,81.06582,1.0
2013-06-30 06:00:00,0.73,269.60876,1.0
2013-06-30 07:00:00,0.64,451.76276,1.0
2013-06-30 08:00:00,0.49,630.3463,1.0
2013-06-30 09:00:00,0.83,686.983,1.0
2013-06-30 10:00:00,0.91,655.49414,1.0
2013-06-30 11:00:00,0.89,725.823,1.0
2013-06-30 12:00:00,0.95,735.07294,1.0
2013-06-30 13:00:00,0.77,659.7974,1.0
2013-06-30 14:00:00,0.85,541.82153,1.0
2013-06-30 15:00:00,0.83,474.63956,1.0
2013-06-30 16:00:00,0.56,375.69754,1.0
2013-06-30 17:00:00,0.6,157.61143,1.0
2013-06-30 18:00:00,0.5,52.863235,1.0
2013-06-30 19:00:00,0.51,3.978731,0.5425
2013-06-30 20:00:00,0.91,0.0,0.0
2013-06-30 21:00:00,0.67,0.0,0.0
2013-06-30 22:00:00,0.39,0.0,0.0
2013-06-30 23:00:00,0.32,0.0,0.0
2013-07-01 00:00:00,0.12,0.0,0.0
2013-07-01 01:00:00,0.17,0.0,0.0
2013-07-01 02:00:00,0.14,0.0,0.0
2013-07-01 03:00:00,0.01,0.0,0.0
2013-07-01 04:00:00,0.0,3.0767207,0.3902777777777778
2013-07-01 05:00:00,0.02,88.69101,1.0
2013-07-01 06:00:00,0.0,282.5263,1.0
2013-07-01 07:00:00,0.0,497.21332,1.0
2013-07-01 08:00:00,0.0,696.4228,1.0
2013-07-01 09:00:00,0.02,838.5536,1.0
2013-07-01 10:00:00,0.2,958.2313,1.0
2013-07-01 11:00:00,0.25,1006.1781,1.0
2013-07-01 12:00:00,0.24,1024.2979,1.0
2013-07-01 13:00:00,0.25,884.7222,1.0
2013-07-01 14:00:00,0.26,727.2614,1.0
2013-07-01 15:00:00,0.54,636.84436,1.0
2013-07-01 16:00:00,0.47,411.69803,1.0
2013-07-01 17:00:00,0.19,235.26018,1.0
2013-07-01 18:00:00,0.32,72.16775,1.0
2013-07-01 19:00:00,0.27,4.974173,0.5411111111111111
2013-07-01 20:00:00,0.23,0.0,0.0
2013-07-01 21:00:00,0.3,0.0,0.0
2013-07-01 22:00:00,0.21,0.0,0.0
2013-07-01 23:00:00,0.37,0.0,0.0
2013-07-02 00:00:00,0.3,0.0,0.0
2013-07-02 01:00:00,0.28,0.0,0.0
2013-07-02 02:00:00,0.28,0.0,0.0
2013-07-02 03:00:00,0.15,0.0,0.0
2013-07-02 04:00:00,0.02,2.0727582,0.38166666666666665
2013-07-02 05:00:00,0.01,88.43768,1.0
2013-07-02 06:00:00,0.0,279.62125,1.0
2013-07-02 07:00:00,0.01,493.90408,1.0
2013-07-02 08:00:00,0.1,705.1116,1.0
2013-07-02 09:00:00,0.03,876.33716,1.0
2013-07-02 10:00:00,0.2,933.2125,1.0
2013-07-02 11:00:00,0.24,1045.0908,1.0
2013-07-02 12:00:00,0.33,1019.2001,1.0
2013-07-02 13:00:00,0.34,926.9313,1.0
2013-07-02 14:00:00,0.25,814.6872,1.0
2013-07-02 15:00:00,0.38,616.8983,1.0
2013-07-02 16:00:00,0.3,416.5265,1.0
2013-07-02 17:00:00,0.13,254.1303,1.0
2013-07-02 18:00:00,0.18,73.72323,1.0
2013-07-02 19:00:00,0.03,4.9756923,0.5388888888888889
2013-07-02 20:00:00,0.0,0.0,0.0
2013-07-02 21:00:00,0.01,0.0,0.0
2013-07-02 22:00:00,0.01,0.0,0.0
2013-07-02 23:00:00,0.01,0.0,0.0
2013-07-03 00:00:00,0.0,0.0,0.0
2013-07-03 01:00:00,0.0,0.0,0.0
2013-07-03 02:00:00,0.0,0.0,0.0
2013-07-03 03:00:00,0.06,0.0,0.0
2013-07-03 04:00:00,0.0,2.0620775,0.3725
2013-07-03 05:00:00,0.0,88.36409,1.0
2013-07-03 06:00:00,0.04,285.66638,1.0
2013-07-03 07:00:00,0.03,505.803,1.0
2013-07-03 08:00:00,0.01,696.499,1.0
2013-07-03 09:00:00,0.01,836.6447,1.0
2013-07-03 10:00:00,0.0,935.61884,1.0
2013-07-03 11:00:00,0.13,976.61444,1.0
2013-07-03 12:00:00,0.23,974.6821,1.0
2013-07-03 13:00:00,0.27,949.44666,1.0
2013-07-03 14:00:00,0.41,786.2334,1.0
2013-07-03 15:00:00,0.67,574.9304,1.0
2013-07-03 16:00:00,0.57,374.19324,1.0
2013-07-03 17:00:00,0.34,232.88063,1.0
2013-07-03 18:00:00,0.88,69.93329,1.0
2013-07-03 19:00:00,0.99,6.9589806,0.5363888888888889
2013-07-03 20:00:00,0.72,0.0,0.0
2013-07-03 21:00:00,0.42,0.0,0.0
2013-07-03 22:00:00,0.68,0.0,0.0
2013-07-03 23:00:00,0.56,0.0,0.0
2013-07-04 00:00:00,0.15,0.0,0.0
2013-07-04 01:00:00,0.17,0.0,0.0
2013-07-04 02:00:00,0.44,0.0,0.0
2013-07-04 03:00:00,0.07,0.0,0.0
2013-07-04 04:00:00,0.16,2.0512264,0.36333333333333334
2013-07-04 05:00:00,0.27,84.04599,1.0
2013-07-04 06:00:00,0.08,277.82687,1.0
2013-07-04 07:00:00,0.01,492.58276,1.0
2013-07-04 08:00:00,0.03,677.23566,1.0
2013-07-04 09:00:00,0.05,739.27386,1.0
2013-07-04 10:00:00,0.08,897.3276,1.0
2013-07-04 11:00:00,0.11,986.1975,1.0
2013-07-04 12:00:00,0.22,972.619,1.0
2013-07-04 13:00:00,0.19,918.97437,1.0
2013-07-04 14:00:00,0.27,772.5264,1.0
2013-07-04 15:00:00,0.62,637.92694,1.0
2013-07-04 16:00:00,0.48,429.40353,1.0
2013-07-04 17:00:00,0.62,212.6614,1.0
2013-07-04 18:00:00,0.36,69.67378,1.0
2013-07-04 19:00:00,0.27,4.974173,0.5330555555555555
2013-07-04 20:00:00,0.42,0.0,0.0
2013-07-04 21:00:00,0.59,0.0,0.0
2013-07-04 22:00:00,0.94,0.0,0.0
2013-07-04 23:00:00,0.98,0.0,0.0
2013-07-05 00:00:00,0.99,0.0,0.0
2013-07-05 01:00:00,0.98,0.0,0.0
2013-07-05 02:00:00,0.89,0.0,0.0
2013-07-05 03:00:00,0.91,0.0,0.0
2013-07-05 04:00:00,0.92,1.9878461,0.35388888888888886
2013-07-05 05:00:00,0.94,66.29085,1.0
2013-07-05 06:00:00,0.96,222.40662,1.0
2013-07-05 07:00:00,0.72,449.72958,1.0
2013-07-05 08:00:00,0.15,653.8318,1.0
2013-07-05 09:00:00,0.01,733.36664,1.0
2013-07-05 10:00:00,0.16,818.69855,1.0
2013-07-05 11:00:00,0.5,824.8636,1.0
2013-07-05 12:00:00,0.6,875.23645,1.0
2013-07-05 13:00:00,0.81,829.519,1.0
2013-07-05 14:00:00,0.89,538.49255,1.0
2013-07-05 15:00:00,0.91,453.40863,1.0
2013-07-05 16:00:00,0.8,198.33379,1.0
2013-07-05 17:00:00,0.92,133.4208,1.0
2013-07-05 18:00:00,0.84,48.0599,1.0
2013-07-05 19:00:00,0.62,4.9696155,0.5291666666666667
2013-07-05 20:00:00,0.46,0.0,0.0
2013-07-05 21:00:00,0.66,0.0,0.0
2013-07-05 22:00:00,0.83,0.0,0.0
2013-07-05 23:00:00,0.85,0.0,0.0
2013-07-06 00:00:00,0.26,0.0,0.0
2013-07-06 01:00:00,0.16,0.0,0.0
2013-07-06 02:00:00,0.14,0.0,0.0
2013-07-06 03:00:00,0.95,0.0,0.0
2013-07-06 04:00:00,0.99,1.9878461,0.3438888888888889
2013-07-06 05:00:00,0.36,73.129,1.0
2013-07-06 06:00:00,0.39,244.34258,1.0
2013-07-06 07:00:00,0.49,472.61685,1.0
2013-07-06 08:00:00,0.33,684.263,1.0
2013-07-06 09:00:00,0.84,818.8102,1.0
2013-07-06 10:00:00,0.96,653.82745,1.0
2013-07-06 11:00:00,0.87,914.66327,1.0
2013-07-06 12:00:00,0.84,888.855,1.0
2013-07-06 13:00:00,0.72,784.9756,1.0
2013-07-06 14:00:00,0.9,633.96387,1.0
2013-07-06 15:00:00,0.99,293.71396,1.0
2013-07-06 16:00:00,0.91,217.25589,1.0
2013-07-06 17:00:00,0.89,106.809715,1.0
2013-07-06 18:00:00,0.89,48.444443,1.0
2013-07-06 19:00:00,0.92,4.9711347,0.525
2013-07-06 20:00:00,0.94,0.0,0.0
2013-07-06 21:00:00,0.95,0.0,0.0
2013-07-06 22:00:00,0.48,0.0,0.0
2013-07-06 23:00:00,0.34,0.0,0.0
2013-07-07 00:00:00,0.45,0.0,0.0
2013-07-07 01:00:00,0.6,0.0,0.0
2013-07-07 02:00:00,0.88,0.0,0.0
2013-07-07 03:00:00,0.94,0.0,0.0
2013-07-07 04:00:00,0.82,1.9878461,0.3338888888888889
2013-07-07 05:00:00,0.16,75.42463,1.0
2013-07-07 06:00:00,0.1,267.28018,1.0
2013-07-07 07:00:00,0.17,474.16364,1.0
2013-07-07 08:00:00,0.29,662.94653,1.0
2013-07-07 09:00:00,0.31,850.234,1.0
2013-07-07 10:00:00,0.3,947.49713,1.0
2013-07-07 11:00:00,0.26,894.3204,1.0
2013-07-07 12:00:00,0.59,834.86444,1.0
2013-07-07 13:00:00,0.95,485.99588,1.0
2013-07-07 14:00:00,0.8,459.18875,1.0
2013-07-07 15:00:00,0.81,378.60712,1.0
2013-07-07 16:00:00,0.89,310.6206,1.0
2013-07-07 17:00:00,0.91,148.47078,1.0
2013-07-07 18:00:00,0.8,65.04785,1.0
2013-07-07 19:00:00,0.79,5.9650574,0.52
2013-07-07 20:00:00,0.78,0.0,0.0
2013-07-07 21:00:00,0.61,0.0,0.0
2013-07-07 22:00:00,0.33,0.0,0.0
2013-07-07 23:00:00,0.3,0.0,0.0
2013-07-08 00:00:00,0.28,0.0,0.0
2013-07-08 01:00:00,0.29,0.0,0.0
2013-07-08 02:00:00,0.11,0.0,0.0
2013-07-08 03:00:00,0.14,0.0,0.0
2013-07-08 04:00:00,0.05,1.9878461,0.3238888888888889
2013-07-08 05:00:00,0.02,77.78228,1.0
2013-07-08 06:00:00,0.0,268.4237,1.0
2013-07-08 07:00:00,0.0,483.2085,1.0
2013-07-08 08:00:00,0.0,683.684,1.0
2013-07-08 09:00:00,0.0,836.79443,1.0
2013-07-08 10:00:00,0.06,924.96063,1.0
2013-07-08 11:00:00,0.38,876.725,1.0
2013-07-08 12:00:00,0.41,966.8635,1.0
2013-07-08 13:00:00,0.3,815.64795,1.0
2013-07-08 14:00:00,0.15,772.5353,1.0
2013-07-08 15:00:00,0.32,609.3751,1.0
2013-07-08 16:00:00,0.36,356.92047,1.0
2013-07-08 17:00:00,0.37,233.30719,1.0
2013-07-08 18:00:00,0.16,72.72883,1.0
2013-07-08 19:00:00,0.02,4.974173,0.5144444444444445
2013-07-08 20:00:00,0.0,0.0,0.0
2013-07-08 21:00:00,0.0,0.0,0.0
2013-07-08 22:00:00,0.0,0.0,0.0
2013-07-08 23:00:00,0.02,0.0,0.0
2013-07-09 00:00:00,0.01,0.0,0.0
2013-07-09 01:00:00,0.0,0.0,0.0
2013-07-09 02:00:00,0.0,0.0,0.0
2013-07-09 03:00:00,0.0,0.0,0.0
2013-07-09 04:00:00,0.0,1.9878461,0.31333333333333335
2013-07-09 05:00:00,0.0,79.35925,1.0
2013-07-09 06:00:00,0.0,272.57034,1.0
2013-07-09 07:00:00,0.0,489.70032,1.0
2013-07-09 08:00:00,0.0,693.584,1.0
2013-07-09 09:00:00,0.31,789.4347,1.0
2013-07-09 10:00:00,0.49,897.3328,1.0
2013-07-09 11:00:00,0.45,835.4026,1.0
2013-07-09 12:00:00,0.51,894.1844,1.0
2013-07-09 13:00:00,0.53,886.0994,1.0
2013-07-09 14:00:00,0.58,745.9356,1.0
2013-07-09 15:00:00,0.55,602.32227,1.0
2013-07-09 16:00:00,0.37,403.28787,1.0
2013-07-09 17:00:00,0.31,222.55957,1.0
2013-07-09 18:00:00,0.2,72.50094,1.0
2013-07-09 19:00:00,0.1,4.972654,0.5080555555555556
2013-07-09 20:00:00,0.02,0.0,0.0
2013-07-09 21:00:00,0.02,0.0,0.0
2013-07-09 22:00:00,0.07,0.0,0.0
2013-07-09 23:00:00,0.22,0.0,0.0
2013-07-10 00:00:00,0.32,0.0,0.0
2013-07-10 01:00:00,0.09,0.0,0.0
2013-07-10 02:00:00,0.01,0.0,0.0
2013-07-10 03:00:00,0.16,0.0,0.0
2013-07-10 04:00:00,0.22,1.9878461,0.3025
2013-07-10 05:00:00,0.31,75.89921,1.0
2013-07-10 06:00:00,0.2,268.77246,1.0
2013-07-10 07:00:00,0.2,481.59808,1.0
2013-07-10 08:00:00,0.36,640.861,1.0
2013-07-10 09:00:00,0.32,763.7645,1.0
2013-07-10 10:00:00,0.39,947.42664,1.0
2013-07-10 11:00:00,0.29,933.9296,1.0
2013-07-10 12:00:00,0.58,842.69196,1.0
2013-07-10 13:00:00,0.79,763.106,1.0
2013-07-10 14:00:00,0.27,612.83606,1.0
2013-07-10 15:00:00,0.55,560.2405,1.0
2013-07-10 16:00:00,0.78,332.1985,1.0
2013-07-10 17:00:00,0.6,220.4401,1.0
2013-07-10 18:00:00,0.62,68.617714,1.0
2013-07-10 19:00:00,0.36,3.9802501,0.5013888888888889
2013-07-10 20:00:00,0.21,0.0,0.0
2013-07-10 21:00:00,0.1,0.0,0.0
2013-07-10 22:00:00,0.29,0.0,0.0
2013-07-10 23:00:00,0.3,0.0,0.0
2013-07-11 00:00:00,0.06,0.0,0.0
2013-07-11 01:00:00,0.02,0.0,0.0
2013-07-11 02:00:00,0.0,0.0,0.0
2013-07-11 03:00:00,0.01,0.0,0.0
2013-07-11 04:00:00,0.08,0.99392307,0.2911111111111111
2013-07-11 05:00:00,0.07,69.95809,1.0
2013-07-11 06:00:00,0.09,239.98085,1.0
2013-07-11 07:00:00,0.01,465.3278,1.0
2013-07-11 08:00:00,0.15,684.7114,1.0
2013-07-11 09:00:00,0.07,860.6869,1.0
2013-07-11 10:00:00,0.01,984.14307,1.0
2013-07-11 11:00:00,0.42,992.043,1.0
2013-07-11 12:00:00,0.32,1000.85504,1.0
2013-07-11 13:00:00,0.72,831.8103,1.0
2013-07-11 14:00:00,0.67,753.37427,1.0
2013-07-11 15:00:00,0.85,541.90656,1.0
2013-07-11 16:00:00,0.7,377.4394,1.0
2013-07-11 17:00:00,0.99,181.70703,1.0
2013-07-11 18:00:00,0.98,68.17151,1.0
2013-07-11 19:00:00,0.95,4.972654,0.49416666666666664
2013-07-11 20:00:00,0.99,0.0,0.0
2013-07-11 21:00:00,0.99,0.0,0.0
2013-07-11 22:00:00,0.98,0.0,0.0
2013-07-11 23:00:00,0.96,0.0,0.0
2013-07-12 00:00:00,0.89,0.0,0.0
2013-07-12 01:00:00,0.95,0.0,0.0
2013-07-12 02:00:00,0.97,0.0,0.0
2013-07-12 03:00:00,0.53,0.0,0.0
2013-07-12 04:00:00,0.45,0.0,0.27944444444444444
2013-07-12 05:00:00,0.28,59.87992,1.0
2013-07-12 06:00:00,0.44,210.16473,1.0
2013-07-12 07:00:00,0.18,405.14783,1.0
2013-07-12 08:00:00,0.03,631.35333,1.0
2013-07-12 09:00:00,0.42,825.6076,1.0
2013-07-12 10:00:00,0.45,925.9119,1.0
2013-07-12 11:00:00,0.56,756.73303,1.0
2013-07-12 12:00:00,0.58,823.6338,1.0
2013-07-12 13:00:00,0.6,730.8493,1.0
2013-07-12 14:00:00,0.88,507.573,1.0
2013-07-12 15:00:00,0.91,213.42522,1.0
2013-07-12 16:00:00,0.86,205.434,1.0
2013-07-12 17:00:00,0.91,151.09349,1.0
2013-07-12 18:00:00,0.81,44.654045,1.0
2013-07-12 19:00:00,0.8,3.9772115,0.48638888888888887
2013-07-12 20:00:00,0.8,0.0,0.0
2013-07-12 21:00:00,0.69,0.0,0.0
2013-07-12 22:00:00,0.65,0.0,0.0
2013-07-12 23:00:00,0.58,0.0,0.0
2013-07-13 00:00:00,0.65,0.0,0.0
2013-07-13 01:00:00,0.57,0.0,0.0
2013-07-13 02:00:00,0.49,0.0,0.0
2013-07-13 03:00:00,0.3,0.0,0.0
2013-07-13 04:00:00,0.08,0.0,0.26722222222222225
2013-07-13 05:00:00,0.1,68.86463,1.0
2013-07-13 06:00:00,0.03,249.387,1.0
2013-07-13 07:00:00,0.0,465.8277,1.0
2013-07-13 08:00:00,0.0,662.07184,1.0
2013-07-13 09:00:00,0.0,831.5794,1.0
2013-07-13 10:00:00,0.08,936.31116,1.0
2013-07-13 11:00:00,0.2,921.6625,1.0
2013-07-13 12:00:00,0.53,885.3743,1.0
2013-07-13 13:00:00,0.8,691.2851,1.0
2013-07-13 14:00:00,0.89,309.2775,1.0
2013-07-13 15:00:00,0.92,274.16644,1.0
2013-07-13 16:00:00,0.99,152.03601,1.0
2013-07-13 17:00:00,1.0,165.8752,1.0
2013-07-13 18:00:00,0.99,61.807774,1.0
2013-07-13 19:00:00,1.0,3.9772115,0.4777777777777778
2013-07-13 20:00:00,0.96,0.0,0.0
2013-07-13 21:00:00,0.9,0.0,0.0
2013-07-13 22:00:00,0.91,0.0,0.0
2013-07-13 23:00:00,1.0,0.0,0.0
2013-07-14 00:00:00,1.0,0.0,0.0
2013-07-14 01:00:00,1.0,0.0,0.0
2013-07-14 02:00:00,0.7,0.0,0.0
2013-07-14 03:00:00,0.42,0.0,0.0
2013-07-14 04:00:00,0.32,0.0,0.255
2013-07-14 05:00:00,0.08,68.79805,1.0
2013-07-14 06:00:00,0.03,256.6406,1.0
2013-07-14 07:00:00,0.06,467.12143,1.0
2013-07-14 08:00:00,0.4,670.11035,1.0
2013-07-14 09:00:00,0.63,616.13007,1.0
2013-07-14 10:00:00,0.76,741.52386,1.0
2013-07-14 11:00:00,0.91,522.9238,1.0
2013-07-14 12:00:00,0.87,276.74585,1.0
2013-07-14 13:00:00,0.65,328.6539,1.0
2013-07-14 14:00:00,0.74,157.1264,1.0
2013-07-14 15:00:00,0.99,152.09138,1.0
2013-07-14 16:00:00,1.0,73.986755,1.0
2013-07-14 17:00:00,1.0,52.491993,1.0
2013-07-14 18:00:00,1.0,21.36519,1.0
2013-07-14 19:00:00,1.0,0.99392307,0.4688888888888889
2013-07-14 20:00:00,0.66,0.0,0.0
2013-07-14 21:00:00,0.81,0.0,0.0
2013-07-14 22:00:00,0.99,0.0,0.0
2013-07-14 23:00:00,0.94,0.0,0.0
2013-07-15 00:00:00,0.82,0.0,0.0
2013-07-15 01:00:00,0.57,0.0,0.0
2013-07-15 02:00:00,0.37,0.0,0.0
2013-07-15 03:00:00,0.25,0.0,0.0
2013-07-15 04:00:00,0.34,0.0,0.24222222222222223
2013-07-15 05:00:00,0.79,47.74166,1.0
2013-07-15 06:00:00,0.89,144.53479,1.0
2013-07-15 07:00:00,0.79,225.58893,1.0
2013-07-15 08:00:00,0.72,256.01904,1.0
2013-07-15 09:00:00,0.66,271.74377,1.0
2013-07-15 10:00:00,0.49,352.44992,1.0
2013-07-15 11:00:00,0.55,858.3802,1.0
2013-07-15 12:00:00,0.83,692.86774,1.0
2013-07-15 13:00:00,0.95,627.0908,1.0
2013-07-15 14:00:00,0.99,495.97256,1.0
2013-07-15 15:00:00,0.89,410.83014,1.0
2013-07-15 16:00:00,0.9,275.42813,1.0
2013-07-15 17:00:00,0.84,179.72273,1.0
2013-07-15 18:00:00,0.78,53.26491,1.0
2013-07-15 19:00:00,0.6,3.9772115,0.4597222222222222
2013-07-15 20:00:00,0.54,0.0,0.0
2013-07-15 21:00:00,0.31,0.0,0.0
2013-07-15 22:00:00,0.25,0.0,0.0
2013-07-15 23:00:00,0.23,0.0,0.0
2013-07-16 00:00:00,0.08,0.0,0.0
2013-07-16 01:00:00,0.05,0.0,0.0
2013-07-16 02:00:00,0.04,0.0,0.0
2013-07-16 03:00:00,0.23,0.0,0.0
2013-07-16 04:00:00,0.25,0.0,0.22916666666666666
2013-07-16 05:00:00,0.37,63.04866,1.0
2013-07-16 06:00:00,0.11,226.92747,1.0
2013-07-16 07:00:00,0.01,469.56055,1.0
2013-07-16 08:00:00,0.0,684.93036,1.0
2013-07-16 09:00:00,0.0,853.3097,1.0
2013-07-16 10:00:00,0.01,975.7602,1.0
2013-07-16 11:00:00,0.04,1043.6605,1.0
2013-07-16 12:00:00,0.07,1039.805,1.0
2013-07-16 13:00:00,0.09,970.339,1.0
2013-07-16 14:00:00,0.04,809.16406,1.0
2013-07-16 15:00:00,0.0,629.205,1.0
2013-07-16 16:00:00,0.0,452.56198,1.0
2013-07-16 17:00:00,0.0,233.69696,1.0
2013-07-16 18:00:00,0.0,60.636898,1.0
2013-07-16 19:00:00,0.0,3.978731,0.44972222222222225
2013-07-16 20:00:00,0.0,0.0,0.0
2013-07-16 21:00:00,0.0,0.0,0.0
2013-07-16 22:00:00,0.0,0.0,0.0
2013-07-16 23:00:00,0.0,0.0,0.0
2013-07-17 00:00:00,0.0,0.0,0.0
2013-07-17 01:00:00,0.0,0.0,0.0
2013-07-17 02:00:00,0.0,0.0,0.0
2013-07-17 03:00:00,0.0,0.0,0.0
2013-07-17 04:00:00,0.0,0.0,0.21583333333333332
2013-07-17 05:00:00,0.0,65.228714,1.0
2013-07-17 06:00:00,0.0,235.35803,1.0
2013-07-17 07:00:00,0.0,416.88257,1.0
2013-07-17 08:00:00,0.0,667.319,1.0
2013-07-17 09:00:00,0.0,804.15375,1.0
2013-07-17 10:00:00,0.0,891.7077,1.0
2013-07-17 11:00:00,0.0,996.72974,1.0
2013-07-17 12:00:00,0.05,916.9643,1.0
2013-07-17 13:00:00,0.11,797.69464,1.0
2013-07-17 14:00:00,0.05,724.4902,1.0
2013-07-17 15:00:00,0.11,597.1197,1.0
2013-07-17 16:00:00,0.13,396.3026,1.0
2013-07-17 17:00:00,0.08,214.7107,1.0
2013-07-17 18:00:00,0.02,61.425064,1.0
2013-07-17 19:00:00,0.0,2.9848075,0.43916666666666665
2013-07-17 20:00:00,0.0,0.0,0.0
2013-07-17 21:00:00,0.2,0.0,0.0
2013-07-17 22:00:00,0.2,0.0,0.0
2013-07-17 23:00:00,0.08,0.0,0.0
2013-07-18 00:00:00,0.04,0.0,0.0
2013-07-18 01:00:00,0.02,0.0,0.0
2013-07-18 02:00:00,0.02,0.0,0.0
2013-07-18 03:00:00,0.02,0.0,0.0
2013-07-18 04:00:00,0.04,0.0,0.20222222222222222
2013-07-18 05:00:00,0.07,64.5588,1.0
2013-07-18 06:00:00,0.05,251.70502,1.0
2013-07-18 07:00:00,0.02,466.96524,1.0
2013-07-18 08:00:00,0.0,670.0593,1.0
2013-07-18 09:00:00,0.0,824.5459,1.0
2013-07-18 10:00:00,0.0,961.05585,1.0
2013-07-18 11:00:00,0.04,905.40356,1.0
2013-07-18 12:00:00,0.13,879.3683,1.0
2013-07-18 13:00:00,0.34,776.98206,1.0
2013-07-18 14:00:00,0.19,644.9469,1.0
2013-07-18 15:00:00,0.84,565.3798,1.0
2013-07-18 16:00:00,0.85,282.86508,1.0
2013-07-18 17:00:00,0.86,194.02116,1.0
2013-07-18 18:00:00,0.92,53.954887,1.0
2013-07-18 19:00:00,0.93,3.9756923,0.42833333333333334
2013-07-18 20:00:00,0.92,0.0,0.0
2013-07-18 21:00:00,0.8,0.0,0.0
2013-07-18 22:00:00,0.84,0.0,0.0
2013-07-18 23:00:00,0.89,0.0,0.0
2013-07-19 00:00:00,0.87,0.0,0.0
2013-07-19 01:00:00,0.88,0.0,0.0
2013-07-19 02:00:00,0.89,0.0,0.0
2013-07-19 03:00:00,0.93,0.0,0.0
2013-07-19 04:00:00,0.96,0.0,0.18861111111111112
2013-07-19 05:00:00,0.93,47.188114,1.0
2013-07-19 06:00:00,0.95,200.34184,1.0
2013-07-19 07:00:00,0.98,401.2676,1.0
2013-07-19 08:00:00,0.88,605.1416,1.0
2013-07-19 09:00:00,0.76,724.29785,1.0
2013-07-19 10:00:00,0.27,630.91174,1.0
2013-07-19 11:00:00,0.39,853.2332,1.0
2013-07-19 12:00:00,0.34,728.053,1.0
2013-07-19 13:00:00,0.48,594.2568,1.0
2013-07-19 14:00:00,0.62,458.5008,1.0
2013-07-19 15:00:00,0.42,393.55975,1.0
2013-07-19 16:00:00,0.36,292.8148,1.0
2013-07-19 17:00:00,0.58,179.79128,1.0
2013-07-19 18:00:00,0.56,58.422455,1.0
2013-07-19 19:00:00,0.44,2.9832883,0.41694444444444445
2013-07-19 20:00:00,0.3,0.0,0.0
2013-07-19 21:00:00,0.18,0.0,0.0
2013-07-19 22:00:00,0.24,0.0,0.0
2013-07-19 23:00:00,0.34,0.0,0.0
2013-07-20 00:00:00,0.15,0.0,0.0
2013-07-20 01:00:00,0.03,0.0,0.0
2013-07-20 02:00:00,0.0,0.0,0.0
2013-07-20 03:00:00,0.0,0.0,0.0
2013-07-20 04:00:00,0.05,0.0,0.17472222222222222
2013-07-20 05:00:00,0.04,64.05737,1.0
2013-07-20 06:00:00,0.04,252.30678,1.0
2013-07-20 07:00:00,0.0,475.26492,1.0
2013-07-20 08:00:00,0.0,681.84894,1.0
2013-07-20 09:00:00,0.0,835.0391,1.0
2013-07-20 10:00:00,0.23,953.89594,1.0
2013-07-20 11:00:00,0.38,1017.9677,1.0
2013-07-20 12:00:00,0.46,998.04626,1.0
2013-07-20 13:00:00,0.29,864.0144,1.0
2013-07-20 14:00:00,0.32,584.3434,1.0
2013-07-20 15:00:00,0.39,535.69763,1.0
2013-07-20 16:00:00,0.52,366.6381,1.0
2013-07-20 17:00:00,0.16,239.35468,1.0
2013-07-20 18:00:00,0.06,61.284184,1.0
2013-07-20 19:00:00,0.03,2.9848075,0.405
2013-07-20 20:00:00,0.03,0.0,0.0
2013-07-20 21:00:00,0.06,0.0,0.0
2013-07-20 22:00:00,0.15,0.0,0.0
2013-07-20 23:00:00,0.03,0.0,0.0
2013-07-21 00:00:00,0.02,0.0,0.0
2013-07-21 01:00:00,0.01,0.0,0.0
2013-07-21 02:00:00,0.01,0.0,0.0
2013-07-21 03:00:00,0.03,0.0,0.0
2013-07-21 04:00:00,0.09,0.0,0.16055555555555556
2013-07-21 05:00:00,0.01,64.90799,1.0
2013-07-21 06:00:00,0.04,252.65369,1.0
2013-07-21 07:00:00,0.05,473.15857,1.0
2013-07-21 08:00:00,0.16,688.3801,1.0
2013-07-21 09:00:00,0.29,852.55145,1.0
2013-07-21 10:00:00,0.13,985.2765,1.0
2013-07-21 11:00:00,0.08,1056.0596,1.0
2013-07-21 12:00:00,0.08,1029.8396,1.0
2013-07-21 13:00:00,0.18,954.4636,1.0
2013-07-21 14:00:00,0.39,784.9891,1.0
2013-07-21 15:00:00,0.35,651.10016,1.0
2013-07-21 16:00:00,0.33,442.45062,1.0
2013-07-21 17:00:00,0.17,236.87321,1.0
2013-07-21 18:00:00,0.0,60.494644,1.0
2013-07-21 19:00:00,0.0,1.9908847,0.3927777777777778
2013-07-21 20:00:00,0.0,0.0,0.0
2013-07-21 21:00:00,0.0,0.0,0.0
2013-07-21 22:00:00,0.0,0.0,0.0
2013-07-21 23:00:00,0.0,0.0,0.0
2013-07-22 00:00:00,0.0,0.0,0.0
2013-07-22 01:00:00,0.0,0.0,0.0
2013-07-22 02:00:00,0.0,0.0,0.0
2013-07-22 03:00:00,0.01,0.0,0.0
2013-07-22 04:00:00,0.02,0.0,0.1463888888888889
2013-07-22 05:00:00,0.12,63.579323,1.0
2013-07-22 06:00:00,0.21,255.98402,1.0
2013-07-22 07:00:00,0.22,460.1656,1.0
2013-07-22 08:00:00,0.38,679.54297,1.0
2013-07-22 09:00:00,0.72,864.49384,1.0
2013-07-22 10:00:00,0.74,979.4737,1.0
2013-07-22 11:00:00,0.83,1038.2505,1.0
2013-07-22 12:00:00,0.76,965.88666,1.0
2013-07-22 13:00:00,0.34,982.58856,1.0
2013-07-22 14:00:00,0.28,847.98334,1.0
2013-07-22 15:00:00,0.06,679.79565,1.0
2013-07-22 16:00:00,0.04,467.1281,1.0
2013-07-22 17:00:00,0.0,248.21974,1.0
2013-07-22 18:00:00,0.0,59.63918,1.0
2013-07-22 19:00:00,0.0,2.9832883,0.38
2013-07-22 20:00:00,0.01,0.0,0.0
2013-07-22 21:00:00,0.0,0.0,0.0
2013-07-22 22:00:00,0.0,0.0,0.0
2013-07-22 23:00:00,0.0,0.0,0.0
2013-07-23 00:00:00,0.02,0.0,0.0
2013-07-23 01:00:00,0.06,0.0,0.0
2013-07-23 02:00:00,0.15,0.0,0.0
2013-07-23 03:00:00,0.34,0.0,0.0
2013-07-23 04:00:00,0.4,0.0,0.13194444444444445
2013-07-23 05:00:00,0.41,60.009212,1.0
2013-07-23 06:00:00,0.39,253.20781,1.0
2013-07-23 07:00:00,0.3,483.75424,1.0
2013-07-23 08:00:00,0.16,700.06555,1.0
2013-07-23 09:00:00,0.14,878.5476,1.0
2013-07-23 10:00:00,0.09,1002.608,1.0
2013-07-23 11:00:00,0.14,1064.6576,1.0
2013-07-23 12:00:00,0.47,1010.24713,1.0
2013-07-23 13:00:00,0.67,930.47797,1.0
2013-07-23 14:00:00,0.58,763.839,1.0
2013-07-23 15:00:00,0.38,574.5675,1.0
2013-07-23 16:00:00,0.19,447.16226,1.0
2013-07-23 17:00:00,0.59,242.22444,1.0
2013-07-23 18:00:00,0.84,59.164486,1.0
2013-07-23 19:00:00,0.37,2.9832883,0.36666666666666664
2013-07-23 20:00:00,0.05,0.0,0.0
2013-07-23 21:00:00,0.08,0.0,0.0
2013-07-23 22:00:00,0.26,0.0,0.0
2013-07-23 23:00:00,0.73,0.0,0.0
2013-07-24 00:00:00,0.92,0.0,0.0
2013-07-24 01:00:00,0.97,0.0,0.0
2013-07-24 02:00:00,0.98,0.0,0.0
2013-07-24 03:00:00,1.0,0.0,0.0
2013-07-24 04:00:00,0.99,0.0,0.1175
2013-07-24 05:00:00,1.0,45.24829,1.0
2013-07-24 06:00:00,0.99,201.97073,1.0
2013-07-24 07:00:00,0.99,407.91455,1.0
2013-07-24 08:00:00,0.99,602.9579,1.0
2013-07-24 09:00:00,0.57,785.4847,1.0
2013-07-24 10:00:00,0.81,852.7312,1.0
2013-07-24 11:00:00,0.8,772.98035,1.0
2013-07-24 12:00:00,0.87,689.38446,1.0
2013-07-24 13:00:00,0.94,641.84814,1.0
2013-07-24 14:00:00,0.98,558.64166,1.0
2013-07-24 15:00:00,0.98,507.81818,1.0
2013-07-24 16:00:00,0.61,214.9657,1.0
2013-07-24 17:00:00,0.48,127.66554,1.0
2013-07-24 18:00:00,0.63,51.50514,1.0
2013-07-24 19:00:00,0.93,1.9878461,0.35305555555555557
2013-07-24 20:00:00,0.97,0.0,0.0
2013-07-24 21:00:00,0.99,0.0,0.0
2013-07-24 22:00:00,0.91,0.0,0.0
2013-07-24 23:00:00,0.72,0.0,0.0
2013-07-25 00:00:00,0.15,0.0,0.0
2013-07-25 01:00:00,0.25,0.0,0.0
2013-07-25 02:00:00,0.33,0.0,0.0
2013-07-25 03:00:00,0.41,0.0,0.0
2013-07-25 04:00:00,0.31,0.0,0.10305555555555555
2013-07-25 05:00:00,0.66,47.000225,1.0
2013-07-25 06:00:00,0.43,139.32976,1.0
2013-07-25 07:00:00,0.24,350.20474,1.0
2013-07-25 08:00:00,0.94,568.67957,1.0
2013-07-25 09:00:00,0.91,681.557,1.0
2013-07-25 10:00:00,0.19,859.90485,1.0
2013-07-25 11:00:00,0.29,809.54846,1.0
2013-07-25 12:00:00,0.84,676.10486,1.0
2013-07-25 13:00:00,0.82,518.50336,1.0
2013-07-25 14:00:00,0.74,637.4164,1.0
2013-07-25 15:00:00,0.73,417.75974,1.0
2013-07-25 16:00:00,0.66,355.34537,1.0
2013-07-25 17:00:00,0.34,221.55862,1.0
2013-07-25 18:00:00,0.03,51.04155,1.0
2013-07-25 19:00:00,0.04,1.9893655,0.3388888888888889
2013-07-25 20:00:00,0.24,0.0,0.0
2013-07-25 21:00:00,0.39,0.0,0.0
2013-07-25 22:00:00,0.34,0.0,0.0
2013-07-25 23:00:00,0.3,0.0,0.0
2013-07-26 00:00:00,0.15,0.0,0.0
2013-07-26 01:00:00,0.1,0.0,0.0
2013-07-26 02:00:00,0.11,0.0,0.0
2013-07-26 03:00:00,0.02,0.0,0.0
2013-07-26 04:00:00,0.0,0.0,0.08861111111111111
2013-07-26 05:00:00,0.01,54.29269,1.0
2013-07-26 06:00:00,0.03,238.32285,1.0
2013-07-26 07:00:00,0.0,456.3078,1.0
2013-07-26 08:00:00,0.0,662.98413,1.0
2013-07-26 09:00:00,0.15,754.6594,1.0
2013-07-26 10:00:00,0.39,899.2496,1.0
2013-07-26 11:00:00,0.38,971.4229,1.0
2013-07-26 12:00:00,0.44,880.34753,1.0
2013-07-26 13:00:00,0.55,825.5442,1.0
2013-07-26 14:00:00,0.42,734.6829,1.0
2013-07-26 15:00:00,0.38,604.7449,1.0
2013-07-26 16:00:00,0.17,441.31354,1.0
2013-07-26 17:00:00,0.18,232.09933,1.0
2013-07-26 18:00:00,0.12,51.436863,1.0
2013-07-26 19:00:00,0.11,1.9893655,0.3244444444444444
2013-07-26 20:00:00,0.03,0.0,0.0
2013-07-26 21:00:00,0.0,0.0,0.0
2013-07-26 22:00:00,0.01,0.0,0.0
2013-07-26 23:00:00,0.02,0.0,0.0
2013-07-27 00:00:00,0.05,0.0,0.0
2013-07-27 01:00:00,0.02,0.0,0.0
2013-07-27 02:00:00,0.01,0.0,0.0
2013-07-27 03:00:00,0.12,0.0,0.0
2013-07-27 04:00:00,0.11,0.0,0.07388888888888889
2013-07-27 05:00:00,0.22,55.356113,1.0
2013-07-27 06:00:00,0.5,244.91792,1.0
2013-07-27 07:00:00,0.78,465.40518,1.0
2013-07-27 08:00:00,0.86,676.5203,1.0
2013-07-27 09:00:00,0.94,828.2277,1.0
2013-07-27 10:00:00,0.87,888.71045,1.0
2013-07-27 11:00:00,0.71,886.40564,1.0
2013-07-27 12:00:00,0.86,688.92224,1.0
2013-07-27 13:00:00,0.97,618.59436,1.0
2013-07-27 14:00:00,0.93,508.7062,1.0
2013-07-27 15:00:00,0.85,503.44635,1.0
2013-07-27 16:00:00,0.98,343.6041,1.0
2013-07-27 17:00:00,1.0,123.812546,1.0
2013-07-27 18:00:00,0.96,36.684353,1.0
2013-07-27 19:00:00,0.99,0.99392307,0.30944444444444447
2013-07-27 20:00:00,1.0,0.0,0.0
2013-07-27 21:00:00,1.0,0.0,0.0
2013-07-27 22:00:00,1.0,0.0,0.0
2013-07-27 23:00:00,0.99,0.0,0.0
2013-07-28 00:00:00,0.99,0.0,0.0
2013-07-28 01:00:00,0.99,0.0,0.0
2013-07-28 02:00:00,0.99,0.0,0.0
2013-07-28 03:00:00,0.98,0.0,0.0
2013-07-28 04:00:00,0.99,0.0,0.059444444444444446
2013-07-28 05:00:00,0.97,16.643848,1.0
2013-07-28 06:00:00,0.99,71.74632,1.0
2013-07-28 07:00:00,0.98,186.88962,1.0
2013-07-28 08:00:00,0.99,127.82334,1.0
2013-07-28 09:00:00,0.93,344.20255,1.0
2013-07-28 10:00:00,0.93,521.52014,1.0
2013-07-28 11:00:00,0.98,362.67166,1.0
2013-07-28 12:00:00,0.94,257.9535,1.0
2013-07-28 13:00:00,0.89,195.98305,1.0
2013-07-28 14:00:00,0.68,379.0468,1.0
2013-07-28 15:00:00,0.93,334.63406,1.0
2013-07-28 16:00:00,0.85,280.23767,1.0
2013-07-28 17:00:00,0.83,155.13391,1.0
2013-07-28 18:00:00,0.74,42.824577,1.0
2013-07-28 19:00:00,0.73,0.99392307,0.2941666666666667
2013-07-28 20:00:00,0.74,0.0,0.0
2013-07-28 21:00:00,0.53,0.0,0.0
2013-07-28 22:00:00,0.46,0.0,0.0
2013-07-28 23:00:00,0.24,0.0,0.0
2013-07-29 00:00:00,0.14,0.0,0.0
2013-07-29 01:00:00,0.13,0.0,0.0
2013-07-29 02:00:00,0.28,0.0,0.0
2013-07-29 03:00:00,0.65,0.0,0.0
2013-07-29 04:00:00,0.58,0.0,0.04472222222222222
2013-07-29 05:00:00,0.78,37.044525,1.0
2013-07-29 06:00:00,0.9,170.98332,1.0
2013-07-29 07:00:00,0.3,374.5328,1.0
2013-07-29 08:00:00,0.47,583.2572,1.0
2013-07-29 09:00:00,0.74,796.7933,1.0
2013-07-29 10:00:00,0.79,894.3732,1.0
2013-07-29 11:00:00,0.99,326.47656,1.0
2013-07-29 12:00:00,0.9,348.20026,1.0
2013-07-29 13:00:00,0.97,241.0442,1.0
2013-07-29 14:00:00,0.83,356.52145,1.0
2013-07-29 15:00:00,0.93,390.9604,1.0
2013-07-29 16:00:00,0.79,354.44424,1.0
2013-07-29 17:00:00,0.41,196.37228,1.0
2013-07-29 18:00:00,0.24,48.770855,1.0
2013-07-29 19:00:00,0.26,0.0,0.2783333333333333
2013-07-29 20:00:00,0.21,0.0,0.0
2013-07-29 21:00:00,0.25,0.0,0.0
2013-07-29 22:00:00,0.12,0.0,0.0
2013-07-29 23:00:00,0.14,0.0,0.0
2013-07-30 00:00:00,0.09,0.0,0.0
2013-07-30 01:00:00,0.06,0.0,0.0
2013-07-30 02:00:00,0.06,0.0,0.0
2013-07-30 03:00:00,0.09,0.0,0.0
2013-07-30 04:00:00,0.09,0.0,0.03
2013-07-30 05:00:00,0.03,48.775284,1.0
2013-07-30 06:00:00,0.0,232.87749,1.0
2013-07-30 07:00:00,0.0,454.5109,1.0
2013-07-30 08:00:00,0.0,646.2226,1.0
2013-07-30 09:00:00,0.03,788.50806,1.0
2013-07-30 10:00:00,0.13,906.6277,1.0
2013-07-30 11:00:00,0.31,940.67706,1.0
2013-07-30 12:00:00,0.26,992.10345,1.0
2013-07-30 13:00:00,0.27,846.6068,1.0
2013-07-30 14:00:00,0.37,762.15936,1.0
2013-07-30 15:00:00,0.66,584.51825,1.0
2013-07-30 16:00:00,0.64,394.93182,1.0
2013-07-30 17:00:00,0.83,201.25784,1.0
2013-07-30 18:00:00,0.28,42.995296,1.0
2013-07-30 19:00:00,0.26,0.0,0.2619444444444444
2013-07-30 20:00:00,0.25,0.0,0.0
2013-07-30 21:00:00,0.18,0.0,0.0
2013-07-30 22:00:00,0.05,0.0,0.0
2013-07-30 23:00:00,0.01,0.0,0.0
2013-07-31 00:00:00,0.0,0.0,0.0
2013-07-31 01:00:00,0.0,0.0,0.0
2013-07-31 02:00:00,0.0,0.0,0.0
2013-07-31 03:00:00,0.13,0.0,0.0
2013-07-31 04:00:00,0.01,0.0,0.015
2013-07-31 05:00:00,0.0,48.989494,1.0
2013-07-31 06:00:00,0.0,233.42075,1.0
2013-07-31 07:00:00,0.0,455.2977,1.0
2013-07-31 08:00:00,0.0,665.5751,1.0
2013-07-31 09:00:00,0.0,788.8619,1.0
2013-07-31 10:00:00,0.24,915.41876,1.0
2013-07-31 11:00:00,0.32,938.533,1.0
2013-07-31 12:00:00,0.44,918.578,1.0
2013-07-31 13:00:00,0.36,886.2202,1.0
2013-07-31 14:00:00,0.45,754.25757,1.0
2013-07-31 15:00:00,0.64,584.3565,1.0
2013-07-31 16:00:00,0.33,388.097,1.0
2013-07-31 17:00:00,0.27,204.23146,1.0
2013-07-31 18:00:00,0.26,43.380207,1.0
2013-07-31 19:00:00,0.3,0.0,0.2452777777777778
2013-07-31 20:00:00,0.3,0.0,0.0
2013-07-31 21:00:00,0.21,0.0,0.0
2013-07-31 22:00:00,0.23,0.0,0.0
2013-07-31 23:00:00,0.34,0.0,0.0
2013-08-01 00:00:00,0.45,0.0,0.0
2013-08-01 01:00:00,0.3,0.0,0.0
2013-08-01 02:00:00,0.21,0.0,0.0
2013-08-01 03:00:00,0.11,0.0,0.0
2013-08-01 04:00:00,0.38,0.0,0.0
2013-08-01 05:00:00,0.68,36.852394,0.9997222222222222
2013-08-01 06:00:00,0.79,173.66156,1.0
2013-08-01 07:00:00,0.88,321.46548,1.0
2013-08-01 08:00:00,0.82,573.2076,1.0
2013-08-01 09:00:00,0.95,718.4974,1.0
2013-08-01 10:00:00,0.92,750.4894,1.0
2013-08-01 11:00:00,0.98,842.0303,1.0
2013-08-01 12:00:00,1.0,759.13043,1.0
2013-08-01 13:00:00,1.0,619.6741,1.0
2013-08-01 14:00:00,1.0,358.56628,1.0
2013-08-01 15:00:00,1.0,260.88278,1.0
2013-08-01 16:00:00,0.91,113.307236,1.0
2013-08-01 17:00:00,0.57,81.75249,1.0
2013-08-01 18:00:00,0.28,35.840664,1.0
2013-08-01 19:00:00,0.37,0.0,0.22777777777777777
2013-08-01 20:00:00,0.72,0.0,0.0
2013-08-01 21:00:00,0.78,0.0,0.0
2013-08-01 22:00:00,0.96,0.0,0.0
2013-08-01 23:00:00,0.99,0.0,0.0
2013-08-02 00:00:00,1.0,0.0,0.0
2013-08-02 01:00:00,0.96,0.0,0.0
2013-08-02 02:00:00,0.77,0.0,0.0
2013-08-02 03:00:00,0.74,0.0,0.0
2013-08-02 04:00:00,0.19,0.0,0.0
2013-08-02 05:00:00,0.02,45.760723,0.9844444444444445
2013-08-02 06:00:00,0.13,227.12195,1.0
2013-08-02 07:00:00,0.32,441.6558,1.0
2013-08-02 08:00:00,0.78,644.0487,1.0
2013-08-02 09:00:00,0.8,812.87317,1.0
2013-08-02 10:00:00,0.84,914.9453,1.0
2013-08-02 11:00:00,0.64,992.8756,1.0
2013-08-02 12:00:00,0.48,984.46747,1.0
2013-08-02 13:00:00,0.52,835.06915,1.0
2013-08-02 14:00:00,0.71,780.6301,1.0
2013-08-02 15:00:00,0.8,455.70642,1.0
2013-08-02 16:00:00,0.61,324.3242,1.0
2013-08-02 17:00:00,0.52,191.00836,1.0
2013-08-02 18:00:00,0.68,41.28052,1.0
2013-08-02 19:00:00,0.56,0.0,0.21
2013-08-02 20:00:00,0.79,0.0,0.0
2013-08-02 21:00:00,0.97,0.0,0.0
2013-08-02 22:00:00,1.0,0.0,0.0
2013-08-02 23:00:00,1.0,0.0,0.0
2013-08-03 00:00:00,1.0,0.0,0.0
2013-08-03 01:00:00,1.0,0.0,0.0
2013-08-03 02:00:00,1.0,0.0,0.0
2013-08-03 03:00:00,1.0,0.0,0.0
2013-08-03 04:00:00,0.96,0.0,0.0
2013-08-03 05:00:00,0.96,31.280087,0.9691666666666666
2013-08-03 06:00:00,0.99,207.91507,1.0
2013-08-03 07:00:00,0.89,393.91617,1.0
2013-08-03 08:00:00,0.75,566.441,1.0
2013-08-03 09:00:00,0.73,718.3919,1.0
2013-08-03 10:00:00,0.8,848.0378,1.0
2013-08-03 11:00:00,0.75,883.24774,1.0
2013-08-03 12:00:00,0.61,924.4265,1.0
2013-08-03 13:00:00,0.37,848.5865,1.0
2013-08-03 14:00:00,0.61,715.254,1.0
2013-08-03 15:00:00,0.74,460.26993,1.0
2013-08-03 16:00:00,0.98,210.83937,1.0
2013-08-03 17:00:00,1.0,117.87888,1.0
2013-08-03 18:00:00,1.0,37.176468,1.0
2013-08-03 19:00:00,0.91,0.0,0.19166666666666668
2013-08-03 20:00:00,0.99,0.0,0.0
2013-08-03 21:00:00,0.99,0.0,0.0
2013-08-03 22:00:00,0.98,0.0,0.0
2013-08-03 23:00:00,0.95,0.0,0.0
2013-08-04 00:00:00,0.84,0.0,0.0
2013-08-04 01:00:00,0.36,0.0,0.0
2013-08-04 02:00:00,0.28,0.0,0.0
2013-08-04 03:00:00,0.04,0.0,0.0
2013-08-04 04:00:00,0.01,0.0,0.0
2013-08-04 05:00:00,0.36,40.90073,0.9536111111111111
2013-08-04 06:00:00,0.51,219.51949,1.0
2013-08-04 07:00:00,0.61,436.56705,1.0
2013-08-04 08:00:00,0.74,635.3849,1.0
2013-08-04 09:00:00,0.5,813.516,1.0
2013-08-04 10:00:00,0.4,921.4806,1.0
2013-08-04 11:00:00,0.32,928.71014,1.0
2013-08-04 12:00:00,0.53,960.3989,1.0
2013-08-04 13:00:00,0.65,859.84546,1.0
2013-08-04 14:00:00,0.58,695.05133,1.0
2013-08-04 15:00:00,0.79,505.10223,1.0
2013-08-04 16:00:00,0.95,286.38846,1.0
2013-08-04 17:00:00,0.83,140.42163,1.0
2013-08-04 18:00:00,0.84,30.140339,1.0
2013-08-04 19:00:00,0.95,0.0,0.17305555555555555
2013-08-04 20:00:00,0.99,0.0,0.0
2013-08-04 21:00:00,0.97,0.0,0.0
2013-08-04 22:00:00,0.98,0.0,0.0
2013-08-04 23:00:00,1.0,0.0,0.0
2013-08-05 00:00:00,1.0,0.0,0.0
2013-08-05 01:00:00,0.96,0.0,0.0
2013-08-05 02:00:00,0.98,0.0,0.0
2013-08-05 03:00:00,0.97,0.0,0.0
2013-08-05 04:00:00,0.93,0.0,0.0
2013-08-05 05:00:00,0.96,38.462936,0.9380555555555555
2013-08-05 06:00:00,0.86,214.63469,1.0
2013-08-05 07:00:00,0.48,432.28882,1.0
2013-08-05 08:00:00,0.43,621.3071,1.0
2013-08-05 09:00:00,0.73,814.64764,1.0
2013-08-05 10:00:00,0.93,911.27563,1.0
2013-08-05 11:00:00,0.9,876.598,1.0
2013-08-05 12:00:00,0.67,882.72974,1.0
2013-08-05 13:00:00,0.84,882.79297,1.0
2013-08-05 14:00:00,0.85,708.80554,1.0
2013-08-05 15:00:00,0.85,451.58737,1.0
2013-08-05 16:00:00,0.96,248.42644,1.0
2013-08-05 17:00:00,0.89,123.318535,1.0
2013-08-05 18:00:00,0.83,26.3433,1.0
2013-08-05 19:00:00,0.57,0.0,0.15388888888888888
2013-08-05 20:00:00,0.32,0.0,0.0
2013-08-05 21:00:00,0.28,0.0,0.0
2013-08-05 22:00:00,0.17,0.0,0.0
2013-08-05 23:00:00,0.2,0.0,0.0
2013-08-06 00:00:00,0.26,0.0,0.0
2013-08-06 01:00:00,0.18,0.0,0.0
2013-08-06 02:00:00,0.01,0.0,0.0
2013-08-06 03:00:00,0.46,0.0,0.0
2013-08-06 04:00:00,0.9,0.0,0.0
2013-08-06 05:00:00,0.99,37.683586,0.9225
2013-08-06 06:00:00,0.93,198.64081,1.0
2013-08-06 07:00:00,0.9,409.64606,1.0
2013-08-06 08:00:00,0.91,616.4479,1.0
2013-08-06 09:00:00,0.9,754.6734,1.0
2013-08-06 10:00:00,0.85,831.071,1.0
2013-08-06 11:00:00,0.91,951.8081,1.0
2013-08-06 12:00:00,0.93,871.18524,1.0
2013-08-06 13:00:00,0.96,698.05505,1.0
2013-08-06 14:00:00,1.0,522.8905,1.0
2013-08-06 15:00:00,1.0,346.58716,1.0
2013-08-06 16:00:00,1.0,212.65349,1.0
2013-08-06 17:00:00,1.0,155.34952,1.0
2013-08-06 18:00:00,1.0,31.792585,1.0
2013-08-06 19:00:00,1.0,0.0,0.13416666666666666
2013-08-06 20:00:00,1.0,0.0,0.0
2013-08-06 21:00:00,1.0,0.0,0.0
2013-08-06 22:00:00,1.0,0.0,0.0
2013-08-06 23:00:00,0.99,0.0,0.0
2013-08-07 00:00:00,1.0,0.0,0.0
2013-08-07 01:00:00,1.0,0.0,0.0
2013-08-07 02:00:00,1.0,0.0,0.0
2013-08-07 03:00:00,0.97,0.0,0.0
2013-08-07 04:00:00,0.98,0.0,0.0
2013-08-07 05:00:00,0.99,22.64133,0.9066666666666666
2013-08-07 06:00:00,1.0,114.364296,1.0
2013-08-07 07:00:00,1.0,206.72049,1.0
2013-08-07 08:00:00,1.0,319.96417,1.0
2013-08-07 09:00:00,1.0,531.25195,1.0
2013-08-07 10:00:00,1.0,465.3876,1.0
2013-08-07 11:00:00,1.0,274.46185,1.0
2013-08-07 12:00:00,0.95,362.07434,1.0
2013-08-07 13:00:00,0.99,628.93665,1.0
2013-08-07 14:00:00,0.92,627.4628,1.0
2013-08-07 15:00:00,0.97,388.91635,1.0
2013-08-07 16:00:00,0.9,351.01144,1.0
2013-08-07 17:00:00,0.61,167.29744,1.0
2013-08-07 18:00:00,0.31,37.632893,1.0
2013-08-07 19:00:00,0.58,0.0,0.11444444444444445
2013-08-07 20:00:00,0.36,0.0,0.0
2013-08-07 21:00:00,0.19,0.0,0.0
2013-08-07 22:00:00,0.14,0.0,0.0
2013-08-07 23:00:00,0.18,0.0,0.0
2013-08-08 00:00:00,0.18,0.0,0.0
2013-08-08 01:00:00,0.13,0.0,0.0
2013-08-08 02:00:00,0.06,0.0,0.0
2013-08-08 03:00:00,0.69,0.0,0.0
2013-08-08 04:00:00,0.05,0.0,0.0
2013-08-08 05:00:00,0.28,35.772694,0.8908333333333334
2013-08-08 06:00:00,0.6,195.30547,1.0
2013-08-08 07:00:00,0.87,347.91788,1.0
2013-08-08 08:00:00,0.94,496.20502,1.0
2013-08-08 09:00:00,0.96,678.2495,1.0
2013-08-08 10:00:00,0.96,762.3788,1.0
2013-08-08 11:00:00,0.91,779.9785,1.0
2013-08-08 12:00:00,0.81,839.2377,1.0
2013-08-08 13:00:00,0.67,755.8999,1.0
2013-08-08 14:00:00,0.46,619.3693,1.0
2013-08-08 15:00:00,0.74,407.56668,1.0
2013-08-08 16:00:00,0.85,177.36287,1.0
2013-08-08 17:00:00,0.9,100.05928,1.0
2013-08-08 18:00:00,0.94,27.192743,1.0
2013-08-08 19:00:00,0.87,0.0,0.09416666666666666
2013-08-08 20:00:00,0.76,0.0,0.0
2013-08-08 21:00:00,0.47,0.0,0.0
2013-08-08 22:00:00,0.1,0.0,0.0
2013-08-08 23:00:00,0.04,0.0,0.0
2013-08-09 00:00:00,0.08,0.0,0.0
2013-08-09 01:00:00,0.23,0.0,0.0
2013-08-09 02:00:00,0.5,0.0,0.0
2013-08-09 03:00:00,0.3,0.0,0.0
2013-08-09 04:00:00,0.42,0.0,0.0
2013-08-09 05:00:00,0.58,33.145153,0.875
2013-08-09 06:00:00,0.72,174.88962,1.0
2013-08-09 07:00:00,0.72,358.36026,1.0
2013-08-09 08:00:00,0.54,571.842,1.0
2013-08-09 09:00:00,0.01,724.12427,1.0
2013-08-09 10:00:00,0.1,860.0023,1.0
2013-08-09 11:00:00,0.18,995.0221,1.0
2013-08-09 12:00:00,0.69,844.6125,1.0
2013-08-09 13:00:00,0.58,723.37195,1.0
2013-08-09 14:00:00,0.54,621.84534,1.0
2013-08-09 15:00:00,0.74,462.14502,1.0
2013-08-09 16:00:00,0.77,236.45294,1.0
2013-08-09 17:00:00,0.71,147.38737,1.0
2013-08-09 18:00:00,0.9,31.27895,1.0
2013-08-09 19:00:00,0.34,0.0,0.07361111111111111
2013-08-09 20:00:00,0.27,0.0,0.0
2013-08-09 21:00:00,0.22,0.0,0.0
2013-08-09 22:00:00,0.25,0.0,0.0
2013-08-09 23:00:00,0.25,0.0,0.0
2013-08-10 00:00:00,0.13,0.0,0.0
2013-08-10 01:00:00,0.1,0.0,0.0
2013-08-10 02:00:00,0.02,0.0,0.0
2013-08-10 03:00:00,0.01,0.0,0.0
2013-08-10 04:00:00,0.0,0.0,0.0
2013-08-10 05:00:00,0.0,36.176,0.8591666666666666
2013-08-10 06:00:00,0.0,217.2232,1.0
2013-08-10 07:00:00,0.0,444.92776,1.0
2013-08-10 08:00:00,0.0,660.2996,1.0
2013-08-10 09:00:00,0.04,832.79724,1.0
2013-08-10 10:00:00,0.19,903.3513,1.0
2013-08-10 11:00:00,0.26,983.27997,1.0
2013-08-10 12:00:00,0.23,905.9258,1.0
2013-08-10 13:00:00,0.4,886.3533,1.0
2013-08-10 14:00:00,0.7,717.375,1.0
2013-08-10 15:00:00,0.88,510.0408,1.0
2013-08-10 16:00:00,0.96,269.5992,1.0
2013-08-10 17:00:00,0.77,126.579155,1.0
2013-08-10 18:00:00,0.51,20.023193,1.0
2013-08-10 19:00:00,0.71,0.0,0.05277777777777778
2013-08-10 20:00:00,1.0,0.0,0.0
2013-08-10 21:00:00,1.0,0.0,0.0
2013-08-10 22:00:00,1.0,0.0,0.0
2013-08-10 23:00:00,1.0,0.0,0.0
2013-08-11 00:00:00,1.0,0.0,0.0
2013-08-11 01:00:00,0.93,0.0,0.0
2013-08-11 02:00:00,0.92,0.0,0.0
2013-08-11 03:00:00,0.92,0.0,0.0
2013-08-11 04:00:00,0.78,0.0,0.0
2013-08-11 05:00:00,0.63,33.49564,0.8433333333333334
2013-08-11 06:00:00,0.36,212.52795,1.0
2013-08-11 07:00:00,0.13,440.3446,1.0
2013-08-11 08:00:00,0.03,629.9792,1.0
2013-08-11 09:00:00,0.05,742.3329,1.0
2013-08-11 10:00:00,0.29,844.17267,1.0
2013-08-11 11:00:00,0.58,917.2718,1.0
2013-08-11 12:00:00,0.58,870.06744,1.0
2013-08-11 13:00:00,0.64,721.8665,1.0
2013-08-11 14:00:00,0.42,715.82043,1.0
2013-08-11 15:00:00,0.67,423.43414,1.0
2013-08-11 16:00:00,0.31,309.6667,1.0
2013-08-11 17:00:00,0.44,172.19109,1.0
2013-08-11 18:00:00,0.45,27.93028,1.0
2013-08-11 19:00:00,0.31,0.0,0.03166666666666667
2013-08-11 20:00:00,0.36,0.0,0.0
2013-08-11 21:00:00,0.09,0.0,0.0
2013-08-11 22:00:00,0.08,0.0,0.0
2013-08-11 23:00:00,0.15,0.0,0.0
2013-08-12 00:00:00,0.06,0.0,0.0
2013-08-12 01:00:00,0.0,0.0,0.0
2013-08-12 02:00:00,0.0,0.0,0.0
2013-08-12 03:00:00,0.01,0.0,0.0
2013-08-12 04:00:00,0.29,0.0,0.0
2013-08-12 05:00:00,0.52,32.702236,0.8275
2013-08-12 06:00:00,0.53,208.6466,1.0
2013-08-12 07:00:00,0.58,434.37485,1.0
2013-08-12 08:00:00,0.48,648.9025,1.0
2013-08-12 09:00:00,0.34,769.7834,1.0
2013-08-12 10:00:00,0.19,883.59656,1.0
2013-08-12 11:00:00,0.24,828.58014,1.0
2013-08-12 12:00:00,0.82,649.08057,1.0
2013-08-12 13:00:00,0.81,507.97745,1.0
2013-08-12 14:00:00,0.87,366.18155,1.0
2013-08-12 15:00:00,0.5,353.90112,1.0
2013-08-12 16:00:00,0.49,230.09914,1.0
2013-08-12 17:00:00,0.53,146.21269,1.0
2013-08-12 18:00:00,0.58,29.620571,1.0
2013-08-12 19:00:00,0.8,0.0,0.010277777777777778
2013-08-12 20:00:00,0.39,0.0,0.0
2013-08-12 21:00:00,0.26,0.0,0.0
2013-08-12 22:00:00,0.14,0.0,0.0
2013-08-12 23:00:00,0.05,0.0,0.0
2013-08-13 00:00:00,0.07,0.0,0.0
2013-08-13 01:00:00,0.09,0.0,0.0
2013-08-13 02:00:00,0.09,0.0,0.0
2013-08-13 03:00:00,0.03,0.0,0.0
2013-08-13 04:00:00,0.0,0.0,0.0
2013-08-13 05:00:00,0.0,29.926313,0.8119444444444445
2013-08-13 06:00:00,0.01,196.52138,1.0
2013-08-13 07:00:00,0.0,418.24033,1.0
2013-08-13 08:00:00,0.0,637.4235,1.0
2013-08-13 09:00:00,0.11,792.72736,1.0
2013-08-13 10:00:00,0.32,903.5441,1.0
2013-08-13 11:00:00,0.42,902.79333,1.0
2013-08-13 12:00:00,0.65,801.549,1.0
2013-08-13 13:00:00,0.51,690.0961,1.0
2013-08-13 14:00:00,0.2,675.3827,1.0
2013-08-13 15:00:00,0.58,535.68604,1.0
2013-08-13 16:00:00,0.2,349.60898,1.0
2013-08-13 17:00:00,0.13,165.35753,1.0
2013-08-13 18:00:00,0.3,24.679096,0.9886111111111111
2013-08-13 19:00:00,0.28,0.0,0.0
2013-08-13 20:00:00,0.18,0.0,0.0
2013-08-13 21:00:00,0.16,0.0,0.0
2013-08-13 22:00:00,0.03,0.0,0.0
2013-08-13 23:00:00,0.02,0.0,0.0
2013-08-14 00:00:00,0.03,0.0,0.0
2013-08-14 01:00:00,0.0,0.0,0.0
2013-08-14 02:00:00,0.0,0.0,0.0
2013-08-14 03:00:00,0.0,0.0,0.0
2013-08-14 04:00:00,0.0,0.0,0.0
2013-08-14 05:00:00,0.0,30.14336,0.7961111111111111
2013-08-14 06:00:00,0.0,207.24509,1.0
2013-08-14 07:00:00,0.0,434.1278,1.0
2013-08-14 08:00:00,0.0,647.6363,1.0
2013-08-14 09:00:00,0.0,794.9682,1.0
2013-08-14 10:00:00,0.18,925.04315,1.0
2013-08-14 11:00:00,0.26,1011.1751,1.0
2013-08-14 12:00:00,0.38,952.77155,1.0
2013-08-14 13:00:00,0.29,873.0711,1.0
2013-08-14 14:00:00,0.24,776.54724,1.0
2013-08-14 15:00:00,0.79,591.49927,1.0
2013-08-14 16:00:00,0.66,360.11197,1.0
2013-08-14 17:00:00,0.74,167.80032,1.0
2013-08-14 18:00:00,0.76,25.57119,0.9666666666666667
2013-08-14 19:00:00,0.63,0.0,0.0
2013-08-14 20:00:00,0.54,0.0,0.0
2013-08-14 21:00:00,0.57,0.0,0.0
2013-08-14 22:00:00,0.34,0.0,0.0
2013-08-14 23:00:00,0.14,0.0,0.0
2013-08-15 00:00:00,0.04,0.0,0.0
2013-08-15 01:00:00,0.01,0.0,0.0
2013-08-15 02:00:00,0.0,0.0,0.0
2013-08-15 03:00:00,0.0,0.0,0.0
2013-08-15 04:00:00,0.0,0.0,0.0
2013-08-15 05:00:00,0.0,30.392668,0.7802777777777777
2013-08-15 06:00:00,0.0,211.1166,1.0
2013-08-15 07:00:00,0.0,442.81955,1.0
2013-08-15 08:00:00,0.01,660.89453,1.0
2013-08-15 09:00:00,0.13,827.57715,1.0
2013-08-15 10:00:00,0.35,912.1851,1.0
2013-08-15 11:00:00,0.54,944.29425,1.0
2013-08-15 12:00:00,0.5,969.8161,1.0
2013-08-15 13:00:00,0.64,894.6592,1.0
2013-08-15 14:00:00,0.84,740.41473,1.0
2013-08-15 15:00:00,0.11,582.20074,1.0
2013-08-15 16:00:00,0.25,398.58536,1.0
2013-08-15 17:00:00,0.32,173.69508,1.0
2013-08-15 18:00:00,0.01,23.069763,0.9444444444444444
2013-08-15 19:00:00,0.01,0.0,0.0
2013-08-15 20:00:00,0.01,0.0,0.0
2013-08-15 21:00:00,0.0,0.0,0.0
2013-08-15 22:00:00,0.0,0.0,0.0
2013-08-15 23:00:00,0.0,0.0,0.0
2013-08-16 00:00:00,0.0,0.0,0.0
2013-08-16 01:00:00,0.0,0.0,0.0
2013-08-16 02:00:00,0.0,0.0,0.0
2013-08-16 03:00:00,0.0,0.0,0.0
2013-08-16 04:00:00,0.0,0.0,0.0
2013-08-16 05:00:00,0.0,29.596134,0.7647222222222222
2013-08-16 06:00:00,0.0,210.75842,1.0
2013-08-16 07:00:00,0.0,441.6606,1.0
2013-08-16 08:00:00,0.0,659.82,1.0
2013-08-16 09:00:00,0.0,840.0297,1.0
2013-08-16 10:00:00,0.03,969.1026,1.0
2013-08-16 11:00:00,0.28,1034.3733,1.0
2013-08-16 12:00:00,0.22,920.3827,1.0
2013-08-16 13:00:00,0.44,853.78186,1.0
2013-08-16 14:00:00,0.59,730.94446,1.0
2013-08-16 15:00:00,0.74,572.9306,1.0
2013-08-16 16:00:00,0.61,342.16867,1.0
2013-08-16 17:00:00,0.66,172.6591,1.0
2013-08-16 18:00:00,0.17,21.889153,0.9222222222222223
2013-08-16 19:00:00,0.27,0.0,0.0
2013-08-16 20:00:00,0.3,0.0,0.0
2013-08-16 21:00:00,0.31,0.0,0.0
2013-08-16 22:00:00,0.16,0.0,0.0
2013-08-16 23:00:00,0.09,0.0,0.0
2013-08-17 00:00:00,0.07,0.0,0.0
2013-08-17 01:00:00,0.0,0.0,0.0
2013-08-17 02:00:00,0.0,0.0,0.0
2013-08-17 03:00:00,0.0,0.0,0.0
2013-08-17 04:00:00,0.01,0.0,0.0
2013-08-17 05:00:00,0.01,28.782658,0.7488888888888889
2013-08-17 06:00:00,0.12,208.32167,1.0
2013-08-17 07:00:00,0.08,440.4035,1.0
2013-08-17 08:00:00,0.0,662.06006,1.0
2013-08-17 09:00:00,0.08,842.2832,1.0
2013-08-17 10:00:00,0.24,963.7742,1.0
2013-08-17 11:00:00,0.47,965.0426,1.0
2013-08-17 12:00:00,0.4,933.3543,1.0
2013-08-17 13:00:00,0.44,903.18146,1.0
2013-08-17 14:00:00,0.55,774.82336,1.0
2013-08-17 15:00:00,0.24,579.1352,1.0
2013-08-17 16:00:00,0.6,369.42178,1.0
2013-08-17 17:00:00,0.18,173.57188,1.0
2013-08-17 18:00:00,0.16,20.88332,0.9
2013-08-17 19:00:00,0.33,0.0,0.0
2013-08-17 20:00:00,0.78,0.0,0.0
2013-08-17 21:00:00,0.62,0.0,0.0
2013-08-17 22:00:00,0.5,0.0,0.0
2013-08-17 23:00:00,0.67,0.0,0.0
2013-08-18 00:00:00,0.78,0.0,0.0
2013-08-18 01:00:00,0.15,0.0,0.0
2013-08-18 02:00:00,0.01,0.0,0.0
2013-08-18 03:00:00,0.08,0.0,0.0
2013-08-18 04:00:00,0.14,0.0,0.0
2013-08-18 05:00:00,0.13,26.887737,0.7333333333333333
2013-08-18 06:00:00,0.22,201.47903,1.0
2013-08-18 07:00:00,0.2,429.3058,1.0
2013-08-18 08:00:00,0.39,640.5008,1.0
2013-08-18 09:00:00,0.18,814.42224,1.0
2013-08-18 10:00:00,0.61,884.22363,1.0
2013-08-18 11:00:00,0.48,790.96674,1.0
2013-08-18 12:00:00,0.56,728.80585,1.0
2013-08-18 13:00:00,0.48,768.52,1.0
2013-08-18 14:00:00,0.54,617.35736,1.0
2013-08-18 15:00:00,0.85,475.76355,1.0
2013-08-18 16:00:00,0.97,294.85376,1.0
2013-08-18 17:00:00,0.97,103.32182,1.0
2013-08-18 18:00:00,0.9,22.81238,0.8772222222222222
2013-08-18 19:00:00,0.56,0.0,0.0
2013-08-18 20:00:00,0.35,0.0,0.0
2013-08-18 21:00:00,0.12,0.0,0.0
2013-08-18 22:00:00,0.11,0.0,0.0
2013-08-18 23:00:00,0.37,0.0,0.0
2013-08-19 00:00:00,0.26,0.0,0.0
2013-08-19 01:00:00,0.02,0.0,0.0
2013-08-19 02:00:00,0.0,0.0,0.0
2013-08-19 03:00:00,0.0,0.0,0.0
2013-08-19 04:00:00,0.0,0.0,0.0
2013-08-19 05:00:00,0.0,25.030739,0.7177777777777777
2013-08-19 06:00:00,0.0,197.69872,1.0
2013-08-19 07:00:00,0.0,426.70703,1.0
2013-08-19 08:00:00,0.0,642.9658,1.0
2013-08-19 09:00:00,0.02,801.8703,1.0
2013-08-19 10:00:00,0.21,932.8804,1.0
2013-08-19 11:00:00,0.3,994.8041,1.0
2013-08-19 12:00:00,0.39,880.4578,1.0
2013-08-19 13:00:00,0.41,807.4464,1.0
2013-08-19 14:00:00,0.34,654.61957,1.0
2013-08-19 15:00:00,0.37,471.0882,1.0
2013-08-19 16:00:00,0.41,314.8808,1.0
2013-08-19 17:00:00,0.38,147.79094,1.0
2013-08-19 18:00:00,0.34,18.764,0.8541666666666666
2013-08-19 19:00:00,0.2,0.0,0.0
2013-08-19 20:00:00,0.0,0.0,0.0
2013-08-19 21:00:00,0.0,0.0,0.0
2013-08-19 22:00:00,0.03,0.0,0.0
2013-08-19 23:00:00,0.09,0.0,0.0
2013-08-20 00:00:00,0.41,0.0,0.0
2013-08-20 01:00:00,0.77,0.0,0.0
2013-08-20 02:00:00,0.78,0.0,0.0
2013-08-20 03:00:00,0.81,0.0,0.0
2013-08-20 04:00:00,0.59,0.0,0.0
2013-08-20 05:00:00,0.36,24.247263,0.7022222222222222
2013-08-20 06:00:00,0.48,198.58492,1.0
2013-08-20 07:00:00,0.33,428.9113,1.0
2013-08-20 08:00:00,0.18,646.3512,1.0
2013-08-20 09:00:00,0.17,807.52954,1.0
2013-08-20 10:00:00,0.31,863.2104,1.0
2013-08-20 11:00:00,0.32,927.2052,1.0
2013-08-20 12:00:00,0.2,959.537,1.0
2013-08-20 13:00:00,0.25,856.39795,1.0
2013-08-20 14:00:00,0.53,741.32324,1.0
2013-08-20 15:00:00,0.86,524.159,1.0
2013-08-20 16:00:00,0.91,337.5823,1.0
2013-08-20 17:00:00,0.97,147.25928,1.0
2013-08-20 18:00:00,0.98,18.003904,0.8305555555555556
2013-08-20 19:00:00,1.0,0.0,0.0
2013-08-20 20:00:00,1.0,0.0,0.0
2013-08-20 21:00:00,1.0,0.0,0.0
2013-08-20 22:00:00,1.0,0.0,0.0
2013-08-20 23:00:00,1.0,0.0,0.0
2013-08-21 00:00:00,1.0,0.0,0.0
2013-08-21 01:00:00,0.99,0.0,0.0
2013-08-21 02:00:00,0.99,0.0,0.0
2013-08-21 03:00:00,0.92,0.0,0.0
2013-08-21 04:00:00,0.76,0.0,0.0
2013-08-21 05:00:00,0.48,18.809319,0.6866666666666666
2013-08-21 06:00:00,0.56,179.61597,1.0
2013-08-21 07:00:00,0.14,395.12628,1.0
2013-08-21 08:00:00,0.13,619.42773,1.0
2013-08-21 09:00:00,0.48,752.8493,1.0
2013-08-21 10:00:00,0.79,751.6431,1.0
2013-08-21 11:00:00,0.77,925.41144,1.0
2013-08-21 12:00:00,0.66,884.0102,1.0
2013-08-21 13:00:00,0.7,752.79376,1.0
2013-08-21 14:00:00,0.75,546.52454,1.0
2013-08-21 15:00:00,0.87,417.33777,1.0
2013-08-21 16:00:00,0.69,308.30856,1.0
2013-08-21 17:00:00,0.86,143.31693,1.0
2013-08-21 18:00:00,0.81,12.159034,0.8066666666666666
2013-08-21 19:00:00,0.73,0.0,0.0
2013-08-21 20:00:00,0.92,0.0,0.0
2013-08-21 21:00:00,0.91,0.0,0.0
2013-08-21 22:00:00,0.9,0.0,0.0
2013-08-21 23:00:00,0.87,0.0,0.0
2013-08-22 00:00:00,0.95,0.0,0.0
2013-08-22 01:00:00,0.95,0.0,0.0
2013-08-22 02:00:00,0.96,0.0,0.0
2013-08-22 03:00:00,0.99,0.0,0.0
2013-08-22 04:00:00,0.98,0.0,0.0
2013-08-22 05:00:00,1.0,13.052359,0.6708333333333333
2013-08-22 06:00:00,1.0,117.70591,1.0
2013-08-22 07:00:00,1.0,289.30063,1.0
2013-08-22 08:00:00,1.0,461.25793,1.0
2013-08-22 09:00:00,0.98,627.41956,1.0
2013-08-22 10:00:00,0.86,759.956,1.0
2013-08-22 11:00:00,0.87,640.77313,1.0
2013-08-22 12:00:00,0.85,724.43695,1.0
2013-08-22 13:00:00,0.78,761.6305,1.0
2013-08-22 14:00:00,0.85,552.2844,1.0
2013-08-22 15:00:00,0.99,401.7087,1.0
2013-08-22 16:00:00,1.0,160.7143,1.0
2013-08-22 17:00:00,1.0,68.3438,1.0
2013-08-22 18:00:00,1.0,11.927076,0.7825
2013-08-22 19:00:00,1.0,0.0,0.0
2013-08-22 20:00:00,1.0,0.0,0.0
2013-08-22 21:00:00,1.0,0.0,0.0
2013-08-22 22:00:00,1.0,0.0,0.0
2013-08-22 23:00:00,1.0,0.0,0.0
2013-08-23 00:00:00,1.0,0.0,0.0
2013-08-23 01:00:00,1.0,0.0,0.0
2013-08-23 02:00:00,0.99,0.0,0.0
2013-08-23 03:00:00,1.0,0.0,0.0
2013-08-23 04:00:00,1.0,0.0,0.0
2013-08-23 05:00:00,0.63,15.652211,0.6552777777777777
2013-08-23 06:00:00,0.02,176.51134,1.0
2013-08-23 07:00:00,0.01,390.6523,1.0
2013-08-23 08:00:00,0.17,601.41925,1.0
2013-08-23 09:00:00,0.54,758.2954,1.0
2013-08-23 10:00:00,0.64,917.63495,1.0
2013-08-23 11:00:00,0.58,962.50006,1.0
2013-08-23 12:00:00,0.76,894.6451,1.0
2013-08-23 13:00:00,0.82,712.67224,1.0
2013-08-23 14:00:00,0.87,458.7637,1.0
2013-08-23 15:00:00,0.85,288.50998,1.0
2013-08-23 16:00:00,0.83,185.48004,1.0
2013-08-23 17:00:00,0.66,121.3189,1.0
2013-08-23 18:00:00,0.62,12.560607,0.7577777777777778
2013-08-23 19:00:00,0.64,0.0,0.0
2013-08-23 20:00:00,0.46,0.0,0.0
2013-08-23 21:00:00,0.27,0.0,0.0
2013-08-23 22:00:00,0.35,0.0,0.0
2013-08-23 23:00:00,0.16,0.0,0.0
2013-08-24 00:00:00,0.01,0.0,0.0
2013-08-24 01:00:00,0.03,0.0,0.0
2013-08-24 02:00:00,0.0,0.0,0.0
2013-08-24 03:00:00,0.01,0.0,0.0
2013-08-24 04:00:00,0.1,0.0,0.0
2013-08-24 05:00:00,0.27,18.398054,0.6397222222222222
2013-08-24 06:00:00,0.35,182.6468,1.0
2013-08-24 07:00:00,0.05,399.00406,1.0
2013-08-24 08:00:00,0.27,605.9885,1.0
2013-08-24 09:00:00,0.79,750.7095,1.0
2013-08-24 10:00:00,0.66,882.9448,1.0
2013-08-24 11:00:00,0.23,715.18945,1.0
2013-08-24 12:00:00,0.42,823.6737,1.0
2013-08-24 13:00:00,0.4,719.3725,1.0
2013-08-24 14:00:00,0.55,560.9537,1.0
2013-08-24 15:00:00,0.67,376.33255,1.0
2013-08-24 16:00:00,0.87,286.4968,1.0
2013-08-24 17:00:00,0.8,94.27945,1.0
2013-08-24 18:00:00,0.76,12.376901,0.7330555555555556
2013-08-24 19:00:00,0.78,0.0,0.0
2013-08-24 20:00:00,0.55,0.0,0.0
2013-08-24 21:00:00,0.56,0.0,0.0
2013-08-24 22:00:00,0.34,0.0,0.0
2013-08-24 23:00:00,0.18,0.0,0.0
2013-08-25 00:00:00,0.06,0.0,0.0
2013-08-25 01:00:00,0.07,0.0,0.0
2013-08-25 02:00:00,0.12,0.0,0.0
2013-08-25 03:00:00,0.4,0.0,0.0
2013-08-25 04:00:00,0.42,0.0,0.0
2013-08-25 05:00:00,0.82,17.389338,0.6238888888888889
2013-08-25 06:00:00,0.82,174.31136,1.0
2013-08-25 07:00:00,0.82,401.32175,1.0
2013-08-25 08:00:00,0.41,613.4923,1.0
2013-08-25 09:00:00,0.49,770.44244,1.0
2013-08-25 10:00:00,0.27,881.10016,1.0
2013-08-25 11:00:00,0.74,875.7846,1.0
2013-08-25 12:00:00,0.96,737.175,1.0
2013-08-25 13:00:00,0.96,548.4671,1.0
2013-08-25 14:00:00,0.99,311.44983,1.0
2013-08-25 15:00:00,0.89,361.51816,1.0
2013-08-25 16:00:00,0.99,230.90085,1.0
2013-08-25 17:00:00,0.96,88.6363,1.0
2013-08-25 18:00:00,0.83,10.933154,0.7080555555555555
2013-08-25 19:00:00,0.85,0.0,0.0
2013-08-25 20:00:00,0.82,0.0,0.0
2013-08-25 21:00:00,0.64,0.0,0.0
2013-08-25 22:00:00,0.49,0.0,0.0
2013-08-25 23:00:00,0.42,0.0,0.0
2013-08-26 00:00:00,0.54,0.0,0.0
2013-08-26 01:00:00,0.64,0.0,0.0
2013-08-26 02:00:00,0.57,0.0,0.0
2013-08-26 03:00:00,0.47,0.0,0.0
2013-08-26 04:00:00,0.43,0.0,0.0
2013-08-26 05:00:00,0.59,16.348938,0.6083333333333333
2013-08-26 06:00:00,0.63,172.8014,1.0
2013-08-26 07:00:00,0.09,377.50018,1.0
2013-08-26 08:00:00,0.0,602.6369,1.0
2013-08-26 09:00:00,0.0,764.9622,1.0
2013-08-26 10:00:00,0.08,843.399,1.0
2013-08-26 11:00:00,0.16,907.8904,1.0
2013-08-26 12:00:00,0.22,794.5397,1.0
2013-08-26 13:00:00,0.5,746.78296,1.0
2013-08-26 14:00:00,0.54,619.7098,1.0
2013-08-26 15:00:00,0.85,445.12784,1.0
2013-08-26 16:00:00,0.82,247.30577,1.0
2013-08-26 17:00:00,0.69,95.15938,1.0
2013-08-26 18:00:00,0.79,6.3831625,0.6825
2013-08-26 19:00:00,0.91,0.0,0.0
2013-08-26 20:00:00,0.79,0.0,0.0
2013-08-26 21:00:00,0.61,0.0,0.0
2013-08-26 22:00:00,0.52,0.0,0.0
2013-08-26 23:00:00,0.36,0.0,0.0
2013-08-27 00:00:00,0.37,0.0,0.0
2013-08-27 01:00:00,0.32,0.0,0.0
2013-08-27 02:00:00,0.26,0.0,0.0
2013-08-27 03:00:00,0.02,0.0,0.0
2013-08-27 04:00:00,0.02,0.0,0.0
2013-08-27 05:00:00,0.02,15.274437,0.5927777777777777
2013-08-27 06:00:00,0.02,166.99602,1.0
2013-08-27 07:00:00,0.02,377.4331,1.0
2013-08-27 08:00:00,0.02,613.8689,1.0
2013-08-27 09:00:00,0.03,781.3468,1.0
2013-08-27 10:00:00,0.22,853.04987,1.0
2013-08-27 11:00:00,0.32,807.3813,1.0
2013-08-27 12:00:00,0.37,750.553,1.0
2013-08-27 13:00:00,0.25,794.4845,1.0
2013-08-27 14:00:00,0.32,696.9904,1.0
2013-08-27 15:00:00,0.74,464.68155,1.0
2013-08-27 16:00:00,0.98,297.08093,1.0
2013-08-27 17:00:00,0.8,113.62481,1.0
2013-08-27 18:00:00,0.84,9.48901,0.6569444444444444
2013-08-27 19:00:00,0.71,0.0,0.0
2013-08-27 20:00:00,0.71,0.0,0.0
2013-08-27 21:00:00,0.6,0.0,0.0
2013-08-27 22:00:00,0.6,0.0,0.0
2013-08-27 23:00:00,0.56,0.0,0.0
2013-08-28 00:00:00,0.63,0.0,0.0
2013-08-28 01:00:00,0.61,0.0,0.0
2013-08-28 02:00:00,0.47,0.0,0.0
2013-08-28 03:00:00,0.5,0.0,0.0
2013-08-28 04:00:00,0.22,0.0,0.0
2013-08-28 05:00:00,0.07,15.654003,0.5772222222222222
2013-08-28 06:00:00,0.16,178.45427,1.0
2013-08-28 07:00:00,0.33,407.18222,1.0
2013-08-28 08:00:00,0.28,625.4059,1.0
2013-08-28 09:00:00,0.09,793.6442,1.0
2013-08-28 10:00:00,0.16,911.79144,1.0
2013-08-28 11:00:00,0.19,969.14197,1.0
2013-08-28 12:00:00,0.14,973.422,1.0
2013-08-28 13:00:00,0.1,874.13806,1.0
2013-08-28 14:00:00,0.44,729.5189,1.0
2013-08-28 15:00:00,0.38,499.18118,1.0
2013-08-28 16:00:00,0.38,289.34192,1.0
2013-08-28 17:00:00,0.29,122.32942,1.0
2013-08-28 18:00:00,0.3,8.407841,0.6313888888888889
2013-08-28 19:00:00,0.21,0.0,0.0
2013-08-28 20:00:00,0.09,0.0,0.0
2013-08-28 21:00:00,0.1,0.0,0.0
2013-08-28 22:00:00,0.05,0.0,0.0
2013-08-28 23:00:00,0.0,0.0,0.0
2013-08-29 00:00:00,0.0,0.0,0.0
2013-08-29 01:00:00,0.0,0.0,0.0
2013-08-29 02:00:00,0.0,0.0,0.0
2013-08-29 03:00:00,0.0,0.0,0.0
2013-08-29 04:00:00,0.0,0.0,0.0
2013-08-29 05:00:00,0.0,14.820391,0.5613888888888889
2013-08-29 06:00:00,0.0,175.84532,1.0
2013-08-29 07:00:00,0.0,403.7229,1.0
2013-08-29 08:00:00,0.0,620.9609,1.0
2013-08-29 09:00:00,0.0,768.45435,1.0
2013-08-29 10:00:00,0.13,863.2216,1.0
2013-08-29 11:00:00,0.29,927.48895,1.0
2013-08-29 12:00:00,0.3,915.45856,1.0
2013-08-29 13:00:00,0.29,803.51624,1.0
2013-08-29 14:00:00,0.25,674.32166,1.0
2013-08-29 15:00:00,0.48,488.47144,1.0
2013-08-29 16:00:00,0.7,271.83337,1.0
2013-08-29 17:00:00,0.7,113.89893,1.0
2013-08-29 18:00:00,0.49,8.143905,0.6052777777777778
2013-08-29 19:00:00,0.63,0.0,0.0
2013-08-29 20:00:00,0.78,0.0,0.0
2013-08-29 21:00:00,0.76,0.0,0.0
2013-08-29 22:00:00,0.89,0.0,0.0
2013-08-29 23:00:00,0.89,0.0,0.0
2013-08-30 00:00:00,0.71,0.0,0.0
2013-08-30 01:00:00,0.0,0.0,0.0
2013-08-30 02:00:00,0.0,0.0,0.0
2013-08-30 03:00:00,0.14,0.0,0.0
2013-08-30 04:00:00,0.17,0.0,0.0
2013-08-30 05:00:00,0.36,12.114554,0.5458333333333333
2013-08-30 06:00:00,0.71,152.26445,1.0
2013-08-30 07:00:00,0.84,331.8649,1.0
2013-08-30 08:00:00,0.92,554.3453,1.0
2013-08-30 09:00:00,0.88,628.0179,1.0
2013-08-30 10:00:00,0.67,732.25,1.0
2013-08-30 11:00:00,0.13,928.80835,1.0
2013-08-30 12:00:00,0.31,791.7079,1.0
2013-08-30 13:00:00,0.77,482.30225,1.0
2013-08-30 14:00:00,0.84,455.09348,1.0
2013-08-30 15:00:00,0.81,355.04483,1.0
2013-08-30 16:00:00,0.58,234.74362,1.0
2013-08-30 17:00:00,0.54,84.89106,1.0
2013-08-30 18:00:00,0.75,7.0170026,0.5794444444444444
2013-08-30 19:00:00,0.86,0.0,0.0
2013-08-30 20:00:00,0.82,0.0,0.0
2013-08-30 21:00:00,0.66,0.0,0.0
2013-08-30 22:00:00,1.0,0.0,0.0
2013-08-30 23:00:00,0.97,0.0,0.0
2013-08-31 00:00:00,0.75,0.0,0.0
2013-08-31 01:00:00,0.67,0.0,0.0
2013-08-31 02:00:00,0.37,0.0,0.0
2013-08-31 03:00:00,0.2,0.0,0.0
2013-08-31 04:00:00,0.3,0.0,0.0
2013-08-31 05:00:00,0.27,12.535829,0.5302777777777777
2013-08-31 06:00:00,0.28,157.51433,1.0
2013-08-31 07:00:00,0.38,380.4795,1.0
2013-08-31 08:00:00,0.29,600.3338,1.0
2013-08-31 09:00:00,0.33,748.5629,1.0
2013-08-31 10:00:00,0.41,874.44354,1.0
2013-08-31 11:00:00,0.58,880.3101,1.0
2013-08-31 12:00:00,0.65,702.74133,1.0
2013-08-31 13:00:00,0.53,595.8135,1.0
2013-08-31 14:00:00,0.57,547.9521,1.0
2013-08-31 15:00:00,0.79,372.57574,1.0
2013-08-31 16:00:00,0.79,236.51582,1.0
2013-08-31 17:00:00,0.96,74.89656,1.0
2013-08-31 18:00:00,0.99,6.9605,0.5533333333333333
2013-08-31 19:00:00,0.99,0.0,0.0
2013-08-31 20:00:00,0.91,0.0,0.0
2013-08-31 21:00:00,0.87,0.0,0.0
2013-08-31 22:00:00,0.93,0.0,0.0
2013-08-31 23:00:00,0.76,0.0,0.0
2013-09-01 00:00:00,0.44,0.0,0.0
2013-09-01 01:00:00,0.49,0.0,0.0
2013-09-01 02:00:00,0.36,0.0,0.0
2013-09-01 03:00:00,0.62,0.0,0.0
2013-09-01 04:00:00,0.66,0.0,0.0
2013-09-01 05:00:00,0.77,10.333114,0.5147222222222222
2013-09-01 06:00:00,0.59,126.55802,1.0
2013-09-01 07:00:00,0.53,318.80826,1.0
2013-09-01 08:00:00,0.75,535.8126,1.0
2013-09-01 09:00:00,0.8,745.57245,1.0
2013-09-01 10:00:00,0.76,881.0841,1.0
2013-09-01 11:00:00,0.77,725.4096,1.0
2013-09-01 12:00:00,0.97,547.7566,1.0
2013-09-01 13:00:00,0.87,581.26764,1.0
2013-09-01 14:00:00,0.73,433.02908,1.0
2013-09-01 15:00:00,0.63,298.921,1.0
2013-09-01 16:00:00,0.45,187.56548,1.0
2013-09-01 17:00:00,0.3,94.58054,1.0
2013-09-01 18:00:00,0.37,5.968096,0.5269444444444444
2013-09-01 19:00:00,0.26,0.0,0.0
2013-09-01 20:00:00,0.2,0.0,0.0
2013-09-01 21:00:00,0.25,0.0,0.0
2013-09-01 22:00:00,0.2,0.0,0.0
2013-09-01 23:00:00,0.16,0.0,0.0
2013-09-02 00:00:00,0.08,0.0,0.0
2013-09-02 01:00:00,0.1,0.0,0.0
2013-09-02 02:00:00,0.04,0.0,0.0
2013-09-02 03:00:00,0.11,0.0,0.0
2013-09-02 04:00:00,0.04,0.0,0.0
2013-09-02 05:00:00,0.02,10.443996,0.49916666666666665
2013-09-02 06:00:00,0.04,160.62575,1.0
2013-09-02 07:00:00,0.05,382.852,1.0
2013-09-02 08:00:00,0.04,599.55176,1.0
2013-09-02 09:00:00,0.01,756.14905,1.0
2013-09-02 10:00:00,0.04,862.82117,1.0
2013-09-02 11:00:00,0.31,926.7761,1.0
2013-09-02 12:00:00,0.12,917.0349,1.0
2013-09-02 13:00:00,0.17,643.2322,1.0
2013-09-02 14:00:00,0.31,640.2249,1.0
2013-09-02 15:00:00,0.44,450.3658,1.0
2013-09-02 16:00:00,0.41,263.565,1.0
2013-09-02 17:00:00,0.51,102.89654,1.0
2013-09-02 18:00:00,0.38,5.968096,0.5008333333333334
2013-09-02 19:00:00,0.41,0.0,0.0
2013-09-02 20:00:00,0.46,0.0,0.0
2013-09-02 21:00:00,0.54,0.0,0.0
2013-09-02 22:00:00,0.3,0.0,0.0
2013-09-02 23:00:00,0.1,0.0,0.0
2013-09-03 00:00:00,0.04,0.0,0.0
2013-09-03 01:00:00,0.22,0.0,0.0
2013-09-03 02:00:00,0.34,0.0,0.0
2013-09-03 03:00:00,0.32,0.0,0.0
2013-09-03 04:00:00,0.27,0.0,0.0
2013-09-03 05:00:00,0.11,9.162772,0.4836111111111111
2013-09-03 06:00:00,0.1,156.2374,1.0
2013-09-03 07:00:00,0.04,361.52878,1.0
2013-09-03 08:00:00,0.02,599.76215,1.0
2013-09-03 09:00:00,0.0,778.9034,1.0
2013-09-03 10:00:00,0.12,882.01685,1.0
2013-09-03 11:00:00,0.3,883.5178,1.0
2013-09-03 12:00:00,0.23,854.18146,1.0
2013-09-03 13:00:00,0.12,817.52765,1.0
2013-09-03 14:00:00,0.3,702.45184,1.0
2013-09-03 15:00:00,0.72,424.10654,1.0
2013-09-03 16:00:00,0.79,233.50964,1.0
2013-09-03 17:00:00,0.73,64.21282,1.0
2013-09-03 18:00:00,0.78,3.978731,0.47444444444444445
2013-09-03 19:00:00,0.82,0.0,0.0
2013-09-03 20:00:00,0.64,0.0,0.0
2013-09-03 21:00:00,0.66,0.0,0.0
2013-09-03 22:00:00,0.62,0.0,0.0
2013-09-03 23:00:00,0.64,0.0,0.0
2013-09-04 00:00:00,0.69,0.0,0.0
2013-09-04 01:00:00,0.47,0.0,0.0
2013-09-04 02:00:00,0.25,0.0,0.0
2013-09-04 03:00:00,0.47,0.0,0.0
2013-09-04 04:00:00,0.57,0.0,0.0
2013-09-04 05:00:00,0.48,9.254642,0.4683333333333333
2013-09-04 06:00:00,0.51,152.69257,1.0
2013-09-04 07:00:00,0.28,372.2402,1.0
2013-09-04 08:00:00,0.13,596.2616,1.0
2013-09-04 09:00:00,0.17,773.3828,1.0
2013-09-04 10:00:00,0.18,879.8872,1.0
2013-09-04 11:00:00,0.43,881.09076,1.0
2013-09-04 12:00:00,0.74,811.41736,1.0
2013-09-04 13:00:00,0.44,737.2614,1.0
2013-09-04 14:00:00,0.64,484.51746,1.0
2013-09-04 15:00:00,0.56,417.61273,1.0
2013-09-04 16:00:00,0.81,220.07951,1.0
2013-09-04 17:00:00,0.95,64.99604,1.0
2013-09-04 18:00:00,0.99,4.9711347,0.44805555555555554
2013-09-04 19:00:00,0.95,0.0,0.0
2013-09-04 20:00:00,0.96,0.0,0.0
2013-09-04 21:00:00,0.91,0.0,0.0
2013-09-04 22:00:00,0.91,0.0,0.0
2013-09-04 23:00:00,0.87,0.0,0.0
2013-09-05 00:00:00,0.76,0.0,0.0
2013-09-05 01:00:00,0.58,0.0,0.0
2013-09-05 02:00:00,0.53,0.0,0.0
2013-09-05 03:00:00,0.16,0.0,0.0
2013-09-05 04:00:00,0.02,0.0,0.0
2013-09-05 05:00:00,0.0,8.357346,0.4527777777777778
2013-09-05 06:00:00,0.0,154.07904,1.0
2013-09-05 07:00:00,0.01,373.0355,1.0
2013-09-05 08:00:00,0.05,594.1975,1.0
2013-09-05 09:00:00,0.0,771.2395,1.0
2013-09-05 10:00:00,0.05,890.10895,1.0
2013-09-05 11:00:00,0.09,845.097,1.0
2013-09-05 12:00:00,0.21,845.1603,1.0
2013-09-05 13:00:00,0.3,777.39923,1.0
2013-09-05 14:00:00,0.54,645.885,1.0
2013-09-05 15:00:00,0.8,434.9799,1.0
2013-09-05 16:00:00,0.94,270.06018,1.0
2013-09-05 17:00:00,0.94,85.94101,1.0
2013-09-05 18:00:00,0.86,2.9848075,0.42194444444444446
2013-09-05 19:00:00,0.82,0.0,0.0
2013-09-05 20:00:00,0.85,0.0,0.0
2013-09-05 21:00:00,0.68,0.0,0.0
2013-09-05 22:00:00,0.68,0.0,0.0
2013-09-05 23:00:00,0.66,0.0,0.0
2013-09-06 00:00:00,0.45,0.0,0.0
2013-09-06 01:00:00,0.03,0.0,0.0
2013-09-06 02:00:00,0.0,0.0,0.0
2013-09-06 03:00:00,0.0,0.0,0.0
2013-09-06 04:00:00,0.0,0.0,0.0
2013-09-06 05:00:00,0.0,8.459058,0.43722222222222223
2013-09-06 06:00:00,0.0,155.2864,1.0
2013-09-06 07:00:00,0.0,381.7413,1.0
2013-09-06 08:00:00,0.0,597.8773,1.0
2013-09-06 09:00:00,0.0,775.88544,1.0
2013-09-06 10:00:00,0.08,854.8006,1.0
2013-09-06 11:00:00,0.19,919.81506,1.0
2013-09-06 12:00:00,0.33,846.85516,1.0
2013-09-06 13:00:00,0.3,736.8925,1.0
2013-09-06 14:00:00,0.13,630.78174,1.0
2013-09-06 15:00:00,0.3,460.02835,1.0
2013-09-06 16:00:00,0.3,263.3604,1.0
2013-09-06 17:00:00,0.53,86.7278,1.0
2013-09-06 18:00:00,0.55,2.9848075,0.39555555555555555
2013-09-06 19:00:00,0.54,0.0,0.0
2013-09-06 20:00:00,0.37,0.0,0.0
2013-09-06 21:00:00,0.22,0.0,0.0
2013-09-06 22:00:00,0.12,0.0,0.0
2013-09-06 23:00:00,0.09,0.0,0.0
2013-09-07 00:00:00,0.12,0.0,0.0
2013-09-07 01:00:00,0.02,0.0,0.0
2013-09-07 02:00:00,0.0,0.0,0.0
2013-09-07 03:00:00,0.02,0.0,0.0
2013-09-07 04:00:00,0.06,0.0,0.0
2013-09-07 05:00:00,0.03,7.5724473,0.4216666666666667
2013-09-07 06:00:00,0.05,155.03285,1.0
2013-09-07 07:00:00,0.0,383.10355,1.0
2013-09-07 08:00:00,0.0,602.5834,1.0
2013-09-07 09:00:00,0.0,753.50433,1.0
2013-09-07 10:00:00,0.03,880.8584,1.0
2013-09-07 11:00:00,0.17,918.3875,1.0
2013-09-07 12:00:00,0.32,837.89655,1.0
2013-09-07 13:00:00,0.19,832.32355,1.0
2013-09-07 14:00:00,0.19,660.00946,1.0
2013-09-07 15:00:00,0.41,470.5057,1.0
2013-09-07 16:00:00,0.36,288.9242,1.0
2013-09-07 17:00:00,0.4,90.49899,1.0
2013-09-07 18:00:00,0.29,1.9908847,0.36944444444444446
2013-09-07 19:00:00,0.16,0.0,0.0
2013-09-07 20:00:00,0.1,0.0,0.0
2013-09-07 21:00:00,0.06,0.0,0.0
2013-09-07 22:00:00,0.04,0.0,0.0
2013-09-07 23:00:00,0.07,0.0,0.0
2013-09-08 00:00:00,0.02,0.0,0.0
2013-09-08 01:00:00,0.06,0.0,0.0
2013-09-08 02:00:00,0.03,0.0,0.0
2013-09-08 03:00:00,0.0,0.0,0.0
2013-09-08 04:00:00,0.0,0.0,0.0
2013-09-08 05:00:00,0.0,7.112131,0.4063888888888889
2013-09-08 06:00:00,0.0,152.54002,1.0
2013-09-08 07:00:00,0.01,383.50858,1.0
2013-09-08 08:00:00,0.0,594.6753,1.0
2013-09-08 09:00:00,0.03,748.2123,1.0
2013-09-08 10:00:00,0.22,838.99646,1.0
2013-09-08 11:00:00,0.33,897.3894,1.0
2013-09-08 12:00:00,0.31,828.64624,1.0
2013-09-08 13:00:00,0.39,703.95087,1.0
2013-09-08 14:00:00,0.65,567.31024,1.0
2013-09-08 15:00:00,0.8,424.87564,1.0
2013-09-08 16:00:00,0.91,248.68234,1.0
2013-09-08 17:00:00,0.93,75.776955,1.0
2013-09-08 18:00:00,0.86,1.9893655,0.3427777777777778
2013-09-08 19:00:00,0.76,0.0,0.0
2013-09-08 20:00:00,0.59,0.0,0.0
2013-09-08 21:00:00,0.42,0.0,0.0
2013-09-08 22:00:00,0.4,0.0,0.0
2013-09-08 23:00:00,0.31,0.0,0.0
2013-09-09 00:00:00,0.56,0.0,0.0
2013-09-09 01:00:00,0.46,0.0,0.0
2013-09-09 02:00:00,0.52,0.0,0.0
2013-09-09 03:00:00,0.06,0.0,0.0
2013-09-09 04:00:00,0.32,0.0,0.0
2013-09-09 05:00:00,0.75,5.5843153,0.3908333333333333
2013-09-09 06:00:00,0.91,130.31955,1.0
2013-09-09 07:00:00,0.84,347.05692,1.0
2013-09-09 08:00:00,0.78,569.059,1.0
2013-09-09 09:00:00,0.62,692.53436,1.0
2013-09-09 10:00:00,0.57,795.2792,1.0
2013-09-09 11:00:00,0.54,757.8595,1.0
2013-09-09 12:00:00,0.62,771.7329,1.0
2013-09-09 13:00:00,0.81,546.03516,1.0
2013-09-09 14:00:00,0.92,435.297,1.0
2013-09-09 15:00:00,0.89,280.79245,1.0
2013-09-09 16:00:00,0.99,109.917816,1.0
2013-09-09 17:00:00,1.0,37.471157,1.0
2013-09-09 18:00:00,1.0,1.9878461,0.3161111111111111
2013-09-09 19:00:00,1.0,0.0,0.0
2013-09-09 20:00:00,1.0,0.0,0.0
2013-09-09 21:00:00,1.0,0.0,0.0
2013-09-09 22:00:00,1.0,0.0,0.0
2013-09-09 23:00:00,0.97,0.0,0.0
2013-09-10 00:00:00,0.97,0.0,0.0
2013-09-10 01:00:00,1.0,0.0,0.0
2013-09-10 02:00:00,1.0,0.0,0.0
2013-09-10 03:00:00,1.0,0.0,0.0
2013-09-10 04:00:00,1.0,0.0,0.0
2013-09-10 05:00:00,0.97,1.9878461,0.37527777777777777
2013-09-10 06:00:00,0.96,45.720463,1.0
2013-09-10 07:00:00,0.82,128.59674,1.0
2013-09-10 08:00:00,0.98,339.88242,1.0
2013-09-10 09:00:00,0.96,498.74158,1.0
2013-09-10 10:00:00,0.97,475.47787,1.0
2013-09-10 11:00:00,1.0,460.77817,1.0
2013-09-10 12:00:00,0.99,594.2076,1.0
2013-09-10 13:00:00,0.97,478.74854,1.0
2013-09-10 14:00:00,0.87,304.44705,1.0
2013-09-10 15:00:00,0.99,178.10185,1.0
2013-09-10 16:00:00,1.0,53.67185,1.0
2013-09-10 17:00:00,1.0,18.884539,1.0
2013-09-10 18:00:00,1.0,0.99392307,0.2891666666666667
2013-09-10 19:00:00,1.0,0.0,0.0
2013-09-10 20:00:00,1.0,0.0,0.0
2013-09-10 21:00:00,1.0,0.0,0.0
2013-09-10 22:00:00,1.0,0.0,0.0
2013-09-10 23:00:00,1.0,0.0,0.0
2013-09-11 00:00:00,1.0,0.0,0.0
2013-09-11 01:00:00,1.0,0.0,0.0
2013-09-11 02:00:00,1.0,0.0,0.0
2013-09-11 03:00:00,1.0,0.0,0.0
2013-09-11 04:00:00,1.0,0.0,0.0
2013-09-11 05:00:00,1.0,0.99392307,0.36
2013-09-11 06:00:00,1.0,24.848078,1.0
2013-09-11 07:00:00,1.0,68.21445,1.0
2013-09-11 08:00:00,1.0,141.55423,1.0
2013-09-11 09:00:00,0.99,249.63803,1.0
2013-09-11 10:00:00,1.0,322.92905,1.0
2013-09-11 11:00:00,0.99,270.7054,1.0
2013-09-11 12:00:00,1.0,244.81996,1.0
2013-09-11 13:00:00,1.0,316.91608,1.0
2013-09-11 14:00:00,0.92,395.52316,1.0
2013-09-11 15:00:00,0.97,169.11386,1.0
2013-09-11 16:00:00,1.0,117.57569,1.0
2013-09-11 17:00:00,0.94,46.425613,1.0
2013-09-11 18:00:00,0.98,0.0,0.2619444444444444
2013-09-11 19:00:00,1.0,0.0,0.0
2013-09-11 20:00:00,1.0,0.0,0.0
2013-09-11 21:00:00,1.0,0.0,0.0
2013-09-11 22:00:00,1.0,0.0,0.0
2013-09-11 23:00:00,1.0,0.0,0.0
2013-09-12 00:00:00,1.0,0.0,0.0
2013-09-12 01:00:00,1.0,0.0,0.0
2013-09-12 02:00:00,1.0,0.0,0.0
2013-09-12 03:00:00,1.0,0.0,0.0
2013-09-12 04:00:00,1.0,0.0,0.0
2013-09-12 05:00:00,1.0,0.99392307,0.34444444444444444
2013-09-12 06:00:00,1.0,22.860231,1.0
2013-09-12 07:00:00,1.0,57.276085,1.0
2013-09-12 08:00:00,1.0,165.81227,1.0
2013-09-12 09:00:00,1.0,177.8814,1.0
2013-09-12 10:00:00,1.0,260.56976,1.0
2013-09-12 11:00:00,1.0,272.3281,1.0
2013-09-12 12:00:00,1.0,209.24156,1.0
2013-09-12 13:00:00,1.0,286.1789,1.0
2013-09-12 14:00:00,0.99,262.99722,1.0
2013-09-12 15:00:00,1.0,154.73941,1.0
2013-09-12 16:00:00,1.0,70.527695,1.0
2013-09-12 17:00:00,1.0,24.326273,1.0
2013-09-12 18:00:00,1.0,0.0,0.23444444444444446
2013-09-12 19:00:00,1.0,0.0,0.0
2013-09-12 20:00:00,1.0,0.0,0.0
2013-09-12 21:00:00,1.0,0.0,0.0
2013-09-12 22:00:00,1.0,0.0,0.0
2013-09-12 23:00:00,1.0,0.0,0.0
2013-09-13 00:00:00,1.0,0.0,0.0
2013-09-13 01:00:00,1.0,0.0,0.0
2013-09-13 02:00:00,1.0,0.0,0.0
2013-09-13 03:00:00,1.0,0.0,0.0
2013-09-13 04:00:00,1.0,0.0,0.0
2013-09-13 05:00:00,1.0,0.99392307,0.3288888888888889
2013-09-13 06:00:00,1.0,15.902769,1.0
2013-09-13 07:00:00,0.96,83.12439,1.0
2013-09-13 08:00:00,0.74,225.02536,1.0
2013-09-13 09:00:00,0.5,518.501,1.0
2013-09-13 10:00:00,0.65,541.0485,1.0
2013-09-13 11:00:00,0.8,657.67224,1.0
2013-09-13 12:00:00,0.94,546.51495,1.0
2013-09-13 13:00:00,0.97,449.8454,1.0
2013-09-13 14:00:00,0.99,315.79227,1.0
2013-09-13 15:00:00,1.0,283.3641,1.0
2013-09-13 16:00:00,1.0,140.91399,1.0
2013-09-13 17:00:00,1.0,34.787308,1.0
2013-09-13 18:00:00,0.94,0.0,0.20694444444444443
2013-09-13 19:00:00,0.88,0.0,0.0
2013-09-13 20:00:00,0.64,0.0,0.0
2013-09-13 21:00:00,0.63,0.0,0.0
2013-09-13 22:00:00,0.46,0.0,0.0
2013-09-13 23:00:00,0.41,0.0,0.0
2013-09-14 00:00:00,0.49,0.0,0.0
2013-09-14 01:00:00,0.7,0.0,0.0
2013-09-14 02:00:00,0.74,0.0,0.0
2013-09-14 03:00:00,0.24,0.0,0.0
2013-09-14 04:00:00,0.68,0.0,0.0
2013-09-14 05:00:00,0.89,1.9878461,0.3136111111111111
2013-09-14 06:00:00,0.96,116.55796,1.0
2013-09-14 07:00:00,0.98,328.39197,1.0
2013-09-14 08:00:00,0.88,532.9295,1.0
2013-09-14 09:00:00,0.46,730.97156,1.0
2013-09-14 10:00:00,0.32,836.29614,1.0
2013-09-14 11:00:00,0.35,817.056,1.0
2013-09-14 12:00:00,0.76,682.3703,1.0
2013-09-14 13:00:00,0.62,555.77246,1.0
2013-09-14 14:00:00,0.71,421.44382,1.0
2013-09-14 15:00:00,0.93,248.24174,1.0
2013-09-14 16:00:00,0.78,131.75629,1.0
2013-09-14 17:00:00,0.94,42.232132,1.0
2013-09-14 18:00:00,0.83,0.0,0.17916666666666667
2013-09-14 19:00:00,0.68,0.0,0.0
2013-09-14 20:00:00,0.81,0.0,0.0
2013-09-14 21:00:00,0.77,0.0,0.0
2013-09-14 22:00:00,0.65,0.0,0.0
2013-09-14 23:00:00,0.64,0.0,0.0
2013-09-15 00:00:00,0.92,0.0,0.0
2013-09-15 01:00:00,0.99,0.0,0.0
2013-09-15 02:00:00,1.0,0.0,0.0
2013-09-15 03:00:00,0.96,0.0,0.0
2013-09-15 04:00:00,1.0,0.0,0.0
2013-09-15 05:00:00,1.0,0.99392307,0.2980555555555556
2013-09-15 06:00:00,0.99,29.376678,1.0
2013-09-15 07:00:00,1.0,80.641014,1.0
2013-09-15 08:00:00,0.98,129.20804,1.0
2013-09-15 09:00:00,0.99,221.76312,1.0
2013-09-15 10:00:00,0.93,368.8572,1.0
2013-09-15 11:00:00,0.94,292.37335,1.0
2013-09-15 12:00:00,0.96,276.03998,1.0
2013-09-15 13:00:00,0.98,343.5814,1.0
2013-09-15 14:00:00,0.98,351.5161,1.0
2013-09-15 15:00:00,1.0,264.1407,1.0
2013-09-15 16:00:00,1.0,95.907776,1.0
2013-09-15 17:00:00,1.0,30.026443,1.0
2013-09-15 18:00:00,0.96,0.0,0.15138888888888888
2013-09-15 19:00:00,0.93,0.0,0.0
2013-09-15 20:00:00,1.0,0.0,0.0
2013-09-15 21:00:00,0.97,0.0,0.0
2013-09-15 22:00:00,0.98,0.0,0.0
2013-09-15 23:00:00,0.88,0.0,0.0
2013-09-16 00:00:00,0.81,0.0,0.0
2013-09-16 01:00:00,0.79,0.0,0.0
2013-09-16 02:00:00,0.73,0.0,0.0
2013-09-16 03:00:00,0.73,0.0,0.0
2013-09-16 04:00:00,0.75,0.0,0.0
2013-09-16 05:00:00,0.65,1.9878461,0.2825
2013-09-16 06:00:00,0.55,79.553116,1.0
2013-09-16 07:00:00,0.32,248.86723,1.0
2013-09-16 08:00:00,0.61,515.506,1.0
2013-09-16 09:00:00,0.43,601.63885,1.0
2013-09-16 10:00:00,0.08,778.91705,1.0
2013-09-16 11:00:00,0.09,826.0614,1.0
2013-09-16 12:00:00,0.25,827.7118,1.0
2013-09-16 13:00:00,0.46,765.2168,1.0
2013-09-16 14:00:00,0.79,511.24985,1.0
2013-09-16 15:00:00,0.83,260.98868,1.0
2013-09-16 16:00:00,0.7,168.7052,1.0
2013-09-16 17:00:00,0.37,56.11648,1.0
2013-09-16 18:00:00,0.01,0.0,0.12361111111111112
2013-09-16 19:00:00,0.0,0.0,0.0
2013-09-16 20:00:00,0.01,0.0,0.0
2013-09-16 21:00:00,0.01,0.0,0.0
2013-09-16 22:00:00,0.01,0.0,0.0
2013-09-16 23:00:00,0.01,0.0,0.0
2013-09-17 00:00:00,0.0,0.0,0.0
2013-09-17 01:00:00,0.0,0.0,0.0
2013-09-17 02:00:00,0.0,0.0,0.0
2013-09-17 03:00:00,0.0,0.0,0.0
2013-09-17 04:00:00,0.0,0.0,0.0
2013-09-17 05:00:00,0.0,0.0,0.26694444444444443
2013-09-17 06:00:00,0.0,133.12552,1.0
2013-09-17 07:00:00,0.0,363.1649,1.0
2013-09-17 08:00:00,0.0,585.79364,1.0
2013-09-17 09:00:00,0.0,767.06384,1.0
2013-09-17 10:00:00,0.0,890.1757,1.0
2013-09-17 11:00:00,0.0,922.3162,1.0
2013-09-17 12:00:00,0.45,803.522,1.0
2013-09-17 13:00:00,0.31,753.0588,1.0
2013-09-17 14:00:00,0.41,632.331,1.0
2013-09-17 15:00:00,0.21,435.00443,1.0
2013-09-17 16:00:00,0.65,212.54028,1.0
2013-09-17 17:00:00,0.77,51.881584,1.0
2013-09-17 18:00:00,0.28,0.0,0.09583333333333334
2013-09-17 19:00:00,0.31,0.0,0.0
2013-09-17 20:00:00,0.22,0.0,0.0
2013-09-17 21:00:00,0.05,0.0,0.0
2013-09-17 22:00:00,0.07,0.0,0.0
2013-09-17 23:00:00,0.0,0.0,0.0
2013-09-18 00:00:00,0.03,0.0,0.0
2013-09-18 01:00:00,0.13,0.0,0.0
2013-09-18 02:00:00,0.2,0.0,0.0
2013-09-18 03:00:00,0.21,0.0,0.0
2013-09-18 04:00:00,0.4,0.0,0.0
2013-09-18 05:00:00,0.34,0.0,0.2513888888888889
2013-09-18 06:00:00,0.37,124.3079,1.0
2013-09-18 07:00:00,0.24,340.6672,1.0
2013-09-18 08:00:00,0.19,548.51074,1.0
2013-09-18 09:00:00,0.01,723.19434,1.0
2013-09-18 10:00:00,0.06,874.199,1.0
2013-09-18 11:00:00,0.03,922.6999,1.0
2013-09-18 12:00:00,0.18,835.90594,1.0
2013-09-18 13:00:00,0.23,724.8224,1.0
2013-09-18 14:00:00,0.49,555.0537,1.0
2013-09-18 15:00:00,0.76,346.45068,1.0
2013-09-18 16:00:00,0.63,193.18002,1.0
2013-09-18 17:00:00,0.79,46.032166,1.0
2013-09-18 18:00:00,0.93,0.0,0.06805555555555555
2013-09-18 19:00:00,0.9,0.0,0.0
2013-09-18 20:00:00,0.95,0.0,0.0
2013-09-18 21:00:00,0.99,0.0,0.0
2013-09-18 22:00:00,0.97,0.0,0.0
2013-09-18 23:00:00,0.93,0.0,0.0
2013-09-19 00:00:00,0.84,0.0,0.0
2013-09-19 01:00:00,0.54,0.0,0.0
2013-09-19 02:00:00,0.24,0.0,0.0
2013-09-19 03:00:00,0.32,0.0,0.0
2013-09-19 04:00:00,0.43,0.0,0.0
2013-09-19 05:00:00,0.68,0.0,0.23583333333333334
2013-09-19 06:00:00,0.38,106.97686,1.0
2013-09-19 07:00:00,0.69,270.57938,1.0
2013-09-19 08:00:00,0.74,480.45282,1.0
2013-09-19 09:00:00,0.59,604.3797,1.0
2013-09-19 10:00:00,0.62,552.96436,1.0
2013-09-19 11:00:00,0.76,593.8171,1.0
2013-09-19 12:00:00,0.81,701.59094,1.0
2013-09-19 13:00:00,0.54,672.53064,1.0
2013-09-19 14:00:00,0.49,627.1396,1.0
2013-09-19 15:00:00,0.19,397.78317,1.0
2013-09-19 16:00:00,0.47,223.8872,1.0
2013-09-19 17:00:00,0.29,52.5861,1.0
2013-09-19 18:00:00,0.51,0.0,0.04027777777777778
2013-09-19 19:00:00,0.56,0.0,0.0
2013-09-19 20:00:00,0.37,0.0,0.0
2013-09-19 21:00:00,0.21,0.0,0.0
2013-09-19 22:00:00,0.2,0.0,0.0
2013-09-19 23:00:00,0.37,0.0,0.0
2013-09-20 00:00:00,0.53,0.0,0.0
2013-09-20 01:00:00,0.68,0.0,0.0
2013-09-20 02:00:00,0.71,0.0,0.0
2013-09-20 03:00:00,0.72,0.0,0.0
2013-09-20 04:00:00,0.64,0.0,0.0
2013-09-20 05:00:00,0.33,0.0,0.22
2013-09-20 06:00:00,0.11,112.7431,1.0
2013-09-20 07:00:00,0.01,339.44568,1.0
2013-09-20 08:00:00,0.01,571.1052,1.0
2013-09-20 09:00:00,0.0,748.6739,1.0
2013-09-20 10:00:00,0.0,886.87744,1.0
2013-09-20 11:00:00,0.0,947.6748,1.0
2013-09-20 12:00:00,0.0,925.5217,1.0
2013-09-20 13:00:00,0.0,835.1687,1.0
2013-09-20 14:00:00,0.0,680.7791,1.0
2013-09-20 15:00:00,0.02,471.2076,1.0
2013-09-20 16:00:00,0.0,249.09888,1.0
2013-09-20 17:00:00,0.0,51.432076,1.0
2013-09-20 18:00:00,0.0,0.0,0.0125
2013-09-20 19:00:00,0.0,0.0,0.0
2013-09-20 20:00:00,0.0,0.0,0.0
2013-09-20 21:00:00,0.0,0.0,0.0
2013-09-20 22:00:00,0.0,0.0,0.0
2013-09-20 23:00:00,0.0,0.0,0.0
2013-09-21 00:00:00,0.0,0.0,0.0
2013-09-21 01:00:00,0.0,0.0,0.0
2013-09-21 02:00:00,0.01,0.0,0.0
2013-09-21 03:00:00,0.0,0.0,0.0
2013-09-21 04:00:00,0.01,0.0,0.0
2013-09-21 05:00:00,0.01,0.0,0.20444444444444446
2013-09-21 06:00:00,0.0,124.60159,1.0
2013-09-21 07:00:00,0.0,357.28323,1.0
2013-09-21 08:00:00,0.0,579.89874,1.0
2013-09-21 09:00:00,0.0,758.96436,1.0
2013-09-21 10:00:00,0.0,880.06976,1.0
2013-09-21 11:00:00,0.1,900.7203,1.0
2013-09-21 12:00:00,0.15,875.3606,1.0
2013-09-21 13:00:00,0.43,778.7335,1.0
2013-09-21 14:00:00,0.82,552.35266,1.0
2013-09-21 15:00:00,0.7,327.3678,1.0
2013-09-21 16:00:00,0.51,197.21892,1.0
2013-09-21 17:00:00,0.46,46.568737,0.985
2013-09-21 18:00:00,0.29,0.0,0.0
2013-09-21 19:00:00,0.21,0.0,0.0
2013-09-21 20:00:00,0.0,0.0,0.0
2013-09-21 21:00:00,0.0,0.0,0.0
2013-09-21 22:00:00,0.0,0.0,0.0
2013-09-21 23:00:00,0.0,0.0,0.0
2013-09-22 00:00:00,0.0,0.0,0.0
2013-09-22 01:00:00,0.0,0.0,0.0
2013-09-22 02:00:00,0.0,0.0,0.0
2013-09-22 03:00:00,0.0,0.0,0.0
2013-09-22 04:00:00,0.0,0.0,0.0
2013-09-22 05:00:00,0.0,0.0,0.18888888888888888
2013-09-22 06:00:00,0.01,116.84767,1.0
2013-09-22 07:00:00,0.04,343.6533,1.0
2013-09-22 08:00:00,0.27,562.42084,1.0
2013-09-22 09:00:00,0.09,730.8871,1.0
2013-09-22 10:00:00,0.1,793.4599,1.0
2013-09-22 11:00:00,0.21,801.5544,1.0
2013-09-22 12:00:00,0.52,706.73486,1.0
2013-09-22 13:00:00,0.56,639.5538,1.0
2013-09-22 14:00:00,0.46,452.61465,1.0
2013-09-22 15:00:00,1.0,215.92877,1.0
2013-09-22 16:00:00,1.0,78.432236,1.0
2013-09-22 17:00:00,1.0,18.884539,0.9575
2013-09-22 18:00:00,1.0,0.0,0.0
2013-09-22 19:00:00,1.0,0.0,0.0
2013-09-22 20:00:00,1.0,0.0,0.0
2013-09-22 21:00:00,1.0,0.0,0.0
2013-09-22 22:00:00,1.0,0.0,0.0
2013-09-22 23:00:00,1.0,0.0,0.0
2013-09-23 00:00:00,1.0,0.0,0.0
2013-09-23 01:00:00,1.0,0.0,0.0
2013-09-23 02:00:00,0.99,0.0,0.0
2013-09-23 03:00:00,0.98,0.0,0.0
2013-09-23 04:00:00,1.0,0.0,0.0
2013-09-23 05:00:00,1.0,0.0,0.17305555555555555
2013-09-23 06:00:00,1.0,17.890615,1.0
2013-09-23 07:00:00,1.0,124.120155,1.0
2013-09-23 08:00:00,1.0,346.32245,1.0
2013-09-23 09:00:00,1.0,599.6364,1.0
2013-09-23 10:00:00,0.94,789.3046,1.0
2013-09-23 11:00:00,0.23,892.2004,1.0
2013-09-23 12:00:00,0.1,853.46423,1.0
2013-09-23 13:00:00,0.08,762.95013,1.0
2013-09-23 14:00:00,0.08,636.1163,1.0
2013-09-23 15:00:00,0.26,433.82916,1.0
2013-09-23 16:00:00,0.22,211.37927,1.0
2013-09-23 17:00:00,0.04,41.395023,0.93
2013-09-23 18:00:00,0.01,0.0,0.0
2013-09-23 19:00:00,0.0,0.0,0.0
2013-09-23 20:00:00,0.0,0.0,0.0
2013-09-23 21:00:00,0.0,0.0,0.0
2013-09-23 22:00:00,0.0,0.0,0.0
2013-09-23 23:00:00,0.0,0.0,0.0
2013-09-24 00:00:00,0.0,0.0,0.0
2013-09-24 01:00:00,0.0,0.0,0.0
2013-09-24 02:00:00,0.0,0.0,0.0
2013-09-24 03:00:00,0.0,0.0,0.0
2013-09-24 04:00:00,0.01,0.0,0.0
2013-09-24 05:00:00,0.0,0.0,0.15722222222222224
2013-09-24 06:00:00,0.01,117.74453,1.0
2013-09-24 07:00:00,0.01,354.06677,1.0
2013-09-24 08:00:00,0.08,578.1639,1.0
2013-09-24 09:00:00,0.14,762.10864,1.0
2013-09-24 10:00:00,0.03,885.48267,1.0
2013-09-24 11:00:00,0.0,935.9868,1.0
2013-09-24 12:00:00,0.0,913.06433,1.0
2013-09-24 13:00:00,0.0,817.20166,1.0
2013-09-24 14:00:00,0.0,660.4931,1.0
2013-09-24 15:00:00,0.0,457.2966,1.0
2013-09-24 16:00:00,0.0,230.387,1.0
2013-09-24 17:00:00,0.0,39.07802,0.9030555555555555
2013-09-24 18:00:00,0.0,0.0,0.0
2013-09-24 19:00:00,0.0,0.0,0.0
2013-09-24 20:00:00,0.0,0.0,0.0
2013-09-24 21:00:00,0.03,0.0,0.0
2013-09-24 22:00:00,0.01,0.0,0.0
2013-09-24 23:00:00,0.0,0.0,0.0
2013-09-25 00:00:00,0.0,0.0,0.0
2013-09-25 01:00:00,0.0,0.0,0.0
2013-09-25 02:00:00,0.0,0.0,0.0
2013-09-25 03:00:00,0.15,0.0,0.0
2013-09-25 04:00:00,0.0,0.0,0.0
2013-09-25 05:00:00,0.0,0.0,0.1413888888888889
2013-09-25 06:00:00,0.0,114.71745,1.0
2013-09-25 07:00:00,0.0,350.73532,1.0
2013-09-25 08:00:00,0.0,575.4898,1.0
2013-09-25 09:00:00,0.0,757.93317,1.0
2013-09-25 10:00:00,0.0,877.90155,1.0
2013-09-25 11:00:00,0.0,926.33704,1.0
2013-09-25 12:00:00,0.0,903.46875,1.0
2013-09-25 13:00:00,0.0,811.8432,1.0
2013-09-25 14:00:00,0.0,657.2844,1.0
2013-09-25 15:00:00,0.0,452.9949,1.0
2013-09-25 16:00:00,0.0,225.95172,1.0
2013-09-25 17:00:00,0.0,36.753216,0.8761111111111111
2013-09-25 18:00:00,0.01,0.0,0.0
2013-09-25 19:00:00,0.02,0.0,0.0
2013-09-25 20:00:00,0.01,0.0,0.0
2013-09-25 21:00:00,0.0,0.0,0.0
2013-09-25 22:00:00,0.0,0.0,0.0
2013-09-25 23:00:00,0.0,0.0,0.0
2013-09-26 00:00:00,0.0,0.0,0.0
2013-09-26 01:00:00,0.0,0.0,0.0
2013-09-26 02:00:00,0.0,0.0,0.0
2013-09-26 03:00:00,0.0,0.0,0.0
2013-09-26 04:00:00,0.0,0.0,0.0
2013-09-26 05:00:00,0.0,0.0,0.12555555555555556
2013-09-26 06:00:00,0.0,109.596565,1.0
2013-09-26 07:00:00,0.0,340.70804,1.0
2013-09-26 08:00:00,0.0,563.4713,1.0
2013-09-26 09:00:00,0.0,742.9558,1.0
2013-09-26 10:00:00,0.0,863.0314,1.0
2013-09-26 11:00:00,0.0,910.3806,1.0
2013-09-26 12:00:00,0.0,885.59143,1.0
2013-09-26 13:00:00,0.0,791.9599,1.0
2013-09-26 14:00:00,0.01,634.3242,1.0
2013-09-26 15:00:00,0.02,403.78912,1.0
2013-09-26 16:00:00,0.1,208.78532,1.0
2013-09-26 17:00:00,0.03,33.216785,0.8491666666666666
2013-09-26 18:00:00,0.08,0.0,0.0
2013-09-26 19:00:00,0.05,0.0,0.0
2013-09-26 20:00:00,0.06,0.0,0.0
2013-09-26 21:00:00,0.03,0.0,0.0
2013-09-26 22:00:00,0.01,0.0,0.0
2013-09-26 23:00:00,0.02,0.0,0.0
2013-09-27 00:00:00,0.01,0.0,0.0
2013-09-27 01:00:00,0.01,0.0,0.0
2013-09-27 02:00:00,0.0,0.0,0.0
2013-09-27 03:00:00,0.03,0.0,0.0
2013-09-27 04:00:00,0.64,0.0,0.0
2013-09-27 05:00:00,0.74,0.0,0.10944444444444444
2013-09-27 06:00:00,0.76,59.169144,1.0
2013-09-27 07:00:00,0.79,226.71642,1.0
2013-09-27 08:00:00,0.8,375.7358,1.0
2013-09-27 09:00:00,0.79,514.77484,1.0
2013-09-27 10:00:00,0.97,493.13605,1.0
2013-09-27 11:00:00,1.0,139.44598,1.0
2013-09-27 12:00:00,1.0,89.85079,1.0
2013-09-27 13:00:00,1.0,218.09601,1.0
2013-09-27 14:00:00,1.0,176.37994,1.0
2013-09-27 15:00:00,0.82,227.78334,1.0
2013-09-27 16:00:00,0.86,57.56569,1.0
2013-09-27 17:00:00,0.79,13.845381,0.8227777777777778
2013-09-27 18:00:00,0.81,0.0,0.0
2013-09-27 19:00:00,0.73,0.0,0.0
2013-09-27 20:00:00,0.36,0.0,0.0
2013-09-27 21:00:00,0.11,0.0,0.0
2013-09-27 22:00:00,0.18,0.0,0.0
2013-09-27 23:00:00,0.14,0.0,0.0
2013-09-28 00:00:00,0.17,0.0,0.0
2013-09-28 01:00:00,0.14,0.0,0.0
2013-09-28 02:00:00,0.0,0.0,0.0
2013-09-28 03:00:00,0.05,0.0,0.0
2013-09-28 04:00:00,0.06,0.0,0.0
2013-09-28 05:00:00,0.05,0.0,0.09361111111111112
2013-09-28 06:00:00,0.06,95.47929,1.0
2013-09-28 07:00:00,0.02,322.9869,1.0
2013-09-28 08:00:00,0.01,554.8635,1.0
2013-09-28 09:00:00,0.01,741.8687,1.0
2013-09-28 10:00:00,0.01,868.1666,1.0
2013-09-28 11:00:00,0.01,886.1203,1.0
2013-09-28 12:00:00,0.0,891.7062,1.0
2013-09-28 13:00:00,0.0,797.83453,1.0
2013-09-28 14:00:00,0.0,640.0319,1.0
2013-09-28 15:00:00,0.0,435.66656,1.0
2013-09-28 16:00:00,0.0,208.70743,1.0
2013-09-28 17:00:00,0.0,29.233162,0.7961111111111111
2013-09-28 18:00:00,0.0,0.0,0.0
2013-09-28 19:00:00,0.0,0.0,0.0
2013-09-28 20:00:00,0.0,0.0,0.0
2013-09-28 21:00:00,0.0,0.0,0.0
2013-09-28 22:00:00,0.0,0.0,0.0
2013-09-28 23:00:00,0.03,0.0,0.0
2013-09-29 00:00:00,0.26,0.0,0.0
2013-09-29 01:00:00,0.41,0.0,0.0
2013-09-29 02:00:00,0.5,0.0,0.0
2013-09-29 03:00:00,0.38,0.0,0.0
2013-09-29 04:00:00,0.42,0.0,0.0
2013-09-29 05:00:00,0.49,0.0,0.0775
2013-09-29 06:00:00,0.77,101.02968,1.0
2013-09-29 07:00:00,0.74,320.5227,1.0
2013-09-29 08:00:00,0.83,561.734,1.0
2013-09-29 09:00:00,0.7,737.5022,1.0
2013-09-29 10:00:00,0.47,834.0936,1.0
2013-09-29 11:00:00,0.08,916.0164,1.0
2013-09-29 12:00:00,0.0,888.58923,1.0
2013-09-29 13:00:00,0.0,792.4627,1.0
2013-09-29 14:00:00,0.06,633.7441,1.0
2013-09-29 15:00:00,0.36,431.36212,1.0
2013-09-29 16:00:00,0.58,196.33765,1.0
2013-09-29 17:00:00,0.86,26.106047,0.7691666666666667
2013-09-29 18:00:00,0.82,0.0,0.0
2013-09-29 19:00:00,0.91,0.0,0.0
2013-09-29 20:00:00,0.94,0.0,0.0
2013-09-29 21:00:00,0.96,0.0,0.0
2013-09-29 22:00:00,1.0,0.0,0.0
2013-09-29 23:00:00,0.97,0.0,0.0
2013-09-30 00:00:00,0.91,0.0,0.0
2013-09-30 01:00:00,0.95,0.0,0.0
2013-09-30 02:00:00,0.98,0.0,0.0
2013-09-30 03:00:00,0.94,0.0,0.0
2013-09-30 04:00:00,0.87,0.0,0.0
2013-09-30 05:00:00,0.94,0.0,0.06111111111111111
2013-09-30 06:00:00,0.99,78.428215,1.0
2013-09-30 07:00:00,1.0,268.33414,1.0
2013-09-30 08:00:00,1.0,501.0342,1.0
2013-09-30 09:00:00,0.57,706.3277,1.0
2013-09-30 10:00:00,0.4,826.7122,1.0
2013-09-30 11:00:00,0.25,879.1513,1.0
2013-09-30 12:00:00,0.03,860.84375,1.0
2013-09-30 13:00:00,0.0,768.36365,1.0
2013-09-30 14:00:00,0.0,615.0985,1.0
2013-09-30 15:00:00,0.0,415.27444,1.0
2013-09-30 16:00:00,0.0,194.832,1.0
2013-09-30 17:00:00,0.0,24.70833,0.7425
2013-09-30 18:00:00,0.0,0.0,0.0
2013-09-30 19:00:00,0.0,0.0,0.0
2013-09-30 20:00:00,0.0,0.0,0.0
2013-09-30 21:00:00,0.0,0.0,0.0
2013-09-30 22:00:00,0.0,0.0,0.0
2013-09-30 23:00:00,0.0,0.0,0.0
2013-10-01 00:00:00,0.0,0.0,0.0
2013-10-01 01:00:00,0.0,0.0,0.0
2013-10-01 02:00:00,0.0,0.0,0.0
2013-10-01 03:00:00,0.0,0.0,0.0
2013-10-01 04:00:00,0.0,0.0,0.0
2013-10-01 05:00:00,0.0,0.0,0.045
2013-10-01 06:00:00,0.0,94.43414,1.0
2013-10-01 07:00:00,0.0,322.47513,1.0
2013-10-01 08:00:00,0.0,543.2216,1.0
2013-10-01 09:00:00,0.0,719.92554,1.0
2013-10-01 10:00:00,0.0,837.9321,1.0
2013-10-01 11:00:00,0.0,887.96466,1.0
2013-10-01 12:00:00,0.0,863.08966,1.0
2013-10-01 13:00:00,0.0,767.1803,1.0
2013-10-01 14:00:00,0.03,607.26636,1.0
2013-10-01 15:00:00,0.02,402.7289,1.0
2013-10-01 16:00:00,0.0,189.35753,1.0
2013-10-01 17:00:00,0.0,22.296764,0.7155555555555555
2013-10-01 18:00:00,0.0,0.0,0.0
2013-10-01 19:00:00,0.0,0.0,0.0
2013-10-01 20:00:00,0.0,0.0,0.0
2013-10-01 21:00:00,0.0,0.0,0.0
2013-10-01 22:00:00,0.0,0.0,0.0
2013-10-01 23:00:00,0.0,0.0,0.0
2013-10-02 00:00:00,0.0,0.0,0.0
2013-10-02 01:00:00,0.0,0.0,0.0
2013-10-02 02:00:00,0.0,0.0,0.0
2013-10-02 03:00:00,0.0,0.0,0.0
2013-10-02 04:00:00,0.0,0.0,0.0
2013-10-02 05:00:00,0.0,0.0,0.02861111111111111
2013-10-02 06:00:00,0.0,92.6948,1.0
2013-10-02 07:00:00,0.0,324.33545,1.0
2013-10-02 08:00:00,0.01,546.5032,1.0
2013-10-02 09:00:00,0.0,724.47845,1.0
2013-10-02 10:00:00,0.0,842.685,1.0
2013-10-02 11:00:00,0.03,888.92694,1.0
2013-10-02 12:00:00,0.14,862.6556,1.0
2013-10-02 13:00:00,0.15,764.14026,1.0
2013-10-02 14:00:00,0.2,539.5826,1.0
2013-10-02 15:00:00,0.15,326.3487,1.0
2013-10-02 16:00:00,0.26,165.77641,1.0
2013-10-02 17:00:00,0.3,18.57039,0.6886111111111111
2013-10-02 18:00:00,0.02,0.0,0.0
2013-10-02 19:00:00,0.0,0.0,0.0
2013-10-02 20:00:00,0.0,0.0,0.0
2013-10-02 21:00:00,0.02,0.0,0.0
2013-10-02 22:00:00,0.3,0.0,0.0
2013-10-02 23:00:00,0.62,0.0,0.0
2013-10-03 00:00:00,0.52,0.0,0.0
2013-10-03 01:00:00,0.35,0.0,0.0
2013-10-03 02:00:00,0.17,0.0,0.0
2013-10-03 03:00:00,0.0,0.0,0.0
2013-10-03 04:00:00,0.03,0.0,0.0
2013-10-03 05:00:00,0.04,0.0,0.0125
2013-10-03 06:00:00,0.03,86.97915,1.0
2013-10-03 07:00:00,0.09,312.9426,1.0
2013-10-03 08:00:00,0.17,529.28876,1.0
2013-10-03 09:00:00,0.45,714.87897,1.0
2013-10-03 10:00:00,0.01,835.4965,1.0
2013-10-03 11:00:00,0.31,788.7913,1.0
2013-10-03 12:00:00,0.49,608.3395,1.0
2013-10-03 13:00:00,0.42,625.5343,1.0
2013-10-03 14:00:00,0.51,537.40894,1.0
2013-10-03 15:00:00,0.43,353.91544,1.0
2013-10-03 16:00:00,0.85,153.09581,1.0
2013-10-03 17:00:00,0.63,15.878319,0.6616666666666666
2013-10-03 18:00:00,0.75,0.0,0.0
2013-10-03 19:00:00,1.0,0.0,0.0
2013-10-03 20:00:00,1.0,0.0,0.0
2013-10-03 21:00:00,1.0,0.0,0.0
2013-10-03 22:00:00,1.0,0.0,0.0
2013-10-03 23:00:00,1.0,0.0,0.0
2013-10-04 00:00:00,1.0,0.0,0.0
2013-10-04 01:00:00,1.0,0.0,0.0
2013-10-04 02:00:00,1.0,0.0,0.0
2013-10-04 03:00:00,0.99,0.0,0.0
2013-10-04 04:00:00,1.0,0.0,0.0
2013-10-04 05:00:00,0.93,0.0,0.0
2013-10-04 06:00:00,0.8,18.621756,0.9958333333333333
2013-10-04 07:00:00,0.73,87.26813,1.0
2013-10-04 08:00:00,0.66,281.3552,1.0
2013-10-04 09:00:00,0.8,407.72803,1.0
2013-10-04 10:00:00,0.89,346.22522,1.0
2013-10-04 11:00:00,0.61,759.4901,1.0
2013-10-04 12:00:00,0.69,664.4959,1.0
2013-10-04 13:00:00,0.77,655.15485,1.0
2013-10-04 14:00:00,0.87,460.15945,1.0
2013-10-04 15:00:00,0.87,244.94565,1.0
2013-10-04 16:00:00,0.79,113.05767,1.0
2013-10-04 17:00:00,0.75,13.049051,0.6347222222222222
2013-10-04 18:00:00,0.33,0.0,0.0
2013-10-04 19:00:00,0.15,0.0,0.0
2013-10-04 20:00:00,0.03,0.0,0.0
2013-10-04 21:00:00,0.04,0.0,0.0
2013-10-04 22:00:00,0.03,0.0,0.0
2013-10-04 23:00:00,0.26,0.0,0.0
2013-10-05 00:00:00,0.36,0.0,0.0
2013-10-05 01:00:00,0.6,0.0,0.0
2013-10-05 02:00:00,0.89,0.0,0.0
2013-10-05 03:00:00,0.99,0.0,0.0
2013-10-05 04:00:00,1.0,0.0,0.0
2013-10-05 05:00:00,0.98,0.0,0.0
2013-10-05 06:00:00,1.0,47.18009,0.9794444444444445
2013-10-05 07:00:00,0.99,217.91563,1.0
2013-10-05 08:00:00,1.0,383.49603,1.0
2013-10-05 09:00:00,0.26,684.28357,1.0
2013-10-05 10:00:00,0.16,849.27155,1.0
2013-10-05 11:00:00,0.01,911.06537,1.0
2013-10-05 12:00:00,0.0,890.07245,1.0
2013-10-05 13:00:00,0.0,792.64417,1.0
2013-10-05 14:00:00,0.0,629.9789,1.0
2013-10-05 15:00:00,0.0,420.5443,1.0
2013-10-05 16:00:00,0.0,187.465,1.0
2013-10-05 17:00:00,0.0,17.790714,0.6080555555555556
2013-10-05 18:00:00,0.0,0.0,0.0
2013-10-05 19:00:00,0.0,0.0,0.0
2013-10-05 20:00:00,0.0,0.0,0.0
2013-10-05 21:00:00,0.0,0.0,0.0
2013-10-05 22:00:00,0.0,0.0,0.0
2013-10-05 23:00:00,0.0,0.0,0.0
2013-10-06 00:00:00,0.0,0.0,0.0
2013-10-06 01:00:00,0.0,0.0,0.0
2013-10-06 02:00:00,0.0,0.0,0.0
2013-10-06 03:00:00,0.0,0.0,0.0
2013-10-06 04:00:00,0.0,0.0,0.0
2013-10-06 05:00:00,0.0,0.0,0.0
2013-10-06 06:00:00,0.0,82.71092,0.9627777777777777
2013-10-06 07:00:00,0.0,315.85068,1.0
2013-10-06 08:00:00,0.0,537.98975,1.0
2013-10-06 09:00:00,0.0,716.142,1.0
2013-10-06 10:00:00,0.0,832.2745,1.0
2013-10-06 11:00:00,0.26,876.63513,1.0
2013-10-06 12:00:00,0.0,850.6667,1.0
2013-10-06 13:00:00,0.0,754.8189,1.0
2013-10-06 14:00:00,0.0,597.0619,1.0
2013-10-06 15:00:00,0.0,393.69638,1.0
2013-10-06 16:00:00,0.0,170.84157,1.0
2013-10-06 17:00:00,0.0,14.299101,0.5813888888888888
2013-10-06 18:00:00,0.0,0.0,0.0
2013-10-06 19:00:00,0.0,0.0,0.0
2013-10-06 20:00:00,0.0,0.0,0.0
2013-10-06 21:00:00,0.0,0.0,0.0
2013-10-06 22:00:00,0.0,0.0,0.0
2013-10-06 23:00:00,0.0,0.0,0.0
2013-10-07 00:00:00,0.0,0.0,0.0
2013-10-07 01:00:00,0.0,0.0,0.0
2013-10-07 02:00:00,0.0,0.0,0.0
2013-10-07 03:00:00,0.0,0.0,0.0
2013-10-07 04:00:00,0.0,0.0,0.0
2013-10-07 05:00:00,0.0,0.0,0.0
2013-10-07 06:00:00,0.0,81.80251,0.9461111111111111
2013-10-07 07:00:00,0.0,318.19748,1.0
2013-10-07 08:00:00,0.0,544.9046,1.0
2013-10-07 09:00:00,0.0,725.44885,1.0
2013-10-07 10:00:00,0.01,843.69385,1.0
2013-10-07 11:00:00,0.0,890.29974,1.0
2013-10-07 12:00:00,0.0,863.0562,1.0
2013-10-07 13:00:00,0.0,763.5186,1.0
2013-10-07 14:00:00,0.0,602.10486,1.0
2013-10-07 15:00:00,0.0,394.07816,1.0
2013-10-07 16:00:00,0.06,165.22336,1.0
2013-10-07 17:00:00,0.62,12.766271,0.5547222222222222
2013-10-07 18:00:00,0.95,0.0,0.0
2013-10-07 19:00:00,0.93,0.0,0.0
2013-10-07 20:00:00,0.96,0.0,0.0
2013-10-07 21:00:00,0.96,0.0,0.0
2013-10-07 22:00:00,0.99,0.0,0.0
2013-10-07 23:00:00,0.97,0.0,0.0
2013-10-08 00:00:00,0.99,0.0,0.0
2013-10-08 01:00:00,0.99,0.0,0.0
2013-10-08 02:00:00,0.99,0.0,0.0
2013-10-08 03:00:00,1.0,0.0,0.0
2013-10-08 04:00:00,1.0,0.0,0.0
2013-10-08 05:00:00,1.0,0.0,0.0
2013-10-08 06:00:00,0.96,50.77171,0.9294444444444444
2013-10-08 07:00:00,0.83,222.39697,1.0
2013-10-08 08:00:00,0.94,410.48813,1.0
2013-10-08 09:00:00,0.95,593.8326,1.0
2013-10-08 10:00:00,0.77,674.4915,1.0
2013-10-08 11:00:00,0.72,853.5522,1.0
2013-10-08 12:00:00,0.37,842.77954,1.0
2013-10-08 13:00:00,0.26,751.1642,1.0
2013-10-08 14:00:00,0.15,580.18085,1.0
2013-10-08 15:00:00,0.19,372.4532,1.0
2013-10-08 16:00:00,0.07,146.43881,1.0
2013-10-08 17:00:00,0.04,10.837233,0.5283333333333333
2013-10-08 18:00:00,0.12,0.0,0.0
2013-10-08 19:00:00,0.09,0.0,0.0
2013-10-08 20:00:00,0.06,0.0,0.0
2013-10-08 21:00:00,0.0,0.0,0.0
2013-10-08 22:00:00,0.0,0.0,0.0
2013-10-08 23:00:00,0.0,0.0,0.0
2013-10-09 00:00:00,0.0,0.0,0.0
2013-10-09 01:00:00,0.0,0.0,0.0
2013-10-09 02:00:00,0.17,0.0,0.0
2013-10-09 03:00:00,0.0,0.0,0.0
2013-10-09 04:00:00,0.12,0.0,0.0
2013-10-09 05:00:00,0.7,0.0,0.0
2013-10-09 06:00:00,0.7,57.853863,0.9127777777777778
2013-10-09 07:00:00,0.71,242.77867,1.0
2013-10-09 08:00:00,0.73,410.26813,1.0
2013-10-09 09:00:00,0.74,601.1315,1.0
2013-10-09 10:00:00,0.75,738.28503,1.0
2013-10-09 11:00:00,0.57,806.5295,1.0
2013-10-09 12:00:00,0.49,784.45447,1.0
2013-10-09 13:00:00,0.4,639.96783,1.0
2013-10-09 14:00:00,0.41,536.0398,1.0
2013-10-09 15:00:00,0.59,272.19315,1.0
2013-10-09 16:00:00,0.41,127.88179,1.0
2013-10-09 17:00:00,0.66,8.603375,0.5022222222222222
2013-10-09 18:00:00,0.36,0.0,0.0
2013-10-09 19:00:00,0.49,0.0,0.0
2013-10-09 20:00:00,0.54,0.0,0.0
2013-10-09 21:00:00,0.38,0.0,0.0
2013-10-09 22:00:00,0.45,0.0,0.0
2013-10-09 23:00:00,0.9,0.0,0.0
2013-10-10 00:00:00,0.98,0.0,0.0
2013-10-10 01:00:00,0.55,0.0,0.0
2013-10-10 02:00:00,0.76,0.0,0.0
2013-10-10 03:00:00,1.0,0.0,0.0
2013-10-10 04:00:00,1.0,0.0,0.0
2013-10-10 05:00:00,1.0,0.0,0.0
2013-10-10 06:00:00,0.97,36.732002,0.8958333333333334
2013-10-10 07:00:00,1.0,200.19055,1.0
2013-10-10 08:00:00,1.0,383.83975,1.0
2013-10-10 09:00:00,0.98,508.63135,1.0
2013-10-10 10:00:00,0.93,606.73096,1.0
2013-10-10 11:00:00,0.95,578.4059,1.0
2013-10-10 12:00:00,1.0,453.5869,1.0
2013-10-10 13:00:00,0.99,345.2069,1.0
2013-10-10 14:00:00,0.99,276.11038,1.0
2013-10-10 15:00:00,1.0,121.815475,1.0
2013-10-10 16:00:00,1.0,46.714386,1.0
2013-10-10 17:00:00,1.0,3.9756923,0.47638888888888886
2013-10-10 18:00:00,1.0,0.0,0.0
2013-10-10 19:00:00,1.0,0.0,0.0
2013-10-10 20:00:00,1.0,0.0,0.0
2013-10-10 21:00:00,1.0,0.0,0.0
2013-10-10 22:00:00,1.0,0.0,0.0
2013-10-10 23:00:00,1.0,0.0,0.0
2013-10-11 00:00:00,1.0,0.0,0.0
2013-10-11 01:00:00,0.99,0.0,0.0
2013-10-11 02:00:00,0.57,0.0,0.0
2013-10-11 03:00:00,0.89,0.0,0.0
2013-10-11 04:00:00,0.97,0.0,0.0
2013-10-11 05:00:00,0.97,0.0,0.0
2013-10-11 06:00:00,0.98,40.98151,0.8788888888888889
2013-10-11 07:00:00,0.98,176.07323,1.0
2013-10-11 08:00:00,0.97,345.28812,1.0
2013-10-11 09:00:00,0.99,395.0127,1.0
2013-10-11 10:00:00,0.94,390.698,1.0
2013-10-11 11:00:00,0.79,635.54456,1.0
2013-10-11 12:00:00,0.87,492.4323,1.0
2013-10-11 13:00:00,0.96,458.90317,1.0
2013-10-11 14:00:00,0.98,313.19543,1.0
2013-10-11 15:00:00,0.98,233.80573,1.0
2013-10-11 16:00:00,0.85,73.80043,1.0
2013-10-11 17:00:00,0.49,5.670354,0.4508333333333333
2013-10-11 18:00:00,0.09,0.0,0.0
2013-10-11 19:00:00,0.21,0.0,0.0
2013-10-11 20:00:00,0.31,0.0,0.0
2013-10-11 21:00:00,0.16,0.0,0.0
2013-10-11 22:00:00,0.36,0.0,0.0
2013-10-11 23:00:00,0.62,0.0,0.0
2013-10-12 00:00:00,0.57,0.0,0.0
2013-10-12 01:00:00,0.27,0.0,0.0
2013-10-12 02:00:00,0.06,0.0,0.0
2013-10-12 03:00:00,0.19,0.0,0.0
2013-10-12 04:00:00,0.5,0.0,0.0
2013-10-12 05:00:00,0.63,0.0,0.0
2013-10-12 06:00:00,0.71,55.027435,0.8619444444444444
2013-10-12 07:00:00,0.81,223.71663,1.0
2013-10-12 08:00:00,0.45,428.60315,1.0
2013-10-12 09:00:00,0.29,651.41656,1.0
2013-10-12 10:00:00,0.15,781.19214,1.0
2013-10-12 11:00:00,0.23,761.5171,1.0
2013-10-12 12:00:00,0.68,679.15497,1.0
2013-10-12 13:00:00,0.85,598.52075,1.0
2013-10-12 14:00:00,0.84,412.7453,1.0
2013-10-12 15:00:00,0.33,313.50922,1.0
2013-10-12 16:00:00,0.44,132.25905,1.0
2013-10-12 17:00:00,0.35,6.559576,0.42527777777777775
2013-10-12 18:00:00,0.4,0.0,0.0
2013-10-12 19:00:00,0.41,0.0,0.0
2013-10-12 20:00:00,0.19,0.0,0.0
2013-10-12 21:00:00,0.08,0.0,0.0
2013-10-12 22:00:00,0.02,0.0,0.0
2013-10-12 23:00:00,0.0,0.0,0.0
2013-10-13 00:00:00,0.0,0.0,0.0
2013-10-13 01:00:00,0.0,0.0,0.0
2013-10-13 02:00:00,0.0,0.0,0.0
2013-10-13 03:00:00,0.01,0.0,0.0
2013-10-13 04:00:00,0.0,0.0,0.0
2013-10-13 05:00:00,0.0,0.0,0.0
2013-10-13 06:00:00,0.0,59.44411,0.8447222222222223
2013-10-13 07:00:00,0.0,278.41528,1.0
2013-10-13 08:00:00,0.0,497.31995,1.0
2013-10-13 09:00:00,0.0,670.9155,1.0
2013-10-13 10:00:00,0.0,781.1322,1.0
2013-10-13 11:00:00,0.35,752.0933,1.0
2013-10-13 12:00:00,0.59,553.7637,1.0
2013-10-13 13:00:00,0.51,595.4547,1.0
2013-10-13 14:00:00,0.47,433.25745,1.0
2013-10-13 15:00:00,0.48,296.8148,1.0
2013-10-13 16:00:00,0.56,97.6745,1.0
2013-10-13 17:00:00,0.49,3.8583796,0.4002777777777778
2013-10-13 18:00:00,0.72,0.0,0.0
2013-10-13 19:00:00,0.37,0.0,0.0
2013-10-13 20:00:00,0.43,0.0,0.0
2013-10-13 21:00:00,0.42,0.0,0.0
2013-10-13 22:00:00,0.11,0.0,0.0
2013-10-13 23:00:00,0.2,0.0,0.0
2013-10-14 00:00:00,0.14,0.0,0.0
2013-10-14 01:00:00,0.27,0.0,0.0
2013-10-14 02:00:00,0.48,0.0,0.0
2013-10-14 03:00:00,0.51,0.0,0.0
2013-10-14 04:00:00,0.47,0.0,0.0
2013-10-14 05:00:00,0.51,0.0,0.0
2013-10-14 06:00:00,0.68,42.871635,0.8275
2013-10-14 07:00:00,0.66,212.95038,1.0
2013-10-14 08:00:00,0.93,401.45996,1.0
2013-10-14 09:00:00,0.95,422.99164,1.0
2013-10-14 10:00:00,0.96,694.37836,1.0
2013-10-14 11:00:00,0.97,420.1695,1.0
2013-10-14 12:00:00,0.89,394.9845,1.0
2013-10-14 13:00:00,0.89,263.42715,1.0
2013-10-14 14:00:00,0.96,234.75188,1.0
2013-10-14 15:00:00,0.96,154.26828,1.0
2013-10-14 16:00:00,0.86,64.21551,1.0
2013-10-14 17:00:00,0.86,2.8813348,0.37555555555555553
2013-10-14 18:00:00,0.83,0.0,0.0
2013-10-14 19:00:00,0.78,0.0,0.0
2013-10-14 20:00:00,0.74,0.0,0.0
2013-10-14 21:00:00,0.8,0.0,0.0
2013-10-14 22:00:00,0.79,0.0,0.0
2013-10-14 23:00:00,0.78,0.0,0.0
2013-10-15 00:00:00,0.78,0.0,0.0
2013-10-15 01:00:00,0.77,0.0,0.0
2013-10-15 02:00:00,0.75,0.0,0.0
2013-10-15 03:00:00,0.78,0.0,0.0
2013-10-15 04:00:00,0.97,0.0,0.0
2013-10-15 05:00:00,0.89,0.0,0.0
2013-10-15 06:00:00,0.73,31.52532,0.8102777777777778
2013-10-15 07:00:00,0.69,126.49195,1.0
2013-10-15 08:00:00,0.83,271.07587,1.0
2013-10-15 09:00:00,0.92,462.40338,1.0
2013-10-15 10:00:00,0.93,510.39987,1.0
2013-10-15 11:00:00,0.87,576.53394,1.0
2013-10-15 12:00:00,0.84,663.27423,1.0
2013-10-15 13:00:00,0.83,544.98785,1.0
2013-10-15 14:00:00,0.96,375.9816,1.0
2013-10-15 15:00:00,0.88,167.41197,1.0
2013-10-15 16:00:00,0.99,51.074398,1.0
2013-10-15 17:00:00,0.81,1.9878461,0.3511111111111111
2013-10-15 18:00:00,0.58,0.0,0.0
2013-10-15 19:00:00,0.61,0.0,0.0
2013-10-15 20:00:00,0.72,0.0,0.0
2013-10-15 21:00:00,0.86,0.0,0.0
2013-10-15 22:00:00,0.85,0.0,0.0
2013-10-15 23:00:00,0.67,0.0,0.0
2013-10-16 00:00:00,0.4,0.0,0.0
2013-10-16 01:00:00,0.25,0.0,0.0
2013-10-16 02:00:00,0.09,0.0,0.0
2013-10-16 03:00:00,0.09,0.0,0.0
2013-10-16 04:00:00,0.07,0.0,0.0
2013-10-16 05:00:00,0.08,0.0,0.0
2013-10-16 06:00:00,0.11,46.72004,0.7930555555555555
2013-10-16 07:00:00,0.16,240.88678,1.0
2013-10-16 08:00:00,0.07,461.37686,1.0
2013-10-16 09:00:00,0.04,652.0132,1.0
2013-10-16 10:00:00,0.15,751.2518,1.0
2013-10-16 11:00:00,0.18,802.3721,1.0
2013-10-16 12:00:00,0.48,680.8534,1.0
2013-10-16 13:00:00,0.65,657.3189,1.0
2013-10-16 14:00:00,0.87,522.37555,1.0
2013-10-16 15:00:00,0.33,334.6249,1.0
2013-10-16 16:00:00,0.0,121.15946,1.0
2013-10-16 17:00:00,0.0,2.9204948,0.32722222222222225
2013-10-16 18:00:00,0.0,0.0,0.0
2013-10-16 19:00:00,0.0,0.0,0.0
2013-10-16 20:00:00,0.0,0.0,0.0
2013-10-16 21:00:00,0.0,0.0,0.0
2013-10-16 22:00:00,0.09,0.0,0.0
2013-10-16 23:00:00,0.91,0.0,0.0
2013-10-17 00:00:00,0.99,0.0,0.0
2013-10-17 01:00:00,0.9,0.0,0.0
2013-10-17 02:00:00,0.94,0.0,0.0
2013-10-17 03:00:00,0.96,0.0,0.0
2013-10-17 04:00:00,0.99,0.0,0.0
2013-10-17 05:00:00,0.75,0.0,0.0
2013-10-17 06:00:00,0.26,32.10295,0.7755555555555556
2013-10-17 07:00:00,0.34,206.56752,1.0
2013-10-17 08:00:00,0.51,345.85675,1.0
2013-10-17 09:00:00,0.73,524.23413,1.0
2013-10-17 10:00:00,0.8,726.60504,1.0
2013-10-17 11:00:00,0.79,745.4656,1.0
2013-10-17 12:00:00,0.9,680.49475,1.0
2013-10-17 13:00:00,0.89,579.32294,1.0
2013-10-17 14:00:00,0.85,431.04153,1.0
2013-10-17 15:00:00,0.53,251.63925,1.0
2013-10-17 16:00:00,0.6,78.94963,1.0
2013-10-17 17:00:00,0.46,1.9878461,0.3038888888888889
2013-10-17 18:00:00,0.34,0.0,0.0
2013-10-17 19:00:00,0.3,0.0,0.0
2013-10-17 20:00:00,0.41,0.0,0.0
2013-10-17 21:00:00,0.36,0.0,0.0
2013-10-17 22:00:00,0.75,0.0,0.0
2013-10-17 23:00:00,0.85,0.0,0.0
2013-10-18 00:00:00,0.9,0.0,0.0
2013-10-18 01:00:00,0.92,0.0,0.0
2013-10-18 02:00:00,0.91,0.0,0.0
2013-10-18 03:00:00,0.99,0.0,0.0
2013-10-18 04:00:00,1.0,0.0,0.0
2013-10-18 05:00:00,0.99,0.0,0.0
2013-10-18 06:00:00,0.98,13.055441,0.7580555555555556
2013-10-18 07:00:00,0.93,110.78549,1.0
2013-10-18 08:00:00,0.67,384.20975,1.0
2013-10-18 09:00:00,0.34,606.816,1.0
2013-10-18 10:00:00,0.63,673.0841,1.0
2013-10-18 11:00:00,0.7,720.1866,1.0
2013-10-18 12:00:00,0.67,672.8052,1.0
2013-10-18 13:00:00,0.71,511.69202,1.0
2013-10-18 14:00:00,0.49,445.95422,1.0
2013-10-18 15:00:00,0.34,266.91766,1.0
2013-10-18 16:00:00,0.35,104.81714,1.0
2013-10-18 17:00:00,0.24,1.9878461,0.2802777777777778
2013-10-18 18:00:00,0.11,0.0,0.0
2013-10-18 19:00:00,0.01,0.0,0.0
2013-10-18 20:00:00,0.0,0.0,0.0
2013-10-18 21:00:00,0.0,0.0,0.0
2013-10-18 22:00:00,0.0,0.0,0.0
2013-10-18 23:00:00,0.0,0.0,0.0
2013-10-19 00:00:00,0.0,0.0,0.0
2013-10-19 01:00:00,0.0,0.0,0.0
2013-10-19 02:00:00,0.0,0.0,0.0
2013-10-19 03:00:00,0.0,0.0,0.0
2013-10-19 04:00:00,0.03,0.0,0.0
2013-10-19 05:00:00,0.15,0.0,0.0
2013-10-19 06:00:00,0.28,40.10172,0.7402777777777778
2013-10-19 07:00:00,0.27,252.00647,1.0
2013-10-19 08:00:00,0.04,459.29468,1.0
2013-10-19 09:00:00,0.0,664.53455,1.0
2013-10-19 10:00:00,0.0,779.04224,1.0
2013-10-19 11:00:00,0.0,823.98444,1.0
2013-10-19 12:00:00,0.0,794.8521,1.0
2013-10-19 13:00:00,0.0,694.5411,1.0
2013-10-19 14:00:00,0.0,532.9977,1.0
2013-10-19 15:00:00,0.0,327.25916,1.0
2013-10-19 16:00:00,0.0,110.21565,1.0
2013-10-19 17:00:00,0.0,0.0,0.2569444444444444
2013-10-19 18:00:00,0.0,0.0,0.0
2013-10-19 19:00:00,0.48,0.0,0.0
2013-10-19 20:00:00,0.59,0.0,0.0
2013-10-19 21:00:00,0.47,0.0,0.0
2013-10-19 22:00:00,0.89,0.0,0.0
2013-10-19 23:00:00,0.62,0.0,0.0
2013-10-20 00:00:00,0.52,0.0,0.0
2013-10-20 01:00:00,0.5,0.0,0.0
2013-10-20 02:00:00,0.43,0.0,0.0
2013-10-20 03:00:00,0.44,0.0,0.0
2013-10-20 04:00:00,0.3,0.0,0.0
2013-10-20 05:00:00,0.22,0.0,0.0
2013-10-20 06:00:00,0.35,39.594833,0.7225
2013-10-20 07:00:00,0.87,206.27599,1.0
2013-10-20 08:00:00,0.97,320.75085,1.0
2013-10-20 09:00:00,0.75,431.0983,1.0
2013-10-20 10:00:00,0.91,514.13184,1.0
2013-10-20 11:00:00,0.83,533.41656,1.0
2013-10-20 12:00:00,0.94,355.53955,1.0
2013-10-20 13:00:00,0.87,419.50723,1.0
2013-10-20 14:00:00,0.85,236.69768,1.0
2013-10-20 15:00:00,0.91,120.071014,1.0
2013-10-20 16:00:00,0.97,47.313972,1.0
2013-10-20 17:00:00,0.87,0.0,0.2336111111111111
2013-10-20 18:00:00,0.73,0.0,0.0
2013-10-20 19:00:00,0.32,0.0,0.0
2013-10-20 20:00:00,0.19,0.0,0.0
2013-10-20 21:00:00,0.22,0.0,0.0
2013-10-20 22:00:00,0.17,0.0,0.0
2013-10-20 23:00:00,0.04,0.0,0.0
2013-10-21 00:00:00,0.02,0.0,0.0
2013-10-21 01:00:00,0.0,0.0,0.0
2013-10-21 02:00:00,0.0,0.0,0.0
2013-10-21 03:00:00,0.02,0.0,0.0
2013-10-21 04:00:00,0.02,0.0,0.0
2013-10-21 05:00:00,0.02,0.0,0.0
2013-10-21 06:00:00,0.01,39.111176,0.7044444444444444
2013-10-21 07:00:00,0.0,242.7651,1.0
2013-10-21 08:00:00,0.02,447.93497,1.0
2013-10-21 09:00:00,0.03,649.5738,1.0
2013-10-21 10:00:00,0.0,763.22455,1.0
2013-10-21 11:00:00,0.02,796.5749,1.0
2013-10-21 12:00:00,0.0,769.6165,1.0
2013-10-21 13:00:00,0.01,673.7276,1.0
2013-10-21 14:00:00,0.0,515.99,1.0
2013-10-21 15:00:00,0.01,310.49582,1.0
2013-10-21 16:00:00,0.11,99.71845,1.0
2013-10-21 17:00:00,0.0,0.0,0.21055555555555555
2013-10-21 18:00:00,0.07,0.0,0.0
2013-10-21 19:00:00,0.41,0.0,0.0
2013-10-21 20:00:00,0.39,0.0,0.0
2013-10-21 21:00:00,0.36,0.0,0.0
2013-10-21 22:00:00,0.34,0.0,0.0
2013-10-21 23:00:00,0.07,0.0,0.0
2013-10-22 00:00:00,0.18,0.0,0.0
2013-10-22 01:00:00,0.41,0.0,0.0
2013-10-22 02:00:00,0.37,0.0,0.0
2013-10-22 03:00:00,0.29,0.0,0.0
2013-10-22 04:00:00,0.32,0.0,0.0
2013-10-22 05:00:00,0.36,0.0,0.0
2013-10-22 06:00:00,0.5,36.44367,0.6863888888888889
2013-10-22 07:00:00,0.45,244.01988,1.0
2013-10-22 08:00:00,0.09,462.20038,1.0
2013-10-22 09:00:00,0.02,636.3853,1.0
2013-10-22 10:00:00,0.01,749.1675,1.0
2013-10-22 11:00:00,0.1,795.1833,1.0
2013-10-22 12:00:00,0.34,764.69086,1.0
2013-10-22 13:00:00,0.43,665.6564,1.0
2013-10-22 14:00:00,0.39,506.35608,1.0
2013-10-22 15:00:00,0.3,304.85266,1.0
2013-10-22 16:00:00,0.18,95.01587,1.0
2013-10-22 17:00:00,0.0,0.0,0.1875
2013-10-22 18:00:00,0.0,0.0,0.0
2013-10-22 19:00:00,0.0,0.0,0.0
2013-10-22 20:00:00,0.0,0.0,0.0
2013-10-22 21:00:00,0.0,0.0,0.0
2013-10-22 22:00:00,0.0,0.0,0.0
2013-10-22 23:00:00,0.0,0.0,0.0
2013-10-23 00:00:00,0.0,0.0,0.0
2013-10-23 01:00:00,0.0,0.0,0.0
2013-10-23 02:00:00,0.0,0.0,0.0
2013-10-23 03:00:00,0.0,0.0,0.0
2013-10-23 04:00:00,0.0,0.0,0.0
2013-10-23 05:00:00,0.0,0.0,0.0
2013-10-23 06:00:00,0.0,34.70996,0.6683333333333333
2013-10-23 07:00:00,0.0,244.33372,1.0
2013-10-23 08:00:00,0.0,464.93637,1.0
2013-10-23 09:00:00,0.0,640.3911,1.0
2013-10-23 10:00:00,0.0,753.3944,1.0
2013-10-23 11:00:00,0.0,794.9661,1.0
2013-10-23 12:00:00,0.0,764.7669,1.0
2013-10-23 13:00:00,0.0,664.2627,1.0
2013-10-23 14:00:00,0.0,503.505,1.0
2013-10-23 15:00:00,0.0,299.50797,1.0
2013-10-23 16:00:00,0.0,91.261116,1.0
2013-10-23 17:00:00,0.0,0.0,0.16472222222222221
2013-10-23 18:00:00,0.0,0.0,0.0
2013-10-23 19:00:00,0.0,0.0,0.0
2013-10-23 20:00:00,0.0,0.0,0.0
2013-10-23 21:00:00,0.0,0.0,0.0
2013-10-23 22:00:00,0.0,0.0,0.0
2013-10-23 23:00:00,0.0,0.0,0.0
2013-10-24 00:00:00,0.0,0.0,0.0
2013-10-24 01:00:00,0.0,0.0,0.0
2013-10-24 02:00:00,0.0,0.0,0.0
2013-10-24 03:00:00,0.0,0.0,0.0
2013-10-24 04:00:00,0.0,0.0,0.0
2013-10-24 05:00:00,0.03,0.0,0.0
2013-10-24 06:00:00,0.04,34.21483,0.65
2013-10-24 07:00:00,0.03,241.08495,1.0
2013-10-24 08:00:00,0.02,439.74234,1.0
2013-10-24 09:00:00,0.07,608.0788,1.0
2013-10-24 10:00:00,0.24,721.52014,1.0
2013-10-24 11:00:00,0.44,768.28326,1.0
2013-10-24 12:00:00,0.67,750.28107,1.0
2013-10-24 13:00:00,0.84,628.99274,1.0
2013-10-24 14:00:00,0.88,439.82498,1.0
2013-10-24 15:00:00,0.93,261.41458,1.0
2013-10-24 16:00:00,0.69,78.30751,1.0
2013-10-24 17:00:00,0.35,0.0,0.14222222222222222
2013-10-24 18:00:00,0.26,0.0,0.0
2013-10-24 19:00:00,0.31,0.0,0.0
2013-10-24 20:00:00,0.49,0.0,0.0
2013-10-24 21:00:00,0.34,0.0,0.0
2013-10-24 22:00:00,0.14,0.0,0.0
2013-10-24 23:00:00,0.06,0.0,0.0
2013-10-25 00:00:00,0.01,0.0,0.0
2013-10-25 01:00:00,0.0,0.0,0.0
2013-10-25 02:00:00,0.01,0.0,0.0
2013-10-25 03:00:00,0.03,0.0,0.0
2013-10-25 04:00:00,0.05,0.0,0.0
2013-10-25 05:00:00,0.22,0.0,0.0
2013-10-25 06:00:00,0.15,29.055239,0.6316666666666667
2013-10-25 07:00:00,0.23,216.64584,1.0
2013-10-25 08:00:00,0.08,441.16327,1.0
2013-10-25 09:00:00,0.01,626.1189,1.0
2013-10-25 10:00:00,0.04,738.16833,1.0
2013-10-25 11:00:00,0.42,757.8453,1.0
2013-10-25 12:00:00,0.95,688.9547,1.0
2013-10-25 13:00:00,1.0,544.6705,1.0
2013-10-25 14:00:00,1.0,371.2888,1.0
2013-10-25 15:00:00,0.97,151.9392,1.0
2013-10-25 16:00:00,1.0,41.930397,1.0
2013-10-25 17:00:00,1.0,0.0,0.12
2013-10-25 18:00:00,0.96,0.0,0.0
2013-10-25 19:00:00,0.87,0.0,0.0
2013-10-25 20:00:00,0.93,0.0,0.0
2013-10-25 21:00:00,1.0,0.0,0.0
2013-10-25 22:00:00,0.97,0.0,0.0
2013-10-25 23:00:00,0.99,0.0,0.0
2013-10-26 00:00:00,0.96,0.0,0.0
2013-10-26 01:00:00,0.52,0.0,0.0
2013-10-26 02:00:00,0.23,0.0,0.0
2013-10-26 03:00:00,0.16,0.0,0.0
2013-10-26 04:00:00,0.1,0.0,0.0
2013-10-26 05:00:00,0.06,0.0,0.0
2013-10-26 06:00:00,0.05,27.111248,0.6133333333333333
2013-10-26 07:00:00,0.01,226.53813,1.0
2013-10-26 08:00:00,0.06,440.23825,1.0
2013-10-26 09:00:00,0.0,613.2194,1.0
2013-10-26 10:00:00,0.0,726.7282,1.0
2013-10-26 11:00:00,0.01,771.34863,1.0
2013-10-26 12:00:00,0.09,743.4987,1.0
2013-10-26 13:00:00,0.32,614.60223,1.0
2013-10-26 14:00:00,0.26,474.13892,1.0
2013-10-26 15:00:00,0.04,279.71515,1.0
2013-10-26 16:00:00,0.0,78.69359,1.0
2013-10-26 17:00:00,0.0,0.0,0.09777777777777778
2013-10-26 18:00:00,0.0,0.0,0.0
2013-10-26 19:00:00,0.0,0.0,0.0
2013-10-26 20:00:00,0.0,0.0,0.0
2013-10-26 21:00:00,0.0,0.0,0.0
2013-10-26 22:00:00,0.0,0.0,0.0
2013-10-26 23:00:00,0.0,0.0,0.0
2013-10-27 00:00:00,0.0,0.0,0.0
2013-10-27 01:00:00,0.0,0.0,0.0
2013-10-27 02:00:00,0.0,0.0,0.0
2013-10-27 03:00:00,0.0,0.0,0.0
2013-10-27 04:00:00,0.0,0.0,0.0
2013-10-27 05:00:00,0.0,0.0,0.0
2013-10-27 06:00:00,0.0,27.533382,0.5947222222222223
2013-10-27 07:00:00,0.0,230.57753,1.0
2013-10-27 08:00:00,0.0,449.14035,1.0
2013-10-27 09:00:00,0.0,622.8571,1.0
2013-10-27 10:00:00,0.0,735.0273,1.0
2013-10-27 11:00:00,0.0,775.33856,1.0
2013-10-27 12:00:00,0.0,742.8081,1.0
2013-10-27 13:00:00,0.03,622.44196,1.0
2013-10-27 14:00:00,0.07,453.85318,1.0
2013-10-27 15:00:00,0.14,271.6751,1.0
2013-10-27 16:00:00,0.34,71.489235,1.0
2013-10-27 17:00:00,0.87,0.0,0.07611111111111112
2013-10-27 18:00:00,0.97,0.0,0.0
2013-10-27 19:00:00,0.94,0.0,0.0
2013-10-27 20:00:00,0.9,0.0,0.0
2013-10-27 21:00:00,0.81,0.0,0.0
2013-10-27 22:00:00,0.61,0.0,0.0
2013-10-27 23:00:00,0.25,0.0,0.0
2013-10-28 00:00:00,0.01,0.0,0.0
2013-10-28 01:00:00,0.1,0.0,0.0
2013-10-28 02:00:00,0.56,0.0,0.0
2013-10-28 03:00:00,0.82,0.0,0.0
2013-10-28 04:00:00,0.88,0.0,0.0
2013-10-28 05:00:00,0.92,0.0,0.0
2013-10-28 06:00:00,0.88,11.964021,0.5763888888888888
2013-10-28 07:00:00,0.74,136.34164,1.0
2013-10-28 08:00:00,0.66,191.972,1.0
2013-10-28 09:00:00,0.65,269.96112,1.0
2013-10-28 10:00:00,0.71,340.82303,1.0
2013-10-28 11:00:00,0.96,315.87454,1.0
2013-10-28 12:00:00,0.97,336.23477,1.0
2013-10-28 13:00:00,0.98,276.05377,1.0
2013-10-28 14:00:00,0.99,141.57228,1.0
2013-10-28 15:00:00,0.93,92.88835,1.0
2013-10-28 16:00:00,0.94,42.74134,1.0
2013-10-28 17:00:00,0.88,0.0,0.05472222222222222
2013-10-28 18:00:00,0.93,0.0,0.0
2013-10-28 19:00:00,0.94,0.0,0.0
2013-10-28 20:00:00,0.93,0.0,0.0
2013-10-28 21:00:00,0.76,0.0,0.0
2013-10-28 22:00:00,0.69,0.0,0.0
2013-10-28 23:00:00,0.6,0.0,0.0
2013-10-29 00:00:00,0.52,0.0,0.0
2013-10-29 01:00:00,0.58,0.0,0.0
2013-10-29 02:00:00,0.66,0.0,0.0
2013-10-29 03:00:00,0.74,0.0,0.0
2013-10-29 04:00:00,0.8,0.0,0.0
2013-10-29 05:00:00,0.85,0.0,0.0
2013-10-29 06:00:00,0.62,12.655151,0.5577777777777778
2013-10-29 07:00:00,0.63,112.04335,1.0
2013-10-29 08:00:00,0.59,253.91843,1.0
2013-10-29 09:00:00,0.58,483.74844,1.0
2013-10-29 10:00:00,0.51,704.20294,1.0
2013-10-29 11:00:00,0.53,711.24133,1.0
2013-10-29 12:00:00,0.41,705.27386,1.0
2013-10-29 13:00:00,0.58,551.28467,1.0
2013-10-29 14:00:00,0.9,369.33817,1.0
2013-10-29 15:00:00,1.0,148.8417,1.0
2013-10-29 16:00:00,1.0,22.860231,1.0
2013-10-29 17:00:00,0.98,0.0,0.03388888888888889
2013-10-29 18:00:00,0.56,0.0,0.0
2013-10-29 19:00:00,0.92,0.0,0.0
2013-10-29 20:00:00,0.98,0.0,0.0
2013-10-29 21:00:00,1.0,0.0,0.0
2013-10-29 22:00:00,1.0,0.0,0.0
2013-10-29 23:00:00,0.98,0.0,0.0
2013-10-30 00:00:00,0.89,0.0,0.0
2013-10-30 01:00:00,0.76,0.0,0.0
2013-10-30 02:00:00,0.66,0.0,0.0
2013-10-30 03:00:00,0.8,0.0,0.0
2013-10-30 04:00:00,0.59,0.0,0.0
2013-10-30 05:00:00,0.52,0.0,0.0
2013-10-30 06:00:00,0.46,13.834568,0.5391666666666667
2013-10-30 07:00:00,0.14,150.03998,1.0
2013-10-30 08:00:00,0.17,335.31448,1.0
2013-10-30 09:00:00,0.0,556.195,1.0
2013-10-30 10:00:00,0.25,629.46857,1.0
2013-10-30 11:00:00,0.3,616.94916,1.0
2013-10-30 12:00:00,0.6,514.00256,1.0
2013-10-30 13:00:00,0.65,468.66843,1.0
2013-10-30 14:00:00,0.95,263.07565,1.0
2013-10-30 15:00:00,0.95,92.43168,1.0
2013-10-30 16:00:00,0.96,46.237415,1.0
2013-10-30 17:00:00,0.85,0.0,0.013333333333333334
2013-10-30 18:00:00,0.72,0.0,0.0
2013-10-30 19:00:00,0.62,0.0,0.0
2013-10-30 20:00:00,0.33,0.0,0.0
2013-10-30 21:00:00,0.42,0.0,0.0
2013-10-30 22:00:00,0.35,0.0,0.0
2013-10-30 23:00:00,0.32,0.0,0.0
2013-10-31 00:00:00,0.32,0.0,0.0
2013-10-31 01:00:00,0.41,0.0,0.0
2013-10-31 02:00:00,0.36,0.0,0.0
2013-10-31 03:00:00,0.26,0.0,0.0
2013-10-31 04:00:00,0.08,0.0,0.0
2013-10-31 05:00:00,0.12,0.0,0.0
2013-10-31 06:00:00,0.23,16.719723,0.5202777777777777
2013-10-31 07:00:00,0.31,198.50647,1.0
2013-10-31 08:00:00,0.19,407.2579,1.0
2013-10-31 09:00:00,0.15,583.89355,1.0
2013-10-31 10:00:00,0.16,713.83295,1.0
2013-10-31 11:00:00,0.08,753.6034,1.0
2013-10-31 12:00:00,0.03,727.6551,1.0
2013-10-31 13:00:00,0.41,588.32935,1.0
2013-10-31 14:00:00,0.82,288.78778,1.0
2013-10-31 15:00:00,0.28,158.0638,1.0
2013-10-31 16:00:00,0.23,55.842373,0.9930555555555556
2013-10-31 17:00:00,0.12,0.0,0.0
2013-10-31 18:00:00,0.18,0.0,0.0
2013-10-31 19:00:00,0.16,0.0,0.0
2013-10-31 20:00:00,0.2,0.0,0.0
2013-10-31 21:00:00,0.25,0.0,0.0
2013-10-31 22:00:00,0.24,0.0,0.0
2013-10-31 23:00:00,0.33,0.0,0.0
2013-11-01 00:00:00,0.36,0.0,0.0
2013-11-01 01:00:00,0.27,0.0,0.0
2013-11-01 02:00:00,0.27,0.0,0.0
2013-11-01 03:00:00,0.44,0.0,0.0
2013-11-01 04:00:00,0.4,0.0,0.0
2013-11-01 05:00:00,0.45,0.0,0.0
2013-11-01 06:00:00,0.46,12.250016,0.5016666666666667
2013-11-01 07:00:00,0.43,131.33517,1.0
2013-11-01 08:00:00,0.44,288.27106,1.0
2013-11-01 09:00:00,0.45,509.89178,1.0
2013-11-01 10:00:00,0.61,573.00977,1.0
2013-11-01 11:00:00,0.78,508.3898,1.0
2013-11-01 12:00:00,0.73,338.4916,1.0
2013-11-01 13:00:00,0.59,323.54288,1.0
2013-11-01 14:00:00,0.66,259.80563,1.0
2013-11-01 15:00:00,0.22,178.30232,1.0
2013-11-01 16:00:00,0.23,48.177105,0.9733333333333334
2013-11-01 17:00:00,0.17,0.0,0.0
2013-11-01 18:00:00,0.01,0.0,0.0
2013-11-01 19:00:00,0.0,0.0,0.0
2013-11-01 20:00:00,0.01,0.0,0.0
2013-11-01 21:00:00,0.07,0.0,0.0
2013-11-01 22:00:00,0.19,0.0,0.0
2013-11-01 23:00:00,0.16,0.0,0.0
2013-11-02 00:00:00,0.03,0.0,0.0
2013-11-02 01:00:00,0.02,0.0,0.0
2013-11-02 02:00:00,0.0,0.0,0.0
2013-11-02 03:00:00,0.0,0.0,0.0
2013-11-02 04:00:00,0.0,0.0,0.0
2013-11-02 05:00:00,0.0,0.0,0.0
2013-11-02 06:00:00,0.0,16.294792,0.48305555555555557
2013-11-02 07:00:00,0.0,204.63683,1.0
2013-11-02 08:00:00,0.0,421.98193,1.0
2013-11-02 09:00:00,0.0,598.4686,1.0
2013-11-02 10:00:00,0.0,714.87994,1.0
2013-11-02 11:00:00,0.0,761.77966,1.0
2013-11-02 12:00:00,0.0,731.5482,1.0
2013-11-02 13:00:00,0.0,629.26624,1.0
2013-11-02 14:00:00,0.0,466.4316,1.0
2013-11-02 15:00:00,0.0,263.05,1.0
2013-11-02 16:00:00,0.0,61.721867,0.9541666666666667
2013-11-02 17:00:00,0.0,0.0,0.0
2013-11-02 18:00:00,0.0,0.0,0.0
2013-11-02 19:00:00,0.0,0.0,0.0
2013-11-02 20:00:00,0.0,0.0,0.0
2013-11-02 21:00:00,0.15,0.0,0.0
2013-11-02 22:00:00,0.69,0.0,0.0
2013-11-02 23:00:00,0.75,0.0,0.0
2013-11-03 00:00:00,0.76,0.0,0.0
2013-11-03 01:00:00,0.62,0.0,0.0
2013-11-03 02:00:00,0.79,0.0,0.0
2013-11-03 03:00:00,0.88,0.0,0.0
2013-11-03 04:00:00,0.92,0.0,0.0
2013-11-03 05:00:00,0.94,0.0,0.0
2013-11-03 06:00:00,0.88,6.8845034,0.46444444444444444
2013-11-03 07:00:00,0.76,106.757,1.0
2013-11-03 08:00:00,0.52,248.65701,1.0
2013-11-03 09:00:00,0.4,469.52585,1.0
2013-11-03 10:00:00,0.49,564.845,1.0
2013-11-03 11:00:00,0.16,745.1232,1.0
2013-11-03 12:00:00,0.21,716.2456,1.0
2013-11-03 13:00:00,0.41,536.3022,1.0
2013-11-03 14:00:00,0.39,424.76935,1.0
2013-11-03 15:00:00,0.68,206.0646,1.0
2013-11-03 16:00:00,0.61,50.456005,0.9355555555555556
2013-11-03 17:00:00,0.36,0.0,0.0
2013-11-03 18:00:00,0.33,0.0,0.0
2013-11-03 19:00:00,0.63,0.0,0.0
2013-11-03 20:00:00,0.56,0.0,0.0
2013-11-03 21:00:00,0.65,0.0,0.0
2013-11-03 22:00:00,0.9,0.0,0.0
2013-11-03 23:00:00,0.77,0.0,0.0
2013-11-04 00:00:00,0.76,0.0,0.0
2013-11-04 01:00:00,0.7,0.0,0.0
2013-11-04 02:00:00,0.73,0.0,0.0
2013-11-04 03:00:00,0.64,0.0,0.0
2013-11-04 04:00:00,0.63,0.0,0.0
2013-11-04 05:00:00,0.58,0.0,0.0
2013-11-04 06:00:00,0.6,4.978904,0.44583333333333336
2013-11-04 07:00:00,0.84,100.82183,1.0
2013-11-04 08:00:00,0.86,255.62556,1.0
2013-11-04 09:00:00,0.77,404.75998,1.0
2013-11-04 10:00:00,0.99,450.03223,1.0
2013-11-04 11:00:00,0.97,409.4134,1.0
2013-11-04 12:00:00,0.76,554.51746,1.0
2013-11-04 13:00:00,1.0,441.44,1.0
2013-11-04 14:00:00,0.99,298.42276,1.0
2013-11-04 15:00:00,0.7,139.4726,1.0
2013-11-04 16:00:00,1.0,22.520885,0.9175
2013-11-04 17:00:00,1.0,0.0,0.0
2013-11-04 18:00:00,0.46,0.0,0.0
2013-11-04 19:00:00,0.87,0.0,0.0
2013-11-04 20:00:00,1.0,0.0,0.0
2013-11-04 21:00:00,1.0,0.0,0.0
2013-11-04 22:00:00,0.93,0.0,0.0
2013-11-04 23:00:00,0.99,0.0,0.0
2013-11-05 00:00:00,0.97,0.0,0.0
2013-11-05 01:00:00,0.95,0.0,0.0
2013-11-05 02:00:00,0.95,0.0,0.0
2013-11-05 03:00:00,0.98,0.0,0.0
2013-11-05 04:00:00,0.89,0.0,0.0
2013-11-05 05:00:00,0.71,0.0,0.0
2013-11-05 06:00:00,0.93,3.9756923,0.4272222222222222
2013-11-05 07:00:00,0.96,115.81207,1.0
2013-11-05 08:00:00,0.95,214.60089,1.0
2013-11-05 09:00:00,0.9,358.58954,1.0
2013-11-05 10:00:00,0.86,504.49515,1.0
2013-11-05 11:00:00,0.74,468.31772,1.0
2013-11-05 12:00:00,0.64,532.08765,1.0
2013-11-05 13:00:00,0.59,504.30615,1.0
2013-11-05 14:00:00,0.46,441.44836,1.0
2013-11-05 15:00:00,0.04,247.05878,1.0
2013-11-05 16:00:00,0.0,57.02608,0.9
2013-11-05 17:00:00,0.0,0.0,0.0
2013-11-05 18:00:00,0.0,0.0,0.0
2013-11-05 19:00:00,0.0,0.0,0.0
2013-11-05 20:00:00,0.0,0.0,0.0
2013-11-05 21:00:00,0.0,0.0,0.0
2013-11-05 22:00:00,0.0,0.0,0.0
2013-11-05 23:00:00,0.0,0.0,0.0
2013-11-06 00:00:00,0.0,0.0,0.0
2013-11-06 01:00:00,0.0,0.0,0.0
2013-11-06 02:00:00,0.0,0.0,0.0
2013-11-06 03:00:00,0.0,0.0,0.0
2013-11-06 04:00:00,0.09,0.0,0.0
2013-11-06 05:00:00,0.11,0.0,0.0
2013-11-06 06:00:00,0.16,9.325258,0.4083333333333333
2013-11-06 07:00:00,0.23,171.92987,1.0
2013-11-06 08:00:00,0.12,407.83734,1.0
2013-11-06 09:00:00,0.0,581.48444,1.0
2013-11-06 10:00:00,0.0,691.1858,1.0
2013-11-06 11:00:00,0.0,738.4571,1.0
2013-11-06 12:00:00,0.08,681.20935,1.0
2013-11-06 13:00:00,0.29,548.0839,1.0
2013-11-06 14:00:00,0.25,392.41632,1.0
2013-11-06 15:00:00,0.13,232.0402,1.0
2013-11-06 16:00:00,0.15,47.054775,0.8827777777777778
2013-11-06 17:00:00,0.11,0.0,0.0
2013-11-06 18:00:00,0.03,0.0,0.0
2013-11-06 19:00:00,0.0,0.0,0.0
2013-11-06 20:00:00,0.01,0.0,0.0
2013-11-06 21:00:00,0.02,0.0,0.0
2013-11-06 22:00:00,0.0,0.0,0.0
2013-11-06 23:00:00,0.0,0.0,0.0
2013-11-07 00:00:00,0.01,0.0,0.0
2013-11-07 01:00:00,0.0,0.0,0.0
2013-11-07 02:00:00,0.0,0.0,0.0
2013-11-07 03:00:00,0.01,0.0,0.0
2013-11-07 04:00:00,0.0,0.0,0.0
2013-11-07 05:00:00,0.16,0.0,0.0
2013-11-07 06:00:00,0.2,9.526391,0.38972222222222225
2013-11-07 07:00:00,0.27,172.08498,1.0
2013-11-07 08:00:00,0.16,386.88684,1.0
2013-11-07 09:00:00,0.02,567.552,1.0
2013-11-07 10:00:00,0.1,645.2346,1.0
2013-11-07 11:00:00,0.1,722.02814,1.0
2013-11-07 12:00:00,0.15,690.9136,1.0
2013-11-07 13:00:00,0.16,591.57745,1.0
2013-11-07 14:00:00,0.28,424.63748,1.0
2013-11-07 15:00:00,0.2,219.55595,1.0
2013-11-07 16:00:00,0.09,46.457443,0.8661111111111112
2013-11-07 17:00:00,0.01,0.0,0.0
2013-11-07 18:00:00,0.01,0.0,0.0
2013-11-07 19:00:00,0.11,0.0,0.0
2013-11-07 20:00:00,0.15,0.0,0.0
2013-11-07 21:00:00,0.0,0.0,0.0
2013-11-07 22:00:00,0.0,0.0,0.0
2013-11-07 23:00:00,0.0,0.0,0.0
2013-11-08 00:00:00,0.0,0.0,0.0
2013-11-08 01:00:00,0.0,0.0,0.0
2013-11-08 02:00:00,0.0,0.0,0.0
2013-11-08 03:00:00,0.0,0.0,0.0
2013-11-08 04:00:00,0.0,0.0,0.0
2013-11-08 05:00:00,0.0,0.0,0.0
2013-11-08 06:00:00,0.0,8.749941,0.37083333333333335
2013-11-08 07:00:00,0.0,182.65857,1.0
2013-11-08 08:00:00,0.0,397.91565,1.0
2013-11-08 09:00:00,0.03,565.5129,1.0
2013-11-08 10:00:00,0.45,629.03613,1.0
2013-11-08 11:00:00,0.21,695.49304,1.0
2013-11-08 12:00:00,0.33,668.3616,1.0
2013-11-08 13:00:00,0.22,556.9176,1.0
2013-11-08 14:00:00,0.03,430.94904,1.0
2013-11-08 15:00:00,0.67,233.0176,1.0
2013-11-08 16:00:00,0.91,44.085625,0.8497222222222223
2013-11-08 17:00:00,0.85,0.0,0.0
2013-11-08 18:00:00,0.63,0.0,0.0
2013-11-08 19:00:00,0.54,0.0,0.0
2013-11-08 20:00:00,0.75,0.0,0.0
2013-11-08 21:00:00,0.79,0.0,0.0
2013-11-08 22:00:00,0.8,0.0,0.0
2013-11-08 23:00:00,0.78,0.0,0.0
2013-11-09 00:00:00,0.78,0.0,0.0
2013-11-09 01:00:00,0.84,0.0,0.0
2013-11-09 02:00:00,0.78,0.0,0.0
2013-11-09 03:00:00,0.97,0.0,0.0
2013-11-09 04:00:00,0.94,0.0,0.0
2013-11-09 05:00:00,0.88,0.0,0.0
2013-11-09 06:00:00,0.77,5.48668,0.3516666666666667
2013-11-09 07:00:00,0.83,158.69968,1.0
2013-11-09 08:00:00,0.82,373.24573,1.0
2013-11-09 09:00:00,0.66,533.7107,1.0
2013-11-09 10:00:00,0.4,642.35065,1.0
2013-11-09 11:00:00,0.48,691.39606,1.0
2013-11-09 12:00:00,0.48,651.4812,1.0
2013-11-09 13:00:00,0.44,561.77655,1.0
2013-11-09 14:00:00,0.35,411.4568,1.0
2013-11-09 15:00:00,0.4,220.42581,1.0
2013-11-09 16:00:00,0.41,42.06471,0.8338888888888889
2013-11-09 17:00:00,0.6,0.0,0.0
2013-11-09 18:00:00,0.65,0.0,0.0
2013-11-09 19:00:00,0.6,0.0,0.0
2013-11-09 20:00:00,0.6,0.0,0.0
2013-11-09 21:00:00,0.72,0.0,0.0
2013-11-09 22:00:00,0.79,0.0,0.0
2013-11-09 23:00:00,0.87,0.0,0.0
2013-11-10 00:00:00,0.9,0.0,0.0
2013-11-10 01:00:00,0.97,0.0,0.0
2013-11-10 02:00:00,0.87,0.0,0.0
2013-11-10 03:00:00,0.94,0.0,0.0
2013-11-10 04:00:00,0.87,0.0,0.0
2013-11-10 05:00:00,0.81,0.0,0.0
2013-11-10 06:00:00,0.43,5.6148367,0.3325
2013-11-10 07:00:00,0.06,166.239,1.0
2013-11-10 08:00:00,0.0,382.07425,1.0
2013-11-10 09:00:00,0.0,555.7812,1.0
2013-11-10 10:00:00,0.0,667.2249,1.0
2013-11-10 11:00:00,0.0,711.1875,1.0
2013-11-10 12:00:00,0.0,681.23895,1.0
2013-11-10 13:00:00,0.0,581.1673,1.0
2013-11-10 14:00:00,0.0,423.52826,1.0
2013-11-10 15:00:00,0.0,225.79947,1.0
2013-11-10 16:00:00,0.0,41.44132,0.8183333333333334
2013-11-10 17:00:00,0.0,0.0,0.0
2013-11-10 18:00:00,0.0,0.0,0.0
2013-11-10 19:00:00,0.0,0.0,0.0
2013-11-10 20:00:00,0.0,0.0,0.0
2013-11-10 21:00:00,0.0,0.0,0.0
2013-11-10 22:00:00,0.0,0.0,0.0
2013-11-10 23:00:00,0.0,0.0,0.0
2013-11-11 00:00:00,0.0,0.0,0.0
2013-11-11 01:00:00,0.0,0.0,0.0
2013-11-11 02:00:00,0.0,0.0,0.0
2013-11-11 03:00:00,0.0,0.0,0.0
2013-11-11 04:00:00,0.0,0.0,0.0
2013-11-11 05:00:00,0.0,0.0,0.0
2013-11-11 06:00:00,0.0,5.7546196,0.31333333333333335
2013-11-11 07:00:00,0.0,168.22113,1.0
2013-11-11 08:00:00,0.0,380.4501,1.0
2013-11-11 09:00:00,0.0,553.3857,1.0
2013-11-11 10:00:00,0.0,665.19025,1.0
2013-11-11 11:00:00,0.0,704.11804,1.0
2013-11-11 12:00:00,0.0,672.72156,1.0
2013-11-11 13:00:00,0.0,573.85693,1.0
2013-11-11 14:00:00,0.0,416.31885,1.0
2013-11-11 15:00:00,0.0,220.47145,1.0
2013-11-11 16:00:00,0.05,39.380768,0.8030555555555555
2013-11-11 17:00:00,0.32,0.0,0.0
2013-11-11 18:00:00,0.55,0.0,0.0
2013-11-11 19:00:00,0.62,0.0,0.0
2013-11-11 20:00:00,0.68,0.0,0.0
2013-11-11 21:00:00,0.86,0.0,0.0
2013-11-11 22:00:00,0.63,0.0,0.0
2013-11-11 23:00:00,0.48,0.0,0.0
2013-11-12 00:00:00,0.39,0.0,0.0
2013-11-12 01:00:00,0.3,0.0,0.0
2013-11-12 02:00:00,0.35,0.0,0.0
2013-11-12 03:00:00,0.31,0.0,0.0
2013-11-12 04:00:00,0.25,0.0,0.0
2013-11-12 05:00:00,0.15,0.0,0.0
2013-11-12 06:00:00,0.04,4.91292,0.2941666666666667
2013-11-12 07:00:00,0.0,161.60612,1.0
2013-11-12 08:00:00,0.0,373.87616,1.0
2013-11-12 09:00:00,0.0,548.6369,1.0
2013-11-12 10:00:00,0.0,663.8472,1.0
2013-11-12 11:00:00,0.0,707.8108,1.0
2013-11-12 12:00:00,0.0,680.27734,1.0
2013-11-12 13:00:00,0.0,582.5193,1.0
2013-11-12 14:00:00,0.0,424.90802,1.0
2013-11-12 15:00:00,0.0,225.31314,1.0
2013-11-12 16:00:00,0.0,39.74698,0.7883333333333333
2013-11-12 17:00:00,0.0,0.0,0.0
2013-11-12 18:00:00,0.0,0.0,0.0
2013-11-12 19:00:00,0.0,0.0,0.0
2013-11-12 20:00:00,0.0,0.0,0.0
2013-11-12 21:00:00,0.0,0.0,0.0
2013-11-12 22:00:00,0.0,0.0,0.0
2013-11-12 23:00:00,0.0,0.0,0.0
2013-11-13 00:00:00,0.0,0.0,0.0
2013-11-13 01:00:00,0.0,0.0,0.0
2013-11-13 02:00:00,0.0,0.0,0.0
2013-11-13 03:00:00,0.0,0.0,0.0
2013-11-13 04:00:00,0.0,0.0,0.0
2013-11-13 05:00:00,0.0,0.0,0.0
2013-11-13 06:00:00,0.0,1.9878461,0.275
2013-11-13 07:00:00,0.1,166.72191,1.0
2013-11-13 08:00:00,0.0,382.0677,1.0
2013-11-13 09:00:00,0.03,558.09827,1.0
2013-11-13 10:00:00,0.54,661.5915,1.0
2013-11-13 11:00:00,0.88,682.6045,1.0
2013-11-13 12:00:00,0.96,652.81757,1.0
2013-11-13 13:00:00,0.99,512.3244,1.0
2013-11-13 14:00:00,0.99,304.50812,1.0
2013-11-13 15:00:00,0.97,131.0161,1.0
2013-11-13 16:00:00,0.95,20.858189,0.7738888888888888
2013-11-13 17:00:00,0.98,0.0,0.0
2013-11-13 18:00:00,0.99,0.0,0.0
2013-11-13 19:00:00,1.0,0.0,0.0
2013-11-13 20:00:00,1.0,0.0,0.0
2013-11-13 21:00:00,0.99,0.0,0.0
2013-11-13 22:00:00,0.96,0.0,0.0
2013-11-13 23:00:00,0.97,0.0,0.0
2013-11-14 00:00:00,1.0,0.0,0.0
2013-11-14 01:00:00,0.91,0.0,0.0
2013-11-14 02:00:00,0.86,0.0,0.0
2013-11-14 03:00:00,0.94,0.0,0.0
2013-11-14 04:00:00,0.77,0.0,0.0
2013-11-14 05:00:00,0.59,0.0,0.0
2013-11-14 06:00:00,0.42,0.0,0.25583333333333336
2013-11-14 07:00:00,0.31,122.04827,1.0
2013-11-14 08:00:00,0.17,314.3982,1.0
2013-11-14 09:00:00,0.08,479.1986,1.0
2013-11-14 10:00:00,0.04,612.84485,1.0
2013-11-14 11:00:00,0.01,687.144,1.0
2013-11-14 12:00:00,0.0,665.5807,1.0
2013-11-14 13:00:00,0.03,571.96405,1.0
2013-11-14 14:00:00,0.04,416.33142,1.0
2013-11-14 15:00:00,0.25,218.64162,1.0
2013-11-14 16:00:00,0.31,36.49538,0.7602777777777778
2013-11-14 17:00:00,0.43,0.0,0.0
2013-11-14 18:00:00,0.79,0.0,0.0
2013-11-14 19:00:00,0.98,0.0,0.0
2013-11-14 20:00:00,0.97,0.0,0.0
2013-11-14 21:00:00,0.97,0.0,0.0
2013-11-14 22:00:00,0.84,0.0,0.0
2013-11-14 23:00:00,0.93,0.0,0.0
2013-11-15 00:00:00,0.81,0.0,0.0
2013-11-15 01:00:00,0.8,0.0,0.0
2013-11-15 02:00:00,0.74,0.0,0.0
2013-11-15 03:00:00,0.12,0.0,0.0
2013-11-15 04:00:00,0.0,0.0,0.0
2013-11-15 05:00:00,0.0,0.0,0.0
2013-11-15 06:00:00,0.0,0.0,0.2363888888888889
2013-11-15 07:00:00,0.0,153.51164,1.0
2013-11-15 08:00:00,0.0,366.81992,1.0
2013-11-15 09:00:00,0.0,541.04364,1.0
2013-11-15 10:00:00,0.0,655.666,1.0
2013-11-15 11:00:00,0.0,699.57007,1.0
2013-11-15 12:00:00,0.0,658.6531,1.0
2013-11-15 13:00:00,0.22,517.6553,1.0
2013-11-15 14:00:00,0.69,366.88544,1.0
2013-11-15 15:00:00,0.48,170.9643,1.0
2013-11-15 16:00:00,0.63,21.003984,0.7466666666666667
2013-11-15 17:00:00,0.58,0.0,0.0
2013-11-15 18:00:00,0.68,0.0,0.0
2013-11-15 19:00:00,0.5,0.0,0.0
2013-11-15 20:00:00,0.57,0.0,0.0
2013-11-15 21:00:00,0.9,0.0,0.0
2013-11-15 22:00:00,0.98,0.0,0.0
2013-11-15 23:00:00,0.02,0.0,0.0
2013-11-16 00:00:00,0.0,0.0,0.0
2013-11-16 01:00:00,0.0,0.0,0.0
2013-11-16 02:00:00,0.0,0.0,0.0
2013-11-16 03:00:00,0.14,0.0,0.0
2013-11-16 04:00:00,0.02,0.0,0.0
2013-11-16 05:00:00,0.0,0.0,0.0
2013-11-16 06:00:00,0.0,0.0,0.2175
2013-11-16 07:00:00,0.01,147.74489,1.0
2013-11-16 08:00:00,0.4,329.79837,1.0
2013-11-16 09:00:00,0.59,487.93997,1.0
2013-11-16 10:00:00,0.56,538.4277,1.0
2013-11-16 11:00:00,0.83,644.3819,1.0
2013-11-16 12:00:00,0.91,594.785,1.0
2013-11-16 13:00:00,0.91,495.2596,1.0
2013-11-16 14:00:00,0.51,337.10925,1.0
2013-11-16 15:00:00,0.31,174.75969,1.0
2013-11-16 16:00:00,0.51,24.829792,0.7338888888888889
2013-11-16 17:00:00,1.0,0.0,0.0
2013-11-16 18:00:00,1.0,0.0,0.0
2013-11-16 19:00:00,1.0,0.0,0.0
2013-11-16 20:00:00,0.97,0.0,0.0
2013-11-16 21:00:00,0.66,0.0,0.0
2013-11-16 22:00:00,0.63,0.0,0.0
2013-11-16 23:00:00,0.07,0.0,0.0
2013-11-17 00:00:00,0.34,0.0,0.0
2013-11-17 01:00:00,0.5,0.0,0.0
2013-11-17 02:00:00,0.23,0.0,0.0
2013-11-17 03:00:00,0.36,0.0,0.0
2013-11-17 04:00:00,0.41,0.0,0.0
2013-11-17 05:00:00,0.81,0.0,0.0
2013-11-17 06:00:00,0.82,0.0,0.19833333333333333
2013-11-17 07:00:00,0.87,116.7536,1.0
2013-11-17 08:00:00,0.58,240.19794,1.0
2013-11-17 09:00:00,0.19,434.35266,1.0
2013-11-17 10:00:00,0.14,605.6276,1.0
2013-11-17 11:00:00,0.15,665.98065,1.0
2013-11-17 12:00:00,0.02,657.72485,1.0
2013-11-17 13:00:00,0.0,569.97046,1.0
2013-11-17 14:00:00,0.0,411.7686,1.0
2013-11-17 15:00:00,0.0,212.78014,1.0
2013-11-17 16:00:00,0.0,31.842102,0.7213888888888889
2013-11-17 17:00:00,0.0,0.0,0.0
2013-11-17 18:00:00,0.0,0.0,0.0
2013-11-17 19:00:00,0.0,0.0,0.0
2013-11-17 20:00:00,0.0,0.0,0.0
2013-11-17 21:00:00,0.0,0.0,0.0
2013-11-17 22:00:00,0.0,0.0,0.0
2013-11-17 23:00:00,0.0,0.0,0.0
2013-11-18 00:00:00,0.0,0.0,0.0
2013-11-18 01:00:00,0.0,0.0,0.0
2013-11-18 02:00:00,0.0,0.0,0.0
2013-11-18 03:00:00,0.0,0.0,0.0
2013-11-18 04:00:00,0.0,0.0,0.0
2013-11-18 05:00:00,0.0,0.0,0.0
2013-11-18 06:00:00,0.0,0.0,0.17944444444444443
2013-11-18 07:00:00,0.0,141.0624,1.0
2013-11-18 08:00:00,0.0,356.05405,1.0
2013-11-18 09:00:00,0.05,530.79236,1.0
2013-11-18 10:00:00,0.13,641.5702,1.0
2013-11-18 11:00:00,0.14,687.089,1.0
2013-11-18 12:00:00,0.14,656.21423,1.0
2013-11-18 13:00:00,0.11,562.6593,1.0
2013-11-18 14:00:00,0.14,406.50314,1.0
2013-11-18 15:00:00,0.14,209.77399,1.0
2013-11-18 16:00:00,0.27,30.544224,0.7094444444444444
2013-11-18 17:00:00,0.56,0.0,0.0
2013-11-18 18:00:00,0.23,0.0,0.0
2013-11-18 19:00:00,0.15,0.0,0.0
2013-11-18 20:00:00,0.01,0.0,0.0
2013-11-18 21:00:00,0.0,0.0,0.0
2013-11-18 22:00:00,0.03,0.0,0.0
2013-11-18 23:00:00,0.18,0.0,0.0
2013-11-19 00:00:00,0.27,0.0,0.0
2013-11-19 01:00:00,0.36,0.0,0.0
2013-11-19 02:00:00,0.41,0.0,0.0
2013-11-19 03:00:00,0.05,0.0,0.0
2013-11-19 04:00:00,0.04,0.0,0.0
2013-11-19 05:00:00,0.31,0.0,0.0
2013-11-19 06:00:00,0.74,0.0,0.16083333333333333
2013-11-19 07:00:00,0.99,85.235374,1.0
2013-11-19 08:00:00,0.99,225.9236,1.0
2013-11-19 09:00:00,0.72,452.50446,1.0
2013-11-19 10:00:00,0.47,555.4023,1.0
2013-11-19 11:00:00,0.72,523.7495,1.0
2013-11-19 12:00:00,0.75,384.12207,1.0
2013-11-19 13:00:00,0.77,295.05536,1.0
2013-11-19 14:00:00,0.87,254.65749,1.0
2013-11-19 15:00:00,0.74,115.25495,1.0
2013-11-19 16:00:00,0.27,22.400747,0.6980555555555555
2013-11-19 17:00:00,0.77,0.0,0.0
2013-11-19 18:00:00,1.0,0.0,0.0
2013-11-19 19:00:00,0.85,0.0,0.0
2013-11-19 20:00:00,0.82,0.0,0.0
2013-11-19 21:00:00,0.86,0.0,0.0
2013-11-19 22:00:00,0.72,0.0,0.0
2013-11-19 23:00:00,0.83,0.0,0.0
2013-11-20 00:00:00,0.89,0.0,0.0
2013-11-20 01:00:00,0.76,0.0,0.0
2013-11-20 02:00:00,0.47,0.0,0.0
2013-11-20 03:00:00,0.4,0.0,0.0
2013-11-20 04:00:00,0.22,0.0,0.0
2013-11-20 05:00:00,0.28,0.0,0.0
2013-11-20 06:00:00,0.24,0.0,0.14222222222222222
2013-11-20 07:00:00,0.28,122.38892,1.0
2013-11-20 08:00:00,0.17,334.40002,1.0
2013-11-20 09:00:00,0.12,508.24185,1.0
2013-11-20 10:00:00,0.29,612.1536,1.0
2013-11-20 11:00:00,0.41,609.13934,1.0
2013-11-20 12:00:00,0.92,458.49625,1.0
2013-11-20 13:00:00,0.91,318.9612,1.0
2013-11-20 14:00:00,0.38,305.80493,1.0
2013-11-20 15:00:00,0.68,174.18028,1.0
2013-11-20 16:00:00,0.99,18.430637,0.6872222222222222
2013-11-20 17:00:00,1.0,0.0,0.0
2013-11-20 18:00:00,1.0,0.0,0.0
2013-11-20 19:00:00,1.0,0.0,0.0
2013-11-20 20:00:00,1.0,0.0,0.0
2013-11-20 21:00:00,1.0,0.0,0.0
2013-11-20 22:00:00,1.0,0.0,0.0
2013-11-20 23:00:00,1.0,0.0,0.0
2013-11-21 00:00:00,1.0,0.0,0.0
2013-11-21 01:00:00,1.0,0.0,0.0
2013-11-21 02:00:00,1.0,0.0,0.0
2013-11-21 03:00:00,0.98,0.0,0.0
2013-11-21 04:00:00,0.91,0.0,0.0
2013-11-21 05:00:00,1.0,0.0,0.0
2013-11-21 06:00:00,0.99,0.0,0.12361111111111112
2013-11-21 07:00:00,0.94,43.171032,1.0
2013-11-21 08:00:00,0.96,148.5058,1.0
2013-11-21 09:00:00,0.97,235.1597,1.0
2013-11-21 10:00:00,0.99,327.72208,1.0
2013-11-21 11:00:00,0.98,417.89777,1.0
2013-11-21 12:00:00,0.98,344.58325,1.0
2013-11-21 13:00:00,0.93,371.12192,1.0
2013-11-21 14:00:00,0.93,286.60397,1.0
2013-11-21 15:00:00,0.89,121.84984,1.0
2013-11-21 16:00:00,0.94,14.225395,0.6772222222222222
2013-11-21 17:00:00,0.92,0.0,0.0
2013-11-21 18:00:00,0.99,0.0,0.0
2013-11-21 19:00:00,1.0,0.0,0.0
2013-11-21 20:00:00,1.0,0.0,0.0
2013-11-21 21:00:00,1.0,0.0,0.0
2013-11-21 22:00:00,1.0,0.0,0.0
2013-11-21 23:00:00,1.0,0.0,0.0
2013-11-22 00:00:00,1.0,0.0,0.0
2013-11-22 01:00:00,1.0,0.0,0.0
2013-11-22 02:00:00,1.0,0.0,0.0
2013-11-22 03:00:00,1.0,0.0,0.0
2013-11-22 04:00:00,1.0,0.0,0.0
2013-11-22 05:00:00,1.0,0.0,0.0
2013-11-22 06:00:00,1.0,0.0,0.10555555555555556
2013-11-22 07:00:00,1.0,33.99602,1.0
2013-11-22 08:00:00,1.0,130.6178,1.0
2013-11-22 09:00:00,1.0,190.05026,1.0
2013-11-22 10:00:00,1.0,255.38167,1.0
2013-11-22 11:00:00,1.0,324.17862,1.0
2013-11-22 12:00:00,1.0,295.15683,1.0
2013-11-22 13:00:00,1.0,273.79233,1.0
2013-11-22 14:00:00,1.0,192.0903,1.0
2013-11-22 15:00:00,1.0,86.19359,1.0
2013-11-22 16:00:00,1.0,11.927076,0.6675
2013-11-22 17:00:00,1.0,0.0,0.0
2013-11-22 18:00:00,1.0,0.0,0.0
2013-11-22 19:00:00,1.0,0.0,0.0
2013-11-22 20:00:00,1.0,0.0,0.0
2013-11-22 21:00:00,1.0,0.0,0.0
2013-11-22 22:00:00,1.0,0.0,0.0
2013-11-22 23:00:00,1.0,0.0,0.0
2013-11-23 00:00:00,1.0,0.0,0.0
2013-11-23 01:00:00,1.0,0.0,0.0
2013-11-23 02:00:00,0.99,0.0,0.0
2013-11-23 03:00:00,1.0,0.0,0.0
2013-11-23 04:00:00,1.0,0.0,0.0
2013-11-23 05:00:00,1.0,0.0,0.0
2013-11-23 06:00:00,0.96,0.0,0.08777777777777777
2013-11-23 07:00:00,0.96,50.06563,1.0
2013-11-23 08:00:00,0.68,178.15749,1.0
2013-11-23 09:00:00,0.46,362.00833,1.0
2013-11-23 10:00:00,0.34,509.9913,1.0
2013-11-23 11:00:00,0.43,617.4212,1.0
2013-11-23 12:00:00,0.55,580.3702,1.0
2013-11-23 13:00:00,0.55,476.39987,1.0
2013-11-23 14:00:00,0.41,351.00226,1.0
2013-11-23 15:00:00,0.77,187.7429,1.0
2013-11-23 16:00:00,0.44,22.733276,0.6586111111111111
2013-11-23 17:00:00,0.52,0.0,0.0
2013-11-23 18:00:00,0.74,0.0,0.0
2013-11-23 19:00:00,0.62,0.0,0.0
2013-11-23 20:00:00,0.11,0.0,0.0
2013-11-23 21:00:00,0.18,0.0,0.0
2013-11-23 22:00:00,0.61,0.0,0.0
2013-11-23 23:00:00,0.98,0.0,0.0
2013-11-24 00:00:00,0.93,0.0,0.0
2013-11-24 01:00:00,0.86,0.0,0.0
2013-11-24 02:00:00,0.92,0.0,0.0
2013-11-24 03:00:00,0.71,0.0,0.0
2013-11-24 04:00:00,0.2,0.0,0.0
2013-11-24 05:00:00,0.37,0.0,0.0
2013-11-24 06:00:00,0.44,0.0,0.07
2013-11-24 07:00:00,0.87,112.20288,1.0
2013-11-24 08:00:00,0.94,333.19797,1.0
2013-11-24 09:00:00,0.96,503.12546,1.0
2013-11-24 10:00:00,0.96,602.99805,1.0
2013-11-24 11:00:00,1.0,281.01965,1.0
2013-11-24 12:00:00,0.99,306.65887,1.0
2013-11-24 13:00:00,1.0,249.19621,1.0
2013-11-24 14:00:00,1.0,105.270996,1.0
2013-11-24 15:00:00,1.0,49.696156,1.0
2013-11-24 16:00:00,0.99,8.662352,0.6502777777777777
2013-11-24 17:00:00,1.0,0.0,0.0
2013-11-24 18:00:00,0.89,0.0,0.0
2013-11-24 19:00:00,0.7,0.0,0.0
2013-11-24 20:00:00,0.64,0.0,0.0
2013-11-24 21:00:00,0.53,0.0,0.0
2013-11-24 22:00:00,0.67,0.0,0.0
2013-11-24 23:00:00,1.0,0.0,0.0
2013-11-25 00:00:00,1.0,0.0,0.0
2013-11-25 01:00:00,0.95,0.0,0.0
2013-11-25 02:00:00,0.74,0.0,0.0
2013-11-25 03:00:00,0.37,0.0,0.0
2013-11-25 04:00:00,0.18,0.0,0.0
2013-11-25 05:00:00,0.38,0.0,0.0
2013-11-25 06:00:00,0.91,0.0,0.05277777777777778
2013-11-25 07:00:00,0.99,13.914923,1.0
2013-11-25 08:00:00,1.0,68.580696,1.0
2013-11-25 09:00:00,0.99,118.68921,1.0
2013-11-25 10:00:00,0.95,156.72153,1.0
2013-11-25 11:00:00,0.97,270.3071,1.0
2013-11-25 12:00:00,0.94,297.323,1.0
2013-11-25 13:00:00,0.9,313.5577,1.0
2013-11-25 14:00:00,0.71,266.67743,1.0
2013-11-25 15:00:00,0.54,129.33885,1.0
2013-11-25 16:00:00,0.66,18.55661,0.6425
2013-11-25 17:00:00,0.95,0.0,0.0
2013-11-25 18:00:00,0.66,0.0,0.0
2013-11-25 19:00:00,0.37,0.0,0.0
2013-11-25 20:00:00,0.33,0.0,0.0
2013-11-25 21:00:00,0.13,0.0,0.0
2013-11-25 22:00:00,0.07,0.0,0.0
2013-11-25 23:00:00,0.02,0.0,0.0
2013-11-26 00:00:00,0.0,0.0,0.0
2013-11-26 01:00:00,0.0,0.0,0.0
2013-11-26 02:00:00,0.0,0.0,0.0
2013-11-26 03:00:00,0.0,0.0,0.0
2013-11-26 04:00:00,0.19,0.0,0.0
2013-11-26 05:00:00,0.21,0.0,0.0
2013-11-26 06:00:00,0.11,0.0,0.035555555555555556
2013-11-26 07:00:00,0.03,105.29552,1.0
2013-11-26 08:00:00,0.0,320.97394,1.0
2013-11-26 09:00:00,0.0,497.72214,1.0
2013-11-26 10:00:00,0.0,615.024,1.0
2013-11-26 11:00:00,0.0,664.7487,1.0
2013-11-26 12:00:00,0.0,639.4326,1.0
2013-11-26 13:00:00,0.0,544.58856,1.0
2013-11-26 14:00:00,0.02,357.81647,1.0
2013-11-26 15:00:00,0.02,194.83592,1.0
2013-11-26 16:00:00,0.0,24.619127,0.6355555555555555
2013-11-26 17:00:00,0.0,0.0,0.0
2013-11-26 18:00:00,0.0,0.0,0.0
2013-11-26 19:00:00,0.0,0.0,0.0
2013-11-26 20:00:00,0.0,0.0,0.0
2013-11-26 21:00:00,0.0,0.0,0.0
2013-11-26 22:00:00,0.0,0.0,0.0
2013-11-26 23:00:00,0.0,0.0,0.0
2013-11-27 00:00:00,0.0,0.0,0.0
2013-11-27 01:00:00,0.0,0.0,0.0
2013-11-27 02:00:00,0.0,0.0,0.0
2013-11-27 03:00:00,0.0,0.0,0.0
2013-11-27 04:00:00,0.0,0.0,0.0
2013-11-27 05:00:00,0.0,0.0,0.0
2013-11-27 06:00:00,0.0,0.0,0.01861111111111111
2013-11-27 07:00:00,0.0,105.22311,1.0
2013-11-27 08:00:00,0.0,323.6995,1.0
2013-11-27 09:00:00,0.0,501.26862,1.0
2013-11-27 10:00:00,0.0,617.218,1.0
2013-11-27 11:00:00,0.08,663.8319,1.0
2013-11-27 12:00:00,0.31,635.302,1.0
2013-11-27 13:00:00,0.04,545.61395,1.0
2013-11-27 14:00:00,0.08,392.55704,1.0
2013-11-27 15:00:00,0.28,189.3827,1.0
2013-11-27 16:00:00,0.28,21.48778,0.6291666666666667
2013-11-27 17:00:00,0.41,0.0,0.0
2013-11-27 18:00:00,0.52,0.0,0.0
2013-11-27 19:00:00,0.58,0.0,0.0
2013-11-27 20:00:00,0.67,0.0,0.0
2013-11-27 21:00:00,0.71,0.0,0.0
2013-11-27 22:00:00,0.55,0.0,0.0
2013-11-27 23:00:00,0.65,0.0,0.0
2013-11-28 00:00:00,0.7,0.0,0.0
2013-11-28 01:00:00,0.87,0.0,0.0
2013-11-28 02:00:00,0.89,0.0,0.0
2013-11-28 03:00:00,0.94,0.0,0.0
2013-11-28 04:00:00,0.95,0.0,0.0
2013-11-28 05:00:00,0.96,0.0,0.0
2013-11-28 06:00:00,0.95,0.0,0.0016666666666666668
2013-11-28 07:00:00,0.95,64.233925,1.0
2013-11-28 08:00:00,0.92,261.80377,1.0
2013-11-28 09:00:00,0.75,446.2459,1.0
2013-11-28 10:00:00,0.65,582.90564,1.0
2013-11-28 11:00:00,0.68,620.1004,1.0
2013-11-28 12:00:00,0.69,602.58484,1.0
2013-11-28 13:00:00,0.66,509.91458,1.0
2013-11-28 14:00:00,0.61,377.74094,1.0
2013-11-28 15:00:00,0.14,195.13365,1.0
2013-11-28 16:00:00,0.01,23.936415,0.6233333333333333
2013-11-28 17:00:00,0.0,0.0,0.0
2013-11-28 18:00:00,0.01,0.0,0.0
2013-11-28 19:00:00,0.15,0.0,0.0
2013-11-28 20:00:00,0.52,0.0,0.0
2013-11-28 21:00:00,0.44,0.0,0.0
2013-11-28 22:00:00,0.51,0.0,0.0
2013-11-28 23:00:00,0.35,0.0,0.0
2013-11-29 00:00:00,0.16,0.0,0.0
2013-11-29 01:00:00,0.22,0.0,0.0
2013-11-29 02:00:00,0.27,0.0,0.0
2013-11-29 03:00:00,0.47,0.0,0.0
2013-11-29 04:00:00,0.32,0.0,0.0
2013-11-29 05:00:00,0.18,0.0,0.0
2013-11-29 06:00:00,0.1,0.0,0.0
2013-11-29 07:00:00,0.13,95.28031,0.9847222222222223
2013-11-29 08:00:00,0.04,318.31183,1.0
2013-11-29 09:00:00,0.01,496.0452,1.0
2013-11-29 10:00:00,0.0,615.8984,1.0
2013-11-29 11:00:00,0.0,658.72363,1.0
2013-11-29 12:00:00,0.0,635.3694,1.0
2013-11-29 13:00:00,0.0,542.81647,1.0
2013-11-29 14:00:00,0.0,390.8246,1.0
2013-11-29 15:00:00,0.0,196.95625,1.0
2013-11-29 16:00:00,0.0,24.083887,0.6183333333333333
2013-11-29 17:00:00,0.0,0.0,0.0
2013-11-29 18:00:00,0.0,0.0,0.0
2013-11-29 19:00:00,0.0,0.0,0.0
2013-11-29 20:00:00,0.0,0.0,0.0
2013-11-29 21:00:00,0.0,0.0,0.0
2013-11-29 22:00:00,0.0,0.0,0.0
2013-11-29 23:00:00,0.0,0.0,0.0
2013-11-30 00:00:00,0.0,0.0,0.0
2013-11-30 01:00:00,0.0,0.0,0.0
2013-11-30 02:00:00,0.0,0.0,0.0
2013-11-30 03:00:00,0.0,0.0,0.0
2013-11-30 04:00:00,0.0,0.0,0.0
2013-11-30 05:00:00,0.0,0.0,0.0
2013-11-30 06:00:00,0.0,0.0,0.0
2013-11-30 07:00:00,0.0,94.131516,0.9677777777777777
2013-11-30 08:00:00,0.0,312.31656,1.0
2013-11-30 09:00:00,0.0,490.1833,1.0
2013-11-30 10:00:00,0.0,607.2562,1.0
2013-11-30 11:00:00,0.0,652.83356,1.0
2013-11-30 12:00:00,0.0,631.44226,1.0
2013-11-30 13:00:00,0.0,540.38184,1.0
2013-11-30 14:00:00,0.0,389.2664,1.0
2013-11-30 15:00:00,0.0,196.16132,1.0
2013-11-30 16:00:00,0.0,24.225058,0.6136111111111111
2013-11-30 17:00:00,0.0,0.0,0.0
2013-11-30 18:00:00,0.0,0.0,0.0
2013-11-30 19:00:00,0.0,0.0,0.0
2013-11-30 20:00:00,0.0,0.0,0.0
2013-11-30 21:00:00,0.0,0.0,0.0
2013-11-30 22:00:00,0.0,0.0,0.0
2013-11-30 23:00:00,0.0,0.0,0.0
2013-12-01 00:00:00,0.01,0.0,0.0
2013-12-01 01:00:00,0.05,0.0,0.0
2013-12-01 02:00:00,0.1,0.0,0.0
2013-12-01 03:00:00,0.0,0.0,0.0
2013-12-01 04:00:00,0.0,0.0,0.0
2013-12-01 05:00:00,0.0,0.0,0.0
2013-12-01 06:00:00,0.17,0.0,0.0
2013-12-01 07:00:00,0.56,40.689114,0.9511111111111111
2013-12-01 08:00:00,0.03,193.9239,1.0
2013-12-01 09:00:00,0.0,474.04337,1.0
2013-12-01 10:00:00,0.0,600.6099,1.0
2013-12-01 11:00:00,0.15,634.3066,1.0
2013-12-01 12:00:00,0.18,608.984,1.0
2013-12-01 13:00:00,0.09,514.8882,1.0
2013-12-01 14:00:00,0.45,367.53064,1.0
2013-12-01 15:00:00,0.11,166.35213,1.0
2013-12-01 16:00:00,0.16,22.536385,0.6097222222222223
2013-12-01 17:00:00,0.19,0.0,0.0
2013-12-01 18:00:00,0.07,0.0,0.0
2013-12-01 19:00:00,0.01,0.0,0.0
2013-12-01 20:00:00,0.0,0.0,0.0
2013-12-01 21:00:00,0.21,0.0,0.0
2013-12-01 22:00:00,0.18,0.0,0.0
2013-12-01 23:00:00,0.34,0.0,0.0
2013-12-02 00:00:00,0.29,0.0,0.0
2013-12-02 01:00:00,0.17,0.0,0.0
2013-12-02 02:00:00,0.31,0.0,0.0
2013-12-02 03:00:00,0.0,0.0,0.0
2013-12-02 04:00:00,0.0,0.0,0.0
2013-12-02 05:00:00,0.73,0.0,0.0
2013-12-02 06:00:00,0.08,0.0,0.0
2013-12-02 07:00:00,0.01,83.06229,0.9344444444444444
2013-12-02 08:00:00,0.0,296.16245,1.0
2013-12-02 09:00:00,0.09,473.88074,1.0
2013-12-02 10:00:00,0.11,590.5764,1.0
2013-12-02 11:00:00,0.0,639.0043,1.0
2013-12-02 12:00:00,0.11,603.2511,1.0
2013-12-02 13:00:00,0.27,508.2992,1.0
2013-12-02 14:00:00,0.22,338.42426,1.0
2013-12-02 15:00:00,0.6,174.5776,1.0
2013-12-02 16:00:00,0.25,20.81174,0.6066666666666667
2013-12-02 17:00:00,0.98,0.0,0.0
2013-12-02 18:00:00,1.0,0.0,0.0
2013-12-02 19:00:00,0.98,0.0,0.0
2013-12-02 20:00:00,0.66,0.0,0.0
2013-12-02 21:00:00,0.55,0.0,0.0
2013-12-02 22:00:00,0.14,0.0,0.0
2013-12-02 23:00:00,0.11,0.0,0.0
2013-12-03 00:00:00,0.0,0.0,0.0
2013-12-03 01:00:00,0.0,0.0,0.0
2013-12-03 02:00:00,0.01,0.0,0.0
2013-12-03 03:00:00,0.87,0.0,0.0
2013-12-03 04:00:00,0.32,0.0,0.0
2013-12-03 05:00:00,0.18,0.0,0.0
2013-12-03 06:00:00,0.4,0.0,0.0
2013-12-03 07:00:00,0.95,37.732655,0.9183333333333333
2013-12-03 08:00:00,0.82,156.20586,1.0
2013-12-03 09:00:00,0.83,292.06982,1.0
2013-12-03 10:00:00,0.9,451.0988,1.0
2013-12-03 11:00:00,0.87,473.69968,1.0
2013-12-03 12:00:00,0.94,458.98737,1.0
2013-12-03 13:00:00,0.98,275.6262,1.0
2013-12-03 14:00:00,1.0,175.85129,1.0
2013-12-03 15:00:00,1.0,74.25014,1.0
2013-12-03 16:00:00,1.0,7.9513845,0.6038888888888889
2013-12-03 17:00:00,1.0,0.0,0.0
2013-12-03 18:00:00,1.0,0.0,0.0
2013-12-03 19:00:00,1.0,0.0,0.0
2013-12-03 20:00:00,1.0,0.0,0.0
2013-12-03 21:00:00,1.0,0.0,0.0
2013-12-03 22:00:00,1.0,0.0,0.0
2013-12-03 23:00:00,1.0,0.0,0.0
2013-12-04 00:00:00,1.0,0.0,0.0
2013-12-04 01:00:00,1.0,0.0,0.0
2013-12-04 02:00:00,1.0,0.0,0.0
2013-12-04 03:00:00,1.0,0.0,0.0
2013-12-04 04:00:00,1.0,0.0,0.0
2013-12-04 05:00:00,1.0,0.0,0.0
2013-12-04 06:00:00,1.0,0.0,0.0
2013-12-04 07:00:00,1.0,13.914923,0.9022222222222223
2013-12-04 08:00:00,1.0,60.312344,1.0
2013-12-04 09:00:00,1.0,123.69673,1.0
2013-12-04 10:00:00,1.0,220.85698,1.0
2013-12-04 11:00:00,1.0,298.57675,1.0
2013-12-04 12:00:00,1.0,321.99347,1.0
2013-12-04 13:00:00,1.0,247.34114,1.0
2013-12-04 14:00:00,1.0,204.56494,1.0
2013-12-04 15:00:00,1.0,59.787205,1.0
2013-12-04 16:00:00,1.0,8.820122,0.6016666666666667
2013-12-04 17:00:00,1.0,0.0,0.0
2013-12-04 18:00:00,1.0,0.0,0.0
2013-12-04 19:00:00,1.0,0.0,0.0
2013-12-04 20:00:00,0.99,0.0,0.0
2013-12-04 21:00:00,0.8,0.0,0.0
2013-12-04 22:00:00,0.65,0.0,0.0
2013-12-04 23:00:00,0.07,0.0,0.0
2013-12-05 00:00:00,0.02,0.0,0.0
2013-12-05 01:00:00,0.0,0.0,0.0
2013-12-05 02:00:00,0.0,0.0,0.0
2013-12-05 03:00:00,0.68,0.0,0.0
2013-12-05 04:00:00,0.14,0.0,0.0
2013-12-05 05:00:00,0.0,0.0,0.0
2013-12-05 06:00:00,0.0,0.0,0.0
2013-12-05 07:00:00,0.0,79.74145,0.8863888888888889
2013-12-05 08:00:00,0.0,294.81235,1.0
2013-12-05 09:00:00,0.0,480.99295,1.0
2013-12-05 10:00:00,0.0,609.0481,1.0
2013-12-05 11:00:00,0.0,680.2668,1.0
2013-12-05 12:00:00,0.0,655.497,1.0
2013-12-05 13:00:00,0.02,555.5546,1.0
2013-12-05 14:00:00,0.07,396.60492,1.0
2013-12-05 15:00:00,0.52,202.97379,1.0
2013-12-05 16:00:00,0.43,22.06255,0.6002777777777778
2013-12-05 17:00:00,0.42,0.0,0.0
2013-12-05 18:00:00,0.46,0.0,0.0
2013-12-05 19:00:00,0.47,0.0,0.0
2013-12-05 20:00:00,0.53,0.0,0.0
2013-12-05 21:00:00,0.62,0.0,0.0
2013-12-05 22:00:00,0.76,0.0,0.0
2013-12-05 23:00:00,0.71,0.0,0.0
2013-12-06 00:00:00,0.61,0.0,0.0
2013-12-06 01:00:00,0.75,0.0,0.0
2013-12-06 02:00:00,0.7,0.0,0.0
2013-12-06 03:00:00,0.9,0.0,0.0
2013-12-06 04:00:00,0.75,0.0,0.0
2013-12-06 05:00:00,0.67,0.0,0.0
2013-12-06 06:00:00,0.4,0.0,0.0
2013-12-06 07:00:00,0.33,50.233444,0.8708333333333333
2013-12-06 08:00:00,0.42,177.42029,1.0
2013-12-06 09:00:00,0.42,414.7129,1.0
2013-12-06 10:00:00,0.31,553.49475,1.0
2013-12-06 11:00:00,0.27,637.81134,1.0
2013-12-06 12:00:00,0.39,615.7364,1.0
2013-12-06 13:00:00,0.51,500.40512,1.0
2013-12-06 14:00:00,0.71,332.4331,1.0
2013-12-06 15:00:00,0.56,159.77985,1.0
2013-12-06 16:00:00,0.15,21.24398,0.5994444444444444
2013-12-06 17:00:00,0.01,0.0,0.0
2013-12-06 18:00:00,0.0,0.0,0.0
2013-12-06 19:00:00,0.0,0.0,0.0
2013-12-06 20:00:00,0.0,0.0,0.0
2013-12-06 21:00:00,0.0,0.0,0.0
2013-12-06 22:00:00,0.0,0.0,0.0
2013-12-06 23:00:00,0.1,0.0,0.0
2013-12-07 00:00:00,0.15,0.0,0.0
2013-12-07 01:00:00,0.07,0.0,0.0
2013-12-07 02:00:00,0.06,0.0,0.0
2013-12-07 03:00:00,0.22,0.0,0.0
2013-12-07 04:00:00,0.84,0.0,0.0
2013-12-07 05:00:00,0.99,0.0,0.0
2013-12-07 06:00:00,0.99,0.0,0.0
2013-12-07 07:00:00,0.97,36.819263,0.8558333333333333
2013-12-07 08:00:00,1.0,167.38817,1.0
2013-12-07 09:00:00,0.98,316.14124,1.0
2013-12-07 10:00:00,0.99,469.27454,1.0
2013-12-07 11:00:00,0.91,553.11255,1.0
2013-12-07 12:00:00,0.67,511.96454,1.0
2013-12-07 13:00:00,0.56,485.84497,1.0
2013-12-07 14:00:00,0.32,354.45425,1.0
2013-12-07 15:00:00,0.17,163.94965,1.0
2013-12-07 16:00:00,0.56,19.40541,0.5991666666666666
2013-12-07 17:00:00,0.71,0.0,0.0
2013-12-07 18:00:00,0.82,0.0,0.0
2013-12-07 19:00:00,0.75,0.0,0.0
2013-12-07 20:00:00,0.11,0.0,0.0
2013-12-07 21:00:00,0.0,0.0,0.0
2013-12-07 22:00:00,0.01,0.0,0.0
2013-12-07 23:00:00,0.09,0.0,0.0
2013-12-08 00:00:00,0.91,0.0,0.0
2013-12-08 01:00:00,0.95,0.0,0.0
2013-12-08 02:00:00,0.91,0.0,0.0
2013-12-08 03:00:00,0.84,0.0,0.0
2013-12-08 04:00:00,0.85,0.0,0.0
2013-12-08 05:00:00,0.84,0.0,0.0
2013-12-08 06:00:00,0.99,0.0,0.0
2013-12-08 07:00:00,0.99,35.607937,0.8411111111111111
2013-12-08 08:00:00,0.98,147.627,1.0
2013-12-08 09:00:00,0.97,306.9965,1.0
2013-12-08 10:00:00,0.82,486.84705,1.0
2013-12-08 11:00:00,0.66,581.21423,1.0
2013-12-08 12:00:00,0.29,621.1364,1.0
2013-12-08 13:00:00,0.06,548.983,1.0
2013-12-08 14:00:00,0.01,390.48123,1.0
2013-12-08 15:00:00,0.02,192.68518,1.0
2013-12-08 16:00:00,0.05,21.346363,0.5994444444444444
2013-12-08 17:00:00,0.05,0.0,0.0
2013-12-08 18:00:00,0.23,0.0,0.0
2013-12-08 19:00:00,0.33,0.0,0.0
2013-12-08 20:00:00,0.51,0.0,0.0
2013-12-08 21:00:00,0.57,0.0,0.0
2013-12-08 22:00:00,0.62,0.0,0.0
2013-12-08 23:00:00,0.88,0.0,0.0
2013-12-09 00:00:00,0.89,0.0,0.0
2013-12-09 01:00:00,0.68,0.0,0.0
2013-12-09 02:00:00,0.79,0.0,0.0
2013-12-09 03:00:00,0.81,0.0,0.0
2013-12-09 04:00:00,0.41,0.0,0.0
2013-12-09 05:00:00,0.18,0.0,0.0
2013-12-09 06:00:00,0.2,0.0,0.0
2013-12-09 07:00:00,0.16,43.06552,0.8269444444444445
2013-12-09 08:00:00,0.21,247.35213,1.0
2013-12-09 09:00:00,0.23,456.87836,1.0
2013-12-09 10:00:00,0.22,605.3809,1.0
2013-12-09 11:00:00,0.02,669.87756,1.0
2013-12-09 12:00:00,0.0,653.5704,1.0
2013-12-09 13:00:00,0.0,568.4317,1.0
2013-12-09 14:00:00,0.0,414.3568,1.0
2013-12-09 15:00:00,0.0,213.78407,1.0
2013-12-09 16:00:00,0.0,24.209433,0.6002777777777778
2013-12-09 17:00:00,0.01,0.0,0.0
2013-12-09 18:00:00,0.0,0.0,0.0
2013-12-09 19:00:00,0.0,0.0,0.0
2013-12-09 20:00:00,0.0,0.0,0.0
2013-12-09 21:00:00,0.0,0.0,0.0
2013-12-09 22:00:00,0.0,0.0,0.0
2013-12-09 23:00:00,0.0,0.0,0.0
2013-12-10 00:00:00,0.0,0.0,0.0
2013-12-10 01:00:00,0.0,0.0,0.0
2013-12-10 02:00:00,0.0,0.0,0.0
2013-12-10 03:00:00,0.0,0.0,0.0
2013-12-10 04:00:00,0.0,0.0,0.0
2013-12-10 05:00:00,0.0,0.0,0.0
2013-12-10 06:00:00,0.0,0.0,0.0
2013-12-10 07:00:00,0.0,68.467354,0.8130555555555555
2013-12-10 08:00:00,0.0,292.86395,1.0
2013-12-10 09:00:00,0.0,478.25998,1.0
2013-12-10 10:00:00,0.0,607.4335,1.0
2013-12-10 11:00:00,0.0,656.9623,1.0
2013-12-10 12:00:00,0.0,638.14716,1.0
2013-12-10 13:00:00,0.0,546.61255,1.0
2013-12-10 14:00:00,0.01,392.5718,1.0
2013-12-10 15:00:00,0.0,192.08362,1.0
2013-12-10 16:00:00,0.0,22.340542,0.6016666666666667
2013-12-10 17:00:00,0.0,0.0,0.0
2013-12-10 18:00:00,0.0,0.0,0.0
2013-12-10 19:00:00,0.0,0.0,0.0
2013-12-10 20:00:00,0.14,0.0,0.0
2013-12-10 21:00:00,0.0,0.0,0.0
2013-12-10 22:00:00,0.0,0.0,0.0
2013-12-10 23:00:00,0.05,0.0,0.0
2013-12-11 00:00:00,0.19,0.0,0.0
2013-12-11 01:00:00,0.05,0.0,0.0
2013-12-11 02:00:00,0.04,0.0,0.0
2013-12-11 03:00:00,0.03,0.0,0.0
2013-12-11 04:00:00,0.0,0.0,0.0
2013-12-11 05:00:00,0.0,0.0,0.0
2013-12-11 06:00:00,0.0,0.0,0.0
2013-12-11 07:00:00,0.0,63.60702,0.7997222222222222
2013-12-11 08:00:00,0.0,290.57837,1.0
2013-12-11 09:00:00,0.0,479.1515,1.0
2013-12-11 10:00:00,0.0,605.04895,1.0
2013-12-11 11:00:00,0.0,663.879,1.0
2013-12-11 12:00:00,0.0,645.50354,1.0
2013-12-11 13:00:00,0.0,556.0846,1.0
2013-12-11 14:00:00,0.0,403.52753,1.0
2013-12-11 15:00:00,0.0,206.52934,1.0
2013-12-11 16:00:00,0.0,25.213438,0.6036111111111111
2013-12-11 17:00:00,0.0,0.0,0.0
2013-12-11 18:00:00,0.0,0.0,0.0
2013-12-11 19:00:00,0.0,0.0,0.0
2013-12-11 20:00:00,0.0,0.0,0.0
2013-12-11 21:00:00,0.0,0.0,0.0
2013-12-11 22:00:00,0.0,0.0,0.0
2013-12-11 23:00:00,0.0,0.0,0.0
2013-12-12 00:00:00,0.0,0.0,0.0
2013-12-12 01:00:00,0.0,0.0,0.0
2013-12-12 02:00:00,0.0,0.0,0.0
2013-12-12 03:00:00,0.0,0.0,0.0
2013-12-12 04:00:00,0.0,0.0,0.0
2013-12-12 05:00:00,0.0,0.0,0.0
2013-12-12 06:00:00,0.08,0.0,0.0
2013-12-12 07:00:00,0.08,63.09741,0.7869444444444444
2013-12-12 08:00:00,0.09,286.23267,1.0
2013-12-12 09:00:00,0.01,472.11807,1.0
2013-12-12 10:00:00,0.0,598.25006,1.0
2013-12-12 11:00:00,0.0,650.5251,1.0
2013-12-12 12:00:00,0.0,634.86975,1.0
2013-12-12 13:00:00,0.0,547.9903,1.0
2013-12-12 14:00:00,0.0,397.86774,1.0
2013-12-12 15:00:00,0.0,204.27109,1.0
2013-12-12 16:00:00,0.0,25.242151,0.6061111111111112
2013-12-12 17:00:00,0.0,0.0,0.0
2013-12-12 18:00:00,0.0,0.0,0.0
2013-12-12 19:00:00,0.0,0.0,0.0
2013-12-12 20:00:00,0.0,0.0,0.0
2013-12-12 21:00:00,0.0,0.0,0.0
2013-12-12 22:00:00,0.0,0.0,0.0
2013-12-12 23:00:00,0.0,0.0,0.0
2013-12-13 00:00:00,0.0,0.0,0.0
2013-12-13 01:00:00,0.0,0.0,0.0
2013-12-13 02:00:00,0.0,0.0,0.0
2013-12-13 03:00:00,0.0,0.0,0.0
2013-12-13 04:00:00,0.0,0.0,0.0
2013-12-13 05:00:00,0.0,0.0,0.0
2013-12-13 06:00:00,0.0,0.0,0.0
2013-12-13 07:00:00,0.08,58.05091,0.775
2013-12-13 08:00:00,0.15,272.01596,1.0
2013-12-13 09:00:00,0.4,457.21432,1.0
2013-12-13 10:00:00,0.68,540.4058,1.0
2013-12-13 11:00:00,0.49,643.7423,1.0
2013-12-13 12:00:00,0.47,621.3653,1.0
2013-12-13 13:00:00,0.42,535.3779,1.0
2013-12-13 14:00:00,0.24,387.15454,1.0
2013-12-13 15:00:00,0.62,183.51254,1.0
2013-12-13 16:00:00,0.73,20.548746,0.6091666666666666
2013-12-13 17:00:00,0.75,0.0,0.0
2013-12-13 18:00:00,0.84,0.0,0.0
2013-12-13 19:00:00,0.88,0.0,0.0
2013-12-13 20:00:00,0.92,0.0,0.0
2013-12-13 21:00:00,0.75,0.0,0.0
2013-12-13 22:00:00,0.92,0.0,0.0
2013-12-13 23:00:00,0.94,0.0,0.0
2013-12-14 00:00:00,0.69,0.0,0.0
2013-12-14 01:00:00,0.4,0.0,0.0
2013-12-14 02:00:00,0.31,0.0,0.0
2013-12-14 03:00:00,0.33,0.0,0.0
2013-12-14 04:00:00,0.25,0.0,0.0
2013-12-14 05:00:00,0.27,0.0,0.0
2013-12-14 06:00:00,0.29,0.0,0.0
2013-12-14 07:00:00,0.22,52.886642,0.7633333333333333
2013-12-14 08:00:00,0.09,264.92206,1.0
2013-12-14 09:00:00,0.02,453.9567,1.0
2013-12-14 10:00:00,0.01,582.0028,1.0
2013-12-14 11:00:00,0.06,638.8627,1.0
2013-12-14 12:00:00,0.04,626.9082,1.0
2013-12-14 13:00:00,0.02,540.20496,1.0
2013-12-14 14:00:00,0.0,396.0248,1.0
2013-12-14 15:00:00,0.0,202.59842,1.0
2013-12-14 16:00:00,0.01,25.265852,0.6127777777777778
2013-12-14 17:00:00,0.02,0.0,0.0
2013-12-14 18:00:00,0.01,0.0,0.0
2013-12-14 19:00:00,0.46,0.0,0.0
2013-12-14 20:00:00,0.07,0.0,0.0
2013-12-14 21:00:00,0.06,0.0,0.0
2013-12-14 22:00:00,0.32,0.0,0.0
2013-12-14 23:00:00,0.72,0.0,0.0
2013-12-15 00:00:00,0.82,0.0,0.0
2013-12-15 01:00:00,0.11,0.0,0.0
2013-12-15 02:00:00,0.29,0.0,0.0
2013-12-15 03:00:00,0.59,0.0,0.0
2013-12-15 04:00:00,0.47,0.0,0.0
2013-12-15 05:00:00,0.28,0.0,0.0
2013-12-15 06:00:00,0.26,0.0,0.0
2013-12-15 07:00:00,0.16,51.236126,0.7522222222222222
2013-12-15 08:00:00,0.07,267.8687,1.0
2013-12-15 09:00:00,0.01,430.47427,1.0
2013-12-15 10:00:00,0.01,581.44507,1.0
2013-12-15 11:00:00,0.0,641.2843,1.0
2013-12-15 12:00:00,0.01,631.10626,1.0
2013-12-15 13:00:00,0.14,545.9246,1.0
2013-12-15 14:00:00,0.04,396.86847,1.0
2013-12-15 15:00:00,0.0,203.10019,1.0
2013-12-15 16:00:00,0.0,25.260939,0.6169444444444444
2013-12-15 17:00:00,0.0,0.0,0.0
2013-12-15 18:00:00,0.0,0.0,0.0
2013-12-15 19:00:00,0.09,0.0,0.0
2013-12-15 20:00:00,0.0,0.0,0.0
2013-12-15 21:00:00,0.0,0.0,0.0
2013-12-15 22:00:00,0.0,0.0,0.0
2013-12-15 23:00:00,0.0,0.0,0.0
2013-12-16 00:00:00,0.0,0.0,0.0
2013-12-16 01:00:00,0.0,0.0,0.0
2013-12-16 02:00:00,0.0,0.0,0.0
2013-12-16 03:00:00,0.0,0.0,0.0
2013-12-16 04:00:00,0.0,0.0,0.0
2013-12-16 05:00:00,0.0,0.0,0.0
2013-12-16 06:00:00,0.0,0.0,0.0
2013-12-16 07:00:00,0.0,51.557964,0.7419444444444444
2013-12-16 08:00:00,0.0,263.9455,1.0
2013-12-16 09:00:00,0.0,446.71564,1.0
2013-12-16 10:00:00,0.0,573.7832,1.0
2013-12-16 11:00:00,0.0,633.35364,1.0
2013-12-16 12:00:00,0.0,616.9463,1.0
2013-12-16 13:00:00,0.0,538.2421,1.0
2013-12-16 14:00:00,0.0,392.34372,1.0
2013-12-16 15:00:00,0.0,202.56314,1.0
2013-12-16 16:00:00,0.0,25.244604,0.6216666666666667
2013-12-16 17:00:00,0.0,0.0,0.0
2013-12-16 18:00:00,0.0,0.0,0.0
2013-12-16 19:00:00,0.04,0.0,0.0
2013-12-16 20:00:00,0.0,0.0,0.0
2013-12-16 21:00:00,0.0,0.0,0.0
2013-12-16 22:00:00,0.0,0.0,0.0
2013-12-16 23:00:00,0.04,0.0,0.0
2013-12-17 00:00:00,0.19,0.0,0.0
2013-12-17 01:00:00,0.14,0.0,0.0
2013-12-17 02:00:00,0.1,0.0,0.0
2013-12-17 03:00:00,0.06,0.0,0.0
2013-12-17 04:00:00,0.11,0.0,0.0
2013-12-17 05:00:00,0.0,0.0,0.0
2013-12-17 06:00:00,0.0,0.0,0.0
2013-12-17 07:00:00,0.0,50.87571,0.7319444444444444
2013-12-17 08:00:00,0.0,261.96115,1.0
2013-12-17 09:00:00,0.0,445.2695,1.0
2013-12-17 10:00:00,0.0,571.2082,1.0
2013-12-17 11:00:00,0.0,626.68823,1.0
2013-12-17 12:00:00,0.0,613.51855,1.0
2013-12-17 13:00:00,0.0,531.1931,1.0
2013-12-17 14:00:00,0.05,387.77197,1.0
2013-12-17 15:00:00,0.39,200.078,1.0
2013-12-17 16:00:00,0.57,25.215948,0.6269444444444444
2013-12-17 17:00:00,0.4,0.0,0.0
2013-12-17 18:00:00,0.35,0.0,0.0
2013-12-17 19:00:00,0.42,0.0,0.0
2013-12-17 20:00:00,0.44,0.0,0.0
2013-12-17 21:00:00,0.4,0.0,0.0
2013-12-17 22:00:00,0.85,0.0,0.0
2013-12-17 23:00:00,0.94,0.0,0.0
2013-12-18 00:00:00,0.97,0.0,0.0
2013-12-18 01:00:00,0.96,0.0,0.0
2013-12-18 02:00:00,0.87,0.0,0.0
2013-12-18 03:00:00,0.81,0.0,0.0
2013-12-18 04:00:00,0.95,0.0,0.0
2013-12-18 05:00:00,1.0,0.0,0.0
2013-12-18 06:00:00,0.99,0.0,0.0
2013-12-18 07:00:00,0.97,31.05525,0.7222222222222222
2013-12-18 08:00:00,1.0,222.68398,1.0
2013-12-18 09:00:00,0.95,425.49786,1.0
2013-12-18 10:00:00,0.82,539.30975,1.0
2013-12-18 11:00:00,0.72,618.91284,1.0
2013-12-18 12:00:00,0.36,597.2381,1.0
2013-12-18 13:00:00,0.3,490.5075,1.0
2013-12-18 14:00:00,0.56,294.5369,1.0
2013-12-18 15:00:00,0.73,180.53998,1.0
2013-12-18 16:00:00,0.45,24.256172,0.6333333333333333
2013-12-18 17:00:00,0.42,0.0,0.0
2013-12-18 18:00:00,0.28,0.0,0.0
2013-12-18 19:00:00,0.47,0.0,0.0
2013-12-18 20:00:00,0.89,0.0,0.0
2013-12-18 21:00:00,0.99,0.0,0.0
2013-12-18 22:00:00,0.92,0.0,0.0
2013-12-18 23:00:00,0.79,0.0,0.0
2013-12-19 00:00:00,0.63,0.0,0.0
2013-12-19 01:00:00,0.43,0.0,0.0
2013-12-19 02:00:00,0.08,0.0,0.0
2013-12-19 03:00:00,0.16,0.0,0.0
2013-12-19 04:00:00,0.67,0.0,0.0
2013-12-19 05:00:00,0.86,0.0,0.0
2013-12-19 06:00:00,0.96,0.0,0.0
2013-12-19 07:00:00,0.97,23.594711,0.7130555555555556
2013-12-19 08:00:00,0.87,172.84596,1.0
2013-12-19 09:00:00,0.42,412.98758,1.0
2013-12-19 10:00:00,0.34,562.769,1.0
2013-12-19 11:00:00,0.14,609.8188,1.0
2013-12-19 12:00:00,0.21,583.32776,1.0
2013-12-19 13:00:00,0.7,518.7432,1.0
2013-12-19 14:00:00,0.8,362.07123,1.0
2013-12-19 15:00:00,0.81,177.63438,1.0
2013-12-19 16:00:00,0.29,24.210772,0.6402777777777777
2013-12-19 17:00:00,0.09,0.0,0.0
2013-12-19 18:00:00,0.21,0.0,0.0
2013-12-19 19:00:00,0.83,0.0,0.0
2013-12-19 20:00:00,0.96,0.0,0.0
2013-12-19 21:00:00,0.89,0.0,0.0
2013-12-19 22:00:00,0.83,0.0,0.0
2013-12-19 23:00:00,0.62,0.0,0.0
2013-12-20 00:00:00,0.62,0.0,0.0
2013-12-20 01:00:00,0.7,0.0,0.0
2013-12-20 02:00:00,0.64,0.0,0.0
2013-12-20 03:00:00,0.83,0.0,0.0
2013-12-20 04:00:00,0.72,0.0,0.0
2013-12-20 05:00:00,0.26,0.0,0.0
2013-12-20 06:00:00,0.04,0.0,0.0
2013-12-20 07:00:00,0.01,42.00471,0.7041666666666667
2013-12-20 08:00:00,0.19,252.30138,1.0
2013-12-20 09:00:00,0.52,435.204,1.0
2013-12-20 10:00:00,0.3,567.1898,1.0
2013-12-20 11:00:00,0.08,593.20233,1.0
2013-12-20 12:00:00,0.19,573.3451,1.0
2013-12-20 13:00:00,0.27,485.0299,1.0
2013-12-20 14:00:00,0.51,354.71326,1.0
2013-12-20 15:00:00,0.6,173.4335,1.0
2013-12-20 16:00:00,0.6,22.25549,0.6477777777777778
2013-12-20 17:00:00,0.41,0.0,0.0
2013-12-20 18:00:00,0.24,0.0,0.0
2013-12-20 19:00:00,0.31,0.0,0.0
2013-12-20 20:00:00,0.38,0.0,0.0
2013-12-20 21:00:00,0.31,0.0,0.0
2013-12-20 22:00:00,0.05,0.0,0.0
2013-12-20 23:00:00,0.09,0.0,0.0
2013-12-21 00:00:00,0.27,0.0,0.0
2013-12-21 01:00:00,0.32,0.0,0.0
2013-12-21 02:00:00,0.48,0.0,0.0
2013-12-21 03:00:00,0.53,0.0,0.0
2013-12-21 04:00:00,0.56,0.0,0.0
2013-12-21 05:00:00,0.52,0.0,0.0
2013-12-21 06:00:00,0.26,0.0,0.0
2013-12-21 07:00:00,0.06,35.34902,0.6955555555555556
2013-12-21 08:00:00,0.32,240.83536,1.0
2013-12-21 09:00:00,0.87,394.26602,1.0
2013-12-21 10:00:00,0.94,438.60577,1.0
2013-12-21 11:00:00,0.87,421.85327,1.0
2013-12-21 12:00:00,0.79,466.86667,1.0
2013-12-21 13:00:00,0.99,255.04259,1.0
2013-12-21 14:00:00,1.0,192.0242,1.0
2013-12-21 15:00:00,1.0,77.23329,1.0
2013-12-21 16:00:00,0.99,10.933154,0.6561111111111111
2013-12-21 17:00:00,0.99,0.0,0.0
2013-12-21 18:00:00,0.99,0.0,0.0
2013-12-21 19:00:00,0.96,0.0,0.0
2013-12-21 20:00:00,0.95,0.0,0.0
2013-12-21 21:00:00,0.63,0.0,0.0
2013-12-21 22:00:00,0.53,0.0,0.0
2013-12-21 23:00:00,0.46,0.0,0.0
2013-12-22 00:00:00,0.57,0.0,0.0
2013-12-22 01:00:00,0.47,0.0,0.0
2013-12-22 02:00:00,0.62,0.0,0.0
2013-12-22 03:00:00,0.66,0.0,0.0
2013-12-22 04:00:00,0.71,0.0,0.0
2013-12-22 05:00:00,0.67,0.0,0.0
2013-12-22 06:00:00,0.46,0.0,0.0
2013-12-22 07:00:00,0.13,29.604065,0.6875
2013-12-22 08:00:00,0.24,208.3673,1.0
2013-12-22 09:00:00,0.04,416.91464,1.0
2013-12-22 10:00:00,0.08,566.8737,1.0
2013-12-22 11:00:00,0.25,623.0621,1.0
2013-12-22 12:00:00,0.19,599.65125,1.0
2013-12-22 13:00:00,0.08,522.02295,1.0
2013-12-22 14:00:00,0.28,376.42896,1.0
2013-12-22 15:00:00,0.1,184.00781,1.0
2013-12-22 16:00:00,0.22,25.018564,0.665
2013-12-22 17:00:00,0.0,0.0,0.0
2013-12-22 18:00:00,0.14,0.0,0.0
2013-12-22 19:00:00,0.18,0.0,0.0
2013-12-22 20:00:00,0.08,0.0,0.0
2013-12-22 21:00:00,0.34,0.0,0.0
2013-12-22 22:00:00,0.66,0.0,0.0
2013-12-22 23:00:00,0.7,0.0,0.0
2013-12-23 00:00:00,0.91,0.0,0.0
2013-12-23 01:00:00,0.86,0.0,0.0
2013-12-23 02:00:00,0.82,0.0,0.0
2013-12-23 03:00:00,0.87,0.0,0.0
2013-12-23 04:00:00,0.58,0.0,0.0
2013-12-23 05:00:00,0.48,0.0,0.0
2013-12-23 06:00:00,0.44,0.0,0.0
2013-12-23 07:00:00,0.39,39.614025,0.68
2013-12-23 08:00:00,0.39,243.75868,1.0
2013-12-23 09:00:00,0.12,424.12195,1.0
2013-12-23 10:00:00,0.17,572.1487,1.0
2013-12-23 11:00:00,0.11,626.816,1.0
2013-12-23 12:00:00,0.16,613.17236,1.0
2013-12-23 13:00:00,0.12,533.45197,1.0
2013-12-23 14:00:00,0.13,388.277,1.0
2013-12-23 15:00:00,0.0,205.90952,1.0
2013-12-23 16:00:00,0.12,28.691841,0.6744444444444444
2013-12-23 17:00:00,0.12,0.0,0.0
2013-12-23 18:00:00,0.1,0.0,0.0
2013-12-23 19:00:00,0.09,0.0,0.0
2013-12-23 20:00:00,0.27,0.0,0.0
2013-12-23 21:00:00,0.37,0.0,0.0
2013-12-23 22:00:00,0.42,0.0,0.0
2013-12-23 23:00:00,0.24,0.0,0.0
2013-12-24 00:00:00,0.32,0.0,0.0
2013-12-24 01:00:00,0.22,0.0,0.0
2013-12-24 02:00:00,0.31,0.0,0.0
2013-12-24 03:00:00,0.17,0.0,0.0
2013-12-24 04:00:00,0.01,0.0,0.0
2013-12-24 05:00:00,0.0,0.0,0.0
2013-12-24 06:00:00,0.0,0.0,0.0
2013-12-24 07:00:00,0.0,36.78054,0.6730555555555555
2013-12-24 08:00:00,0.0,217.29004,1.0
2013-12-24 09:00:00,0.04,398.88187,1.0
2013-12-24 10:00:00,0.09,552.1034,1.0
2013-12-24 11:00:00,0.26,572.9061,1.0
2013-12-24 12:00:00,0.28,540.8808,1.0
2013-12-24 13:00:00,0.45,434.2456,1.0
2013-12-24 14:00:00,0.42,275.67557,1.0
2013-12-24 15:00:00,0.26,165.33443,1.0
2013-12-24 16:00:00,0.3,25.851818,0.6844444444444444
2013-12-24 17:00:00,0.18,0.0,0.0
2013-12-24 18:00:00,0.05,0.0,0.0
2013-12-24 19:00:00,0.04,0.0,0.0
2013-12-24 20:00:00,0.0,0.0,0.0
2013-12-24 21:00:00,0.0,0.0,0.0
2013-12-24 22:00:00,0.0,0.0,0.0
2013-12-24 23:00:00,0.02,0.0,0.0
2013-12-25 00:00:00,0.01,0.0,0.0
2013-12-25 01:00:00,0.01,0.0,0.0
2013-12-25 02:00:00,0.01,0.0,0.0
2013-12-25 03:00:00,0.03,0.0,0.0
2013-12-25 04:00:00,0.0,0.0,0.0
2013-12-25 05:00:00,0.04,0.0,0.0
2013-12-25 06:00:00,0.02,0.0,0.0
2013-12-25 07:00:00,0.01,41.898075,0.6663888888888889
2013-12-25 08:00:00,0.0,253.89777,1.0
2013-12-25 09:00:00,0.0,444.92734,1.0
2013-12-25 10:00:00,0.0,578.9468,1.0
2013-12-25 11:00:00,0.0,644.2093,1.0
2013-12-25 12:00:00,0.0,635.10236,1.0
2013-12-25 13:00:00,0.0,554.7666,1.0
2013-12-25 14:00:00,0.0,411.08865,1.0
2013-12-25 15:00:00,0.0,221.31287,1.0
2013-12-25 16:00:00,0.0,35.03128,0.695
2013-12-25 17:00:00,0.0,0.0,0.0
2013-12-25 18:00:00,0.0,0.0,0.0
2013-12-25 19:00:00,0.0,0.0,0.0
2013-12-25 20:00:00,0.0,0.0,0.0
2013-12-25 21:00:00,0.0,0.0,0.0
2013-12-25 22:00:00,0.0,0.0,0.0
2013-12-25 23:00:00,0.0,0.0,0.0
2013-12-26 00:00:00,0.0,0.0,0.0
2013-12-26 01:00:00,0.0,0.0,0.0
2013-12-26 02:00:00,0.0,0.0,0.0
2013-12-26 03:00:00,0.0,0.0,0.0
2013-12-26 04:00:00,0.0,0.0,0.0
2013-12-26 05:00:00,0.0,0.0,0.0
2013-12-26 06:00:00,0.0,0.0,0.0
2013-12-26 07:00:00,0.0,39.019787,0.6605555555555556
2013-12-26 08:00:00,0.82,131.62776,1.0
2013-12-26 09:00:00,0.92,151.15475,1.0
2013-12-26 10:00:00,0.57,283.19406,1.0
2013-12-26 11:00:00,0.04,628.4401,1.0
2013-12-26 12:00:00,0.0,620.84674,1.0
2013-12-26 13:00:00,0.0,543.1042,1.0
2013-12-26 14:00:00,0.0,403.15567,1.0
2013-12-26 15:00:00,0.0,217.0441,1.0
2013-12-26 16:00:00,0.0,34.87783,0.7058333333333333
2013-12-26 17:00:00,0.01,0.0,0.0
2013-12-26 18:00:00,0.0,0.0,0.0
2013-12-26 19:00:00,0.0,0.0,0.0
2013-12-26 20:00:00,0.0,0.0,0.0
2013-12-26 21:00:00,0.0,0.0,0.0
2013-12-26 22:00:00,0.0,0.0,0.0
2013-12-26 23:00:00,0.0,0.0,0.0
2013-12-27 00:00:00,0.0,0.0,0.0
2013-12-27 01:00:00,0.0,0.0,0.0
2013-12-27 02:00:00,0.0,0.0,0.0
2013-12-27 03:00:00,0.0,0.0,0.0
2013-12-27 04:00:00,0.0,0.0,0.0
2013-12-27 05:00:00,0.06,0.0,0.0
2013-12-27 06:00:00,0.3,0.0,0.0
2013-12-27 07:00:00,0.12,36.102325,0.655
2013-12-27 08:00:00,0.04,245.18837,1.0
2013-12-27 09:00:00,0.06,427.62283,1.0
2013-12-27 10:00:00,0.0,560.63684,1.0
2013-12-27 11:00:00,0.0,623.63995,1.0
2013-12-27 12:00:00,0.0,616.0325,1.0
2013-12-27 13:00:00,0.0,538.5497,1.0
2013-12-27 14:00:00,0.0,400.8299,1.0
2013-12-27 15:00:00,0.0,217.0325,1.0
2013-12-27 16:00:00,0.0,35.552967,0.7175
2013-12-27 17:00:00,0.0,0.0,0.0
2013-12-27 18:00:00,0.0,0.0,0.0
2013-12-27 19:00:00,0.0,0.0,0.0
2013-12-27 20:00:00,0.0,0.0,0.0
2013-12-27 21:00:00,0.0,0.0,0.0
2013-12-27 22:00:00,0.0,0.0,0.0
2013-12-27 23:00:00,0.0,0.0,0.0
2013-12-28 00:00:00,0.0,0.0,0.0
2013-12-28 01:00:00,0.03,0.0,0.0
2013-12-28 02:00:00,0.1,0.0,0.0
2013-12-28 03:00:00,0.17,0.0,0.0
2013-12-28 04:00:00,0.04,0.0,0.0
2013-12-28 05:00:00,0.56,0.0,0.0
2013-12-28 06:00:00,0.19,0.0,0.0
2013-12-28 07:00:00,0.94,36.175945,0.6502777777777777
2013-12-28 08:00:00,0.96,220.81676,1.0
2013-12-28 09:00:00,1.0,399.61157,1.0
2013-12-28 10:00:00,1.0,533.9382,1.0
2013-12-28 11:00:00,1.0,576.48303,1.0
2013-12-28 12:00:00,1.0,572.552,1.0
2013-12-28 13:00:00,0.99,423.44904,1.0
2013-12-28 14:00:00,1.0,275.1472,1.0
2013-12-28 15:00:00,1.0,70.99473,1.0
2013-12-28 16:00:00,1.0,7.9513845,0.7291666666666666
2013-12-28 17:00:00,1.0,0.0,0.0
2013-12-28 18:00:00,1.0,0.0,0.0
2013-12-28 19:00:00,1.0,0.0,0.0
2013-12-28 20:00:00,1.0,0.0,0.0
2013-12-28 21:00:00,1.0,0.0,0.0
2013-12-28 22:00:00,1.0,0.0,0.0
2013-12-28 23:00:00,1.0,0.0,0.0
2013-12-29 00:00:00,1.0,0.0,0.0
2013-12-29 01:00:00,1.0,0.0,0.0
2013-12-29 02:00:00,1.0,0.0,0.0
2013-12-29 03:00:00,0.98,0.0,0.0
2013-12-29 04:00:00,0.89,0.0,0.0
2013-12-29 05:00:00,0.79,0.0,0.0
2013-12-29 06:00:00,0.51,0.0,0.0
2013-12-29 07:00:00,0.35,31.162302,0.6458333333333334
2013-12-29 08:00:00,0.23,243.3202,1.0
2013-12-29 09:00:00,0.07,438.99338,1.0
2013-12-29 10:00:00,0.01,579.1714,1.0
2013-12-29 11:00:00,0.0,651.1976,1.0
2013-12-29 12:00:00,0.0,647.1806,1.0
2013-12-29 13:00:00,0.0,565.91864,1.0
2013-12-29 14:00:00,0.0,422.86136,1.0
2013-12-29 15:00:00,0.0,233.2059,1.0
2013-12-29 16:00:00,0.0,40.782097,0.7416666666666667
2013-12-29 17:00:00,0.0,0.0,0.0
2013-12-29 18:00:00,0.72,0.0,0.0
2013-12-29 19:00:00,0.04,0.0,0.0
2013-12-29 20:00:00,0.0,0.0,0.0
2013-12-29 21:00:00,0.17,0.0,0.0
2013-12-29 22:00:00,0.14,0.0,0.0
2013-12-29 23:00:00,0.25,0.0,0.0
2013-12-30 00:00:00,0.14,0.0,0.0
2013-12-30 01:00:00,0.21,0.0,0.0
2013-12-30 02:00:00,0.51,0.0,0.0
2013-12-30 03:00:00,0.14,0.0,0.0
2013-12-30 04:00:00,0.23,0.0,0.0
2013-12-30 05:00:00,0.33,0.0,0.0
2013-12-30 06:00:00,0.34,0.0,0.0
2013-12-30 07:00:00,0.54,30.197893,0.6422222222222222
2013-12-30 08:00:00,0.58,219.96106,1.0
2013-12-30 09:00:00,0.43,434.8974,1.0
2013-12-30 10:00:00,0.35,569.8651,1.0
2013-12-30 11:00:00,0.27,576.5169,1.0
2013-12-30 12:00:00,0.12,590.8114,1.0
2013-12-30 13:00:00,0.0,543.7824,1.0
2013-12-30 14:00:00,0.0,416.78903,1.0
2013-12-30 15:00:00,0.01,229.40306,1.0
2013-12-30 16:00:00,0.0,42.353542,0.7544444444444445
2013-12-30 17:00:00,0.0,0.0,0.0
2013-12-30 18:00:00,0.01,0.0,0.0
2013-12-30 19:00:00,0.0,0.0,0.0
2013-12-30 20:00:00,0.02,0.0,0.0
2013-12-30 21:00:00,0.25,0.0,0.0
2013-12-30 22:00:00,0.88,0.0,0.0
2013-12-30 23:00:00,0.97,0.0,0.0
2013-12-31 00:00:00,0.7,0.0,0.0
2013-12-31 01:00:00,0.33,0.0,0.0
2013-12-31 02:00:00,0.3,0.0,0.0
2013-12-31 03:00:00,0.16,0.0,0.0
2013-12-31 04:00:00,0.8,0.0,0.0
2013-12-31 05:00:00,0.9,0.0,0.0
2013-12-31 06:00:00,0.22,0.0,0.0
2013-12-31 07:00:00,0.01,33.250572,0.6391666666666667
2013-12-31 08:00:00,0.0,223.94174,1.0
2013-12-31 09:00:00,0.0,426.24814,1.0
2013-12-31 10:00:00,0.0,565.0594,1.0
2013-12-31 11:00:00,0.0,637.2494,1.0
2013-12-31 12:00:00,0.04,613.6516,1.0
2013-12-31 13:00:00,0.07,529.29803,1.0
2013-12-31 14:00:00,0.22,387.985,1.0
2013-12-31 15:00:00,0.72,212.69348,1.0
2013-12-31 16:00:00,0.64,33.661083,0.7675
2013-12-31 17:00:00,0.93,0.0,0.0
2013-12-31 18:00:00,0.97,0.0,0.0
2013-12-31 19:00:00,0.86,0.0,0.0
2013-12-31 20:00:00,0.6,0.0,0.0
2013-12-31 21:00:00,0.26,0.0,0.0
2013-12-31 22:00:00,0.24,0.0,0.0
2013-12-31 23:00:00,0.61,0.0,0.0
2014-01-01 00:00:00,0.94,0.0,0.0
2014-01-01 01:00:00,0.89,0.0,0.0
2014-01-01 02:00:00,0.51,0.0,0.0
2014-01-01 03:00:00,0.28,0.0,0.0
2014-01-01 04:00:00,0.96,0.0,0.0
2014-01-01 05:00:00,0.99,0.0,0.0
2014-01-01 06:00:00,0.6,0.0,0.0
2014-01-01 07:00:00,0.57,25.186022,0.6369444444444444
2014-01-01 08:00:00,0.76,161.16081,1.0
2014-01-01 09:00:00,0.74,282.07828,1.0
2014-01-01 10:00:00,0.79,380.85742,1.0
2014-01-01 11:00:00,0.76,346.52234,1.0
2014-01-01 12:00:00,0.8,250.11487,1.0
2014-01-01 13:00:00,0.67,392.7722,1.0
2014-01-01 14:00:00,0.89,235.0943,1.0
2014-01-01 15:00:00,0.86,151.69096,1.0
2014-01-01 16:00:00,0.75,28.7758,0.7808333333333334
2014-01-01 17:00:00,0.71,0.0,0.0
2014-01-01 18:00:00,0.61,0.0,0.0
2014-01-01 19:00:00,0.66,0.0,0.0
2014-01-01 20:00:00,0.6,0.0,0.0
2014-01-01 21:00:00,0.43,0.0,0.0
2014-01-01 22:00:00,0.18,0.0,0.0
2014-01-01 23:00:00,0.05,0.0,0.0
2014-01-02 00:00:00,0.04,0.0,0.0
2014-01-02 01:00:00,0.0,0.0,0.0
2014-01-02 02:00:00,0.0,0.0,0.0
2014-01-02 03:00:00,0.01,0.0,0.0
2014-01-02 04:00:00,0.19,0.0,0.0
2014-01-02 05:00:00,0.34,0.0,0.0
2014-01-02 06:00:00,0.18,0.0,0.0
2014-01-02 07:00:00,0.1,36.266888,0.6352777777777778
2014-01-02 08:00:00,0.0,249.2502,1.0
2014-01-02 09:00:00,0.0,446.13803,1.0
2014-01-02 10:00:00,0.02,581.9554,1.0
2014-01-02 11:00:00,0.04,649.3771,1.0
2014-01-02 12:00:00,0.1,641.48267,1.0
2014-01-02 13:00:00,0.47,559.91534,1.0
2014-01-02 14:00:00,0.66,411.13123,1.0
2014-01-02 15:00:00,0.33,229.18892,1.0
2014-01-02 16:00:00,0.52,42.11142,0.7944444444444444
2014-01-02 17:00:00,0.61,0.0,0.0
2014-01-02 18:00:00,0.18,0.0,0.0
2014-01-02 19:00:00,0.0,0.0,0.0
2014-01-02 20:00:00,0.0,0.0,0.0
2014-01-02 21:00:00,0.0,0.0,0.0
2014-01-02 22:00:00,0.0,0.0,0.0
2014-01-02 23:00:00,0.0,0.0,0.0
2014-01-03 00:00:00,0.0,0.0,0.0
2014-01-03 01:00:00,0.0,0.0,0.0
2014-01-03 02:00:00,0.04,0.0,0.0
2014-01-03 03:00:00,0.13,0.0,0.0
2014-01-03 04:00:00,0.08,0.0,0.0
2014-01-03 05:00:00,0.04,0.0,0.0
2014-01-03 06:00:00,0.02,0.0,0.0
2014-01-03 07:00:00,0.0,38.2621,0.6344444444444445
2014-01-03 08:00:00,0.0,253.32039,1.0
2014-01-03 09:00:00,0.0,444.78644,1.0
2014-01-03 10:00:00,0.0,572.6413,1.0
2014-01-03 11:00:00,0.0,649.9062,1.0
2014-01-03 12:00:00,0.0,645.4314,1.0
2014-01-03 13:00:00,0.05,569.7839,1.0
2014-01-03 14:00:00,0.26,430.442,1.0
2014-01-03 15:00:00,0.96,234.96716,1.0
2014-01-03 16:00:00,0.97,42.14814,0.8083333333333333
2014-01-03 17:00:00,0.89,0.0,0.0
2014-01-03 18:00:00,0.83,0.0,0.0
2014-01-03 19:00:00,0.64,0.0,0.0
2014-01-03 20:00:00,0.33,0.0,0.0
2014-01-03 21:00:00,0.35,0.0,0.0
2014-01-03 22:00:00,0.32,0.0,0.0
2014-01-03 23:00:00,0.12,0.0,0.0
2014-01-04 00:00:00,0.17,0.0,0.0
2014-01-04 01:00:00,0.45,0.0,0.0
2014-01-04 02:00:00,0.08,0.0,0.0
2014-01-04 03:00:00,0.92,0.0,0.0
2014-01-04 04:00:00,0.99,0.0,0.0
2014-01-04 05:00:00,0.95,0.0,0.0
2014-01-04 06:00:00,0.99,0.0,0.0
2014-01-04 07:00:00,1.0,5.963538,0.6341666666666667
2014-01-04 08:00:00,1.0,78.0112,1.0
2014-01-04 09:00:00,1.0,238.45709,1.0
2014-01-04 10:00:00,1.0,274.40115,1.0
2014-01-04 11:00:00,1.0,197.12968,1.0
2014-01-04 12:00:00,1.0,271.81055,1.0
2014-01-04 13:00:00,1.0,309.25134,1.0
2014-01-04 14:00:00,1.0,203.61269,1.0
2014-01-04 15:00:00,1.0,107.3099,1.0
2014-01-04 16:00:00,1.0,19.878462,0.8225
2014-01-04 17:00:00,0.96,0.0,0.0
2014-01-04 18:00:00,0.98,0.0,0.0
2014-01-04 19:00:00,0.99,0.0,0.0
2014-01-04 20:00:00,0.92,0.0,0.0
2014-01-04 21:00:00,0.75,0.0,0.0
2014-01-04 22:00:00,0.63,0.0,0.0
2014-01-04 23:00:00,0.5,0.0,0.0
2014-01-05 00:00:00,0.11,0.0,0.0
2014-01-05 01:00:00,0.11,0.0,0.0
2014-01-05 02:00:00,0.37,0.0,0.0
2014-01-05 03:00:00,0.23,0.0,0.0
2014-01-05 04:00:00,0.24,0.0,0.0
2014-01-05 05:00:00,0.37,0.0,0.0
2014-01-05 06:00:00,0.58,0.0,0.0
2014-01-05 07:00:00,0.89,31.042898,0.6347222222222222
2014-01-05 08:00:00,0.98,180.23451,1.0
2014-01-05 09:00:00,0.99,278.01102,1.0
2014-01-05 10:00:00,0.98,384.0292,1.0
2014-01-05 11:00:00,0.94,440.339,1.0
2014-01-05 12:00:00,0.97,489.00366,1.0
2014-01-05 13:00:00,0.86,410.90775,1.0
2014-01-05 14:00:00,0.78,321.89917,1.0
2014-01-05 15:00:00,0.71,200.3521,1.0
2014-01-05 16:00:00,0.81,38.61264,0.8369444444444445
2014-01-05 17:00:00,0.73,0.0,0.0
2014-01-05 18:00:00,0.81,0.0,0.0
2014-01-05 19:00:00,0.78,0.0,0.0
2014-01-05 20:00:00,0.82,0.0,0.0
2014-01-05 21:00:00,0.85,0.0,0.0
2014-01-05 22:00:00,0.7,0.0,0.0
2014-01-05 23:00:00,0.54,0.0,0.0
2014-01-06 00:00:00,0.19,0.0,0.0
2014-01-06 01:00:00,0.13,0.0,0.0
2014-01-06 02:00:00,0.06,0.0,0.0
2014-01-06 03:00:00,0.03,0.0,0.0
2014-01-06 04:00:00,0.06,0.0,0.0
2014-01-06 05:00:00,0.06,0.0,0.0
2014-01-06 06:00:00,0.02,0.0,0.0
2014-01-06 07:00:00,0.01,40.98865,0.6358333333333334
2014-01-06 08:00:00,0.0,259.56625,1.0
2014-01-06 09:00:00,0.01,455.7433,1.0
2014-01-06 10:00:00,0.01,593.7068,1.0
2014-01-06 11:00:00,0.0,663.10144,1.0
2014-01-06 12:00:00,0.0,646.0875,1.0
2014-01-06 13:00:00,0.0,584.48535,1.0
2014-01-06 14:00:00,0.0,445.5001,1.0
2014-01-06 15:00:00,0.0,257.96,1.0
2014-01-06 16:00:00,0.0,58.099804,0.8519444444444444
2014-01-06 17:00:00,0.0,0.0,0.0
2014-01-06 18:00:00,0.0,0.0,0.0
2014-01-06 19:00:00,0.0,0.0,0.0
2014-01-06 20:00:00,0.0,0.0,0.0
2014-01-06 21:00:00,0.0,0.0,0.0
2014-01-06 22:00:00,0.0,0.0,0.0
2014-01-06 23:00:00,0.0,0.0,0.0
2014-01-07 00:00:00,0.0,0.0,0.0
2014-01-07 01:00:00,0.07,0.0,0.0
2014-01-07 02:00:00,0.42,0.0,0.0
2014-01-07 03:00:00,0.81,0.0,0.0
2014-01-07 04:00:00,0.79,0.0,0.0
2014-01-07 05:00:00,0.65,0.0,0.0
2014-01-07 06:00:00,0.82,0.0,0.0
2014-01-07 07:00:00,0.95,16.912937,0.6375
2014-01-07 08:00:00,1.0,101.36855,1.0
2014-01-07 09:00:00,1.0,175.84477,1.0
2014-01-07 10:00:00,1.0,242.61008,1.0
2014-01-07 11:00:00,1.0,340.68686,1.0
2014-01-07 12:00:00,1.0,295.43207,1.0
2014-01-07 13:00:00,0.96,289.69592,1.0
2014-01-07 14:00:00,0.84,245.71266,1.0
2014-01-07 15:00:00,0.78,171.17038,1.0
2014-01-07 16:00:00,0.77,42.250404,0.8672222222222222
2014-01-07 17:00:00,0.99,0.0,0.0
2014-01-07 18:00:00,0.97,0.0,0.0
2014-01-07 19:00:00,0.99,0.0,0.0
2014-01-07 20:00:00,1.0,0.0,0.0
2014-01-07 21:00:00,1.0,0.0,0.0
2014-01-07 22:00:00,0.91,0.0,0.0
2014-01-07 23:00:00,0.67,0.0,0.0
2014-01-08 00:00:00,0.39,0.0,0.0
2014-01-08 01:00:00,0.42,0.0,0.0
2014-01-08 02:00:00,0.32,0.0,0.0
2014-01-08 03:00:00,0.12,0.0,0.0
2014-01-08 04:00:00,0.12,0.0,0.0
2014-01-08 05:00:00,0.19,0.0,0.0
2014-01-08 06:00:00,0.32,0.0,0.0
2014-01-08 07:00:00,0.38,32.740913,0.64
2014-01-08 08:00:00,0.43,215.31354,1.0
2014-01-08 09:00:00,0.33,416.53012,1.0
2014-01-08 10:00:00,0.24,567.9474,1.0
2014-01-08 11:00:00,0.18,641.94775,1.0
2014-01-08 12:00:00,0.22,643.6659,1.0
2014-01-08 13:00:00,0.2,573.0551,1.0
2014-01-08 14:00:00,0.56,429.13843,1.0
2014-01-08 15:00:00,0.88,212.70865,1.0
2014-01-08 16:00:00,0.91,40.420643,0.8833333333333333
2014-01-08 17:00:00,0.89,0.0,0.0
2014-01-08 18:00:00,0.95,0.0,0.0
2014-01-08 19:00:00,0.99,0.0,0.0
2014-01-08 20:00:00,0.97,0.0,0.0
2014-01-08 21:00:00,0.98,0.0,0.0
2014-01-08 22:00:00,0.98,0.0,0.0
2014-01-08 23:00:00,1.0,0.0,0.0
2014-01-09 00:00:00,0.99,0.0,0.0
2014-01-09 01:00:00,0.87,0.0,0.0
2014-01-09 02:00:00,0.63,0.0,0.0
2014-01-09 03:00:00,0.26,0.0,0.0
2014-01-09 04:00:00,0.0,0.0,0.0
2014-01-09 05:00:00,0.01,0.0,0.0
2014-01-09 06:00:00,0.0,0.0,0.0
2014-01-09 07:00:00,0.01,40.480263,0.6427777777777778
2014-01-09 08:00:00,0.0,256.92532,1.0
2014-01-09 09:00:00,0.0,449.34525,1.0
2014-01-09 10:00:00,0.0,600.5867,1.0
2014-01-09 11:00:00,0.12,670.16016,1.0
2014-01-09 12:00:00,0.37,658.9462,1.0
2014-01-09 13:00:00,0.75,487.0417,1.0
2014-01-09 14:00:00,0.78,298.91003,1.0
2014-01-09 15:00:00,0.76,184.5328,1.0
2014-01-09 16:00:00,0.25,45.13888,0.8997222222222222
2014-01-09 17:00:00,0.16,0.0,0.0
2014-01-09 18:00:00,0.49,0.0,0.0
2014-01-09 19:00:00,0.91,0.0,0.0
2014-01-09 20:00:00,0.94,0.0,0.0
2014-01-09 21:00:00,0.88,0.0,0.0
2014-01-09 22:00:00,0.7,0.0,0.0
2014-01-09 23:00:00,0.77,0.0,0.0
2014-01-10 00:00:00,0.77,0.0,0.0
2014-01-10 01:00:00,0.62,0.0,0.0
2014-01-10 02:00:00,0.24,0.0,0.0
2014-01-10 03:00:00,0.05,0.0,0.0
2014-01-10 04:00:00,0.05,0.0,0.0
2014-01-10 05:00:00,0.04,0.0,0.0
2014-01-10 06:00:00,0.09,0.0,0.0
2014-01-10 07:00:00,0.08,31.4999,0.6461111111111111
2014-01-10 08:00:00,0.0,164.17677,1.0
2014-01-10 09:00:00,0.34,263.8183,1.0
2014-01-10 10:00:00,0.31,440.37146,1.0
2014-01-10 11:00:00,0.5,585.56195,1.0
2014-01-10 12:00:00,0.38,609.1935,1.0
2014-01-10 13:00:00,0.37,561.3071,1.0
2014-01-10 14:00:00,0.4,411.74084,1.0
2014-01-10 15:00:00,0.28,248.57066,1.0
2014-01-10 16:00:00,0.26,59.510464,0.9166666666666666
2014-01-10 17:00:00,0.51,0.0,0.0
2014-01-10 18:00:00,0.95,0.0,0.0
2014-01-10 19:00:00,0.95,0.0,0.0
2014-01-10 20:00:00,0.88,0.0,0.0
2014-01-10 21:00:00,0.74,0.0,0.0
2014-01-10 22:00:00,0.49,0.0,0.0
2014-01-10 23:00:00,0.6,0.0,0.0
2014-01-11 00:00:00,0.61,0.0,0.0
2014-01-11 01:00:00,0.69,0.0,0.0
2014-01-11 02:00:00,0.73,0.0,0.0
2014-01-11 03:00:00,0.8,0.0,0.0
2014-01-11 04:00:00,0.52,0.0,0.0
2014-01-11 05:00:00,0.28,0.0,0.0
2014-01-11 06:00:00,0.2,0.0,0.0
2014-01-11 07:00:00,0.11,38.11924,0.6502777777777777
2014-01-11 08:00:00,0.11,246.49126,1.0
2014-01-11 09:00:00,0.07,444.32852,1.0
2014-01-11 10:00:00,0.02,582.2893,1.0
2014-01-11 11:00:00,0.02,664.2087,1.0
2014-01-11 12:00:00,0.01,662.8318,1.0
2014-01-11 13:00:00,0.07,596.7424,1.0
2014-01-11 14:00:00,0.19,451.0998,1.0
2014-01-11 15:00:00,0.72,248.91747,1.0
2014-01-11 16:00:00,0.78,48.985596,0.9338888888888889
2014-01-11 17:00:00,0.65,0.0,0.0
2014-01-11 18:00:00,1.0,0.0,0.0
2014-01-11 19:00:00,1.0,0.0,0.0
2014-01-11 20:00:00,0.9,0.0,0.0
2014-01-11 21:00:00,0.88,0.0,0.0
2014-01-11 22:00:00,0.84,0.0,0.0
2014-01-11 23:00:00,0.39,0.0,0.0
2014-01-12 00:00:00,0.01,0.0,0.0
2014-01-12 01:00:00,0.0,0.0,0.0
2014-01-12 02:00:00,0.0,0.0,0.0
2014-01-12 03:00:00,0.0,0.0,0.0
2014-01-12 04:00:00,0.0,0.0,0.0
2014-01-12 05:00:00,0.0,0.0,0.0
2014-01-12 06:00:00,0.0,0.0,0.0
2014-01-12 07:00:00,0.0,35.00188,0.655
2014-01-12 08:00:00,0.0,183.43085,1.0
2014-01-12 09:00:00,0.27,246.00792,1.0
2014-01-12 10:00:00,0.72,239.78094,1.0
2014-01-12 11:00:00,0.94,393.08084,1.0
2014-01-12 12:00:00,0.99,470.3383,1.0
2014-01-12 13:00:00,0.84,419.1677,1.0
2014-01-12 14:00:00,0.48,386.26477,1.0
2014-01-12 15:00:00,0.53,219.09125,1.0
2014-01-12 16:00:00,0.24,69.06699,0.9513888888888888
2014-01-12 17:00:00,0.06,0.0,0.0
2014-01-12 18:00:00,0.17,0.0,0.0
2014-01-12 19:00:00,0.08,0.0,0.0
2014-01-12 20:00:00,0.31,0.0,0.0
2014-01-12 21:00:00,0.15,0.0,0.0
2014-01-12 22:00:00,0.14,0.0,0.0
2014-01-12 23:00:00,0.11,0.0,0.0
2014-01-13 00:00:00,0.03,0.0,0.0
2014-01-13 01:00:00,0.06,0.0,0.0
2014-01-13 02:00:00,0.44,0.0,0.0
2014-01-13 03:00:00,0.35,0.0,0.0
2014-01-13 04:00:00,0.6,0.0,0.0
2014-01-13 05:00:00,0.62,0.0,0.0
2014-01-13 06:00:00,0.39,0.0,0.0
2014-01-13 07:00:00,0.38,34.7886,0.66
2014-01-13 08:00:00,0.59,215.89369,1.0
2014-01-13 09:00:00,0.39,406.50464,1.0
2014-01-13 10:00:00,0.35,554.3001,1.0
2014-01-13 11:00:00,0.36,607.63873,1.0
2014-01-13 12:00:00,0.3,617.28705,1.0
2014-01-13 13:00:00,0.33,562.2204,1.0
2014-01-13 14:00:00,0.38,449.29697,1.0
2014-01-13 15:00:00,0.3,256.17996,1.0
2014-01-13 16:00:00,0.16,69.19388,0.9691666666666666
2014-01-13 17:00:00,0.25,0.0,0.0
2014-01-13 18:00:00,0.43,0.0,0.0
2014-01-13 19:00:00,0.48,0.0,0.0
2014-01-13 20:00:00,0.46,0.0,0.0
2014-01-13 21:00:00,0.36,0.0,0.0
2014-01-13 22:00:00,0.33,0.0,0.0
2014-01-13 23:00:00,0.34,0.0,0.0
2014-01-14 00:00:00,0.42,0.0,0.0
2014-01-14 01:00:00,0.4,0.0,0.0
2014-01-14 02:00:00,0.37,0.0,0.0
2014-01-14 03:00:00,0.51,0.0,0.0
2014-01-14 04:00:00,0.63,0.0,0.0
2014-01-14 05:00:00,0.78,0.0,0.0
2014-01-14 06:00:00,0.91,0.0,0.0
2014-01-14 07:00:00,0.8,13.644339,0.6658333333333334
2014-01-14 08:00:00,0.75,76.229004,1.0
2014-01-14 09:00:00,0.81,158.8873,1.0
2014-01-14 10:00:00,0.78,279.5435,1.0
2014-01-14 11:00:00,0.82,380.41977,1.0
2014-01-14 12:00:00,0.78,345.1041,1.0
2014-01-14 13:00:00,0.75,353.56335,1.0
2014-01-14 14:00:00,0.87,279.04703,1.0
2014-01-14 15:00:00,0.79,192.56621,1.0
2014-01-14 16:00:00,0.27,58.643036,0.9875
2014-01-14 17:00:00,0.32,0.0,0.0
2014-01-14 18:00:00,0.34,0.0,0.0
2014-01-14 19:00:00,0.34,0.0,0.0
2014-01-14 20:00:00,0.6,0.0,0.0
2014-01-14 21:00:00,0.28,0.0,0.0
2014-01-14 22:00:00,0.24,0.0,0.0
2014-01-14 23:00:00,0.16,0.0,0.0
2014-01-15 00:00:00,0.09,0.0,0.0
2014-01-15 01:00:00,0.04,0.0,0.0
2014-01-15 02:00:00,0.0,0.0,0.0
2014-01-15 03:00:00,0.01,0.0,0.0
2014-01-15 04:00:00,0.0,0.0,0.0
2014-01-15 05:00:00,0.01,0.0,0.0
2014-01-15 06:00:00,0.35,0.0,0.0
2014-01-15 07:00:00,0.03,43.782944,0.6722222222222223
2014-01-15 08:00:00,0.01,262.9899,1.0
2014-01-15 09:00:00,0.0,462.03568,1.0
2014-01-15 10:00:00,0.11,602.5303,1.0
2014-01-15 11:00:00,0.61,673.5705,1.0
2014-01-15 12:00:00,0.48,677.7126,1.0
2014-01-15 13:00:00,0.07,613.9701,1.0
2014-01-15 14:00:00,0.0,482.88513,1.0
2014-01-15 15:00:00,0.0,297.98984,1.0
2014-01-15 16:00:00,0.0,86.81787,1.0
2014-01-15 17:00:00,0.42,0.0,0.005833333333333334
2014-01-15 18:00:00,0.57,0.0,0.0
2014-01-15 19:00:00,0.3,0.0,0.0
2014-01-15 20:00:00,0.43,0.0,0.0
2014-01-15 21:00:00,0.36,0.0,0.0
2014-01-15 22:00:00,0.01,0.0,0.0
2014-01-15 23:00:00,0.02,0.0,0.0
2014-01-16 00:00:00,0.01,0.0,0.0
2014-01-16 01:00:00,0.0,0.0,0.0
2014-01-16 02:00:00,0.01,0.0,0.0
2014-01-16 03:00:00,0.01,0.0,0.0
2014-01-16 04:00:00,0.03,0.0,0.0
2014-01-16 05:00:00,0.11,0.0,0.0
2014-01-16 06:00:00,0.35,0.0,0.0
2014-01-16 07:00:00,0.43,39.857594,0.6788888888888889
2014-01-16 08:00:00,0.19,267.86588,1.0
2014-01-16 09:00:00,0.34,475.5829,1.0
2014-01-16 10:00:00,0.52,623.8514,1.0
2014-01-16 11:00:00,0.53,677.448,1.0
2014-01-16 12:00:00,0.66,659.5958,1.0
2014-01-16 13:00:00,0.32,612.613,1.0
2014-01-16 14:00:00,0.37,467.71695,1.0
2014-01-16 15:00:00,0.92,283.43802,1.0
2014-01-16 16:00:00,0.77,87.16896,1.0
2014-01-16 17:00:00,0.44,0.0,0.024444444444444446
2014-01-16 18:00:00,0.3,0.0,0.0
2014-01-16 19:00:00,0.31,0.0,0.0
2014-01-16 20:00:00,0.01,0.0,0.0
2014-01-16 21:00:00,0.05,0.0,0.0
2014-01-16 22:00:00,0.1,0.0,0.0
2014-01-16 23:00:00,0.04,0.0,0.0
2014-01-17 00:00:00,0.03,0.0,0.0
2014-01-17 01:00:00,0.19,0.0,0.0
2014-01-17 02:00:00,0.38,0.0,0.0
2014-01-17 03:00:00,0.2,0.0,0.0
2014-01-17 04:00:00,0.0,0.0,0.0
2014-01-17 05:00:00,0.0,0.0,0.0
2014-01-17 06:00:00,0.0,0.0,0.0
2014-01-17 07:00:00,0.01,47.653137,0.6863888888888889
2014-01-17 08:00:00,0.0,268.44406,1.0
2014-01-17 09:00:00,0.0,460.4178,1.0
2014-01-17 10:00:00,0.0,608.5817,1.0
2014-01-17 11:00:00,0.0,684.36444,1.0
2014-01-17 12:00:00,0.0,686.536,1.0
2014-01-17 13:00:00,0.0,618.0106,1.0
2014-01-17 14:00:00,0.02,482.03967,1.0
2014-01-17 15:00:00,0.02,299.12357,1.0
2014-01-17 16:00:00,0.0,92.59873,1.0
2014-01-17 17:00:00,0.06,0.0,0.043055555555555555
2014-01-17 18:00:00,0.24,0.0,0.0
2014-01-17 19:00:00,0.24,0.0,0.0
2014-01-17 20:00:00,0.0,0.0,0.0
2014-01-17 21:00:00,0.0,0.0,0.0
2014-01-17 22:00:00,0.0,0.0,0.0
2014-01-17 23:00:00,0.0,0.0,0.0
2014-01-18 00:00:00,0.02,0.0,0.0
2014-01-18 01:00:00,0.01,0.0,0.0
2014-01-18 02:00:00,0.0,0.0,0.0
2014-01-18 03:00:00,0.0,0.0,0.0
2014-01-18 04:00:00,0.0,0.0,0.0
2014-01-18 05:00:00,0.0,0.0,0.0
2014-01-18 06:00:00,0.0,0.0,0.0
2014-01-18 07:00:00,0.0,49.98163,0.6944444444444444
2014-01-18 08:00:00,0.0,279.29614,1.0
2014-01-18 09:00:00,0.0,481.78198,1.0
2014-01-18 10:00:00,0.0,625.675,1.0
2014-01-18 11:00:00,0.0,700.75214,1.0
2014-01-18 12:00:00,0.0,702.5514,1.0
2014-01-18 13:00:00,0.0,632.3385,1.0
2014-01-18 14:00:00,0.0,496.01358,1.0
2014-01-18 15:00:00,0.0,307.51495,1.0
2014-01-18 16:00:00,0.0,97.918976,1.0
2014-01-18 17:00:00,0.0,0.0,0.06194444444444445
2014-01-18 18:00:00,0.0,0.0,0.0
2014-01-18 19:00:00,0.0,0.0,0.0
2014-01-18 20:00:00,0.0,0.0,0.0
2014-01-18 21:00:00,0.0,0.0,0.0
2014-01-18 22:00:00,0.0,0.0,0.0
2014-01-18 23:00:00,0.0,0.0,0.0
2014-01-19 00:00:00,0.0,0.0,0.0
2014-01-19 01:00:00,0.0,0.0,0.0
2014-01-19 02:00:00,0.0,0.0,0.0
2014-01-19 03:00:00,0.0,0.0,0.0
2014-01-19 04:00:00,0.0,0.0,0.0
2014-01-19 05:00:00,0.0,0.0,0.0
2014-01-19 06:00:00,0.0,0.0,0.0
2014-01-19 07:00:00,0.0,53.234604,0.7027777777777777
2014-01-19 08:00:00,0.0,286.55423,1.0
2014-01-19 09:00:00,0.0,490.08762,1.0
2014-01-19 10:00:00,0.0,634.5868,1.0
2014-01-19 11:00:00,0.0,706.6659,1.0
2014-01-19 12:00:00,0.0,707.03156,1.0
2014-01-19 13:00:00,0.0,636.76715,1.0
2014-01-19 14:00:00,0.0,501.74866,1.0
2014-01-19 15:00:00,0.0,313.21667,1.0
2014-01-19 16:00:00,0.0,101.64633,1.0
2014-01-19 17:00:00,0.0,0.0,0.0811111111111111
2014-01-19 18:00:00,0.0,0.0,0.0
2014-01-19 19:00:00,0.0,0.0,0.0
2014-01-19 20:00:00,0.04,0.0,0.0
2014-01-19 21:00:00,0.09,0.0,0.0
2014-01-19 22:00:00,0.11,0.0,0.0
2014-01-19 23:00:00,0.35,0.0,0.0
2014-01-20 00:00:00,0.6,0.0,0.0
2014-01-20 01:00:00,0.8,0.0,0.0
2014-01-20 02:00:00,0.35,0.0,0.0
2014-01-20 03:00:00,0.2,0.0,0.0
2014-01-20 04:00:00,0.22,0.0,0.0
2014-01-20 05:00:00,0.0,0.0,0.0
2014-01-20 06:00:00,0.17,0.0,0.0
2014-01-20 07:00:00,0.33,48.390438,0.7119444444444445
2014-01-20 08:00:00,0.18,252.24095,1.0
2014-01-20 09:00:00,0.13,463.04507,1.0
2014-01-20 10:00:00,0.02,612.21625,1.0
2014-01-20 11:00:00,0.0,692.8027,1.0
2014-01-20 12:00:00,0.0,701.0357,1.0
2014-01-20 13:00:00,0.0,634.8622,1.0
2014-01-20 14:00:00,0.0,502.11746,1.0
2014-01-20 15:00:00,0.0,314.36246,1.0
2014-01-20 16:00:00,0.0,103.349655,1.0
2014-01-20 17:00:00,0.0,0.0,0.1
2014-01-20 18:00:00,0.0,0.0,0.0
2014-01-20 19:00:00,0.0,0.0,0.0
2014-01-20 20:00:00,0.0,0.0,0.0
2014-01-20 21:00:00,0.0,0.0,0.0
2014-01-20 22:00:00,0.0,0.0,0.0
2014-01-20 23:00:00,0.0,0.0,0.0
2014-01-21 00:00:00,0.0,0.0,0.0
2014-01-21 01:00:00,0.0,0.0,0.0
2014-01-21 02:00:00,0.0,0.0,0.0
2014-01-21 03:00:00,0.0,0.0,0.0
2014-01-21 04:00:00,0.0,0.0,0.0
2014-01-21 05:00:00,0.0,0.0,0.0
2014-01-21 06:00:00,0.0,0.0,0.0
2014-01-21 07:00:00,0.0,55.890736,0.7213888888888889
2014-01-21 08:00:00,0.0,290.23056,1.0
2014-01-21 09:00:00,0.0,494.07367,1.0
2014-01-21 10:00:00,0.0,639.7841,1.0
2014-01-21 11:00:00,0.0,719.61865,1.0
2014-01-21 12:00:00,0.0,724.4505,1.0
2014-01-21 13:00:00,0.0,654.0205,1.0
2014-01-21 14:00:00,0.0,517.5687,1.0
2014-01-21 15:00:00,0.0,326.43375,1.0
2014-01-21 16:00:00,0.0,110.87086,1.0
2014-01-21 17:00:00,0.0,0.0,0.11916666666666667
2014-01-21 18:00:00,0.0,0.0,0.0
2014-01-21 19:00:00,0.0,0.0,0.0
2014-01-21 20:00:00,0.0,0.0,0.0
2014-01-21 21:00:00,0.0,0.0,0.0
2014-01-21 22:00:00,0.0,0.0,0.0
2014-01-21 23:00:00,0.0,0.0,0.0
2014-01-22 00:00:00,0.0,0.0,0.0
2014-01-22 01:00:00,0.0,0.0,0.0
2014-01-22 02:00:00,0.05,0.0,0.0
2014-01-22 03:00:00,0.02,0.0,0.0
2014-01-22 04:00:00,0.0,0.0,0.0
2014-01-22 05:00:00,0.05,0.0,0.0
2014-01-22 06:00:00,0.11,0.0,0.0
2014-01-22 07:00:00,0.16,48.511234,0.7313888888888889
2014-01-22 08:00:00,0.38,251.78674,1.0
2014-01-22 09:00:00,0.8,448.6525,1.0
2014-01-22 10:00:00,0.65,613.3397,1.0
2014-01-22 11:00:00,0.73,681.8674,1.0
2014-01-22 12:00:00,0.9,684.72363,1.0
2014-01-22 13:00:00,0.88,619.52966,1.0
2014-01-22 14:00:00,0.91,471.87097,1.0
2014-01-22 15:00:00,0.81,298.72076,1.0
2014-01-22 16:00:00,0.49,103.920204,1.0
2014-01-22 17:00:00,0.02,0.0,0.13833333333333334
2014-01-22 18:00:00,0.07,0.0,0.0
2014-01-22 19:00:00,0.78,0.0,0.0
2014-01-22 20:00:00,1.0,0.0,0.0
2014-01-22 21:00:00,1.0,0.0,0.0
2014-01-22 22:00:00,1.0,0.0,0.0
2014-01-22 23:00:00,1.0,0.0,0.0
2014-01-23 00:00:00,1.0,0.0,0.0
2014-01-23 01:00:00,1.0,0.0,0.0
2014-01-23 02:00:00,1.0,0.0,0.0
2014-01-23 03:00:00,1.0,0.0,0.0
2014-01-23 04:00:00,0.99,0.0,0.0
2014-01-23 05:00:00,1.0,0.0,0.0
2014-01-23 06:00:00,0.97,0.0,0.0
2014-01-23 07:00:00,0.62,19.077839,0.7419444444444444
2014-01-23 08:00:00,0.62,141.58568,1.0
2014-01-23 09:00:00,0.56,325.32385,1.0
2014-01-23 10:00:00,0.46,540.5868,1.0
2014-01-23 11:00:00,0.07,708.81476,1.0
2014-01-23 12:00:00,0.04,672.9486,1.0
2014-01-23 13:00:00,0.0,622.43555,1.0
2014-01-23 14:00:00,0.0,533.61035,1.0
2014-01-23 15:00:00,0.0,341.84424,1.0
2014-01-23 16:00:00,0.0,121.81204,1.0
2014-01-23 17:00:00,0.0,0.0,0.1575
2014-01-23 18:00:00,0.0,0.0,0.0
2014-01-23 19:00:00,0.0,0.0,0.0
2014-01-23 20:00:00,0.0,0.0,0.0
2014-01-23 21:00:00,0.0,0.0,0.0
2014-01-23 22:00:00,0.0,0.0,0.0
2014-01-23 23:00:00,0.0,0.0,0.0
2014-01-24 00:00:00,0.0,0.0,0.0
2014-01-24 01:00:00,0.0,0.0,0.0
2014-01-24 02:00:00,0.0,0.0,0.0
2014-01-24 03:00:00,0.0,0.0,0.0
2014-01-24 04:00:00,0.0,0.0,0.0
2014-01-24 05:00:00,0.0,0.0,0.0
2014-01-24 06:00:00,0.12,0.0,0.0
2014-01-24 07:00:00,0.02,61.92349,0.7530555555555556
2014-01-24 08:00:00,0.0,295.33636,1.0
2014-01-24 09:00:00,0.0,494.8641,1.0
2014-01-24 10:00:00,0.0,632.4152,1.0
2014-01-24 11:00:00,0.0,710.1031,1.0
2014-01-24 12:00:00,0.0,712.46173,1.0
2014-01-24 13:00:00,0.0,643.7678,1.0
2014-01-24 14:00:00,0.0,510.14905,1.0
2014-01-24 15:00:00,0.02,324.62268,1.0
2014-01-24 16:00:00,0.45,115.27913,1.0
2014-01-24 17:00:00,0.73,0.0,0.1763888888888889
2014-01-24 18:00:00,0.74,0.0,0.0
2014-01-24 19:00:00,0.74,0.0,0.0
2014-01-24 20:00:00,0.63,0.0,0.0
2014-01-24 21:00:00,0.74,0.0,0.0
2014-01-24 22:00:00,0.82,0.0,0.0
2014-01-24 23:00:00,0.39,0.0,0.0
2014-01-25 00:00:00,0.48,0.0,0.0
2014-01-25 01:00:00,0.29,0.0,0.0
2014-01-25 02:00:00,0.14,0.0,0.0
2014-01-25 03:00:00,0.07,0.0,0.0
2014-01-25 04:00:00,0.05,0.0,0.0
2014-01-25 05:00:00,0.0,0.0,0.0
2014-01-25 06:00:00,0.0,0.0,0.0
2014-01-25 07:00:00,0.0,59.756355,0.7647222222222222
2014-01-25 08:00:00,0.0,285.4937,1.0
2014-01-25 09:00:00,0.0,485.78864,1.0
2014-01-25 10:00:00,0.0,630.4112,1.0
2014-01-25 11:00:00,0.0,709.65125,1.0
2014-01-25 12:00:00,0.0,716.0112,1.0
2014-01-25 13:00:00,0.0,648.2601,1.0
2014-01-25 14:00:00,0.0,514.6831,1.0
2014-01-25 15:00:00,0.0,330.10046,1.0
2014-01-25 16:00:00,0.0,120.09624,1.0
2014-01-25 17:00:00,0.0,0.0,0.19555555555555557
2014-01-25 18:00:00,0.0,0.0,0.0
2014-01-25 19:00:00,0.0,0.0,0.0
2014-01-25 20:00:00,0.0,0.0,0.0
2014-01-25 21:00:00,0.0,0.0,0.0
2014-01-25 22:00:00,0.0,0.0,0.0
2014-01-25 23:00:00,0.0,0.0,0.0
2014-01-26 00:00:00,0.0,0.0,0.0
2014-01-26 01:00:00,0.0,0.0,0.0
2014-01-26 02:00:00,0.0,0.0,0.0
2014-01-26 03:00:00,0.0,0.0,0.0
2014-01-26 04:00:00,0.0,0.0,0.0
2014-01-26 05:00:00,0.0,0.0,0.0
2014-01-26 06:00:00,0.0,0.0,0.0
2014-01-26 07:00:00,0.0,61.620857,0.7769444444444444
2014-01-26 08:00:00,0.0,291.14056,1.0
2014-01-26 09:00:00,0.0,492.62784,1.0
2014-01-26 10:00:00,0.0,639.2673,1.0
2014-01-26 11:00:00,0.0,719.1009,1.0
2014-01-26 12:00:00,0.0,723.9963,1.0
2014-01-26 13:00:00,0.0,654.9295,1.0
2014-01-26 14:00:00,0.0,522.6327,1.0
2014-01-26 15:00:00,0.53,335.51355,1.0
2014-01-26 16:00:00,0.49,120.64181,1.0
2014-01-26 17:00:00,0.75,0.0,0.21472222222222223
2014-01-26 18:00:00,1.0,0.0,0.0
2014-01-26 19:00:00,0.98,0.0,0.0
2014-01-26 20:00:00,0.91,0.0,0.0
2014-01-26 21:00:00,0.86,0.0,0.0
2014-01-26 22:00:00,0.77,0.0,0.0
2014-01-26 23:00:00,0.68,0.0,0.0
2014-01-27 00:00:00,0.7,0.0,0.0
2014-01-27 01:00:00,0.61,0.0,0.0
2014-01-27 02:00:00,0.54,0.0,0.0
2014-01-27 03:00:00,0.83,0.0,0.0
2014-01-27 04:00:00,0.93,0.0,0.0
2014-01-27 05:00:00,0.93,0.0,0.0
2014-01-27 06:00:00,0.78,0.0,0.0
2014-01-27 07:00:00,0.68,27.167492,0.79
2014-01-27 08:00:00,0.7,178.63242,1.0
2014-01-27 09:00:00,0.84,295.69678,1.0
2014-01-27 10:00:00,0.92,425.10635,1.0
2014-01-27 11:00:00,0.99,356.98682,1.0
2014-01-27 12:00:00,0.98,489.08905,1.0
2014-01-27 13:00:00,0.99,462.21365,1.0
2014-01-27 14:00:00,0.98,329.4496,1.0
2014-01-27 15:00:00,1.0,116.87457,1.0
2014-01-27 16:00:00,1.0,31.73954,1.0
2014-01-27 17:00:00,1.0,0.0,0.23416666666666666
2014-01-27 18:00:00,1.0,0.0,0.0
2014-01-27 19:00:00,1.0,0.0,0.0
2014-01-27 20:00:00,0.98,0.0,0.0
2014-01-27 21:00:00,0.98,0.0,0.0
2014-01-27 22:00:00,0.94,0.0,0.0
2014-01-27 23:00:00,0.96,0.0,0.0
2014-01-28 00:00:00,0.99,0.0,0.0
2014-01-28 01:00:00,0.99,0.0,0.0
2014-01-28 02:00:00,0.87,0.0,0.0
2014-01-28 03:00:00,0.84,0.0,0.0
2014-01-28 04:00:00,0.52,0.0,0.0
2014-01-28 05:00:00,0.26,0.0,0.0
2014-01-28 06:00:00,0.05,0.0,0.0
2014-01-28 07:00:00,0.0,69.54161,0.8036111111111112
2014-01-28 08:00:00,0.0,310.98343,1.0
2014-01-28 09:00:00,0.0,519.2745,1.0
2014-01-28 10:00:00,0.0,673.91394,1.0
2014-01-28 11:00:00,0.0,755.7727,1.0
2014-01-28 12:00:00,0.03,760.1746,1.0
2014-01-28 13:00:00,0.05,688.1776,1.0
2014-01-28 14:00:00,0.0,552.2301,1.0
2014-01-28 15:00:00,0.0,359.8534,1.0
2014-01-28 16:00:00,0.0,139.9337,1.0
2014-01-28 17:00:00,0.0,0.0,0.2536111111111111
2014-01-28 18:00:00,0.0,0.0,0.0
2014-01-28 19:00:00,0.0,0.0,0.0
2014-01-28 20:00:00,0.0,0.0,0.0
2014-01-28 21:00:00,0.0,0.0,0.0
2014-01-28 22:00:00,0.04,0.0,0.0
2014-01-28 23:00:00,0.33,0.0,0.0
2014-01-29 00:00:00,0.38,0.0,0.0
2014-01-29 01:00:00,0.36,0.0,0.0
2014-01-29 02:00:00,0.15,0.0,0.0
2014-01-29 03:00:00,0.37,0.0,0.0
2014-01-29 04:00:00,0.28,0.0,0.0
2014-01-29 05:00:00,0.29,0.0,0.0
2014-01-29 06:00:00,0.22,0.0,0.0
2014-01-29 07:00:00,0.14,66.392586,0.8175
2014-01-29 08:00:00,0.23,298.94562,1.0
2014-01-29 09:00:00,0.05,502.12918,1.0
2014-01-29 10:00:00,0.12,649.08185,1.0
2014-01-29 11:00:00,0.11,720.7262,1.0
2014-01-29 12:00:00,0.15,735.0329,1.0
2014-01-29 13:00:00,0.42,664.6118,1.0
2014-01-29 14:00:00,0.4,449.6028,1.0
2014-01-29 15:00:00,0.3,316.79013,1.0
2014-01-29 16:00:00,0.62,104.80762,1.0
2014-01-29 17:00:00,0.99,1.9878461,0.27361111111111114
2014-01-29 18:00:00,0.99,0.0,0.0
2014-01-29 19:00:00,0.95,0.0,0.0
2014-01-29 20:00:00,0.98,0.0,0.0
2014-01-29 21:00:00,0.96,0.0,0.0
2014-01-29 22:00:00,0.93,0.0,0.0
2014-01-29 23:00:00,0.65,0.0,0.0
2014-01-30 00:00:00,1.0,0.0,0.0
2014-01-30 01:00:00,0.99,0.0,0.0
2014-01-30 02:00:00,1.0,0.0,0.0
2014-01-30 03:00:00,1.0,0.0,0.0
2014-01-30 04:00:00,1.0,0.0,0.0
2014-01-30 05:00:00,0.96,0.0,0.0
2014-01-30 06:00:00,0.96,0.0,0.0
2014-01-30 07:00:00,0.89,31.009697,0.8322222222222222
2014-01-30 08:00:00,0.85,167.67764,1.0
2014-01-30 09:00:00,0.93,271.52536,1.0
2014-01-30 10:00:00,0.99,338.4394,1.0
2014-01-30 11:00:00,1.0,484.35205,1.0
2014-01-30 12:00:00,1.0,437.45267,1.0
2014-01-30 13:00:00,1.0,273.36707,1.0
2014-01-30 14:00:00,1.0,158.67369,1.0
2014-01-30 15:00:00,1.0,78.51992,1.0
2014-01-30 16:00:00,1.0,25.842,1.0
2014-01-30 17:00:00,1.0,0.99392307,0.29333333333333333
2014-01-30 18:00:00,1.0,0.0,0.0
2014-01-30 19:00:00,1.0,0.0,0.0
2014-01-30 20:00:00,1.0,0.0,0.0
2014-01-30 21:00:00,1.0,0.0,0.0
2014-01-30 22:00:00,1.0,0.0,0.0
2014-01-30 23:00:00,1.0,0.0,0.0
2014-01-31 00:00:00,1.0,0.0,0.0
2014-01-31 01:00:00,1.0,0.0,0.0
2014-01-31 02:00:00,1.0,0.0,0.0
2014-01-31 03:00:00,1.0,0.0,0.0
2014-01-31 04:00:00,1.0,0.0,0.0
2014-01-31 05:00:00,0.99,0.0,0.0
2014-01-31 06:00:00,0.98,0.0,0.0
2014-01-31 07:00:00,0.97,29.486427,0.8475
2014-01-31 08:00:00,1.0,139.46713,1.0
2014-01-31 09:00:00,0.99,238.84636,1.0
2014-01-31 10:00:00,1.0,316.58093,1.0
2014-01-31 11:00:00,1.0,463.85318,1.0
2014-01-31 12:00:00,1.0,451.3906,1.0
2014-01-31 13:00:00,1.0,390.00662,1.0
2014-01-31 14:00:00,0.99,241.68578,1.0
2014-01-31 15:00:00,0.99,130.6903,1.0
2014-01-31 16:00:00,0.99,56.31891,1.0
2014-01-31 17:00:00,0.97,1.9878461,0.31333333333333335
2014-01-31 18:00:00,0.96,0.0,0.0
2014-01-31 19:00:00,0.99,0.0,0.0
2014-01-31 20:00:00,1.0,0.0,0.0
2014-01-31 21:00:00,1.0,0.0,0.0
2014-01-31 22:00:00,0.99,0.0,0.0
2014-01-31 23:00:00,0.98,0.0,0.0
2014-02-01 00:00:00,0.95,0.0,0.0
2014-02-01 01:00:00,0.95,0.0,0.0
2014-02-01 02:00:00,0.95,0.0,0.0
2014-02-01 03:00:00,0.97,0.0,0.0
2014-02-01 04:00:00,0.88,0.0,0.0
2014-02-01 05:00:00,0.84,0.0,0.0
2014-02-01 06:00:00,0.77,0.0,0.0
2014-02-01 07:00:00,0.69,41.151646,0.8630555555555556
2014-02-01 08:00:00,0.71,168.12016,1.0
2014-02-01 09:00:00,0.71,388.96774,1.0
2014-02-01 10:00:00,0.72,477.77994,1.0
2014-02-01 11:00:00,0.75,605.1687,1.0
2014-02-01 12:00:00,0.76,635.0902,1.0
2014-02-01 13:00:00,0.99,531.8762,1.0
2014-02-01 14:00:00,0.88,409.57312,1.0
2014-02-01 15:00:00,0.79,161.89676,1.0
2014-02-01 16:00:00,0.6,104.52786,1.0
2014-02-01 17:00:00,0.76,2.981769,0.3333333333333333
2014-02-01 18:00:00,0.63,0.0,0.0
2014-02-01 19:00:00,0.59,0.0,0.0
2014-02-01 20:00:00,0.55,0.0,0.0
2014-02-01 21:00:00,0.52,0.0,0.0
2014-02-01 22:00:00,0.29,0.0,0.0
2014-02-01 23:00:00,0.07,0.0,0.0
2014-02-02 00:00:00,0.0,0.0,0.0
2014-02-02 01:00:00,0.0,0.0,0.0
2014-02-02 02:00:00,0.0,0.0,0.0
2014-02-02 03:00:00,0.02,0.0,0.0
2014-02-02 04:00:00,0.0,0.0,0.0
2014-02-02 05:00:00,0.0,0.0,0.0
2014-02-02 06:00:00,0.0,0.0,0.0
2014-02-02 07:00:00,0.0,85.51117,0.8791666666666667
2014-02-02 08:00:00,0.0,330.7375,1.0
2014-02-02 09:00:00,0.0,547.80084,1.0
2014-02-02 10:00:00,0.0,700.9887,1.0
2014-02-02 11:00:00,0.0,792.4375,1.0
2014-02-02 12:00:00,0.0,799.4985,1.0
2014-02-02 13:00:00,0.0,730.8726,1.0
2014-02-02 14:00:00,0.0,592.8882,1.0
2014-02-02 15:00:00,0.0,394.6568,1.0
2014-02-02 16:00:00,0.0,166.20654,1.0
2014-02-02 17:00:00,0.0,6.191634,0.35333333333333333
2014-02-02 18:00:00,0.0,0.0,0.0
2014-02-02 19:00:00,0.0,0.0,0.0
2014-02-02 20:00:00,0.02,0.0,0.0
2014-02-02 21:00:00,0.88,0.0,0.0
2014-02-02 22:00:00,0.93,0.0,0.0
2014-02-02 23:00:00,0.92,0.0,0.0
2014-02-03 00:00:00,0.39,0.0,0.0
2014-02-03 01:00:00,0.16,0.0,0.0
2014-02-03 02:00:00,0.0,0.0,0.0
2014-02-03 03:00:00,0.0,0.0,0.0
2014-02-03 04:00:00,0.0,0.0,0.0
2014-02-03 05:00:00,0.0,0.0,0.0
2014-02-03 06:00:00,0.0,0.0,0.0
2014-02-03 07:00:00,0.0,88.99515,0.8958333333333334
2014-02-03 08:00:00,0.0,334.16495,1.0
2014-02-03 09:00:00,0.0,546.89154,1.0
2014-02-03 10:00:00,0.0,693.04517,1.0
2014-02-03 11:00:00,0.04,767.8203,1.0
2014-02-03 12:00:00,0.22,745.6305,1.0
2014-02-03 13:00:00,0.56,650.7911,1.0
2014-02-03 14:00:00,0.81,520.7011,1.0
2014-02-03 15:00:00,0.9,309.22192,1.0
2014-02-03 16:00:00,0.71,116.536835,1.0
2014-02-03 17:00:00,0.44,5.5346365,0.3736111111111111
2014-02-03 18:00:00,0.72,0.0,0.0
2014-02-03 19:00:00,0.89,0.0,0.0
2014-02-03 20:00:00,0.99,0.0,0.0
2014-02-03 21:00:00,0.98,0.0,0.0
2014-02-03 22:00:00,0.99,0.0,0.0
2014-02-03 23:00:00,0.98,0.0,0.0
2014-02-04 00:00:00,0.97,0.0,0.0
2014-02-04 01:00:00,0.95,0.0,0.0
2014-02-04 02:00:00,0.91,0.0,0.0
2014-02-04 03:00:00,0.93,0.0,0.0
2014-02-04 04:00:00,0.99,0.0,0.0
2014-02-04 05:00:00,0.99,0.0,0.0
2014-02-04 06:00:00,1.0,0.0,0.0
2014-02-04 07:00:00,0.99,36.205875,0.9127777777777778
2014-02-04 08:00:00,0.99,153.09529,1.0
2014-02-04 09:00:00,0.99,289.89532,1.0
2014-02-04 10:00:00,0.98,408.38535,1.0
2014-02-04 11:00:00,0.97,482.7798,1.0
2014-02-04 12:00:00,0.99,524.49054,1.0
2014-02-04 13:00:00,0.99,418.438,1.0
2014-02-04 14:00:00,0.98,372.23163,1.0
2014-02-04 15:00:00,0.98,227.3629,1.0
2014-02-04 16:00:00,1.0,75.09971,1.0
2014-02-04 17:00:00,1.0,2.981769,0.39361111111111113
2014-02-04 18:00:00,1.0,0.0,0.0
2014-02-04 19:00:00,1.0,0.0,0.0
2014-02-04 20:00:00,1.0,0.0,0.0
2014-02-04 21:00:00,1.0,0.0,0.0
2014-02-04 22:00:00,1.0,0.0,0.0
2014-02-04 23:00:00,1.0,0.0,0.0
2014-02-05 00:00:00,1.0,0.0,0.0
2014-02-05 01:00:00,1.0,0.0,0.0
2014-02-05 02:00:00,0.96,0.0,0.0
2014-02-05 03:00:00,0.98,0.0,0.0
2014-02-05 04:00:00,0.9,0.0,0.0
2014-02-05 05:00:00,0.89,0.0,0.0
2014-02-05 06:00:00,0.89,0.0,0.0
2014-02-05 07:00:00,0.9,69.88996,0.93
2014-02-05 08:00:00,0.81,288.07874,1.0
2014-02-05 09:00:00,0.72,495.1888,1.0
2014-02-05 10:00:00,0.61,676.78296,1.0
2014-02-05 11:00:00,0.68,735.2714,1.0
2014-02-05 12:00:00,0.57,700.97284,1.0
2014-02-05 13:00:00,0.63,657.4191,1.0
2014-02-05 14:00:00,0.74,495.91476,1.0
2014-02-05 15:00:00,0.46,341.6779,1.0
2014-02-05 16:00:00,0.4,140.4023,1.0
2014-02-05 17:00:00,0.83,7.440063,0.4136111111111111
2014-02-05 18:00:00,0.77,0.0,0.0
2014-02-05 19:00:00,0.88,0.0,0.0
2014-02-05 20:00:00,0.82,0.0,0.0
2014-02-05 21:00:00,0.8,0.0,0.0
2014-02-05 22:00:00,0.59,0.0,0.0
2014-02-05 23:00:00,0.46,0.0,0.0
2014-02-06 00:00:00,0.37,0.0,0.0
2014-02-06 01:00:00,0.46,0.0,0.0
2014-02-06 02:00:00,0.61,0.0,0.0
2014-02-06 03:00:00,0.82,0.0,0.0
2014-02-06 04:00:00,0.64,0.0,0.0
2014-02-06 05:00:00,0.77,0.0,0.0
2014-02-06 06:00:00,0.75,0.0,0.0
2014-02-06 07:00:00,0.76,73.67543,0.9477777777777778
2014-02-06 08:00:00,0.76,255.93947,1.0
2014-02-06 09:00:00,0.4,493.42487,1.0
2014-02-06 10:00:00,0.33,649.3887,1.0
2014-02-06 11:00:00,0.77,721.96094,1.0
2014-02-06 12:00:00,0.75,712.27606,1.0
2014-02-06 13:00:00,0.64,672.38257,1.0
2014-02-06 14:00:00,0.54,533.3596,1.0
2014-02-06 15:00:00,0.0,358.69702,1.0
2014-02-06 16:00:00,0.0,154.2951,1.0
2014-02-06 17:00:00,0.03,8.842582,0.4338888888888889
2014-02-06 18:00:00,0.08,0.0,0.0
2014-02-06 19:00:00,0.03,0.0,0.0
2014-02-06 20:00:00,0.03,0.0,0.0
2014-02-06 21:00:00,0.02,0.0,0.0
2014-02-06 22:00:00,0.0,0.0,0.0
2014-02-06 23:00:00,0.0,0.0,0.0
2014-02-07 00:00:00,0.0,0.0,0.0
2014-02-07 01:00:00,0.0,0.0,0.0
2014-02-07 02:00:00,0.0,0.0,0.0
2014-02-07 03:00:00,0.3,0.0,0.0
2014-02-07 04:00:00,0.01,0.0,0.0
2014-02-07 05:00:00,0.04,0.0,0.0
2014-02-07 06:00:00,0.06,0.0,0.0
2014-02-07 07:00:00,0.0,90.036385,0.9658333333333333
2014-02-07 08:00:00,0.02,322.85876,1.0
2014-02-07 09:00:00,0.0,524.1475,1.0
2014-02-07 10:00:00,0.11,682.03,1.0
2014-02-07 11:00:00,0.2,750.5538,1.0
2014-02-07 12:00:00,0.43,730.84326,1.0
2014-02-07 13:00:00,0.5,636.1552,1.0
2014-02-07 14:00:00,0.63,489.2848,1.0
2014-02-07 15:00:00,0.81,344.97433,1.0
2014-02-07 16:00:00,0.68,165.85834,1.0
2014-02-07 17:00:00,0.83,10.178384,0.4538888888888889
2014-02-07 18:00:00,0.83,0.0,0.0
2014-02-07 19:00:00,0.61,0.0,0.0
2014-02-07 20:00:00,0.3,0.0,0.0
2014-02-07 21:00:00,0.0,0.0,0.0
2014-02-07 22:00:00,0.14,0.0,0.0
2014-02-07 23:00:00,0.24,0.0,0.0
2014-02-08 00:00:00,0.11,0.0,0.0
2014-02-08 01:00:00,0.0,0.0,0.0
2014-02-08 02:00:00,0.0,0.0,0.0
2014-02-08 03:00:00,0.01,0.0,0.0
2014-02-08 04:00:00,0.0,0.0,0.0
2014-02-08 05:00:00,0.0,0.0,0.0
2014-02-08 06:00:00,0.25,0.0,0.0
2014-02-08 07:00:00,0.74,87.032745,0.9841666666666666
2014-02-08 08:00:00,0.43,269.6418,1.0
2014-02-08 09:00:00,0.19,468.289,1.0
2014-02-08 10:00:00,0.09,635.24756,1.0
2014-02-08 11:00:00,0.19,723.30786,1.0
2014-02-08 12:00:00,0.18,702.6482,1.0
2014-02-08 13:00:00,0.17,654.56635,1.0
2014-02-08 14:00:00,0.49,514.9033,1.0
2014-02-08 15:00:00,0.64,336.0713,1.0
2014-02-08 16:00:00,0.99,131.14496,1.0
2014-02-08 17:00:00,1.0,8.330089,0.4738888888888889
2014-02-08 18:00:00,0.38,0.0,0.0
2014-02-08 19:00:00,0.74,0.0,0.0
2014-02-08 20:00:00,0.36,0.0,0.0
2014-02-08 21:00:00,0.74,0.0,0.0
2014-02-08 22:00:00,0.94,0.0,0.0
2014-02-08 23:00:00,1.0,0.0,0.0
2014-02-09 00:00:00,1.0,0.0,0.0
2014-02-09 01:00:00,1.0,0.0,0.0
2014-02-09 02:00:00,0.86,0.0,0.0
2014-02-09 03:00:00,0.96,0.0,0.0
2014-02-09 04:00:00,0.93,0.0,0.0
2014-02-09 05:00:00,0.96,0.0,0.0
2014-02-09 06:00:00,0.96,0.0,0.0030555555555555557
2014-02-09 07:00:00,1.0,58.292313,1.0
2014-02-09 08:00:00,0.78,252.556,1.0
2014-02-09 09:00:00,0.66,390.4661,1.0
2014-02-09 10:00:00,0.99,565.4557,1.0
2014-02-09 11:00:00,0.99,693.18787,1.0
2014-02-09 12:00:00,0.96,634.4266,1.0
2014-02-09 13:00:00,0.93,511.9292,1.0
2014-02-09 14:00:00,1.0,362.19885,1.0
2014-02-09 15:00:00,1.0,174.9284,1.0
2014-02-09 16:00:00,0.99,78.96828,1.0
2014-02-09 17:00:00,1.0,5.963538,0.4936111111111111
2014-02-09 18:00:00,1.0,0.0,0.0
2014-02-09 19:00:00,1.0,0.0,0.0
2014-02-09 20:00:00,0.96,0.0,0.0
2014-02-09 21:00:00,0.35,0.0,0.0
2014-02-09 22:00:00,0.58,0.0,0.0
2014-02-09 23:00:00,0.32,0.0,0.0
2014-02-10 00:00:00,0.05,0.0,0.0
2014-02-10 01:00:00,0.31,0.0,0.0
2014-02-10 02:00:00,0.49,0.0,0.0
2014-02-10 03:00:00,0.59,0.0,0.0
2014-02-10 04:00:00,0.99,0.0,0.0
2014-02-10 05:00:00,0.61,0.0,0.0
2014-02-10 06:00:00,0.03,0.0,0.021944444444444444
2014-02-10 07:00:00,1.0,39.808754,1.0
2014-02-10 08:00:00,1.0,157.89247,1.0
2014-02-10 09:00:00,1.0,313.41586,1.0
2014-02-10 10:00:00,1.0,445.4694,1.0
2014-02-10 11:00:00,1.0,451.7214,1.0
2014-02-10 12:00:00,0.99,511.24036,1.0
2014-02-10 13:00:00,0.95,457.9556,1.0
2014-02-10 14:00:00,0.93,413.0138,1.0
2014-02-10 15:00:00,0.68,289.7475,1.0
2014-02-10 16:00:00,0.48,121.197266,1.0
2014-02-10 17:00:00,0.33,8.5913315,0.5133333333333333
2014-02-10 18:00:00,0.35,0.0,0.0
2014-02-10 19:00:00,0.41,0.0,0.0
2014-02-10 20:00:00,0.34,0.0,0.0
2014-02-10 21:00:00,0.39,0.0,0.0
2014-02-10 22:00:00,0.38,0.0,0.0
2014-02-10 23:00:00,0.17,0.0,0.0
2014-02-11 00:00:00,0.09,0.0,0.0
2014-02-11 01:00:00,0.04,0.0,0.0
2014-02-11 02:00:00,0.01,0.0,0.0
2014-02-11 03:00:00,0.01,0.0,0.0
2014-02-11 04:00:00,0.01,0.0,0.0
2014-02-11 05:00:00,0.01,0.0,0.0
2014-02-11 06:00:00,0.01,0.0,0.04138888888888889
2014-02-11 07:00:00,0.0,122.19375,1.0
2014-02-11 08:00:00,0.0,370.17917,1.0
2014-02-11 09:00:00,0.09,570.785,1.0
2014-02-11 10:00:00,1.0,669.4602,1.0
2014-02-11 11:00:00,1.0,692.82874,1.0
2014-02-11 12:00:00,1.0,579.5061,1.0
2014-02-11 13:00:00,0.99,522.0633,1.0
2014-02-11 14:00:00,0.78,337.6756,1.0
2014-02-11 15:00:00,0.58,264.11755,1.0
2014-02-11 16:00:00,0.32,156.15125,1.0
2014-02-11 17:00:00,0.28,17.254519,0.5330555555555555
2014-02-11 18:00:00,0.1,0.0,0.0
2014-02-11 19:00:00,0.0,0.0,0.0
2014-02-11 20:00:00,0.01,0.0,0.0
2014-02-11 21:00:00,0.01,0.0,0.0
2014-02-11 22:00:00,0.03,0.0,0.0
2014-02-11 23:00:00,0.26,0.0,0.0
2014-02-12 00:00:00,0.52,0.0,0.0
2014-02-12 01:00:00,0.89,0.0,0.0
2014-02-12 02:00:00,0.85,0.0,0.0
2014-02-12 03:00:00,1.0,0.0,0.0
2014-02-12 04:00:00,0.84,0.0,0.0
2014-02-12 05:00:00,1.0,0.0,0.0
2014-02-12 06:00:00,1.0,0.0,0.060833333333333336
2014-02-12 07:00:00,0.96,96.54863,1.0
2014-02-12 08:00:00,1.0,352.3895,1.0
2014-02-12 09:00:00,1.0,557.14734,1.0
2014-02-12 10:00:00,0.99,654.0075,1.0
2014-02-12 11:00:00,0.87,646.8053,1.0
2014-02-12 12:00:00,0.9,517.2733,1.0
2014-02-12 13:00:00,0.72,651.07935,1.0
2014-02-12 14:00:00,0.68,585.3947,1.0
2014-02-12 15:00:00,0.32,404.50684,1.0
2014-02-12 16:00:00,0.05,173.9703,1.0
2014-02-12 17:00:00,0.55,15.522991,0.5525
2014-02-12 18:00:00,0.52,0.0,0.0
2014-02-12 19:00:00,0.11,0.0,0.0
2014-02-12 20:00:00,0.14,0.0,0.0
2014-02-12 21:00:00,0.48,0.0,0.0
2014-02-12 22:00:00,0.38,0.0,0.0
2014-02-12 23:00:00,0.37,0.0,0.0
2014-02-13 00:00:00,0.37,0.0,0.0
2014-02-13 01:00:00,0.59,0.0,0.0
2014-02-13 02:00:00,0.37,0.0,0.0
2014-02-13 03:00:00,0.15,0.0,0.0
2014-02-13 04:00:00,0.11,0.0,0.0
2014-02-13 05:00:00,0.13,0.0,0.0
2014-02-13 06:00:00,0.15,0.0,0.08055555555555556
2014-02-13 07:00:00,0.12,107.19947,1.0
2014-02-13 08:00:00,0.04,311.38913,1.0
2014-02-13 09:00:00,0.0,497.05252,1.0
2014-02-13 10:00:00,0.15,629.6048,1.0
2014-02-13 11:00:00,0.24,758.12756,1.0
2014-02-13 12:00:00,0.08,787.66974,1.0
2014-02-13 13:00:00,0.05,740.4639,1.0
2014-02-13 14:00:00,0.14,599.9084,1.0
2014-02-13 15:00:00,0.04,411.5031,1.0
2014-02-13 16:00:00,0.17,191.65088,1.0
2014-02-13 17:00:00,0.46,16.13009,0.5719444444444445
2014-02-13 18:00:00,0.78,0.0,0.0
2014-02-13 19:00:00,0.86,0.0,0.0
2014-02-13 20:00:00,0.4,0.0,0.0
2014-02-13 21:00:00,0.7,0.0,0.0
2014-02-13 22:00:00,0.9,0.0,0.0
2014-02-13 23:00:00,0.93,0.0,0.0
2014-02-14 00:00:00,0.73,0.0,0.0
2014-02-14 01:00:00,0.58,0.0,0.0
2014-02-14 02:00:00,0.57,0.0,0.0
2014-02-14 03:00:00,0.55,0.0,0.0
2014-02-14 04:00:00,0.19,0.0,0.0
2014-02-14 05:00:00,0.13,0.0,0.0
2014-02-14 06:00:00,0.16,0.0,0.10055555555555555
2014-02-14 07:00:00,0.12,120.40137,1.0
2014-02-14 08:00:00,0.07,356.6775,1.0
2014-02-14 09:00:00,0.02,572.5915,1.0
2014-02-14 10:00:00,0.01,722.0329,1.0
2014-02-14 11:00:00,0.07,815.25336,1.0
2014-02-14 12:00:00,0.17,797.4588,1.0
2014-02-14 13:00:00,0.32,702.6708,1.0
2014-02-14 14:00:00,0.5,547.9948,1.0
2014-02-14 15:00:00,0.16,369.56915,1.0
2014-02-14 16:00:00,0.23,177.35184,1.0
2014-02-14 17:00:00,0.17,17.454262,0.5911111111111111
2014-02-14 18:00:00,0.2,0.0,0.0
2014-02-14 19:00:00,0.95,0.0,0.0
2014-02-14 20:00:00,0.92,0.0,0.0
2014-02-14 21:00:00,0.41,0.0,0.0
2014-02-14 22:00:00,0.36,0.0,0.0
2014-02-14 23:00:00,0.37,0.0,0.0
2014-02-15 00:00:00,0.61,0.0,0.0
2014-02-15 01:00:00,0.73,0.0,0.0
2014-02-15 02:00:00,0.53,0.0,0.0
2014-02-15 03:00:00,0.5,0.0,0.0
2014-02-15 04:00:00,0.33,0.0,0.0
2014-02-15 05:00:00,0.43,0.0,0.0
2014-02-15 06:00:00,0.47,0.0,0.1213888888888889
2014-02-15 07:00:00,0.61,103.42947,1.0
2014-02-15 08:00:00,0.83,276.46667,1.0
2014-02-15 09:00:00,0.96,426.27393,1.0
2014-02-15 10:00:00,0.98,553.5446,1.0
2014-02-15 11:00:00,1.0,685.49866,1.0
2014-02-15 12:00:00,0.97,638.7941,1.0
2014-02-15 13:00:00,0.98,535.047,1.0
2014-02-15 14:00:00,1.0,527.65735,1.0
2014-02-15 15:00:00,1.0,337.6836,1.0
2014-02-15 16:00:00,1.0,167.26823,1.0
2014-02-15 17:00:00,0.46,20.284592,0.6105555555555555
2014-02-15 18:00:00,0.88,0.0,0.0
2014-02-15 19:00:00,0.99,0.0,0.0
2014-02-15 20:00:00,0.91,0.0,0.0
2014-02-15 21:00:00,0.27,0.0,0.0
2014-02-15 22:00:00,0.19,0.0,0.0
2014-02-15 23:00:00,0.15,0.0,0.0
2014-02-16 00:00:00,0.21,0.0,0.0
2014-02-16 01:00:00,0.98,0.0,0.0
2014-02-16 02:00:00,0.99,0.0,0.0
2014-02-16 03:00:00,0.92,0.0,0.0
2014-02-16 04:00:00,0.96,0.0,0.0
2014-02-16 05:00:00,1.0,0.0,0.0
2014-02-16 06:00:00,1.0,0.0,0.1425
2014-02-16 07:00:00,0.99,131.15553,1.0
2014-02-16 08:00:00,0.99,378.2543,1.0
2014-02-16 09:00:00,0.99,596.78265,1.0
2014-02-16 10:00:00,0.95,737.3666,1.0
2014-02-16 11:00:00,0.98,680.2943,1.0
2014-02-16 12:00:00,0.8,822.2901,1.0
2014-02-16 13:00:00,0.25,761.74634,1.0
2014-02-16 14:00:00,0.01,572.62164,1.0
2014-02-16 15:00:00,0.24,383.2325,1.0
2014-02-16 16:00:00,0.08,200.6886,1.0
2014-02-16 17:00:00,0.23,22.844358,0.6297222222222222
2014-02-16 18:00:00,0.46,0.0,0.0
2014-02-16 19:00:00,0.63,0.0,0.0
2014-02-16 20:00:00,0.5,0.0,0.0
2014-02-16 21:00:00,0.43,0.0,0.0
2014-02-16 22:00:00,0.52,0.0,0.0
2014-02-16 23:00:00,0.33,0.0,0.0
2014-02-17 00:00:00,0.25,0.0,0.0
2014-02-17 01:00:00,0.17,0.0,0.0
2014-02-17 02:00:00,0.03,0.0,0.0
2014-02-17 03:00:00,0.01,0.0,0.0
2014-02-17 04:00:00,0.0,0.0,0.0
2014-02-17 05:00:00,0.0,0.0,0.0
2014-02-17 06:00:00,0.06,0.0,0.1638888888888889
2014-02-17 07:00:00,0.61,151.19469,1.0
2014-02-17 08:00:00,0.42,394.901,1.0
2014-02-17 09:00:00,0.3,613.3871,1.0
2014-02-17 10:00:00,0.3,768.235,1.0
2014-02-17 11:00:00,0.18,842.78687,1.0
2014-02-17 12:00:00,0.17,856.16064,1.0
2014-02-17 13:00:00,0.14,775.51666,1.0
2014-02-17 14:00:00,0.29,589.17773,1.0
2014-02-17 15:00:00,0.01,452.98297,1.0
2014-02-17 16:00:00,0.0,220.26903,1.0
2014-02-17 17:00:00,0.0,25.92624,0.6488888888888888
2014-02-17 18:00:00,0.0,0.0,0.0
2014-02-17 19:00:00,0.01,0.0,0.0
2014-02-17 20:00:00,0.14,0.0,0.0
2014-02-17 21:00:00,0.08,0.0,0.0
2014-02-17 22:00:00,0.13,0.0,0.0
2014-02-17 23:00:00,0.0,0.0,0.0
2014-02-18 00:00:00,0.0,0.0,0.0
2014-02-18 01:00:00,0.0,0.0,0.0
2014-02-18 02:00:00,0.0,0.0,0.0
2014-02-18 03:00:00,0.0,0.0,0.0
2014-02-18 04:00:00,0.0,0.0,0.0
2014-02-18 05:00:00,0.0,0.0,0.0
2014-02-18 06:00:00,0.0,0.0,0.18583333333333332
2014-02-18 07:00:00,0.0,156.75645,1.0
2014-02-18 08:00:00,0.0,402.11508,1.0
2014-02-18 09:00:00,0.0,608.71826,1.0
2014-02-18 10:00:00,0.0,761.1289,1.0
2014-02-18 11:00:00,0.0,838.0243,1.0
2014-02-18 12:00:00,0.14,848.08276,1.0
2014-02-18 13:00:00,0.0,775.75085,1.0
2014-02-18 14:00:00,0.05,636.83624,1.0
2014-02-18 15:00:00,0.0,439.41687,1.0
2014-02-18 16:00:00,0.06,218.64502,1.0
2014-02-18 17:00:00,0.72,28.087118,0.6680555555555555
2014-02-18 18:00:00,0.23,0.0,0.0
2014-02-18 19:00:00,0.19,0.0,0.0
2014-02-18 20:00:00,0.94,0.0,0.0
2014-02-18 21:00:00,0.89,0.0,0.0
2014-02-18 22:00:00,1.0,0.0,0.0
2014-02-18 23:00:00,0.99,0.0,0.0
2014-02-19 00:00:00,0.97,0.0,0.0
2014-02-19 01:00:00,0.99,0.0,0.0
2014-02-19 02:00:00,0.9,0.0,0.0
2014-02-19 03:00:00,0.92,0.0,0.0
2014-02-19 04:00:00,0.9,0.0,0.0
2014-02-19 05:00:00,0.88,0.0,0.0
2014-02-19 06:00:00,0.85,0.0,0.20833333333333334
2014-02-19 07:00:00,0.49,155.15683,1.0
2014-02-19 08:00:00,0.19,397.38498,1.0
2014-02-19 09:00:00,0.0,601.7724,1.0
2014-02-19 10:00:00,0.26,748.8399,1.0
2014-02-19 11:00:00,0.27,821.8746,1.0
2014-02-19 12:00:00,0.16,829.5445,1.0
2014-02-19 13:00:00,0.41,747.5253,1.0
2014-02-19 14:00:00,0.27,506.8816,1.0
2014-02-19 15:00:00,0.55,370.80157,1.0
2014-02-19 16:00:00,0.99,118.72374,1.0
2014-02-19 17:00:00,1.0,12.921,0.6869444444444445
2014-02-19 18:00:00,0.99,0.0,0.0
2014-02-19 19:00:00,1.0,0.0,0.0
2014-02-19 20:00:00,1.0,0.0,0.0
2014-02-19 21:00:00,0.99,0.0,0.0
2014-02-19 22:00:00,0.98,0.0,0.0
2014-02-19 23:00:00,1.0,0.0,0.0
2014-02-20 00:00:00,0.99,0.0,0.0
2014-02-20 01:00:00,0.98,0.0,0.0
2014-02-20 02:00:00,0.9,0.0,0.0
2014-02-20 03:00:00,0.75,0.0,0.0
2014-02-20 04:00:00,0.72,0.0,0.0
2014-02-20 05:00:00,0.43,0.0,0.0
2014-02-20 06:00:00,0.23,0.0,0.2311111111111111
2014-02-20 07:00:00,0.4,142.31429,1.0
2014-02-20 08:00:00,0.34,362.81342,1.0
2014-02-20 09:00:00,0.38,548.6747,1.0
2014-02-20 10:00:00,0.54,653.37573,1.0
2014-02-20 11:00:00,0.51,691.59717,1.0
2014-02-20 12:00:00,0.76,725.936,1.0
2014-02-20 13:00:00,0.53,689.19055,1.0
2014-02-20 14:00:00,0.08,591.6125,1.0
2014-02-20 15:00:00,0.05,457.65604,1.0
2014-02-20 16:00:00,0.0,234.068,1.0
2014-02-20 17:00:00,0.0,32.796104,0.7061111111111111
2014-02-20 18:00:00,0.0,0.0,0.0
2014-02-20 19:00:00,0.0,0.0,0.0
2014-02-20 20:00:00,0.0,0.0,0.0
2014-02-20 21:00:00,0.16,0.0,0.0
2014-02-20 22:00:00,0.18,0.0,0.0
2014-02-20 23:00:00,0.22,0.0,0.0
2014-02-21 00:00:00,0.2,0.0,0.0
2014-02-21 01:00:00,0.04,0.0,0.0
2014-02-21 02:00:00,0.01,0.0,0.0
2014-02-21 03:00:00,0.26,0.0,0.0
2014-02-21 04:00:00,0.26,0.0,0.0
2014-02-21 05:00:00,0.32,0.0,0.0
2014-02-21 06:00:00,0.07,0.0,0.25416666666666665
2014-02-21 07:00:00,0.22,147.07008,1.0
2014-02-21 08:00:00,0.19,386.38385,1.0
2014-02-21 09:00:00,0.14,613.4906,1.0
2014-02-21 10:00:00,0.22,751.38257,1.0
2014-02-21 11:00:00,0.15,837.0579,1.0
2014-02-21 12:00:00,0.22,822.8586,1.0
2014-02-21 13:00:00,0.17,761.57513,1.0
2014-02-21 14:00:00,0.68,620.0267,1.0
2014-02-21 15:00:00,0.0,420.57578,1.0
2014-02-21 16:00:00,0.27,211.40799,1.0
2014-02-21 17:00:00,0.22,29.874533,0.725
2014-02-21 18:00:00,0.26,0.0,0.0
2014-02-21 19:00:00,0.37,0.0,0.0
2014-02-21 20:00:00,0.69,0.0,0.0
2014-02-21 21:00:00,0.28,0.0,0.0
2014-02-21 22:00:00,0.2,0.0,0.0
2014-02-21 23:00:00,0.06,0.0,0.0
2014-02-22 00:00:00,0.0,0.0,0.0
2014-02-22 01:00:00,0.0,0.0,0.0
2014-02-22 02:00:00,0.0,0.0,0.0
2014-02-22 03:00:00,0.02,0.0,0.0
2014-02-22 04:00:00,0.02,0.0,0.0
2014-02-22 05:00:00,0.0,0.0,0.0
2014-02-22 06:00:00,0.0,0.0,0.2775
2014-02-22 07:00:00,0.02,154.87569,1.0
2014-02-22 08:00:00,0.0,370.60162,1.0
2014-02-22 09:00:00,0.0,567.58215,1.0
2014-02-22 10:00:00,0.0,695.4854,1.0
2014-02-22 11:00:00,0.67,748.7155,1.0
2014-02-22 12:00:00,0.46,763.74524,1.0
2014-02-22 13:00:00,0.91,578.83936,1.0
2014-02-22 14:00:00,0.95,442.31537,1.0
2014-02-22 15:00:00,0.93,309.7399,1.0
2014-02-22 16:00:00,0.97,161.33466,1.0
2014-02-22 17:00:00,0.99,30.816408,0.7438888888888889
2014-02-22 18:00:00,0.99,0.0,0.0
2014-02-22 19:00:00,0.99,0.0,0.0
2014-02-22 20:00:00,0.97,0.0,0.0
2014-02-22 21:00:00,1.0,0.0,0.0
2014-02-22 22:00:00,1.0,0.0,0.0
2014-02-22 23:00:00,0.98,0.0,0.0
2014-02-23 00:00:00,0.65,0.0,0.0
2014-02-23 01:00:00,0.71,0.0,0.0
2014-02-23 02:00:00,0.59,0.0,0.0
2014-02-23 03:00:00,0.59,0.0,0.0
2014-02-23 04:00:00,0.05,0.0,0.0
2014-02-23 05:00:00,0.0,0.0,0.0
2014-02-23 06:00:00,0.0,4.0656257,0.3011111111111111
2014-02-23 07:00:00,0.01,161.092,1.0
2014-02-23 08:00:00,0.01,385.4442,1.0
2014-02-23 09:00:00,0.0,599.8734,1.0
2014-02-23 10:00:00,0.0,735.66376,1.0
2014-02-23 11:00:00,0.0,836.72406,1.0
2014-02-23 12:00:00,0.01,826.7851,1.0
2014-02-23 13:00:00,0.0,780.69476,1.0
2014-02-23 14:00:00,0.0,651.6627,1.0
2014-02-23 15:00:00,0.0,461.06436,1.0
2014-02-23 16:00:00,0.0,235.0832,1.0
2014-02-23 17:00:00,0.0,37.06317,0.7627777777777778
2014-02-23 18:00:00,0.0,0.0,0.0
2014-02-23 19:00:00,0.03,0.0,0.0
2014-02-23 20:00:00,0.0,0.0,0.0
2014-02-23 21:00:00,0.07,0.0,0.0
2014-02-23 22:00:00,0.17,0.0,0.0
2014-02-23 23:00:00,0.01,0.0,0.0
2014-02-24 00:00:00,0.0,0.0,0.0
2014-02-24 01:00:00,0.0,0.0,0.0
2014-02-24 02:00:00,0.0,0.0,0.0
2014-02-24 03:00:00,0.0,0.0,0.0
2014-02-24 04:00:00,0.0,0.0,0.0
2014-02-24 05:00:00,0.0,0.0,0.0
2014-02-24 06:00:00,0.0,4.921153,0.3252777777777778
2014-02-24 07:00:00,0.0,184.07074,1.0
2014-02-24 08:00:00,0.0,424.96548,1.0
2014-02-24 09:00:00,0.0,631.28143,1.0
2014-02-24 10:00:00,0.0,781.0278,1.0
2014-02-24 11:00:00,0.0,860.37,1.0
2014-02-24 12:00:00,0.0,866.75275,1.0
2014-02-24 13:00:00,0.0,796.37744,1.0
2014-02-24 14:00:00,0.02,657.6653,1.0
2014-02-24 15:00:00,0.15,464.40164,1.0
2014-02-24 16:00:00,0.18,237.4898,1.0
2014-02-24 17:00:00,0.11,38.746643,0.7813888888888889
2014-02-24 18:00:00,0.47,0.0,0.0
2014-02-24 19:00:00,0.52,0.0,0.0
2014-02-24 20:00:00,0.28,0.0,0.0
2014-02-24 21:00:00,0.6,0.0,0.0
2014-02-24 22:00:00,0.5,0.0,0.0
2014-02-24 23:00:00,0.44,0.0,0.0
2014-02-25 00:00:00,0.18,0.0,0.0
2014-02-25 01:00:00,0.0,0.0,0.0
2014-02-25 02:00:00,0.0,0.0,0.0
2014-02-25 03:00:00,0.03,0.0,0.0
2014-02-25 04:00:00,0.01,0.0,0.0
2014-02-25 05:00:00,0.0,0.0,0.0
2014-02-25 06:00:00,0.31,7.6045904,0.3491666666666667
2014-02-25 07:00:00,0.54,184.28821,1.0
2014-02-25 08:00:00,0.68,420.11795,1.0
2014-02-25 09:00:00,0.4,629.84607,1.0
2014-02-25 10:00:00,0.63,779.3709,1.0
2014-02-25 11:00:00,0.94,438.2518,1.0
2014-02-25 12:00:00,0.98,419.1989,1.0
2014-02-25 13:00:00,0.9,465.63428,1.0
2014-02-25 14:00:00,0.88,485.81985,1.0
2014-02-25 15:00:00,0.82,335.80496,1.0
2014-02-25 16:00:00,0.72,184.41489,1.0
2014-02-25 17:00:00,0.94,25.005848,0.8002777777777778
2014-02-25 18:00:00,0.96,0.0,0.0
2014-02-25 19:00:00,1.0,0.0,0.0
2014-02-25 20:00:00,0.97,0.0,0.0
2014-02-25 21:00:00,0.94,0.0,0.0
2014-02-25 22:00:00,0.8,0.0,0.0
2014-02-25 23:00:00,0.66,0.0,0.0
2014-02-26 00:00:00,0.58,0.0,0.0
2014-02-26 01:00:00,0.51,0.0,0.0
2014-02-26 02:00:00,0.19,0.0,0.0
2014-02-26 03:00:00,0.19,0.0,0.0
2014-02-26 04:00:00,0.08,0.0,0.0
2014-02-26 05:00:00,0.13,0.0,0.0
2014-02-26 06:00:00,0.18,8.3715105,0.3736111111111111
2014-02-26 07:00:00,0.14,180.62877,1.0
2014-02-26 08:00:00,0.13,423.65598,1.0
2014-02-26 09:00:00,0.14,633.9705,1.0
2014-02-26 10:00:00,0.14,796.7248,1.0
2014-02-26 11:00:00,0.19,816.2994,1.0
2014-02-26 12:00:00,0.29,848.96124,1.0
2014-02-26 13:00:00,0.13,752.815,1.0
2014-02-26 14:00:00,0.11,646.24567,1.0
2014-02-26 15:00:00,0.11,442.94122,1.0
2014-02-26 16:00:00,0.0,242.54791,1.0
2014-02-26 17:00:00,0.0,44.079807,0.8188888888888889
2014-02-26 18:00:00,0.0,0.0,0.0
2014-02-26 19:00:00,0.0,0.0,0.0
2014-02-26 20:00:00,0.0,0.0,0.0
2014-02-26 21:00:00,0.0,0.0,0.0
2014-02-26 22:00:00,0.06,0.0,0.0
2014-02-26 23:00:00,0.07,0.0,0.0
2014-02-27 00:00:00,0.08,0.0,0.0
2014-02-27 01:00:00,0.13,0.0,0.0
2014-02-27 02:00:00,0.35,0.0,0.0
2014-02-27 03:00:00,0.35,0.0,0.0
2014-02-27 04:00:00,0.54,0.0,0.0
2014-02-27 05:00:00,0.89,0.0,0.0
2014-02-27 06:00:00,0.72,6.5673814,0.39805555555555555
2014-02-27 07:00:00,0.58,124.58269,1.0
2014-02-27 08:00:00,0.28,371.89722,1.0
2014-02-27 09:00:00,0.21,553.82556,1.0
2014-02-27 10:00:00,0.25,551.1955,1.0
2014-02-27 11:00:00,0.41,761.1676,1.0
2014-02-27 12:00:00,0.6,634.5107,1.0
2014-02-27 13:00:00,0.89,589.21814,1.0
2014-02-27 14:00:00,0.99,367.49265,1.0
2014-02-27 15:00:00,0.62,237.86423,1.0
2014-02-27 16:00:00,0.81,182.15242,1.0
2014-02-27 17:00:00,0.93,36.759518,0.8372222222222222
2014-02-27 18:00:00,0.97,0.0,0.0
2014-02-27 19:00:00,0.96,0.0,0.0
2014-02-27 20:00:00,0.99,0.0,0.0
2014-02-27 21:00:00,0.97,0.0,0.0
2014-02-27 22:00:00,1.0,0.0,0.0
2014-02-27 23:00:00,0.98,0.0,0.0
2014-02-28 00:00:00,0.96,0.0,0.0
2014-02-28 01:00:00,0.89,0.0,0.0
2014-02-28 02:00:00,0.67,0.0,0.0
2014-02-28 03:00:00,0.31,0.0,0.0
2014-02-28 04:00:00,0.22,0.0,0.0
2014-02-28 05:00:00,0.3,0.0,0.0
2014-02-28 06:00:00,0.34,8.970575,0.42277777777777775
2014-02-28 07:00:00,0.26,166.60565,1.0
2014-02-28 08:00:00,0.05,395.45642,1.0
2014-02-28 09:00:00,0.05,601.2871,1.0
2014-02-28 10:00:00,0.15,670.44867,1.0
2014-02-28 11:00:00,0.18,834.24567,1.0
2014-02-28 12:00:00,0.21,816.1725,1.0
2014-02-28 13:00:00,0.14,791.79926,1.0
2014-02-28 14:00:00,0.76,669.1012,1.0
2014-02-28 15:00:00,0.77,411.8649,1.0
2014-02-28 16:00:00,0.43,177.7498,1.0
2014-02-28 17:00:00,0.71,34.621048,0.8558333333333333
2014-02-28 18:00:00,0.86,0.0,0.0
2014-02-28 19:00:00,0.26,0.0,0.0
2014-02-28 20:00:00,0.78,0.0,0.0
2014-02-28 21:00:00,0.68,0.0,0.0
2014-02-28 22:00:00,0.59,0.0,0.0
2014-02-28 23:00:00,0.9,0.0,0.0
2014-03-01 00:00:00,0.9,0.0,0.0
2014-03-01 01:00:00,0.52,0.0,0.0
2014-03-01 02:00:00,0.69,0.0,0.0
2014-03-01 03:00:00,0.96,0.0,0.0
2014-03-01 04:00:00,0.98,0.0,0.0
2014-03-01 05:00:00,0.95,0.0,0.0
2014-03-01 06:00:00,0.96,7.3809733,0.4475
2014-03-01 07:00:00,1.0,106.208336,1.0
2014-03-01 08:00:00,1.0,189.52592,1.0
2014-03-01 09:00:00,1.0,244.50655,1.0
2014-03-01 10:00:00,0.98,519.8693,1.0
2014-03-01 11:00:00,0.65,799.1483,1.0
2014-03-01 12:00:00,0.42,833.18274,1.0
2014-03-01 13:00:00,0.77,700.2755,1.0
2014-03-01 14:00:00,0.99,546.3272,1.0
2014-03-01 15:00:00,1.0,361.49374,1.0
2014-03-01 16:00:00,1.0,172.60074,1.0
2014-03-01 17:00:00,1.0,30.759106,0.8741666666666666
2014-03-01 18:00:00,1.0,0.0,0.0
2014-03-01 19:00:00,0.52,0.0,0.0
2014-03-01 20:00:00,0.22,0.0,0.0
2014-03-01 21:00:00,0.05,0.0,0.0
2014-03-01 22:00:00,0.12,0.0,0.0
2014-03-01 23:00:00,0.43,0.0,0.0
2014-03-02 00:00:00,0.0,0.0,0.0
2014-03-02 01:00:00,0.02,0.0,0.0
2014-03-02 02:00:00,0.1,0.0,0.0
2014-03-02 03:00:00,0.47,0.0,0.0
2014-03-02 04:00:00,0.28,0.0,0.0
2014-03-02 05:00:00,0.21,0.0,0.0
2014-03-02 06:00:00,0.77,5.963538,0.4722222222222222
2014-03-02 07:00:00,0.98,84.221664,1.0
2014-03-02 08:00:00,1.0,231.48628,1.0
2014-03-02 09:00:00,0.99,361.24173,1.0
2014-03-02 10:00:00,1.0,498.13773,1.0
2014-03-02 11:00:00,0.97,575.3595,1.0
2014-03-02 12:00:00,0.85,754.60956,1.0
2014-03-02 13:00:00,0.39,731.99634,1.0
2014-03-02 14:00:00,0.36,626.425,1.0
2014-03-02 15:00:00,0.61,464.34518,1.0
2014-03-02 16:00:00,0.4,255.46101,1.0
2014-03-02 17:00:00,0.21,51.379066,0.8922222222222222
2014-03-02 18:00:00,0.12,0.0,0.0
2014-03-02 19:00:00,0.02,0.0,0.0
2014-03-02 20:00:00,0.0,0.0,0.0
2014-03-02 21:00:00,0.0,0.0,0.0
2014-03-02 22:00:00,0.0,0.0,0.0
2014-03-02 23:00:00,0.0,0.0,0.0
2014-03-03 00:00:00,0.0,0.0,0.0
2014-03-03 01:00:00,0.15,0.0,0.0
2014-03-03 02:00:00,0.91,0.0,0.0
2014-03-03 03:00:00,0.99,0.0,0.0
2014-03-03 04:00:00,0.98,0.0,0.0
2014-03-03 05:00:00,0.96,0.0,0.0
2014-03-03 06:00:00,0.97,9.488748,0.49694444444444447
2014-03-03 07:00:00,0.89,102.9183,1.0
2014-03-03 08:00:00,0.62,218.04597,1.0
2014-03-03 09:00:00,0.11,464.6205,1.0
2014-03-03 10:00:00,0.12,673.0266,1.0
2014-03-03 11:00:00,0.31,836.28265,1.0
2014-03-03 12:00:00,0.18,876.0214,1.0
2014-03-03 13:00:00,0.17,754.126,1.0
2014-03-03 14:00:00,0.07,586.657,1.0
2014-03-03 15:00:00,0.02,433.1731,1.0
2014-03-03 16:00:00,0.0,238.13063,1.0
2014-03-03 17:00:00,0.0,52.82667,0.9102777777777777
2014-03-03 18:00:00,0.08,0.0,0.0
2014-03-03 19:00:00,0.94,0.0,0.0
2014-03-03 20:00:00,0.54,0.0,0.0
2014-03-03 21:00:00,0.71,0.0,0.0
2014-03-03 22:00:00,0.81,0.0,0.0
2014-03-03 23:00:00,0.89,0.0,0.0
2014-03-04 00:00:00,0.92,0.0,0.0
2014-03-04 01:00:00,0.96,0.0,0.0
2014-03-04 02:00:00,0.67,0.0,0.0
2014-03-04 03:00:00,0.82,0.0,0.0
2014-03-04 04:00:00,0.74,0.0,0.0
2014-03-04 05:00:00,0.58,0.0,0.0
2014-03-04 06:00:00,0.58,17.920162,0.5216666666666666
2014-03-04 07:00:00,0.86,152.85303,1.0
2014-03-04 08:00:00,0.93,253.14894,1.0
2014-03-04 09:00:00,0.75,349.373,1.0
2014-03-04 10:00:00,0.81,691.1997,1.0
2014-03-04 11:00:00,0.86,719.9473,1.0
2014-03-04 12:00:00,0.71,717.53143,1.0
2014-03-04 13:00:00,0.54,744.94055,1.0
2014-03-04 14:00:00,0.87,521.024,1.0
2014-03-04 15:00:00,0.99,298.13007,1.0
2014-03-04 16:00:00,1.0,137.65407,1.0
2014-03-04 17:00:00,1.0,22.738657,0.9283333333333333
2014-03-04 18:00:00,0.99,0.0,0.0
2014-03-04 19:00:00,1.0,0.0,0.0
2014-03-04 20:00:00,1.0,0.0,0.0
2014-03-04 21:00:00,1.0,0.0,0.0
2014-03-04 22:00:00,1.0,0.0,0.0
2014-03-04 23:00:00,1.0,0.0,0.0
2014-03-05 00:00:00,1.0,0.0,0.0
2014-03-05 01:00:00,1.0,0.0,0.0
2014-03-05 02:00:00,0.83,0.0,0.0
2014-03-05 03:00:00,0.32,0.0,0.0
2014-03-05 04:00:00,0.33,0.0,0.0
2014-03-05 05:00:00,0.18,0.0,0.0
2014-03-05 06:00:00,0.09,20.878042,0.5466666666666666
2014-03-05 07:00:00,0.05,205.44409,1.0
2014-03-05 08:00:00,0.05,458.34677,1.0
2014-03-05 09:00:00,0.05,672.69305,1.0
2014-03-05 10:00:00,0.04,828.60974,1.0
2014-03-05 11:00:00,0.0,902.04156,1.0
2014-03-05 12:00:00,0.02,872.7482,1.0
2014-03-05 13:00:00,0.04,827.52386,1.0
2014-03-05 14:00:00,0.06,683.09015,1.0
2014-03-05 15:00:00,0.02,502.2368,1.0
2014-03-05 16:00:00,0.04,272.23795,1.0
2014-03-05 17:00:00,0.01,58.693367,0.9463888888888888
2014-03-05 18:00:00,0.02,0.0,0.0
2014-03-05 19:00:00,0.08,0.0,0.0
2014-03-05 20:00:00,0.14,0.0,0.0
2014-03-05 21:00:00,0.04,0.0,0.0
2014-03-05 22:00:00,0.28,0.0,0.0
2014-03-05 23:00:00,0.19,0.0,0.0
2014-03-06 00:00:00,0.09,0.0,0.0
2014-03-06 01:00:00,0.0,0.0,0.0
2014-03-06 02:00:00,0.0,0.0,0.0
2014-03-06 03:00:00,0.0,0.0,0.0
2014-03-06 04:00:00,0.25,0.0,0.0
2014-03-06 05:00:00,0.74,0.0,0.0
2014-03-06 06:00:00,0.69,25.616323,0.5713888888888888
2014-03-06 07:00:00,0.91,229.52562,1.0
2014-03-06 08:00:00,0.8,446.35272,1.0
2014-03-06 09:00:00,0.73,598.64246,1.0
2014-03-06 10:00:00,0.82,712.38116,1.0
2014-03-06 11:00:00,0.97,782.3808,1.0
2014-03-06 12:00:00,1.0,714.2755,1.0
2014-03-06 13:00:00,1.0,633.1308,1.0
2014-03-06 14:00:00,1.0,512.99347,1.0
2014-03-06 15:00:00,0.99,364.3599,1.0
2014-03-06 16:00:00,0.98,189.41772,1.0
2014-03-06 17:00:00,0.97,37.27816,0.9641666666666666
2014-03-06 18:00:00,0.97,0.0,0.0
2014-03-06 19:00:00,0.99,0.0,0.0
2014-03-06 20:00:00,0.99,0.0,0.0
2014-03-06 21:00:00,0.94,0.0,0.0
2014-03-06 22:00:00,0.97,0.0,0.0
2014-03-06 23:00:00,0.95,0.0,0.0
2014-03-07 00:00:00,0.96,0.0,0.0
2014-03-07 01:00:00,0.89,0.0,0.0
2014-03-07 02:00:00,0.86,0.0,0.0
2014-03-07 03:00:00,0.74,0.0,0.0
2014-03-07 04:00:00,0.31,0.0,0.0
2014-03-07 05:00:00,0.69,0.0,0.0
2014-03-07 06:00:00,0.89,12.021377,0.5966666666666667
2014-03-07 07:00:00,1.0,62.528183,1.0
2014-03-07 08:00:00,1.0,210.36658,1.0
2014-03-07 09:00:00,1.0,268.0091,1.0
2014-03-07 10:00:00,1.0,209.28055,1.0
2014-03-07 11:00:00,1.0,185.12312,1.0
2014-03-07 12:00:00,1.0,102.37408,1.0
2014-03-07 13:00:00,1.0,127.36125,1.0
2014-03-07 14:00:00,1.0,108.4593,1.0
2014-03-07 15:00:00,1.0,103.958244,1.0
2014-03-07 16:00:00,1.0,44.72654,1.0
2014-03-07 17:00:00,1.0,11.927076,0.9816666666666667
2014-03-07 18:00:00,1.0,0.0,0.0
2014-03-07 19:00:00,1.0,0.0,0.0
2014-03-07 20:00:00,1.0,0.0,0.0
2014-03-07 21:00:00,1.0,0.0,0.0
2014-03-07 22:00:00,1.0,0.0,0.0
2014-03-07 23:00:00,1.0,0.0,0.0
2014-03-08 00:00:00,1.0,0.0,0.0
2014-03-08 01:00:00,1.0,0.0,0.0
2014-03-08 02:00:00,1.0,0.0,0.0
2014-03-08 03:00:00,1.0,0.0,0.0
2014-03-08 04:00:00,0.96,0.0,0.0
2014-03-08 05:00:00,0.77,0.0,0.0
2014-03-08 06:00:00,0.45,21.769804,0.6222222222222222
2014-03-08 07:00:00,0.16,218.20117,1.0
2014-03-08 08:00:00,0.02,462.74646,1.0
2014-03-08 09:00:00,0.05,697.7987,1.0
2014-03-08 10:00:00,0.23,862.70996,1.0
2014-03-08 11:00:00,0.25,933.3173,1.0
2014-03-08 12:00:00,0.0,952.68115,1.0
2014-03-08 13:00:00,0.0,878.8875,1.0
2014-03-08 14:00:00,0.0,740.4598,1.0
2014-03-08 15:00:00,0.0,533.3133,1.0
2014-03-08 16:00:00,0.0,295.15912,1.0
2014-03-08 17:00:00,0.0,68.561134,0.9994444444444445
2014-03-08 18:00:00,0.0,0.0,0.0
2014-03-08 19:00:00,0.0,0.0,0.0
2014-03-08 20:00:00,0.0,0.0,0.0
2014-03-08 21:00:00,0.0,0.0,0.0
2014-03-08 22:00:00,0.0,0.0,0.0
2014-03-08 23:00:00,0.0,0.0,0.0
2014-03-09 00:00:00,0.1,0.0,0.0
2014-03-09 01:00:00,0.54,0.0,0.0
2014-03-09 02:00:00,0.62,0.0,0.0
2014-03-09 03:00:00,0.55,0.0,0.0
2014-03-09 04:00:00,0.38,0.0,0.0
2014-03-09 05:00:00,0.04,0.0,0.0
2014-03-09 06:00:00,0.0,36.83005,0.6480555555555556
2014-03-09 07:00:00,0.0,272.9133,1.0
2014-03-09 08:00:00,0.0,526.223,1.0
2014-03-09 09:00:00,0.0,737.28516,1.0
2014-03-09 10:00:00,0.11,887.8587,1.0
2014-03-09 11:00:00,0.21,966.5129,1.0
2014-03-09 12:00:00,0.0,967.62915,1.0
2014-03-09 13:00:00,0.0,890.7913,1.0
2014-03-09 14:00:00,0.07,742.6513,1.0
2014-03-09 15:00:00,0.0,536.8357,1.0
2014-03-09 16:00:00,0.19,290.8551,1.0
2014-03-09 17:00:00,0.35,67.763306,1.0
2014-03-09 18:00:00,0.26,0.0,0.016944444444444446
2014-03-09 19:00:00,0.08,0.0,0.0
2014-03-09 20:00:00,0.04,0.0,0.0
2014-03-09 21:00:00,0.0,0.0,0.0
2014-03-09 22:00:00,0.29,0.0,0.0
2014-03-09 23:00:00,0.53,0.0,0.0
2014-03-10 00:00:00,1.0,0.0,0.0
2014-03-10 01:00:00,1.0,0.0,0.0
2014-03-10 02:00:00,1.0,0.0,0.0
2014-03-10 03:00:00,1.0,0.0,0.0
2014-03-10 04:00:00,0.99,0.0,0.0
2014-03-10 05:00:00,0.99,0.0,0.0
2014-03-10 06:00:00,0.82,15.902769,0.6741666666666667
2014-03-10 07:00:00,0.23,159.32799,1.0
2014-03-10 08:00:00,0.3,356.69083,1.0
2014-03-10 09:00:00,0.21,618.37695,1.0
2014-03-10 10:00:00,0.17,829.1047,1.0
2014-03-10 11:00:00,0.63,911.0881,1.0
2014-03-10 12:00:00,0.58,887.4924,1.0
2014-03-10 13:00:00,0.54,792.0881,1.0
2014-03-10 14:00:00,0.48,568.56226,1.0
2014-03-10 15:00:00,0.64,412.37128,1.0
2014-03-10 16:00:00,0.45,246.18358,1.0
2014-03-10 17:00:00,0.14,68.74186,1.0
2014-03-10 18:00:00,0.09,0.0,0.034444444444444444
2014-03-10 19:00:00,0.26,0.0,0.0
2014-03-10 20:00:00,0.32,0.0,0.0
2014-03-10 21:00:00,0.28,0.0,0.0
2014-03-10 22:00:00,0.17,0.0,0.0
2014-03-10 23:00:00,0.09,0.0,0.0
2014-03-11 00:00:00,0.12,0.0,0.0
2014-03-11 01:00:00,0.1,0.0,0.0
2014-03-11 02:00:00,0.0,0.0,0.0
2014-03-11 03:00:00,0.0,0.0,0.0
2014-03-11 04:00:00,0.24,0.0,0.0
2014-03-11 05:00:00,0.27,0.0,0.0
2014-03-11 06:00:00,0.37,26.440235,0.7005555555555556
2014-03-11 07:00:00,0.38,159.8233,1.0
2014-03-11 08:00:00,0.44,355.08243,1.0
2014-03-11 09:00:00,0.53,419.1597,1.0
2014-03-11 10:00:00,0.56,524.71,1.0
2014-03-11 11:00:00,0.84,629.83,1.0
2014-03-11 12:00:00,1.0,374.17487,1.0
2014-03-11 13:00:00,0.98,308.69177,1.0
2014-03-11 14:00:00,1.0,295.1227,1.0
2014-03-11 15:00:00,0.99,173.06702,1.0
2014-03-11 16:00:00,1.0,128.87282,1.0
2014-03-11 17:00:00,0.99,36.59844,1.0
2014-03-11 18:00:00,0.93,0.0,0.051944444444444446
2014-03-11 19:00:00,0.57,0.0,0.0
2014-03-11 20:00:00,0.33,0.0,0.0
2014-03-11 21:00:00,0.26,0.0,0.0
2014-03-11 22:00:00,0.2,0.0,0.0
2014-03-11 23:00:00,0.11,0.0,0.0
2014-03-12 00:00:00,0.08,0.0,0.0
2014-03-12 01:00:00,0.14,0.0,0.0
2014-03-12 02:00:00,0.1,0.0,0.0
2014-03-12 03:00:00,0.04,0.0,0.0
2014-03-12 04:00:00,0.0,0.0,0.0
2014-03-12 05:00:00,0.0,0.0,0.0
2014-03-12 06:00:00,0.0,47.79738,0.7269444444444444
2014-03-12 07:00:00,0.0,285.6276,1.0
2014-03-12 08:00:00,0.0,535.80945,1.0
2014-03-12 09:00:00,0.0,745.0263,1.0
2014-03-12 10:00:00,0.0,895.3379,1.0
2014-03-12 11:00:00,0.0,973.86523,1.0
2014-03-12 12:00:00,0.0,973.7931,1.0
2014-03-12 13:00:00,0.0,897.7019,1.0
2014-03-12 14:00:00,0.0,751.6638,1.0
2014-03-12 15:00:00,0.0,549.3118,1.0
2014-03-12 16:00:00,0.0,310.02014,1.0
2014-03-12 17:00:00,0.0,78.98409,1.0
2014-03-12 18:00:00,0.0,0.0,0.06944444444444445
2014-03-12 19:00:00,0.0,0.0,0.0
2014-03-12 20:00:00,0.0,0.0,0.0
2014-03-12 21:00:00,0.0,0.0,0.0
2014-03-12 22:00:00,0.0,0.0,0.0
2014-03-12 23:00:00,0.0,0.0,0.0
2014-03-13 00:00:00,0.0,0.0,0.0
2014-03-13 01:00:00,0.0,0.0,0.0
2014-03-13 02:00:00,0.0,0.0,0.0
2014-03-13 03:00:00,0.0,0.0,0.0
2014-03-13 04:00:00,0.0,0.0,0.0
2014-03-13 05:00:00,0.0,0.0,0.0
2014-03-13 06:00:00,0.0,51.54992,0.7538888888888889
2014-03-13 07:00:00,0.0,291.30978,1.0
2014-03-13 08:00:00,0.0,537.551,1.0
2014-03-13 09:00:00,0.0,742.3244,1.0
2014-03-13 10:00:00,0.02,888.1678,1.0
2014-03-13 11:00:00,0.42,949.86035,1.0
2014-03-13 12:00:00,0.4,942.5704,1.0
2014-03-13 13:00:00,0.18,809.82404,1.0
2014-03-13 14:00:00,0.01,733.9887,1.0
2014-03-13 15:00:00,0.0,537.8318,1.0
2014-03-13 16:00:00,0.12,302.9647,1.0
2014-03-13 17:00:00,0.13,77.604805,1.0
2014-03-13 18:00:00,0.22,0.0,0.08666666666666667
2014-03-13 19:00:00,0.27,0.0,0.0
2014-03-13 20:00:00,0.33,0.0,0.0
2014-03-13 21:00:00,0.28,0.0,0.0
2014-03-13 22:00:00,0.26,0.0,0.0
2014-03-13 23:00:00,0.09,0.0,0.0
2014-03-14 00:00:00,0.06,0.0,0.0
2014-03-14 01:00:00,0.02,0.0,0.0
2014-03-14 02:00:00,0.01,0.0,0.0
2014-03-14 03:00:00,0.03,0.0,0.0
2014-03-14 04:00:00,0.01,0.0,0.0
2014-03-14 05:00:00,0.0,0.0,0.0
2014-03-14 06:00:00,0.0,53.482388,0.7805555555555556
2014-03-14 07:00:00,0.0,289.2478,1.0
2014-03-14 08:00:00,0.0,533.3621,1.0
2014-03-14 09:00:00,0.02,739.4447,1.0
2014-03-14 10:00:00,0.0,886.69824,1.0
2014-03-14 11:00:00,0.0,965.5113,1.0
2014-03-14 12:00:00,0.0,965.57544,1.0
2014-03-14 13:00:00,0.0,889.65063,1.0
2014-03-14 14:00:00,0.0,745.8272,1.0
2014-03-14 15:00:00,0.0,544.89435,1.0
2014-03-14 16:00:00,0.0,309.15085,1.0
2014-03-14 17:00:00,0.0,80.4441,1.0
2014-03-14 18:00:00,0.0,0.0,0.10416666666666667
2014-03-14 19:00:00,0.0,0.0,0.0
2014-03-14 20:00:00,0.01,0.0,0.0
2014-03-14 21:00:00,0.0,0.0,0.0
2014-03-14 22:00:00,0.01,0.0,0.0
2014-03-14 23:00:00,0.02,0.0,0.0
2014-03-15 00:00:00,0.0,0.0,0.0
2014-03-15 01:00:00,0.0,0.0,0.0
2014-03-15 02:00:00,0.0,0.0,0.0
2014-03-15 03:00:00,0.0,0.0,0.0
2014-03-15 04:00:00,0.0,0.0,0.0
2014-03-15 05:00:00,0.15,0.0,0.0
2014-03-15 06:00:00,0.85,29.095955,0.8075
2014-03-15 07:00:00,0.98,83.19669,1.0
2014-03-15 08:00:00,1.0,194.84555,1.0
2014-03-15 09:00:00,1.0,318.811,1.0
2014-03-15 10:00:00,1.0,491.7058,1.0
2014-03-15 11:00:00,0.99,572.52124,1.0
2014-03-15 12:00:00,0.96,585.36237,1.0
2014-03-15 13:00:00,0.86,664.11536,1.0
2014-03-15 14:00:00,0.71,487.0972,1.0
2014-03-15 15:00:00,0.63,363.3468,1.0
2014-03-15 16:00:00,0.71,270.8174,1.0
2014-03-15 17:00:00,0.65,70.44838,1.0
2014-03-15 18:00:00,0.24,0.0,0.1213888888888889
2014-03-15 19:00:00,0.05,0.0,0.0
2014-03-15 20:00:00,0.01,0.0,0.0
2014-03-15 21:00:00,0.03,0.0,0.0
2014-03-15 22:00:00,0.03,0.0,0.0
2014-03-15 23:00:00,0.02,0.0,0.0
2014-03-16 00:00:00,0.06,0.0,0.0
2014-03-16 01:00:00,0.0,0.0,0.0
2014-03-16 02:00:00,0.0,0.0,0.0
2014-03-16 03:00:00,0.0,0.0,0.0
2014-03-16 04:00:00,0.0,0.0,0.0
2014-03-16 05:00:00,0.0,0.0,0.0
2014-03-16 06:00:00,0.01,59.596054,0.8347222222222223
2014-03-16 07:00:00,0.02,293.31277,1.0
2014-03-16 08:00:00,0.03,532.2799,1.0
2014-03-16 09:00:00,0.0,733.58356,1.0
2014-03-16 10:00:00,0.0,875.3171,1.0
2014-03-16 11:00:00,0.0,949.7501,1.0
2014-03-16 12:00:00,0.0,952.2255,1.0
2014-03-16 13:00:00,0.0,878.955,1.0
2014-03-16 14:00:00,0.0,738.6554,1.0
2014-03-16 15:00:00,0.0,541.3763,1.0
2014-03-16 16:00:00,0.0,310.30487,1.0
2014-03-16 17:00:00,0.06,83.847,1.0
2014-03-16 18:00:00,0.54,0.0,0.1386111111111111
2014-03-16 19:00:00,0.42,0.0,0.0
2014-03-16 20:00:00,0.41,0.0,0.0
2014-03-16 21:00:00,0.82,0.0,0.0
2014-03-16 22:00:00,0.6,0.0,0.0
2014-03-16 23:00:00,0.35,0.0,0.0
2014-03-17 00:00:00,0.24,0.0,0.0
2014-03-17 01:00:00,0.76,0.0,0.0
2014-03-17 02:00:00,0.93,0.0,0.0
2014-03-17 03:00:00,1.0,0.0,0.0
2014-03-17 04:00:00,1.0,0.0,0.0
2014-03-17 05:00:00,1.0,0.0,0.0
2014-03-17 06:00:00,0.99,47.59981,0.8616666666666667
2014-03-17 07:00:00,1.0,260.31384,1.0
2014-03-17 08:00:00,0.46,538.32965,1.0
2014-03-17 09:00:00,0.02,740.4445,1.0
2014-03-17 10:00:00,0.19,837.0112,1.0
2014-03-17 11:00:00,0.85,872.4526,1.0
2014-03-17 12:00:00,0.07,921.6112,1.0
2014-03-17 13:00:00,0.77,800.2393,1.0
2014-03-17 14:00:00,0.25,678.1835,1.0
2014-03-17 15:00:00,0.59,450.43817,1.0
2014-03-17 16:00:00,0.75,245.34276,1.0
2014-03-17 17:00:00,0.71,80.69727,1.0
2014-03-17 18:00:00,0.92,0.0,0.15555555555555556
2014-03-17 19:00:00,0.87,0.0,0.0
2014-03-17 20:00:00,0.91,0.0,0.0
2014-03-17 21:00:00,0.38,0.0,0.0
2014-03-17 22:00:00,0.16,0.0,0.0
2014-03-17 23:00:00,0.25,0.0,0.0
2014-03-18 00:00:00,0.09,0.0,0.0
2014-03-18 01:00:00,0.15,0.0,0.0
2014-03-18 02:00:00,0.23,0.0,0.0
2014-03-18 03:00:00,0.16,0.0,0.0
2014-03-18 04:00:00,0.18,0.0,0.0
2014-03-18 05:00:00,0.52,0.0,0.0
2014-03-18 06:00:00,0.95,16.50563,0.8888888888888888
2014-03-18 07:00:00,0.99,86.94808,1.0
2014-03-18 08:00:00,1.0,235.49469,1.0
2014-03-18 09:00:00,1.0,253.61127,1.0
2014-03-18 10:00:00,1.0,396.9487,1.0
2014-03-18 11:00:00,1.0,646.8278,1.0
2014-03-18 12:00:00,1.0,579.049,1.0
2014-03-18 13:00:00,1.0,671.87885,1.0
2014-03-18 14:00:00,0.93,562.7533,1.0
2014-03-18 15:00:00,0.96,382.60074,1.0
2014-03-18 16:00:00,0.89,211.67842,1.0
2014-03-18 17:00:00,0.98,71.879776,1.0
2014-03-18 18:00:00,1.0,0.0,0.17277777777777778
2014-03-18 19:00:00,0.94,0.0,0.0
2014-03-18 20:00:00,0.91,0.0,0.0
2014-03-18 21:00:00,0.86,0.0,0.0
2014-03-18 22:00:00,0.83,0.0,0.0
2014-03-18 23:00:00,0.91,0.0,0.0
2014-03-19 00:00:00,0.66,0.0,0.0
2014-03-19 01:00:00,0.39,0.0,0.0
2014-03-19 02:00:00,0.19,0.0,0.0
2014-03-19 03:00:00,0.14,0.0,0.0
2014-03-19 04:00:00,0.2,0.0,0.0
2014-03-19 05:00:00,0.02,0.0,0.0
2014-03-19 06:00:00,0.0,71.68717,0.9158333333333334
2014-03-19 07:00:00,0.0,308.59772,1.0
2014-03-19 08:00:00,0.0,541.84216,1.0
2014-03-19 09:00:00,0.03,761.4407,1.0
2014-03-19 10:00:00,0.0,915.08856,1.0
2014-03-19 11:00:00,0.0,990.023,1.0
2014-03-19 12:00:00,0.01,988.85297,1.0
2014-03-19 13:00:00,0.0,910.692,1.0
2014-03-19 14:00:00,0.01,764.7904,1.0
2014-03-19 15:00:00,0.02,562.978,1.0
2014-03-19 16:00:00,0.01,325.5975,1.0
2014-03-19 17:00:00,0.1,91.85587,1.0
2014-03-19 18:00:00,0.74,0.0,0.1897222222222222
2014-03-19 19:00:00,0.3,0.0,0.0
2014-03-19 20:00:00,0.0,0.0,0.0
2014-03-19 21:00:00,0.0,0.0,0.0
2014-03-19 22:00:00,0.0,0.0,0.0
2014-03-19 23:00:00,0.0,0.0,0.0
2014-03-20 00:00:00,0.0,0.0,0.0
2014-03-20 01:00:00,0.0,0.0,0.0
2014-03-20 02:00:00,0.0,0.0,0.0
2014-03-20 03:00:00,0.16,0.0,0.0
2014-03-20 04:00:00,0.14,0.0,0.0
2014-03-20 05:00:00,0.16,0.0,0.0
2014-03-20 06:00:00,0.1,80.11647,0.9427777777777778
2014-03-20 07:00:00,0.0,327.47046,1.0
2014-03-20 08:00:00,0.1,579.39343,1.0
2014-03-20 09:00:00,0.0,778.8519,1.0
2014-03-20 10:00:00,0.02,920.6125,1.0
2014-03-20 11:00:00,0.11,993.15857,1.0
2014-03-20 12:00:00,0.16,954.0236,1.0
2014-03-20 13:00:00,0.22,904.40295,1.0
2014-03-20 14:00:00,0.18,760.48065,1.0
2014-03-20 15:00:00,0.16,564.15735,1.0
2014-03-20 16:00:00,0.79,329.68213,1.0
2014-03-20 17:00:00,0.15,94.50022,1.0
2014-03-20 18:00:00,0.36,0.0,0.20666666666666667
2014-03-20 19:00:00,0.11,0.0,0.0
2014-03-20 20:00:00,0.27,0.0,0.0
2014-03-20 21:00:00,0.28,0.0,0.0
2014-03-20 22:00:00,0.23,0.0,0.0
2014-03-20 23:00:00,0.35,0.0,0.0
2014-03-21 00:00:00,0.25,0.0,0.0
2014-03-21 01:00:00,0.28,0.0,0.0
2014-03-21 02:00:00,0.28,0.0,0.0
2014-03-21 03:00:00,0.32,0.0,0.0
2014-03-21 04:00:00,0.19,0.0,0.0
2014-03-21 05:00:00,0.13,0.0,0.0
2014-03-21 06:00:00,0.0,81.69233,0.9697222222222223
2014-03-21 07:00:00,0.0,312.9133,1.0
2014-03-21 08:00:00,0.0,563.0967,1.0
2014-03-21 09:00:00,0.09,762.63763,1.0
2014-03-21 10:00:00,0.27,903.4008,1.0
2014-03-21 11:00:00,0.25,964.56946,1.0
2014-03-21 12:00:00,0.53,894.805,1.0
2014-03-21 13:00:00,0.83,813.9188,1.0
2014-03-21 14:00:00,0.93,589.8938,1.0
2014-03-21 15:00:00,0.98,445.5437,1.0
2014-03-21 16:00:00,0.98,239.44038,1.0
2014-03-21 17:00:00,0.99,73.6363,1.0
2014-03-21 18:00:00,0.99,0.0,0.22361111111111112
2014-03-21 19:00:00,1.0,0.0,0.0
2014-03-21 20:00:00,1.0,0.0,0.0
2014-03-21 21:00:00,1.0,0.0,0.0
2014-03-21 22:00:00,0.98,0.0,0.0
2014-03-21 23:00:00,0.93,0.0,0.0
2014-03-22 00:00:00,0.85,0.0,0.0
2014-03-22 01:00:00,0.85,0.0,0.0
2014-03-22 02:00:00,0.83,0.0,0.0
2014-03-22 03:00:00,0.5,0.0,0.0
2014-03-22 04:00:00,0.08,0.0,0.0
2014-03-22 05:00:00,0.03,0.0,0.0
2014-03-22 06:00:00,0.01,73.767845,0.9966666666666667
2014-03-22 07:00:00,0.35,266.02582,1.0
2014-03-22 08:00:00,0.93,449.51443,1.0
2014-03-22 09:00:00,0.93,660.8512,1.0
2014-03-22 10:00:00,0.97,773.06244,1.0
2014-03-22 11:00:00,0.98,488.2567,1.0
2014-03-22 12:00:00,1.0,323.47427,1.0
2014-03-22 13:00:00,1.0,256.85736,1.0
2014-03-22 14:00:00,1.0,257.46088,1.0
2014-03-22 15:00:00,0.99,194.03806,1.0
2014-03-22 16:00:00,1.0,169.75633,1.0
2014-03-22 17:00:00,0.99,53.61942,1.0
2014-03-22 18:00:00,0.99,0.0,0.24055555555555555
2014-03-22 19:00:00,0.99,0.0,0.0
2014-03-22 20:00:00,0.98,0.0,0.0
2014-03-22 21:00:00,0.86,0.0,0.0
2014-03-22 22:00:00,0.85,0.0,0.0
2014-03-22 23:00:00,0.64,0.0,0.0
2014-03-23 00:00:00,0.59,0.0,0.0
2014-03-23 01:00:00,0.01,0.0,0.0
2014-03-23 02:00:00,0.01,0.0,0.0
2014-03-23 03:00:00,0.01,0.0,0.0
2014-03-23 04:00:00,0.01,0.0,0.0
2014-03-23 05:00:00,0.0,0.0,0.023333333333333334
2014-03-23 06:00:00,0.0,95.18622,1.0
2014-03-23 07:00:00,0.0,344.59497,1.0
2014-03-23 08:00:00,0.0,587.5437,1.0
2014-03-23 09:00:00,0.0,791.01666,1.0
2014-03-23 10:00:00,0.0,937.2968,1.0
2014-03-23 11:00:00,0.0,1013.50525,1.0
2014-03-23 12:00:00,0.0,1007.76495,1.0
2014-03-23 13:00:00,0.0,925.01086,1.0
2014-03-23 14:00:00,0.0,771.5952,1.0
2014-03-23 15:00:00,0.0,577.96655,1.0
2014-03-23 16:00:00,0.0,341.81918,1.0
2014-03-23 17:00:00,0.0,102.8221,1.0
2014-03-23 18:00:00,0.0,0.0,0.2575
2014-03-23 19:00:00,0.0,0.0,0.0
2014-03-23 20:00:00,0.0,0.0,0.0
2014-03-23 21:00:00,0.01,0.0,0.0
2014-03-23 22:00:00,0.01,0.0,0.0
2014-03-23 23:00:00,0.02,0.0,0.0
2014-03-24 00:00:00,0.02,0.0,0.0
2014-03-24 01:00:00,0.2,0.0,0.0
2014-03-24 02:00:00,0.01,0.0,0.0
2014-03-24 03:00:00,0.01,0.0,0.0
2014-03-24 04:00:00,0.05,0.0,0.0
2014-03-24 05:00:00,0.36,0.0,0.04972222222222222
2014-03-24 06:00:00,0.42,94.25052,1.0
2014-03-24 07:00:00,0.78,323.2525,1.0
2014-03-24 08:00:00,0.76,506.41495,1.0
2014-03-24 09:00:00,0.91,634.1331,1.0
2014-03-24 10:00:00,0.43,834.6652,1.0
2014-03-24 11:00:00,0.41,917.1666,1.0
2014-03-24 12:00:00,0.45,897.53815,1.0
2014-03-24 13:00:00,0.02,861.68616,1.0
2014-03-24 14:00:00,0.0,760.0896,1.0
2014-03-24 15:00:00,0.01,565.3977,1.0
2014-03-24 16:00:00,0.03,325.37463,1.0
2014-03-24 17:00:00,0.1,99.80321,1.0
2014-03-24 18:00:00,0.0,0.99544233,0.27444444444444444
2014-03-24 19:00:00,0.01,0.0,0.0
2014-03-24 20:00:00,0.01,0.0,0.0
2014-03-24 21:00:00,0.01,0.0,0.0
2014-03-24 22:00:00,0.02,0.0,0.0
2014-03-24 23:00:00,0.07,0.0,0.0
2014-03-25 00:00:00,0.07,0.0,0.0
2014-03-25 01:00:00,0.01,0.0,0.0
2014-03-25 02:00:00,0.02,0.0,0.0
2014-03-25 03:00:00,0.0,0.0,0.0
2014-03-25 04:00:00,0.01,0.0,0.0
2014-03-25 05:00:00,0.01,0.0,0.07611111111111112
2014-03-25 06:00:00,0.08,102.39192,1.0
2014-03-25 07:00:00,0.22,345.41367,1.0
2014-03-25 08:00:00,0.18,586.308,1.0
2014-03-25 09:00:00,0.01,780.99835,1.0
2014-03-25 10:00:00,0.03,927.7115,1.0
2014-03-25 11:00:00,0.07,999.26416,1.0
2014-03-25 12:00:00,0.0,994.88965,1.0
2014-03-25 13:00:00,0.0,915.9213,1.0
2014-03-25 14:00:00,0.14,769.26044,1.0
2014-03-25 15:00:00,0.3,569.37494,1.0
2014-03-25 16:00:00,0.09,326.65637,1.0
2014-03-25 17:00:00,0.0,104.23783,1.0
2014-03-25 18:00:00,0.12,1.9893655,0.2911111111111111
2014-03-25 19:00:00,0.08,0.0,0.0
2014-03-25 20:00:00,0.06,0.0,0.0
2014-03-25 21:00:00,0.0,0.0,0.0
2014-03-25 22:00:00,0.0,0.0,0.0
2014-03-25 23:00:00,0.0,0.0,0.0
2014-03-26 00:00:00,0.0,0.0,0.0
2014-03-26 01:00:00,0.0,0.0,0.0
2014-03-26 02:00:00,0.0,0.0,0.0
2014-03-26 03:00:00,0.09,0.0,0.0
2014-03-26 04:00:00,0.09,0.0,0.0
2014-03-26 05:00:00,0.34,0.0,0.10222222222222223
2014-03-26 06:00:00,0.63,76.886665,1.0
2014-03-26 07:00:00,0.56,259.48926,1.0
2014-03-26 08:00:00,0.46,494.206,1.0
2014-03-26 09:00:00,0.29,638.328,1.0
2014-03-26 10:00:00,0.34,905.2954,1.0
2014-03-26 11:00:00,0.33,958.4485,1.0
2014-03-26 12:00:00,0.58,896.36505,1.0
2014-03-26 13:00:00,0.83,817.1529,1.0
2014-03-26 14:00:00,0.91,625.95624,1.0
2014-03-26 15:00:00,0.76,371.2465,1.0
2014-03-26 16:00:00,0.89,239.94269,1.0
2014-03-26 17:00:00,0.98,74.48412,1.0
2014-03-26 18:00:00,1.0,1.9878461,0.3080555555555556
2014-03-26 19:00:00,1.0,0.0,0.0
2014-03-26 20:00:00,0.99,0.0,0.0
2014-03-26 21:00:00,0.97,0.0,0.0
2014-03-26 22:00:00,0.95,0.0,0.0
2014-03-26 23:00:00,0.96,0.0,0.0
2014-03-27 00:00:00,0.96,0.0,0.0
2014-03-27 01:00:00,1.0,0.0,0.0
2014-03-27 02:00:00,1.0,0.0,0.0
2014-03-27 03:00:00,0.96,0.0,0.0
2014-03-27 04:00:00,0.96,0.0,0.0
2014-03-27 05:00:00,0.94,0.0,0.12861111111111112
2014-03-27 06:00:00,0.94,81.52142,1.0
2014-03-27 07:00:00,0.88,329.96616,1.0
2014-03-27 08:00:00,0.5,571.55646,1.0
2014-03-27 09:00:00,0.32,761.2998,1.0
2014-03-27 10:00:00,0.22,817.03033,1.0
2014-03-27 11:00:00,0.31,932.2577,1.0
2014-03-27 12:00:00,0.62,893.7899,1.0
2014-03-27 13:00:00,0.57,746.44543,1.0
2014-03-27 14:00:00,0.61,661.6327,1.0
2014-03-27 15:00:00,0.59,420.12457,1.0
2014-03-27 16:00:00,0.49,257.1689,1.0
2014-03-27 17:00:00,0.41,103.98665,1.0
2014-03-27 18:00:00,0.54,2.9832883,0.32472222222222225
2014-03-27 19:00:00,0.61,0.0,0.0
2014-03-27 20:00:00,0.65,0.0,0.0
2014-03-27 21:00:00,0.74,0.0,0.0
2014-03-27 22:00:00,0.71,0.0,0.0
2014-03-27 23:00:00,0.77,0.0,0.0
2014-03-28 00:00:00,0.78,0.0,0.0
2014-03-28 01:00:00,0.7,0.0,0.0
2014-03-28 02:00:00,0.43,0.0,0.0
2014-03-28 03:00:00,0.35,0.0,0.0
2014-03-28 04:00:00,0.25,0.0,0.0
2014-03-28 05:00:00,0.16,0.0,0.15527777777777776
2014-03-28 06:00:00,0.1,107.62188,1.0
2014-03-28 07:00:00,0.11,346.62436,1.0
2014-03-28 08:00:00,0.08,573.00037,1.0
2014-03-28 09:00:00,0.27,680.84,1.0
2014-03-28 10:00:00,0.6,819.84766,1.0
2014-03-28 11:00:00,0.57,851.19556,1.0
2014-03-28 12:00:00,0.61,837.57355,1.0
2014-03-28 13:00:00,0.5,844.1017,1.0
2014-03-28 14:00:00,0.27,705.1678,1.0
2014-03-28 15:00:00,0.63,449.91385,1.0
2014-03-28 16:00:00,0.58,295.3806,1.0
2014-03-28 17:00:00,0.39,105.32613,1.0
2014-03-28 18:00:00,0.03,2.9848075,0.3416666666666667
2014-03-28 19:00:00,0.0,0.0,0.0
2014-03-28 20:00:00,0.0,0.0,0.0
2014-03-28 21:00:00,0.0,0.0,0.0
2014-03-28 22:00:00,0.0,0.0,0.0
2014-03-28 23:00:00,0.0,0.0,0.0
2014-03-29 00:00:00,0.0,0.0,0.0
2014-03-29 01:00:00,0.0,0.0,0.0
2014-03-29 02:00:00,0.03,0.0,0.0
2014-03-29 03:00:00,0.14,0.0,0.0
2014-03-29 04:00:00,0.37,0.0,0.0
2014-03-29 05:00:00,0.33,0.0,0.18194444444444444
2014-03-29 06:00:00,0.24,122.9498,1.0
2014-03-29 07:00:00,0.31,351.0789,1.0
2014-03-29 08:00:00,0.55,573.97845,1.0
2014-03-29 09:00:00,0.64,783.97186,1.0
2014-03-29 10:00:00,0.37,939.7737,1.0
2014-03-29 11:00:00,0.18,1003.1327,1.0
2014-03-29 12:00:00,0.27,1003.94324,1.0
2014-03-29 13:00:00,0.22,924.12915,1.0
2014-03-29 14:00:00,0.18,775.2561,1.0
2014-03-29 15:00:00,0.31,577.13995,1.0
2014-03-29 16:00:00,0.61,344.64603,1.0
2014-03-29 17:00:00,0.98,108.143005,1.0
2014-03-29 18:00:00,1.0,3.9756923,0.35833333333333334
2014-03-29 19:00:00,0.98,0.0,0.0
2014-03-29 20:00:00,0.96,0.0,0.0
2014-03-29 21:00:00,0.96,0.0,0.0
2014-03-29 22:00:00,0.75,0.0,0.0
2014-03-29 23:00:00,0.64,0.0,0.0
2014-03-30 00:00:00,0.77,0.0,0.0
2014-03-30 01:00:00,0.99,0.0,0.0
2014-03-30 02:00:00,0.96,0.0,0.0
2014-03-30 03:00:00,0.57,0.0,0.0
2014-03-30 04:00:00,0.34,0.0,0.0
2014-03-30 05:00:00,0.57,0.0,0.2086111111111111
2014-03-30 06:00:00,0.23,104.558815,1.0
2014-03-30 07:00:00,0.9,351.33542,1.0
2014-03-30 08:00:00,0.98,597.3215,1.0
2014-03-30 09:00:00,0.98,775.9457,1.0
2014-03-30 10:00:00,0.97,869.538,1.0
2014-03-30 11:00:00,0.98,913.7407,1.0
2014-03-30 12:00:00,1.0,870.4366,1.0
2014-03-30 13:00:00,0.98,779.42035,1.0
2014-03-30 14:00:00,0.85,650.4433,1.0
2014-03-30 15:00:00,1.0,450.46408,1.0
2014-03-30 16:00:00,0.95,297.71124,1.0
2014-03-30 17:00:00,0.63,88.191475,1.0
2014-03-30 18:00:00,0.76,2.9848075,0.375
2014-03-30 19:00:00,0.63,0.0,0.0
2014-03-30 20:00:00,0.85,0.0,0.0
2014-03-30 21:00:00,0.71,0.0,0.0
2014-03-30 22:00:00,0.57,0.0,0.0
2014-03-30 23:00:00,0.36,0.0,0.0
2014-03-31 00:00:00,0.27,0.0,0.0
2014-03-31 01:00:00,0.08,0.0,0.0
2014-03-31 02:00:00,0.12,0.0,0.0
2014-03-31 03:00:00,0.16,0.0,0.0
2014-03-31 04:00:00,0.28,0.0,0.0
2014-03-31 05:00:00,0.23,0.0,0.23527777777777778
2014-03-31 06:00:00,0.05,121.178085,1.0
2014-03-31 07:00:00,0.08,357.5633,1.0
2014-03-31 08:00:00,0.22,592.0203,1.0
2014-03-31 09:00:00,0.25,763.23914,1.0
2014-03-31 10:00:00,0.04,919.3266,1.0
2014-03-31 11:00:00,0.03,999.5728,1.0
2014-03-31 12:00:00,0.12,920.70483,1.0
2014-03-31 13:00:00,0.31,855.96204,1.0
2014-03-31 14:00:00,0.34,655.94385,1.0
2014-03-31 15:00:00,0.11,536.9445,1.0
2014-03-31 16:00:00,0.24,288.36035,1.0
2014-03-31 17:00:00,0.64,103.57858,1.0
2014-03-31 18:00:00,0.92,4.9711347,0.39166666666666666
2014-03-31 19:00:00,0.95,0.0,0.0
2014-03-31 20:00:00,0.97,0.0,0.0
2014-03-31 21:00:00,0.99,0.0,0.0
2014-03-31 22:00:00,0.97,0.0,0.0
2014-03-31 23:00:00,0.95,0.0,0.0
2014-04-01 00:00:00,0.81,0.0,0.0
2014-04-01 01:00:00,0.8,0.0,0.0
2014-04-01 02:00:00,0.76,0.0,0.0
2014-04-01 03:00:00,0.98,0.0,0.0
2014-04-01 04:00:00,0.72,0.0,0.0
2014-04-01 05:00:00,0.78,0.0,0.2619444444444444
2014-04-01 06:00:00,1.0,89.65589,1.0
2014-04-01 07:00:00,0.96,297.5099,1.0
2014-04-01 08:00:00,0.95,500.82175,1.0
2014-04-01 09:00:00,0.96,718.8103,1.0
2014-04-01 10:00:00,0.52,851.7079,1.0
2014-04-01 11:00:00,0.41,943.64453,1.0
2014-04-01 12:00:00,0.7,872.1468,1.0
2014-04-01 13:00:00,0.8,706.4651,1.0
2014-04-01 14:00:00,0.97,518.67816,1.0
2014-04-01 15:00:00,1.0,364.89554,1.0
2014-04-01 16:00:00,0.99,264.9328,1.0
2014-04-01 17:00:00,0.96,102.0915,1.0
2014-04-01 18:00:00,0.98,4.9711347,0.4086111111111111
2014-04-01 19:00:00,0.98,0.0,0.0
2014-04-01 20:00:00,0.94,0.0,0.0
2014-04-01 21:00:00,0.74,0.0,0.0
2014-04-01 22:00:00,0.42,0.0,0.0
2014-04-01 23:00:00,0.57,0.0,0.0
2014-04-02 00:00:00,0.5,0.0,0.0
2014-04-02 01:00:00,0.42,0.0,0.0
2014-04-02 02:00:00,0.47,0.0,0.0
2014-04-02 03:00:00,0.34,0.0,0.0
2014-04-02 04:00:00,0.69,0.0,0.0
2014-04-02 05:00:00,0.76,1.9878461,0.28888888888888886
2014-04-02 06:00:00,0.69,121.264946,1.0
2014-04-02 07:00:00,0.63,327.09802,1.0
2014-04-02 08:00:00,0.62,554.7919,1.0
2014-04-02 09:00:00,0.67,660.74146,1.0
2014-04-02 10:00:00,0.75,849.4025,1.0
2014-04-02 11:00:00,0.85,769.12726,1.0
2014-04-02 12:00:00,0.84,912.2753,1.0
2014-04-02 13:00:00,0.91,766.5527,1.0
2014-04-02 14:00:00,0.68,713.864,1.0
2014-04-02 15:00:00,0.86,398.33923,1.0
2014-04-02 16:00:00,0.61,222.52657,1.0
2014-04-02 17:00:00,0.67,91.20717,1.0
2014-04-02 18:00:00,0.39,3.9772115,0.42527777777777775
2014-04-02 19:00:00,0.96,0.0,0.0
2014-04-02 20:00:00,0.88,0.0,0.0
2014-04-02 21:00:00,0.91,0.0,0.0
2014-04-02 22:00:00,0.95,0.0,0.0
2014-04-02 23:00:00,0.94,0.0,0.0
2014-04-03 00:00:00,1.0,0.0,0.0
2014-04-03 01:00:00,0.99,0.0,0.0
2014-04-03 02:00:00,1.0,0.0,0.0
2014-04-03 03:00:00,1.0,0.0,0.0
2014-04-03 04:00:00,1.0,0.0,0.0
2014-04-03 05:00:00,1.0,0.99392307,0.31555555555555553
2014-04-03 06:00:00,1.0,34.787308,1.0
2014-04-03 07:00:00,1.0,101.38016,1.0
2014-04-03 08:00:00,1.0,226.54826,1.0
2014-04-03 09:00:00,1.0,347.04962,1.0
2014-04-03 10:00:00,1.0,487.86664,1.0
2014-04-03 11:00:00,1.0,702.6236,1.0
2014-04-03 12:00:00,1.0,702.52167,1.0
2014-04-03 13:00:00,0.99,698.8902,1.0
2014-04-03 14:00:00,0.99,603.12103,1.0
2014-04-03 15:00:00,0.93,425.63293,1.0
2014-04-03 16:00:00,0.88,273.76526,1.0
2014-04-03 17:00:00,0.95,109.31403,1.0
2014-04-03 18:00:00,0.93,4.974173,0.4419444444444444
2014-04-03 19:00:00,0.92,0.0,0.0
2014-04-03 20:00:00,0.74,0.0,0.0
2014-04-03 21:00:00,0.68,0.0,0.0
2014-04-03 22:00:00,0.53,0.0,0.0
2014-04-03 23:00:00,0.62,0.0,0.0
2014-04-04 00:00:00,0.51,0.0,0.0
2014-04-04 01:00:00,0.23,0.0,0.0
2014-04-04 02:00:00,0.08,0.0,0.0
2014-04-04 03:00:00,0.11,0.0,0.0
2014-04-04 04:00:00,0.18,0.0,0.0
2014-04-04 05:00:00,0.13,4.599168,0.3422222222222222
2014-04-04 06:00:00,0.01,156.56674,1.0
2014-04-04 07:00:00,0.33,406.5748,1.0
2014-04-04 08:00:00,0.96,636.07574,1.0
2014-04-04 09:00:00,0.99,800.6539,1.0
2014-04-04 10:00:00,0.96,918.4661,1.0
2014-04-04 11:00:00,0.86,974.84393,1.0
2014-04-04 12:00:00,0.99,974.4451,1.0
2014-04-04 13:00:00,0.97,863.3039,1.0
2014-04-04 14:00:00,0.93,727.7754,1.0
2014-04-04 15:00:00,0.97,530.85095,1.0
2014-04-04 16:00:00,0.9,307.95007,1.0
2014-04-04 17:00:00,0.76,116.754425,1.0
2014-04-04 18:00:00,0.98,5.9665766,0.45861111111111114
2014-04-04 19:00:00,0.99,0.0,0.0
2014-04-04 20:00:00,0.98,0.0,0.0
2014-04-04 21:00:00,0.98,0.0,0.0
2014-04-04 22:00:00,0.97,0.0,0.0
2014-04-04 23:00:00,0.98,0.0,0.0
2014-04-05 00:00:00,0.97,0.0,0.0
2014-04-05 01:00:00,0.94,0.0,0.0
2014-04-05 02:00:00,0.97,0.0,0.0
2014-04-05 03:00:00,0.88,0.0,0.0
2014-04-05 04:00:00,0.49,0.0,0.0
2014-04-05 05:00:00,0.33,4.5424967,0.3688888888888889
2014-04-05 06:00:00,0.62,149.90414,1.0
2014-04-05 07:00:00,0.82,393.32007,1.0
2014-04-05 08:00:00,0.47,622.0436,1.0
2014-04-05 09:00:00,0.31,807.0487,1.0
2014-04-05 10:00:00,0.7,905.5147,1.0
2014-04-05 11:00:00,0.97,889.9055,1.0
2014-04-05 12:00:00,1.0,851.9859,1.0
2014-04-05 13:00:00,1.0,746.1623,1.0
2014-04-05 14:00:00,1.0,526.1672,1.0
2014-04-05 15:00:00,1.0,400.18924,1.0
2014-04-05 16:00:00,1.0,226.14993,1.0
2014-04-05 17:00:00,1.0,88.742195,1.0
2014-04-05 18:00:00,0.99,5.9650574,0.4752777777777778
2014-04-05 19:00:00,0.99,0.0,0.0
2014-04-05 20:00:00,0.98,0.0,0.0
2014-04-05 21:00:00,0.98,0.0,0.0
2014-04-05 22:00:00,0.96,0.0,0.0
2014-04-05 23:00:00,0.44,0.0,0.0
2014-04-06 00:00:00,0.34,0.0,0.0
2014-04-06 01:00:00,0.31,0.0,0.0
2014-04-06 02:00:00,0.32,0.0,0.0
2014-04-06 03:00:00,0.29,0.0,0.0
2014-04-06 04:00:00,0.23,0.0,0.0
2014-04-06 05:00:00,0.24,6.00194,0.3952777777777778
2014-04-06 06:00:00,0.22,152.5477,1.0
2014-04-06 07:00:00,0.24,389.3182,1.0
2014-04-06 08:00:00,0.18,609.36926,1.0
2014-04-06 09:00:00,0.19,781.32733,1.0
2014-04-06 10:00:00,0.55,874.3392,1.0
2014-04-06 11:00:00,0.56,956.7576,1.0
2014-04-06 12:00:00,0.51,904.923,1.0
2014-04-06 13:00:00,0.67,824.7033,1.0
2014-04-06 14:00:00,0.83,680.3365,1.0
2014-04-06 15:00:00,0.98,443.44043,1.0
2014-04-06 16:00:00,0.91,223.2141,1.0
2014-04-06 17:00:00,0.84,113.33832,1.0
2014-04-06 18:00:00,0.85,5.969615,0.49194444444444446
2014-04-06 19:00:00,0.71,0.0,0.0
2014-04-06 20:00:00,0.7,0.0,0.0
2014-04-06 21:00:00,0.97,0.0,0.0
2014-04-06 22:00:00,0.97,0.0,0.0
2014-04-06 23:00:00,0.87,0.0,0.0
2014-04-07 00:00:00,0.94,0.0,0.0
2014-04-07 01:00:00,0.9,0.0,0.0
2014-04-07 02:00:00,0.56,0.0,0.0
2014-04-07 03:00:00,0.52,0.0,0.0
2014-04-07 04:00:00,0.82,0.0,0.0
2014-04-07 05:00:00,0.81,5.4402294,0.4216666666666667
2014-04-07 06:00:00,0.68,114.38942,1.0
2014-04-07 07:00:00,0.55,386.73877,1.0
2014-04-07 08:00:00,0.32,614.82043,1.0
2014-04-07 09:00:00,0.76,790.1219,1.0
2014-04-07 10:00:00,0.95,871.71606,1.0
2014-04-07 11:00:00,0.99,796.9714,1.0
2014-04-07 12:00:00,1.0,793.7297,1.0
2014-04-07 13:00:00,0.98,754.3913,1.0
2014-04-07 14:00:00,0.98,580.04285,1.0
2014-04-07 15:00:00,0.76,471.91315,1.0
2014-04-07 16:00:00,0.83,288.3308,1.0
2014-04-07 17:00:00,0.58,122.71571,1.0
2014-04-07 18:00:00,0.06,5.9800715,0.5088888888888888
2014-04-07 19:00:00,0.01,0.0,0.0
2014-04-07 20:00:00,0.06,0.0,0.0
2014-04-07 21:00:00,0.18,0.0,0.0
2014-04-07 22:00:00,0.18,0.0,0.0
2014-04-07 23:00:00,0.16,0.0,0.0
2014-04-08 00:00:00,0.16,0.0,0.0
2014-04-08 01:00:00,0.11,0.0,0.0
2014-04-08 02:00:00,0.02,0.0,0.0
2014-04-08 03:00:00,0.0,0.0,0.0
2014-04-08 04:00:00,0.0,0.0,0.0
2014-04-08 05:00:00,0.0,8.245946,0.4477777777777778
2014-04-08 06:00:00,0.0,168.50781,1.0
2014-04-08 07:00:00,0.0,410.69427,1.0
2014-04-08 08:00:00,0.0,641.8453,1.0
2014-04-08 09:00:00,0.0,831.5982,1.0
2014-04-08 10:00:00,0.0,963.9522,1.0
2014-04-08 11:00:00,0.0,1029.0746,1.0
2014-04-08 12:00:00,0.0,1020.3575,1.0
2014-04-08 13:00:00,0.07,943.0771,1.0
2014-04-08 14:00:00,0.19,798.19806,1.0
2014-04-08 15:00:00,0.27,599.29584,1.0
2014-04-08 16:00:00,0.32,367.75726,1.0
2014-04-08 17:00:00,0.0,136.4827,1.0
2014-04-08 18:00:00,0.0,7.0190053,0.5255555555555556
2014-04-08 19:00:00,0.0,0.0,0.0
2014-04-08 20:00:00,0.05,0.0,0.0
2014-04-08 21:00:00,0.22,0.0,0.0
2014-04-08 22:00:00,0.38,0.0,0.0
2014-04-08 23:00:00,0.34,0.0,0.0
2014-04-09 00:00:00,0.26,0.0,0.0
2014-04-09 01:00:00,0.14,0.0,0.0
2014-04-09 02:00:00,0.16,0.0,0.0
2014-04-09 03:00:00,0.32,0.0,0.0
2014-04-09 04:00:00,0.19,0.0,0.0
2014-04-09 05:00:00,0.37,10.514095,0.4738888888888889
2014-04-09 06:00:00,0.49,174.21655,1.0
2014-04-09 07:00:00,0.84,402.44702,1.0
2014-04-09 08:00:00,0.91,625.87524,1.0
2014-04-09 09:00:00,0.55,833.9746,1.0
2014-04-09 10:00:00,0.89,955.09955,1.0
2014-04-09 11:00:00,0.89,970.79156,1.0
2014-04-09 12:00:00,0.85,909.1578,1.0
2014-04-09 13:00:00,0.68,831.724,1.0
2014-04-09 14:00:00,0.52,752.55975,1.0
2014-04-09 15:00:00,0.63,559.01184,1.0
2014-04-09 16:00:00,0.33,367.0045,1.0
2014-04-09 17:00:00,0.41,137.6004,1.0
2014-04-09 18:00:00,0.55,7.059711,0.5422222222222223
2014-04-09 19:00:00,0.26,0.0,0.0
2014-04-09 20:00:00,0.37,0.0,0.0
2014-04-09 21:00:00,0.64,0.0,0.0
2014-04-09 22:00:00,0.43,0.0,0.0
2014-04-09 23:00:00,0.37,0.0,0.0
2014-04-10 00:00:00,0.36,0.0,0.0
2014-04-10 01:00:00,0.33,0.0,0.0
2014-04-10 02:00:00,0.16,0.0,0.0
2014-04-10 03:00:00,0.11,0.0,0.0
2014-04-10 04:00:00,0.01,0.0,0.0
2014-04-10 05:00:00,0.34,11.372176,0.49944444444444447
2014-04-10 06:00:00,0.07,173.33197,1.0
2014-04-10 07:00:00,0.0,414.04507,1.0
2014-04-10 08:00:00,0.0,639.93134,1.0
2014-04-10 09:00:00,0.0,824.64545,1.0
2014-04-10 10:00:00,0.02,943.1818,1.0
2014-04-10 11:00:00,0.31,963.98553,1.0
2014-04-10 12:00:00,0.4,858.6703,1.0
2014-04-10 13:00:00,0.62,832.9703,1.0
2014-04-10 14:00:00,0.53,742.2047,1.0
2014-04-10 15:00:00,0.68,532.7983,1.0
2014-04-10 16:00:00,0.94,259.83517,1.0
2014-04-10 17:00:00,0.91,122.76739,1.0
2014-04-10 18:00:00,0.92,9.046482,0.5588888888888889
2014-04-10 19:00:00,0.52,0.0,0.0
2014-04-10 20:00:00,0.0,0.0,0.0
2014-04-10 21:00:00,0.01,0.0,0.0
2014-04-10 22:00:00,0.0,0.0,0.0
2014-04-10 23:00:00,0.04,0.0,0.0
2014-04-11 00:00:00,0.04,0.0,0.0
2014-04-11 01:00:00,0.01,0.0,0.0
2014-04-11 02:00:00,0.0,0.0,0.0
2014-04-11 03:00:00,0.0,0.0,0.0
2014-04-11 04:00:00,0.0,0.0,0.0
2014-04-11 05:00:00,0.0,12.569152,0.525
2014-04-11 06:00:00,0.0,181.62547,1.0
2014-04-11 07:00:00,0.0,423.30212,1.0
2014-04-11 08:00:00,0.0,652.7438,1.0
2014-04-11 09:00:00,0.0,842.2119,1.0
2014-04-11 10:00:00,0.0,974.5265,1.0
2014-04-11 11:00:00,0.0,1034.844,1.0
2014-04-11 12:00:00,0.02,1002.4497,1.0
2014-04-11 13:00:00,0.16,944.41394,1.0
2014-04-11 14:00:00,0.07,804.1299,1.0
2014-04-11 15:00:00,0.0,606.4436,1.0
2014-04-11 16:00:00,0.0,376.85107,1.0
2014-04-11 17:00:00,0.02,143.09819,1.0
2014-04-11 18:00:00,0.32,8.182833,0.5755555555555556
2014-04-11 19:00:00,0.65,0.0,0.0
2014-04-11 20:00:00,0.96,0.0,0.0
2014-04-11 21:00:00,0.94,0.0,0.0
2014-04-11 22:00:00,0.96,0.0,0.0
2014-04-11 23:00:00,0.99,0.0,0.0
2014-04-12 00:00:00,0.93,0.0,0.0
2014-04-12 01:00:00,0.88,0.0,0.0
2014-04-12 02:00:00,0.75,0.0,0.0
2014-04-12 03:00:00,0.97,0.0,0.0
2014-04-12 04:00:00,0.95,0.0,0.0
2014-04-12 05:00:00,0.94,11.53062,0.55
2014-04-12 06:00:00,0.98,130.74684,1.0
2014-04-12 07:00:00,1.0,295.2052,1.0
2014-04-12 08:00:00,0.98,460.72104,1.0
2014-04-12 09:00:00,0.98,684.67615,1.0
2014-04-12 10:00:00,0.97,772.39905,1.0
2014-04-12 11:00:00,0.87,887.45374,1.0
2014-04-12 12:00:00,0.94,751.6752,1.0
2014-04-12 13:00:00,0.97,678.43713,1.0
2014-04-12 14:00:00,0.97,550.9306,1.0
2014-04-12 15:00:00,0.93,426.18216,1.0
2014-04-12 16:00:00,0.9,277.4253,1.0
2014-04-12 17:00:00,0.96,111.649864,1.0
2014-04-12 18:00:00,0.96,10.995301,0.5922222222222222
2014-04-12 19:00:00,0.98,0.0,0.0
2014-04-12 20:00:00,0.99,0.0,0.0
2014-04-12 21:00:00,0.99,0.0,0.0
2014-04-12 22:00:00,1.0,0.0,0.0
2014-04-12 23:00:00,0.99,0.0,0.0
2014-04-13 00:00:00,0.95,0.0,0.0
2014-04-13 01:00:00,0.95,0.0,0.0
2014-04-13 02:00:00,1.0,0.0,0.0
2014-04-13 03:00:00,0.97,0.0,0.0
2014-04-13 04:00:00,1.0,0.0,0.0
2014-04-13 05:00:00,1.0,2.981769,0.575
2014-04-13 06:00:00,1.0,41.467033,1.0
2014-04-13 07:00:00,1.0,118.4997,1.0
2014-04-13 08:00:00,0.99,236.54295,1.0
2014-04-13 09:00:00,1.0,334.20352,1.0
2014-04-13 10:00:00,1.0,411.72244,1.0
2014-04-13 11:00:00,0.98,460.74533,1.0
2014-04-13 12:00:00,0.99,381.67145,1.0
2014-04-13 13:00:00,0.99,499.51804,1.0
2014-04-13 14:00:00,0.95,402.15936,1.0
2014-04-13 15:00:00,1.0,238.9121,1.0
2014-04-13 16:00:00,1.0,97.404465,1.0
2014-04-13 17:00:00,1.0,46.714386,1.0
2014-04-13 18:00:00,1.0,4.9696155,0.6088888888888889
2014-04-13 19:00:00,1.0,0.0,0.0
2014-04-13 20:00:00,1.0,0.0,0.0
2014-04-13 21:00:00,1.0,0.0,0.0
2014-04-13 22:00:00,1.0,0.0,0.0
2014-04-13 23:00:00,1.0,0.0,0.0
2014-04-14 00:00:00,0.98,0.0,0.0
2014-04-14 01:00:00,0.97,0.0,0.0
2014-04-14 02:00:00,0.97,0.0,0.0
2014-04-14 03:00:00,0.89,0.0,0.0
2014-04-14 04:00:00,0.83,0.0,0.0
2014-04-14 05:00:00,0.72,15.90246,0.5994444444444444
2014-04-14 06:00:00,0.19,187.58134,1.0
2014-04-14 07:00:00,0.05,445.07318,1.0
2014-04-14 08:00:00,0.01,688.5425,1.0
2014-04-14 09:00:00,0.0,896.5737,1.0
2014-04-14 10:00:00,0.0,1030.2229,1.0
2014-04-14 11:00:00,0.07,1090.6123,1.0
2014-04-14 12:00:00,0.37,1068.8204,1.0
2014-04-14 13:00:00,0.0,989.2793,1.0
2014-04-14 14:00:00,0.0,840.2971,1.0
2014-04-14 15:00:00,0.0,636.5453,1.0
2014-04-14 16:00:00,0.0,399.1313,1.0
2014-04-14 17:00:00,0.0,158.90657,1.0
2014-04-14 18:00:00,0.0,11.3892145,0.6255555555555555
2014-04-14 19:00:00,0.0,0.0,0.0
2014-04-14 20:00:00,0.0,0.0,0.0
2014-04-14 21:00:00,0.0,0.0,0.0
2014-04-14 22:00:00,0.0,0.0,0.0
2014-04-14 23:00:00,0.0,0.0,0.0
2014-04-15 00:00:00,0.0,0.0,0.0
2014-04-15 01:00:00,0.0,0.0,0.0
2014-04-15 02:00:00,0.0,0.0,0.0
2014-04-15 03:00:00,0.0,0.0,0.0
2014-04-15 04:00:00,0.0,0.0,0.0
2014-04-15 05:00:00,0.02,21.144863,0.6236111111111111
2014-04-15 06:00:00,0.0,209.9294,1.0
2014-04-15 07:00:00,0.59,453.90106,1.0
2014-04-15 08:00:00,0.93,624.9625,1.0
2014-04-15 09:00:00,0.92,709.1846,1.0
2014-04-15 10:00:00,0.99,867.5513,1.0
2014-04-15 11:00:00,1.0,958.87585,1.0
2014-04-15 12:00:00,0.99,862.5368,1.0
2014-04-15 13:00:00,0.96,877.07227,1.0
2014-04-15 14:00:00,0.75,809.9918,1.0
2014-04-15 15:00:00,0.41,617.5895,1.0
2014-04-15 16:00:00,0.08,395.07227,1.0
2014-04-15 17:00:00,0.0,157.8108,1.0
2014-04-15 18:00:00,0.0,11.491057,0.6422222222222222
2014-04-15 19:00:00,0.11,0.0,0.0
2014-04-15 20:00:00,0.43,0.0,0.0
2014-04-15 21:00:00,0.16,0.0,0.0
2014-04-15 22:00:00,0.04,0.0,0.0
2014-04-15 23:00:00,0.0,0.0,0.0
2014-04-16 00:00:00,0.06,0.0,0.0
2014-04-16 01:00:00,0.0,0.0,0.0
2014-04-16 02:00:00,0.0,0.0,0.0
2014-04-16 03:00:00,0.15,0.0,0.0
2014-04-16 04:00:00,0.41,0.0,0.0
2014-04-16 05:00:00,0.74,19.531366,0.6477777777777778
2014-04-16 06:00:00,0.9,198.66307,1.0
2014-04-16 07:00:00,0.86,436.81873,1.0
2014-04-16 08:00:00,0.13,683.6791,1.0
2014-04-16 09:00:00,0.01,881.22864,1.0
2014-04-16 10:00:00,0.25,974.63135,1.0
2014-04-16 11:00:00,0.56,956.99023,1.0
2014-04-16 12:00:00,0.97,890.55804,1.0
2014-04-16 13:00:00,0.99,737.0309,1.0
2014-04-16 14:00:00,1.0,593.70636,1.0
2014-04-16 15:00:00,0.99,370.95505,1.0
2014-04-16 16:00:00,0.99,182.02496,1.0
2014-04-16 17:00:00,1.0,51.684,1.0
2014-04-16 18:00:00,0.99,8.945308,0.6588888888888889
2014-04-16 19:00:00,1.0,0.0,0.0
2014-04-16 20:00:00,1.0,0.0,0.0
2014-04-16 21:00:00,1.0,0.0,0.0
2014-04-16 22:00:00,0.72,0.0,0.0
2014-04-16 23:00:00,0.13,0.0,0.0
2014-04-17 00:00:00,0.05,0.0,0.0
2014-04-17 01:00:00,0.03,0.0,0.0
2014-04-17 02:00:00,0.16,0.0,0.0
2014-04-17 03:00:00,0.16,0.0,0.0
2014-04-17 04:00:00,0.15,0.0,0.0
2014-04-17 05:00:00,0.08,23.906109,0.6719444444444445
2014-04-17 06:00:00,0.08,205.5978,1.0
2014-04-17 07:00:00,0.05,446.89706,1.0
2014-04-17 08:00:00,0.07,680.71155,1.0
2014-04-17 09:00:00,0.14,867.6241,1.0
2014-04-17 10:00:00,0.23,991.4621,1.0
2014-04-17 11:00:00,0.25,1055.4536,1.0
2014-04-17 12:00:00,0.11,1049.1102,1.0
2014-04-17 13:00:00,0.06,962.53455,1.0
2014-04-17 14:00:00,0.15,810.4255,1.0
2014-04-17 15:00:00,0.25,612.96356,1.0
2014-04-17 16:00:00,0.14,385.6266,1.0
2014-04-17 17:00:00,0.22,155.9388,1.0
2014-04-17 18:00:00,0.05,11.661881,0.6755555555555556
2014-04-17 19:00:00,0.14,0.0,0.0
2014-04-17 20:00:00,0.09,0.0,0.0
2014-04-17 21:00:00,0.26,0.0,0.0
2014-04-17 22:00:00,0.05,0.0,0.0
2014-04-17 23:00:00,0.0,0.0,0.0
2014-04-18 00:00:00,0.0,0.0,0.0
2014-04-18 01:00:00,0.05,0.0,0.0
2014-04-18 02:00:00,0.4,0.0,0.0
2014-04-18 03:00:00,0.55,0.0,0.0
2014-04-18 04:00:00,0.82,0.0,0.0
2014-04-18 05:00:00,0.85,24.696777,0.6958333333333333
2014-04-18 06:00:00,0.57,213.26312,1.0
2014-04-18 07:00:00,0.66,454.65088,1.0
2014-04-18 08:00:00,0.77,673.574,1.0
2014-04-18 09:00:00,0.95,851.71106,1.0
2014-04-18 10:00:00,0.85,935.0293,1.0
2014-04-18 11:00:00,0.44,1029.0234,1.0
2014-04-18 12:00:00,0.92,976.62885,1.0
2014-04-18 13:00:00,0.69,868.6162,1.0
2014-04-18 14:00:00,0.89,644.56665,1.0
2014-04-18 15:00:00,1.0,582.32825,1.0
2014-04-18 16:00:00,1.0,337.7592,1.0
2014-04-18 17:00:00,1.0,138.72905,1.0
2014-04-18 18:00:00,1.0,16.95732,0.6925
2014-04-18 19:00:00,1.0,0.0,0.0
2014-04-18 20:00:00,0.93,0.0,0.0
2014-04-18 21:00:00,0.9,0.0,0.0
2014-04-18 22:00:00,0.85,0.0,0.0
2014-04-18 23:00:00,0.75,0.0,0.0
2014-04-19 00:00:00,0.83,0.0,0.0
2014-04-19 01:00:00,0.88,0.0,0.0
2014-04-19 02:00:00,0.92,0.0,0.0
2014-04-19 03:00:00,0.96,0.0,0.0
2014-04-19 04:00:00,0.96,0.0,0.0
2014-04-19 05:00:00,1.0,14.214051,0.7197222222222223
2014-04-19 06:00:00,1.0,66.866234,1.0
2014-04-19 07:00:00,1.0,178.29437,1.0
2014-04-19 08:00:00,1.0,273.52457,1.0
2014-04-19 09:00:00,1.0,567.74176,1.0
2014-04-19 10:00:00,1.0,828.29645,1.0
2014-04-19 11:00:00,1.0,589.9372,1.0
2014-04-19 12:00:00,1.0,759.37036,1.0
2014-04-19 13:00:00,0.95,857.27515,1.0
2014-04-19 14:00:00,0.77,641.2962,1.0
2014-04-19 15:00:00,0.95,480.45868,1.0
2014-04-19 16:00:00,0.87,277.78268,1.0
2014-04-19 17:00:00,0.78,88.63393,1.0
2014-04-19 18:00:00,0.92,8.081536,0.7091666666666666
2014-04-19 19:00:00,0.97,0.0,0.0
2014-04-19 20:00:00,0.84,0.0,0.0
2014-04-19 21:00:00,0.94,0.0,0.0
2014-04-19 22:00:00,0.73,0.0,0.0
2014-04-19 23:00:00,0.2,0.0,0.0
2014-04-20 00:00:00,0.32,0.0,0.0
2014-04-20 01:00:00,0.64,0.0,0.0
2014-04-20 02:00:00,0.88,0.0,0.0
2014-04-20 03:00:00,0.53,0.0,0.0
2014-04-20 04:00:00,0.78,0.0,0.0
2014-04-20 05:00:00,0.83,28.700287,0.7436111111111111
2014-04-20 06:00:00,0.85,216.27238,1.0
2014-04-20 07:00:00,0.7,453.4589,1.0
2014-04-20 08:00:00,0.35,674.0713,1.0
2014-04-20 09:00:00,0.07,826.842,1.0
2014-04-20 10:00:00,0.13,901.4118,1.0
2014-04-20 11:00:00,0.31,885.28375,1.0
2014-04-20 12:00:00,0.44,906.2845,1.0
2014-04-20 13:00:00,0.31,890.63196,1.0
2014-04-20 14:00:00,0.29,764.22595,1.0
2014-04-20 15:00:00,0.64,566.04767,1.0
2014-04-20 16:00:00,0.58,325.34805,1.0
2014-04-20 17:00:00,0.4,137.57358,1.0
2014-04-20 18:00:00,0.2,13.037765,0.7261111111111112
2014-04-20 19:00:00,0.21,0.0,0.0
2014-04-20 20:00:00,0.08,0.0,0.0
2014-04-20 21:00:00,0.01,0.0,0.0
2014-04-20 22:00:00,0.06,0.0,0.0
2014-04-20 23:00:00,0.15,0.0,0.0
2014-04-21 00:00:00,0.29,0.0,0.0
2014-04-21 01:00:00,0.3,0.0,0.0
2014-04-21 02:00:00,0.5,0.0,0.0
2014-04-21 03:00:00,0.9,0.0,0.0
2014-04-21 04:00:00,0.57,0.0,0.0
2014-04-21 05:00:00,0.19,29.595299,0.7672222222222222
2014-04-21 06:00:00,0.08,216.03874,1.0
2014-04-21 07:00:00,0.06,450.1788,1.0
2014-04-21 08:00:00,0.06,674.3154,1.0
2014-04-21 09:00:00,0.02,850.04724,1.0
2014-04-21 10:00:00,0.12,943.7989,1.0
2014-04-21 11:00:00,0.46,886.36066,1.0
2014-04-21 12:00:00,0.56,946.7845,1.0
2014-04-21 13:00:00,0.51,775.47284,1.0
2014-04-21 14:00:00,0.8,721.5748,1.0
2014-04-21 15:00:00,0.82,522.8809,1.0
2014-04-21 16:00:00,0.72,371.2415,1.0
2014-04-21 17:00:00,0.46,157.70743,1.0
2014-04-21 18:00:00,0.03,14.025518,0.7427777777777778
2014-04-21 19:00:00,0.03,0.0,0.0
2014-04-21 20:00:00,0.11,0.0,0.0
2014-04-21 21:00:00,0.59,0.0,0.0
2014-04-21 22:00:00,0.96,0.0,0.0
2014-04-21 23:00:00,0.99,0.0,0.0
2014-04-22 00:00:00,0.95,0.0,0.0
2014-04-22 01:00:00,0.9,0.0,0.0
2014-04-22 02:00:00,0.74,0.0,0.0
2014-04-22 03:00:00,0.89,0.0,0.0
2014-04-22 04:00:00,0.78,0.0,0.0
2014-04-22 05:00:00,0.79,31.260748,0.7905555555555556
2014-04-22 06:00:00,0.89,220.32852,1.0
2014-04-22 07:00:00,0.87,458.93353,1.0
2014-04-22 08:00:00,0.94,675.80524,1.0
2014-04-22 09:00:00,0.8,813.67554,1.0
2014-04-22 10:00:00,0.79,885.535,1.0
2014-04-22 11:00:00,0.76,918.6523,1.0
2014-04-22 12:00:00,0.62,967.09155,1.0
2014-04-22 13:00:00,0.68,848.4978,1.0
2014-04-22 14:00:00,0.92,716.3178,1.0
2014-04-22 15:00:00,0.91,487.15164,1.0
2014-04-22 16:00:00,0.96,312.9421,1.0
2014-04-22 17:00:00,0.97,138.8396,1.0
2014-04-22 18:00:00,0.96,19.117834,0.7597222222222222
2014-04-22 19:00:00,0.97,0.0,0.0
2014-04-22 20:00:00,0.9,0.0,0.0
2014-04-22 21:00:00,0.91,0.0,0.0
2014-04-22 22:00:00,0.51,0.0,0.0
2014-04-22 23:00:00,0.16,0.0,0.0
2014-04-23 00:00:00,0.15,0.0,0.0
2014-04-23 01:00:00,0.14,0.0,0.0
2014-04-23 02:00:00,0.1,0.0,0.0
2014-04-23 03:00:00,0.07,0.0,0.0
2014-04-23 04:00:00,0.0,0.0,0.0
2014-04-23 05:00:00,0.0,35.578327,0.8138888888888889
2014-04-23 06:00:00,0.0,228.99524,1.0
2014-04-23 07:00:00,0.0,451.95978,1.0
2014-04-23 08:00:00,0.05,682.8885,1.0
2014-04-23 09:00:00,0.09,852.16736,1.0
2014-04-23 10:00:00,0.11,993.3755,1.0
2014-04-23 11:00:00,0.41,1021.5833,1.0
2014-04-23 12:00:00,0.92,964.15045,1.0
2014-04-23 13:00:00,0.99,810.39716,1.0
2014-04-23 14:00:00,0.97,577.02094,1.0
2014-04-23 15:00:00,0.97,401.4756,1.0
2014-04-23 16:00:00,1.0,250.17229,1.0
2014-04-23 17:00:00,1.0,92.61534,1.0
2014-04-23 18:00:00,1.0,10.184663,0.7766666666666666
2014-04-23 19:00:00,0.95,0.0,0.0
2014-04-23 20:00:00,0.77,0.0,0.0
2014-04-23 21:00:00,0.81,0.0,0.0
2014-04-23 22:00:00,0.74,0.0,0.0
2014-04-23 23:00:00,0.9,0.0,0.0
2014-04-24 00:00:00,0.66,0.0,0.0
2014-04-24 01:00:00,0.34,0.0,0.0
2014-04-24 02:00:00,0.08,0.0,0.0
2014-04-24 03:00:00,0.35,0.0,0.0
2014-04-24 04:00:00,0.07,0.0,0.0
2014-04-24 05:00:00,0.02,38.45043,0.8369444444444445
2014-04-24 06:00:00,0.07,233.27158,1.0
2014-04-24 07:00:00,0.0,476.41855,1.0
2014-04-24 08:00:00,0.1,700.95306,1.0
2014-04-24 09:00:00,0.81,881.22516,1.0
2014-04-24 10:00:00,0.74,995.87646,1.0
2014-04-24 11:00:00,0.62,1066.3502,1.0
2014-04-24 12:00:00,0.7,1034.9053,1.0
2014-04-24 13:00:00,0.76,926.6592,1.0
2014-04-24 14:00:00,0.34,807.9221,1.0
2014-04-24 15:00:00,0.1,608.38965,1.0
2014-04-24 16:00:00,0.01,396.98746,1.0
2014-04-24 17:00:00,0.27,165.29108,1.0
2014-04-24 18:00:00,0.53,16.452848,0.7933333333333333
2014-04-24 19:00:00,0.27,0.0,0.0
2014-04-24 20:00:00,0.24,0.0,0.0
2014-04-24 21:00:00,0.61,0.0,0.0
2014-04-24 22:00:00,0.31,0.0,0.0
2014-04-24 23:00:00,0.4,0.0,0.0
2014-04-25 00:00:00,0.22,0.0,0.0
2014-04-25 01:00:00,0.28,0.0,0.0
2014-04-25 02:00:00,0.27,0.0,0.0
2014-04-25 03:00:00,0.07,0.0,0.0
2014-04-25 04:00:00,0.13,0.0,0.0
2014-04-25 05:00:00,0.49,38.049923,0.8597222222222223
2014-04-25 06:00:00,0.88,210.01164,1.0
2014-04-25 07:00:00,0.92,443.87366,1.0
2014-04-25 08:00:00,0.97,572.54834,1.0
2014-04-25 09:00:00,0.96,732.1996,1.0
2014-04-25 10:00:00,0.94,846.17456,1.0
2014-04-25 11:00:00,0.93,925.622,1.0
2014-04-25 12:00:00,0.74,822.17346,1.0
2014-04-25 13:00:00,0.61,878.52136,1.0
2014-04-25 14:00:00,0.48,624.32935,1.0
2014-04-25 15:00:00,0.76,545.1279,1.0
2014-04-25 16:00:00,0.96,311.27994,1.0
2014-04-25 17:00:00,0.96,154.20317,1.0
2014-04-25 18:00:00,0.86,21.679445,0.8102777777777778
2014-04-25 19:00:00,0.92,0.0,0.0
2014-04-25 20:00:00,0.94,0.0,0.0
2014-04-25 21:00:00,0.62,0.0,0.0
2014-04-25 22:00:00,0.08,0.0,0.0
2014-04-25 23:00:00,0.18,0.0,0.0
2014-04-26 00:00:00,0.28,0.0,0.0
2014-04-26 01:00:00,0.24,0.0,0.0
2014-04-26 02:00:00,0.15,0.0,0.0
2014-04-26 03:00:00,0.12,0.0,0.0
2014-04-26 04:00:00,0.0,0.0,0.0
2014-04-26 05:00:00,0.29,40.900047,0.8822222222222222
2014-04-26 06:00:00,0.8,204.59898,1.0
2014-04-26 07:00:00,0.9,401.3879,1.0
2014-04-26 08:00:00,0.69,630.1871,1.0
2014-04-26 09:00:00,0.14,845.1847,1.0
2014-04-26 10:00:00,0.25,966.7928,1.0
2014-04-26 11:00:00,0.58,923.5487,1.0
2014-04-26 12:00:00,0.46,933.62714,1.0
2014-04-26 13:00:00,0.71,813.9514,1.0
2014-04-26 14:00:00,0.98,543.5318,1.0
2014-04-26 15:00:00,0.98,393.2336,1.0
2014-04-26 16:00:00,1.0,207.83748,1.0
2014-04-26 17:00:00,0.89,106.40362,1.0
2014-04-26 18:00:00,0.93,18.171125,0.8272222222222222
2014-04-26 19:00:00,1.0,0.0,0.0
2014-04-26 20:00:00,1.0,0.0,0.0
2014-04-26 21:00:00,0.99,0.0,0.0
2014-04-26 22:00:00,0.98,0.0,0.0
2014-04-26 23:00:00,1.0,0.0,0.0
2014-04-27 00:00:00,0.95,0.0,0.0
2014-04-27 01:00:00,0.95,0.0,0.0
2014-04-27 02:00:00,0.91,0.0,0.0
2014-04-27 03:00:00,0.73,0.0,0.0
2014-04-27 04:00:00,0.85,0.0,0.0
2014-04-27 05:00:00,0.92,16.978245,0.9041666666666667
2014-04-27 06:00:00,0.98,84.30904,1.0
2014-04-27 07:00:00,1.0,149.34389,1.0
2014-04-27 08:00:00,1.0,199.28587,1.0
2014-04-27 09:00:00,1.0,263.4737,1.0
2014-04-27 10:00:00,1.0,399.22446,1.0
2014-04-27 11:00:00,1.0,562.1488,1.0
2014-04-27 12:00:00,1.0,495.1559,1.0
2014-04-27 13:00:00,1.0,338.82132,1.0
2014-04-27 14:00:00,1.0,381.08606,1.0
2014-04-27 15:00:00,1.0,210.68486,1.0
2014-04-27 16:00:00,1.0,160.93243,1.0
2014-04-27 17:00:00,1.0,80.24895,1.0
2014-04-27 18:00:00,1.0,15.902769,0.8438888888888889
2014-04-27 19:00:00,1.0,0.0,0.0
2014-04-27 20:00:00,1.0,0.0,0.0
2014-04-27 21:00:00,0.98,0.0,0.0
2014-04-27 22:00:00,0.57,0.0,0.0
2014-04-27 23:00:00,0.41,0.0,0.0
2014-04-28 00:00:00,0.3,0.0,0.0
2014-04-28 01:00:00,0.35,0.0,0.0
2014-04-28 02:00:00,0.56,0.0,0.0
2014-04-28 03:00:00,0.1,0.0,0.0
2014-04-28 04:00:00,0.15,0.0,0.0
2014-04-28 05:00:00,0.24,44.426,0.9261111111111111
2014-04-28 06:00:00,0.27,244.01823,1.0
2014-04-28 07:00:00,0.24,489.91165,1.0
2014-04-28 08:00:00,0.11,725.35864,1.0
2014-04-28 09:00:00,0.23,893.08044,1.0
2014-04-28 10:00:00,0.55,1005.19214,1.0
2014-04-28 11:00:00,0.53,973.65405,1.0
2014-04-28 12:00:00,0.8,901.7308,1.0
2014-04-28 13:00:00,0.66,759.72546,1.0
2014-04-28 14:00:00,0.66,722.13916,1.0
2014-04-28 15:00:00,0.8,545.25714,1.0
2014-04-28 16:00:00,0.77,369.08887,1.0
2014-04-28 17:00:00,0.54,151.58934,1.0
2014-04-28 18:00:00,0.77,21.781435,0.8605555555555555
2014-04-28 19:00:00,0.91,0.0,0.0
2014-04-28 20:00:00,0.95,0.0,0.0
2014-04-28 21:00:00,0.68,0.0,0.0
2014-04-28 22:00:00,0.36,0.0,0.0
2014-04-28 23:00:00,0.44,0.0,0.0
2014-04-29 00:00:00,0.22,0.0,0.0
2014-04-29 01:00:00,0.28,0.0,0.0
2014-04-29 02:00:00,0.2,0.0,0.0
2014-04-29 03:00:00,0.33,0.0,0.0
2014-04-29 04:00:00,0.43,0.0,0.0
2014-04-29 05:00:00,0.58,42.165565,0.9475
2014-04-29 06:00:00,0.49,226.80386,1.0
2014-04-29 07:00:00,0.24,465.54556,1.0
2014-04-29 08:00:00,0.48,631.64105,1.0
2014-04-29 09:00:00,1.0,807.85504,1.0
2014-04-29 10:00:00,1.0,815.60486,1.0
2014-04-29 11:00:00,1.0,578.37695,1.0
2014-04-29 12:00:00,1.0,863.0201,1.0
2014-04-29 13:00:00,0.99,695.37054,1.0
2014-04-29 14:00:00,0.99,496.12637,1.0
2014-04-29 15:00:00,1.0,433.14658,1.0
2014-04-29 16:00:00,0.93,294.82123,1.0
2014-04-29 17:00:00,0.96,126.236984,1.0
2014-04-29 18:00:00,0.99,23.278954,0.8772222222222222
2014-04-29 19:00:00,0.98,0.0,0.0
2014-04-29 20:00:00,0.98,0.0,0.0
2014-04-29 21:00:00,0.96,0.0,0.0
2014-04-29 22:00:00,0.93,0.0,0.0
2014-04-29 23:00:00,0.87,0.0,0.0
2014-04-30 00:00:00,0.91,0.0,0.0
2014-04-30 01:00:00,0.75,0.0,0.0
2014-04-30 02:00:00,0.75,0.0,0.0
2014-04-30 03:00:00,0.49,0.0,0.0
2014-04-30 04:00:00,0.41,0.0,0.0
2014-04-30 05:00:00,0.34,30.926174,0.9686111111111111
2014-04-30 06:00:00,0.24,165.4463,1.0
2014-04-30 07:00:00,0.36,462.2402,1.0
2014-04-30 08:00:00,0.71,605.47815,1.0
2014-04-30 09:00:00,0.66,789.587,1.0
2014-04-30 10:00:00,0.79,955.21234,1.0
2014-04-30 11:00:00,0.84,866.01556,1.0
2014-04-30 12:00:00,1.0,823.08075,1.0
2014-04-30 13:00:00,0.98,751.3572,1.0
2014-04-30 14:00:00,0.96,733.6867,1.0
2014-04-30 15:00:00,0.97,598.84937,1.0
2014-04-30 16:00:00,0.99,383.96677,1.0
2014-04-30 17:00:00,0.74,179.31277,1.0
2014-04-30 18:00:00,0.76,21.484257,0.8938888888888888
2014-04-30 19:00:00,0.43,0.0,0.0
2014-04-30 20:00:00,0.27,0.0,0.0
2014-04-30 21:00:00,0.12,0.0,0.0
2014-04-30 22:00:00,0.05,0.0,0.0
2014-04-30 23:00:00,0.01,0.0,0.0
2014-05-01 00:00:00,0.09,0.0,0.0
2014-05-01 01:00:00,0.16,0.0,0.0
2014-05-01 02:00:00,0.22,0.0,0.0
2014-05-01 03:00:00,0.24,0.0,0.0
2014-05-01 04:00:00,0.06,0.0,0.0
2014-05-01 05:00:00,0.0,54.708157,0.9894444444444445
2014-05-01 06:00:00,0.0,254.77156,1.0
2014-05-01 07:00:00,0.03,498.49033,1.0
2014-05-01 08:00:00,0.23,720.801,1.0
2014-05-01 09:00:00,0.69,882.5933,1.0
2014-05-01 10:00:00,0.94,954.25714,1.0
2014-05-01 11:00:00,0.97,813.21,1.0
2014-05-01 12:00:00,0.96,906.0033,1.0
2014-05-01 13:00:00,0.97,904.6245,1.0
2014-05-01 14:00:00,0.6,790.91986,1.0
2014-05-01 15:00:00,0.3,628.2034,1.0
2014-05-01 16:00:00,0.42,412.15192,1.0
2014-05-01 17:00:00,0.15,186.46625,1.0
2014-05-01 18:00:00,0.02,21.136448,0.9105555555555556
2014-05-01 19:00:00,0.0,0.0,0.0
2014-05-01 20:00:00,0.03,0.0,0.0
2014-05-01 21:00:00,0.4,0.0,0.0
2014-05-01 22:00:00,0.27,0.0,0.0
2014-05-01 23:00:00,0.27,0.0,0.0
2014-05-02 00:00:00,0.03,0.0,0.0
2014-05-02 01:00:00,0.0,0.0,0.0
2014-05-02 02:00:00,0.0,0.0,0.0
2014-05-02 03:00:00,0.0,0.0,0.0
2014-05-02 04:00:00,0.0,0.0,0.009722222222222222
2014-05-02 05:00:00,0.0,54.40365,1.0
2014-05-02 06:00:00,0.0,255.81076,1.0
2014-05-02 07:00:00,0.01,488.58145,1.0
2014-05-02 08:00:00,0.31,705.5447,1.0
2014-05-02 09:00:00,0.62,882.6113,1.0
2014-05-02 10:00:00,0.81,1002.24695,1.0
2014-05-02 11:00:00,0.34,1051.7908,1.0
2014-05-02 12:00:00,0.23,960.71423,1.0
2014-05-02 13:00:00,0.22,858.64343,1.0
2014-05-02 14:00:00,0.37,759.66986,1.0
2014-05-02 15:00:00,0.39,601.31335,1.0
2014-05-02 16:00:00,0.46,372.90225,1.0
2014-05-02 17:00:00,0.91,161.95145,1.0
2014-05-02 18:00:00,0.78,23.298027,0.9269444444444445
2014-05-02 19:00:00,0.62,0.0,0.0
2014-05-02 20:00:00,0.32,0.0,0.0
2014-05-02 21:00:00,0.01,0.0,0.0
2014-05-02 22:00:00,0.0,0.0,0.0
2014-05-02 23:00:00,0.0,0.0,0.0
2014-05-03 00:00:00,0.13,0.0,0.0
2014-05-03 01:00:00,0.12,0.0,0.0
2014-05-03 02:00:00,0.22,0.0,0.0
2014-05-03 03:00:00,0.11,0.0,0.0
2014-05-03 04:00:00,0.12,0.0,0.029444444444444443
2014-05-03 05:00:00,0.0,56.068226,1.0
2014-05-03 06:00:00,0.0,259.5062,1.0
2014-05-03 07:00:00,0.02,488.46384,1.0
2014-05-03 08:00:00,0.17,694.26874,1.0
2014-05-03 09:00:00,0.59,871.11664,1.0
2014-05-03 10:00:00,0.93,919.12463,1.0
2014-05-03 11:00:00,0.96,960.2592,1.0
2014-05-03 12:00:00,0.96,934.74554,1.0
2014-05-03 13:00:00,0.92,862.1161,1.0
2014-05-03 14:00:00,0.81,758.248,1.0
2014-05-03 15:00:00,0.75,597.1205,1.0
2014-05-03 16:00:00,0.38,394.0037,1.0
2014-05-03 17:00:00,0.45,165.56552,1.0
2014-05-03 18:00:00,0.36,23.212122,0.9433333333333334
2014-05-03 19:00:00,0.28,0.0,0.0
2014-05-03 20:00:00,0.1,0.0,0.0
2014-05-03 21:00:00,0.52,0.0,0.0
2014-05-03 22:00:00,0.82,0.0,0.0
2014-05-03 23:00:00,0.73,0.0,0.0
2014-05-04 00:00:00,0.66,0.0,0.0
2014-05-04 01:00:00,0.83,0.0,0.0
2014-05-04 02:00:00,0.8,0.0,0.0
2014-05-04 03:00:00,0.62,0.0,0.0
2014-05-04 04:00:00,0.84,0.0,0.04888888888888889
2014-05-04 05:00:00,0.92,44.32245,1.0
2014-05-04 06:00:00,0.85,168.75497,1.0
2014-05-04 07:00:00,0.83,382.4665,1.0
2014-05-04 08:00:00,0.67,617.0501,1.0
2014-05-04 09:00:00,0.6,810.4654,1.0
2014-05-04 10:00:00,0.52,994.0774,1.0
2014-05-04 11:00:00,0.23,1076.269,1.0
2014-05-04 12:00:00,0.07,1066.0768,1.0
2014-05-04 13:00:00,0.0,992.36285,1.0
2014-05-04 14:00:00,0.05,834.39154,1.0
2014-05-04 15:00:00,0.54,640.4363,1.0
2014-05-04 16:00:00,0.53,411.787,1.0
2014-05-04 17:00:00,0.65,185.55061,1.0
2014-05-04 18:00:00,0.64,22.685043,0.9597222222222223
2014-05-04 19:00:00,0.71,0.0,0.0
2014-05-04 20:00:00,0.75,0.0,0.0
2014-05-04 21:00:00,0.6,0.0,0.0
2014-05-04 22:00:00,0.45,0.0,0.0
2014-05-04 23:00:00,0.28,0.0,0.0
2014-05-05 00:00:00,0.25,0.0,0.0
2014-05-05 01:00:00,0.3,0.0,0.0
2014-05-05 02:00:00,0.51,0.0,0.0
2014-05-05 03:00:00,0.72,0.0,0.0
2014-05-05 04:00:00,0.78,0.0,0.06777777777777778
2014-05-05 05:00:00,0.9,52.91896,1.0
2014-05-05 06:00:00,0.91,204.27295,1.0
2014-05-05 07:00:00,0.99,422.9168,1.0
2014-05-05 08:00:00,1.0,601.40607,1.0
2014-05-05 09:00:00,1.0,789.31384,1.0
2014-05-05 10:00:00,1.0,826.1829,1.0
2014-05-05 11:00:00,1.0,902.98395,1.0
2014-05-05 12:00:00,0.99,919.8577,1.0
2014-05-05 13:00:00,0.99,854.6511,1.0
2014-05-05 14:00:00,0.99,729.9668,1.0
2014-05-05 15:00:00,0.98,555.6077,1.0
2014-05-05 16:00:00,0.96,358.03128,1.0
2014-05-05 17:00:00,0.94,171.2381,1.0
2014-05-05 18:00:00,0.93,30.715734,0.9761111111111112
2014-05-05 19:00:00,0.96,0.0,0.0
2014-05-05 20:00:00,0.93,0.0,0.0
2014-05-05 21:00:00,0.87,0.0,0.0
2014-05-05 22:00:00,0.19,0.0,0.0
2014-05-05 23:00:00,0.06,0.0,0.0
2014-05-06 00:00:00,0.52,0.0,0.0
2014-05-06 01:00:00,0.9,0.0,0.0
2014-05-06 02:00:00,0.88,0.0,0.0
2014-05-06 03:00:00,0.91,0.0,0.0
2014-05-06 04:00:00,0.56,0.0,0.08638888888888889
2014-05-06 05:00:00,0.55,55.72479,1.0
2014-05-06 06:00:00,0.62,221.81699,1.0
2014-05-06 07:00:00,0.66,443.78732,1.0
2014-05-06 08:00:00,0.67,666.79224,1.0
2014-05-06 09:00:00,0.7,797.11975,1.0
2014-05-06 10:00:00,0.68,960.7896,1.0
2014-05-06 11:00:00,0.34,985.0609,1.0
2014-05-06 12:00:00,0.45,965.19653,1.0
2014-05-06 13:00:00,0.56,775.1244,1.0
2014-05-06 14:00:00,0.94,611.0001,1.0
2014-05-06 15:00:00,0.95,464.14566,1.0
2014-05-06 16:00:00,0.94,248.42206,1.0
2014-05-06 17:00:00,1.0,130.60048,1.0
2014-05-06 18:00:00,0.99,26.10132,0.9922222222222222
2014-05-06 19:00:00,0.99,0.0,0.0
2014-05-06 20:00:00,0.95,0.0,0.0
2014-05-06 21:00:00,0.81,0.0,0.0
2014-05-06 22:00:00,0.7,0.0,0.0
2014-05-06 23:00:00,0.94,0.0,0.0
2014-05-07 00:00:00,0.87,0.0,0.0
2014-05-07 01:00:00,0.4,0.0,0.0
2014-05-07 02:00:00,0.04,0.0,0.0
2014-05-07 03:00:00,0.11,0.0,0.0
2014-05-07 04:00:00,0.66,0.0,0.10472222222222222
2014-05-07 05:00:00,0.65,53.017616,1.0
2014-05-07 06:00:00,0.72,201.81302,1.0
2014-05-07 07:00:00,0.7,431.84753,1.0
2014-05-07 08:00:00,0.73,703.3536,1.0
2014-05-07 09:00:00,0.78,881.4608,1.0
2014-05-07 10:00:00,0.94,1001.1869,1.0
2014-05-07 11:00:00,0.97,636.08264,1.0
2014-05-07 12:00:00,0.97,690.7913,1.0
2014-05-07 13:00:00,0.92,582.64526,1.0
2014-05-07 14:00:00,0.94,453.55728,1.0
2014-05-07 15:00:00,0.71,462.19824,1.0
2014-05-07 16:00:00,0.77,216.35077,1.0
2014-05-07 17:00:00,0.93,112.49962,1.0
2014-05-07 18:00:00,1.0,20.48271,1.0
2014-05-07 19:00:00,0.99,0.0,0.008611111111111111
2014-05-07 20:00:00,1.0,0.0,0.0
2014-05-07 21:00:00,0.97,0.0,0.0
2014-05-07 22:00:00,1.0,0.0,0.0
2014-05-07 23:00:00,1.0,0.0,0.0
2014-05-08 00:00:00,1.0,0.0,0.0
2014-05-08 01:00:00,1.0,0.0,0.0
2014-05-08 02:00:00,0.99,0.0,0.0
2014-05-08 03:00:00,0.96,0.0,0.0
2014-05-08 04:00:00,0.81,0.0,0.12277777777777778
2014-05-08 05:00:00,0.61,53.50808,1.0
2014-05-08 06:00:00,0.01,225.28575,1.0
2014-05-08 07:00:00,0.32,415.38647,1.0
2014-05-08 08:00:00,0.56,676.602,1.0
2014-05-08 09:00:00,0.3,735.2268,1.0
2014-05-08 10:00:00,0.46,886.47064,1.0
2014-05-08 11:00:00,0.82,651.52484,1.0
2014-05-08 12:00:00,0.95,571.7588,1.0
2014-05-08 13:00:00,0.79,440.89304,1.0
2014-05-08 14:00:00,0.91,356.57678,1.0
2014-05-08 15:00:00,0.86,335.62292,1.0
2014-05-08 16:00:00,0.9,212.59406,1.0
2014-05-08 17:00:00,0.99,114.604225,1.0
2014-05-08 18:00:00,0.95,30.501167,1.0
2014-05-08 19:00:00,0.94,0.0,0.024722222222222222
2014-05-08 20:00:00,0.6,0.0,0.0
2014-05-08 21:00:00,0.3,0.0,0.0
2014-05-08 22:00:00,0.03,0.0,0.0
2014-05-08 23:00:00,0.0,0.0,0.0
2014-05-09 00:00:00,0.0,0.0,0.0
2014-05-09 01:00:00,0.0,0.0,0.0
2014-05-09 02:00:00,0.0,0.0,0.0
2014-05-09 03:00:00,0.24,0.0,0.0
2014-05-09 04:00:00,0.36,0.0,0.14027777777777778
2014-05-09 05:00:00,0.26,69.89102,1.0
2014-05-09 06:00:00,0.39,267.34293,1.0
2014-05-09 07:00:00,0.85,423.0737,1.0
2014-05-09 08:00:00,1.0,454.57623,1.0
2014-05-09 09:00:00,0.99,542.00195,1.0
2014-05-09 10:00:00,1.0,734.78467,1.0
2014-05-09 11:00:00,0.99,680.4442,1.0
2014-05-09 12:00:00,0.93,691.32587,1.0
2014-05-09 13:00:00,0.83,690.52515,1.0
2014-05-09 14:00:00,0.9,703.3823,1.0
2014-05-09 15:00:00,0.78,509.70282,1.0
2014-05-09 16:00:00,0.73,328.91583,1.0
2014-05-09 17:00:00,0.85,159.89236,1.0
2014-05-09 18:00:00,0.57,32.91437,1.0
2014-05-09 19:00:00,0.68,0.0,0.04111111111111111
2014-05-09 20:00:00,0.49,0.0,0.0
2014-05-09 21:00:00,0.93,0.0,0.0
2014-05-09 22:00:00,0.79,0.0,0.0
2014-05-09 23:00:00,0.3,0.0,0.0
2014-05-10 00:00:00,0.0,0.0,0.0
2014-05-10 01:00:00,0.0,0.0,0.0
2014-05-10 02:00:00,0.0,0.0,0.0
2014-05-10 03:00:00,0.26,0.0,0.0
2014-05-10 04:00:00,0.0,0.0,0.15777777777777777
2014-05-10 05:00:00,0.0,70.46635,1.0
2014-05-10 06:00:00,0.12,271.70898,1.0
2014-05-10 07:00:00,0.09,506.7582,1.0
2014-05-10 08:00:00,0.0,717.6193,1.0
2014-05-10 09:00:00,0.52,871.1822,1.0
2014-05-10 10:00:00,0.62,550.0002,1.0
2014-05-10 11:00:00,0.7,845.4826,1.0
2014-05-10 12:00:00,0.97,495.8934,1.0
2014-05-10 13:00:00,1.0,519.5606,1.0
2014-05-10 14:00:00,1.0,327.3752,1.0
2014-05-10 15:00:00,1.0,242.70866,1.0
2014-05-10 16:00:00,0.98,132.12373,1.0
2014-05-10 17:00:00,0.9,98.7175,1.0
2014-05-10 18:00:00,0.9,27.84147,1.0
2014-05-10 19:00:00,0.95,0.0,0.0575
2014-05-10 20:00:00,0.96,0.0,0.0
2014-05-10 21:00:00,0.99,0.0,0.0
2014-05-10 22:00:00,0.95,0.0,0.0
2014-05-10 23:00:00,0.98,0.0,0.0
2014-05-11 00:00:00,1.0,0.0,0.0
2014-05-11 01:00:00,1.0,0.0,0.0
2014-05-11 02:00:00,1.0,0.0,0.0
2014-05-11 03:00:00,1.0,0.0,0.0
2014-05-11 04:00:00,0.99,0.0,0.17472222222222222
2014-05-11 05:00:00,1.0,18.382029,1.0
2014-05-11 06:00:00,1.0,60.727684,1.0
2014-05-11 07:00:00,1.0,75.686806,1.0
2014-05-11 08:00:00,1.0,105.43606,1.0
2014-05-11 09:00:00,1.0,168.16405,1.0
2014-05-11 10:00:00,1.0,314.38834,1.0
2014-05-11 11:00:00,0.99,440.0955,1.0
2014-05-11 12:00:00,0.97,509.1801,1.0
2014-05-11 13:00:00,0.99,422.99072,1.0
2014-05-11 14:00:00,1.0,337.69012,1.0
2014-05-11 15:00:00,1.0,305.49448,1.0
2014-05-11 16:00:00,1.0,186.64911,1.0
2014-05-11 17:00:00,0.98,68.580696,1.0
2014-05-11 18:00:00,1.0,17.926352,1.0
2014-05-11 19:00:00,1.0,0.0,0.07361111111111111
2014-05-11 20:00:00,1.0,0.0,0.0
2014-05-11 21:00:00,1.0,0.0,0.0
2014-05-11 22:00:00,1.0,0.0,0.0
2014-05-11 23:00:00,1.0,0.0,0.0
2014-05-12 00:00:00,1.0,0.0,0.0
2014-05-12 01:00:00,0.99,0.0,0.0
2014-05-12 02:00:00,1.0,0.0,0.0
2014-05-12 03:00:00,0.99,0.0,0.0
2014-05-12 04:00:00,0.99,0.0,0.1913888888888889
2014-05-12 05:00:00,1.0,35.78123,1.0
2014-05-12 06:00:00,1.0,130.53056,1.0
2014-05-12 07:00:00,1.0,279.02432,1.0
2014-05-12 08:00:00,0.99,506.03244,1.0
2014-05-12 09:00:00,0.92,684.8046,1.0
2014-05-12 10:00:00,0.88,906.02905,1.0
2014-05-12 11:00:00,0.87,911.479,1.0
2014-05-12 12:00:00,0.91,887.21625,1.0
2014-05-12 13:00:00,0.76,931.5265,1.0
2014-05-12 14:00:00,0.48,767.1949,1.0
2014-05-12 15:00:00,0.64,616.7822,1.0
2014-05-12 16:00:00,0.63,407.54028,1.0
2014-05-12 17:00:00,0.8,208.16695,1.0
2014-05-12 18:00:00,0.93,44.21259,1.0
2014-05-12 19:00:00,0.88,0.0,0.08972222222222222
2014-05-12 20:00:00,0.69,0.0,0.0
2014-05-12 21:00:00,0.45,0.0,0.0
2014-05-12 22:00:00,0.38,0.0,0.0
2014-05-12 23:00:00,0.25,0.0,0.0
2014-05-13 00:00:00,0.38,0.0,0.0
2014-05-13 01:00:00,0.44,0.0,0.0
2014-05-13 02:00:00,0.62,0.0,0.0
2014-05-13 03:00:00,0.83,0.0,0.0
2014-05-13 04:00:00,0.42,0.0,0.2075
2014-05-13 05:00:00,0.58,70.62749,1.0
2014-05-13 06:00:00,0.72,268.74158,1.0
2014-05-13 07:00:00,0.61,530.6471,1.0
2014-05-13 08:00:00,0.5,760.54456,1.0
2014-05-13 09:00:00,0.61,939.7585,1.0
2014-05-13 10:00:00,0.54,1062.4855,1.0
2014-05-13 11:00:00,0.36,1102.0792,1.0
2014-05-13 12:00:00,0.35,1060.9275,1.0
2014-05-13 13:00:00,0.09,993.3797,1.0
2014-05-13 14:00:00,0.37,838.4194,1.0
2014-05-13 15:00:00,0.31,650.2023,1.0
2014-05-13 16:00:00,0.38,425.51245,1.0
2014-05-13 17:00:00,0.46,204.27846,1.0
2014-05-13 18:00:00,0.74,38.64731,1.0
2014-05-13 19:00:00,0.39,0.0,0.10583333333333333
2014-05-13 20:00:00,0.02,0.0,0.0
2014-05-13 21:00:00,0.02,0.0,0.0
2014-05-13 22:00:00,0.0,0.0,0.0
2014-05-13 23:00:00,0.0,0.0,0.0
2014-05-14 00:00:00,0.0,0.0,0.0
2014-05-14 01:00:00,0.0,0.0,0.0
2014-05-14 02:00:00,0.0,0.0,0.0
2014-05-14 03:00:00,0.0,0.0,0.0
2014-05-14 04:00:00,0.0,0.0,0.22333333333333333
2014-05-14 05:00:00,0.0,84.55403,1.0
2014-05-14 06:00:00,0.0,301.5041,1.0
2014-05-14 07:00:00,0.0,536.70435,1.0
2014-05-14 08:00:00,0.0,751.1717,1.0
2014-05-14 09:00:00,0.24,883.9171,1.0
2014-05-14 10:00:00,0.62,1003.97705,1.0
2014-05-14 11:00:00,0.7,986.48456,1.0
2014-05-14 12:00:00,0.73,1040.7837,1.0
2014-05-14 13:00:00,0.72,963.3525,1.0
2014-05-14 14:00:00,0.72,818.9409,1.0
2014-05-14 15:00:00,0.48,586.7322,1.0
2014-05-14 16:00:00,0.81,361.09244,1.0
2014-05-14 17:00:00,0.81,196.06133,1.0
2014-05-14 18:00:00,0.89,36.57886,1.0
2014-05-14 19:00:00,0.98,0.0,0.12166666666666667
2014-05-14 20:00:00,1.0,0.0,0.0
2014-05-14 21:00:00,1.0,0.0,0.0
2014-05-14 22:00:00,0.95,0.0,0.0
2014-05-14 23:00:00,0.8,0.0,0.0
2014-05-15 00:00:00,0.76,0.0,0.0
2014-05-15 01:00:00,0.97,0.0,0.0
2014-05-15 02:00:00,0.95,0.0,0.0
2014-05-15 03:00:00,0.85,0.0,0.0
2014-05-15 04:00:00,0.79,0.0,0.2388888888888889
2014-05-15 05:00:00,0.25,70.24464,1.0
2014-05-15 06:00:00,0.33,274.9613,1.0
2014-05-15 07:00:00,0.24,513.94995,1.0
2014-05-15 08:00:00,0.22,728.9086,1.0
2014-05-15 09:00:00,0.16,873.7008,1.0
2014-05-15 10:00:00,0.47,967.0641,1.0
2014-05-15 11:00:00,0.48,1038.6409,1.0
2014-05-15 12:00:00,0.42,998.7707,1.0
2014-05-15 13:00:00,0.72,899.3074,1.0
2014-05-15 14:00:00,0.72,791.4109,1.0
2014-05-15 15:00:00,0.79,575.6768,1.0
2014-05-15 16:00:00,0.69,359.16843,1.0
2014-05-15 17:00:00,0.53,197.64017,1.0
2014-05-15 18:00:00,0.24,37.9061,1.0
2014-05-15 19:00:00,0.32,0.0,0.1375
2014-05-15 20:00:00,0.43,0.0,0.0
2014-05-15 21:00:00,0.45,0.0,0.0
2014-05-15 22:00:00,0.57,0.0,0.0
2014-05-15 23:00:00,0.31,0.0,0.0
2014-05-16 00:00:00,0.4,0.0,0.0
2014-05-16 01:00:00,0.68,0.0,0.0
2014-05-16 02:00:00,0.6,0.0,0.0
2014-05-16 03:00:00,0.49,0.0,0.0
2014-05-16 04:00:00,0.36,0.0,0.2538888888888889
2014-05-16 05:00:00,0.44,84.07274,1.0
2014-05-16 06:00:00,0.55,287.9434,1.0
2014-05-16 07:00:00,0.2,522.0116,1.0
2014-05-16 08:00:00,0.13,732.68195,1.0
2014-05-16 09:00:00,0.27,906.4204,1.0
2014-05-16 10:00:00,0.21,981.2842,1.0
2014-05-16 11:00:00,0.78,860.53754,1.0
2014-05-16 12:00:00,0.85,883.20636,1.0
2014-05-16 13:00:00,0.96,684.6517,1.0
2014-05-16 14:00:00,0.94,567.0705,1.0
2014-05-16 15:00:00,0.97,444.58426,1.0
2014-05-16 16:00:00,0.99,318.08548,1.0
2014-05-16 17:00:00,0.93,150.46156,1.0
2014-05-16 18:00:00,0.99,38.09668,1.0
2014-05-16 19:00:00,1.0,0.0,0.15305555555555556
2014-05-16 20:00:00,1.0,0.0,0.0
2014-05-16 21:00:00,1.0,0.0,0.0
2014-05-16 22:00:00,1.0,0.0,0.0
2014-05-16 23:00:00,0.97,0.0,0.0
2014-05-17 00:00:00,0.96,0.0,0.0
2014-05-17 01:00:00,0.96,0.0,0.0
2014-05-17 02:00:00,0.94,0.0,0.0
2014-05-17 03:00:00,0.92,0.0,0.0
2014-05-17 04:00:00,0.92,0.0,0.2683333333333333
2014-05-17 05:00:00,0.93,72.55567,1.0
2014-05-17 06:00:00,0.77,269.69324,1.0
2014-05-17 07:00:00,0.17,497.65698,1.0
2014-05-17 08:00:00,0.19,688.4045,1.0
2014-05-17 09:00:00,0.43,838.9451,1.0
2014-05-17 10:00:00,0.2,897.13965,1.0
2014-05-17 11:00:00,0.21,976.1054,1.0
2014-05-17 12:00:00,0.64,973.8348,1.0
2014-05-17 13:00:00,0.82,805.23773,1.0
2014-05-17 14:00:00,0.77,682.50824,1.0
2014-05-17 15:00:00,0.72,591.954,1.0
2014-05-17 16:00:00,0.47,408.36578,1.0
2014-05-17 17:00:00,0.41,206.52867,1.0
2014-05-17 18:00:00,0.73,35.51292,1.0
2014-05-17 19:00:00,0.95,0.0,0.1686111111111111
2014-05-17 20:00:00,0.96,0.0,0.0
2014-05-17 21:00:00,0.98,0.0,0.0
2014-05-17 22:00:00,0.97,0.0,0.0
2014-05-17 23:00:00,0.98,0.0,0.0
2014-05-18 00:00:00,0.98,0.0,0.0
2014-05-18 01:00:00,0.99,0.0,0.0
2014-05-18 02:00:00,1.0,0.0,0.0
2014-05-18 03:00:00,0.99,0.0,0.0
2014-05-18 04:00:00,0.94,0.0,0.2825
2014-05-18 05:00:00,0.9,77.67885,1.0
2014-05-18 06:00:00,0.85,272.6045,1.0
2014-05-18 07:00:00,0.67,503.50925,1.0
2014-05-18 08:00:00,0.38,706.02814,1.0
2014-05-18 09:00:00,0.41,811.0297,1.0
2014-05-18 10:00:00,0.44,982.994,1.0
2014-05-18 11:00:00,0.46,1030.8015,1.0
2014-05-18 12:00:00,0.48,985.0322,1.0
2014-05-18 13:00:00,0.68,852.5218,1.0
2014-05-18 14:00:00,0.9,700.7873,1.0
2014-05-18 15:00:00,0.81,479.1637,1.0
2014-05-18 16:00:00,0.99,293.61844,1.0
2014-05-18 17:00:00,0.94,159.49326,1.0
2014-05-18 18:00:00,0.88,39.607475,1.0
2014-05-18 19:00:00,0.84,0.0,0.18388888888888888
2014-05-18 20:00:00,0.85,0.0,0.0
2014-05-18 21:00:00,0.68,0.0,0.0
2014-05-18 22:00:00,0.78,0.0,0.0
2014-05-18 23:00:00,0.69,0.0,0.0
2014-05-19 00:00:00,0.45,0.0,0.0
2014-05-19 01:00:00,0.69,0.0,0.0
2014-05-19 02:00:00,0.87,0.0,0.0
2014-05-19 03:00:00,0.28,0.0,0.0
2014-05-19 04:00:00,0.0,1.9878461,0.2961111111111111
2014-05-19 05:00:00,0.0,85.1702,1.0
2014-05-19 06:00:00,0.0,294.41223,1.0
2014-05-19 07:00:00,0.0,522.2067,1.0
2014-05-19 08:00:00,0.0,732.72626,1.0
2014-05-19 09:00:00,0.0,903.87756,1.0
2014-05-19 10:00:00,0.12,1019.20215,1.0
2014-05-19 11:00:00,0.09,1069.3367,1.0
2014-05-19 12:00:00,0.42,997.1186,1.0
2014-05-19 13:00:00,0.32,958.1155,1.0
2014-05-19 14:00:00,0.33,829.8825,1.0
2014-05-19 15:00:00,0.62,576.3203,1.0
2014-05-19 16:00:00,0.49,351.1255,1.0
2014-05-19 17:00:00,0.49,205.50919,1.0
2014-05-19 18:00:00,0.02,34.33504,1.0
2014-05-19 19:00:00,0.0,0.0,0.1988888888888889
2014-05-19 20:00:00,0.12,0.0,0.0
2014-05-19 21:00:00,0.36,0.0,0.0
2014-05-19 22:00:00,0.48,0.0,0.0
2014-05-19 23:00:00,0.1,0.0,0.0
2014-05-20 00:00:00,0.18,0.0,0.0
2014-05-20 01:00:00,0.41,0.0,0.0
2014-05-20 02:00:00,0.44,0.0,0.0
2014-05-20 03:00:00,0.52,0.0,0.0
2014-05-20 04:00:00,0.53,0.99392307,0.30916666666666665
2014-05-20 05:00:00,0.4,58.395767,1.0
2014-05-20 06:00:00,0.29,205.89104,1.0
2014-05-20 07:00:00,0.22,350.76645,1.0
2014-05-20 08:00:00,0.23,566.39923,1.0
2014-05-20 09:00:00,0.69,690.6112,1.0
2014-05-20 10:00:00,0.55,893.1346,1.0
2014-05-20 11:00:00,0.55,873.319,1.0
2014-05-20 12:00:00,0.34,920.61115,1.0
2014-05-20 13:00:00,0.42,892.0889,1.0
2014-05-20 14:00:00,0.56,774.4245,1.0
2014-05-20 15:00:00,0.48,588.6346,1.0
2014-05-20 16:00:00,0.49,307.35828,1.0
2014-05-20 17:00:00,0.95,183.20079,1.0
2014-05-20 18:00:00,0.84,39.15015,1.0
2014-05-20 19:00:00,0.7,0.0,0.21388888888888888
2014-05-20 20:00:00,0.81,0.0,0.0
2014-05-20 21:00:00,0.77,0.0,0.0
2014-05-20 22:00:00,0.68,0.0,0.0
2014-05-20 23:00:00,0.7,0.0,0.0
2014-05-21 00:00:00,0.66,0.0,0.0
2014-05-21 01:00:00,0.65,0.0,0.0
2014-05-21 02:00:00,0.6,0.0,0.0
2014-05-21 03:00:00,0.94,0.0,0.0
2014-05-21 04:00:00,0.88,0.99392307,0.3219444444444444
2014-05-21 05:00:00,0.87,36.324318,1.0
2014-05-21 06:00:00,0.89,105.97909,1.0
2014-05-21 07:00:00,0.98,160.78122,1.0
2014-05-21 08:00:00,0.95,240.44554,1.0
2014-05-21 09:00:00,0.88,387.49332,1.0
2014-05-21 10:00:00,0.84,464.712,1.0
2014-05-21 11:00:00,0.96,505.29407,1.0
2014-05-21 12:00:00,0.89,904.4836,1.0
2014-05-21 13:00:00,0.75,789.7269,1.0
2014-05-21 14:00:00,0.7,611.30646,1.0
2014-05-21 15:00:00,0.75,359.70917,1.0
2014-05-21 16:00:00,0.57,233.53934,1.0
2014-05-21 17:00:00,0.68,153.30235,1.0
2014-05-21 18:00:00,0.66,34.827896,1.0
2014-05-21 19:00:00,0.45,0.0,0.22833333333333333
2014-05-21 20:00:00,0.32,0.0,0.0
2014-05-21 21:00:00,0.72,0.0,0.0
2014-05-21 22:00:00,0.99,0.0,0.0
2014-05-21 23:00:00,0.98,0.0,0.0
2014-05-22 00:00:00,0.98,0.0,0.0
2014-05-22 01:00:00,0.98,0.0,0.0
2014-05-22 02:00:00,0.3,0.0,0.0
2014-05-22 03:00:00,0.18,0.0,0.0
2014-05-22 04:00:00,0.22,1.9878461,0.33416666666666667
2014-05-22 05:00:00,0.28,85.58543,1.0
2014-05-22 06:00:00,0.11,284.95828,1.0
2014-05-22 07:00:00,0.06,499.43994,1.0
2014-05-22 08:00:00,0.18,711.692,1.0
2014-05-22 09:00:00,0.17,875.213,1.0
2014-05-22 10:00:00,0.15,961.073,1.0
2014-05-22 11:00:00,0.26,954.03357,1.0
2014-05-22 12:00:00,0.46,867.7096,1.0
2014-05-22 13:00:00,0.61,729.47095,1.0
2014-05-22 14:00:00,0.56,629.97986,1.0
2014-05-22 15:00:00,0.79,400.73996,1.0
2014-05-22 16:00:00,0.98,192.55322,1.0
2014-05-22 17:00:00,1.0,105.84869,1.0
2014-05-22 18:00:00,1.0,25.842,1.0
2014-05-22 19:00:00,1.0,0.0,0.2427777777777778
2014-05-22 20:00:00,0.98,0.0,0.0
2014-05-22 21:00:00,0.99,0.0,0.0
2014-05-22 22:00:00,1.0,0.0,0.0
2014-05-22 23:00:00,1.0,0.0,0.0
2014-05-23 00:00:00,1.0,0.0,0.0
2014-05-23 01:00:00,0.97,0.0,0.0
2014-05-23 02:00:00,0.99,0.0,0.0
2014-05-23 03:00:00,0.98,0.0,0.0
2014-05-23 04:00:00,0.97,1.9878461,0.34555555555555556
2014-05-23 05:00:00,0.94,47.468327,1.0
2014-05-23 06:00:00,0.95,172.19948,1.0
2014-05-23 07:00:00,0.92,343.1565,1.0
2014-05-23 08:00:00,0.88,568.071,1.0
2014-05-23 09:00:00,0.87,768.3003,1.0
2014-05-23 10:00:00,0.75,892.0455,1.0
2014-05-23 11:00:00,0.69,686.9654,1.0
2014-05-23 12:00:00,0.96,621.0359,1.0
2014-05-23 13:00:00,1.0,357.41312,1.0
2014-05-23 14:00:00,0.91,600.86755,1.0
2014-05-23 15:00:00,1.0,395.3728,1.0
2014-05-23 16:00:00,0.98,192.87833,1.0
2014-05-23 17:00:00,0.85,129.90657,1.0
2014-05-23 18:00:00,0.81,32.345352,1.0
2014-05-23 19:00:00,0.89,0.0,0.25666666666666665
2014-05-23 20:00:00,0.98,0.0,0.0
2014-05-23 21:00:00,1.0,0.0,0.0
2014-05-23 22:00:00,0.99,0.0,0.0
2014-05-23 23:00:00,0.99,0.0,0.0
2014-05-24 00:00:00,0.93,0.0,0.0
2014-05-24 01:00:00,0.63,0.0,0.0
2014-05-24 02:00:00,0.36,0.0,0.0
2014-05-24 03:00:00,0.87,0.0,0.0
2014-05-24 04:00:00,0.79,2.981769,0.3566666666666667
2014-05-24 05:00:00,0.75,85.10597,1.0
2014-05-24 06:00:00,0.96,270.74323,1.0
2014-05-24 07:00:00,1.0,490.68445,1.0
2014-05-24 08:00:00,1.0,670.7603,1.0
2014-05-24 09:00:00,0.98,878.3479,1.0
2014-05-24 10:00:00,1.0,933.7305,1.0
2014-05-24 11:00:00,1.0,391.21738,1.0
2014-05-24 12:00:00,1.0,370.4749,1.0
2014-05-24 13:00:00,0.96,519.2752,1.0
2014-05-24 14:00:00,0.89,515.20337,1.0
2014-05-24 15:00:00,0.95,416.09665,1.0
2014-05-24 16:00:00,0.94,173.89629,1.0
2014-05-24 17:00:00,0.98,65.59892,1.0
2014-05-24 18:00:00,1.0,21.866308,1.0
2014-05-24 19:00:00,1.0,0.0,0.27055555555555555
2014-05-24 20:00:00,0.98,0.0,0.0
2014-05-24 21:00:00,0.89,0.0,0.0
2014-05-24 22:00:00,0.59,0.0,0.0
2014-05-24 23:00:00,0.6,0.0,0.0
2014-05-25 00:00:00,0.54,0.0,0.0
2014-05-25 01:00:00,0.8,0.0,0.0
2014-05-25 02:00:00,0.94,0.0,0.0
2014-05-25 03:00:00,1.0,0.0,0.0
2014-05-25 04:00:00,0.8,1.9878461,0.3672222222222222
2014-05-25 05:00:00,0.99,53.429672,1.0
2014-05-25 06:00:00,1.0,159.21596,1.0
2014-05-25 07:00:00,1.0,331.92917,1.0
2014-05-25 08:00:00,0.95,504.88892,1.0
2014-05-25 09:00:00,0.93,582.5969,1.0
2014-05-25 10:00:00,0.82,738.55994,1.0
2014-05-25 11:00:00,0.81,625.20306,1.0
2014-05-25 12:00:00,0.88,834.8726,1.0
2014-05-25 13:00:00,0.58,768.77057,1.0
2014-05-25 14:00:00,0.45,626.3934,1.0
2014-05-25 15:00:00,0.78,531.5743,1.0
2014-05-25 16:00:00,0.87,251.21297,1.0
2014-05-25 17:00:00,0.66,132.675,1.0
2014-05-25 18:00:00,0.5,44.613224,1.0
2014-05-25 19:00:00,0.25,1.9878461,0.2838888888888889
2014-05-25 20:00:00,0.21,0.0,0.0
2014-05-25 21:00:00,0.45,0.0,0.0
2014-05-25 22:00:00,0.47,0.0,0.0
2014-05-25 23:00:00,0.23,0.0,0.0
2014-05-26 00:00:00,0.17,0.0,0.0
2014-05-26 01:00:00,0.11,0.0,0.0
2014-05-26 02:00:00,0.15,0.0,0.0
2014-05-26 03:00:00,0.01,0.0,0.0
2014-05-26 04:00:00,0.19,2.2474008,0.37694444444444447
2014-05-26 05:00:00,0.58,89.63068,1.0
2014-05-26 06:00:00,0.72,282.37326,1.0
2014-05-26 07:00:00,0.77,513.132,1.0
2014-05-26 08:00:00,0.85,727.57043,1.0
2014-05-26 09:00:00,0.85,895.1183,1.0
2014-05-26 10:00:00,0.57,927.94293,1.0
2014-05-26 11:00:00,0.66,968.7325,1.0
2014-05-26 12:00:00,0.71,899.8407,1.0
2014-05-26 13:00:00,0.82,929.01544,1.0
2014-05-26 14:00:00,0.86,725.5798,1.0
2014-05-26 15:00:00,0.84,594.12103,1.0
2014-05-26 16:00:00,0.89,398.67096,1.0
2014-05-26 17:00:00,0.87,204.81503,1.0
2014-05-26 18:00:00,0.64,42.1405,1.0
2014-05-26 19:00:00,0.4,1.9878461,0.2972222222222222
2014-05-26 20:00:00,0.09,0.0,0.0
2014-05-26 21:00:00,0.18,0.0,0.0
2014-05-26 22:00:00,0.05,0.0,0.0
2014-05-26 23:00:00,0.15,0.0,0.0
2014-05-27 00:00:00,0.14,0.0,0.0
2014-05-27 01:00:00,0.03,0.0,0.0
2014-05-27 02:00:00,0.0,0.0,0.0
2014-05-27 03:00:00,0.0,0.0,0.0
2014-05-27 04:00:00,0.0,2.247473,0.3863888888888889
2014-05-27 05:00:00,0.0,91.86711,1.0
2014-05-27 06:00:00,0.0,293.34857,1.0
2014-05-27 07:00:00,0.0,516.041,1.0
2014-05-27 08:00:00,0.0,723.9041,1.0
2014-05-27 09:00:00,0.0,893.8096,1.0
2014-05-27 10:00:00,0.01,851.9965,1.0
2014-05-27 11:00:00,0.12,1049.4137,1.0
2014-05-27 12:00:00,0.38,980.9193,1.0
2014-05-27 13:00:00,0.4,952.39105,1.0
2014-05-27 14:00:00,0.46,780.949,1.0
2014-05-27 15:00:00,0.42,546.07733,1.0
2014-05-27 16:00:00,0.31,378.7748,1.0
2014-05-27 17:00:00,0.41,223.86696,1.0
2014-05-27 18:00:00,0.33,45.962547,1.0
2014-05-27 19:00:00,0.15,1.9878461,0.31055555555555553
2014-05-27 20:00:00,0.16,0.0,0.0
2014-05-27 21:00:00,0.13,0.0,0.0
2014-05-27 22:00:00,0.04,0.0,0.0
2014-05-27 23:00:00,0.0,0.0,0.0
2014-05-28 00:00:00,0.02,0.0,0.0
2014-05-28 01:00:00,0.0,0.0,0.0
2014-05-28 02:00:00,0.0,0.0,0.0
2014-05-28 03:00:00,0.09,0.0,0.0
2014-05-28 04:00:00,0.18,3.2410078,0.3952777777777778
2014-05-28 05:00:00,0.04,93.47934,1.0
2014-05-28 06:00:00,0.0,296.03107,1.0
2014-05-28 07:00:00,0.0,518.6942,1.0
2014-05-28 08:00:00,0.0,725.54047,1.0
2014-05-28 09:00:00,0.1,894.3745,1.0
2014-05-28 10:00:00,0.2,1006.2692,1.0
2014-05-28 11:00:00,0.24,1020.1373,1.0
2014-05-28 12:00:00,0.4,1021.3569,1.0
2014-05-28 13:00:00,0.3,943.38904,1.0
2014-05-28 14:00:00,0.42,780.6793,1.0
2014-05-28 15:00:00,0.27,643.2871,1.0
2014-05-28 16:00:00,0.33,434.16357,1.0
2014-05-28 17:00:00,0.34,224.48875,1.0
2014-05-28 18:00:00,0.25,47.153973,1.0
2014-05-28 19:00:00,0.15,0.99544233,0.3236111111111111
2014-05-28 20:00:00,0.13,0.0,0.0
2014-05-28 21:00:00,0.0,0.0,0.0
2014-05-28 22:00:00,0.0,0.0,0.0
2014-05-28 23:00:00,0.0,0.0,0.0
2014-05-29 00:00:00,0.02,0.0,0.0
2014-05-29 01:00:00,0.06,0.0,0.0
2014-05-29 02:00:00,0.02,0.0,0.0
2014-05-29 03:00:00,0.05,0.0,0.0
2014-05-29 04:00:00,0.21,3.2402313,0.4036111111111111
2014-05-29 05:00:00,0.35,93.489365,1.0
2014-05-29 06:00:00,0.68,294.71268,1.0
2014-05-29 07:00:00,0.85,515.24414,1.0
2014-05-29 08:00:00,0.59,716.51294,1.0
2014-05-29 09:00:00,0.34,883.19775,1.0
2014-05-29 10:00:00,0.17,957.60614,1.0
2014-05-29 11:00:00,0.31,998.4939,1.0
2014-05-29 12:00:00,0.4,864.019,1.0
2014-05-29 13:00:00,0.8,745.9866,1.0
2014-05-29 14:00:00,0.97,534.4136,1.0
2014-05-29 15:00:00,0.97,473.88116,1.0
2014-05-29 16:00:00,0.98,315.75372,1.0
2014-05-29 17:00:00,1.0,167.13663,1.0
2014-05-29 18:00:00,1.0,46.07045,1.0
2014-05-29 19:00:00,1.0,1.9878461,0.3363888888888889
2014-05-29 20:00:00,1.0,0.0,0.0
2014-05-29 21:00:00,1.0,0.0,0.0
2014-05-29 22:00:00,1.0,0.0,0.0
2014-05-29 23:00:00,0.99,0.0,0.0
2014-05-30 00:00:00,1.0,0.0,0.0
2014-05-30 01:00:00,1.0,0.0,0.0
2014-05-30 02:00:00,1.0,0.0,0.0
2014-05-30 03:00:00,1.0,0.0,0.0
2014-05-30 04:00:00,0.99,1.9878461,0.4113888888888889
2014-05-30 05:00:00,0.94,24.848078,1.0
2014-05-30 06:00:00,0.94,92.59789,1.0
2014-05-30 07:00:00,0.95,165.37498,1.0
2014-05-30 08:00:00,0.98,232.63594,1.0
2014-05-30 09:00:00,0.99,325.89273,1.0
2014-05-30 10:00:00,0.98,442.0442,1.0
2014-05-30 11:00:00,0.97,387.41855,1.0
2014-05-30 12:00:00,0.84,497.22592,1.0
2014-05-30 13:00:00,0.65,539.11316,1.0
2014-05-30 14:00:00,0.47,612.6564,1.0
2014-05-30 15:00:00,0.77,539.3101,1.0
2014-05-30 16:00:00,0.59,282.5565,1.0
2014-05-30 17:00:00,0.7,112.699234,1.0
2014-05-30 18:00:00,0.92,32.038055,1.0
2014-05-30 19:00:00,0.87,0.99392307,0.3491666666666667
2014-05-30 20:00:00,0.62,0.0,0.0
2014-05-30 21:00:00,0.28,0.0,0.0
2014-05-30 22:00:00,0.2,0.0,0.0
2014-05-30 23:00:00,0.1,0.0,0.0
2014-05-31 00:00:00,0.06,0.0,0.0
2014-05-31 01:00:00,0.01,0.0,0.0
2014-05-31 02:00:00,0.0,0.0,0.0
2014-05-31 03:00:00,0.07,0.0,0.0
2014-05-31 04:00:00,0.0,3.2376032,0.41888888888888887
2014-05-31 05:00:00,0.0,88.955284,1.0
2014-05-31 06:00:00,0.0,278.97775,1.0
2014-05-31 07:00:00,0.0,512.1282,1.0
2014-05-31 08:00:00,0.0,718.69946,1.0
2014-05-31 09:00:00,0.0,890.8914,1.0
2014-05-31 10:00:00,0.09,999.4234,1.0
2014-05-31 11:00:00,0.25,1033.2754,1.0
2014-05-31 12:00:00,0.43,995.0358,1.0
2014-05-31 13:00:00,0.55,883.35144,1.0
2014-05-31 14:00:00,0.44,734.4216,1.0
2014-05-31 15:00:00,0.36,576.93134,1.0
2014-05-31 16:00:00,0.44,399.7696,1.0
2014-05-31 17:00:00,0.29,201.89261,1.0
2014-05-31 18:00:00,0.01,47.966236,1.0
2014-05-31 19:00:00,0.04,1.9893655,0.3616666666666667
2014-05-31 20:00:00,0.0,0.0,0.0
2014-05-31 21:00:00,0.0,0.0,0.0
2014-05-31 22:00:00,0.0,0.0,0.0
2014-05-31 23:00:00,0.24,0.0,0.0
2014-06-01 00:00:00,0.47,0.0,0.0
2014-06-01 01:00:00,0.53,0.0,0.0
2014-06-01 02:00:00,0.47,0.0,0.0
2014-06-01 03:00:00,0.52,0.0,0.0
2014-06-01 04:00:00,0.49,3.2358108,0.4255555555555556
2014-06-01 05:00:00,0.15,87.63178,1.0
2014-06-01 06:00:00,0.08,269.39676,1.0
2014-06-01 07:00:00,0.05,503.90375,1.0
2014-06-01 08:00:00,0.0,707.50964,1.0
2014-06-01 09:00:00,0.05,864.4686,1.0
2014-06-01 10:00:00,0.24,949.4688,1.0
2014-06-01 11:00:00,0.18,1049.0209,1.0
2014-06-01 12:00:00,0.36,943.0841,1.0
2014-06-01 13:00:00,0.37,814.77313,1.0
2014-06-01 14:00:00,0.36,806.4624,1.0
2014-06-01 15:00:00,0.35,609.32434,1.0
2014-06-01 16:00:00,0.25,421.64963,1.0
2014-06-01 17:00:00,0.09,234.15665,1.0
2014-06-01 18:00:00,0.09,53.142292,1.0
2014-06-01 19:00:00,0.0,2.9832883,0.3736111111111111
2014-06-01 20:00:00,0.0,0.0,0.0
2014-06-01 21:00:00,0.0,0.0,0.0
2014-06-01 22:00:00,0.0,0.0,0.0
2014-06-01 23:00:00,0.5,0.0,0.0
2014-06-02 00:00:00,0.63,0.0,0.0
2014-06-02 01:00:00,0.65,0.0,0.0
2014-06-02 02:00:00,0.64,0.0,0.0
2014-06-02 03:00:00,0.73,0.0,0.0
2014-06-02 04:00:00,0.49,3.2337847,0.43194444444444446
2014-06-02 05:00:00,0.1,89.15431,1.0
2014-06-02 06:00:00,0.0,283.35565,1.0
2014-06-02 07:00:00,0.0,520.8684,1.0
2014-06-02 08:00:00,0.0,728.6151,1.0
2014-06-02 09:00:00,0.0,898.393,1.0
2014-06-02 10:00:00,0.0,1012.3716,1.0
2014-06-02 11:00:00,0.34,1038.9908,1.0
2014-06-02 12:00:00,0.13,971.1622,1.0
2014-06-02 13:00:00,0.16,961.9604,1.0
2014-06-02 14:00:00,0.56,827.05817,1.0
2014-06-02 15:00:00,0.77,659.0208,1.0
2014-06-02 16:00:00,0.77,443.44672,1.0
2014-06-02 17:00:00,0.74,228.74585,1.0
2014-06-02 18:00:00,0.72,56.50611,1.0
2014-06-02 19:00:00,0.56,2.9832883,0.38555555555555554
2014-06-02 20:00:00,0.87,0.0,0.0
2014-06-02 21:00:00,0.9,0.0,0.0
2014-06-02 22:00:00,0.9,0.0,0.0
2014-06-02 23:00:00,0.92,0.0,0.0
2014-06-03 00:00:00,0.94,0.0,0.0
2014-06-03 01:00:00,0.93,0.0,0.0
2014-06-03 02:00:00,0.89,0.0,0.0
2014-06-03 03:00:00,0.7,0.0,0.0
2014-06-03 04:00:00,0.0,4.2253966,0.43777777777777777
2014-06-03 05:00:00,0.0,99.31152,1.0
2014-06-03 06:00:00,0.0,296.24078,1.0
2014-06-03 07:00:00,0.0,527.8473,1.0
2014-06-03 08:00:00,0.0,736.71484,1.0
2014-06-03 09:00:00,0.0,905.5144,1.0
2014-06-03 10:00:00,0.0,1018.71643,1.0
2014-06-03 11:00:00,0.0,1064.7118,1.0
2014-06-03 12:00:00,0.0,1068.5042,1.0
2014-06-03 13:00:00,0.0,993.2805,1.0
2014-06-03 14:00:00,0.0,857.42993,1.0
2014-06-03 15:00:00,0.0,674.34827,1.0
2014-06-03 16:00:00,0.0,461.63187,1.0
2014-06-03 17:00:00,0.0,239.79643,1.0
2014-06-03 18:00:00,0.0,55.428394,1.0
2014-06-03 19:00:00,0.0,2.9832883,0.3972222222222222
2014-06-03 20:00:00,0.0,0.0,0.0
2014-06-03 21:00:00,0.0,0.0,0.0
2014-06-03 22:00:00,0.0,0.0,0.0
2014-06-03 23:00:00,0.0,0.0,0.0
2014-06-04 00:00:00,0.0,0.0,0.0
2014-06-04 01:00:00,0.0,0.0,0.0
2014-06-04 02:00:00,0.0,0.0,0.0
2014-06-04 03:00:00,0.0,0.0,0.0
2014-06-04 04:00:00,0.0,3.4761214,0.44305555555555554
2014-06-04 05:00:00,0.0,98.05857,1.0
2014-06-04 06:00:00,0.0,298.98453,1.0
2014-06-04 07:00:00,0.0,520.2399,1.0
2014-06-04 08:00:00,0.0,727.82587,1.0
2014-06-04 09:00:00,0.0,897.7079,1.0
2014-06-04 10:00:00,0.0,953.86,1.0
2014-06-04 11:00:00,0.25,1065.9149,1.0
2014-06-04 12:00:00,0.35,1002.0771,1.0
2014-06-04 13:00:00,0.39,942.95935,1.0
2014-06-04 14:00:00,0.52,736.6215,1.0
2014-06-04 15:00:00,0.14,551.16504,1.0
2014-06-04 16:00:00,0.02,439.9753,1.0
2014-06-04 17:00:00,0.45,234.63097,1.0
2014-06-04 18:00:00,0.01,56.120056,1.0
2014-06-04 19:00:00,0.0,3.9772115,0.4086111111111111
2014-06-04 20:00:00,0.01,0.0,0.0
2014-06-04 21:00:00,0.06,0.0,0.0
2014-06-04 22:00:00,0.06,0.0,0.0
2014-06-04 23:00:00,0.16,0.0,0.0
2014-06-05 00:00:00,0.05,0.0,0.0
2014-06-05 01:00:00,0.0,0.0,0.0
2014-06-05 02:00:00,0.0,0.0,0.0
2014-06-05 03:00:00,0.0,0.0,0.0
2014-06-05 04:00:00,0.0,3.4707098,0.4477777777777778
2014-06-05 05:00:00,0.0,98.934586,1.0
2014-06-05 06:00:00,0.0,299.7325,1.0
2014-06-05 07:00:00,0.0,520.9206,1.0
2014-06-05 08:00:00,0.0,725.44366,1.0
2014-06-05 09:00:00,0.0,894.1436,1.0
2014-06-05 10:00:00,0.29,1001.4001,1.0
2014-06-05 11:00:00,0.24,978.75385,1.0
2014-06-05 12:00:00,0.43,948.45074,1.0
2014-06-05 13:00:00,0.81,813.7043,1.0
2014-06-05 14:00:00,0.76,557.5305,1.0
2014-06-05 15:00:00,0.62,512.3188,1.0
2014-06-05 16:00:00,0.89,420.5687,1.0
2014-06-05 17:00:00,0.64,224.61354,1.0
2014-06-05 18:00:00,0.29,56.44169,1.0
2014-06-05 19:00:00,0.11,3.9772115,0.41944444444444445
2014-06-05 20:00:00,0.05,0.0,0.0
2014-06-05 21:00:00,0.04,0.0,0.0
2014-06-05 22:00:00,0.16,0.0,0.0
2014-06-05 23:00:00,0.14,0.0,0.0
2014-06-06 00:00:00,0.0,0.0,0.0
2014-06-06 01:00:00,0.0,0.0,0.0
2014-06-06 02:00:00,0.0,0.0,0.0
2014-06-06 03:00:00,0.13,0.0,0.0
2014-06-06 04:00:00,0.34,4.2172,0.4519444444444444
2014-06-06 05:00:00,0.45,91.18367,1.0
2014-06-06 06:00:00,0.34,286.43777,1.0
2014-06-06 07:00:00,0.12,521.6614,1.0
2014-06-06 08:00:00,0.0,728.3336,1.0
2014-06-06 09:00:00,0.16,877.8885,1.0
2014-06-06 10:00:00,0.27,950.6054,1.0
2014-06-06 11:00:00,0.48,951.7329,1.0
2014-06-06 12:00:00,0.66,873.97876,1.0
2014-06-06 13:00:00,0.9,784.6418,1.0
2014-06-06 14:00:00,0.98,504.9681,1.0
2014-06-06 15:00:00,0.78,481.7814,1.0
2014-06-06 16:00:00,0.55,386.80643,1.0
2014-06-06 17:00:00,0.21,233.46367,1.0
2014-06-06 18:00:00,0.02,59.967567,1.0
2014-06-06 19:00:00,0.01,3.9772115,0.43
2014-06-06 20:00:00,0.42,0.0,0.0
2014-06-06 21:00:00,0.51,0.0,0.0
2014-06-06 22:00:00,0.59,0.0,0.0
2014-06-06 23:00:00,0.6,0.0,0.0
2014-06-07 00:00:00,0.59,0.0,0.0
2014-06-07 01:00:00,0.61,0.0,0.0
2014-06-07 02:00:00,0.64,0.0,0.0
2014-06-07 03:00:00,0.94,0.0,0.0
2014-06-07 04:00:00,0.89,2.981769,0.4558333333333333
2014-06-07 05:00:00,1.0,40.67568,1.0
2014-06-07 06:00:00,0.68,131.48816,1.0
2014-06-07 07:00:00,0.02,291.60138,1.0
2014-06-07 08:00:00,0.0,439.66608,1.0
2014-06-07 09:00:00,0.0,534.6716,1.0
2014-06-07 10:00:00,0.14,675.6761,1.0
2014-06-07 11:00:00,0.84,785.46326,1.0
2014-06-07 12:00:00,0.62,838.9203,1.0
2014-06-07 13:00:00,0.57,740.00354,1.0
2014-06-07 14:00:00,0.82,703.8514,1.0
2014-06-07 15:00:00,0.91,445.30457,1.0
2014-06-07 16:00:00,0.99,285.00955,1.0
2014-06-07 17:00:00,0.96,183.64735,1.0
2014-06-07 18:00:00,0.83,56.63025,1.0
2014-06-07 19:00:00,0.66,2.9832883,0.44
2014-06-07 20:00:00,1.0,0.0,0.0
2014-06-07 21:00:00,1.0,0.0,0.0
2014-06-07 22:00:00,0.92,0.0,0.0
2014-06-07 23:00:00,0.93,0.0,0.0
2014-06-08 00:00:00,0.73,0.0,0.0
2014-06-08 01:00:00,0.45,0.0,0.0
2014-06-08 02:00:00,0.34,0.0,0.0
2014-06-08 03:00:00,0.69,0.0,0.0
2014-06-08 04:00:00,0.51,4.2108593,0.45916666666666667
2014-06-08 05:00:00,0.46,80.55184,1.0
2014-06-08 06:00:00,0.42,269.04828,1.0
2014-06-08 07:00:00,0.46,485.99106,1.0
2014-06-08 08:00:00,0.89,706.6402,1.0
2014-06-08 09:00:00,1.0,792.9398,1.0
2014-06-08 10:00:00,0.98,738.4609,1.0
2014-06-08 11:00:00,0.99,375.13904,1.0
2014-06-08 12:00:00,1.0,307.30264,1.0
2014-06-08 13:00:00,1.0,248.14302,1.0
2014-06-08 14:00:00,0.89,256.825,1.0
2014-06-08 15:00:00,0.96,336.4747,1.0
2014-06-08 16:00:00,0.99,203.0127,1.0
2014-06-08 17:00:00,0.95,75.57836,1.0
2014-06-08 18:00:00,1.0,28.068138,1.0
2014-06-08 19:00:00,1.0,2.981769,0.44972222222222225
2014-06-08 20:00:00,0.98,0.0,0.0
2014-06-08 21:00:00,0.77,0.0,0.0
2014-06-08 22:00:00,0.76,0.0,0.0
2014-06-08 23:00:00,0.76,0.0,0.0
2014-06-09 00:00:00,0.7,0.0,0.0
2014-06-09 01:00:00,0.13,0.0,0.0
2014-06-09 02:00:00,0.18,0.0,0.0
2014-06-09 03:00:00,0.11,0.0,0.0
2014-06-09 04:00:00,0.09,4.439293,0.46166666666666667
2014-06-09 05:00:00,0.08,99.47895,1.0
2014-06-09 06:00:00,0.09,307.79517,1.0
2014-06-09 07:00:00,0.04,516.3949,1.0
2014-06-09 08:00:00,0.01,740.63336,1.0
2014-06-09 09:00:00,0.02,909.41077,1.0
2014-06-09 10:00:00,0.01,1029.4313,1.0
2014-06-09 11:00:00,0.0,1082.9213,1.0
2014-06-09 12:00:00,0.0,1068.9355,1.0
2014-06-09 13:00:00,0.0,988.8552,1.0
2014-06-09 14:00:00,0.21,852.4727,1.0
2014-06-09 15:00:00,0.0,669.3537,1.0
2014-06-09 16:00:00,0.0,455.4497,1.0
2014-06-09 17:00:00,0.0,241.52034,1.0
2014-06-09 18:00:00,0.0,62.390987,1.0
2014-06-09 19:00:00,0.0,3.978731,0.4588888888888889
2014-06-09 20:00:00,0.0,0.0,0.0
2014-06-09 21:00:00,0.0,0.0,0.0
2014-06-09 22:00:00,0.0,0.0,0.0
2014-06-09 23:00:00,0.0,0.0,0.0
2014-06-10 00:00:00,0.0,0.0,0.0
2014-06-10 01:00:00,0.0,0.0,0.0
2014-06-10 02:00:00,0.0,0.0,0.0
2014-06-10 03:00:00,0.0,0.0,0.0
2014-06-10 04:00:00,0.0,4.432288,0.46416666666666667
2014-06-10 05:00:00,0.0,102.748566,1.0
2014-06-10 06:00:00,0.0,306.61182,1.0
2014-06-10 07:00:00,0.0,528.92426,1.0
2014-06-10 08:00:00,0.0,736.6347,1.0
2014-06-10 09:00:00,0.0,905.4271,1.0
2014-06-10 10:00:00,0.45,1004.8383,1.0
2014-06-10 11:00:00,0.24,1054.9187,1.0
2014-06-10 12:00:00,0.36,968.93787,1.0
2014-06-10 13:00:00,0.95,754.9606,1.0
2014-06-10 14:00:00,0.94,562.7227,1.0
2014-06-10 15:00:00,0.91,393.66425,1.0
2014-06-10 16:00:00,0.61,366.69266,1.0
2014-06-10 17:00:00,0.79,236.44093,1.0
2014-06-10 18:00:00,0.89,63.86214,1.0
2014-06-10 19:00:00,0.67,3.9756923,0.4677777777777778
2014-06-10 20:00:00,0.52,0.0,0.0
2014-06-10 21:00:00,0.19,0.0,0.0
2014-06-10 22:00:00,0.33,0.0,0.0
2014-06-10 23:00:00,0.66,0.0,0.0
2014-06-11 00:00:00,0.84,0.0,0.0
2014-06-11 01:00:00,0.88,0.0,0.0
2014-06-11 02:00:00,0.98,0.0,0.0
2014-06-11 03:00:00,0.92,0.0,0.0
2014-06-11 04:00:00,0.84,4.2003317,0.4658333333333333
2014-06-11 05:00:00,0.74,83.717285,1.0
2014-06-11 06:00:00,0.86,262.6427,1.0
2014-06-11 07:00:00,0.83,482.4126,1.0
2014-06-11 08:00:00,0.73,659.1869,1.0
2014-06-11 09:00:00,0.83,698.957,1.0
2014-06-11 10:00:00,0.96,736.216,1.0
2014-06-11 11:00:00,0.98,702.31665,1.0
2014-06-11 12:00:00,0.98,546.97424,1.0
2014-06-11 13:00:00,0.95,668.7832,1.0
2014-06-11 14:00:00,0.93,461.4529,1.0
2014-06-11 15:00:00,0.9,307.75348,1.0
2014-06-11 16:00:00,0.72,224.62215,1.0
2014-06-11 17:00:00,0.75,168.06296,1.0
2014-06-11 18:00:00,0.84,64.78264,1.0
2014-06-11 19:00:00,0.98,4.9711347,0.47583333333333333
2014-06-11 20:00:00,1.0,0.0,0.0
2014-06-11 21:00:00,1.0,0.0,0.0
2014-06-11 22:00:00,1.0,0.0,0.0
2014-06-11 23:00:00,1.0,0.0,0.0
2014-06-12 00:00:00,1.0,0.0,0.0
2014-06-12 01:00:00,1.0,0.0,0.0
2014-06-12 02:00:00,0.99,0.0,0.0
2014-06-12 03:00:00,0.94,0.0,0.0
2014-06-12 04:00:00,0.91,1.2148166,0.4672222222222222
2014-06-12 05:00:00,0.9,47.481056,1.0
2014-06-12 06:00:00,0.83,148.13649,1.0
2014-06-12 07:00:00,0.59,362.4547,1.0
2014-06-12 08:00:00,0.38,505.83914,1.0
2014-06-12 09:00:00,0.32,590.09357,1.0
2014-06-12 10:00:00,0.45,763.06683,1.0
2014-06-12 11:00:00,0.22,1013.0979,1.0
2014-06-12 12:00:00,0.6,898.0593,1.0
2014-06-12 13:00:00,0.77,769.10846,1.0
2014-06-12 14:00:00,0.4,583.02356,1.0
2014-06-12 15:00:00,0.63,565.6214,1.0
2014-06-12 16:00:00,0.57,336.56113,1.0
2014-06-12 17:00:00,0.69,196.4102,1.0
2014-06-12 18:00:00,0.49,61.97396,1.0
2014-06-12 19:00:00,0.22,4.9711347,0.4836111111111111
2014-06-12 20:00:00,0.04,0.0,0.0
2014-06-12 21:00:00,0.0,0.0,0.0
2014-06-12 22:00:00,0.06,0.0,0.0
2014-06-12 23:00:00,0.16,0.0,0.0
2014-06-13 00:00:00,0.01,0.0,0.0
2014-06-13 01:00:00,0.01,0.0,0.0
2014-06-13 02:00:00,0.04,0.0,0.0
2014-06-13 03:00:00,0.0,0.0,0.0
2014-06-13 04:00:00,0.0,4.409877,0.46805555555555556
2014-06-13 05:00:00,0.01,99.91375,1.0
2014-06-13 06:00:00,0.0,300.13828,1.0
2014-06-13 07:00:00,0.0,520.0691,1.0
2014-06-13 08:00:00,0.0,725.5553,1.0
2014-06-13 09:00:00,0.0,889.12836,1.0
2014-06-13 10:00:00,0.01,1009.87054,1.0
2014-06-13 11:00:00,0.14,1031.883,1.0
2014-06-13 12:00:00,0.29,971.97296,1.0
2014-06-13 13:00:00,0.4,948.91907,1.0
2014-06-13 14:00:00,0.38,779.4609,1.0
2014-06-13 15:00:00,0.56,614.1201,1.0
2014-06-13 16:00:00,0.59,446.558,1.0
2014-06-13 17:00:00,0.6,231.51712,1.0
2014-06-13 18:00:00,0.33,67.213165,1.0
2014-06-13 19:00:00,0.03,3.9802501,0.4905555555555556
2014-06-13 20:00:00,0.0,0.0,0.0
2014-06-13 21:00:00,0.0,0.0,0.0
2014-06-13 22:00:00,0.0,0.0,0.0
2014-06-13 23:00:00,0.0,0.0,0.0
2014-06-14 00:00:00,0.0,0.0,0.0
2014-06-14 01:00:00,0.0,0.0,0.0
2014-06-14 02:00:00,0.0,0.0,0.0
2014-06-14 03:00:00,0.0,0.0,0.0
2014-06-14 04:00:00,0.0,4.401986,0.4683333333333333
2014-06-14 05:00:00,0.0,105.005516,1.0
2014-06-14 06:00:00,0.0,309.93167,1.0
2014-06-14 07:00:00,0.0,533.3103,1.0
2014-06-14 08:00:00,0.0,737.96906,1.0
2014-06-14 09:00:00,0.0,903.9782,1.0
2014-06-14 10:00:00,0.2,989.36884,1.0
2014-06-14 11:00:00,0.58,918.09125,1.0
2014-06-14 12:00:00,0.72,915.44,1.0
2014-06-14 13:00:00,0.81,795.78217,1.0
2014-06-14 14:00:00,0.95,569.1712,1.0
2014-06-14 15:00:00,0.92,291.24588,1.0
2014-06-14 16:00:00,0.97,279.30704,1.0
2014-06-14 17:00:00,0.99,105.45756,1.0
2014-06-14 18:00:00,0.84,48.06806,1.0
2014-06-14 19:00:00,0.63,4.9711347,0.49722222222222223
2014-06-14 20:00:00,0.47,0.0,0.0
2014-06-14 21:00:00,0.02,0.0,0.0
2014-06-14 22:00:00,0.02,0.0,0.0
2014-06-14 23:00:00,0.16,0.0,0.0
2014-06-15 00:00:00,0.17,0.0,0.0
2014-06-15 01:00:00,0.24,0.0,0.0
2014-06-15 02:00:00,0.14,0.0,0.0
2014-06-15 03:00:00,0.06,0.0,0.0
2014-06-15 04:00:00,0.27,4.184544,0.4677777777777778
2014-06-15 05:00:00,0.43,92.29126,1.0
2014-06-15 06:00:00,0.62,274.0728,1.0
2014-06-15 07:00:00,0.59,481.87964,1.0
2014-06-15 08:00:00,0.18,696.79315,1.0
2014-06-15 09:00:00,0.28,866.5861,1.0
2014-06-15 10:00:00,0.84,859.4566,1.0
2014-06-15 11:00:00,0.94,819.21454,1.0
2014-06-15 12:00:00,0.93,844.9979,1.0
2014-06-15 13:00:00,0.64,690.3892,1.0
2014-06-15 14:00:00,0.52,703.4085,1.0
2014-06-15 15:00:00,0.23,567.06165,1.0
2014-06-15 16:00:00,0.8,368.31235,1.0
2014-06-15 17:00:00,0.95,213.79742,1.0
2014-06-15 18:00:00,0.98,60.625095,1.0
2014-06-15 19:00:00,0.88,4.9711347,0.5036111111111111
2014-06-15 20:00:00,0.48,0.0,0.0
2014-06-15 21:00:00,0.04,0.0,0.0
2014-06-15 22:00:00,0.45,0.0,0.0
2014-06-15 23:00:00,0.94,0.0,0.0
2014-06-16 00:00:00,0.93,0.0,0.0
2014-06-16 01:00:00,0.5,0.0,0.0
2014-06-16 02:00:00,0.44,0.0,0.0
2014-06-16 03:00:00,0.19,0.0,0.0
2014-06-16 04:00:00,0.19,4.3840256,0.46694444444444444
2014-06-16 05:00:00,0.07,103.96355,1.0
2014-06-16 06:00:00,0.0,308.6835,1.0
2014-06-16 07:00:00,0.0,530.9771,1.0
2014-06-16 08:00:00,0.0,735.6173,1.0
2014-06-16 09:00:00,0.0,901.29736,1.0
2014-06-16 10:00:00,0.07,1013.66235,1.0
2014-06-16 11:00:00,0.14,1039.0765,1.0
2014-06-16 12:00:00,0.18,875.1898,1.0
2014-06-16 13:00:00,0.57,858.14276,1.0
2014-06-16 14:00:00,0.5,736.73425,1.0
2014-06-16 15:00:00,0.71,605.687,1.0
2014-06-16 16:00:00,0.57,450.85602,1.0
2014-06-16 17:00:00,0.26,257.4548,1.0
2014-06-16 18:00:00,0.15,72.66259,1.0
2014-06-16 19:00:00,0.1,3.9802501,0.5094444444444445
2014-06-16 20:00:00,0.22,0.0,0.0
2014-06-16 21:00:00,0.32,0.0,0.0
2014-06-16 22:00:00,0.21,0.0,0.0
2014-06-16 23:00:00,0.01,0.0,0.0
2014-06-17 00:00:00,0.0,0.0,0.0
2014-06-17 01:00:00,0.0,0.0,0.0
2014-06-17 02:00:00,0.0,0.0,0.0
2014-06-17 03:00:00,0.0,0.0,0.0
2014-06-17 04:00:00,0.0,4.3739586,0.4652777777777778
2014-06-17 05:00:00,0.0,102.19075,1.0
2014-06-17 06:00:00,0.0,304.6022,1.0
2014-06-17 07:00:00,0.0,525.70544,1.0
2014-06-17 08:00:00,0.0,729.2369,1.0
2014-06-17 09:00:00,0.0,895.8446,1.0
2014-06-17 10:00:00,0.0,1014.69244,1.0
2014-06-17 11:00:00,0.27,1055.0425,1.0
2014-06-17 12:00:00,0.49,1005.0711,1.0
2014-06-17 13:00:00,0.41,884.3688,1.0
2014-06-17 14:00:00,0.46,776.2646,1.0
2014-06-17 15:00:00,0.6,560.45514,1.0
2014-06-17 16:00:00,0.55,402.64713,1.0
2014-06-17 17:00:00,0.49,225.35048,1.0
2014-06-17 18:00:00,0.52,70.851685,1.0
2014-06-17 19:00:00,0.19,4.974173,0.515
2014-06-17 20:00:00,0.0,0.0,0.0
2014-06-17 21:00:00,0.0,0.0,0.0
2014-06-17 22:00:00,0.0,0.0,0.0
2014-06-17 23:00:00,0.0,0.0,0.0
2014-06-18 00:00:00,0.16,0.0,0.0
2014-06-18 01:00:00,0.19,0.0,0.0
2014-06-18 02:00:00,0.3,0.0,0.0
2014-06-18 03:00:00,0.21,0.0,0.0
2014-06-18 04:00:00,0.08,4.3632107,0.4633333333333333
2014-06-18 05:00:00,0.0,101.09493,1.0
2014-06-18 06:00:00,0.0,302.5193,1.0
2014-06-18 07:00:00,0.0,520.49084,1.0
2014-06-18 08:00:00,0.0,723.9769,1.0
2014-06-18 09:00:00,0.0,892.9104,1.0
2014-06-18 10:00:00,0.17,955.1873,1.0
2014-06-18 11:00:00,0.49,836.9842,1.0
2014-06-18 12:00:00,0.45,929.60486,1.0
2014-06-18 13:00:00,0.66,771.2858,1.0
2014-06-18 14:00:00,0.93,380.37357,1.0
2014-06-18 15:00:00,0.8,217.74532,1.0
2014-06-18 16:00:00,0.99,217.16536,1.0
2014-06-18 17:00:00,0.93,135.42021,1.0
2014-06-18 18:00:00,0.69,50.69008,1.0
2014-06-18 19:00:00,0.79,3.9772115,0.52
2014-06-18 20:00:00,0.55,0.0,0.0
2014-06-18 21:00:00,0.11,0.0,0.0
2014-06-18 22:00:00,0.0,0.0,0.0
2014-06-18 23:00:00,0.0,0.0,0.0
2014-06-19 00:00:00,0.29,0.0,0.0
2014-06-19 01:00:00,0.41,0.0,0.0
2014-06-19 02:00:00,0.6,0.0,0.0
2014-06-19 03:00:00,0.09,0.0,0.0
2014-06-19 04:00:00,0.3,2.17585,0.46055555555555555
2014-06-19 05:00:00,0.62,58.28552,1.0
2014-06-19 06:00:00,0.63,153.7605,1.0
2014-06-19 07:00:00,0.43,287.17758,1.0
2014-06-19 08:00:00,0.35,579.9882,1.0
2014-06-19 09:00:00,0.0,870.7295,1.0
2014-06-19 10:00:00,0.11,998.7234,1.0
2014-06-19 11:00:00,0.0,1070.5498,1.0
2014-06-19 12:00:00,0.05,1040.6998,1.0
2014-06-19 13:00:00,0.14,995.3367,1.0
2014-06-19 14:00:00,0.06,870.9621,1.0
2014-06-19 15:00:00,0.0,690.99963,1.0
2014-06-19 16:00:00,0.0,479.29987,1.0
2014-06-19 17:00:00,0.0,261.0595,1.0
2014-06-19 18:00:00,0.03,72.701004,1.0
2014-06-19 19:00:00,0.01,5.968096,0.5247222222222222
2014-06-19 20:00:00,0.03,0.0,0.0
2014-06-19 21:00:00,0.0,0.0,0.0
2014-06-19 22:00:00,0.0,0.0,0.0
2014-06-19 23:00:00,0.03,0.0,0.0
2014-06-20 00:00:00,0.19,0.0,0.0
2014-06-20 01:00:00,0.2,0.0,0.0
2014-06-20 02:00:00,0.4,0.0,0.0
2014-06-20 03:00:00,0.38,0.0,0.0
2014-06-20 04:00:00,0.04,4.3395286,0.4572222222222222
2014-06-20 05:00:00,0.0,100.88953,1.0
2014-06-20 06:00:00,0.0,303.34354,1.0
2014-06-20 07:00:00,0.0,525.48065,1.0
2014-06-20 08:00:00,0.0,732.24927,1.0
2014-06-20 09:00:00,0.0,902.1813,1.0
2014-06-20 10:00:00,0.0,1018.79535,1.0
2014-06-20 11:00:00,0.0,1069.5157,1.0
2014-06-20 12:00:00,0.0,1058.9506,1.0
2014-06-20 13:00:00,0.0,985.3087,1.0
2014-06-20 14:00:00,0.04,846.3968,1.0
2014-06-20 15:00:00,0.55,637.3049,1.0
2014-06-20 16:00:00,0.55,411.75525,1.0
2014-06-20 17:00:00,0.09,245.22778,1.0
2014-06-20 18:00:00,0.0,72.1217,1.0
2014-06-20 19:00:00,0.0,5.968096,0.5288888888888889
2014-06-20 20:00:00,0.0,0.0,0.0
2014-06-20 21:00:00,0.01,0.0,0.0
2014-06-20 22:00:00,0.0,0.0,0.0
2014-06-20 23:00:00,0.0,0.0,0.0
2014-06-21 00:00:00,0.0,0.0,0.0
2014-06-21 01:00:00,0.39,0.0,0.0
2014-06-21 02:00:00,0.91,0.0,0.0
2014-06-21 03:00:00,0.93,0.0,0.0
2014-06-21 04:00:00,0.96,3.9756923,0.45361111111111113
2014-06-21 05:00:00,0.98,69.75026,1.0
2014-06-21 06:00:00,0.97,168.82178,1.0
2014-06-21 07:00:00,0.98,293.645,1.0
2014-06-21 08:00:00,1.0,379.40112,1.0
2014-06-21 09:00:00,1.0,571.5706,1.0
2014-06-21 10:00:00,0.99,759.7772,1.0
2014-06-21 11:00:00,1.0,743.5304,1.0
2014-06-21 12:00:00,0.96,798.6507,1.0
2014-06-21 13:00:00,0.99,634.7999,1.0
2014-06-21 14:00:00,0.97,592.9926,1.0
2014-06-21 15:00:00,0.92,461.38892,1.0
2014-06-21 16:00:00,0.86,267.5322,1.0
2014-06-21 17:00:00,0.99,187.70607,1.0
2014-06-21 18:00:00,0.9,75.9233,1.0
2014-06-21 19:00:00,0.85,6.9589806,0.5327777777777778
2014-06-21 20:00:00,0.55,0.0,0.0
2014-06-21 21:00:00,0.39,0.0,0.0
2014-06-21 22:00:00,0.19,0.0,0.0
2014-06-21 23:00:00,0.17,0.0,0.0
2014-06-22 00:00:00,0.15,0.0,0.0
2014-06-22 01:00:00,0.24,0.0,0.0
2014-06-22 02:00:00,0.57,0.0,0.0
2014-06-22 03:00:00,0.94,0.0,0.0
2014-06-22 04:00:00,0.89,4.9696155,0.44916666666666666
2014-06-22 05:00:00,0.65,81.15622,1.0
2014-06-22 06:00:00,0.56,206.21614,1.0
2014-06-22 07:00:00,0.51,418.65155,1.0
2014-06-22 08:00:00,0.35,589.87213,1.0
2014-06-22 09:00:00,0.55,754.22614,1.0
2014-06-22 10:00:00,0.7,740.94617,1.0
2014-06-22 11:00:00,0.85,906.1602,1.0
2014-06-22 12:00:00,0.71,671.37067,1.0
2014-06-22 13:00:00,0.99,629.7591,1.0
2014-06-22 14:00:00,0.96,599.95197,1.0
2014-06-22 15:00:00,0.87,513.23267,1.0
2014-06-22 16:00:00,0.59,350.6565,1.0
2014-06-22 17:00:00,0.72,192.22392,1.0
2014-06-22 18:00:00,0.73,64.397995,1.0
2014-06-22 19:00:00,0.58,4.972654,0.5361111111111111
2014-06-22 20:00:00,0.38,0.0,0.0
2014-06-22 21:00:00,0.97,0.0,0.0
2014-06-22 22:00:00,1.0,0.0,0.0
2014-06-22 23:00:00,1.0,0.0,0.0
2014-06-23 00:00:00,1.0,0.0,0.0
2014-06-23 01:00:00,0.51,0.0,0.0
2014-06-23 02:00:00,0.37,0.0,0.0
2014-06-23 03:00:00,0.86,0.0,0.0
2014-06-23 04:00:00,0.61,4.1374917,0.4444444444444444
2014-06-23 05:00:00,0.21,92.81934,1.0
2014-06-23 06:00:00,0.26,274.4959,1.0
2014-06-23 07:00:00,0.07,483.52213,1.0
2014-06-23 08:00:00,0.29,678.594,1.0
2014-06-23 09:00:00,0.19,795.555,1.0
2014-06-23 10:00:00,0.16,949.8906,1.0
2014-06-23 11:00:00,0.6,825.17365,1.0
2014-06-23 12:00:00,0.44,899.9296,1.0
2014-06-23 13:00:00,0.73,724.0117,1.0
2014-06-23 14:00:00,0.6,655.2458,1.0
2014-06-23 15:00:00,0.9,419.38373,1.0
2014-06-23 16:00:00,0.99,353.4089,1.0
2014-06-23 17:00:00,1.0,233.02736,1.0
2014-06-23 18:00:00,0.99,71.71285,1.0
2014-06-23 19:00:00,0.98,5.9665766,0.5388888888888889
2014-06-23 20:00:00,0.93,0.0,0.0
2014-06-23 21:00:00,0.94,0.0,0.0
2014-06-23 22:00:00,0.93,0.0,0.0
2014-06-23 23:00:00,0.87,0.0,0.0
2014-06-24 00:00:00,0.84,0.0,0.0
2014-06-24 01:00:00,0.92,0.0,0.0
2014-06-24 02:00:00,0.91,0.0,0.0
2014-06-24 03:00:00,0.87,0.0,0.0
2014-06-24 04:00:00,0.74,3.1362538,0.43916666666666665
2014-06-24 05:00:00,0.66,81.83976,1.0
2014-06-24 06:00:00,0.69,239.8734,1.0
2014-06-24 07:00:00,0.62,402.97073,1.0
2014-06-24 08:00:00,0.62,621.371,1.0
2014-06-24 09:00:00,0.6,811.16693,1.0
2014-06-24 10:00:00,0.58,931.5991,1.0
2014-06-24 11:00:00,0.78,805.3778,1.0
2014-06-24 12:00:00,0.35,794.5064,1.0
2014-06-24 13:00:00,0.42,791.8866,1.0
2014-06-24 14:00:00,0.82,557.5454,1.0
2014-06-24 15:00:00,0.72,405.71805,1.0
2014-06-24 16:00:00,0.54,403.68774,1.0
2014-06-24 17:00:00,0.85,179.68095,1.0
2014-06-24 18:00:00,0.93,47.230858,1.0
2014-06-24 19:00:00,0.69,4.972654,0.5413888888888889
2014-06-24 20:00:00,0.15,0.0,0.0
2014-06-24 21:00:00,0.5,0.0,0.0
2014-06-24 22:00:00,0.54,0.0,0.0
2014-06-24 23:00:00,0.34,0.0,0.0
2014-06-25 00:00:00,0.29,0.0,0.0
2014-06-25 01:00:00,0.27,0.0,0.0
2014-06-25 02:00:00,0.36,0.0,0.0
2014-06-25 03:00:00,0.31,0.0,0.0
2014-06-25 04:00:00,0.41,3.1286917,0.4336111111111111
2014-06-25 05:00:00,0.49,80.321785,1.0
2014-06-25 06:00:00,0.62,265.59894,1.0
2014-06-25 07:00:00,0.48,473.1612,1.0
2014-06-25 08:00:00,0.32,656.4111,1.0
2014-06-25 09:00:00,0.32,823.5299,1.0
2014-06-25 10:00:00,0.35,926.00867,1.0
2014-06-25 11:00:00,0.38,1007.06946,1.0
2014-06-25 12:00:00,0.4,942.0266,1.0
2014-06-25 13:00:00,0.71,826.0554,1.0
2014-06-25 14:00:00,0.91,684.16406,1.0
2014-06-25 15:00:00,0.89,531.9987,1.0
2014-06-25 16:00:00,0.95,319.169,1.0
2014-06-25 17:00:00,0.96,217.22322,1.0
2014-06-25 18:00:00,1.0,72.323944,1.0
2014-06-25 19:00:00,0.96,4.9756923,0.5430555555555555
2014-06-25 20:00:00,0.75,0.0,0.0
2014-06-25 21:00:00,0.45,0.0,0.0
2014-06-25 22:00:00,0.23,0.0,0.0
2014-06-25 23:00:00,0.1,0.0,0.0
2014-06-26 00:00:00,0.03,0.0,0.0
2014-06-26 01:00:00,0.0,0.0,0.0
2014-06-26 02:00:00,0.0,0.0,0.0
2014-06-26 03:00:00,0.04,0.0,0.0
2014-06-26 04:00:00,0.33,4.1146874,0.4275
2014-06-26 05:00:00,0.68,88.83583,1.0
2014-06-26 06:00:00,0.65,258.75375,1.0
2014-06-26 07:00:00,0.44,426.25397,1.0
2014-06-26 08:00:00,0.07,640.4397,1.0
2014-06-26 09:00:00,0.0,874.0428,1.0
2014-06-26 10:00:00,0.05,991.9152,1.0
2014-06-26 11:00:00,0.27,1033.6648,1.0
2014-06-26 12:00:00,0.75,996.0719,1.0
2014-06-26 13:00:00,0.88,744.46045,1.0
2014-06-26 14:00:00,0.89,625.8623,1.0
2014-06-26 15:00:00,0.75,414.62766,1.0
2014-06-26 16:00:00,0.97,255.8173,1.0
2014-06-26 17:00:00,0.94,223.06833,1.0
2014-06-26 18:00:00,0.68,71.85063,1.0
2014-06-26 19:00:00,0.32,3.9817693,0.5444444444444444
2014-06-26 20:00:00,0.31,0.0,0.0
2014-06-26 21:00:00,0.12,0.0,0.0
2014-06-26 22:00:00,0.27,0.0,0.0
2014-06-26 23:00:00,0.87,0.0,0.0
2014-06-27 00:00:00,0.91,0.0,0.0
2014-06-27 01:00:00,0.77,0.0,0.0
2014-06-27 02:00:00,0.78,0.0,0.0
2014-06-27 03:00:00,0.99,0.0,0.0
2014-06-27 04:00:00,0.96,2.981769,0.4211111111111111
2014-06-27 05:00:00,0.69,81.55374,1.0
2014-06-27 06:00:00,0.07,280.3589,1.0
2014-06-27 07:00:00,0.03,462.99762,1.0
2014-06-27 08:00:00,0.15,578.996,1.0
2014-06-27 09:00:00,0.11,800.1952,1.0
2014-06-27 10:00:00,0.74,775.96436,1.0
2014-06-27 11:00:00,0.86,811.3349,1.0
2014-06-27 12:00:00,0.91,749.3082,1.0
2014-06-27 13:00:00,0.89,623.13983,1.0
2014-06-27 14:00:00,0.68,667.328,1.0
2014-06-27 15:00:00,0.95,504.6651,1.0
2014-06-27 16:00:00,0.88,345.23077,1.0
2014-06-27 17:00:00,0.93,160.29913,1.0
2014-06-27 18:00:00,0.81,66.10349,1.0
2014-06-27 19:00:00,0.62,5.9665766,0.5452777777777778
2014-06-27 20:00:00,0.32,0.0,0.0
2014-06-27 21:00:00,0.04,0.0,0.0
2014-06-27 22:00:00,0.0,0.0,0.0
2014-06-27 23:00:00,0.0,0.0,0.0
2014-06-28 00:00:00,0.0,0.0,0.0
2014-06-28 01:00:00,0.0,0.0,0.0
2014-06-28 02:00:00,0.0,0.0,0.0
2014-06-28 03:00:00,0.34,0.0,0.0
2014-06-28 04:00:00,0.07,3.1042166,0.41444444444444445
2014-06-28 05:00:00,0.19,92.36532,1.0
2014-06-28 06:00:00,0.0,287.3227,1.0
2014-06-28 07:00:00,0.11,495.18423,1.0
2014-06-28 08:00:00,0.0,693.8616,1.0
2014-06-28 09:00:00,0.0,877.3328,1.0
2014-06-28 10:00:00,0.0,995.73505,1.0
2014-06-28 11:00:00,0.0,1073.8729,1.0
2014-06-28 12:00:00,0.0,1064.0883,1.0
2014-06-28 13:00:00,0.0,988.4126,1.0
2014-06-28 14:00:00,0.0,842.5714,1.0
2014-06-28 15:00:00,0.0,673.21484,1.0
2014-06-28 16:00:00,0.0,481.67096,1.0
2014-06-28 17:00:00,0.0,265.0798,1.0
2014-06-28 18:00:00,0.0,75.08104,1.0
2014-06-28 19:00:00,0.0,5.969615,0.5455555555555556
2014-06-28 20:00:00,0.0,0.0,0.0
2014-06-28 21:00:00,0.0,0.0,0.0
2014-06-28 22:00:00,0.0,0.0,0.0
2014-06-28 23:00:00,0.0,0.0,0.0
2014-06-29 00:00:00,0.0,0.0,0.0
2014-06-29 01:00:00,0.0,0.0,0.0
2014-06-29 02:00:00,0.0,0.0,0.0
2014-06-29 03:00:00,0.0,0.0,0.0
2014-06-29 04:00:00,0.0,3.095558,0.4072222222222222
2014-06-29 05:00:00,0.0,92.92714,1.0
2014-06-29 06:00:00,0.0,291.29474,1.0
2014-06-29 07:00:00,0.0,509.31522,1.0
2014-06-29 08:00:00,0.0,711.9729,1.0
2014-06-29 09:00:00,0.0,879.9921,1.0
2014-06-29 10:00:00,0.28,979.5602,1.0
2014-06-29 11:00:00,0.22,1029.8171,1.0
2014-06-29 12:00:00,0.11,999.54205,1.0
2014-06-29 13:00:00,0.13,978.4253,1.0
2014-06-29 14:00:00,0.2,822.96906,1.0
2014-06-29 15:00:00,0.47,658.95776,1.0
2014-06-29 16:00:00,0.46,398.41516,1.0
2014-06-29 17:00:00,0.42,244.58435,1.0
2014-06-29 18:00:00,0.48,76.04247,1.0
2014-06-29 19:00:00,0.51,5.968096,0.545
2014-06-29 20:00:00,0.23,0.0,0.0
2014-06-29 21:00:00,0.06,0.0,0.0
2014-06-29 22:00:00,0.0,0.0,0.0
2014-06-29 23:00:00,0.0,0.0,0.0
2014-06-30 00:00:00,0.0,0.0,0.0
2014-06-30 01:00:00,0.0,0.0,0.0
2014-06-30 02:00:00,0.0,0.0,0.0
2014-06-30 03:00:00,0.0,0.0,0.0
2014-06-30 04:00:00,0.1,3.08661,0.3997222222222222
2014-06-30 05:00:00,0.17,90.569016,1.0
2014-06-30 06:00:00,0.11,283.41992,1.0
2014-06-30 07:00:00,0.0,502.1973,1.0
2014-06-30 08:00:00,0.01,707.8267,1.0
2014-06-30 09:00:00,0.18,876.9576,1.0
2014-06-30 10:00:00,0.06,992.67566,1.0
2014-06-30 11:00:00,0.46,963.29,1.0
2014-06-30 12:00:00,0.16,1010.4113,1.0
2014-06-30 13:00:00,0.11,791.90485,1.0
2014-06-30 14:00:00,0.19,731.17596,1.0
2014-06-30 15:00:00,0.86,474.183,1.0
2014-06-30 16:00:00,0.88,310.02075,1.0
2014-06-30 17:00:00,0.42,185.64632,1.0
2014-06-30 18:00:00,0.18,75.41554,1.0
2014-06-30 19:00:00,0.01,4.974173,0.5441666666666667
2014-06-30 20:00:00,0.0,0.0,0.0
2014-06-30 21:00:00,0.14,0.0,0.0
2014-06-30 22:00:00,0.64,0.0,0.0
2014-06-30 23:00:00,1.0,0.0,0.0
2014-07-01 00:00:00,1.0,0.0,0.0
2014-07-01 01:00:00,0.95,0.0,0.0
2014-07-01 02:00:00,0.63,0.0,0.0
2014-07-01 03:00:00,0.72,0.0,0.0
2014-07-01 04:00:00,0.4,1.9878461,0.39166666666666666
2014-07-01 05:00:00,0.49,55.488094,1.0
2014-07-01 06:00:00,0.59,209.26724,1.0
2014-07-01 07:00:00,0.78,400.2208,1.0
2014-07-01 08:00:00,0.84,549.5563,1.0
2014-07-01 09:00:00,0.82,726.84467,1.0
2014-07-01 10:00:00,0.79,804.6621,1.0
2014-07-01 11:00:00,0.48,858.1301,1.0
2014-07-01 12:00:00,0.58,930.51117,1.0
2014-07-01 13:00:00,0.46,847.76605,1.0
2014-07-01 14:00:00,0.64,727.18567,1.0
2014-07-01 15:00:00,0.28,634.8173,1.0
2014-07-01 16:00:00,0.39,398.6569,1.0
2014-07-01 17:00:00,0.44,233.93983,1.0
2014-07-01 18:00:00,0.68,69.79985,1.0
2014-07-01 19:00:00,0.65,4.9756923,0.5425
2014-07-01 20:00:00,0.59,0.0,0.0
2014-07-01 21:00:00,0.78,0.0,0.0
2014-07-01 22:00:00,0.74,0.0,0.0
2014-07-01 23:00:00,0.6,0.0,0.0
2014-07-02 00:00:00,0.89,0.0,0.0
2014-07-02 01:00:00,1.0,0.0,0.0
2014-07-02 02:00:00,1.0,0.0,0.0
2014-07-02 03:00:00,1.0,0.0,0.0
2014-07-02 04:00:00,0.98,1.9878461,0.3836111111111111
2014-07-02 05:00:00,0.82,61.880817,1.0
2014-07-02 06:00:00,0.56,252.87523,1.0
2014-07-02 07:00:00,0.61,472.6607,1.0
2014-07-02 08:00:00,0.74,703.8299,1.0
2014-07-02 09:00:00,0.89,875.4408,1.0
2014-07-02 10:00:00,0.93,1004.17957,1.0
2014-07-02 11:00:00,0.56,802.1205,1.0
2014-07-02 12:00:00,0.52,983.8839,1.0
2014-07-02 13:00:00,0.64,885.09576,1.0
2014-07-02 14:00:00,0.75,693.8741,1.0
2014-07-02 15:00:00,0.62,475.58035,1.0
2014-07-02 16:00:00,0.6,345.9668,1.0
2014-07-02 17:00:00,0.51,223.0861,1.0
2014-07-02 18:00:00,0.58,72.967834,1.0
2014-07-02 19:00:00,0.43,5.9665766,0.5405555555555556
2014-07-02 20:00:00,0.17,0.0,0.0
2014-07-02 21:00:00,0.32,0.0,0.0
2014-07-02 22:00:00,0.42,0.0,0.0
2014-07-02 23:00:00,0.3,0.0,0.0
2014-07-03 00:00:00,0.0,0.0,0.0
2014-07-03 01:00:00,0.01,0.0,0.0
2014-07-03 02:00:00,0.02,0.0,0.0
2014-07-03 03:00:00,0.04,0.0,0.0
2014-07-03 04:00:00,0.04,2.064602,0.37527777777777777
2014-07-03 05:00:00,0.0,86.74594,1.0
2014-07-03 06:00:00,0.0,281.65146,1.0
2014-07-03 07:00:00,0.0,498.54047,1.0
2014-07-03 08:00:00,0.0,701.16406,1.0
2014-07-03 09:00:00,0.1,826.1597,1.0
2014-07-03 10:00:00,0.18,958.1454,1.0
2014-07-03 11:00:00,0.17,1030.1862,1.0
2014-07-03 12:00:00,0.21,972.9677,1.0
2014-07-03 13:00:00,0.34,860.6457,1.0
2014-07-03 14:00:00,0.65,496.52444,1.0
2014-07-03 15:00:00,0.67,490.9648,1.0
2014-07-03 16:00:00,0.91,322.9861,1.0
2014-07-03 17:00:00,0.83,202.19838,1.0
2014-07-03 18:00:00,0.86,69.555405,1.0
2014-07-03 19:00:00,0.95,4.974173,0.5375
2014-07-03 20:00:00,0.9,0.0,0.0
2014-07-03 21:00:00,0.8,0.0,0.0
2014-07-03 22:00:00,0.71,0.0,0.0
2014-07-03 23:00:00,0.61,0.0,0.0
2014-07-04 00:00:00,0.45,0.0,0.0
2014-07-04 01:00:00,0.27,0.0,0.0
2014-07-04 02:00:00,0.39,0.0,0.0
2014-07-04 03:00:00,0.12,0.0,0.0
2014-07-04 04:00:00,0.04,2.054846,0.36666666666666664
2014-07-04 05:00:00,0.06,83.33981,1.0
2014-07-04 06:00:00,0.01,271.8606,1.0
2014-07-04 07:00:00,0.04,483.59387,1.0
2014-07-04 08:00:00,0.01,684.5559,1.0
2014-07-04 09:00:00,0.04,846.8019,1.0
2014-07-04 10:00:00,0.11,884.6395,1.0
2014-07-04 11:00:00,0.37,964.3783,1.0
2014-07-04 12:00:00,0.7,800.6219,1.0
2014-07-04 13:00:00,0.8,623.1589,1.0
2014-07-04 14:00:00,0.57,409.24835,1.0
2014-07-04 15:00:00,0.82,415.27536,1.0
2014-07-04 16:00:00,0.84,323.1425,1.0
2014-07-04 17:00:00,0.86,221.90685,1.0
2014-07-04 18:00:00,0.81,67.013374,1.0
2014-07-04 19:00:00,0.89,3.9772115,0.5341666666666667
2014-07-04 20:00:00,0.65,0.0,0.0
2014-07-04 21:00:00,0.3,0.0,0.0
2014-07-04 22:00:00,0.31,0.0,0.0
2014-07-04 23:00:00,0.5,0.0,0.0
2014-07-05 00:00:00,0.86,0.0,0.0
2014-07-05 01:00:00,0.98,0.0,0.0
2014-07-05 02:00:00,1.0,0.0,0.0
2014-07-05 03:00:00,1.0,0.0,0.0
2014-07-05 04:00:00,0.91,2.981769,0.3575
2014-07-05 05:00:00,0.9,75.43874,1.0
2014-07-05 06:00:00,0.74,245.2507,1.0
2014-07-05 07:00:00,0.73,441.3322,1.0
2014-07-05 08:00:00,0.63,660.3124,1.0
2014-07-05 09:00:00,0.58,809.7787,1.0
2014-07-05 10:00:00,0.66,937.4506,1.0
2014-07-05 11:00:00,0.89,853.4239,1.0
2014-07-05 12:00:00,0.87,973.03174,1.0
2014-07-05 13:00:00,0.35,954.5052,1.0
2014-07-05 14:00:00,0.18,825.27814,1.0
2014-07-05 15:00:00,0.56,639.0342,1.0
2014-07-05 16:00:00,0.44,426.60492,1.0
2014-07-05 17:00:00,0.3,257.4336,1.0
2014-07-05 18:00:00,0.17,73.49131,1.0
2014-07-05 19:00:00,0.25,4.9756923,0.5302777777777777
2014-07-05 20:00:00,0.18,0.0,0.0
2014-07-05 21:00:00,0.19,0.0,0.0
2014-07-05 22:00:00,0.06,0.0,0.0
2014-07-05 23:00:00,0.06,0.0,0.0
2014-07-06 00:00:00,0.04,0.0,0.0
2014-07-06 01:00:00,0.02,0.0,0.0
2014-07-06 02:00:00,0.01,0.0,0.0
2014-07-06 03:00:00,0.0,0.0,0.0
2014-07-06 04:00:00,0.0,2.0332701,0.3477777777777778
2014-07-06 05:00:00,0.0,83.77487,1.0
2014-07-06 06:00:00,0.0,280.01514,1.0
2014-07-06 07:00:00,0.0,498.15152,1.0
2014-07-06 08:00:00,0.0,700.97485,1.0
2014-07-06 09:00:00,0.18,844.0228,1.0
2014-07-06 10:00:00,0.17,873.36273,1.0
2014-07-06 11:00:00,0.43,865.1184,1.0
2014-07-06 12:00:00,0.47,932.22437,1.0
2014-07-06 13:00:00,0.52,846.9536,1.0
2014-07-06 14:00:00,0.77,758.0192,1.0
2014-07-06 15:00:00,0.81,536.5065,1.0
2014-07-06 16:00:00,0.66,409.5707,1.0
2014-07-06 17:00:00,0.43,232.43883,1.0
2014-07-06 18:00:00,0.44,75.14997,1.0
2014-07-06 19:00:00,0.29,5.968096,0.5258333333333334
2014-07-06 20:00:00,0.06,0.0,0.0
2014-07-06 21:00:00,0.0,0.0,0.0
2014-07-06 22:00:00,0.0,0.0,0.0
2014-07-06 23:00:00,0.0,0.0,0.0
2014-07-07 00:00:00,0.0,0.0,0.0
2014-07-07 01:00:00,0.0,0.0,0.0
2014-07-07 02:00:00,0.0,0.0,0.0
2014-07-07 03:00:00,0.01,0.0,0.0
2014-07-07 04:00:00,0.02,1.027579,0.3375
2014-07-07 05:00:00,0.0,82.90906,1.0
2014-07-07 06:00:00,0.0,279.16693,1.0
2014-07-07 07:00:00,0.0,497.3986,1.0
2014-07-07 08:00:00,0.01,702.31903,1.0
2014-07-07 09:00:00,0.06,843.2503,1.0
2014-07-07 10:00:00,0.19,907.21625,1.0
2014-07-07 11:00:00,0.5,991.2752,1.0
2014-07-07 12:00:00,0.85,874.6119,1.0
2014-07-07 13:00:00,0.63,855.0409,1.0
2014-07-07 14:00:00,0.54,647.9672,1.0
2014-07-07 15:00:00,0.76,576.8649,1.0
2014-07-07 16:00:00,0.73,432.1332,1.0
2014-07-07 17:00:00,0.45,251.78136,1.0
2014-07-07 18:00:00,0.09,73.04078,1.0
2014-07-07 19:00:00,0.02,4.974173,0.5208333333333334
2014-07-07 20:00:00,0.02,0.0,0.0
2014-07-07 21:00:00,0.01,0.0,0.0
2014-07-07 22:00:00,0.04,0.0,0.0
2014-07-07 23:00:00,0.21,0.0,0.0
2014-07-08 00:00:00,0.28,0.0,0.0
2014-07-08 01:00:00,0.8,0.0,0.0
2014-07-08 02:00:00,0.95,0.0,0.0
2014-07-08 03:00:00,1.0,0.0,0.0
2014-07-08 04:00:00,0.99,0.99392307,0.32722222222222225
2014-07-08 05:00:00,0.9,47.201824,1.0
2014-07-08 06:00:00,0.85,115.30472,1.0
2014-07-08 07:00:00,0.89,250.9224,1.0
2014-07-08 08:00:00,0.98,424.70654,1.0
2014-07-08 09:00:00,0.86,568.24133,1.0
2014-07-08 10:00:00,0.56,642.031,1.0
2014-07-08 11:00:00,0.7,872.9411,1.0
2014-07-08 12:00:00,0.82,783.67664,1.0
2014-07-08 13:00:00,0.89,655.4844,1.0
2014-07-08 14:00:00,0.97,545.74817,1.0
2014-07-08 15:00:00,0.78,442.22098,1.0
2014-07-08 16:00:00,0.84,277.4926,1.0
2014-07-08 17:00:00,0.79,159.25151,1.0
2014-07-08 18:00:00,0.68,66.42803,1.0
2014-07-08 19:00:00,0.35,4.9711347,0.5152777777777777
2014-07-08 20:00:00,0.19,0.0,0.0
2014-07-08 21:00:00,0.3,0.0,0.0
2014-07-08 22:00:00,0.31,0.0,0.0
2014-07-08 23:00:00,0.19,0.0,0.0
2014-07-09 00:00:00,0.5,0.0,0.0
2014-07-09 01:00:00,0.44,0.0,0.0
2014-07-09 02:00:00,0.55,0.0,0.0
2014-07-09 03:00:00,0.6,0.0,0.0
2014-07-09 04:00:00,0.34,1.9878461,0.3161111111111111
2014-07-09 05:00:00,0.37,67.13662,1.0
2014-07-09 06:00:00,0.45,222.74916,1.0
2014-07-09 07:00:00,0.25,441.48248,1.0
2014-07-09 08:00:00,0.02,626.0903,1.0
2014-07-09 09:00:00,0.03,822.02075,1.0
2014-07-09 10:00:00,0.08,948.4335,1.0
2014-07-09 11:00:00,0.27,1002.49316,1.0
2014-07-09 12:00:00,0.3,980.56104,1.0
2014-07-09 13:00:00,0.73,896.4092,1.0
2014-07-09 14:00:00,0.97,696.1096,1.0
2014-07-09 15:00:00,0.74,562.0564,1.0
2014-07-09 16:00:00,0.66,417.00232,1.0
2014-07-09 17:00:00,0.4,225.58258,1.0
2014-07-09 18:00:00,0.37,73.37484,1.0
2014-07-09 19:00:00,0.45,4.974173,0.5091666666666667
2014-07-09 20:00:00,0.42,0.0,0.0
2014-07-09 21:00:00,0.54,0.0,0.0
2014-07-09 22:00:00,0.28,0.0,0.0
2014-07-09 23:00:00,0.32,0.0,0.0
2014-07-10 00:00:00,0.17,0.0,0.0
2014-07-10 01:00:00,0.02,0.0,0.0
2014-07-10 02:00:00,0.01,0.0,0.0
2014-07-10 03:00:00,0.04,0.0,0.0
2014-07-10 04:00:00,0.04,1.9878461,0.3047222222222222
2014-07-10 05:00:00,0.1,77.717384,1.0
2014-07-10 06:00:00,0.13,266.73465,1.0
2014-07-10 07:00:00,0.21,481.32062,1.0
2014-07-10 08:00:00,0.38,685.0964,1.0
2014-07-10 09:00:00,0.15,849.84503,1.0
2014-07-10 10:00:00,0.5,919.1296,1.0
2014-07-10 11:00:00,0.23,896.72833,1.0
2014-07-10 12:00:00,0.25,957.7117,1.0
2014-07-10 13:00:00,0.54,798.5405,1.0
2014-07-10 14:00:00,0.67,725.28595,1.0
2014-07-10 15:00:00,0.75,586.25555,1.0
2014-07-10 16:00:00,0.77,395.89554,1.0
2014-07-10 17:00:00,0.82,204.7578,1.0
2014-07-10 18:00:00,0.63,62.794235,1.0
2014-07-10 19:00:00,0.64,4.972654,0.5025
2014-07-10 20:00:00,0.56,0.0,0.0
2014-07-10 21:00:00,0.68,0.0,0.0
2014-07-10 22:00:00,0.64,0.0,0.0
2014-07-10 23:00:00,0.51,0.0,0.0
2014-07-11 00:00:00,0.21,0.0,0.0
2014-07-11 01:00:00,0.15,0.0,0.0
2014-07-11 02:00:00,0.01,0.0,0.0
2014-07-11 03:00:00,0.45,0.0,0.0
2014-07-11 04:00:00,0.32,1.9878461,0.29305555555555557
2014-07-11 05:00:00,0.1,74.255264,1.0
2014-07-11 06:00:00,0.52,261.9575,1.0
2014-07-11 07:00:00,0.66,475.79242,1.0
2014-07-11 08:00:00,0.51,678.62085,1.0
2014-07-11 09:00:00,0.26,807.5047,1.0
2014-07-11 10:00:00,0.15,933.69055,1.0
2014-07-11 11:00:00,0.53,916.02545,1.0
2014-07-11 12:00:00,0.73,895.84033,1.0
2014-07-11 13:00:00,0.98,800.7666,1.0
2014-07-11 14:00:00,0.93,463.547,1.0
2014-07-11 15:00:00,0.97,448.39838,1.0
2014-07-11 16:00:00,0.96,275.50967,1.0
2014-07-11 17:00:00,0.9,160.0307,1.0
2014-07-11 18:00:00,0.49,42.936916,1.0
2014-07-11 19:00:00,0.38,2.9848075,0.4955555555555556
2014-07-11 20:00:00,0.44,0.0,0.0
2014-07-11 21:00:00,0.4,0.0,0.0
2014-07-11 22:00:00,0.41,0.0,0.0
2014-07-11 23:00:00,0.31,0.0,0.0
2014-07-12 00:00:00,0.29,0.0,0.0
2014-07-12 01:00:00,0.13,0.0,0.0
2014-07-12 02:00:00,0.08,0.0,0.0
2014-07-12 03:00:00,0.62,0.0,0.0
2014-07-12 04:00:00,0.57,0.99392307,0.2811111111111111
2014-07-12 05:00:00,0.66,64.34166,1.0
2014-07-12 06:00:00,0.45,241.19296,1.0
2014-07-12 07:00:00,0.17,441.16623,1.0
2014-07-12 08:00:00,0.1,653.8274,1.0
2014-07-12 09:00:00,0.13,801.61444,1.0
2014-07-12 10:00:00,0.09,799.53046,1.0
2014-07-12 11:00:00,0.54,814.2297,1.0
2014-07-12 12:00:00,0.8,713.95825,1.0
2014-07-12 13:00:00,0.74,699.8767,1.0
2014-07-12 14:00:00,0.64,588.2454,1.0
2014-07-12 15:00:00,0.99,411.34006,1.0
2014-07-12 16:00:00,1.0,373.88403,1.0
2014-07-12 17:00:00,0.99,206.67247,1.0
2014-07-12 18:00:00,1.0,53.90515,1.0
2014-07-12 19:00:00,1.0,3.9772115,0.48777777777777775
2014-07-12 20:00:00,1.0,0.0,0.0
2014-07-12 21:00:00,1.0,0.0,0.0
2014-07-12 22:00:00,1.0,0.0,0.0
2014-07-12 23:00:00,1.0,0.0,0.0
2014-07-13 00:00:00,1.0,0.0,0.0
2014-07-13 01:00:00,1.0,0.0,0.0
2014-07-13 02:00:00,1.0,0.0,0.0
2014-07-13 03:00:00,0.96,0.0,0.0
2014-07-13 04:00:00,0.92,0.0,0.2688888888888889
2014-07-13 05:00:00,0.87,59.941875,1.0
2014-07-13 06:00:00,0.93,248.35976,1.0
2014-07-13 07:00:00,0.95,416.1834,1.0
2014-07-13 08:00:00,0.65,656.3734,1.0
2014-07-13 09:00:00,0.73,751.2728,1.0
2014-07-13 10:00:00,0.27,918.49316,1.0
2014-07-13 11:00:00,0.34,918.94604,1.0
2014-07-13 12:00:00,0.47,861.9933,1.0
2014-07-13 13:00:00,0.34,784.8679,1.0
2014-07-13 14:00:00,0.52,789.9781,1.0
2014-07-13 15:00:00,0.54,488.767,1.0
2014-07-13 16:00:00,0.48,339.53986,1.0
2014-07-13 17:00:00,0.62,198.35107,1.0
2014-07-13 18:00:00,0.73,60.936172,1.0
2014-07-13 19:00:00,0.77,3.978731,0.4797222222222222
2014-07-13 20:00:00,0.62,0.0,0.0
2014-07-13 21:00:00,0.47,0.0,0.0
2014-07-13 22:00:00,0.34,0.0,0.0
2014-07-13 23:00:00,0.12,0.0,0.0
2014-07-14 00:00:00,0.05,0.0,0.0
2014-07-14 01:00:00,0.32,0.0,0.0
2014-07-14 02:00:00,0.57,0.0,0.0
2014-07-14 03:00:00,0.18,0.0,0.0
2014-07-14 04:00:00,0.28,0.0,0.2563888888888889
2014-07-14 05:00:00,0.77,71.83628,1.0
2014-07-14 06:00:00,0.68,261.59967,1.0
2014-07-14 07:00:00,0.62,478.79922,1.0
2014-07-14 08:00:00,0.59,651.69904,1.0
2014-07-14 09:00:00,0.26,817.7911,1.0
2014-07-14 10:00:00,0.44,945.7552,1.0
2014-07-14 11:00:00,0.68,956.5426,1.0
2014-07-14 12:00:00,0.67,877.82684,1.0
2014-07-14 13:00:00,0.6,836.96906,1.0
2014-07-14 14:00:00,0.58,686.47327,1.0
2014-07-14 15:00:00,0.51,488.86304,1.0
2014-07-14 16:00:00,0.32,413.45715,1.0
2014-07-14 17:00:00,0.12,234.99303,1.0
2014-07-14 18:00:00,0.16,67.21702,1.0
2014-07-14 19:00:00,0.46,3.978731,0.4711111111111111
2014-07-14 20:00:00,0.91,0.0,0.0
2014-07-14 21:00:00,0.94,0.0,0.0
2014-07-14 22:00:00,0.96,0.0,0.0
2014-07-14 23:00:00,0.98,0.0,0.0
2014-07-15 00:00:00,0.99,0.0,0.0
2014-07-15 01:00:00,0.96,0.0,0.0
2014-07-15 02:00:00,0.92,0.0,0.0
2014-07-15 03:00:00,0.9,0.0,0.0
2014-07-15 04:00:00,0.65,0.0,0.2436111111111111
2014-07-15 05:00:00,0.31,62.107567,1.0
2014-07-15 06:00:00,0.45,235.7976,1.0
2014-07-15 07:00:00,0.41,365.3405,1.0
2014-07-15 08:00:00,0.23,622.3726,1.0
2014-07-15 09:00:00,0.18,806.74493,1.0
2014-07-15 10:00:00,0.69,803.78094,1.0
2014-07-15 11:00:00,0.41,802.1574,1.0
2014-07-15 12:00:00,0.84,623.1053,1.0
2014-07-15 13:00:00,0.51,634.127,1.0
2014-07-15 14:00:00,0.86,565.76056,1.0
2014-07-15 15:00:00,0.98,380.85983,1.0
2014-07-15 16:00:00,0.9,323.20035,1.0
2014-07-15 17:00:00,0.96,169.18854,1.0
2014-07-15 18:00:00,0.95,52.086716,1.0
2014-07-15 19:00:00,0.96,2.9832883,0.46194444444444444
2014-07-15 20:00:00,0.86,0.0,0.0
2014-07-15 21:00:00,0.57,0.0,0.0
2014-07-15 22:00:00,0.06,0.0,0.0
2014-07-15 23:00:00,0.13,0.0,0.0
2014-07-16 00:00:00,0.11,0.0,0.0
2014-07-16 01:00:00,0.16,0.0,0.0
2014-07-16 02:00:00,0.06,0.0,0.0
2014-07-16 03:00:00,0.82,0.0,0.0
2014-07-16 04:00:00,0.9,0.0,0.23055555555555557
2014-07-16 05:00:00,0.96,45.840626,1.0
2014-07-16 06:00:00,0.74,135.63882,1.0
2014-07-16 07:00:00,0.68,296.342,1.0
2014-07-16 08:00:00,0.77,413.88156,1.0
2014-07-16 09:00:00,0.71,443.4945,1.0
2014-07-16 10:00:00,0.94,539.1861,1.0
2014-07-16 11:00:00,0.87,599.1533,1.0
2014-07-16 12:00:00,0.89,344.9479,1.0
2014-07-16 13:00:00,0.99,264.3535,1.0
2014-07-16 14:00:00,0.9,377.3238,1.0
2014-07-16 15:00:00,0.77,369.24283,1.0
2014-07-16 16:00:00,0.86,206.60886,1.0
2014-07-16 17:00:00,0.85,92.32978,1.0
2014-07-16 18:00:00,0.93,29.657812,1.0
2014-07-16 19:00:00,1.0,1.9878461,0.45222222222222225
2014-07-16 20:00:00,1.0,0.0,0.0
2014-07-16 21:00:00,1.0,0.0,0.0
2014-07-16 22:00:00,0.92,0.0,0.0
2014-07-16 23:00:00,0.27,0.0,0.0
2014-07-17 00:00:00,0.16,0.0,0.0
2014-07-17 01:00:00,0.64,0.0,0.0
2014-07-17 02:00:00,0.63,0.0,0.0
2014-07-17 03:00:00,0.63,0.0,0.0
2014-07-17 04:00:00,0.64,0.0,0.2175
2014-07-17 05:00:00,0.66,30.832846,1.0
2014-07-17 06:00:00,0.93,141.75493,1.0
2014-07-17 07:00:00,0.53,333.76526,1.0
2014-07-17 08:00:00,0.29,555.3124,1.0
2014-07-17 09:00:00,0.46,717.31537,1.0
2014-07-17 10:00:00,0.5,727.15753,1.0
2014-07-17 11:00:00,0.47,860.8119,1.0
2014-07-17 12:00:00,0.56,958.1916,1.0
2014-07-17 13:00:00,0.65,820.139,1.0
2014-07-17 14:00:00,0.41,798.53394,1.0
2014-07-17 15:00:00,0.65,587.39087,1.0
2014-07-17 16:00:00,0.64,385.03198,1.0
2014-07-17 17:00:00,0.7,207.82986,1.0
2014-07-17 18:00:00,0.6,55.931736,1.0
2014-07-17 19:00:00,0.17,2.9848075,0.44222222222222224
2014-07-17 20:00:00,0.01,0.0,0.0
2014-07-17 21:00:00,0.01,0.0,0.0
2014-07-17 22:00:00,0.0,0.0,0.0
2014-07-17 23:00:00,0.0,0.0,0.0
2014-07-18 00:00:00,0.0,0.0,0.0
2014-07-18 01:00:00,0.02,0.0,0.0
2014-07-18 02:00:00,0.01,0.0,0.0
2014-07-18 03:00:00,0.07,0.0,0.0
2014-07-18 04:00:00,0.05,0.0,0.2038888888888889
2014-07-18 05:00:00,0.0,68.632034,1.0
2014-07-18 06:00:00,0.0,262.72263,1.0
2014-07-18 07:00:00,0.0,482.6585,1.0
2014-07-18 08:00:00,0.0,688.0097,1.0
2014-07-18 09:00:00,0.0,847.10895,1.0
2014-07-18 10:00:00,0.41,888.5354,1.0
2014-07-18 11:00:00,0.24,916.14404,1.0
2014-07-18 12:00:00,0.18,927.99915,1.0
2014-07-18 13:00:00,0.39,938.8812,1.0
2014-07-18 14:00:00,0.54,766.7822,1.0
2014-07-18 15:00:00,0.57,620.3711,1.0
2014-07-18 16:00:00,0.56,407.61063,1.0
2014-07-18 17:00:00,0.54,234.52414,1.0
2014-07-18 18:00:00,0.27,65.50294,1.0
2014-07-18 19:00:00,0.2,2.9848075,0.43166666666666664
2014-07-18 20:00:00,0.09,0.0,0.0
2014-07-18 21:00:00,0.05,0.0,0.0
2014-07-18 22:00:00,0.0,0.0,0.0
2014-07-18 23:00:00,0.0,0.0,0.0
2014-07-19 00:00:00,0.0,0.0,0.0
2014-07-19 01:00:00,0.0,0.0,0.0
2014-07-19 02:00:00,0.0,0.0,0.0
2014-07-19 03:00:00,0.0,0.0,0.0
2014-07-19 04:00:00,0.0,0.0,0.19055555555555556
2014-07-19 05:00:00,0.0,67.97773,1.0
2014-07-19 06:00:00,0.0,262.01694,1.0
2014-07-19 07:00:00,0.0,484.1594,1.0
2014-07-19 08:00:00,0.0,692.8339,1.0
2014-07-19 09:00:00,0.08,855.3473,1.0
2014-07-19 10:00:00,0.34,984.59875,1.0
2014-07-19 11:00:00,0.42,1004.826,1.0
2014-07-19 12:00:00,0.32,953.7029,1.0
2014-07-19 13:00:00,0.4,903.076,1.0
2014-07-19 14:00:00,0.45,794.0171,1.0
2014-07-19 15:00:00,0.84,626.1706,1.0
2014-07-19 16:00:00,0.71,445.31412,1.0
2014-07-19 17:00:00,0.44,208.46239,1.0
2014-07-19 18:00:00,0.21,62.34055,1.0
2014-07-19 19:00:00,0.06,2.9848075,0.42055555555555557
2014-07-19 20:00:00,0.17,0.0,0.0
2014-07-19 21:00:00,0.02,0.0,0.0
2014-07-19 22:00:00,0.0,0.0,0.0
2014-07-19 23:00:00,0.0,0.0,0.0
2014-07-20 00:00:00,0.0,0.0,0.0
2014-07-20 01:00:00,0.0,0.0,0.0
2014-07-20 02:00:00,0.0,0.0,0.0
2014-07-20 03:00:00,0.0,0.0,0.0
2014-07-20 04:00:00,0.0,0.0,0.17694444444444443
2014-07-20 05:00:00,0.01,66.3329,1.0
2014-07-20 06:00:00,0.01,260.34174,1.0
2014-07-20 07:00:00,0.0,481.54333,1.0
2014-07-20 08:00:00,0.0,690.266,1.0
2014-07-20 09:00:00,0.0,865.2962,1.0
2014-07-20 10:00:00,0.23,981.2095,1.0
2014-07-20 11:00:00,0.52,992.6533,1.0
2014-07-20 12:00:00,0.44,964.49945,1.0
2014-07-20 13:00:00,0.34,889.08264,1.0
2014-07-20 14:00:00,0.41,791.64355,1.0
2014-07-20 15:00:00,0.72,568.3301,1.0
2014-07-20 16:00:00,0.8,342.19247,1.0
2014-07-20 17:00:00,0.78,151.21565,1.0
2014-07-20 18:00:00,0.58,36.218555,1.0
2014-07-20 19:00:00,0.3,2.981769,0.4088888888888889
2014-07-20 20:00:00,0.3,0.0,0.0
2014-07-20 21:00:00,0.33,0.0,0.0
2014-07-20 22:00:00,0.36,0.0,0.0
2014-07-20 23:00:00,0.6,0.0,0.0
2014-07-21 00:00:00,0.66,0.0,0.0
2014-07-21 01:00:00,0.63,0.0,0.0
2014-07-21 02:00:00,0.81,0.0,0.0
2014-07-21 03:00:00,0.6,0.0,0.0
2014-07-21 04:00:00,0.16,0.0,0.16305555555555556
2014-07-21 05:00:00,0.57,57.801636,1.0
2014-07-21 06:00:00,0.95,203.31598,1.0
2014-07-21 07:00:00,1.0,356.6447,1.0
2014-07-21 08:00:00,1.0,526.8429,1.0
2014-07-21 09:00:00,0.98,651.0371,1.0
2014-07-21 10:00:00,0.96,799.3574,1.0
2014-07-21 11:00:00,0.93,948.7989,1.0
2014-07-21 12:00:00,0.58,957.0513,1.0
2014-07-21 13:00:00,0.51,762.17566,1.0
2014-07-21 14:00:00,0.58,720.1516,1.0
2014-07-21 15:00:00,0.69,550.2314,1.0
2014-07-21 16:00:00,0.83,414.56342,1.0
2014-07-21 17:00:00,0.82,239.50102,1.0
2014-07-21 18:00:00,0.53,61.29177,1.0
2014-07-21 19:00:00,0.08,2.9832883,0.39694444444444443
2014-07-21 20:00:00,0.22,0.0,0.0
2014-07-21 21:00:00,0.23,0.0,0.0
2014-07-21 22:00:00,0.35,0.0,0.0
2014-07-21 23:00:00,0.24,0.0,0.0
2014-07-22 00:00:00,0.31,0.0,0.0
2014-07-22 01:00:00,0.12,0.0,0.0
2014-07-22 02:00:00,0.0,0.0,0.0
2014-07-22 03:00:00,0.01,0.0,0.0
2014-07-22 04:00:00,0.01,0.0,0.14944444444444444
2014-07-22 05:00:00,0.0,63.208416,1.0
2014-07-22 06:00:00,0.0,256.99582,1.0
2014-07-22 07:00:00,0.0,479.3889,1.0
2014-07-22 08:00:00,0.0,689.28375,1.0
2014-07-22 09:00:00,0.0,859.8488,1.0
2014-07-22 10:00:00,0.07,905.65594,1.0
2014-07-22 11:00:00,0.43,960.25116,1.0
2014-07-22 12:00:00,0.8,990.7726,1.0
2014-07-22 13:00:00,0.75,954.33026,1.0
2014-07-22 14:00:00,0.59,654.34546,1.0
2014-07-22 15:00:00,0.76,561.71814,1.0
2014-07-22 16:00:00,0.74,416.58344,1.0
2014-07-22 17:00:00,0.38,234.80872,1.0
2014-07-22 18:00:00,0.22,59.4893,1.0
2014-07-22 19:00:00,0.0,2.9832883,0.3844444444444444
2014-07-22 20:00:00,0.0,0.0,0.0
2014-07-22 21:00:00,0.0,0.0,0.0
2014-07-22 22:00:00,0.01,0.0,0.0
2014-07-22 23:00:00,0.0,0.0,0.0
2014-07-23 00:00:00,0.0,0.0,0.0
2014-07-23 01:00:00,0.0,0.0,0.0
2014-07-23 02:00:00,0.0,0.0,0.0
2014-07-23 03:00:00,0.0,0.0,0.0
2014-07-23 04:00:00,0.0,0.0,0.13555555555555557
2014-07-23 05:00:00,0.0,60.72584,1.0
2014-07-23 06:00:00,0.0,250.29034,1.0
2014-07-23 07:00:00,0.0,470.4449,1.0
2014-07-23 08:00:00,0.0,678.186,1.0
2014-07-23 09:00:00,0.0,850.0386,1.0
2014-07-23 10:00:00,0.14,954.19116,1.0
2014-07-23 11:00:00,0.24,954.87976,1.0
2014-07-23 12:00:00,0.4,975.39307,1.0
2014-07-23 13:00:00,0.46,753.1837,1.0
2014-07-23 14:00:00,0.76,537.6849,1.0
2014-07-23 15:00:00,0.93,437.9996,1.0
2014-07-23 16:00:00,0.91,385.98196,1.0
2014-07-23 17:00:00,0.91,212.75552,1.0
2014-07-23 18:00:00,0.55,54.419395,1.0
2014-07-23 19:00:00,0.12,2.9832883,0.3713888888888889
2014-07-23 20:00:00,0.02,0.0,0.0
2014-07-23 21:00:00,0.02,0.0,0.0
2014-07-23 22:00:00,0.11,0.0,0.0
2014-07-23 23:00:00,0.12,0.0,0.0
2014-07-24 00:00:00,0.16,0.0,0.0
2014-07-24 01:00:00,0.11,0.0,0.0
2014-07-24 02:00:00,0.06,0.0,0.0
2014-07-24 03:00:00,0.07,0.0,0.0
2014-07-24 04:00:00,0.02,0.0,0.12166666666666667
2014-07-24 05:00:00,0.0,59.23048,1.0
2014-07-24 06:00:00,0.0,247.61926,1.0
2014-07-24 07:00:00,0.11,466.76028,1.0
2014-07-24 08:00:00,0.44,673.46796,1.0
2014-07-24 09:00:00,0.21,846.4125,1.0
2014-07-24 10:00:00,0.06,963.26447,1.0
2014-07-24 11:00:00,0.24,938.1229,1.0
2014-07-24 12:00:00,0.56,941.04974,1.0
2014-07-24 13:00:00,0.7,774.3039,1.0
2014-07-24 14:00:00,0.92,486.8097,1.0
2014-07-24 15:00:00,0.86,270.37085,1.0
2014-07-24 16:00:00,1.0,205.06839,1.0
2014-07-24 17:00:00,0.98,151.09187,1.0
2014-07-24 18:00:00,0.78,52.420982,1.0
2014-07-24 19:00:00,0.77,1.9893655,0.35777777777777775
2014-07-24 20:00:00,0.81,0.0,0.0
2014-07-24 21:00:00,0.43,0.0,0.0
2014-07-24 22:00:00,0.37,0.0,0.0
2014-07-24 23:00:00,0.2,0.0,0.0
2014-07-25 00:00:00,0.2,0.0,0.0
2014-07-25 01:00:00,0.5,0.0,0.0
2014-07-25 02:00:00,0.89,0.0,0.0
2014-07-25 03:00:00,0.96,0.0,0.0
2014-07-25 04:00:00,0.96,0.0,0.1075
2014-07-25 05:00:00,0.99,49.951805,1.0
2014-07-25 06:00:00,0.95,208.63126,1.0
2014-07-25 07:00:00,0.97,423.2715,1.0
2014-07-25 08:00:00,0.79,632.4689,1.0
2014-07-25 09:00:00,0.34,739.77844,1.0
2014-07-25 10:00:00,0.21,898.46466,1.0
2014-07-25 11:00:00,0.43,939.44507,1.0
2014-07-25 12:00:00,0.58,925.51697,1.0
2014-07-25 13:00:00,0.71,793.0176,1.0
2014-07-25 14:00:00,0.72,619.98376,1.0
2014-07-25 15:00:00,0.57,493.64984,1.0
2014-07-25 16:00:00,0.68,283.78763,1.0
2014-07-25 17:00:00,0.91,154.51,1.0
2014-07-25 18:00:00,0.31,36.969215,1.0
2014-07-25 19:00:00,0.15,1.9878461,0.3436111111111111
2014-07-25 20:00:00,0.19,0.0,0.0
2014-07-25 21:00:00,0.14,0.0,0.0
2014-07-25 22:00:00,0.22,0.0,0.0
2014-07-25 23:00:00,0.22,0.0,0.0
2014-07-26 00:00:00,0.01,0.0,0.0
2014-07-26 01:00:00,0.0,0.0,0.0
2014-07-26 02:00:00,0.0,0.0,0.0
2014-07-26 03:00:00,0.0,0.0,0.0
2014-07-26 04:00:00,0.0,0.0,0.09305555555555556
2014-07-26 05:00:00,0.0,56.07983,1.0
2014-07-26 06:00:00,0.11,241.28188,1.0
2014-07-26 07:00:00,0.21,455.015,1.0
2014-07-26 08:00:00,0.5,632.4026,1.0
2014-07-26 09:00:00,0.45,766.3388,1.0
2014-07-26 10:00:00,0.5,867.4511,1.0
2014-07-26 11:00:00,0.63,836.70154,1.0
2014-07-26 12:00:00,0.51,828.30786,1.0
2014-07-26 13:00:00,0.86,688.9894,1.0
2014-07-26 14:00:00,0.79,565.2573,1.0
2014-07-26 15:00:00,1.0,353.40054,1.0
2014-07-26 16:00:00,1.0,196.58276,1.0
2014-07-26 17:00:00,1.0,130.13358,1.0
2014-07-26 18:00:00,1.0,47.074257,1.0
2014-07-26 19:00:00,1.0,1.9878461,0.32916666666666666
2014-07-26 20:00:00,1.0,0.0,0.0
2014-07-26 21:00:00,0.76,0.0,0.0
2014-07-26 22:00:00,0.56,0.0,0.0
2014-07-26 23:00:00,0.38,0.0,0.0
2014-07-27 00:00:00,0.16,0.0,0.0
2014-07-27 01:00:00,0.13,0.0,0.0
2014-07-27 02:00:00,0.2,0.0,0.0
2014-07-27 03:00:00,0.02,0.0,0.0
2014-07-27 04:00:00,0.09,0.0,0.07833333333333334
2014-07-27 05:00:00,0.29,53.70522,1.0
2014-07-27 06:00:00,0.59,233.4133,1.0
2014-07-27 07:00:00,0.71,452.4099,1.0
2014-07-27 08:00:00,0.83,658.0244,1.0
2014-07-27 09:00:00,0.98,831.2798,1.0
2014-07-27 10:00:00,0.83,928.3307,1.0
2014-07-27 11:00:00,0.95,657.9187,1.0
2014-07-27 12:00:00,0.84,725.5256,1.0
2014-07-27 13:00:00,0.95,762.41034,1.0
2014-07-27 14:00:00,0.92,476.1181,1.0
2014-07-27 15:00:00,0.97,351.16864,1.0
2014-07-27 16:00:00,0.97,255.35493,1.0
2014-07-27 17:00:00,0.95,157.86674,1.0
2014-07-27 18:00:00,0.91,47.236126,1.0
2014-07-27 19:00:00,0.96,1.9878461,0.3138888888888889
2014-07-27 20:00:00,0.92,0.0,0.0
2014-07-27 21:00:00,0.91,0.0,0.0
2014-07-27 22:00:00,0.8,0.0,0.0
2014-07-27 23:00:00,0.63,0.0,0.0
2014-07-28 00:00:00,0.61,0.0,0.0
2014-07-28 01:00:00,0.47,0.0,0.0
2014-07-28 02:00:00,0.55,0.0,0.0
2014-07-28 03:00:00,0.84,0.0,0.0
2014-07-28 04:00:00,0.82,0.0,0.0636111111111111
2014-07-28 05:00:00,0.81,47.491154,1.0
2014-07-28 06:00:00,0.74,190.0661,1.0
2014-07-28 07:00:00,0.45,421.44528,1.0
2014-07-28 08:00:00,0.42,648.2478,1.0
2014-07-28 09:00:00,0.75,758.3748,1.0
2014-07-28 10:00:00,0.65,871.673,1.0
2014-07-28 11:00:00,0.71,931.897,1.0
2014-07-28 12:00:00,0.86,635.08215,1.0
2014-07-28 13:00:00,1.0,480.0137,1.0
2014-07-28 14:00:00,1.0,484.3982,1.0
2014-07-28 15:00:00,0.98,395.46597,1.0
2014-07-28 16:00:00,0.9,144.24716,1.0
2014-07-28 17:00:00,0.97,81.76062,1.0
2014-07-28 18:00:00,1.0,35.068546,1.0
2014-07-28 19:00:00,0.98,0.99392307,0.29833333333333334
2014-07-28 20:00:00,0.97,0.0,0.0
2014-07-28 21:00:00,1.0,0.0,0.0
2014-07-28 22:00:00,0.99,0.0,0.0
2014-07-28 23:00:00,0.99,0.0,0.0
2014-07-29 00:00:00,0.99,0.0,0.0
2014-07-29 01:00:00,0.98,0.0,0.0
2014-07-29 02:00:00,0.99,0.0,0.0
2014-07-29 03:00:00,0.98,0.0,0.0
2014-07-29 04:00:00,0.57,0.0,0.04861111111111111
2014-07-29 05:00:00,0.94,29.206617,1.0
2014-07-29 06:00:00,0.91,164.08519,1.0
2014-07-29 07:00:00,0.89,324.0607,1.0
2014-07-29 08:00:00,0.91,448.79813,1.0
2014-07-29 09:00:00,0.96,524.87823,1.0
2014-07-29 10:00:00,0.98,499.04282,1.0
2014-07-29 11:00:00,0.93,592.33966,1.0
2014-07-29 12:00:00,1.0,492.18414,1.0
2014-07-29 13:00:00,0.99,199.07178,1.0
2014-07-29 14:00:00,0.96,306.09195,1.0
2014-07-29 15:00:00,0.99,240.17201,1.0
2014-07-29 16:00:00,0.99,258.53366,1.0
2014-07-29 17:00:00,1.0,125.52225,1.0
2014-07-29 18:00:00,0.99,36.502007,1.0
2014-07-29 19:00:00,1.0,0.0,0.2822222222222222
2014-07-29 20:00:00,1.0,0.0,0.0
2014-07-29 21:00:00,1.0,0.0,0.0
2014-07-29 22:00:00,1.0,0.0,0.0
2014-07-29 23:00:00,1.0,0.0,0.0
2014-07-30 00:00:00,1.0,0.0,0.0
2014-07-30 01:00:00,1.0,0.0,0.0
2014-07-30 02:00:00,1.0,0.0,0.0
2014-07-30 03:00:00,0.99,0.0,0.0
2014-07-30 04:00:00,0.99,0.0,0.03361111111111111
2014-07-30 05:00:00,1.0,13.682565,1.0
2014-07-30 06:00:00,1.0,46.03538,1.0
2014-07-30 07:00:00,1.0,67.348015,1.0
2014-07-30 08:00:00,1.0,137.93518,1.0
2014-07-30 09:00:00,1.0,180.2395,1.0
2014-07-30 10:00:00,1.0,178.01842,1.0
2014-07-30 11:00:00,1.0,166.97908,1.0
2014-07-30 12:00:00,1.0,329.68564,1.0
2014-07-30 13:00:00,1.0,254.3104,1.0
2014-07-30 14:00:00,0.99,195.43477,1.0
2014-07-30 15:00:00,1.0,124.73428,1.0
2014-07-30 16:00:00,1.0,94.99135,1.0
2014-07-30 17:00:00,1.0,30.811617,1.0
2014-07-30 18:00:00,1.0,11.201853,1.0
2014-07-30 19:00:00,1.0,0.0,0.26555555555555554
2014-07-30 20:00:00,1.0,0.0,0.0
2014-07-30 21:00:00,1.0,0.0,0.0
2014-07-30 22:00:00,1.0,0.0,0.0
2014-07-30 23:00:00,0.92,0.0,0.0
2014-07-31 00:00:00,0.73,0.0,0.0
2014-07-31 01:00:00,0.44,0.0,0.0
2014-07-31 02:00:00,0.53,0.0,0.0
2014-07-31 03:00:00,0.6,0.0,0.0
2014-07-31 04:00:00,0.8,0.0,0.018333333333333333
2014-07-31 05:00:00,0.77,34.688084,1.0
2014-07-31 06:00:00,0.9,99.791855,1.0
2014-07-31 07:00:00,0.91,287.36978,1.0
2014-07-31 08:00:00,0.94,427.70114,1.0
2014-07-31 09:00:00,0.95,505.60495,1.0
2014-07-31 10:00:00,0.8,656.56714,1.0
2014-07-31 11:00:00,0.86,541.0504,1.0
2014-07-31 12:00:00,0.6,603.1691,1.0
2014-07-31 13:00:00,0.73,635.75433,1.0
2014-07-31 14:00:00,0.54,640.30316,1.0
2014-07-31 15:00:00,0.4,540.8131,1.0
2014-07-31 16:00:00,0.6,318.44745,1.0
2014-07-31 17:00:00,0.72,123.35677,1.0
2014-07-31 18:00:00,0.85,39.58159,1.0
2014-07-31 19:00:00,0.8,0.0,0.24861111111111112
2014-07-31 20:00:00,0.95,0.0,0.0
2014-07-31 21:00:00,0.98,0.0,0.0
2014-07-31 22:00:00,1.0,0.0,0.0
2014-07-31 23:00:00,1.0,0.0,0.0
2014-08-01 00:00:00,0.99,0.0,0.0
2014-08-01 01:00:00,0.95,0.0,0.0
2014-08-01 02:00:00,0.94,0.0,0.0
2014-08-01 03:00:00,0.95,0.0,0.0
2014-08-01 04:00:00,0.86,0.0,0.0030555555555555557
2014-08-01 05:00:00,0.92,33.65204,1.0
2014-08-01 06:00:00,0.88,163.21674,1.0
2014-08-01 07:00:00,0.71,372.9565,1.0
2014-08-01 08:00:00,0.53,474.40665,1.0
2014-08-01 09:00:00,0.36,670.3157,1.0
2014-08-01 10:00:00,0.53,817.55786,1.0
2014-08-01 11:00:00,0.77,660.05206,1.0
2014-08-01 12:00:00,0.85,492.8771,1.0
2014-08-01 13:00:00,0.79,761.15155,1.0
2014-08-01 14:00:00,0.71,526.68896,1.0
2014-08-01 15:00:00,0.81,352.20126,1.0
2014-08-01 16:00:00,0.78,260.02103,1.0
2014-08-01 17:00:00,0.68,153.62183,1.0
2014-08-01 18:00:00,0.45,37.406708,1.0
2014-08-01 19:00:00,0.47,0.0,0.2311111111111111
2014-08-01 20:00:00,0.33,0.0,0.0
2014-08-01 21:00:00,0.24,0.0,0.0
2014-08-01 22:00:00,0.13,0.0,0.0
2014-08-01 23:00:00,0.06,0.0,0.0
2014-08-02 00:00:00,0.03,0.0,0.0
2014-08-02 01:00:00,0.05,0.0,0.0
2014-08-02 02:00:00,0.05,0.0,0.0
2014-08-02 03:00:00,0.22,0.0,0.0
2014-08-02 04:00:00,0.39,0.0,0.0
2014-08-02 05:00:00,0.27,42.51268,0.9875
2014-08-02 06:00:00,0.22,222.39934,1.0
2014-08-02 07:00:00,0.0,439.86826,1.0
2014-08-02 08:00:00,0.0,662.99304,1.0
2014-08-02 09:00:00,0.0,852.1879,1.0
2014-08-02 10:00:00,0.02,982.36945,1.0
2014-08-02 11:00:00,0.19,1003.8312,1.0
2014-08-02 12:00:00,0.3,1001.96545,1.0
2014-08-02 13:00:00,0.51,942.56165,1.0
2014-08-02 14:00:00,0.48,786.983,1.0
2014-08-02 15:00:00,0.31,596.5658,1.0
2014-08-02 16:00:00,0.29,375.4488,1.0
2014-08-02 17:00:00,0.08,221.95328,1.0
2014-08-02 18:00:00,0.03,42.709896,1.0
2014-08-02 19:00:00,0.01,0.0,0.21333333333333335
2014-08-02 20:00:00,0.0,0.0,0.0
2014-08-02 21:00:00,0.0,0.0,0.0
2014-08-02 22:00:00,0.01,0.0,0.0
2014-08-02 23:00:00,0.0,0.0,0.0
2014-08-03 00:00:00,0.02,0.0,0.0
2014-08-03 01:00:00,0.05,0.0,0.0
2014-08-03 02:00:00,0.2,0.0,0.0
2014-08-03 03:00:00,0.46,0.0,0.0
2014-08-03 04:00:00,0.73,0.0,0.0
2014-08-03 05:00:00,0.68,45.127785,0.9719444444444445
2014-08-03 06:00:00,0.02,228.62404,1.0
2014-08-03 07:00:00,0.0,454.111,1.0
2014-08-03 08:00:00,0.34,664.6867,1.0
2014-08-03 09:00:00,0.26,834.0836,1.0
2014-08-03 10:00:00,0.14,966.9235,1.0
2014-08-03 11:00:00,0.15,961.85913,1.0
2014-08-03 12:00:00,0.35,928.0275,1.0
2014-08-03 13:00:00,0.47,882.1195,1.0
2014-08-03 14:00:00,0.6,770.2166,1.0
2014-08-03 15:00:00,0.52,588.58093,1.0
2014-08-03 16:00:00,0.87,382.8024,1.0
2014-08-03 17:00:00,0.97,205.6791,1.0
2014-08-03 18:00:00,0.97,45.07271,1.0
2014-08-03 19:00:00,0.95,0.0,0.19527777777777777
2014-08-03 20:00:00,1.0,0.0,0.0
2014-08-03 21:00:00,0.97,0.0,0.0
2014-08-03 22:00:00,0.98,0.0,0.0
2014-08-03 23:00:00,0.96,0.0,0.0
2014-08-04 00:00:00,0.97,0.0,0.0
2014-08-04 01:00:00,0.99,0.0,0.0
2014-08-04 02:00:00,0.98,0.0,0.0
2014-08-04 03:00:00,1.0,0.0,0.0
2014-08-04 04:00:00,0.9,0.0,0.0
2014-08-04 05:00:00,0.94,29.329369,0.9563888888888888
2014-08-04 06:00:00,0.96,161.60098,1.0
2014-08-04 07:00:00,0.58,392.26157,1.0
2014-08-04 08:00:00,0.75,572.1164,1.0
2014-08-04 09:00:00,0.93,706.329,1.0
2014-08-04 10:00:00,0.93,598.3991,1.0
2014-08-04 11:00:00,0.96,693.8073,1.0
2014-08-04 12:00:00,0.95,654.969,1.0
2014-08-04 13:00:00,1.0,344.81238,1.0
2014-08-04 14:00:00,1.0,394.8793,1.0
2014-08-04 15:00:00,0.97,349.55255,1.0
2014-08-04 16:00:00,0.97,244.05028,1.0
2014-08-04 17:00:00,0.99,124.0458,1.0
2014-08-04 18:00:00,1.0,39.043667,1.0
2014-08-04 19:00:00,0.98,0.0,0.17666666666666667
2014-08-04 20:00:00,0.99,0.0,0.0
2014-08-04 21:00:00,0.97,0.0,0.0
2014-08-04 22:00:00,0.97,0.0,0.0
2014-08-04 23:00:00,1.0,0.0,0.0
2014-08-05 00:00:00,0.98,0.0,0.0
2014-08-05 01:00:00,1.0,0.0,0.0
2014-08-05 02:00:00,0.98,0.0,0.0
2014-08-05 03:00:00,0.97,0.0,0.0
2014-08-05 04:00:00,0.88,0.0,0.0
2014-08-05 05:00:00,0.7,20.137823,0.9408333333333333
2014-08-05 06:00:00,0.7,145.14493,1.0
2014-08-05 07:00:00,0.62,338.04596,1.0
2014-08-05 08:00:00,0.34,556.58813,1.0
2014-08-05 09:00:00,0.28,805.4657,1.0
2014-08-05 10:00:00,0.12,887.7922,1.0
2014-08-05 11:00:00,0.5,872.02057,1.0
2014-08-05 12:00:00,0.59,820.7664,1.0
2014-08-05 13:00:00,0.74,689.0447,1.0
2014-08-05 14:00:00,0.85,442.98038,1.0
2014-08-05 15:00:00,0.93,250.09807,1.0
2014-08-05 16:00:00,0.51,191.90659,1.0
2014-08-05 17:00:00,0.44,170.07469,1.0
2014-08-05 18:00:00,0.3,35.135754,1.0
2014-08-05 19:00:00,0.2,0.0,0.1575
2014-08-05 20:00:00,0.09,0.0,0.0
2014-08-05 21:00:00,0.08,0.0,0.0
2014-08-05 22:00:00,0.05,0.0,0.0
2014-08-05 23:00:00,0.03,0.0,0.0
2014-08-06 00:00:00,0.04,0.0,0.0
2014-08-06 01:00:00,0.05,0.0,0.0
2014-08-06 02:00:00,0.01,0.0,0.0
2014-08-06 03:00:00,0.0,0.0,0.0
2014-08-06 04:00:00,0.01,0.0,0.0
2014-08-06 05:00:00,0.0,40.978718,0.925
2014-08-06 06:00:00,0.0,223.00653,1.0
2014-08-06 07:00:00,0.0,446.76483,1.0
2014-08-06 08:00:00,0.0,658.626,1.0
2014-08-06 09:00:00,0.0,823.11505,1.0
2014-08-06 10:00:00,0.3,928.2494,1.0
2014-08-06 11:00:00,0.47,879.54065,1.0
2014-08-06 12:00:00,0.3,955.67175,1.0
2014-08-06 13:00:00,0.41,843.21765,1.0
2014-08-06 14:00:00,0.29,772.2715,1.0
2014-08-06 15:00:00,0.76,558.46185,1.0
2014-08-06 16:00:00,0.44,326.09033,1.0
2014-08-06 17:00:00,0.3,179.25883,1.0
2014-08-06 18:00:00,0.19,36.497665,1.0
2014-08-06 19:00:00,0.1,0.0,0.13833333333333334
2014-08-06 20:00:00,0.02,0.0,0.0
2014-08-06 21:00:00,0.04,0.0,0.0
2014-08-06 22:00:00,0.05,0.0,0.0
2014-08-06 23:00:00,0.06,0.0,0.0
2014-08-07 00:00:00,0.16,0.0,0.0
2014-08-07 01:00:00,0.17,0.0,0.0
2014-08-07 02:00:00,0.06,0.0,0.0
2014-08-07 03:00:00,0.59,0.0,0.0
2014-08-07 04:00:00,0.39,0.0,0.0
2014-08-07 05:00:00,0.46,38.342896,0.9094444444444445
2014-08-07 06:00:00,0.43,217.20505,1.0
2014-08-07 07:00:00,0.43,423.70822,1.0
2014-08-07 08:00:00,0.46,610.13715,1.0
2014-08-07 09:00:00,0.39,686.4951,1.0
2014-08-07 10:00:00,0.42,816.2755,1.0
2014-08-07 11:00:00,0.46,945.4757,1.0
2014-08-07 12:00:00,0.55,732.29944,1.0
2014-08-07 13:00:00,0.59,582.3306,1.0
2014-08-07 14:00:00,0.69,521.6533,1.0
2014-08-07 15:00:00,0.59,387.96027,1.0
2014-08-07 16:00:00,0.22,347.48056,1.0
2014-08-07 17:00:00,0.32,162.3448,1.0
2014-08-07 18:00:00,0.44,29.673187,1.0
2014-08-07 19:00:00,0.45,0.0,0.11888888888888889
2014-08-07 20:00:00,0.3,0.0,0.0
2014-08-07 21:00:00,0.33,0.0,0.0
2014-08-07 22:00:00,0.46,0.0,0.0
2014-08-07 23:00:00,0.61,0.0,0.0
2014-08-08 00:00:00,0.39,0.0,0.0
2014-08-08 01:00:00,0.11,0.0,0.0
2014-08-08 02:00:00,0.0,0.0,0.0
2014-08-08 03:00:00,0.0,0.0,0.0
2014-08-08 04:00:00,0.0,0.0,0.0
2014-08-08 05:00:00,0.0,38.567368,0.8936111111111111
2014-08-08 06:00:00,0.0,218.96268,1.0
2014-08-08 07:00:00,0.0,444.00916,1.0
2014-08-08 08:00:00,0.0,658.2831,1.0
2014-08-08 09:00:00,0.05,759.98425,1.0
2014-08-08 10:00:00,0.34,884.72986,1.0
2014-08-08 11:00:00,0.45,964.9322,1.0
2014-08-08 12:00:00,0.43,890.99756,1.0
2014-08-08 13:00:00,0.64,811.9281,1.0
2014-08-08 14:00:00,0.44,708.06885,1.0
2014-08-08 15:00:00,0.63,451.96033,1.0
2014-08-08 16:00:00,0.29,381.08548,1.0
2014-08-08 17:00:00,0.5,195.32307,1.0
2014-08-08 18:00:00,0.39,34.4057,1.0
2014-08-08 19:00:00,0.03,0.0,0.09888888888888889
2014-08-08 20:00:00,0.03,0.0,0.0
2014-08-08 21:00:00,0.22,0.0,0.0
2014-08-08 22:00:00,0.18,0.0,0.0
2014-08-08 23:00:00,0.09,0.0,0.0
2014-08-09 00:00:00,0.08,0.0,0.0
2014-08-09 01:00:00,0.1,0.0,0.0
2014-08-09 02:00:00,0.0,0.0,0.0
2014-08-09 03:00:00,0.01,0.0,0.0
2014-08-09 04:00:00,0.0,0.0,0.0
2014-08-09 05:00:00,0.0,37.807083,0.8780555555555556
2014-08-09 06:00:00,0.0,220.69543,1.0
2014-08-09 07:00:00,0.0,447.0659,1.0
2014-08-09 08:00:00,0.0,660.26056,1.0
2014-08-09 09:00:00,0.06,807.7297,1.0
2014-08-09 10:00:00,0.44,924.5801,1.0
2014-08-09 11:00:00,0.5,945.80005,1.0
2014-08-09 12:00:00,0.57,883.31506,1.0
2014-08-09 13:00:00,0.71,768.04114,1.0
2014-08-09 14:00:00,0.68,594.08716,1.0
2014-08-09 15:00:00,0.82,444.40717,1.0
2014-08-09 16:00:00,0.78,344.8867,1.0
2014-08-09 17:00:00,0.69,192.56483,1.0
2014-08-09 18:00:00,0.55,35.885128,1.0
2014-08-09 19:00:00,0.18,0.0,0.07861111111111112
2014-08-09 20:00:00,0.12,0.0,0.0
2014-08-09 21:00:00,0.17,0.0,0.0
2014-08-09 22:00:00,0.28,0.0,0.0
2014-08-09 23:00:00,0.22,0.0,0.0
2014-08-10 00:00:00,0.08,0.0,0.0
2014-08-10 01:00:00,0.02,0.0,0.0
2014-08-10 02:00:00,0.05,0.0,0.0
2014-08-10 03:00:00,0.12,0.0,0.0
2014-08-10 04:00:00,0.21,0.0,0.0
2014-08-10 05:00:00,0.15,35.153873,0.8622222222222222
2014-08-10 06:00:00,0.51,211.6042,1.0
2014-08-10 07:00:00,0.96,432.42444,1.0
2014-08-10 08:00:00,0.78,643.47894,1.0
2014-08-10 09:00:00,0.44,777.0536,1.0
2014-08-10 10:00:00,0.34,872.4153,1.0
2014-08-10 11:00:00,0.46,992.78674,1.0
2014-08-10 12:00:00,0.5,895.06476,1.0
2014-08-10 13:00:00,0.8,618.3314,1.0
2014-08-10 14:00:00,0.77,575.8758,1.0
2014-08-10 15:00:00,0.63,454.33008,1.0
2014-08-10 16:00:00,0.91,294.06693,1.0
2014-08-10 17:00:00,0.97,156.18312,1.0
2014-08-10 18:00:00,0.84,32.141083,1.0
2014-08-10 19:00:00,0.46,0.0,0.058333333333333334
2014-08-10 20:00:00,0.34,0.0,0.0
2014-08-10 21:00:00,0.27,0.0,0.0
2014-08-10 22:00:00,0.26,0.0,0.0
2014-08-10 23:00:00,0.25,0.0,0.0
2014-08-11 00:00:00,0.07,0.0,0.0
2014-08-11 01:00:00,0.14,0.0,0.0
2014-08-11 02:00:00,0.27,0.0,0.0
2014-08-11 03:00:00,0.36,0.0,0.0
2014-08-11 04:00:00,0.39,0.0,0.0
2014-08-11 05:00:00,0.49,31.510956,0.8466666666666667
2014-08-11 06:00:00,0.16,197.27364,1.0
2014-08-11 07:00:00,0.02,414.38232,1.0
2014-08-11 08:00:00,0.0,654.3699,1.0
2014-08-11 09:00:00,0.0,835.52026,1.0
2014-08-11 10:00:00,0.14,964.88275,1.0
2014-08-11 11:00:00,0.17,1019.3636,1.0
2014-08-11 12:00:00,0.19,928.5708,1.0
2014-08-11 13:00:00,0.25,861.4268,1.0
2014-08-11 14:00:00,0.51,781.1201,1.0
2014-08-11 15:00:00,0.55,521.93835,1.0
2014-08-11 16:00:00,0.54,359.27783,1.0
2014-08-11 17:00:00,0.26,198.13335,1.0
2014-08-11 18:00:00,0.12,28.135431,1.0
2014-08-11 19:00:00,0.04,0.0,0.03777777777777778
2014-08-11 20:00:00,0.0,0.0,0.0
2014-08-11 21:00:00,0.05,0.0,0.0
2014-08-11 22:00:00,0.34,0.0,0.0
2014-08-11 23:00:00,0.16,0.0,0.0
2014-08-12 00:00:00,0.17,0.0,0.0
2014-08-12 01:00:00,0.03,0.0,0.0
2014-08-12 02:00:00,0.0,0.0,0.0
2014-08-12 03:00:00,0.0,0.0,0.0
2014-08-12 04:00:00,0.0,0.0,0.0
2014-08-12 05:00:00,0.0,34.61318,0.8311111111111111
2014-08-12 06:00:00,0.0,215.30367,1.0
2014-08-12 07:00:00,0.0,444.2436,1.0
2014-08-12 08:00:00,0.0,659.8559,1.0
2014-08-12 09:00:00,0.0,839.9313,1.0
2014-08-12 10:00:00,0.0,935.082,1.0
2014-08-12 11:00:00,0.16,1033.3158,1.0
2014-08-12 12:00:00,0.18,1011.6657,1.0
2014-08-12 13:00:00,0.42,924.8557,1.0
2014-08-12 14:00:00,0.53,747.1324,1.0
2014-08-12 15:00:00,0.19,568.7661,1.0
2014-08-12 16:00:00,0.11,370.73453,1.0
2014-08-12 17:00:00,0.09,196.9836,1.0
2014-08-12 18:00:00,0.06,27.255484,1.0
2014-08-12 19:00:00,0.04,0.0,0.016666666666666666
2014-08-12 20:00:00,0.02,0.0,0.0
2014-08-12 21:00:00,0.08,0.0,0.0
2014-08-12 22:00:00,0.33,0.0,0.0
2014-08-12 23:00:00,0.74,0.0,0.0
2014-08-13 00:00:00,0.99,0.0,0.0
2014-08-13 01:00:00,0.98,0.0,0.0
2014-08-13 02:00:00,0.96,0.0,0.0
2014-08-13 03:00:00,0.94,0.0,0.0
2014-08-13 04:00:00,0.85,0.0,0.0
2014-08-13 05:00:00,0.4,30.865654,0.8155555555555556
2014-08-13 06:00:00,0.23,198.08069,1.0
2014-08-13 07:00:00,0.24,415.92523,1.0
2014-08-13 08:00:00,0.79,618.57086,1.0
2014-08-13 09:00:00,0.95,767.64453,1.0
2014-08-13 10:00:00,0.99,929.86523,1.0
2014-08-13 11:00:00,0.99,894.07465,1.0
2014-08-13 12:00:00,0.94,894.0374,1.0
2014-08-13 13:00:00,0.91,805.10693,1.0
2014-08-13 14:00:00,0.7,650.9647,1.0
2014-08-13 15:00:00,0.76,445.6239,1.0
2014-08-13 16:00:00,0.91,317.46713,1.0
2014-08-13 17:00:00,0.97,183.98686,1.0
2014-08-13 18:00:00,1.0,27.659067,0.9955555555555555
2014-08-13 19:00:00,1.0,0.0,0.0
2014-08-13 20:00:00,1.0,0.0,0.0
2014-08-13 21:00:00,1.0,0.0,0.0
2014-08-13 22:00:00,1.0,0.0,0.0
2014-08-13 23:00:00,0.96,0.0,0.0
2014-08-14 00:00:00,0.99,0.0,0.0
2014-08-14 01:00:00,0.96,0.0,0.0
2014-08-14 02:00:00,0.91,0.0,0.0
2014-08-14 03:00:00,0.94,0.0,0.0
2014-08-14 04:00:00,0.94,0.0,0.0
2014-08-14 05:00:00,0.97,21.924105,0.8
2014-08-14 06:00:00,0.86,147.03403,1.0
2014-08-14 07:00:00,0.76,325.5574,1.0
2014-08-14 08:00:00,0.69,523.1676,1.0
2014-08-14 09:00:00,0.5,652.89,1.0
2014-08-14 10:00:00,0.44,788.7288,1.0
2014-08-14 11:00:00,0.36,842.50073,1.0
2014-08-14 12:00:00,0.5,519.4796,1.0
2014-08-14 13:00:00,0.96,393.3043,1.0
2014-08-14 14:00:00,1.0,319.60007,1.0
2014-08-14 15:00:00,0.98,265.52643,1.0
2014-08-14 16:00:00,0.77,250.95242,1.0
2014-08-14 17:00:00,0.69,148.81946,1.0
2014-08-14 18:00:00,0.55,24.093246,0.9738888888888889
2014-08-14 19:00:00,0.5,0.0,0.0
2014-08-14 20:00:00,0.35,0.0,0.0
2014-08-14 21:00:00,0.5,0.0,0.0
2014-08-14 22:00:00,0.26,0.0,0.0
2014-08-14 23:00:00,0.18,0.0,0.0
2014-08-15 00:00:00,0.06,0.0,0.0
2014-08-15 01:00:00,0.05,0.0,0.0
2014-08-15 02:00:00,0.05,0.0,0.0
2014-08-15 03:00:00,0.0,0.0,0.0
2014-08-15 04:00:00,0.01,0.0,0.0
2014-08-15 05:00:00,0.05,30.293879,0.7844444444444445
2014-08-15 06:00:00,0.05,205.46593,1.0
2014-08-15 07:00:00,0.01,430.46426,1.0
2014-08-15 08:00:00,0.04,643.0406,1.0
2014-08-15 09:00:00,0.04,796.6032,1.0
2014-08-15 10:00:00,0.03,891.71216,1.0
2014-08-15 11:00:00,0.13,963.049,1.0
2014-08-15 12:00:00,0.34,958.2744,1.0
2014-08-15 13:00:00,0.49,819.65533,1.0
2014-08-15 14:00:00,0.33,701.2116,1.0
2014-08-15 15:00:00,0.67,565.12244,1.0
2014-08-15 16:00:00,0.73,367.8652,1.0
2014-08-15 17:00:00,0.63,175.3023,1.0
2014-08-15 18:00:00,0.58,23.119736,0.9519444444444445
2014-08-15 19:00:00,0.47,0.0,0.0
2014-08-15 20:00:00,0.52,0.0,0.0
2014-08-15 21:00:00,0.59,0.0,0.0
2014-08-15 22:00:00,0.32,0.0,0.0
2014-08-15 23:00:00,0.08,0.0,0.0
2014-08-16 00:00:00,0.03,0.0,0.0
2014-08-16 01:00:00,0.0,0.0,0.0
2014-08-16 02:00:00,0.0,0.0,0.0
2014-08-16 03:00:00,0.45,0.0,0.0
2014-08-16 04:00:00,0.27,0.0,0.0
2014-08-16 05:00:00,0.19,28.49354,0.7688888888888888
2014-08-16 06:00:00,0.25,204.0892,1.0
2014-08-16 07:00:00,0.12,431.37088,1.0
2014-08-16 08:00:00,0.03,648.53015,1.0
2014-08-16 09:00:00,0.09,825.1071,1.0
2014-08-16 10:00:00,0.23,926.48865,1.0
2014-08-16 11:00:00,0.21,927.3313,1.0
2014-08-16 12:00:00,0.19,983.96356,1.0
2014-08-16 13:00:00,0.39,887.3592,1.0
2014-08-16 14:00:00,0.28,752.70856,1.0
2014-08-16 15:00:00,0.29,554.92957,1.0
2014-08-16 16:00:00,0.4,375.4316,1.0
2014-08-16 17:00:00,0.26,161.16335,1.0
2014-08-16 18:00:00,0.04,23.552435,0.9294444444444444
2014-08-16 19:00:00,0.02,0.0,0.0
2014-08-16 20:00:00,0.0,0.0,0.0
2014-08-16 21:00:00,0.0,0.0,0.0
2014-08-16 22:00:00,0.0,0.0,0.0
2014-08-16 23:00:00,0.0,0.0,0.0
2014-08-17 00:00:00,0.0,0.0,0.0
2014-08-17 01:00:00,0.0,0.0,0.0
2014-08-17 02:00:00,0.0,0.0,0.0
2014-08-17 03:00:00,0.0,0.0,0.0
2014-08-17 04:00:00,0.0,0.0,0.0
2014-08-17 05:00:00,0.0,28.717585,0.7530555555555556
2014-08-17 06:00:00,0.0,208.10747,1.0
2014-08-17 07:00:00,0.0,439.13956,1.0
2014-08-17 08:00:00,0.0,656.26263,1.0
2014-08-17 09:00:00,0.0,810.4781,1.0
2014-08-17 10:00:00,0.45,928.99066,1.0
2014-08-17 11:00:00,0.67,934.0383,1.0
2014-08-17 12:00:00,0.66,883.7949,1.0
2014-08-17 13:00:00,0.62,804.0663,1.0
2014-08-17 14:00:00,0.6,703.5065,1.0
2014-08-17 15:00:00,0.87,544.5095,1.0
2014-08-17 16:00:00,0.84,308.5929,1.0
2014-08-17 17:00:00,0.36,124.502975,1.0
2014-08-17 18:00:00,0.05,19.885147,0.9063888888888889
2014-08-17 19:00:00,0.02,0.0,0.0
2014-08-17 20:00:00,0.02,0.0,0.0
2014-08-17 21:00:00,0.02,0.0,0.0
2014-08-17 22:00:00,0.0,0.0,0.0
2014-08-17 23:00:00,0.08,0.0,0.0
2014-08-18 00:00:00,0.14,0.0,0.0
2014-08-18 01:00:00,0.03,0.0,0.0
2014-08-18 02:00:00,0.0,0.0,0.0
2014-08-18 03:00:00,0.18,0.0,0.0
2014-08-18 04:00:00,0.15,0.0,0.0
2014-08-18 05:00:00,0.2,26.898287,0.7375
2014-08-18 06:00:00,0.08,204.58484,1.0
2014-08-18 07:00:00,0.02,434.58704,1.0
2014-08-18 08:00:00,0.0,652.8005,1.0
2014-08-18 09:00:00,0.01,814.8042,1.0
2014-08-18 10:00:00,0.13,876.39484,1.0
2014-08-18 11:00:00,0.26,998.6428,1.0
2014-08-18 12:00:00,0.38,864.7109,1.0
2014-08-18 13:00:00,0.7,608.5995,1.0
2014-08-18 14:00:00,0.74,427.29214,1.0
2014-08-18 15:00:00,0.9,260.9385,1.0
2014-08-18 16:00:00,0.85,300.6241,1.0
2014-08-18 17:00:00,0.76,145.47545,1.0
2014-08-18 18:00:00,0.32,18.835838,0.8833333333333333
2014-08-18 19:00:00,0.22,0.0,0.0
2014-08-18 20:00:00,0.47,0.0,0.0
2014-08-18 21:00:00,0.9,0.0,0.0
2014-08-18 22:00:00,0.92,0.0,0.0
2014-08-18 23:00:00,0.13,0.0,0.0
2014-08-19 00:00:00,0.11,0.0,0.0
2014-08-19 01:00:00,0.82,0.0,0.0
2014-08-19 02:00:00,0.97,0.0,0.0
2014-08-19 03:00:00,1.0,0.0,0.0
2014-08-19 04:00:00,0.99,0.0,0.0
2014-08-19 05:00:00,1.0,19.206367,0.7216666666666667
2014-08-19 06:00:00,0.99,135.35762,1.0
2014-08-19 07:00:00,0.01,222.99323,1.0
2014-08-19 08:00:00,0.0,330.3353,1.0
2014-08-19 09:00:00,0.29,461.6151,1.0
2014-08-19 10:00:00,0.87,610.52783,1.0
2014-08-19 11:00:00,0.86,955.60205,1.0
2014-08-19 12:00:00,0.6,855.07837,1.0
2014-08-19 13:00:00,0.72,693.0161,1.0
2014-08-19 14:00:00,0.63,617.2235,1.0
2014-08-19 15:00:00,0.64,455.34308,1.0
2014-08-19 16:00:00,0.85,266.03613,1.0
2014-08-19 17:00:00,0.89,106.559616,1.0
2014-08-19 18:00:00,0.8,19.07799,0.8597222222222223
2014-08-19 19:00:00,0.94,0.0,0.0
2014-08-19 20:00:00,0.97,0.0,0.0
2014-08-19 21:00:00,0.97,0.0,0.0
2014-08-19 22:00:00,0.98,0.0,0.0
2014-08-19 23:00:00,0.98,0.0,0.0
2014-08-20 00:00:00,0.98,0.0,0.0
2014-08-20 01:00:00,0.99,0.0,0.0
2014-08-20 02:00:00,0.96,0.0,0.0
2014-08-20 03:00:00,0.78,0.0,0.0
2014-08-20 04:00:00,0.72,0.0,0.0
2014-08-20 05:00:00,0.33,20.738504,0.7058333333333333
2014-08-20 06:00:00,0.13,187.80801,1.0
2014-08-20 07:00:00,0.05,410.0671,1.0
2014-08-20 08:00:00,0.03,586.3851,1.0
2014-08-20 09:00:00,0.13,717.76776,1.0
2014-08-20 10:00:00,0.28,838.9716,1.0
2014-08-20 11:00:00,0.19,894.29205,1.0
2014-08-20 12:00:00,0.51,884.13043,1.0
2014-08-20 13:00:00,0.73,815.83295,1.0
2014-08-20 14:00:00,0.96,541.2917,1.0
2014-08-20 15:00:00,0.63,326.60324,1.0
2014-08-20 16:00:00,0.67,214.35089,1.0
2014-08-20 17:00:00,0.47,89.192566,1.0
2014-08-20 18:00:00,0.31,14.168555,0.8358333333333333
2014-08-20 19:00:00,0.31,0.0,0.0
2014-08-20 20:00:00,0.33,0.0,0.0
2014-08-20 21:00:00,0.39,0.0,0.0
2014-08-20 22:00:00,0.17,0.0,0.0
2014-08-20 23:00:00,0.14,0.0,0.0
2014-08-21 00:00:00,0.05,0.0,0.0
2014-08-21 01:00:00,0.01,0.0,0.0
2014-08-21 02:00:00,0.0,0.0,0.0
2014-08-21 03:00:00,0.0,0.0,0.0
2014-08-21 04:00:00,0.0,0.0,0.0
2014-08-21 05:00:00,0.04,23.2025,0.6902777777777778
2014-08-21 06:00:00,0.22,191.13966,1.0
2014-08-21 07:00:00,0.26,419.41797,1.0
2014-08-21 08:00:00,0.72,633.088,1.0
2014-08-21 09:00:00,0.71,813.76996,1.0
2014-08-21 10:00:00,0.71,938.024,1.0
2014-08-21 11:00:00,0.65,934.02985,1.0
2014-08-21 12:00:00,0.71,931.03046,1.0
2014-08-21 13:00:00,0.87,741.3159,1.0
2014-08-21 14:00:00,0.7,650.31213,1.0
2014-08-21 15:00:00,0.78,431.16776,1.0
2014-08-21 16:00:00,0.99,256.59485,1.0
2014-08-21 17:00:00,0.65,110.50982,1.0
2014-08-21 18:00:00,0.42,18.245872,0.8116666666666666
2014-08-21 19:00:00,0.32,0.0,0.0
2014-08-21 20:00:00,0.22,0.0,0.0
2014-08-21 21:00:00,0.26,0.0,0.0
2014-08-21 22:00:00,0.83,0.0,0.0
2014-08-21 23:00:00,0.7,0.0,0.0
2014-08-22 00:00:00,0.3,0.0,0.0
2014-08-22 01:00:00,0.38,0.0,0.0
2014-08-22 02:00:00,0.69,0.0,0.0
2014-08-22 03:00:00,0.85,0.0,0.0
2014-08-22 04:00:00,0.9,0.0,0.0
2014-08-22 05:00:00,0.98,12.18279,0.6744444444444444
2014-08-22 06:00:00,1.0,74.71755,1.0
2014-08-22 07:00:00,0.99,115.91609,1.0
2014-08-22 08:00:00,1.0,252.05804,1.0
2014-08-22 09:00:00,1.0,521.88715,1.0
2014-08-22 10:00:00,1.0,623.46375,1.0
2014-08-22 11:00:00,1.0,410.01218,1.0
2014-08-22 12:00:00,1.0,378.40918,1.0
2014-08-22 13:00:00,0.98,242.99649,1.0
2014-08-22 14:00:00,0.99,119.380104,1.0
2014-08-22 15:00:00,0.98,185.87906,1.0
2014-08-22 16:00:00,0.81,172.51236,1.0
2014-08-22 17:00:00,0.95,66.87693,1.0
2014-08-22 18:00:00,0.99,15.902769,0.7872222222222223
2014-08-22 19:00:00,1.0,0.0,0.0
2014-08-22 20:00:00,1.0,0.0,0.0
2014-08-22 21:00:00,1.0,0.0,0.0
2014-08-22 22:00:00,0.99,0.0,0.0
2014-08-22 23:00:00,0.68,0.0,0.0
2014-08-23 00:00:00,0.43,0.0,0.0
2014-08-23 01:00:00,0.91,0.0,0.0
2014-08-23 02:00:00,1.0,0.0,0.0
2014-08-23 03:00:00,0.76,0.0,0.0
2014-08-23 04:00:00,0.75,0.0,0.0
2014-08-23 05:00:00,0.33,16.773434,0.6586111111111111
2014-08-23 06:00:00,0.27,161.72383,1.0
2014-08-23 07:00:00,0.48,366.90247,1.0
2014-08-23 08:00:00,0.22,565.5967,1.0
2014-08-23 09:00:00,0.06,733.5708,1.0
2014-08-23 10:00:00,0.2,883.0405,1.0
2014-08-23 11:00:00,0.42,935.41846,1.0
2014-08-23 12:00:00,0.71,699.3905,1.0
2014-08-23 13:00:00,0.77,704.53265,1.0
2014-08-23 14:00:00,0.61,522.58295,1.0
2014-08-23 15:00:00,0.44,396.0214,1.0
2014-08-23 16:00:00,0.18,348.33917,1.0
2014-08-23 17:00:00,0.2,157.68408,1.0
2014-08-23 18:00:00,0.22,13.836375,0.7625
2014-08-23 19:00:00,0.36,0.0,0.0
2014-08-23 20:00:00,0.31,0.0,0.0
2014-08-23 21:00:00,0.15,0.0,0.0
2014-08-23 22:00:00,0.2,0.0,0.0
2014-08-23 23:00:00,0.02,0.0,0.0
2014-08-24 00:00:00,0.0,0.0,0.0
2014-08-24 01:00:00,0.0,0.0,0.0
2014-08-24 02:00:00,0.01,0.0,0.0
2014-08-24 03:00:00,0.01,0.0,0.0
2014-08-24 04:00:00,0.0,0.0,0.0
2014-08-24 05:00:00,0.0,19.358912,0.6430555555555556
2014-08-24 06:00:00,0.01,182.06102,1.0
2014-08-24 07:00:00,0.0,415.60284,1.0
2014-08-24 08:00:00,0.0,636.9721,1.0
2014-08-24 09:00:00,0.0,807.16724,1.0
2014-08-24 10:00:00,0.0,910.079,1.0
2014-08-24 11:00:00,0.23,938.8564,1.0
2014-08-24 12:00:00,0.12,920.5111,1.0
2014-08-24 13:00:00,0.24,854.6504,1.0
2014-08-24 14:00:00,0.46,765.2627,1.0
2014-08-24 15:00:00,0.44,525.8823,1.0
2014-08-24 16:00:00,0.44,360.73566,1.0
2014-08-24 17:00:00,0.22,142.00252,1.0
2014-08-24 18:00:00,0.38,12.654272,0.7377777777777778
2014-08-24 19:00:00,0.27,0.0,0.0
2014-08-24 20:00:00,0.17,0.0,0.0
2014-08-24 21:00:00,0.13,0.0,0.0
2014-08-24 22:00:00,0.08,0.0,0.0
2014-08-24 23:00:00,0.02,0.0,0.0
2014-08-25 00:00:00,0.02,0.0,0.0
2014-08-25 01:00:00,0.04,0.0,0.0
2014-08-25 02:00:00,0.08,0.0,0.0
2014-08-25 03:00:00,0.0,0.0,0.0
2014-08-25 04:00:00,0.0,0.0,0.0
2014-08-25 05:00:00,0.0,18.534582,0.6272222222222222
2014-08-25 06:00:00,0.04,183.15118,1.0
2014-08-25 07:00:00,0.12,389.74234,1.0
2014-08-25 08:00:00,0.42,588.6968,1.0
2014-08-25 09:00:00,0.81,704.06366,1.0
2014-08-25 10:00:00,0.93,748.3635,1.0
2014-08-25 11:00:00,0.91,897.85315,1.0
2014-08-25 12:00:00,0.9,795.47723,1.0
2014-08-25 13:00:00,0.76,610.2573,1.0
2014-08-25 14:00:00,0.81,542.78174,1.0
2014-08-25 15:00:00,0.9,446.39404,1.0
2014-08-25 16:00:00,0.82,224.00395,1.0
2014-08-25 17:00:00,0.91,77.18272,1.0
2014-08-25 18:00:00,0.46,12.636213,0.7127777777777777
2014-08-25 19:00:00,0.36,0.0,0.0
2014-08-25 20:00:00,0.19,0.0,0.0
2014-08-25 21:00:00,0.35,0.0,0.0
2014-08-25 22:00:00,0.56,0.0,0.0
2014-08-25 23:00:00,0.51,0.0,0.0
2014-08-26 00:00:00,0.58,0.0,0.0
2014-08-26 01:00:00,0.73,0.0,0.0
2014-08-26 02:00:00,0.66,0.0,0.0
2014-08-26 03:00:00,0.57,0.0,0.0
2014-08-26 04:00:00,0.81,0.0,0.0
2014-08-26 05:00:00,0.9,12.532119,0.6116666666666667
2014-08-26 06:00:00,0.96,116.92384,1.0
2014-08-26 07:00:00,0.9,243.18767,1.0
2014-08-26 08:00:00,0.95,360.63458,1.0
2014-08-26 09:00:00,0.97,457.70697,1.0
2014-08-26 10:00:00,0.88,643.3109,1.0
2014-08-26 11:00:00,0.67,822.90326,1.0
2014-08-26 12:00:00,0.74,518.24915,1.0
2014-08-26 13:00:00,0.97,446.5868,1.0
2014-08-26 14:00:00,0.95,301.9821,1.0
2014-08-26 15:00:00,0.98,121.26918,1.0
2014-08-26 16:00:00,0.99,71.56246,1.0
2014-08-26 17:00:00,1.0,42.738693,1.0
2014-08-26 18:00:00,1.0,4.9696155,0.6875
2014-08-26 19:00:00,1.0,0.0,0.0
2014-08-26 20:00:00,1.0,0.0,0.0
2014-08-26 21:00:00,1.0,0.0,0.0
2014-08-26 22:00:00,0.98,0.0,0.0
2014-08-26 23:00:00,0.92,0.0,0.0
2014-08-27 00:00:00,0.6,0.0,0.0
2014-08-27 01:00:00,0.79,0.0,0.0
2014-08-27 02:00:00,0.97,0.0,0.0
2014-08-27 03:00:00,0.76,0.0,0.0
2014-08-27 04:00:00,0.99,0.0,0.0
2014-08-27 05:00:00,0.95,11.599933,0.5958333333333333
2014-08-27 06:00:00,0.71,158.07928,1.0
2014-08-27 07:00:00,0.63,333.54822,1.0
2014-08-27 08:00:00,0.49,556.23346,1.0
2014-08-27 09:00:00,0.11,703.38116,1.0
2014-08-27 10:00:00,0.49,875.3866,1.0
2014-08-27 11:00:00,0.55,801.0067,1.0
2014-08-27 12:00:00,0.57,844.7961,1.0
2014-08-27 13:00:00,0.78,782.46924,1.0
2014-08-27 14:00:00,0.72,664.5163,1.0
2014-08-27 15:00:00,0.55,500.5951,1.0
2014-08-27 16:00:00,0.45,307.84576,1.0
2014-08-27 17:00:00,0.2,127.61238,1.0
2014-08-27 18:00:00,0.05,8.522762,0.6622222222222223
2014-08-27 19:00:00,0.18,0.0,0.0
2014-08-27 20:00:00,0.51,0.0,0.0
2014-08-27 21:00:00,0.57,0.0,0.0
2014-08-27 22:00:00,0.37,0.0,0.0
2014-08-27 23:00:00,0.05,0.0,0.0
2014-08-28 00:00:00,0.03,0.0,0.0
2014-08-28 01:00:00,0.0,0.0,0.0
2014-08-28 02:00:00,0.01,0.0,0.0
2014-08-28 03:00:00,0.52,0.0,0.0
2014-08-28 04:00:00,0.4,0.0,0.0
2014-08-28 05:00:00,0.39,14.383693,0.5802777777777778
2014-08-28 06:00:00,0.22,157.60367,1.0
2014-08-28 07:00:00,0.29,359.80014,1.0
2014-08-28 08:00:00,0.23,564.7154,1.0
2014-08-28 09:00:00,0.28,736.9435,1.0
2014-08-28 10:00:00,0.67,768.5288,1.0
2014-08-28 11:00:00,0.93,570.6453,1.0
2014-08-28 12:00:00,0.98,594.7248,1.0
2014-08-28 13:00:00,1.0,489.51566,1.0
2014-08-28 14:00:00,1.0,289.25104,1.0
2014-08-28 15:00:00,0.91,330.9158,1.0
2014-08-28 16:00:00,0.78,235.15303,1.0
2014-08-28 17:00:00,0.34,111.49894,1.0
2014-08-28 18:00:00,0.15,9.383687,0.6369444444444444
2014-08-28 19:00:00,0.07,0.0,0.0
2014-08-28 20:00:00,0.08,0.0,0.0
2014-08-28 21:00:00,0.03,0.0,0.0
2014-08-28 22:00:00,0.03,0.0,0.0
2014-08-28 23:00:00,0.03,0.0,0.0
2014-08-29 00:00:00,0.01,0.0,0.0
2014-08-29 01:00:00,0.0,0.0,0.0
2014-08-29 02:00:00,0.0,0.0,0.0
2014-08-29 03:00:00,0.04,0.0,0.0
2014-08-29 04:00:00,0.0,0.0,0.0
2014-08-29 05:00:00,0.0,14.78498,0.5647222222222222
2014-08-29 06:00:00,0.0,177.81479,1.0
2014-08-29 07:00:00,0.0,406.90677,1.0
2014-08-29 08:00:00,0.0,625.20886,1.0
2014-08-29 09:00:00,0.01,789.6454,1.0
2014-08-29 10:00:00,0.47,726.7407,1.0
2014-08-29 11:00:00,0.43,875.29126,1.0
2014-08-29 12:00:00,0.34,913.1965,1.0
2014-08-29 13:00:00,0.3,800.36395,1.0
2014-08-29 14:00:00,0.64,693.91156,1.0
2014-08-29 15:00:00,0.59,436.10715,1.0
2014-08-29 16:00:00,0.73,229.66951,1.0
2014-08-29 17:00:00,0.44,102.604866,1.0
2014-08-29 18:00:00,0.42,9.130019,0.6113888888888889
2014-08-29 19:00:00,0.44,0.0,0.0
2014-08-29 20:00:00,0.46,0.0,0.0
2014-08-29 21:00:00,0.19,0.0,0.0
2014-08-29 22:00:00,0.06,0.0,0.0
2014-08-29 23:00:00,0.04,0.0,0.0
2014-08-30 00:00:00,0.0,0.0,0.0
2014-08-30 01:00:00,0.0,0.0,0.0
2014-08-30 02:00:00,0.0,0.0,0.0
2014-08-30 03:00:00,0.0,0.0,0.0
2014-08-30 04:00:00,0.0,0.0,0.0
2014-08-30 05:00:00,0.0,14.9496565,0.5491666666666667
2014-08-30 06:00:00,0.0,177.73116,1.0
2014-08-30 07:00:00,0.0,410.3103,1.0
2014-08-30 08:00:00,0.0,630.9181,1.0
2014-08-30 09:00:00,0.01,810.7834,1.0
2014-08-30 10:00:00,0.17,875.8719,1.0
2014-08-30 11:00:00,0.44,945.0928,1.0
2014-08-30 12:00:00,0.37,888.6839,1.0
2014-08-30 13:00:00,0.41,830.9133,1.0
2014-08-30 14:00:00,0.26,672.3763,1.0
2014-08-30 15:00:00,0.63,493.76187,1.0
2014-08-30 16:00:00,0.98,299.2064,1.0
2014-08-30 17:00:00,0.99,89.066315,1.0
2014-08-30 18:00:00,0.99,6.9574614,0.5858333333333333
2014-08-30 19:00:00,1.0,0.0,0.0
2014-08-30 20:00:00,0.94,0.0,0.0
2014-08-30 21:00:00,0.5,0.0,0.0
2014-08-30 22:00:00,0.02,0.0,0.0
2014-08-30 23:00:00,0.0,0.0,0.0
2014-08-31 00:00:00,0.53,0.0,0.0
2014-08-31 01:00:00,0.63,0.0,0.0
2014-08-31 02:00:00,0.23,0.0,0.0
2014-08-31 03:00:00,0.75,0.0,0.0
2014-08-31 04:00:00,0.71,0.0,0.0
2014-08-31 05:00:00,0.3,10.568063,0.5336111111111111
2014-08-31 06:00:00,0.04,157.1605,1.0
2014-08-31 07:00:00,0.01,387.90588,1.0
2014-08-31 08:00:00,0.09,539.20953,1.0
2014-08-31 09:00:00,0.51,677.1335,1.0
2014-08-31 10:00:00,0.7,822.5384,1.0
2014-08-31 11:00:00,0.38,845.7536,1.0
2014-08-31 12:00:00,0.54,762.41736,1.0
2014-08-31 13:00:00,0.88,701.2343,1.0
2014-08-31 14:00:00,0.25,671.56976,1.0
2014-08-31 15:00:00,0.29,491.25546,1.0
2014-08-31 16:00:00,0.87,236.53697,1.0
2014-08-31 17:00:00,0.23,101.87026,1.0
2014-08-31 18:00:00,0.25,6.965058,0.5602777777777778
2014-08-31 19:00:00,0.0,0.0,0.0
2014-08-31 20:00:00,0.0,0.0,0.0
2014-08-31 21:00:00,0.0,0.0,0.0
2014-08-31 22:00:00,0.01,0.0,0.0
2014-08-31 23:00:00,0.09,0.0,0.0
2014-09-01 00:00:00,0.62,0.0,0.0
2014-09-01 01:00:00,0.62,0.0,0.0
2014-09-01 02:00:00,0.62,0.0,0.0
2014-09-01 03:00:00,0.14,0.0,0.0
2014-09-01 04:00:00,0.0,0.0,0.0
2014-09-01 05:00:00,0.0,11.299948,0.5180555555555556
2014-09-01 06:00:00,0.0,161.70781,1.0
2014-09-01 07:00:00,0.0,317.14746,1.0
2014-09-01 08:00:00,0.0,544.7953,1.0
2014-09-01 09:00:00,0.0,720.0091,1.0
2014-09-01 10:00:00,0.23,823.5362,1.0
2014-09-01 11:00:00,0.13,856.2374,1.0
2014-09-01 12:00:00,0.17,717.7598,1.0
2014-09-01 13:00:00,0.25,857.0853,1.0
2014-09-01 14:00:00,0.15,766.40784,1.0
2014-09-01 15:00:00,0.31,571.19543,1.0
2014-09-01 16:00:00,0.29,341.13452,1.0
2014-09-01 17:00:00,0.02,124.031,1.0
2014-09-01 18:00:00,0.0,5.972654,0.535
2014-09-01 19:00:00,0.0,0.0,0.0
2014-09-01 20:00:00,0.0,0.0,0.0
2014-09-01 21:00:00,0.0,0.0,0.0
2014-09-01 22:00:00,0.0,0.0,0.0
2014-09-01 23:00:00,0.0,0.0,0.0
2014-09-02 00:00:00,0.0,0.0,0.0
2014-09-02 01:00:00,0.0,0.0,0.0
2014-09-02 02:00:00,0.0,0.0,0.0
2014-09-02 03:00:00,0.0,0.0,0.0
2014-09-02 04:00:00,0.0,0.0,0.0
2014-09-02 05:00:00,0.0,11.775192,0.5025
2014-09-02 06:00:00,0.0,173.63042,1.0
2014-09-02 07:00:00,0.0,407.83792,1.0
2014-09-02 08:00:00,0.0,639.4446,1.0
2014-09-02 09:00:00,0.0,819.148,1.0
2014-09-02 10:00:00,0.0,940.45996,1.0
2014-09-02 11:00:00,0.0,1000.06213,1.0
2014-09-02 12:00:00,0.0,985.21655,1.0
2014-09-02 13:00:00,0.03,900.57495,1.0
2014-09-02 14:00:00,0.1,757.6771,1.0
2014-09-02 15:00:00,0.05,510.7002,1.0
2014-09-02 16:00:00,0.09,319.30896,1.0
2014-09-02 17:00:00,0.16,120.20244,1.0
2014-09-02 18:00:00,0.08,5.9711347,0.5091666666666667
2014-09-02 19:00:00,0.0,0.0,0.0
2014-09-02 20:00:00,0.0,0.0,0.0
2014-09-02 21:00:00,0.0,0.0,0.0
2014-09-02 22:00:00,0.0,0.0,0.0
2014-09-02 23:00:00,0.0,0.0,0.0
2014-09-03 00:00:00,0.0,0.0,0.0
2014-09-03 01:00:00,0.0,0.0,0.0
2014-09-03 02:00:00,0.0,0.0,0.0
2014-09-03 03:00:00,0.0,0.0,0.0
2014-09-03 04:00:00,0.0,0.0,0.0
2014-09-03 05:00:00,0.0,10.923792,0.48694444444444446
2014-09-03 06:00:00,0.0,168.78348,1.0
2014-09-03 07:00:00,0.0,401.22925,1.0
2014-09-03 08:00:00,0.0,623.4935,1.0
2014-09-03 09:00:00,0.0,805.6847,1.0
2014-09-03 10:00:00,0.05,931.82855,1.0
2014-09-03 11:00:00,0.15,916.94836,1.0
2014-09-03 12:00:00,0.04,905.6735,1.0
2014-09-03 13:00:00,0.17,865.5354,1.0
2014-09-03 14:00:00,0.2,731.4614,1.0
2014-09-03 15:00:00,0.65,514.4607,1.0
2014-09-03 16:00:00,0.72,269.73373,1.0
2014-09-03 17:00:00,0.66,99.82826,1.0
2014-09-03 18:00:00,0.14,4.974173,0.48333333333333334
2014-09-03 19:00:00,0.04,0.0,0.0
2014-09-03 20:00:00,0.0,0.0,0.0
2014-09-03 21:00:00,0.0,0.0,0.0
2014-09-03 22:00:00,0.0,0.0,0.0
2014-09-03 23:00:00,0.05,0.0,0.0
2014-09-04 00:00:00,0.06,0.0,0.0
2014-09-04 01:00:00,0.0,0.0,0.0
2014-09-04 02:00:00,0.0,0.0,0.0
2014-09-04 03:00:00,0.05,0.0,0.0
2014-09-04 04:00:00,0.02,0.0,0.0
2014-09-04 05:00:00,0.25,10.648641,0.4716666666666667
2014-09-04 06:00:00,0.61,167.57053,1.0
2014-09-04 07:00:00,0.47,393.2422,1.0
2014-09-04 08:00:00,0.9,596.42163,1.0
2014-09-04 09:00:00,0.95,743.0977,1.0
2014-09-04 10:00:00,0.83,628.5939,1.0
2014-09-04 11:00:00,0.95,903.6461,1.0
2014-09-04 12:00:00,0.98,765.6444,1.0
2014-09-04 13:00:00,1.0,560.92346,1.0
2014-09-04 14:00:00,1.0,265.18558,1.0
2014-09-04 15:00:00,1.0,222.2773,1.0
2014-09-04 16:00:00,1.0,123.979866,1.0
2014-09-04 17:00:00,1.0,57.01005,1.0
2014-09-04 18:00:00,1.0,3.9756923,0.45694444444444443
2014-09-04 19:00:00,1.0,0.0,0.0
2014-09-04 20:00:00,1.0,0.0,0.0
2014-09-04 21:00:00,1.0,0.0,0.0
2014-09-04 22:00:00,1.0,0.0,0.0
2014-09-04 23:00:00,1.0,0.0,0.0
2014-09-05 00:00:00,1.0,0.0,0.0
2014-09-05 01:00:00,1.0,0.0,0.0
2014-09-05 02:00:00,1.0,0.0,0.0
2014-09-05 03:00:00,1.0,0.0,0.0
2014-09-05 04:00:00,1.0,0.0,0.0
2014-09-05 05:00:00,0.99,2.981769,0.45611111111111113
2014-09-05 06:00:00,1.0,100.407196,1.0
2014-09-05 07:00:00,0.99,262.63162,1.0
2014-09-05 08:00:00,1.0,436.0823,1.0
2014-09-05 09:00:00,1.0,409.50894,1.0
2014-09-05 10:00:00,0.99,583.69006,1.0
2014-09-05 11:00:00,0.89,451.0565,1.0
2014-09-05 12:00:00,1.0,539.1522,1.0
2014-09-05 13:00:00,1.0,491.95786,1.0
2014-09-05 14:00:00,0.92,424.0041,1.0
2014-09-05 15:00:00,0.76,362.43063,1.0
2014-09-05 16:00:00,0.94,236.77129,1.0
2014-09-05 17:00:00,0.69,71.727615,1.0
2014-09-05 18:00:00,1.0,2.981769,0.4305555555555556
2014-09-05 19:00:00,1.0,0.0,0.0
2014-09-05 20:00:00,1.0,0.0,0.0
2014-09-05 21:00:00,0.99,0.0,0.0
2014-09-05 22:00:00,0.65,0.0,0.0
2014-09-05 23:00:00,0.67,0.0,0.0
2014-09-06 00:00:00,0.76,0.0,0.0
2014-09-06 01:00:00,0.58,0.0,0.0
2014-09-06 02:00:00,0.17,0.0,0.0
2014-09-06 03:00:00,0.3,0.0,0.0
2014-09-06 04:00:00,0.99,0.0,0.0
2014-09-06 05:00:00,0.81,6.946342,0.44083333333333335
2014-09-06 06:00:00,0.88,139.37596,1.0
2014-09-06 07:00:00,0.71,329.58206,1.0
2014-09-06 08:00:00,0.65,420.1052,1.0
2014-09-06 09:00:00,0.63,575.95105,1.0
2014-09-06 10:00:00,0.68,746.34766,1.0
2014-09-06 11:00:00,0.82,633.6074,1.0
2014-09-06 12:00:00,0.85,648.9588,1.0
2014-09-06 13:00:00,0.82,729.18225,1.0
2014-09-06 14:00:00,0.89,560.522,1.0
2014-09-06 15:00:00,0.74,420.94424,1.0
2014-09-06 16:00:00,0.63,279.05914,1.0
2014-09-06 17:00:00,0.69,87.394615,1.0
2014-09-06 18:00:00,0.56,2.9848075,0.4036111111111111
2014-09-06 19:00:00,0.31,0.0,0.0
2014-09-06 20:00:00,0.19,0.0,0.0
2014-09-06 21:00:00,0.21,0.0,0.0
2014-09-06 22:00:00,0.13,0.0,0.0
2014-09-06 23:00:00,0.03,0.0,0.0
2014-09-07 00:00:00,0.04,0.0,0.0
2014-09-07 01:00:00,0.05,0.0,0.0
2014-09-07 02:00:00,0.05,0.0,0.0
2014-09-07 03:00:00,0.27,0.0,0.0
2014-09-07 04:00:00,0.36,0.0,0.0
2014-09-07 05:00:00,0.08,7.5449424,0.42527777777777775
2014-09-07 06:00:00,0.01,157.28326,1.0
2014-09-07 07:00:00,0.04,388.6857,1.0
2014-09-07 08:00:00,0.0,609.31555,1.0
2014-09-07 09:00:00,0.0,785.61694,1.0
2014-09-07 10:00:00,0.27,811.19293,1.0
2014-09-07 11:00:00,0.37,862.4293,1.0
2014-09-07 12:00:00,0.28,840.75665,1.0
2014-09-07 13:00:00,0.33,769.4142,1.0
2014-09-07 14:00:00,0.32,646.6818,1.0
2014-09-07 15:00:00,0.28,477.1443,1.0
2014-09-07 16:00:00,0.1,297.8017,1.0
2014-09-07 17:00:00,0.16,91.31948,1.0
2014-09-07 18:00:00,0.06,2.9848075,0.37666666666666665
2014-09-07 19:00:00,0.01,0.0,0.0
2014-09-07 20:00:00,0.01,0.0,0.0
2014-09-07 21:00:00,0.03,0.0,0.0
2014-09-07 22:00:00,0.0,0.0,0.0
2014-09-07 23:00:00,0.0,0.0,0.0
2014-09-08 00:00:00,0.0,0.0,0.0
2014-09-08 01:00:00,0.0,0.0,0.0
2014-09-08 02:00:00,0.0,0.0,0.0
2014-09-08 03:00:00,0.01,0.0,0.0
2014-09-08 04:00:00,0.01,0.0,0.0
2014-09-08 05:00:00,0.12,7.093576,0.4097222222222222
2014-09-08 06:00:00,0.44,153.28711,1.0
2014-09-08 07:00:00,0.33,378.7279,1.0
2014-09-08 08:00:00,0.28,581.61017,1.0
2014-09-08 09:00:00,0.58,768.3473,1.0
2014-09-08 10:00:00,0.82,878.9356,1.0
2014-09-08 11:00:00,0.9,590.524,1.0
2014-09-08 12:00:00,0.89,623.1906,1.0
2014-09-08 13:00:00,0.95,651.63354,1.0
2014-09-08 14:00:00,0.96,524.7328,1.0
2014-09-08 15:00:00,0.94,230.3226,1.0
2014-09-08 16:00:00,0.83,156.82617,1.0
2014-09-08 17:00:00,0.64,44.751373,1.0
2014-09-08 18:00:00,0.42,1.9893655,0.34944444444444445
2014-09-08 19:00:00,0.6,0.0,0.0
2014-09-08 20:00:00,0.75,0.0,0.0
2014-09-08 21:00:00,0.96,0.0,0.0
2014-09-08 22:00:00,0.98,0.0,0.0
2014-09-08 23:00:00,0.93,0.0,0.0
2014-09-09 00:00:00,0.95,0.0,0.0
2014-09-09 01:00:00,0.91,0.0,0.0
2014-09-09 02:00:00,0.86,0.0,0.0
2014-09-09 03:00:00,0.85,0.0,0.0
2014-09-09 04:00:00,0.98,0.0,0.0
2014-09-09 05:00:00,0.89,3.5869672,0.39444444444444443
2014-09-09 06:00:00,0.85,72.903275,1.0
2014-09-09 07:00:00,0.86,194.65118,1.0
2014-09-09 08:00:00,0.91,236.16576,1.0
2014-09-09 09:00:00,1.0,357.87024,1.0
2014-09-09 10:00:00,0.98,467.92468,1.0
2014-09-09 11:00:00,0.99,321.06705,1.0
2014-09-09 12:00:00,0.93,331.48285,1.0
2014-09-09 13:00:00,0.99,178.99016,1.0
2014-09-09 14:00:00,0.98,139.19362,1.0
2014-09-09 15:00:00,0.93,163.97086,1.0
2014-09-09 16:00:00,0.77,107.33409,1.0
2014-09-09 17:00:00,0.68,59.00023,1.0
2014-09-09 18:00:00,0.79,1.9878461,0.32222222222222224
2014-09-09 19:00:00,0.94,0.0,0.0
2014-09-09 20:00:00,0.94,0.0,0.0
2014-09-09 21:00:00,0.97,0.0,0.0
2014-09-09 22:00:00,0.82,0.0,0.0
2014-09-09 23:00:00,1.0,0.0,0.0
2014-09-10 00:00:00,1.0,0.0,0.0
2014-09-10 01:00:00,1.0,0.0,0.0
2014-09-10 02:00:00,1.0,0.0,0.0
2014-09-10 03:00:00,0.99,0.0,0.0
2014-09-10 04:00:00,0.92,0.0,0.0
2014-09-10 05:00:00,0.8,1.9878461,0.3788888888888889
2014-09-10 06:00:00,0.7,27.714207,1.0
2014-09-10 07:00:00,0.69,169.47755,1.0
2014-09-10 08:00:00,0.64,427.47418,1.0
2014-09-10 09:00:00,0.7,647.94226,1.0
2014-09-10 10:00:00,0.21,669.33203,1.0
2014-09-10 11:00:00,0.14,920.45605,1.0
2014-09-10 12:00:00,0.18,803.23615,1.0
2014-09-10 13:00:00,0.41,804.1011,1.0
2014-09-10 14:00:00,0.41,629.59406,1.0
2014-09-10 15:00:00,0.18,442.9775,1.0
2014-09-10 16:00:00,0.22,270.18863,1.0
2014-09-10 17:00:00,0.25,78.45654,1.0
2014-09-10 18:00:00,0.17,0.99544233,0.2947222222222222
2014-09-10 19:00:00,0.02,0.0,0.0
2014-09-10 20:00:00,0.02,0.0,0.0
2014-09-10 21:00:00,0.0,0.0,0.0
2014-09-10 22:00:00,0.0,0.0,0.0
2014-09-10 23:00:00,0.0,0.0,0.0
2014-09-11 00:00:00,0.0,0.0,0.0
2014-09-11 01:00:00,0.0,0.0,0.0
2014-09-11 02:00:00,0.0,0.0,0.0
2014-09-11 03:00:00,0.27,0.0,0.0
2014-09-11 04:00:00,0.63,0.0,0.0
2014-09-11 05:00:00,0.62,1.9878461,0.36333333333333334
2014-09-11 06:00:00,0.62,92.553505,1.0
2014-09-11 07:00:00,0.63,209.43243,1.0
2014-09-11 08:00:00,0.62,343.64612,1.0
2014-09-11 09:00:00,0.62,432.7993,1.0
2014-09-11 10:00:00,0.86,533.48267,1.0
2014-09-11 11:00:00,0.68,462.69272,1.0
2014-09-11 12:00:00,0.82,611.2638,1.0
2014-09-11 13:00:00,0.89,654.0384,1.0
2014-09-11 14:00:00,0.96,420.2912,1.0
2014-09-11 15:00:00,0.97,238.43517,1.0
2014-09-11 16:00:00,0.98,116.536476,1.0
2014-09-11 17:00:00,1.0,34.178947,1.0
2014-09-11 18:00:00,1.0,0.0,0.26722222222222225
2014-09-11 19:00:00,1.0,0.0,0.0
2014-09-11 20:00:00,1.0,0.0,0.0
2014-09-11 21:00:00,1.0,0.0,0.0
2014-09-11 22:00:00,1.0,0.0,0.0
2014-09-11 23:00:00,1.0,0.0,0.0
2014-09-12 00:00:00,1.0,0.0,0.0
2014-09-12 01:00:00,1.0,0.0,0.0
2014-09-12 02:00:00,0.99,0.0,0.0
2014-09-12 03:00:00,1.0,0.0,0.0
2014-09-12 04:00:00,1.0,0.0,0.0
2014-09-12 05:00:00,0.99,1.9878461,0.34805555555555556
2014-09-12 06:00:00,1.0,72.87071,1.0
2014-09-12 07:00:00,0.99,147.36998,1.0
2014-09-12 08:00:00,1.0,299.8552,1.0
2014-09-12 09:00:00,0.98,513.7836,1.0
2014-09-12 10:00:00,0.93,735.8416,1.0
2014-09-12 11:00:00,0.91,826.94446,1.0
2014-09-12 12:00:00,0.89,841.1903,1.0
2014-09-12 13:00:00,0.74,844.2037,1.0
2014-09-12 14:00:00,0.36,682.4118,1.0
2014-09-12 15:00:00,0.38,515.0154,1.0
2014-09-12 16:00:00,0.34,293.8809,1.0
2014-09-12 17:00:00,0.36,79.818245,1.0
2014-09-12 18:00:00,0.39,0.0,0.23972222222222223
2014-09-12 19:00:00,0.34,0.0,0.0
2014-09-12 20:00:00,0.3,0.0,0.0
2014-09-12 21:00:00,0.0,0.0,0.0
2014-09-12 22:00:00,0.0,0.0,0.0
2014-09-12 23:00:00,0.0,0.0,0.0
2014-09-13 00:00:00,0.0,0.0,0.0
2014-09-13 01:00:00,0.0,0.0,0.0
2014-09-13 02:00:00,0.0,0.0,0.0
2014-09-13 03:00:00,0.0,0.0,0.0
2014-09-13 04:00:00,0.0,0.0,0.0
2014-09-13 05:00:00,0.0,3.7754064,0.3325
2014-09-13 06:00:00,0.03,151.40623,1.0
2014-09-13 07:00:00,0.04,390.30756,1.0
2014-09-13 08:00:00,0.02,616.0281,1.0
2014-09-13 09:00:00,0.07,798.54736,1.0
2014-09-13 10:00:00,0.05,921.12616,1.0
2014-09-13 11:00:00,0.05,978.68164,1.0
2014-09-13 12:00:00,0.04,955.72754,1.0
2014-09-13 13:00:00,0.07,862.9658,1.0
2014-09-13 14:00:00,0.08,693.8429,1.0
2014-09-13 15:00:00,0.27,512.96747,1.0
2014-09-13 16:00:00,0.04,284.6904,1.0
2014-09-13 17:00:00,0.05,75.90251,1.0
2014-09-13 18:00:00,0.0,0.0,0.21194444444444444
2014-09-13 19:00:00,0.0,0.0,0.0
2014-09-13 20:00:00,0.0,0.0,0.0
2014-09-13 21:00:00,0.0,0.0,0.0
2014-09-13 22:00:00,0.0,0.0,0.0
2014-09-13 23:00:00,0.0,0.0,0.0
2014-09-14 00:00:00,0.01,0.0,0.0
2014-09-14 01:00:00,0.01,0.0,0.0
2014-09-14 02:00:00,0.08,0.0,0.0
2014-09-14 03:00:00,0.0,0.0,0.0
2014-09-14 04:00:00,0.0,0.0,0.0
2014-09-14 05:00:00,0.18,3.8308597,0.3169444444444444
2014-09-14 06:00:00,0.24,133.49878,1.0
2014-09-14 07:00:00,0.25,318.72174,1.0
2014-09-14 08:00:00,0.35,539.1793,1.0
2014-09-14 09:00:00,0.24,710.2195,1.0
2014-09-14 10:00:00,0.29,880.1107,1.0
2014-09-14 11:00:00,0.35,849.3992,1.0
2014-09-14 12:00:00,0.35,836.1289,1.0
2014-09-14 13:00:00,0.16,767.66846,1.0
2014-09-14 14:00:00,0.21,675.6448,1.0
2014-09-14 15:00:00,0.31,449.80988,1.0
2014-09-14 16:00:00,0.22,239.26752,1.0
2014-09-14 17:00:00,0.08,68.61534,1.0
2014-09-14 18:00:00,0.03,0.0,0.18444444444444444
2014-09-14 19:00:00,0.02,0.0,0.0
2014-09-14 20:00:00,0.0,0.0,0.0
2014-09-14 21:00:00,0.02,0.0,0.0
2014-09-14 22:00:00,0.0,0.0,0.0
2014-09-14 23:00:00,0.1,0.0,0.0
2014-09-15 00:00:00,0.16,0.0,0.0
2014-09-15 01:00:00,0.0,0.0,0.0
2014-09-15 02:00:00,0.0,0.0,0.0
2014-09-15 03:00:00,0.57,0.0,0.0
2014-09-15 04:00:00,0.43,0.0,0.0
2014-09-15 05:00:00,0.33,1.9878461,0.3013888888888889
2014-09-15 06:00:00,0.32,79.90577,1.0
2014-09-15 07:00:00,0.27,213.86217,1.0
2014-09-15 08:00:00,0.4,387.99698,1.0
2014-09-15 09:00:00,0.48,577.6946,1.0
2014-09-15 10:00:00,0.6,776.9412,1.0
2014-09-15 11:00:00,0.07,871.8619,1.0
2014-09-15 12:00:00,0.34,818.4303,1.0
2014-09-15 13:00:00,0.43,709.49225,1.0
2014-09-15 14:00:00,0.47,525.6941,1.0
2014-09-15 15:00:00,0.43,378.04584,1.0
2014-09-15 16:00:00,0.39,243.75227,1.0
2014-09-15 17:00:00,0.42,64.064224,1.0
2014-09-15 18:00:00,0.19,0.0,0.15666666666666668
2014-09-15 19:00:00,0.02,0.0,0.0
2014-09-15 20:00:00,0.01,0.0,0.0
2014-09-15 21:00:00,0.0,0.0,0.0
2014-09-15 22:00:00,0.0,0.0,0.0
2014-09-15 23:00:00,0.0,0.0,0.0
2014-09-16 00:00:00,0.0,0.0,0.0
2014-09-16 01:00:00,0.0,0.0,0.0
2014-09-16 02:00:00,0.0,0.0,0.0
2014-09-16 03:00:00,0.0,0.0,0.0
2014-09-16 04:00:00,0.0,0.0,0.0
2014-09-16 05:00:00,0.0,2.9603615,0.2861111111111111
2014-09-16 06:00:00,0.0,137.21362,1.0
2014-09-16 07:00:00,0.0,368.34348,1.0
2014-09-16 08:00:00,0.0,589.16327,1.0
2014-09-16 09:00:00,0.03,762.7492,1.0
2014-09-16 10:00:00,0.06,880.94476,1.0
2014-09-16 11:00:00,0.34,790.9149,1.0
2014-09-16 12:00:00,0.3,780.2661,1.0
2014-09-16 13:00:00,0.31,809.4225,1.0
2014-09-16 14:00:00,0.45,635.55664,1.0
2014-09-16 15:00:00,0.68,445.4731,1.0
2014-09-16 16:00:00,0.41,262.30542,1.0
2014-09-16 17:00:00,0.13,62.605656,1.0
2014-09-16 18:00:00,0.01,0.0,0.12916666666666668
2014-09-16 19:00:00,0.01,0.0,0.0
2014-09-16 20:00:00,0.01,0.0,0.0
2014-09-16 21:00:00,0.01,0.0,0.0
2014-09-16 22:00:00,0.02,0.0,0.0
2014-09-16 23:00:00,0.0,0.0,0.0
2014-09-17 00:00:00,0.0,0.0,0.0
2014-09-17 01:00:00,0.0,0.0,0.0
2014-09-17 02:00:00,0.0,0.0,0.0
2014-09-17 03:00:00,0.0,0.0,0.0
2014-09-17 04:00:00,0.01,0.0,0.0
2014-09-17 05:00:00,0.01,1.9878461,0.27055555555555555
2014-09-17 06:00:00,0.01,136.05832,1.0
2014-09-17 07:00:00,0.3,367.24884,1.0
2014-09-17 08:00:00,0.67,588.034,1.0
2014-09-17 09:00:00,0.04,770.0587,1.0
2014-09-17 10:00:00,0.0,885.87854,1.0
2014-09-17 11:00:00,0.15,920.7407,1.0
2014-09-17 12:00:00,0.25,827.41345,1.0
2014-09-17 13:00:00,0.36,746.4728,1.0
2014-09-17 14:00:00,0.44,643.2464,1.0
2014-09-17 15:00:00,0.17,479.68002,1.0
2014-09-17 16:00:00,0.24,235.03188,1.0
2014-09-17 17:00:00,0.37,58.940872,1.0
2014-09-17 18:00:00,0.11,0.0,0.10166666666666667
2014-09-17 19:00:00,0.01,0.0,0.0
2014-09-17 20:00:00,0.0,0.0,0.0
2014-09-17 21:00:00,0.01,0.0,0.0
2014-09-17 22:00:00,0.0,0.0,0.0
2014-09-17 23:00:00,0.0,0.0,0.0
2014-09-18 00:00:00,0.0,0.0,0.0
2014-09-18 01:00:00,0.0,0.0,0.0
2014-09-18 02:00:00,0.0,0.0,0.0
2014-09-18 03:00:00,0.0,0.0,0.0
2014-09-18 04:00:00,0.0,0.0,0.0
2014-09-18 05:00:00,0.0,0.0,0.25472222222222224
2014-09-18 06:00:00,0.0,132.90134,1.0
2014-09-18 07:00:00,0.0,363.69595,1.0
2014-09-18 08:00:00,0.0,586.0987,1.0
2014-09-18 09:00:00,0.0,765.8696,1.0
2014-09-18 10:00:00,0.0,887.85956,1.0
2014-09-18 11:00:00,0.07,928.3623,1.0
2014-09-18 12:00:00,0.29,896.7939,1.0
2014-09-18 13:00:00,0.3,802.85406,1.0
2014-09-18 14:00:00,0.36,654.6028,1.0
2014-09-18 15:00:00,0.31,413.5488,1.0
2014-09-18 16:00:00,0.52,227.30647,1.0
2014-09-18 17:00:00,0.37,53.438213,1.0
2014-09-18 18:00:00,0.06,0.0,0.07444444444444444
2014-09-18 19:00:00,0.02,0.0,0.0
2014-09-18 20:00:00,0.01,0.0,0.0
2014-09-18 21:00:00,0.03,0.0,0.0
2014-09-18 22:00:00,0.03,0.0,0.0
2014-09-18 23:00:00,0.01,0.0,0.0
2014-09-19 00:00:00,0.01,0.0,0.0
2014-09-19 01:00:00,0.01,0.0,0.0
2014-09-19 02:00:00,0.02,0.0,0.0
2014-09-19 03:00:00,0.09,0.0,0.0
2014-09-19 04:00:00,0.22,0.0,0.0
2014-09-19 05:00:00,0.13,0.0,0.23916666666666667
2014-09-19 06:00:00,0.0,128.67372,1.0
2014-09-19 07:00:00,0.0,356.415,1.0
2014-09-19 08:00:00,0.0,575.6686,1.0
2014-09-19 09:00:00,0.0,752.0592,1.0
2014-09-19 10:00:00,0.03,851.49976,1.0
2014-09-19 11:00:00,0.15,881.9723,1.0
2014-09-19 12:00:00,0.54,828.2507,1.0
2014-09-19 13:00:00,0.15,783.67224,1.0
2014-09-19 14:00:00,0.06,611.6458,1.0
2014-09-19 15:00:00,0.63,427.78763,1.0
2014-09-19 16:00:00,0.54,205.67789,1.0
2014-09-19 17:00:00,0.48,42.661144,1.0
2014-09-19 18:00:00,0.33,0.0,0.04694444444444444
2014-09-19 19:00:00,0.06,0.0,0.0
2014-09-19 20:00:00,0.34,0.0,0.0
2014-09-19 21:00:00,0.39,0.0,0.0
2014-09-19 22:00:00,0.07,0.0,0.0
2014-09-19 23:00:00,0.0,0.0,0.0
2014-09-20 00:00:00,0.0,0.0,0.0
2014-09-20 01:00:00,0.0,0.0,0.0
2014-09-20 02:00:00,0.0,0.0,0.0
2014-09-20 03:00:00,0.0,0.0,0.0
2014-09-20 04:00:00,0.0,0.0,0.0
2014-09-20 05:00:00,0.0,0.0,0.22361111111111112
2014-09-20 06:00:00,0.0,125.810326,1.0
2014-09-20 07:00:00,0.0,355.2928,1.0
2014-09-20 08:00:00,0.0,574.70905,1.0
2014-09-20 09:00:00,0.0,752.31744,1.0
2014-09-20 10:00:00,0.0,872.39984,1.0
2014-09-20 11:00:00,0.02,934.50775,1.0
2014-09-20 12:00:00,0.15,899.94495,1.0
2014-09-20 13:00:00,0.57,805.7484,1.0
2014-09-20 14:00:00,0.31,561.0644,1.0
2014-09-20 15:00:00,0.43,404.963,1.0
2014-09-20 16:00:00,0.24,218.32315,1.0
2014-09-20 17:00:00,0.24,49.560997,1.0
2014-09-20 18:00:00,0.38,0.0,0.02
2014-09-20 19:00:00,0.34,0.0,0.0
2014-09-20 20:00:00,0.14,0.0,0.0
2014-09-20 21:00:00,0.1,0.0,0.0
2014-09-20 22:00:00,0.19,0.0,0.0
2014-09-20 23:00:00,0.37,0.0,0.0
2014-09-21 00:00:00,0.67,0.0,0.0
2014-09-21 01:00:00,0.8,0.0,0.0
2014-09-21 02:00:00,0.78,0.0,0.0
2014-09-21 03:00:00,0.59,0.0,0.0
2014-09-21 04:00:00,0.2,0.0,0.0
2014-09-21 05:00:00,0.55,0.0,0.20805555555555555
2014-09-21 06:00:00,1.0,73.929886,1.0
2014-09-21 07:00:00,1.0,247.158,1.0
2014-09-21 08:00:00,0.73,467.52307,1.0
2014-09-21 09:00:00,0.55,594.30585,1.0
2014-09-21 10:00:00,0.89,636.6121,1.0
2014-09-21 11:00:00,0.91,590.576,1.0
2014-09-21 12:00:00,0.96,480.80548,1.0
2014-09-21 13:00:00,0.81,398.85123,1.0
2014-09-21 14:00:00,1.0,173.59396,1.0
2014-09-21 15:00:00,0.83,172.26292,1.0
2014-09-21 16:00:00,0.75,81.60745,1.0
2014-09-21 17:00:00,0.94,28.589125,0.9930555555555556
2014-09-21 18:00:00,0.93,0.0,0.0
2014-09-21 19:00:00,0.79,0.0,0.0
2014-09-21 20:00:00,0.74,0.0,0.0
2014-09-21 21:00:00,0.87,0.0,0.0
2014-09-21 22:00:00,0.71,0.0,0.0
2014-09-21 23:00:00,0.54,0.0,0.0
2014-09-22 00:00:00,0.45,0.0,0.0
2014-09-22 01:00:00,0.56,0.0,0.0
2014-09-22 02:00:00,0.46,0.0,0.0
2014-09-22 03:00:00,0.73,0.0,0.0
2014-09-22 04:00:00,0.73,0.0,0.0
2014-09-22 05:00:00,0.72,0.0,0.1922222222222222
2014-09-22 06:00:00,0.82,66.733086,1.0
2014-09-22 07:00:00,0.89,267.5755,1.0
2014-09-22 08:00:00,0.89,473.05157,1.0
2014-09-22 09:00:00,0.83,652.30756,1.0
2014-09-22 10:00:00,0.53,766.7995,1.0
2014-09-22 11:00:00,0.34,672.69116,1.0
2014-09-22 12:00:00,0.63,712.34283,1.0
2014-09-22 13:00:00,0.71,486.93933,1.0
2014-09-22 14:00:00,0.87,399.67255,1.0
2014-09-22 15:00:00,0.55,267.67123,1.0
2014-09-22 16:00:00,0.41,186.06184,1.0
2014-09-22 17:00:00,0.57,44.956455,0.9663888888888889
2014-09-22 18:00:00,0.21,0.0,0.0
2014-09-22 19:00:00,0.12,0.0,0.0
2014-09-22 20:00:00,0.02,0.0,0.0
2014-09-22 21:00:00,0.0,0.0,0.0
2014-09-22 22:00:00,0.0,0.0,0.0
2014-09-22 23:00:00,0.0,0.0,0.0
2014-09-23 00:00:00,0.0,0.0,0.0
2014-09-23 01:00:00,0.0,0.0,0.0
2014-09-23 02:00:00,0.0,0.0,0.0
2014-09-23 03:00:00,0.04,0.0,0.0
2014-09-23 04:00:00,0.02,0.0,0.0
2014-09-23 05:00:00,0.01,0.0,0.1763888888888889
2014-09-23 06:00:00,0.0,113.11463,1.0
2014-09-23 07:00:00,0.07,341.87488,1.0
2014-09-23 08:00:00,0.12,552.2109,1.0
2014-09-23 09:00:00,0.15,702.4142,1.0
2014-09-23 10:00:00,0.25,756.8188,1.0
2014-09-23 11:00:00,0.36,759.7032,1.0
2014-09-23 12:00:00,0.51,678.5206,1.0
2014-09-23 13:00:00,0.74,647.4346,1.0
2014-09-23 14:00:00,0.43,562.123,1.0
2014-09-23 15:00:00,0.53,364.3928,1.0
2014-09-23 16:00:00,0.39,163.71066,1.0
2014-09-23 17:00:00,0.37,34.27769,0.9391666666666667
2014-09-23 18:00:00,0.09,0.0,0.0
2014-09-23 19:00:00,0.01,0.0,0.0
2014-09-23 20:00:00,0.0,0.0,0.0
2014-09-23 21:00:00,0.02,0.0,0.0
2014-09-23 22:00:00,0.01,0.0,0.0
2014-09-23 23:00:00,0.02,0.0,0.0
2014-09-24 00:00:00,0.03,0.0,0.0
2014-09-24 01:00:00,0.04,0.0,0.0
2014-09-24 02:00:00,0.0,0.0,0.0
2014-09-24 03:00:00,0.0,0.0,0.0
2014-09-24 04:00:00,0.0,0.0,0.0
2014-09-24 05:00:00,0.0,0.0,0.16055555555555556
2014-09-24 06:00:00,0.0,112.02909,1.0
2014-09-24 07:00:00,0.0,338.47366,1.0
2014-09-24 08:00:00,0.0,557.6982,1.0
2014-09-24 09:00:00,0.0,734.8821,1.0
2014-09-24 10:00:00,0.0,853.943,1.0
2014-09-24 11:00:00,0.02,905.1917,1.0
2014-09-24 12:00:00,0.18,889.40186,1.0
2014-09-24 13:00:00,0.21,708.4854,1.0
2014-09-24 14:00:00,0.19,582.86206,1.0
2014-09-24 15:00:00,0.17,422.98416,1.0
2014-09-24 16:00:00,0.16,205.9618,1.0
2014-09-24 17:00:00,0.06,37.610718,0.9122222222222223
2014-09-24 18:00:00,0.01,0.0,0.0
2014-09-24 19:00:00,0.0,0.0,0.0
2014-09-24 20:00:00,0.0,0.0,0.0
2014-09-24 21:00:00,0.0,0.0,0.0
2014-09-24 22:00:00,0.0,0.0,0.0
2014-09-24 23:00:00,0.0,0.0,0.0
2014-09-25 00:00:00,0.0,0.0,0.0
2014-09-25 01:00:00,0.0,0.0,0.0
2014-09-25 02:00:00,0.0,0.0,0.0
2014-09-25 03:00:00,0.0,0.0,0.0
2014-09-25 04:00:00,0.0,0.0,0.0
2014-09-25 05:00:00,0.0,0.0,0.14472222222222222
2014-09-25 06:00:00,0.0,109.953865,1.0
2014-09-25 07:00:00,0.0,336.3422,1.0
2014-09-25 08:00:00,0.0,555.5396,1.0
2014-09-25 09:00:00,0.0,733.0057,1.0
2014-09-25 10:00:00,0.0,853.239,1.0
2014-09-25 11:00:00,0.0,904.31647,1.0
2014-09-25 12:00:00,0.0,882.5035,1.0
2014-09-25 13:00:00,0.08,752.8879,1.0
2014-09-25 14:00:00,0.21,627.97076,1.0
2014-09-25 15:00:00,0.07,428.9856,1.0
2014-09-25 16:00:00,0.04,209.29324,1.0
2014-09-25 17:00:00,0.02,36.271137,0.885
2014-09-25 18:00:00,0.0,0.0,0.0
2014-09-25 19:00:00,0.0,0.0,0.0
2014-09-25 20:00:00,0.0,0.0,0.0
2014-09-25 21:00:00,0.0,0.0,0.0
2014-09-25 22:00:00,0.0,0.0,0.0
2014-09-25 23:00:00,0.0,0.0,0.0
2014-09-26 00:00:00,0.0,0.0,0.0
2014-09-26 01:00:00,0.0,0.0,0.0
2014-09-26 02:00:00,0.0,0.0,0.0
2014-09-26 03:00:00,0.0,0.0,0.0
2014-09-26 04:00:00,0.0,0.0,0.0
2014-09-26 05:00:00,0.0,0.0,0.1288888888888889
2014-09-26 06:00:00,0.0,108.364456,1.0
2014-09-26 07:00:00,0.0,335.2143,1.0
2014-09-26 08:00:00,0.0,554.5963,1.0
2014-09-26 09:00:00,0.0,731.9511,1.0
2014-09-26 10:00:00,0.0,851.0691,1.0
2014-09-26 11:00:00,0.15,899.8887,1.0
2014-09-26 12:00:00,0.18,878.4874,1.0
2014-09-26 13:00:00,0.28,744.1609,1.0
2014-09-26 14:00:00,0.53,549.7823,1.0
2014-09-26 15:00:00,0.6,379.16446,1.0
2014-09-26 16:00:00,0.21,176.40964,1.0
2014-09-26 17:00:00,0.23,32.25845,0.8575
2014-09-26 18:00:00,0.25,0.0,0.0
2014-09-26 19:00:00,0.13,0.0,0.0
2014-09-26 20:00:00,0.03,0.0,0.0
2014-09-26 21:00:00,0.0,0.0,0.0
2014-09-26 22:00:00,0.0,0.0,0.0
2014-09-26 23:00:00,0.0,0.0,0.0
2014-09-27 00:00:00,0.0,0.0,0.0
2014-09-27 01:00:00,0.0,0.0,0.0
2014-09-27 02:00:00,0.0,0.0,0.0
2014-09-27 03:00:00,0.0,0.0,0.0
2014-09-27 04:00:00,0.0,0.0,0.0
2014-09-27 05:00:00,0.0,0.0,0.11305555555555556
2014-09-27 06:00:00,0.0,104.69138,1.0
2014-09-27 07:00:00,0.0,330.24084,1.0
2014-09-27 08:00:00,0.06,549.02625,1.0
2014-09-27 09:00:00,0.16,726.55304,1.0
2014-09-27 10:00:00,0.0,827.3877,1.0
2014-09-27 11:00:00,0.1,902.56244,1.0
2014-09-27 12:00:00,0.32,865.01917,1.0
2014-09-27 13:00:00,0.14,757.2435,1.0
2014-09-27 14:00:00,0.21,610.7798,1.0
2014-09-27 15:00:00,0.36,409.54385,1.0
2014-09-27 16:00:00,0.27,211.12086,1.0
2014-09-27 17:00:00,0.41,31.57498,0.8302777777777778
2014-09-27 18:00:00,0.71,0.0,0.0
2014-09-27 19:00:00,0.88,0.0,0.0
2014-09-27 20:00:00,0.89,0.0,0.0
2014-09-27 21:00:00,0.87,0.0,0.0
2014-09-27 22:00:00,0.91,0.0,0.0
2014-09-27 23:00:00,0.27,0.0,0.0
2014-09-28 00:00:00,0.52,0.0,0.0
2014-09-28 01:00:00,0.98,0.0,0.0
2014-09-28 02:00:00,1.0,0.0,0.0
2014-09-28 03:00:00,0.97,0.0,0.0
2014-09-28 04:00:00,0.95,0.0,0.0
2014-09-28 05:00:00,0.87,0.0,0.09694444444444444
2014-09-28 06:00:00,0.66,90.38131,1.0
2014-09-28 07:00:00,0.5,279.53696,1.0
2014-09-28 08:00:00,0.79,437.88672,1.0
2014-09-28 09:00:00,0.94,533.77216,1.0
2014-09-28 10:00:00,0.75,709.5581,1.0
2014-09-28 11:00:00,0.74,525.7097,1.0
2014-09-28 12:00:00,0.95,555.66486,1.0
2014-09-28 13:00:00,0.98,332.31976,1.0
2014-09-28 14:00:00,0.93,290.57822,1.0
2014-09-28 15:00:00,0.82,179.62949,1.0
2014-09-28 16:00:00,0.62,137.69743,1.0
2014-09-28 17:00:00,0.5,21.552774,0.8027777777777778
2014-09-28 18:00:00,0.41,0.0,0.0
2014-09-28 19:00:00,0.62,0.0,0.0
2014-09-28 20:00:00,0.6,0.0,0.0
2014-09-28 21:00:00,0.49,0.0,0.0
2014-09-28 22:00:00,0.57,0.0,0.0
2014-09-28 23:00:00,0.56,0.0,0.0
2014-09-29 00:00:00,0.61,0.0,0.0
2014-09-29 01:00:00,0.49,0.0,0.0
2014-09-29 02:00:00,0.44,0.0,0.0
2014-09-29 03:00:00,0.29,0.0,0.0
2014-09-29 04:00:00,0.15,0.0,0.0
2014-09-29 05:00:00,0.33,0.0,0.08083333333333333
2014-09-29 06:00:00,0.61,78.67539,1.0
2014-09-29 07:00:00,0.31,223.87389,1.0
2014-09-29 08:00:00,0.66,378.6995,1.0
2014-09-29 09:00:00,0.81,492.29053,1.0
2014-09-29 10:00:00,0.8,612.1582,1.0
2014-09-29 11:00:00,0.82,405.24652,1.0
2014-09-29 12:00:00,0.98,345.3094,1.0
2014-09-29 13:00:00,0.98,233.10487,1.0
2014-09-29 14:00:00,0.99,229.67299,1.0
2014-09-29 15:00:00,1.0,87.60111,1.0
2014-09-29 16:00:00,1.0,56.57803,1.0
2014-09-29 17:00:00,1.0,13.666344,0.7755555555555556
2014-09-29 18:00:00,1.0,0.0,0.0
2014-09-29 19:00:00,1.0,0.0,0.0
2014-09-29 20:00:00,1.0,0.0,0.0
2014-09-29 21:00:00,1.0,0.0,0.0
2014-09-29 22:00:00,1.0,0.0,0.0
2014-09-29 23:00:00,0.97,0.0,0.0
2014-09-30 00:00:00,0.77,0.0,0.0
2014-09-30 01:00:00,0.63,0.0,0.0
2014-09-30 02:00:00,0.75,0.0,0.0
2014-09-30 03:00:00,0.69,0.0,0.0
2014-09-30 04:00:00,0.77,0.0,0.0
2014-09-30 05:00:00,0.42,0.0,0.06472222222222222
2014-09-30 06:00:00,0.01,85.24534,1.0
2014-09-30 07:00:00,0.06,314.249,1.0
2014-09-30 08:00:00,0.18,530.5121,1.0
2014-09-30 09:00:00,0.24,714.9189,1.0
2014-09-30 10:00:00,0.33,798.1939,1.0
2014-09-30 11:00:00,0.62,637.51245,1.0
2014-09-30 12:00:00,0.44,714.1426,1.0
2014-09-30 13:00:00,0.29,477.72476,1.0
2014-09-30 14:00:00,0.82,450.79337,1.0
2014-09-30 15:00:00,0.83,259.7417,1.0
2014-09-30 16:00:00,0.8,71.54815,1.0
2014-09-30 17:00:00,0.7,15.436689,0.7480555555555556
2014-09-30 18:00:00,0.73,0.0,0.0
2014-09-30 19:00:00,0.58,0.0,0.0
2014-09-30 20:00:00,0.43,0.0,0.0
2014-09-30 21:00:00,0.24,0.0,0.0
2014-09-30 22:00:00,0.08,0.0,0.0
2014-09-30 23:00:00,0.0,0.0,0.0
2014-10-01 00:00:00,0.0,0.0,0.0
2014-10-01 01:00:00,0.08,0.0,0.0
2014-10-01 02:00:00,0.64,0.0,0.0
2014-10-01 03:00:00,0.75,0.0,0.0
2014-10-01 04:00:00,0.54,0.0,0.0
2014-10-01 05:00:00,0.58,0.0,0.04861111111111111
2014-10-01 06:00:00,0.81,38.85393,1.0
2014-10-01 07:00:00,0.9,181.86295,1.0
2014-10-01 08:00:00,0.89,337.3088,1.0
2014-10-01 09:00:00,0.65,446.53156,1.0
2014-10-01 10:00:00,0.85,576.1029,1.0
2014-10-01 11:00:00,0.9,580.9886,1.0
2014-10-01 12:00:00,0.94,432.11273,1.0
2014-10-01 13:00:00,0.96,240.74527,1.0
2014-10-01 14:00:00,0.89,230.19699,1.0
2014-10-01 15:00:00,0.81,145.69786,1.0
2014-10-01 16:00:00,0.6,122.42879,1.0
2014-10-01 17:00:00,0.97,17.73905,0.7208333333333333
2014-10-01 18:00:00,1.0,0.0,0.0
2014-10-01 19:00:00,0.99,0.0,0.0
2014-10-01 20:00:00,0.98,0.0,0.0
2014-10-01 21:00:00,0.99,0.0,0.0
2014-10-01 22:00:00,1.0,0.0,0.0
2014-10-01 23:00:00,1.0,0.0,0.0
2014-10-02 00:00:00,0.95,0.0,0.0
2014-10-02 01:00:00,0.83,0.0,0.0
2014-10-02 02:00:00,0.62,0.0,0.0
2014-10-02 03:00:00,0.72,0.0,0.0
2014-10-02 04:00:00,0.38,0.0,0.0
2014-10-02 05:00:00,0.15,0.0,0.0325
2014-10-02 06:00:00,0.13,82.465515,1.0
2014-10-02 07:00:00,0.14,310.52057,1.0
2014-10-02 08:00:00,0.12,542.5683,1.0
2014-10-02 09:00:00,0.0,731.29846,1.0
2014-10-02 10:00:00,0.06,861.2034,1.0
2014-10-02 11:00:00,0.5,897.56433,1.0
2014-10-02 12:00:00,0.45,846.5984,1.0
2014-10-02 13:00:00,0.26,775.93396,1.0
2014-10-02 14:00:00,0.0,620.49976,1.0
2014-10-02 15:00:00,0.45,413.68716,1.0
2014-10-02 16:00:00,0.42,183.71277,1.0
2014-10-02 17:00:00,0.24,21.604527,0.6936111111111111
2014-10-02 18:00:00,0.15,0.0,0.0
2014-10-02 19:00:00,0.26,0.0,0.0
2014-10-02 20:00:00,0.11,0.0,0.0
2014-10-02 21:00:00,0.01,0.0,0.0
2014-10-02 22:00:00,0.01,0.0,0.0
2014-10-02 23:00:00,0.2,0.0,0.0
2014-10-03 00:00:00,0.29,0.0,0.0
2014-10-03 01:00:00,0.51,0.0,0.0
2014-10-03 02:00:00,0.43,0.0,0.0
2014-10-03 03:00:00,0.42,0.0,0.0
2014-10-03 04:00:00,0.12,0.0,0.0
2014-10-03 05:00:00,0.06,0.0,0.01611111111111111
2014-10-03 06:00:00,0.04,88.453156,1.0
2014-10-03 07:00:00,0.16,303.33884,1.0
2014-10-03 08:00:00,0.24,524.7513,1.0
2014-10-03 09:00:00,0.01,727.90985,1.0
2014-10-03 10:00:00,0.0,847.36566,1.0
2014-10-03 11:00:00,0.0,893.10614,1.0
2014-10-03 12:00:00,0.11,861.79205,1.0
2014-10-03 13:00:00,0.18,764.81287,1.0
2014-10-03 14:00:00,0.12,608.2667,1.0
2014-10-03 15:00:00,0.24,402.69818,1.0
2014-10-03 16:00:00,0.31,177.19347,1.0
2014-10-03 17:00:00,0.06,18.9387,0.6663888888888889
2014-10-03 18:00:00,0.01,0.0,0.0
2014-10-03 19:00:00,0.01,0.0,0.0
2014-10-03 20:00:00,0.0,0.0,0.0
2014-10-03 21:00:00,0.0,0.0,0.0
2014-10-03 22:00:00,0.0,0.0,0.0
2014-10-03 23:00:00,0.01,0.0,0.0
2014-10-04 00:00:00,0.0,0.0,0.0
2014-10-04 01:00:00,0.0,0.0,0.0
2014-10-04 02:00:00,0.0,0.0,0.0
2014-10-04 03:00:00,0.23,0.0,0.0
2014-10-04 04:00:00,0.01,0.0,0.0
2014-10-04 05:00:00,0.0,0.0,0.0
2014-10-04 06:00:00,0.0,86.64417,0.9997222222222222
2014-10-04 07:00:00,0.0,315.17035,1.0
2014-10-04 08:00:00,0.0,535.4835,1.0
2014-10-04 09:00:00,0.0,713.52704,1.0
2014-10-04 10:00:00,0.0,830.67694,1.0
2014-10-04 11:00:00,0.0,879.43195,1.0
2014-10-04 12:00:00,0.0,852.4093,1.0
2014-10-04 13:00:00,0.0,755.3017,1.0
2014-10-04 14:00:00,0.0,597.64606,1.0
2014-10-04 15:00:00,0.18,395.21436,1.0
2014-10-04 16:00:00,0.08,175.78442,1.0
2014-10-04 17:00:00,0.0,17.478127,0.6394444444444445
2014-10-04 18:00:00,0.0,0.0,0.0
2014-10-04 19:00:00,0.0,0.0,0.0
2014-10-04 20:00:00,0.04,0.0,0.0
2014-10-04 21:00:00,0.15,0.0,0.0
2014-10-04 22:00:00,0.06,0.0,0.0
2014-10-04 23:00:00,0.07,0.0,0.0
2014-10-05 00:00:00,0.1,0.0,0.0
2014-10-05 01:00:00,0.14,0.0,0.0
2014-10-05 02:00:00,0.5,0.0,0.0
2014-10-05 03:00:00,0.43,0.0,0.0
2014-10-05 04:00:00,0.2,0.0,0.0
2014-10-05 05:00:00,0.0,0.0,0.0
2014-10-05 06:00:00,0.0,82.430954,0.9833333333333333
2014-10-05 07:00:00,0.0,308.68744,1.0
2014-10-05 08:00:00,0.0,529.35,1.0
2014-10-05 09:00:00,0.02,706.06036,1.0
2014-10-05 10:00:00,0.0,825.4255,1.0
2014-10-05 11:00:00,0.0,879.1211,1.0
2014-10-05 12:00:00,0.02,848.83215,1.0
2014-10-05 13:00:00,0.02,754.9868,1.0
2014-10-05 14:00:00,0.04,596.0643,1.0
2014-10-05 15:00:00,0.21,385.47324,1.0
2014-10-05 16:00:00,0.17,174.30626,1.0
2014-10-05 17:00:00,0.07,15.783854,0.6127777777777778
2014-10-05 18:00:00,0.08,0.0,0.0
2014-10-05 19:00:00,0.22,0.0,0.0
2014-10-05 20:00:00,0.0,0.0,0.0
2014-10-05 21:00:00,0.0,0.0,0.0
2014-10-05 22:00:00,0.07,0.0,0.0
2014-10-05 23:00:00,0.0,0.0,0.0
2014-10-06 00:00:00,0.0,0.0,0.0
2014-10-06 01:00:00,0.0,0.0,0.0
2014-10-06 02:00:00,0.24,0.0,0.0
2014-10-06 03:00:00,0.78,0.0,0.0
2014-10-06 04:00:00,0.59,0.0,0.0
2014-10-06 05:00:00,0.67,0.0,0.0
2014-10-06 06:00:00,0.48,76.398834,0.9669444444444445
2014-10-06 07:00:00,0.7,302.06494,1.0
2014-10-06 08:00:00,0.03,519.90686,1.0
2014-10-06 09:00:00,0.01,704.22894,1.0
2014-10-06 10:00:00,0.05,820.4496,1.0
2014-10-06 11:00:00,0.01,867.36884,1.0
2014-10-06 12:00:00,0.0,841.86646,1.0
2014-10-06 13:00:00,0.1,745.7207,1.0
2014-10-06 14:00:00,0.22,587.85767,1.0
2014-10-06 15:00:00,0.45,378.059,1.0
2014-10-06 16:00:00,0.41,159.4693,1.0
2014-10-06 17:00:00,0.25,12.90229,0.5863888888888888
2014-10-06 18:00:00,0.23,0.0,0.0
2014-10-06 19:00:00,0.08,0.0,0.0
2014-10-06 20:00:00,0.07,0.0,0.0
2014-10-06 21:00:00,0.0,0.0,0.0
2014-10-06 22:00:00,0.0,0.0,0.0
2014-10-06 23:00:00,0.0,0.0,0.0
2014-10-07 00:00:00,0.0,0.0,0.0
2014-10-07 01:00:00,0.0,0.0,0.0
2014-10-07 02:00:00,0.0,0.0,0.0
2014-10-07 03:00:00,0.0,0.0,0.0
2014-10-07 04:00:00,0.0,0.0,0.0
2014-10-07 05:00:00,0.0,0.0,0.0
2014-10-07 06:00:00,0.0,78.63521,0.9502777777777778
2014-10-07 07:00:00,0.0,305.0624,1.0
2014-10-07 08:00:00,0.0,525.287,1.0
2014-10-07 09:00:00,0.0,701.62366,1.0
2014-10-07 10:00:00,0.0,821.5747,1.0
2014-10-07 11:00:00,0.01,865.72375,1.0
2014-10-07 12:00:00,0.05,839.71875,1.0
2014-10-07 13:00:00,0.11,735.2163,1.0
2014-10-07 14:00:00,0.34,584.6191,1.0
2014-10-07 15:00:00,0.87,371.8526,1.0
2014-10-07 16:00:00,0.95,150.64107,1.0
2014-10-07 17:00:00,0.92,12.1461935,0.56
2014-10-07 18:00:00,0.08,0.0,0.0
2014-10-07 19:00:00,0.06,0.0,0.0
2014-10-07 20:00:00,0.87,0.0,0.0
2014-10-07 21:00:00,1.0,0.0,0.0
2014-10-07 22:00:00,1.0,0.0,0.0
2014-10-07 23:00:00,0.99,0.0,0.0
2014-10-08 00:00:00,1.0,0.0,0.0
2014-10-08 01:00:00,0.97,0.0,0.0
2014-10-08 02:00:00,0.99,0.0,0.0
2014-10-08 03:00:00,0.91,0.0,0.0
2014-10-08 04:00:00,0.98,0.0,0.0
2014-10-08 05:00:00,0.98,0.0,0.0
2014-10-08 06:00:00,0.97,35.631374,0.9336111111111111
2014-10-08 07:00:00,0.97,177.77441,1.0
2014-10-08 08:00:00,0.94,200.4,1.0
2014-10-08 09:00:00,0.85,461.39877,1.0
2014-10-08 10:00:00,0.23,610.4723,1.0
2014-10-08 11:00:00,0.51,839.9932,1.0
2014-10-08 12:00:00,0.55,812.6421,1.0
2014-10-08 13:00:00,0.76,688.84265,1.0
2014-10-08 14:00:00,0.94,487.2911,1.0
2014-10-08 15:00:00,0.93,268.82474,1.0
2014-10-08 16:00:00,0.97,122.82357,1.0
2014-10-08 17:00:00,1.0,9.755101,0.5341666666666667
2014-10-08 18:00:00,1.0,0.0,0.0
2014-10-08 19:00:00,1.0,0.0,0.0
2014-10-08 20:00:00,0.99,0.0,0.0
2014-10-08 21:00:00,0.99,0.0,0.0
2014-10-08 22:00:00,1.0,0.0,0.0
2014-10-08 23:00:00,1.0,0.0,0.0
2014-10-09 00:00:00,1.0,0.0,0.0
2014-10-09 01:00:00,1.0,0.0,0.0
2014-10-09 02:00:00,1.0,0.0,0.0
2014-10-09 03:00:00,0.98,0.0,0.0
2014-10-09 04:00:00,1.0,0.0,0.0
2014-10-09 05:00:00,1.0,0.0,0.0
2014-10-09 06:00:00,1.0,16.896692,0.9169444444444445
2014-10-09 07:00:00,0.98,99.34185,1.0
2014-10-09 08:00:00,0.95,140.77046,1.0
2014-10-09 09:00:00,1.0,180.79826,1.0
2014-10-09 10:00:00,1.0,187.0004,1.0
2014-10-09 11:00:00,1.0,116.98345,1.0
2014-10-09 12:00:00,1.0,101.38016,1.0
2014-10-09 13:00:00,1.0,89.45308,1.0
2014-10-09 14:00:00,1.0,80.63183,1.0
2014-10-09 15:00:00,1.0,57.64754,1.0
2014-10-09 16:00:00,1.0,27.829845,1.0
2014-10-09 17:00:00,1.0,2.981769,0.5083333333333333
2014-10-09 18:00:00,1.0,0.0,0.0
2014-10-09 19:00:00,1.0,0.0,0.0
2014-10-09 20:00:00,1.0,0.0,0.0
2014-10-09 21:00:00,0.99,0.0,0.0
2014-10-09 22:00:00,1.0,0.0,0.0
2014-10-09 23:00:00,1.0,0.0,0.0
2014-10-10 00:00:00,1.0,0.0,0.0
2014-10-10 01:00:00,1.0,0.0,0.0
2014-10-10 02:00:00,1.0,0.0,0.0
2014-10-10 03:00:00,1.0,0.0,0.0
2014-10-10 04:00:00,1.0,0.0,0.0
2014-10-10 05:00:00,0.99,0.0,0.0
2014-10-10 06:00:00,0.97,30.370253,0.9002777777777777
2014-10-10 07:00:00,0.96,116.72068,1.0
2014-10-10 08:00:00,0.96,279.37057,1.0
2014-10-10 09:00:00,0.92,286.2434,1.0
2014-10-10 10:00:00,0.92,316.54688,1.0
2014-10-10 11:00:00,0.93,425.58035,1.0
2014-10-10 12:00:00,0.89,549.71533,1.0
2014-10-10 13:00:00,0.76,530.2976,1.0
2014-10-10 14:00:00,0.83,257.66943,1.0
2014-10-10 15:00:00,0.6,160.93266,1.0
2014-10-10 16:00:00,0.56,101.51438,1.0
2014-10-10 17:00:00,0.72,6.63262,0.48305555555555557
2014-10-10 18:00:00,0.39,0.0,0.0
2014-10-10 19:00:00,0.25,0.0,0.0
2014-10-10 20:00:00,0.15,0.0,0.0
2014-10-10 21:00:00,0.04,0.0,0.0
2014-10-10 22:00:00,0.24,0.0,0.0
2014-10-10 23:00:00,0.25,0.0,0.0
2014-10-11 00:00:00,0.31,0.0,0.0
2014-10-11 01:00:00,0.12,0.0,0.0
2014-10-11 02:00:00,0.16,0.0,0.0
2014-10-11 03:00:00,0.1,0.0,0.0
2014-10-11 04:00:00,0.02,0.0,0.0
2014-10-11 05:00:00,0.02,0.0,0.0
2014-10-11 06:00:00,0.01,60.07995,0.8833333333333333
2014-10-11 07:00:00,0.01,262.2274,1.0
2014-10-11 08:00:00,0.01,496.38492,1.0
2014-10-11 09:00:00,0.0,659.75854,1.0
2014-10-11 10:00:00,0.06,757.37354,1.0
2014-10-11 11:00:00,0.24,815.39716,1.0
2014-10-11 12:00:00,0.28,744.31433,1.0
2014-10-11 13:00:00,0.42,645.7378,1.0
2014-10-11 14:00:00,0.46,515.1558,1.0
2014-10-11 15:00:00,0.2,319.52094,1.0
2014-10-11 16:00:00,0.12,132.30716,1.0
2014-10-11 17:00:00,0.02,6.5071707,0.45805555555555555
2014-10-11 18:00:00,0.29,0.0,0.0
2014-10-11 19:00:00,0.76,0.0,0.0
2014-10-11 20:00:00,0.62,0.0,0.0
2014-10-11 21:00:00,0.46,0.0,0.0
2014-10-11 22:00:00,0.88,0.0,0.0
2014-10-11 23:00:00,0.99,0.0,0.0
2014-10-12 00:00:00,0.97,0.0,0.0
2014-10-12 01:00:00,0.91,0.0,0.0
2014-10-12 02:00:00,0.94,0.0,0.0
2014-10-12 03:00:00,0.77,0.0,0.0
2014-10-12 04:00:00,0.5,0.0,0.0
2014-10-12 05:00:00,0.09,0.0,0.0
2014-10-12 06:00:00,0.28,58.834675,0.8663888888888889
2014-10-12 07:00:00,0.98,222.85912,1.0
2014-10-12 08:00:00,0.96,349.85638,1.0
2014-10-12 09:00:00,0.98,295.42862,1.0
2014-10-12 10:00:00,1.0,389.16135,1.0
2014-10-12 11:00:00,0.99,138.51385,1.0
2014-10-12 12:00:00,1.0,204.15674,1.0
2014-10-12 13:00:00,1.0,278.1759,1.0
2014-10-12 14:00:00,1.0,183.60812,1.0
2014-10-12 15:00:00,0.99,160.65584,1.0
2014-10-12 16:00:00,1.0,72.15818,1.0
2014-10-12 17:00:00,1.0,4.9696155,0.43333333333333335
2014-10-12 18:00:00,0.99,0.0,0.0
2014-10-12 19:00:00,0.92,0.0,0.0
2014-10-12 20:00:00,0.56,0.0,0.0
2014-10-12 21:00:00,0.41,0.0,0.0
2014-10-12 22:00:00,0.13,0.0,0.0
2014-10-12 23:00:00,0.11,0.0,0.0
2014-10-13 00:00:00,0.15,0.0,0.0
2014-10-13 01:00:00,0.14,0.0,0.0
2014-10-13 02:00:00,0.08,0.0,0.0
2014-10-13 03:00:00,0.16,0.0,0.0
2014-10-13 04:00:00,0.12,0.0,0.0
2014-10-13 05:00:00,0.08,0.0,0.0
2014-10-13 06:00:00,0.09,58.453686,0.8491666666666666
2014-10-13 07:00:00,0.12,262.301,1.0
2014-10-13 08:00:00,0.18,469.9396,1.0
2014-10-13 09:00:00,0.24,645.0266,1.0
2014-10-13 10:00:00,0.39,795.9898,1.0
2014-10-13 11:00:00,0.51,647.21075,1.0
2014-10-13 12:00:00,0.57,643.90314,1.0
2014-10-13 13:00:00,0.54,714.14325,1.0
2014-10-13 14:00:00,0.05,535.2742,1.0
2014-10-13 15:00:00,0.0,359.31494,1.0
2014-10-13 16:00:00,0.0,138.819,1.0
2014-10-13 17:00:00,0.0,5.7200384,0.4086111111111111
2014-10-13 18:00:00,0.0,0.0,0.0
2014-10-13 19:00:00,0.0,0.0,0.0
2014-10-13 20:00:00,0.0,0.0,0.0
2014-10-13 21:00:00,0.0,0.0,0.0
2014-10-13 22:00:00,0.0,0.0,0.0
2014-10-13 23:00:00,0.0,0.0,0.0
2014-10-14 00:00:00,0.0,0.0,0.0
2014-10-14 01:00:00,0.0,0.0,0.0
2014-10-14 02:00:00,0.0,0.0,0.0
2014-10-14 03:00:00,0.0,0.0,0.0
2014-10-14 04:00:00,0.0,0.0,0.0
2014-10-14 05:00:00,0.0,0.0,0.0
2014-10-14 06:00:00,0.0,60.01599,0.8319444444444445
2014-10-14 07:00:00,0.0,285.4205,1.0
2014-10-14 08:00:00,0.0,507.6024,1.0
2014-10-14 09:00:00,0.0,683.8882,1.0
2014-10-14 10:00:00,0.0,799.23364,1.0
2014-10-14 11:00:00,0.0,842.8581,1.0
2014-10-14 12:00:00,0.0,814.7777,1.0
2014-10-14 13:00:00,0.0,716.49426,1.0
2014-10-14 14:00:00,0.0,557.2004,1.0
2014-10-14 15:00:00,0.0,351.94543,1.0
2014-10-14 16:00:00,0.0,132.22772,1.0
2014-10-14 17:00:00,0.0,4.758935,0.38416666666666666
2014-10-14 18:00:00,0.0,0.0,0.0
2014-10-14 19:00:00,0.0,0.0,0.0
2014-10-14 20:00:00,0.0,0.0,0.0
2014-10-14 21:00:00,0.0,0.0,0.0
2014-10-14 22:00:00,0.16,0.0,0.0
2014-10-14 23:00:00,0.4,0.0,0.0
2014-10-15 00:00:00,0.11,0.0,0.0
2014-10-15 01:00:00,0.0,0.0,0.0
2014-10-15 02:00:00,0.0,0.0,0.0
2014-10-15 03:00:00,0.0,0.0,0.0
2014-10-15 04:00:00,0.0,0.0,0.0
2014-10-15 05:00:00,0.0,0.0,0.0
2014-10-15 06:00:00,0.0,58.7234,0.8147222222222222
2014-10-15 07:00:00,0.03,286.13763,1.0
2014-10-15 08:00:00,0.2,494.76904,1.0
2014-10-15 09:00:00,0.9,626.88513,1.0
2014-10-15 10:00:00,1.0,686.4183,1.0
2014-10-15 11:00:00,1.0,758.28046,1.0
2014-10-15 12:00:00,0.98,735.2382,1.0
2014-10-15 13:00:00,0.96,606.29865,1.0
2014-10-15 14:00:00,0.99,395.99933,1.0
2014-10-15 15:00:00,0.97,242.5052,1.0
2014-10-15 16:00:00,0.47,104.046715,1.0
2014-10-15 17:00:00,0.3,3.8885503,0.35944444444444446
2014-10-15 18:00:00,0.03,0.0,0.0
2014-10-15 19:00:00,0.01,0.0,0.0
2014-10-15 20:00:00,0.0,0.0,0.0
2014-10-15 21:00:00,0.0,0.0,0.0
2014-10-15 22:00:00,0.0,0.0,0.0
2014-10-15 23:00:00,0.0,0.0,0.0
2014-10-16 00:00:00,0.12,0.0,0.0
2014-10-16 01:00:00,0.09,0.0,0.0
2014-10-16 02:00:00,0.17,0.0,0.0
2014-10-16 03:00:00,0.35,0.0,0.0
2014-10-16 04:00:00,0.42,0.0,0.0
2014-10-16 05:00:00,0.35,0.0,0.0
2014-10-16 06:00:00,0.59,41.63896,0.7972222222222223
2014-10-16 07:00:00,0.72,234.46802,1.0
2014-10-16 08:00:00,0.88,444.22888,1.0
2014-10-16 09:00:00,0.64,603.8257,1.0
2014-10-16 10:00:00,0.59,755.71783,1.0
2014-10-16 11:00:00,0.13,821.0815,1.0
2014-10-16 12:00:00,0.1,787.78094,1.0
2014-10-16 13:00:00,0.33,669.0586,1.0
2014-10-16 14:00:00,0.17,529.4878,1.0
2014-10-16 15:00:00,0.19,313.28897,1.0
2014-10-16 16:00:00,0.68,116.42968,1.0
2014-10-16 17:00:00,0.72,2.914868,0.335
2014-10-16 18:00:00,0.57,0.0,0.0
2014-10-16 19:00:00,0.22,0.0,0.0
2014-10-16 20:00:00,0.2,0.0,0.0
2014-10-16 21:00:00,0.62,0.0,0.0
2014-10-16 22:00:00,0.07,0.0,0.0
2014-10-16 23:00:00,0.0,0.0,0.0
2014-10-17 00:00:00,0.15,0.0,0.0
2014-10-17 01:00:00,0.49,0.0,0.0
2014-10-17 02:00:00,0.13,0.0,0.0
2014-10-17 03:00:00,0.01,0.0,0.0
2014-10-17 04:00:00,0.0,0.0,0.0
2014-10-17 05:00:00,0.0,0.0,0.0
2014-10-17 06:00:00,0.19,47.134926,0.7797222222222222
2014-10-17 07:00:00,0.2,259.0556,1.0
2014-10-17 08:00:00,0.21,473.61172,1.0
2014-10-17 09:00:00,0.22,622.84375,1.0
2014-10-17 10:00:00,0.47,755.98975,1.0
2014-10-17 11:00:00,0.8,760.25806,1.0
2014-10-17 12:00:00,0.77,718.37103,1.0
2014-10-17 13:00:00,0.85,664.22626,1.0
2014-10-17 14:00:00,0.8,484.61874,1.0
2014-10-17 15:00:00,0.81,309.8484,1.0
2014-10-17 16:00:00,0.32,110.62771,1.0
2014-10-17 17:00:00,0.55,2.9374726,0.31055555555555553
2014-10-17 18:00:00,0.73,0.0,0.0
2014-10-17 19:00:00,0.89,0.0,0.0
2014-10-17 20:00:00,0.93,0.0,0.0
2014-10-17 21:00:00,0.91,0.0,0.0
2014-10-17 22:00:00,0.97,0.0,0.0
2014-10-17 23:00:00,0.92,0.0,0.0
2014-10-18 00:00:00,0.88,0.0,0.0
2014-10-18 01:00:00,0.66,0.0,0.0
2014-10-18 02:00:00,0.76,0.0,0.0
2014-10-18 03:00:00,0.97,0.0,0.0
2014-10-18 04:00:00,0.91,0.0,0.0
2014-10-18 05:00:00,0.95,0.0,0.0
2014-10-18 06:00:00,0.98,35.37755,0.7619444444444444
2014-10-18 07:00:00,0.98,196.52089,1.0
2014-10-18 08:00:00,0.97,404.63403,1.0
2014-10-18 09:00:00,0.97,577.1401,1.0
2014-10-18 10:00:00,0.91,719.98804,1.0
2014-10-18 11:00:00,0.82,769.84436,1.0
2014-10-18 12:00:00,0.78,657.6662,1.0
2014-10-18 13:00:00,0.83,522.27454,1.0
2014-10-18 14:00:00,0.86,366.47186,1.0
2014-10-18 15:00:00,0.78,239.45071,1.0
2014-10-18 16:00:00,0.65,90.35986,1.0
2014-10-18 17:00:00,0.59,1.9878461,0.2863888888888889
2014-10-18 18:00:00,0.44,0.0,0.0
2014-10-18 19:00:00,0.23,0.0,0.0
2014-10-18 20:00:00,0.23,0.0,0.0
2014-10-18 21:00:00,0.25,0.0,0.0
2014-10-18 22:00:00,0.07,0.0,0.0
2014-10-18 23:00:00,0.12,0.0,0.0
2014-10-19 00:00:00,0.2,0.0,0.0
2014-10-19 01:00:00,0.18,0.0,0.0
2014-10-19 02:00:00,0.32,0.0,0.0
2014-10-19 03:00:00,0.3,0.0,0.0
2014-10-19 04:00:00,0.3,0.0,0.0
2014-10-19 05:00:00,0.25,0.0,0.0
2014-10-19 06:00:00,0.25,32.75387,0.7441666666666666
2014-10-19 07:00:00,0.14,222.56084,1.0
2014-10-19 08:00:00,0.15,461.5289,1.0
2014-10-19 09:00:00,0.16,638.7181,1.0
2014-10-19 10:00:00,0.12,709.685,1.0
2014-10-19 11:00:00,0.16,695.7964,1.0
2014-10-19 12:00:00,0.17,705.3468,1.0
2014-10-19 13:00:00,0.13,649.4596,1.0
2014-10-19 14:00:00,0.09,465.06827,1.0
2014-10-19 15:00:00,0.37,276.0535,1.0
2014-10-19 16:00:00,0.56,92.066124,1.0
2014-10-19 17:00:00,0.29,0.0,0.2625
2014-10-19 18:00:00,0.18,0.0,0.0
2014-10-19 19:00:00,0.07,0.0,0.0
2014-10-19 20:00:00,0.08,0.0,0.0
2014-10-19 21:00:00,0.12,0.0,0.0
2014-10-19 22:00:00,0.13,0.0,0.0
2014-10-19 23:00:00,0.1,0.0,0.0
2014-10-20 00:00:00,0.03,0.0,0.0
2014-10-20 01:00:00,0.0,0.0,0.0
2014-10-20 02:00:00,0.0,0.0,0.0
2014-10-20 03:00:00,0.0,0.0,0.0
2014-10-20 04:00:00,0.0,0.0,0.0
2014-10-20 05:00:00,0.0,0.0,0.0
2014-10-20 06:00:00,0.0,41.60815,0.7263888888888889
2014-10-20 07:00:00,0.0,249.30084,1.0
2014-10-20 08:00:00,0.0,463.7883,1.0
2014-10-20 09:00:00,0.0,636.5954,1.0
2014-10-20 10:00:00,0.0,748.46216,1.0
2014-10-20 11:00:00,0.16,721.3137,1.0
2014-10-20 12:00:00,0.23,691.53766,1.0
2014-10-20 13:00:00,0.17,622.3331,1.0
2014-10-20 14:00:00,0.17,454.1454,1.0
2014-10-20 15:00:00,0.35,278.90198,1.0
2014-10-20 16:00:00,0.36,91.733246,1.0
2014-10-20 17:00:00,0.3,0.0,0.2386111111111111
2014-10-20 18:00:00,0.3,0.0,0.0
2014-10-20 19:00:00,0.1,0.0,0.0
2014-10-20 20:00:00,0.03,0.0,0.0
2014-10-20 21:00:00,0.02,0.0,0.0
2014-10-20 22:00:00,0.0,0.0,0.0
2014-10-20 23:00:00,0.0,0.0,0.0
2014-10-21 00:00:00,0.0,0.0,0.0
2014-10-21 01:00:00,0.0,0.0,0.0
2014-10-21 02:00:00,0.0,0.0,0.0
2014-10-21 03:00:00,0.1,0.0,0.0
2014-10-21 04:00:00,0.16,0.0,0.0
2014-10-21 05:00:00,0.16,0.0,0.0
2014-10-21 06:00:00,0.09,39.002293,0.7083333333333334
2014-10-21 07:00:00,0.01,240.4683,1.0
2014-10-21 08:00:00,0.05,451.57675,1.0
2014-10-21 09:00:00,0.04,619.8061,1.0
2014-10-21 10:00:00,0.12,726.37756,1.0
2014-10-21 11:00:00,0.28,755.1528,1.0
2014-10-21 12:00:00,0.44,655.91797,1.0
2014-10-21 13:00:00,0.41,543.7228,1.0
2014-10-21 14:00:00,0.43,429.20963,1.0
2014-10-21 15:00:00,0.39,230.71712,1.0
2014-10-21 16:00:00,0.56,74.637665,1.0
2014-10-21 17:00:00,0.79,0.0,0.215
2014-10-21 18:00:00,0.88,0.0,0.0
2014-10-21 19:00:00,0.96,0.0,0.0
2014-10-21 20:00:00,0.92,0.0,0.0
2014-10-21 21:00:00,0.85,0.0,0.0
2014-10-21 22:00:00,0.85,0.0,0.0
2014-10-21 23:00:00,0.73,0.0,0.0
2014-10-22 00:00:00,0.62,0.0,0.0
2014-10-22 01:00:00,0.33,0.0,0.0
2014-10-22 02:00:00,0.19,0.0,0.0
2014-10-22 03:00:00,0.17,0.0,0.0
2014-10-22 04:00:00,0.26,0.0,0.0
2014-10-22 05:00:00,0.46,0.0,0.0
2014-10-22 06:00:00,0.19,34.139736,0.6902777777777778
2014-10-22 07:00:00,0.01,221.2932,1.0
2014-10-22 08:00:00,0.0,432.89978,1.0
2014-10-22 09:00:00,0.06,551.79926,1.0
2014-10-22 10:00:00,0.34,655.364,1.0
2014-10-22 11:00:00,0.38,675.67596,1.0
2014-10-22 12:00:00,0.32,666.1094,1.0
2014-10-22 13:00:00,0.41,545.6151,1.0
2014-10-22 14:00:00,0.46,357.76004,1.0
2014-10-22 15:00:00,0.6,261.1794,1.0
2014-10-22 16:00:00,0.83,76.55672,1.0
2014-10-22 17:00:00,0.62,0.0,0.19166666666666668
2014-10-22 18:00:00,0.55,0.0,0.0
2014-10-22 19:00:00,0.39,0.0,0.0
2014-10-22 20:00:00,0.24,0.0,0.0
2014-10-22 21:00:00,0.12,0.0,0.0
2014-10-22 22:00:00,0.11,0.0,0.0
2014-10-22 23:00:00,0.0,0.0,0.0
2014-10-23 00:00:00,0.0,0.0,0.0
2014-10-23 01:00:00,0.0,0.0,0.0
2014-10-23 02:00:00,0.0,0.0,0.0
2014-10-23 03:00:00,0.6,0.0,0.0
2014-10-23 04:00:00,0.36,0.0,0.0
2014-10-23 05:00:00,0.26,0.0,0.0
2014-10-23 06:00:00,0.06,35.859234,0.6722222222222223
2014-10-23 07:00:00,0.02,240.90158,1.0
2014-10-23 08:00:00,0.02,454.58783,1.0
2014-10-23 09:00:00,0.04,625.69995,1.0
2014-10-23 10:00:00,0.16,736.60504,1.0
2014-10-23 11:00:00,0.61,774.38763,1.0
2014-10-23 12:00:00,0.84,684.20105,1.0
2014-10-23 13:00:00,0.79,584.70935,1.0
2014-10-23 14:00:00,0.73,441.171,1.0
2014-10-23 15:00:00,0.45,291.4314,1.0
2014-10-23 16:00:00,0.54,88.37437,1.0
2014-10-23 17:00:00,0.78,0.0,0.1686111111111111
2014-10-23 18:00:00,0.46,0.0,0.0
2014-10-23 19:00:00,0.44,0.0,0.0
2014-10-23 20:00:00,0.51,0.0,0.0
2014-10-23 21:00:00,0.46,0.0,0.0
2014-10-23 22:00:00,0.91,0.0,0.0
2014-10-23 23:00:00,0.96,0.0,0.0
2014-10-24 00:00:00,0.99,0.0,0.0
2014-10-24 01:00:00,0.98,0.0,0.0
2014-10-24 02:00:00,0.97,0.0,0.0
2014-10-24 03:00:00,0.99,0.0,0.0
2014-10-24 04:00:00,1.0,0.0,0.0
2014-10-24 05:00:00,1.0,0.0,0.0
2014-10-24 06:00:00,1.0,7.9513845,0.6541666666666667
2014-10-24 07:00:00,1.0,50.801575,1.0
2014-10-24 08:00:00,1.0,250.48505,1.0
2014-10-24 09:00:00,1.0,508.9117,1.0
2014-10-24 10:00:00,1.0,717.1163,1.0
2014-10-24 11:00:00,0.4,780.66907,1.0
2014-10-24 12:00:00,0.27,759.85474,1.0
2014-10-24 13:00:00,0.0,644.9093,1.0
2014-10-24 14:00:00,0.0,502.06146,1.0
2014-10-24 15:00:00,0.0,299.08212,1.0
2014-10-24 16:00:00,0.0,89.65312,1.0
2014-10-24 17:00:00,0.0,0.0,0.14583333333333334
2014-10-24 18:00:00,0.0,0.0,0.0
2014-10-24 19:00:00,0.0,0.0,0.0
2014-10-24 20:00:00,0.0,0.0,0.0
2014-10-24 21:00:00,0.0,0.0,0.0
2014-10-24 22:00:00,0.0,0.0,0.0
2014-10-24 23:00:00,0.0,0.0,0.0
2014-10-25 00:00:00,0.0,0.0,0.0
2014-10-25 01:00:00,0.0,0.0,0.0
2014-10-25 02:00:00,0.0,0.0,0.0
2014-10-25 03:00:00,0.0,0.0,0.0
2014-10-25 04:00:00,0.0,0.0,0.0
2014-10-25 05:00:00,0.0,0.0,0.0
2014-10-25 06:00:00,0.0,32.291264,0.6358333333333334
2014-10-25 07:00:00,0.0,241.99562,1.0
2014-10-25 08:00:00,0.0,462.08826,1.0
2014-10-25 09:00:00,0.0,636.66705,1.0
2014-10-25 10:00:00,0.0,750.6804,1.0
2014-10-25 11:00:00,0.0,791.0078,1.0
2014-10-25 12:00:00,0.0,760.7582,1.0
2014-10-25 13:00:00,0.0,659.9734,1.0
2014-10-25 14:00:00,0.0,498.8759,1.0
2014-10-25 15:00:00,0.0,295.55154,1.0
2014-10-25 16:00:00,0.0,86.99547,1.0
2014-10-25 17:00:00,0.0,0.0,0.12361111111111112
2014-10-25 18:00:00,0.0,0.0,0.0
2014-10-25 19:00:00,0.0,0.0,0.0
2014-10-25 20:00:00,0.0,0.0,0.0
2014-10-25 21:00:00,0.0,0.0,0.0
2014-10-25 22:00:00,0.0,0.0,0.0
2014-10-25 23:00:00,0.0,0.0,0.0
2014-10-26 00:00:00,0.0,0.0,0.0
2014-10-26 01:00:00,0.26,0.0,0.0
2014-10-26 02:00:00,0.28,0.0,0.0
2014-10-26 03:00:00,0.06,0.0,0.0
2014-10-26 04:00:00,0.12,0.0,0.0
2014-10-26 05:00:00,0.35,0.0,0.0
2014-10-26 06:00:00,0.49,21.858376,0.6175
2014-10-26 07:00:00,0.49,175.58566,1.0
2014-10-26 08:00:00,0.19,399.8816,1.0
2014-10-26 09:00:00,0.04,580.7817,1.0
2014-10-26 10:00:00,0.27,694.553,1.0
2014-10-26 11:00:00,0.18,759.8834,1.0
2014-10-26 12:00:00,0.2,735.24524,1.0
2014-10-26 13:00:00,0.1,555.3956,1.0
2014-10-26 14:00:00,0.29,469.59308,1.0
2014-10-26 15:00:00,0.21,272.2633,1.0
2014-10-26 16:00:00,0.44,70.50195,1.0
2014-10-26 17:00:00,0.66,0.0,0.10166666666666667
2014-10-26 18:00:00,0.68,0.0,0.0
2014-10-26 19:00:00,0.63,0.0,0.0
2014-10-26 20:00:00,0.83,0.0,0.0
2014-10-26 21:00:00,0.95,0.0,0.0
2014-10-26 22:00:00,0.91,0.0,0.0
2014-10-26 23:00:00,0.92,0.0,0.0
2014-10-27 00:00:00,0.7,0.0,0.0
2014-10-27 01:00:00,0.54,0.0,0.0
2014-10-27 02:00:00,0.3,0.0,0.0
2014-10-27 03:00:00,0.56,0.0,0.0
2014-10-27 04:00:00,0.59,0.0,0.0
2014-10-27 05:00:00,0.43,0.0,0.0
2014-10-27 06:00:00,0.33,22.564528,0.5994444444444444
2014-10-27 07:00:00,0.32,167.67624,1.0
2014-10-27 08:00:00,0.3,259.56555,1.0
2014-10-27 09:00:00,0.43,353.54584,1.0
2014-10-27 10:00:00,0.49,385.018,1.0
2014-10-27 11:00:00,0.79,358.59512,1.0
2014-10-27 12:00:00,0.8,435.8245,1.0
2014-10-27 13:00:00,0.68,255.68288,1.0
2014-10-27 14:00:00,0.66,224.31125,1.0
2014-10-27 15:00:00,0.6,165.91144,1.0
2014-10-27 16:00:00,0.49,71.177895,1.0
2014-10-27 17:00:00,0.38,0.0,0.08
2014-10-27 18:00:00,0.12,0.0,0.0
2014-10-27 19:00:00,0.18,0.0,0.0
2014-10-27 20:00:00,0.71,0.0,0.0
2014-10-27 21:00:00,0.86,0.0,0.0
2014-10-27 22:00:00,0.84,0.0,0.0
2014-10-27 23:00:00,0.85,0.0,0.0
2014-10-28 00:00:00,0.57,0.0,0.0
2014-10-28 01:00:00,0.15,0.0,0.0
2014-10-28 02:00:00,0.11,0.0,0.0
2014-10-28 03:00:00,0.24,0.0,0.0
2014-10-28 04:00:00,0.06,0.0,0.0
2014-10-28 05:00:00,0.0,0.0,0.0
2014-10-28 06:00:00,0.0,21.896431,0.5808333333333333
2014-10-28 07:00:00,0.0,191.1069,1.0
2014-10-28 08:00:00,0.0,410.4331,1.0
2014-10-28 09:00:00,0.0,614.9103,1.0
2014-10-28 10:00:00,0.0,731.09143,1.0
2014-10-28 11:00:00,0.0,778.9922,1.0
2014-10-28 12:00:00,0.11,738.54596,1.0
2014-10-28 13:00:00,0.15,635.49176,1.0
2014-10-28 14:00:00,0.08,478.73453,1.0
2014-10-28 15:00:00,0.1,280.49063,1.0
2014-10-28 16:00:00,0.02,75.1885,1.0
2014-10-28 17:00:00,0.0,0.0,0.058888888888888886
2014-10-28 18:00:00,0.0,0.0,0.0
2014-10-28 19:00:00,0.0,0.0,0.0
2014-10-28 20:00:00,0.0,0.0,0.0
2014-10-28 21:00:00,0.0,0.0,0.0
2014-10-28 22:00:00,0.0,0.0,0.0
2014-10-28 23:00:00,0.0,0.0,0.0
2014-10-29 00:00:00,0.0,0.0,0.0
2014-10-29 01:00:00,0.0,0.0,0.0
2014-10-29 02:00:00,0.0,0.0,0.0
2014-10-29 03:00:00,0.0,0.0,0.0
2014-10-29 04:00:00,0.0,0.0,0.0
2014-10-29 05:00:00,0.0,0.0,0.0
2014-10-29 06:00:00,0.0,24.785872,0.5625
2014-10-29 07:00:00,0.0,227.5326,1.0
2014-10-29 08:00:00,0.0,445.46057,1.0
2014-10-29 09:00:00,0.0,620.737,1.0
2014-10-29 10:00:00,0.0,730.9648,1.0
2014-10-29 11:00:00,0.0,774.4689,1.0
2014-10-29 12:00:00,0.0,741.8629,1.0
2014-10-29 13:00:00,0.0,639.7991,1.0
2014-10-29 14:00:00,0.0,479.7599,1.0
2014-10-29 15:00:00,0.0,277.0501,1.0
2014-10-29 16:00:00,0.0,73.57453,1.0
2014-10-29 17:00:00,0.0,0.0,0.03833333333333333
2014-10-29 18:00:00,0.2,0.0,0.0
2014-10-29 19:00:00,0.14,0.0,0.0
2014-10-29 20:00:00,0.0,0.0,0.0
2014-10-29 21:00:00,0.0,0.0,0.0
2014-10-29 22:00:00,0.04,0.0,0.0
2014-10-29 23:00:00,0.0,0.0,0.0
2014-10-30 00:00:00,0.0,0.0,0.0
2014-10-30 01:00:00,0.0,0.0,0.0
2014-10-30 02:00:00,0.0,0.0,0.0
2014-10-30 03:00:00,0.0,0.0,0.0
2014-10-30 04:00:00,0.0,0.0,0.0
2014-10-30 05:00:00,0.0,0.0,0.0
2014-10-30 06:00:00,0.0,21.605497,0.5441666666666667
2014-10-30 07:00:00,0.0,210.4545,1.0
2014-10-30 08:00:00,0.0,422.44348,1.0
2014-10-30 09:00:00,0.0,592.74097,1.0
2014-10-30 10:00:00,0.0,705.6453,1.0
2014-10-30 11:00:00,0.0,750.3882,1.0
2014-10-30 12:00:00,0.0,721.89636,1.0
2014-10-30 13:00:00,0.0,625.7041,1.0
2014-10-30 14:00:00,0.0,466.81683,1.0
2014-10-30 15:00:00,0.02,267.44037,1.0
2014-10-30 16:00:00,0.14,67.981255,1.0
2014-10-30 17:00:00,0.42,0.0,0.018333333333333333
2014-10-30 18:00:00,0.39,0.0,0.0
2014-10-30 19:00:00,0.23,0.0,0.0
2014-10-30 20:00:00,0.17,0.0,0.0
2014-10-30 21:00:00,0.11,0.0,0.0
2014-10-30 22:00:00,0.11,0.0,0.0
2014-10-30 23:00:00,0.07,0.0,0.0
2014-10-31 00:00:00,0.07,0.0,0.0
2014-10-31 01:00:00,0.1,0.0,0.0
2014-10-31 02:00:00,0.56,0.0,0.0
2014-10-31 03:00:00,0.69,0.0,0.0
2014-10-31 04:00:00,0.87,0.0,0.0
2014-10-31 05:00:00,0.9,0.0,0.0
2014-10-31 06:00:00,0.98,16.644709,0.5258333333333334
2014-10-31 07:00:00,0.91,180.08797,1.0
2014-10-31 08:00:00,0.92,371.24304,1.0
2014-10-31 09:00:00,0.95,551.442,1.0
2014-10-31 10:00:00,0.97,695.33887,1.0
2014-10-31 11:00:00,0.9,689.7096,1.0
2014-10-31 12:00:00,0.47,694.25836,1.0
2014-10-31 13:00:00,0.58,608.9153,1.0
2014-10-31 14:00:00,0.84,447.88986,1.0
2014-10-31 15:00:00,0.84,249.11855,1.0
2014-10-31 16:00:00,0.75,55.939877,0.9986111111111111
2014-10-31 17:00:00,0.71,0.0,0.0
2014-10-31 18:00:00,0.32,0.0,0.0
2014-10-31 19:00:00,0.14,0.0,0.0
2014-10-31 20:00:00,0.03,0.0,0.0
2014-10-31 21:00:00,0.0,0.0,0.0
2014-10-31 22:00:00,0.0,0.0,0.0
2014-10-31 23:00:00,0.01,0.0,0.0
2014-11-01 00:00:00,0.01,0.0,0.0
2014-11-01 01:00:00,0.05,0.0,0.0
2014-11-01 02:00:00,0.12,0.0,0.0
2014-11-01 03:00:00,0.27,0.0,0.0
2014-11-01 04:00:00,0.58,0.0,0.0
2014-11-01 05:00:00,0.77,0.0,0.0
2014-11-01 06:00:00,0.87,12.431757,0.5072222222222222
2014-11-01 07:00:00,0.93,170.40735,1.0
2014-11-01 08:00:00,0.91,372.21484,1.0
2014-11-01 09:00:00,0.98,543.65576,1.0
2014-11-01 10:00:00,1.0,658.05664,1.0
2014-11-01 11:00:00,1.0,433.13306,1.0
2014-11-01 12:00:00,1.0,491.70447,1.0
2014-11-01 13:00:00,1.0,318.99686,1.0
2014-11-01 14:00:00,0.94,348.1688,1.0
2014-11-01 15:00:00,0.36,220.18636,1.0
2014-11-01 16:00:00,0.05,59.487026,0.9794444444444445
2014-11-01 17:00:00,0.2,0.0,0.0
2014-11-01 18:00:00,0.4,0.0,0.0
2014-11-01 19:00:00,0.52,0.0,0.0
2014-11-01 20:00:00,0.69,0.0,0.0
2014-11-01 21:00:00,0.39,0.0,0.0
2014-11-01 22:00:00,0.0,0.0,0.0
2014-11-01 23:00:00,0.01,0.0,0.0
2014-11-02 00:00:00,0.64,0.0,0.0
2014-11-02 01:00:00,0.7,0.0,0.0
2014-11-02 02:00:00,0.79,0.0,0.0
2014-11-02 03:00:00,0.61,0.0,0.0
2014-11-02 04:00:00,0.56,0.0,0.0
2014-11-02 05:00:00,0.21,0.0,0.0
2014-11-02 06:00:00,0.13,13.394951,0.4886111111111111
2014-11-02 07:00:00,0.0,193.0353,1.0
2014-11-02 08:00:00,0.97,352.1732,1.0
2014-11-02 09:00:00,0.99,495.9939,1.0
2014-11-02 10:00:00,0.74,667.29755,1.0
2014-11-02 11:00:00,0.58,632.22284,1.0
2014-11-02 12:00:00,0.6,578.5757,1.0
2014-11-02 13:00:00,0.75,470.13376,1.0
2014-11-02 14:00:00,0.8,310.1434,1.0
2014-11-02 15:00:00,0.97,143.13007,1.0
2014-11-02 16:00:00,0.99,35.410583,0.9608333333333333
2014-11-02 17:00:00,0.83,0.0,0.0
2014-11-02 18:00:00,0.65,0.0,0.0
2014-11-02 19:00:00,0.43,0.0,0.0
2014-11-02 20:00:00,0.06,0.0,0.0
2014-11-02 21:00:00,0.01,0.0,0.0
2014-11-02 22:00:00,0.0,0.0,0.0
2014-11-02 23:00:00,0.0,0.0,0.0
2014-11-03 00:00:00,0.25,0.0,0.0
2014-11-03 01:00:00,0.32,0.0,0.0
2014-11-03 02:00:00,0.43,0.0,0.0
2014-11-03 03:00:00,0.74,0.0,0.0
2014-11-03 04:00:00,0.73,0.0,0.0
2014-11-03 05:00:00,0.59,0.0,0.0
2014-11-03 06:00:00,0.78,5.8663673,0.47
2014-11-03 07:00:00,0.76,88.728424,1.0
2014-11-03 08:00:00,0.73,235.92223,1.0
2014-11-03 09:00:00,0.84,219.76335,1.0
2014-11-03 10:00:00,0.9,334.71112,1.0
2014-11-03 11:00:00,0.98,379.99896,1.0
2014-11-03 12:00:00,0.96,275.57556,1.0
2014-11-03 13:00:00,0.89,293.50586,1.0
2014-11-03 14:00:00,0.79,249.20927,1.0
2014-11-03 15:00:00,0.8,107.03041,1.0
2014-11-03 16:00:00,0.74,28.28858,0.9422222222222222
2014-11-03 17:00:00,0.63,0.0,0.0
2014-11-03 18:00:00,0.43,0.0,0.0
2014-11-03 19:00:00,0.43,0.0,0.0
2014-11-03 20:00:00,0.13,0.0,0.0
2014-11-03 21:00:00,0.01,0.0,0.0
2014-11-03 22:00:00,0.03,0.0,0.0
2014-11-03 23:00:00,0.06,0.0,0.0
2014-11-04 00:00:00,0.1,0.0,0.0
2014-11-04 01:00:00,0.1,0.0,0.0
2014-11-04 02:00:00,0.0,0.0,0.0
2014-11-04 03:00:00,0.0,0.0,0.0
2014-11-04 04:00:00,0.0,0.0,0.0
2014-11-04 05:00:00,0.0,0.0,0.0
2014-11-04 06:00:00,0.0,13.868198,0.45111111111111113
2014-11-04 07:00:00,0.0,203.85051,1.0
2014-11-04 08:00:00,0.0,424.60046,1.0
2014-11-04 09:00:00,0.0,602.31525,1.0
2014-11-04 10:00:00,0.0,716.3416,1.0
2014-11-04 11:00:00,0.0,760.4535,1.0
2014-11-04 12:00:00,0.0,730.396,1.0
2014-11-04 13:00:00,0.0,629.20856,1.0
2014-11-04 14:00:00,0.0,467.18503,1.0
2014-11-04 15:00:00,0.0,262.27063,1.0
2014-11-04 16:00:00,0.0,58.684067,0.9238888888888889
2014-11-04 17:00:00,0.0,0.0,0.0
2014-11-04 18:00:00,0.0,0.0,0.0
2014-11-04 19:00:00,0.0,0.0,0.0
2014-11-04 20:00:00,0.0,0.0,0.0
2014-11-04 21:00:00,0.0,0.0,0.0
2014-11-04 22:00:00,0.0,0.0,0.0
2014-11-04 23:00:00,0.07,0.0,0.0
2014-11-05 00:00:00,0.06,0.0,0.0
2014-11-05 01:00:00,0.01,0.0,0.0
2014-11-05 02:00:00,0.01,0.0,0.0
2014-11-05 03:00:00,0.0,0.0,0.0
2014-11-05 04:00:00,0.01,0.0,0.0
2014-11-05 05:00:00,0.05,0.0,0.0
2014-11-05 06:00:00,0.03,12.142565,0.43194444444444446
2014-11-05 07:00:00,0.02,185.59177,1.0
2014-11-05 08:00:00,0.04,400.06363,1.0
2014-11-05 09:00:00,0.04,572.8149,1.0
2014-11-05 10:00:00,0.04,689.85376,1.0
2014-11-05 11:00:00,0.08,719.74475,1.0
2014-11-05 12:00:00,0.22,702.39545,1.0
2014-11-05 13:00:00,0.32,597.3155,1.0
2014-11-05 14:00:00,0.7,444.10507,1.0
2014-11-05 15:00:00,0.11,239.13977,1.0
2014-11-05 16:00:00,0.21,52.875633,0.9061111111111111
2014-11-05 17:00:00,0.2,0.0,0.0
2014-11-05 18:00:00,0.28,0.0,0.0
2014-11-05 19:00:00,0.19,0.0,0.0
2014-11-05 20:00:00,0.12,0.0,0.0
2014-11-05 21:00:00,0.05,0.0,0.0
2014-11-05 22:00:00,0.0,0.0,0.0
2014-11-05 23:00:00,0.0,0.0,0.0
2014-11-06 00:00:00,0.0,0.0,0.0
2014-11-06 01:00:00,0.0,0.0,0.0
2014-11-06 02:00:00,0.0,0.0,0.0
2014-11-06 03:00:00,0.0,0.0,0.0
2014-11-06 04:00:00,0.0,0.0,0.0
2014-11-06 05:00:00,0.0,0.0,0.0
2014-11-06 06:00:00,0.0,10.270737,0.4127777777777778
2014-11-06 07:00:00,0.0,185.54224,1.0
2014-11-06 08:00:00,0.0,397.39294,1.0
2014-11-06 09:00:00,0.0,568.15906,1.0
2014-11-06 10:00:00,0.0,679.56366,1.0
2014-11-06 11:00:00,0.0,724.39746,1.0
2014-11-06 12:00:00,0.0,694.5074,1.0
2014-11-06 13:00:00,0.0,594.2335,1.0
2014-11-06 14:00:00,0.0,439.71643,1.0
2014-11-06 15:00:00,0.0,241.59828,1.0
2014-11-06 16:00:00,0.0,50.993336,0.8883333333333333
2014-11-06 17:00:00,0.0,0.0,0.0
2014-11-06 18:00:00,0.0,0.0,0.0
2014-11-06 19:00:00,0.0,0.0,0.0
2014-11-06 20:00:00,0.0,0.0,0.0
2014-11-06 21:00:00,0.07,0.0,0.0
2014-11-06 22:00:00,0.31,0.0,0.0
2014-11-06 23:00:00,0.19,0.0,0.0
2014-11-07 00:00:00,0.4,0.0,0.0
2014-11-07 01:00:00,0.73,0.0,0.0
2014-11-07 02:00:00,0.71,0.0,0.0
2014-11-07 03:00:00,0.33,0.0,0.0
2014-11-07 04:00:00,0.07,0.0,0.0
2014-11-07 05:00:00,0.15,0.0,0.0
2014-11-07 06:00:00,0.84,6.2303467,0.39361111111111113
2014-11-07 07:00:00,0.89,119.44861,1.0
2014-11-07 08:00:00,0.93,174.16643,1.0
2014-11-07 09:00:00,1.0,256.32874,1.0
2014-11-07 10:00:00,0.95,306.823,1.0
2014-11-07 11:00:00,0.78,418.09195,1.0
2014-11-07 12:00:00,0.2,492.71704,1.0
2014-11-07 13:00:00,0.14,605.51404,1.0
2014-11-07 14:00:00,0.13,443.05862,1.0
2014-11-07 15:00:00,0.03,215.35056,1.0
2014-11-07 16:00:00,0.14,46.353714,0.8711111111111111
2014-11-07 17:00:00,0.29,0.0,0.0
2014-11-07 18:00:00,0.07,0.0,0.0
2014-11-07 19:00:00,0.15,0.0,0.0
2014-11-07 20:00:00,0.3,0.0,0.0
2014-11-07 21:00:00,0.87,0.0,0.0
2014-11-07 22:00:00,0.97,0.0,0.0
2014-11-07 23:00:00,0.98,0.0,0.0
2014-11-08 00:00:00,0.98,0.0,0.0
2014-11-08 01:00:00,0.42,0.0,0.0
2014-11-08 02:00:00,0.09,0.0,0.0
2014-11-08 03:00:00,0.04,0.0,0.0
2014-11-08 04:00:00,0.02,0.0,0.0
2014-11-08 05:00:00,0.01,0.0,0.0
2014-11-08 06:00:00,0.01,8.702594,0.37444444444444447
2014-11-08 07:00:00,0.01,181.37706,1.0
2014-11-08 08:00:00,0.0,393.74994,1.0
2014-11-08 09:00:00,0.0,566.15576,1.0
2014-11-08 10:00:00,0.0,678.3121,1.0
2014-11-08 11:00:00,0.0,721.1668,1.0
2014-11-08 12:00:00,0.0,694.90424,1.0
2014-11-08 13:00:00,0.0,598.57245,1.0
2014-11-08 14:00:00,0.0,441.20193,1.0
2014-11-08 15:00:00,0.0,241.51727,1.0
2014-11-08 16:00:00,0.0,48.151855,0.8541666666666666
2014-11-08 17:00:00,0.26,0.0,0.0
2014-11-08 18:00:00,0.64,0.0,0.0
2014-11-08 19:00:00,0.46,0.0,0.0
2014-11-08 20:00:00,0.1,0.0,0.0
2014-11-08 21:00:00,0.03,0.0,0.0
2014-11-08 22:00:00,0.37,0.0,0.0
2014-11-08 23:00:00,0.39,0.0,0.0
2014-11-09 00:00:00,0.26,0.0,0.0
2014-11-09 01:00:00,0.36,0.0,0.0
2014-11-09 02:00:00,0.81,0.0,0.0
2014-11-09 03:00:00,0.88,0.0,0.0
2014-11-09 04:00:00,0.94,0.0,0.0
2014-11-09 05:00:00,0.98,0.0,0.0
2014-11-09 06:00:00,0.94,2.981769,0.3552777777777778
2014-11-09 07:00:00,0.8,95.911354,1.0
2014-11-09 08:00:00,0.78,253.35928,1.0
2014-11-09 09:00:00,0.66,433.06238,1.0
2014-11-09 10:00:00,0.56,592.16785,1.0
2014-11-09 11:00:00,0.53,701.58295,1.0
2014-11-09 12:00:00,0.8,644.0614,1.0
2014-11-09 13:00:00,0.93,472.00446,1.0
2014-11-09 14:00:00,0.9,324.10214,1.0
2014-11-09 15:00:00,0.84,195.3134,1.0
2014-11-09 16:00:00,0.67,38.76814,0.8377777777777777
2014-11-09 17:00:00,0.74,0.0,0.0
2014-11-09 18:00:00,0.61,0.0,0.0
2014-11-09 19:00:00,0.54,0.0,0.0
2014-11-09 20:00:00,0.48,0.0,0.0
2014-11-09 21:00:00,0.67,0.0,0.0
2014-11-09 22:00:00,0.7,0.0,0.0
2014-11-09 23:00:00,0.54,0.0,0.0
2014-11-10 00:00:00,0.58,0.0,0.0
2014-11-10 01:00:00,0.21,0.0,0.0
2014-11-10 02:00:00,0.3,0.0,0.0
2014-11-10 03:00:00,0.08,0.0,0.0
2014-11-10 04:00:00,0.0,0.0,0.0
2014-11-10 05:00:00,0.0,0.0,0.0
2014-11-10 06:00:00,0.03,5.590473,0.33611111111111114
2014-11-10 07:00:00,0.06,173.41312,1.0
2014-11-10 08:00:00,0.12,383.79428,1.0
2014-11-10 09:00:00,0.11,506.55505,1.0
2014-11-10 10:00:00,0.6,627.10425,1.0
2014-11-10 11:00:00,0.7,466.67615,1.0
2014-11-10 12:00:00,0.97,179.9991,1.0
2014-11-10 13:00:00,0.95,101.842545,1.0
2014-11-10 14:00:00,0.98,99.75094,1.0
2014-11-10 15:00:00,0.97,52.57308,1.0
2014-11-10 16:00:00,0.98,10.933154,0.8216666666666667
2014-11-10 17:00:00,0.97,0.0,0.0
2014-11-10 18:00:00,0.54,0.0,0.0
2014-11-10 19:00:00,0.65,0.0,0.0
2014-11-10 20:00:00,0.61,0.0,0.0
2014-11-10 21:00:00,0.5,0.0,0.0
2014-11-10 22:00:00,0.41,0.0,0.0
2014-11-10 23:00:00,0.37,0.0,0.0
2014-11-11 00:00:00,0.52,0.0,0.0
2014-11-11 01:00:00,0.74,0.0,0.0
2014-11-11 02:00:00,0.74,0.0,0.0
2014-11-11 03:00:00,0.8,0.0,0.0
2014-11-11 04:00:00,0.74,0.0,0.0
2014-11-11 05:00:00,0.44,0.0,0.0
2014-11-11 06:00:00,0.45,5.72841,0.31666666666666665
2014-11-11 07:00:00,0.78,165.35844,1.0
2014-11-11 08:00:00,0.98,361.68753,1.0
2014-11-11 09:00:00,0.99,537.82416,1.0
2014-11-11 10:00:00,1.0,618.9308,1.0
2014-11-11 11:00:00,0.93,622.27905,1.0
2014-11-11 12:00:00,0.9,603.22034,1.0
2014-11-11 13:00:00,0.95,459.83884,1.0
2014-11-11 14:00:00,0.66,387.18674,1.0
2014-11-11 15:00:00,0.96,185.54468,1.0
2014-11-11 16:00:00,1.0,30.664093,0.8061111111111111
2014-11-11 17:00:00,0.95,0.0,0.0
2014-11-11 18:00:00,1.0,0.0,0.0
2014-11-11 19:00:00,1.0,0.0,0.0
2014-11-11 20:00:00,1.0,0.0,0.0
2014-11-11 21:00:00,1.0,0.0,0.0
2014-11-11 22:00:00,1.0,0.0,0.0
2014-11-11 23:00:00,1.0,0.0,0.0
2014-11-12 00:00:00,1.0,0.0,0.0
2014-11-12 01:00:00,1.0,0.0,0.0
2014-11-12 02:00:00,1.0,0.0,0.0
2014-11-12 03:00:00,1.0,0.0,0.0
2014-11-12 04:00:00,1.0,0.0,0.0
2014-11-12 05:00:00,1.0,0.0,0.0
2014-11-12 06:00:00,1.0,0.0,0.2975
2014-11-12 07:00:00,1.0,12.921,1.0
2014-11-12 08:00:00,1.0,76.53208,1.0
2014-11-12 09:00:00,1.0,236.74118,1.0
2014-11-12 10:00:00,1.0,312.13074,1.0
2014-11-12 11:00:00,1.0,297.95016,1.0
2014-11-12 12:00:00,1.0,294.3201,1.0
2014-11-12 13:00:00,1.0,348.13083,1.0
2014-11-12 14:00:00,1.0,246.1255,1.0
2014-11-12 15:00:00,0.9,127.91272,1.0
2014-11-12 16:00:00,1.0,19.818111,0.7911111111111111
2014-11-12 17:00:00,0.99,0.0,0.0
2014-11-12 18:00:00,1.0,0.0,0.0
2014-11-12 19:00:00,0.99,0.0,0.0
2014-11-12 20:00:00,0.73,0.0,0.0
2014-11-12 21:00:00,0.76,0.0,0.0
2014-11-12 22:00:00,0.68,0.0,0.0
2014-11-12 23:00:00,0.6,0.0,0.0
2014-11-13 00:00:00,0.54,0.0,0.0
2014-11-13 01:00:00,0.45,0.0,0.0
2014-11-13 02:00:00,0.96,0.0,0.0
2014-11-13 03:00:00,0.66,0.0,0.0
2014-11-13 04:00:00,0.66,0.0,0.0
2014-11-13 05:00:00,0.93,0.0,0.0
2014-11-13 06:00:00,0.71,1.9878461,0.2783333333333333
2014-11-13 07:00:00,0.53,142.68253,1.0
2014-11-13 08:00:00,0.12,382.46332,1.0
2014-11-13 09:00:00,0.13,570.9713,1.0
2014-11-13 10:00:00,0.19,674.932,1.0
2014-11-13 11:00:00,0.25,689.09357,1.0
2014-11-13 12:00:00,0.49,577.61066,1.0
2014-11-13 13:00:00,0.96,442.36835,1.0
2014-11-13 14:00:00,0.93,292.80405,1.0
2014-11-13 15:00:00,0.81,170.73209,1.0
2014-11-13 16:00:00,0.87,28.253195,0.7763888888888889
2014-11-13 17:00:00,0.93,0.0,0.0
2014-11-13 18:00:00,0.49,0.0,0.0
2014-11-13 19:00:00,0.53,0.0,0.0
2014-11-13 20:00:00,0.28,0.0,0.0
2014-11-13 21:00:00,0.08,0.0,0.0
2014-11-13 22:00:00,0.13,0.0,0.0
2014-11-13 23:00:00,0.3,0.0,0.0
2014-11-14 00:00:00,0.33,0.0,0.0
2014-11-14 01:00:00,0.29,0.0,0.0
2014-11-14 02:00:00,0.25,0.0,0.0
2014-11-14 03:00:00,0.12,0.0,0.0
2014-11-14 04:00:00,0.1,0.0,0.0
2014-11-14 05:00:00,0.13,0.0,0.0
2014-11-14 06:00:00,0.32,0.0,0.2594444444444444
2014-11-14 07:00:00,0.88,149.82294,1.0
2014-11-14 08:00:00,0.91,339.4982,1.0
2014-11-14 09:00:00,0.96,528.8268,1.0
2014-11-14 10:00:00,0.93,637.9373,1.0
2014-11-14 11:00:00,0.98,616.90356,1.0
2014-11-14 12:00:00,0.89,600.65155,1.0
2014-11-14 13:00:00,0.77,543.08545,1.0
2014-11-14 14:00:00,0.58,391.3829,1.0
2014-11-14 15:00:00,0.92,227.61256,1.0
2014-11-14 16:00:00,0.68,37.412697,0.7622222222222222
2014-11-14 17:00:00,0.57,0.0,0.0
2014-11-14 18:00:00,0.99,0.0,0.0
2014-11-14 19:00:00,1.0,0.0,0.0
2014-11-14 20:00:00,0.99,0.0,0.0
2014-11-14 21:00:00,0.61,0.0,0.0
2014-11-14 22:00:00,0.22,0.0,0.0
2014-11-14 23:00:00,0.24,0.0,0.0
2014-11-15 00:00:00,0.15,0.0,0.0
2014-11-15 01:00:00,0.14,0.0,0.0
2014-11-15 02:00:00,0.01,0.0,0.0
2014-11-15 03:00:00,0.08,0.0,0.0
2014-11-15 04:00:00,0.03,0.0,0.0
2014-11-15 05:00:00,0.0,0.0,0.0
2014-11-15 06:00:00,0.01,0.0,0.24055555555555555
2014-11-15 07:00:00,0.05,143.95456,1.0
2014-11-15 08:00:00,0.26,335.43723,1.0
2014-11-15 09:00:00,0.35,429.4226,1.0
2014-11-15 10:00:00,0.46,457.76523,1.0
2014-11-15 11:00:00,0.59,509.20966,1.0
2014-11-15 12:00:00,0.81,348.2417,1.0
2014-11-15 13:00:00,0.9,291.55118,1.0
2014-11-15 14:00:00,0.96,186.6261,1.0
2014-11-15 15:00:00,0.92,104.89291,1.0
2014-11-15 16:00:00,0.96,9.939231,0.7486111111111111
2014-11-15 17:00:00,1.0,0.0,0.0
2014-11-15 18:00:00,1.0,0.0,0.0
2014-11-15 19:00:00,1.0,0.0,0.0
2014-11-15 20:00:00,1.0,0.0,0.0
2014-11-15 21:00:00,1.0,0.0,0.0
2014-11-15 22:00:00,1.0,0.0,0.0
2014-11-15 23:00:00,1.0,0.0,0.0
2014-11-16 00:00:00,1.0,0.0,0.0
2014-11-16 01:00:00,1.0,0.0,0.0
2014-11-16 02:00:00,1.0,0.0,0.0
2014-11-16 03:00:00,0.73,0.0,0.0
2014-11-16 04:00:00,0.46,0.0,0.0
2014-11-16 05:00:00,0.1,0.0,0.0
2014-11-16 06:00:00,0.02,0.0,0.22166666666666668
2014-11-16 07:00:00,0.0,156.36339,1.0
2014-11-16 08:00:00,0.0,383.105,1.0
2014-11-16 09:00:00,0.03,577.4832,1.0
2014-11-16 10:00:00,0.0,693.8242,1.0
2014-11-16 11:00:00,0.0,738.41736,1.0
2014-11-16 12:00:00,0.08,704.58167,1.0
2014-11-16 13:00:00,0.13,602.06195,1.0
2014-11-16 14:00:00,0.0,437.30698,1.0
2014-11-16 15:00:00,0.0,228.16812,1.0
2014-11-16 16:00:00,0.0,37.02166,0.7355555555555555
2014-11-16 17:00:00,0.0,0.0,0.0
2014-11-16 18:00:00,0.0,0.0,0.0
2014-11-16 19:00:00,0.0,0.0,0.0
2014-11-16 20:00:00,0.0,0.0,0.0
2014-11-16 21:00:00,0.0,0.0,0.0
2014-11-16 22:00:00,0.01,0.0,0.0
2014-11-16 23:00:00,0.0,0.0,0.0
2014-11-17 00:00:00,0.0,0.0,0.0
2014-11-17 01:00:00,0.0,0.0,0.0
2014-11-17 02:00:00,0.0,0.0,0.0
2014-11-17 03:00:00,0.0,0.0,0.0
2014-11-17 04:00:00,0.0,0.0,0.0
2014-11-17 05:00:00,0.0,0.0,0.0
2014-11-17 06:00:00,0.0,0.0,0.20305555555555554
2014-11-17 07:00:00,0.0,157.80508,1.0
2014-11-17 08:00:00,0.0,386.93848,1.0
2014-11-17 09:00:00,0.0,569.1629,1.0
2014-11-17 10:00:00,0.0,690.0474,1.0
2014-11-17 11:00:00,0.0,731.75836,1.0
2014-11-17 12:00:00,0.0,702.6601,1.0
2014-11-17 13:00:00,0.0,600.3131,1.0
2014-11-17 14:00:00,0.0,436.44815,1.0
2014-11-17 15:00:00,0.0,229.77713,1.0
2014-11-17 16:00:00,0.0,36.33028,0.7230555555555556
2014-11-17 17:00:00,0.0,0.0,0.0
2014-11-17 18:00:00,0.0,0.0,0.0
2014-11-17 19:00:00,0.0,0.0,0.0
2014-11-17 20:00:00,0.0,0.0,0.0
2014-11-17 21:00:00,0.0,0.0,0.0
2014-11-17 22:00:00,0.0,0.0,0.0
2014-11-17 23:00:00,0.0,0.0,0.0
2014-11-18 00:00:00,0.0,0.0,0.0
2014-11-18 01:00:00,0.0,0.0,0.0
2014-11-18 02:00:00,0.0,0.0,0.0
2014-11-18 03:00:00,0.0,0.0,0.0
2014-11-18 04:00:00,0.06,0.0,0.0
2014-11-18 05:00:00,0.0,0.0,0.0
2014-11-18 06:00:00,0.0,0.0,0.18444444444444444
2014-11-18 07:00:00,0.0,151.88876,1.0
2014-11-18 08:00:00,0.0,376.62552,1.0
2014-11-18 09:00:00,0.0,555.7941,1.0
2014-11-18 10:00:00,0.09,672.2165,1.0
2014-11-18 11:00:00,0.37,698.93506,1.0
2014-11-18 12:00:00,0.82,611.2821,1.0
2014-11-18 13:00:00,0.73,426.53745,1.0
2014-11-18 14:00:00,0.87,368.52884,1.0
2014-11-18 15:00:00,0.97,143.9285,1.0
2014-11-18 16:00:00,0.92,26.153814,0.7113888888888888
2014-11-18 17:00:00,0.74,0.0,0.0
2014-11-18 18:00:00,0.63,0.0,0.0
2014-11-18 19:00:00,0.58,0.0,0.0
2014-11-18 20:00:00,0.4,0.0,0.0
2014-11-18 21:00:00,0.16,0.0,0.0
2014-11-18 22:00:00,0.16,0.0,0.0
2014-11-18 23:00:00,0.29,0.0,0.0
2014-11-19 00:00:00,0.01,0.0,0.0
2014-11-19 01:00:00,0.0,0.0,0.0
2014-11-19 02:00:00,0.0,0.0,0.0
2014-11-19 03:00:00,0.14,0.0,0.0
2014-11-19 04:00:00,0.25,0.0,0.0
2014-11-19 05:00:00,0.21,0.0,0.0
2014-11-19 06:00:00,0.03,0.0,0.1661111111111111
2014-11-19 07:00:00,0.18,133.05647,1.0
2014-11-19 08:00:00,0.29,306.52402,1.0
2014-11-19 09:00:00,0.27,515.45734,1.0
2014-11-19 10:00:00,0.21,588.1574,1.0
2014-11-19 11:00:00,0.36,613.6515,1.0
2014-11-19 12:00:00,0.39,644.2426,1.0
2014-11-19 13:00:00,0.2,564.33307,1.0
2014-11-19 14:00:00,0.17,413.0997,1.0
2014-11-19 15:00:00,0.22,208.14516,1.0
2014-11-19 16:00:00,0.25,31.742811,0.7
2014-11-19 17:00:00,0.22,0.0,0.0
2014-11-19 18:00:00,0.25,0.0,0.0
2014-11-19 19:00:00,0.25,0.0,0.0
2014-11-19 20:00:00,0.19,0.0,0.0
2014-11-19 21:00:00,0.2,0.0,0.0
2014-11-19 22:00:00,0.08,0.0,0.0
2014-11-19 23:00:00,0.03,0.0,0.0
2014-11-20 00:00:00,0.02,0.0,0.0
2014-11-20 01:00:00,0.06,0.0,0.0
2014-11-20 02:00:00,0.11,0.0,0.0
2014-11-20 03:00:00,0.54,0.0,0.0
2014-11-20 04:00:00,0.76,0.0,0.0
2014-11-20 05:00:00,0.54,0.0,0.0
2014-11-20 06:00:00,0.42,0.0,0.14805555555555555
2014-11-20 07:00:00,0.57,95.41128,1.0
2014-11-20 08:00:00,0.63,270.44086,1.0
2014-11-20 09:00:00,0.6,397.09348,1.0
2014-11-20 10:00:00,0.62,535.8531,1.0
2014-11-20 11:00:00,0.67,663.2782,1.0
2014-11-20 12:00:00,0.47,648.99,1.0
2014-11-20 13:00:00,0.36,550.4928,1.0
2014-11-20 14:00:00,0.33,400.93466,1.0
2014-11-20 15:00:00,0.52,202.90459,1.0
2014-11-20 16:00:00,0.71,28.758652,0.6894444444444444
2014-11-20 17:00:00,0.9,0.0,0.0
2014-11-20 18:00:00,0.92,0.0,0.0
2014-11-20 19:00:00,0.85,0.0,0.0
2014-11-20 20:00:00,0.89,0.0,0.0
2014-11-20 21:00:00,0.93,0.0,0.0
2014-11-20 22:00:00,0.89,0.0,0.0
2014-11-20 23:00:00,0.92,0.0,0.0
2014-11-21 00:00:00,0.93,0.0,0.0
2014-11-21 01:00:00,0.81,0.0,0.0
2014-11-21 02:00:00,0.63,0.0,0.0
2014-11-21 03:00:00,0.53,0.0,0.0
2014-11-21 04:00:00,0.57,0.0,0.0
2014-11-21 05:00:00,0.39,0.0,0.0
2014-11-21 06:00:00,0.25,0.0,0.13027777777777777
2014-11-21 07:00:00,0.1,127.10158,1.0
2014-11-21 08:00:00,0.01,343.89224,1.0
2014-11-21 09:00:00,0.0,520.7657,1.0
2014-11-21 10:00:00,0.0,637.5143,1.0
2014-11-21 11:00:00,0.02,685.603,1.0
2014-11-21 12:00:00,0.3,659.06635,1.0
2014-11-21 13:00:00,0.78,559.4849,1.0
2014-11-21 14:00:00,0.75,399.3719,1.0
2014-11-21 15:00:00,0.46,209.13524,1.0
2014-11-21 16:00:00,0.27,29.620314,0.6794444444444444
2014-11-21 17:00:00,0.02,0.0,0.0
2014-11-21 18:00:00,0.01,0.0,0.0
2014-11-21 19:00:00,0.01,0.0,0.0
2014-11-21 20:00:00,0.0,0.0,0.0
2014-11-21 21:00:00,0.0,0.0,0.0
2014-11-21 22:00:00,0.0,0.0,0.0
2014-11-21 23:00:00,0.0,0.0,0.0
2014-11-22 00:00:00,0.0,0.0,0.0
2014-11-22 01:00:00,0.0,0.0,0.0
2014-11-22 02:00:00,0.0,0.0,0.0
2014-11-22 03:00:00,0.0,0.0,0.0
2014-11-22 04:00:00,0.0,0.0,0.0
2014-11-22 05:00:00,0.0,0.0,0.0
2014-11-22 06:00:00,0.0,0.0,0.11222222222222222
2014-11-22 07:00:00,0.0,125.01771,1.0
2014-11-22 08:00:00,0.0,327.42062,1.0
2014-11-22 09:00:00,0.0,458.979,1.0
2014-11-22 10:00:00,0.1,593.6579,1.0
2014-11-22 11:00:00,0.02,679.4062,1.0
2014-11-22 12:00:00,0.12,651.2494,1.0
2014-11-22 13:00:00,0.38,524.8517,1.0
2014-11-22 14:00:00,0.84,330.83517,1.0
2014-11-22 15:00:00,0.97,116.65587,1.0
2014-11-22 16:00:00,0.97,10.933154,0.6702777777777778
2014-11-22 17:00:00,0.94,0.0,0.0
2014-11-22 18:00:00,0.41,0.0,0.0
2014-11-22 19:00:00,0.11,0.0,0.0
2014-11-22 20:00:00,0.07,0.0,0.0
2014-11-22 21:00:00,0.0,0.0,0.0
2014-11-22 22:00:00,0.02,0.0,0.0
2014-11-22 23:00:00,0.0,0.0,0.0
2014-11-23 00:00:00,0.0,0.0,0.0
2014-11-23 01:00:00,0.38,0.0,0.0
2014-11-23 02:00:00,0.49,0.0,0.0
2014-11-23 03:00:00,0.62,0.0,0.0
2014-11-23 04:00:00,0.89,0.0,0.0
2014-11-23 05:00:00,1.0,0.0,0.0
2014-11-23 06:00:00,1.0,0.0,0.09416666666666666
2014-11-23 07:00:00,0.99,46.25451,1.0
2014-11-23 08:00:00,0.96,149.94054,1.0
2014-11-23 09:00:00,0.8,393.1214,1.0
2014-11-23 10:00:00,0.66,591.8093,1.0
2014-11-23 11:00:00,0.64,539.5932,1.0
2014-11-23 12:00:00,0.55,525.00995,1.0
2014-11-23 13:00:00,0.73,322.30417,1.0
2014-11-23 14:00:00,0.81,209.5061,1.0
2014-11-23 15:00:00,0.66,133.52036,1.0
2014-11-23 16:00:00,0.52,14.975984,0.6613888888888889
2014-11-23 17:00:00,0.49,0.0,0.0
2014-11-23 18:00:00,0.16,0.0,0.0
2014-11-23 19:00:00,0.18,0.0,0.0
2014-11-23 20:00:00,0.4,0.0,0.0
2014-11-23 21:00:00,0.37,0.0,0.0
2014-11-23 22:00:00,0.37,0.0,0.0
2014-11-23 23:00:00,0.32,0.0,0.0
2014-11-24 00:00:00,0.31,0.0,0.0
2014-11-24 01:00:00,0.41,0.0,0.0
2014-11-24 02:00:00,0.61,0.0,0.0
2014-11-24 03:00:00,0.13,0.0,0.0
2014-11-24 04:00:00,0.39,0.0,0.0
2014-11-24 05:00:00,0.24,0.0,0.0
2014-11-24 06:00:00,0.44,0.0,0.0763888888888889
2014-11-24 07:00:00,0.59,73.70802,1.0
2014-11-24 08:00:00,0.71,227.0983,1.0
2014-11-24 09:00:00,0.74,414.56824,1.0
2014-11-24 10:00:00,0.95,558.34106,1.0
2014-11-24 11:00:00,0.86,365.01096,1.0
2014-11-24 12:00:00,0.78,397.56223,1.0
2014-11-24 13:00:00,0.75,432.07272,1.0
2014-11-24 14:00:00,0.72,268.70053,1.0
2014-11-24 15:00:00,0.81,123.368484,1.0
2014-11-24 16:00:00,0.71,17.725288,0.6530555555555555
2014-11-24 17:00:00,0.52,0.0,0.0
2014-11-24 18:00:00,0.31,0.0,0.0
2014-11-24 19:00:00,0.31,0.0,0.0
2014-11-24 20:00:00,0.3,0.0,0.0
2014-11-24 21:00:00,0.57,0.0,0.0
2014-11-24 22:00:00,0.29,0.0,0.0
2014-11-24 23:00:00,0.09,0.0,0.0
2014-11-25 00:00:00,0.62,0.0,0.0
2014-11-25 01:00:00,0.37,0.0,0.0
2014-11-25 02:00:00,0.38,0.0,0.0
2014-11-25 03:00:00,0.45,0.0,0.0
2014-11-25 04:00:00,0.98,0.0,0.0
2014-11-25 05:00:00,0.97,0.0,0.0
2014-11-25 06:00:00,0.97,0.0,0.058333333333333334
2014-11-25 07:00:00,0.99,81.17757,1.0
2014-11-25 08:00:00,0.94,231.78543,1.0
2014-11-25 09:00:00,0.95,421.10712,1.0
2014-11-25 10:00:00,0.74,505.97226,1.0
2014-11-25 11:00:00,0.47,495.98337,1.0
2014-11-25 12:00:00,0.79,493.4398,1.0
2014-11-25 13:00:00,0.85,365.88788,1.0
2014-11-25 14:00:00,0.63,283.44806,1.0
2014-11-25 15:00:00,0.9,156.01703,1.0
2014-11-25 16:00:00,0.79,19.246542,0.6455555555555555
2014-11-25 17:00:00,0.6,0.0,0.0
2014-11-25 18:00:00,0.5,0.0,0.0
2014-11-25 19:00:00,0.57,0.0,0.0
2014-11-25 20:00:00,0.82,0.0,0.0
2014-11-25 21:00:00,0.91,0.0,0.0
2014-11-25 22:00:00,0.99,0.0,0.0
2014-11-25 23:00:00,0.97,0.0,0.0
2014-11-26 00:00:00,0.95,0.0,0.0
2014-11-26 01:00:00,0.96,0.0,0.0
2014-11-26 02:00:00,0.93,0.0,0.0
2014-11-26 03:00:00,0.99,0.0,0.0
2014-11-26 04:00:00,0.89,0.0,0.0
2014-11-26 05:00:00,0.91,0.0,0.0
2014-11-26 06:00:00,0.93,0.0,0.04055555555555555
2014-11-26 07:00:00,0.79,38.54191,1.0
2014-11-26 08:00:00,0.81,152.58188,1.0
2014-11-26 09:00:00,0.76,288.01395,1.0
2014-11-26 10:00:00,0.65,535.7922,1.0
2014-11-26 11:00:00,0.61,506.18878,1.0
2014-11-26 12:00:00,0.32,523.7522,1.0
2014-11-26 13:00:00,0.2,516.21124,1.0
2014-11-26 14:00:00,0.15,357.98828,1.0
2014-11-26 15:00:00,0.09,178.93265,1.0
2014-11-26 16:00:00,0.13,22.828005,0.6383333333333333
2014-11-26 17:00:00,0.04,0.0,0.0
2014-11-26 18:00:00,0.06,0.0,0.0
2014-11-26 19:00:00,0.02,0.0,0.0
2014-11-26 20:00:00,0.03,0.0,0.0
2014-11-26 21:00:00,0.01,0.0,0.0
2014-11-26 22:00:00,0.0,0.0,0.0
2014-11-26 23:00:00,0.0,0.0,0.0
2014-11-27 00:00:00,0.26,0.0,0.0
2014-11-27 01:00:00,0.3,0.0,0.0
2014-11-27 02:00:00,0.39,0.0,0.0
2014-11-27 03:00:00,0.65,0.0,0.0
2014-11-27 04:00:00,0.63,0.0,0.0
2014-11-27 05:00:00,0.39,0.0,0.0
2014-11-27 06:00:00,0.55,0.0,0.02277777777777778
2014-11-27 07:00:00,0.55,80.25678,1.0
2014-11-27 08:00:00,0.44,237.20143,1.0
2014-11-27 09:00:00,0.29,453.2434,1.0
2014-11-27 10:00:00,0.55,596.4308,1.0
2014-11-27 11:00:00,0.5,639.67676,1.0
2014-11-27 12:00:00,0.3,614.29034,1.0
2014-11-27 13:00:00,0.22,458.90295,1.0
2014-11-27 14:00:00,0.12,358.0097,1.0
2014-11-27 15:00:00,0.19,192.90843,1.0
2014-11-27 16:00:00,0.25,24.725744,0.6319444444444444
2014-11-27 17:00:00,0.19,0.0,0.0
2014-11-27 18:00:00,0.04,0.0,0.0
2014-11-27 19:00:00,0.01,0.0,0.0
2014-11-27 20:00:00,0.01,0.0,0.0
2014-11-27 21:00:00,0.0,0.0,0.0
2014-11-27 22:00:00,0.19,0.0,0.0
2014-11-27 23:00:00,0.28,0.0,0.0
2014-11-28 00:00:00,0.18,0.0,0.0
2014-11-28 01:00:00,0.24,0.0,0.0
2014-11-28 02:00:00,0.75,0.0,0.0
2014-11-28 03:00:00,0.87,0.0,0.0
2014-11-28 04:00:00,0.95,0.0,0.0
2014-11-28 05:00:00,0.84,0.0,0.0
2014-11-28 06:00:00,0.64,0.0,0.005
2014-11-28 07:00:00,0.36,90.24333,1.0
2014-11-28 08:00:00,0.36,273.95923,1.0
2014-11-28 09:00:00,0.37,462.5713,1.0
2014-11-28 10:00:00,0.46,520.895,1.0
2014-11-28 11:00:00,0.46,618.8793,1.0
2014-11-28 12:00:00,0.32,620.7664,1.0
2014-11-28 13:00:00,0.35,528.2594,1.0
2014-11-28 14:00:00,0.51,373.95886,1.0
2014-11-28 15:00:00,0.55,166.18463,1.0
2014-11-28 16:00:00,0.55,21.341545,0.6258333333333334
2014-11-28 17:00:00,0.36,0.0,0.0
2014-11-28 18:00:00,0.3,0.0,0.0
2014-11-28 19:00:00,0.31,0.0,0.0
2014-11-28 20:00:00,0.22,0.0,0.0
2014-11-28 21:00:00,0.01,0.0,0.0
2014-11-28 22:00:00,0.0,0.0,0.0
2014-11-28 23:00:00,0.0,0.0,0.0
2014-11-29 00:00:00,0.07,0.0,0.0
2014-11-29 01:00:00,0.0,0.0,0.0
2014-11-29 02:00:00,0.0,0.0,0.0
2014-11-29 03:00:00,0.0,0.0,0.0
2014-11-29 04:00:00,0.0,0.0,0.0
2014-11-29 05:00:00,0.0,0.0,0.0
2014-11-29 06:00:00,0.0,0.0,0.0
2014-11-29 07:00:00,0.03,102.57643,0.9877777777777778
2014-11-29 08:00:00,0.0,324.4865,1.0
2014-11-29 09:00:00,0.0,500.17484,1.0
2014-11-29 10:00:00,0.0,623.4051,1.0
2014-11-29 11:00:00,0.0,664.6269,1.0
2014-11-29 12:00:00,0.0,643.00635,1.0
2014-11-29 13:00:00,0.0,548.15784,1.0
2014-11-29 14:00:00,0.0,393.15384,1.0
2014-11-29 15:00:00,0.0,198.98254,1.0
2014-11-29 16:00:00,0.01,24.041674,0.6205555555555555
2014-11-29 17:00:00,0.09,0.0,0.0
2014-11-29 18:00:00,0.01,0.0,0.0
2014-11-29 19:00:00,0.0,0.0,0.0
2014-11-29 20:00:00,0.0,0.0,0.0
2014-11-29 21:00:00,0.0,0.0,0.0
2014-11-29 22:00:00,0.0,0.0,0.0
2014-11-29 23:00:00,0.0,0.0,0.0
2014-11-30 00:00:00,0.0,0.0,0.0
2014-11-30 01:00:00,0.0,0.0,0.0
2014-11-30 02:00:00,0.0,0.0,0.0
2014-11-30 03:00:00,0.0,0.0,0.0
2014-11-30 04:00:00,0.0,0.0,0.0
2014-11-30 05:00:00,0.0,0.0,0.0
2014-11-30 06:00:00,0.0,0.0,0.0
2014-11-30 07:00:00,0.0,92.986694,0.9705555555555555
2014-11-30 08:00:00,0.0,307.78784,1.0
2014-11-30 09:00:00,0.0,489.6885,1.0
2014-11-30 10:00:00,0.0,606.1661,1.0
2014-11-30 11:00:00,0.8,638.9614,1.0
2014-11-30 12:00:00,0.95,579.5008,1.0
2014-11-30 13:00:00,0.93,480.88638,1.0
2014-11-30 14:00:00,0.94,344.63727,1.0
2014-11-30 15:00:00,0.64,185.98088,1.0
2014-11-30 16:00:00,0.1,23.194424,0.6155555555555555
2014-11-30 17:00:00,0.17,0.0,0.0
2014-11-30 18:00:00,0.69,0.0,0.0
2014-11-30 19:00:00,0.85,0.0,0.0
2014-11-30 20:00:00,0.93,0.0,0.0
2014-11-30 21:00:00,0.96,0.0,0.0
2014-11-30 22:00:00,0.99,0.0,0.0
2014-11-30 23:00:00,1.0,0.0,0.0
2014-12-01 00:00:00,1.0,0.0,0.0
2014-12-01 01:00:00,0.95,0.0,0.0
2014-12-01 02:00:00,0.69,0.0,0.0
2014-12-01 03:00:00,0.38,0.0,0.0
2014-12-01 04:00:00,0.49,0.0,0.0
2014-12-01 05:00:00,0.23,0.0,0.0
2014-12-01 06:00:00,0.02,0.0,0.0
2014-12-01 07:00:00,0.01,88.02151,0.9533333333333334
2014-12-01 08:00:00,0.0,304.02737,1.0
2014-12-01 09:00:00,0.04,478.21524,1.0
2014-12-01 10:00:00,0.04,594.38666,1.0
2014-12-01 11:00:00,0.34,579.15826,1.0
2014-12-01 12:00:00,0.45,479.16574,1.0
2014-12-01 13:00:00,0.31,510.60513,1.0
2014-12-01 14:00:00,0.15,379.0216,1.0
2014-12-01 15:00:00,0.01,186.7654,1.0
2014-12-01 16:00:00,0.0,22.508236,0.6113888888888889
2014-12-01 17:00:00,0.0,0.0,0.0
2014-12-01 18:00:00,0.0,0.0,0.0
2014-12-01 19:00:00,0.0,0.0,0.0
2014-12-01 20:00:00,0.0,0.0,0.0
2014-12-01 21:00:00,0.0,0.0,0.0
2014-12-01 22:00:00,0.0,0.0,0.0
2014-12-01 23:00:00,0.0,0.0,0.0
2014-12-02 00:00:00,0.0,0.0,0.0
2014-12-02 01:00:00,0.0,0.0,0.0
2014-12-02 02:00:00,0.0,0.0,0.0
2014-12-02 03:00:00,0.0,0.0,0.0
2014-12-02 04:00:00,0.0,0.0,0.0
2014-12-02 05:00:00,0.0,0.0,0.0
2014-12-02 06:00:00,0.0,0.0,0.0
2014-12-02 07:00:00,0.0,88.837135,0.9366666666666666
2014-12-02 08:00:00,0.05,310.46756,1.0
2014-12-02 09:00:00,0.09,492.24493,1.0
2014-12-02 10:00:00,0.17,608.3318,1.0
2014-12-02 11:00:00,0.0,651.2652,1.0
2014-12-02 12:00:00,0.0,628.0844,1.0
2014-12-02 13:00:00,0.0,536.86414,1.0
2014-12-02 14:00:00,0.15,387.18616,1.0
2014-12-02 15:00:00,0.17,190.53754,1.0
2014-12-02 16:00:00,0.14,22.625996,0.6077777777777778
2014-12-02 17:00:00,0.11,0.0,0.0
2014-12-02 18:00:00,0.19,0.0,0.0
2014-12-02 19:00:00,0.49,0.0,0.0
2014-12-02 20:00:00,0.27,0.0,0.0
2014-12-02 21:00:00,0.27,0.0,0.0
2014-12-02 22:00:00,0.21,0.0,0.0
2014-12-02 23:00:00,0.67,0.0,0.0
2014-12-03 00:00:00,1.0,0.0,0.0
2014-12-03 01:00:00,1.0,0.0,0.0
2014-12-03 02:00:00,1.0,0.0,0.0
2014-12-03 03:00:00,1.0,0.0,0.0
2014-12-03 04:00:00,1.0,0.0,0.0
2014-12-03 05:00:00,1.0,0.0,0.0
2014-12-03 06:00:00,0.99,0.0,0.0
2014-12-03 07:00:00,0.68,53.043926,0.9205555555555556
2014-12-03 08:00:00,0.53,189.773,1.0
2014-12-03 09:00:00,0.97,390.18295,1.0
2014-12-03 10:00:00,0.94,507.02222,1.0
2014-12-03 11:00:00,0.94,522.7392,1.0
2014-12-03 12:00:00,0.94,510.4525,1.0
2014-12-03 13:00:00,0.97,389.76794,1.0
2014-12-03 14:00:00,0.21,341.90488,1.0
2014-12-03 15:00:00,0.45,163.44354,1.0
2014-12-03 16:00:00,0.11,16.198057,0.6047222222222223
2014-12-03 17:00:00,0.0,0.0,0.0
2014-12-03 18:00:00,0.01,0.0,0.0
2014-12-03 19:00:00,0.26,0.0,0.0
2014-12-03 20:00:00,0.46,0.0,0.0
2014-12-03 21:00:00,0.72,0.0,0.0
2014-12-03 22:00:00,0.81,0.0,0.0
2014-12-03 23:00:00,0.9,0.0,0.0
2014-12-04 00:00:00,0.97,0.0,0.0
2014-12-04 01:00:00,0.9,0.0,0.0
2014-12-04 02:00:00,0.38,0.0,0.0
2014-12-04 03:00:00,0.29,0.0,0.0
2014-12-04 04:00:00,0.71,0.0,0.0
2014-12-04 05:00:00,1.0,0.0,0.0
2014-12-04 06:00:00,1.0,0.0,0.0
2014-12-04 07:00:00,1.0,29.854305,0.9044444444444445
2014-12-04 08:00:00,1.0,146.776,1.0
2014-12-04 09:00:00,1.0,221.0318,1.0
2014-12-04 10:00:00,1.0,284.49884,1.0
2014-12-04 11:00:00,1.0,332.54584,1.0
2014-12-04 12:00:00,1.0,301.09006,1.0
2014-12-04 13:00:00,1.0,242.85059,1.0
2014-12-04 14:00:00,1.0,132.08093,1.0
2014-12-04 15:00:00,1.0,69.8626,1.0
2014-12-04 16:00:00,1.0,6.9574614,0.6022222222222222
2014-12-04 17:00:00,1.0,0.0,0.0
2014-12-04 18:00:00,1.0,0.0,0.0
2014-12-04 19:00:00,1.0,0.0,0.0
2014-12-04 20:00:00,0.99,0.0,0.0
2014-12-04 21:00:00,1.0,0.0,0.0
2014-12-04 22:00:00,0.98,0.0,0.0
2014-12-04 23:00:00,0.47,0.0,0.0
2014-12-05 00:00:00,0.15,0.0,0.0
2014-12-05 01:00:00,0.17,0.0,0.0
2014-12-05 02:00:00,0.42,0.0,0.0
2014-12-05 03:00:00,0.69,0.0,0.0
2014-12-05 04:00:00,0.74,0.0,0.0
2014-12-05 05:00:00,0.64,0.0,0.0
2014-12-05 06:00:00,0.4,0.0,0.0
2014-12-05 07:00:00,0.29,61.46928,0.8888888888888888
2014-12-05 08:00:00,0.04,242.95088,1.0
2014-12-05 09:00:00,0.05,430.82242,1.0
2014-12-05 10:00:00,0.05,571.3097,1.0
2014-12-05 11:00:00,0.0,625.71246,1.0
2014-12-05 12:00:00,0.0,594.47784,1.0
2014-12-05 13:00:00,0.0,498.82687,1.0
2014-12-05 14:00:00,0.04,354.64673,1.0
2014-12-05 15:00:00,0.25,170.30676,1.0
2014-12-05 16:00:00,0.19,21.939617,0.6002777777777778
2014-12-05 17:00:00,0.04,0.0,0.0
2014-12-05 18:00:00,0.0,0.0,0.0
2014-12-05 19:00:00,0.0,0.0,0.0
2014-12-05 20:00:00,0.0,0.0,0.0
2014-12-05 21:00:00,0.46,0.0,0.0
2014-12-05 22:00:00,1.0,0.0,0.0
2014-12-05 23:00:00,1.0,0.0,0.0
2014-12-06 00:00:00,1.0,0.0,0.0
2014-12-06 01:00:00,1.0,0.0,0.0
2014-12-06 02:00:00,1.0,0.0,0.0
2014-12-06 03:00:00,1.0,0.0,0.0
2014-12-06 04:00:00,1.0,0.0,0.0
2014-12-06 05:00:00,1.0,0.0,0.0
2014-12-06 06:00:00,1.0,0.0,0.0
2014-12-06 07:00:00,1.0,17.890615,0.8736111111111111
2014-12-06 08:00:00,1.0,113.89226,1.0
2014-12-06 09:00:00,0.98,236.64758,1.0
2014-12-06 10:00:00,1.0,354.24695,1.0
2014-12-06 11:00:00,1.0,391.6143,1.0
2014-12-06 12:00:00,1.0,399.46252,1.0
2014-12-06 13:00:00,1.0,342.39392,1.0
2014-12-06 14:00:00,1.0,235.33113,1.0
2014-12-06 15:00:00,0.98,123.46212,1.0
2014-12-06 16:00:00,0.98,13.706225,0.5988888888888889
2014-12-06 17:00:00,1.0,0.0,0.0
2014-12-06 18:00:00,0.94,0.0,0.0
2014-12-06 19:00:00,0.94,0.0,0.0
2014-12-06 20:00:00,0.91,0.0,0.0
2014-12-06 21:00:00,0.41,0.0,0.0
2014-12-06 22:00:00,0.13,0.0,0.0
2014-12-06 23:00:00,0.01,0.0,0.0
2014-12-07 00:00:00,0.0,0.0,0.0
2014-12-07 01:00:00,0.0,0.0,0.0
2014-12-07 02:00:00,0.0,0.0,0.0
2014-12-07 03:00:00,0.0,0.0,0.0
2014-12-07 04:00:00,0.0,0.0,0.0
2014-12-07 05:00:00,0.0,0.0,0.0
2014-12-07 06:00:00,0.06,0.0,0.0
2014-12-07 07:00:00,0.08,66.66455,0.8588888888888889
2014-12-07 08:00:00,0.3,256.3641,1.0
2014-12-07 09:00:00,0.48,413.13174,1.0
2014-12-07 10:00:00,0.18,529.32465,1.0
2014-12-07 11:00:00,0.05,615.4246,1.0
2014-12-07 12:00:00,0.0,603.4372,1.0
2014-12-07 13:00:00,0.01,521.81525,1.0
2014-12-07 14:00:00,0.0,376.3336,1.0
2014-12-07 15:00:00,0.0,187.37498,1.0
2014-12-07 16:00:00,0.0,22.101643,0.5980555555555556
2014-12-07 17:00:00,0.0,0.0,0.0
2014-12-07 18:00:00,0.0,0.0,0.0
2014-12-07 19:00:00,0.0,0.0,0.0
2014-12-07 20:00:00,0.0,0.0,0.0
2014-12-07 21:00:00,0.0,0.0,0.0
2014-12-07 22:00:00,0.0,0.0,0.0
2014-12-07 23:00:00,0.0,0.0,0.0
2014-12-08 00:00:00,0.0,0.0,0.0
2014-12-08 01:00:00,0.0,0.0,0.0
2014-12-08 02:00:00,0.0,0.0,0.0
2014-12-08 03:00:00,0.0,0.0,0.0
2014-12-08 04:00:00,0.0,0.0,0.0
2014-12-08 05:00:00,0.0,0.0,0.0
2014-12-08 06:00:00,0.0,0.0,0.0
2014-12-08 07:00:00,0.84,58.744038,0.8447222222222223
2014-12-08 08:00:00,0.99,190.83809,1.0
2014-12-08 09:00:00,0.99,320.68817,1.0
2014-12-08 10:00:00,0.97,431.23016,1.0
2014-12-08 11:00:00,1.0,461.34866,1.0
2014-12-08 12:00:00,0.99,454.18057,1.0
2014-12-08 13:00:00,0.99,363.60873,1.0
2014-12-08 14:00:00,1.0,273.90463,1.0
2014-12-08 15:00:00,0.99,147.91806,1.0
2014-12-08 16:00:00,0.4,21.261242,0.5980555555555556
2014-12-08 17:00:00,0.02,0.0,0.0
2014-12-08 18:00:00,0.0,0.0,0.0
2014-12-08 19:00:00,0.0,0.0,0.0
2014-12-08 20:00:00,0.0,0.0,0.0
2014-12-08 21:00:00,0.0,0.0,0.0
2014-12-08 22:00:00,0.1,0.0,0.0
2014-12-08 23:00:00,0.25,0.0,0.0
2014-12-09 00:00:00,0.63,0.0,0.0
2014-12-09 01:00:00,0.41,0.0,0.0
2014-12-09 02:00:00,0.0,0.0,0.0
2014-12-09 03:00:00,0.01,0.0,0.0
2014-12-09 04:00:00,0.2,0.0,0.0
2014-12-09 05:00:00,0.31,0.0,0.0
2014-12-09 06:00:00,0.3,0.0,0.0
2014-12-09 07:00:00,0.6,44.317276,0.8311111111111111
2014-12-09 08:00:00,0.81,154.72057,1.0
2014-12-09 09:00:00,0.95,284.7713,1.0
2014-12-09 10:00:00,0.97,376.13226,1.0
2014-12-09 11:00:00,1.0,346.94897,1.0
2014-12-09 12:00:00,0.99,270.03006,1.0
2014-12-09 13:00:00,0.99,280.33313,1.0
2014-12-09 14:00:00,1.0,231.74002,1.0
2014-12-09 15:00:00,0.69,91.98384,1.0
2014-12-09 16:00:00,0.75,11.768338,0.5983333333333334
2014-12-09 17:00:00,0.72,0.0,0.0
2014-12-09 18:00:00,0.28,0.0,0.0
2014-12-09 19:00:00,0.05,0.0,0.0
2014-12-09 20:00:00,0.02,0.0,0.0
2014-12-09 21:00:00,0.0,0.0,0.0
2014-12-09 22:00:00,0.0,0.0,0.0
2014-12-09 23:00:00,0.0,0.0,0.0
2014-12-10 00:00:00,0.0,0.0,0.0
2014-12-10 01:00:00,0.0,0.0,0.0
2014-12-10 02:00:00,0.0,0.0,0.0
2014-12-10 03:00:00,0.0,0.0,0.0
2014-12-10 04:00:00,0.0,0.0,0.0
2014-12-10 05:00:00,0.0,0.0,0.0
2014-12-10 06:00:00,0.0,0.0,0.0
2014-12-10 07:00:00,0.0,62.642853,0.8177777777777778
2014-12-10 08:00:00,0.0,271.95087,1.0
2014-12-10 09:00:00,0.22,447.91022,1.0
2014-12-10 10:00:00,0.63,566.7957,1.0
2014-12-10 11:00:00,0.67,602.5044,1.0
2014-12-10 12:00:00,0.83,594.0798,1.0
2014-12-10 13:00:00,0.86,509.74182,1.0
2014-12-10 14:00:00,0.71,357.39948,1.0
2014-12-10 15:00:00,0.77,166.02731,1.0
2014-12-10 16:00:00,0.94,14.688082,0.5994444444444444
2014-12-10 17:00:00,0.96,0.0,0.0
2014-12-10 18:00:00,0.98,0.0,0.0
2014-12-10 19:00:00,0.96,0.0,0.0
2014-12-10 20:00:00,0.8,0.0,0.0
2014-12-10 21:00:00,0.51,0.0,0.0
2014-12-10 22:00:00,0.25,0.0,0.0
2014-12-10 23:00:00,0.03,0.0,0.0
2014-12-11 00:00:00,0.01,0.0,0.0
2014-12-11 01:00:00,0.0,0.0,0.0
2014-12-11 02:00:00,0.0,0.0,0.0
2014-12-11 03:00:00,0.0,0.0,0.0
2014-12-11 04:00:00,0.0,0.0,0.0
2014-12-11 05:00:00,0.0,0.0,0.0
2014-12-11 06:00:00,0.0,0.0,0.0
2014-12-11 07:00:00,0.0,60.44094,0.8052777777777778
2014-12-11 08:00:00,0.0,273.76877,1.0
2014-12-11 09:00:00,0.0,453.13773,1.0
2014-12-11 10:00:00,0.0,575.32886,1.0
2014-12-11 11:00:00,0.0,629.89233,1.0
2014-12-11 12:00:00,0.0,614.051,1.0
2014-12-11 13:00:00,0.0,528.5931,1.0
2014-12-11 14:00:00,0.0,382.5792,1.0
2014-12-11 15:00:00,0.0,193.69247,1.0
2014-12-11 16:00:00,0.0,22.306953,0.6011111111111112
2014-12-11 17:00:00,0.0,0.0,0.0
2014-12-11 18:00:00,0.05,0.0,0.0
2014-12-11 19:00:00,0.34,0.0,0.0
2014-12-11 20:00:00,0.42,0.0,0.0
2014-12-11 21:00:00,0.03,0.0,0.0
2014-12-11 22:00:00,0.21,0.0,0.0
2014-12-11 23:00:00,0.32,0.0,0.0
2014-12-12 00:00:00,0.42,0.0,0.0
2014-12-12 01:00:00,0.29,0.0,0.0
2014-12-12 02:00:00,0.21,0.0,0.0
2014-12-12 03:00:00,0.29,0.0,0.0
2014-12-12 04:00:00,0.54,0.0,0.0
2014-12-12 05:00:00,0.26,0.0,0.0
2014-12-12 06:00:00,0.31,0.0,0.0
2014-12-12 07:00:00,0.4,60.904854,0.7927777777777778
2014-12-12 08:00:00,0.31,275.83102,1.0
2014-12-12 09:00:00,0.22,455.4082,1.0
2014-12-12 10:00:00,0.31,577.3553,1.0
2014-12-12 11:00:00,0.52,619.81555,1.0
2014-12-12 12:00:00,0.73,602.9618,1.0
2014-12-12 13:00:00,0.91,490.25006,1.0
2014-12-12 14:00:00,0.97,339.68005,1.0
2014-12-12 15:00:00,0.99,167.85326,1.0
2014-12-12 16:00:00,0.99,19.481981,0.6036111111111111
2014-12-12 17:00:00,1.0,0.0,0.0
2014-12-12 18:00:00,0.98,0.0,0.0
2014-12-12 19:00:00,0.91,0.0,0.0
2014-12-12 20:00:00,0.85,0.0,0.0
2014-12-12 21:00:00,0.91,0.0,0.0
2014-12-12 22:00:00,0.96,0.0,0.0
2014-12-12 23:00:00,0.99,0.0,0.0
2014-12-13 00:00:00,0.99,0.0,0.0
2014-12-13 01:00:00,1.0,0.0,0.0
2014-12-13 02:00:00,1.0,0.0,0.0
2014-12-13 03:00:00,1.0,0.0,0.0
2014-12-13 04:00:00,1.0,0.0,0.0
2014-12-13 05:00:00,1.0,0.0,0.0
2014-12-13 06:00:00,1.0,0.0,0.0
2014-12-13 07:00:00,0.99,19.643225,0.7805555555555556
2014-12-13 08:00:00,1.0,121.41755,1.0
2014-12-13 09:00:00,1.0,275.84116,1.0
2014-12-13 10:00:00,0.99,362.3406,1.0
2014-12-13 11:00:00,0.96,406.91595,1.0
2014-12-13 12:00:00,0.93,412.80164,1.0
2014-12-13 13:00:00,0.9,399.22577,1.0
2014-12-13 14:00:00,0.82,302.3252,1.0
2014-12-13 15:00:00,0.26,157.82137,1.0
2014-12-13 16:00:00,0.03,22.345293,0.6066666666666667
2014-12-13 17:00:00,0.01,0.0,0.0
2014-12-13 18:00:00,0.02,0.0,0.0
2014-12-13 19:00:00,0.02,0.0,0.0
2014-12-13 20:00:00,0.04,0.0,0.0
2014-12-13 21:00:00,0.02,0.0,0.0
2014-12-13 22:00:00,0.02,0.0,0.0
2014-12-13 23:00:00,0.2,0.0,0.0
2014-12-14 00:00:00,0.45,0.0,0.0
2014-12-14 01:00:00,0.66,0.0,0.0
2014-12-14 02:00:00,0.62,0.0,0.0
2014-12-14 03:00:00,0.54,0.0,0.0
2014-12-14 04:00:00,0.73,0.0,0.0
2014-12-14 05:00:00,0.99,0.0,0.0
2014-12-14 06:00:00,0.98,0.0,0.0
2014-12-14 07:00:00,0.96,16.266727,0.7688888888888888
2014-12-14 08:00:00,1.0,80.2912,1.0
2014-12-14 09:00:00,1.0,81.92903,1.0
2014-12-14 10:00:00,1.0,105.05452,1.0
2014-12-14 11:00:00,1.0,137.51918,1.0
2014-12-14 12:00:00,1.0,127.31013,1.0
2014-12-14 13:00:00,1.0,145.1635,1.0
2014-12-14 14:00:00,1.0,112.36269,1.0
2014-12-14 15:00:00,1.0,77.90971,1.0
2014-12-14 16:00:00,1.0,7.9513845,0.6105555555555555
2014-12-14 17:00:00,1.0,0.0,0.0
2014-12-14 18:00:00,1.0,0.0,0.0
2014-12-14 19:00:00,0.96,0.0,0.0
2014-12-14 20:00:00,0.89,0.0,0.0
2014-12-14 21:00:00,0.89,0.0,0.0
2014-12-14 22:00:00,0.97,0.0,0.0
2014-12-14 23:00:00,0.96,0.0,0.0
2014-12-15 00:00:00,0.95,0.0,0.0
2014-12-15 01:00:00,0.99,0.0,0.0
2014-12-15 02:00:00,0.99,0.0,0.0
2014-12-15 03:00:00,0.99,0.0,0.0
2014-12-15 04:00:00,0.93,0.0,0.0
2014-12-15 05:00:00,0.91,0.0,0.0
2014-12-15 06:00:00,0.93,0.0,0.0
2014-12-15 07:00:00,0.95,20.316898,0.7572222222222222
2014-12-15 08:00:00,0.94,154.16763,1.0
2014-12-15 09:00:00,0.96,381.47287,1.0
2014-12-15 10:00:00,0.96,475.31784,1.0
2014-12-15 11:00:00,0.96,428.82135,1.0
2014-12-15 12:00:00,0.94,565.0611,1.0
2014-12-15 13:00:00,0.21,434.92813,1.0
2014-12-15 14:00:00,0.03,359.50876,1.0
2014-12-15 15:00:00,0.05,195.19856,1.0
2014-12-15 16:00:00,0.01,23.335472,0.6152777777777778
2014-12-15 17:00:00,0.0,0.0,0.0
2014-12-15 18:00:00,0.0,0.0,0.0
2014-12-15 19:00:00,0.0,0.0,0.0
2014-12-15 20:00:00,0.0,0.0,0.0
2014-12-15 21:00:00,0.0,0.0,0.0
2014-12-15 22:00:00,0.0,0.0,0.0
2014-12-15 23:00:00,0.0,0.0,0.0
2014-12-16 00:00:00,0.0,0.0,0.0
2014-12-16 01:00:00,0.02,0.0,0.0
2014-12-16 02:00:00,0.31,0.0,0.0
2014-12-16 03:00:00,0.08,0.0,0.0
2014-12-16 04:00:00,0.21,0.0,0.0
2014-12-16 05:00:00,0.38,0.0,0.0
2014-12-16 06:00:00,0.93,0.0,0.0
2014-12-16 07:00:00,0.74,42.957314,0.7461111111111111
2014-12-16 08:00:00,0.74,214.23901,1.0
2014-12-16 09:00:00,0.99,353.90488,1.0
2014-12-16 10:00:00,1.0,360.36185,1.0
2014-12-16 11:00:00,0.99,297.13693,1.0
2014-12-16 12:00:00,0.96,319.4341,1.0
2014-12-16 13:00:00,0.85,339.792,1.0
2014-12-16 14:00:00,0.39,299.95444,1.0
2014-12-16 15:00:00,0.53,169.31186,1.0
2014-12-16 16:00:00,0.4,23.318588,0.6202777777777778
2014-12-16 17:00:00,0.29,0.0,0.0
2014-12-16 18:00:00,0.19,0.0,0.0
2014-12-16 19:00:00,0.13,0.0,0.0
2014-12-16 20:00:00,0.02,0.0,0.0
2014-12-16 21:00:00,0.0,0.0,0.0
2014-12-16 22:00:00,0.03,0.0,0.0
2014-12-16 23:00:00,0.39,0.0,0.0
2014-12-17 00:00:00,0.63,0.0,0.0
2014-12-17 01:00:00,0.86,0.0,0.0
2014-12-17 02:00:00,0.84,0.0,0.0
2014-12-17 03:00:00,0.84,0.0,0.0
2014-12-17 04:00:00,0.84,0.0,0.0
2014-12-17 05:00:00,0.95,0.0,0.0
2014-12-17 06:00:00,0.96,0.0,0.0
2014-12-17 07:00:00,0.97,22.448847,0.7352777777777778
2014-12-17 08:00:00,0.99,145.09315,1.0
2014-12-17 09:00:00,0.98,306.3595,1.0
2014-12-17 10:00:00,1.0,417.12714,1.0
2014-12-17 11:00:00,1.0,503.2542,1.0
2014-12-17 12:00:00,0.99,360.95886,1.0
2014-12-17 13:00:00,1.0,237.26685,1.0
2014-12-17 14:00:00,1.0,148.90489,1.0
2014-12-17 15:00:00,1.0,68.406204,1.0
2014-12-17 16:00:00,0.99,8.945308,0.6261111111111111
2014-12-17 17:00:00,0.99,0.0,0.0
2014-12-17 18:00:00,0.99,0.0,0.0
2014-12-17 19:00:00,1.0,0.0,0.0
2014-12-17 20:00:00,0.99,0.0,0.0
2014-12-17 21:00:00,0.98,0.0,0.0
2014-12-17 22:00:00,0.98,0.0,0.0
2014-12-17 23:00:00,0.99,0.0,0.0
2014-12-18 00:00:00,0.98,0.0,0.0
2014-12-18 01:00:00,0.92,0.0,0.0
2014-12-18 02:00:00,0.74,0.0,0.0
2014-12-18 03:00:00,0.77,0.0,0.0
2014-12-18 04:00:00,0.73,0.0,0.0
2014-12-18 05:00:00,0.5,0.0,0.0
2014-12-18 06:00:00,0.38,0.0,0.0
2014-12-18 07:00:00,0.71,36.74117,0.725
2014-12-18 08:00:00,0.8,188.8009,1.0
2014-12-18 09:00:00,0.74,347.63864,1.0
2014-12-18 10:00:00,0.66,480.1185,1.0
2014-12-18 11:00:00,0.59,590.41064,1.0
2014-12-18 12:00:00,0.68,467.2425,1.0
2014-12-18 13:00:00,0.59,463.21985,1.0
2014-12-18 14:00:00,0.63,291.4248,1.0
2014-12-18 15:00:00,0.72,137.83472,1.0
2014-12-18 16:00:00,0.94,20.424408,0.6327777777777778
2014-12-18 17:00:00,0.85,0.0,0.0
2014-12-18 18:00:00,0.74,0.0,0.0
2014-12-18 19:00:00,0.66,0.0,0.0
2014-12-18 20:00:00,0.55,0.0,0.0
2014-12-18 21:00:00,0.6,0.0,0.0
2014-12-18 22:00:00,0.58,0.0,0.0
2014-12-18 23:00:00,0.27,0.0,0.0
2014-12-19 00:00:00,0.32,0.0,0.0
2014-12-19 01:00:00,0.35,0.0,0.0
2014-12-19 02:00:00,0.37,0.0,0.0
2014-12-19 03:00:00,0.56,0.0,0.0
2014-12-19 04:00:00,0.53,0.0,0.0
2014-12-19 05:00:00,0.69,0.0,0.0
2014-12-19 06:00:00,0.68,0.0,0.0
2014-12-19 07:00:00,0.53,41.72578,0.715
2014-12-19 08:00:00,0.47,253.27394,1.0
2014-12-19 09:00:00,0.04,440.1207,1.0
2014-12-19 10:00:00,0.02,574.1071,1.0
2014-12-19 11:00:00,0.0,627.73566,1.0
2014-12-19 12:00:00,0.0,619.9581,1.0
2014-12-19 13:00:00,0.0,538.7251,1.0
2014-12-19 14:00:00,0.0,389.75076,1.0
2014-12-19 15:00:00,0.0,204.52834,1.0
2014-12-19 16:00:00,0.54,26.114634,0.6397222222222222
2014-12-19 17:00:00,0.74,0.0,0.0
2014-12-19 18:00:00,0.66,0.0,0.0
2014-12-19 19:00:00,0.93,0.0,0.0
2014-12-19 20:00:00,1.0,0.0,0.0
2014-12-19 21:00:00,0.89,0.0,0.0
2014-12-19 22:00:00,0.28,0.0,0.0
2014-12-19 23:00:00,0.0,0.0,0.0
2014-12-20 00:00:00,0.0,0.0,0.0
2014-12-20 01:00:00,0.0,0.0,0.0
2014-12-20 02:00:00,0.0,0.0,0.0
2014-12-20 03:00:00,0.13,0.0,0.0
2014-12-20 04:00:00,0.89,0.0,0.0
2014-12-20 05:00:00,0.98,0.0,0.0
2014-12-20 06:00:00,0.99,0.0,0.0
2014-12-20 07:00:00,1.0,14.837847,0.7055555555555556
2014-12-20 08:00:00,1.0,99.67601,1.0
2014-12-20 09:00:00,0.95,165.94717,1.0
2014-12-20 10:00:00,0.83,330.89996,1.0
2014-12-20 11:00:00,0.64,519.04266,1.0
2014-12-20 12:00:00,0.32,539.4702,1.0
2014-12-20 13:00:00,0.29,506.71518,1.0
2014-12-20 14:00:00,0.12,343.70087,1.0
2014-12-20 15:00:00,0.72,183.0779,1.0
2014-12-20 16:00:00,0.99,16.636831,0.6475
2014-12-20 17:00:00,1.0,0.0,0.0
2014-12-20 18:00:00,1.0,0.0,0.0
2014-12-20 19:00:00,1.0,0.0,0.0
2014-12-20 20:00:00,1.0,0.0,0.0
2014-12-20 21:00:00,0.89,0.0,0.0
2014-12-20 22:00:00,0.57,0.0,0.0
2014-12-20 23:00:00,0.11,0.0,0.0
2014-12-21 00:00:00,0.16,0.0,0.0
2014-12-21 01:00:00,0.16,0.0,0.0
2014-12-21 02:00:00,0.84,0.0,0.0
2014-12-21 03:00:00,0.92,0.0,0.0
2014-12-21 04:00:00,0.75,0.0,0.0
2014-12-21 05:00:00,0.76,0.0,0.0
2014-12-21 06:00:00,0.99,0.0,0.0
2014-12-21 07:00:00,0.93,25.586687,0.6966666666666667
2014-12-21 08:00:00,0.23,117.70088,1.0
2014-12-21 09:00:00,0.46,207.25255,1.0
2014-12-21 10:00:00,1.0,275.06982,1.0
2014-12-21 11:00:00,0.76,397.17267,1.0
2014-12-21 12:00:00,0.37,446.064,1.0
2014-12-21 13:00:00,0.87,452.56763,1.0
2014-12-21 14:00:00,0.98,284.0807,1.0
2014-12-21 15:00:00,0.99,92.647964,1.0
2014-12-21 16:00:00,0.97,13.726822,0.6555555555555556
2014-12-21 17:00:00,0.57,0.0,0.0
2014-12-21 18:00:00,0.91,0.0,0.0
2014-12-21 19:00:00,0.88,0.0,0.0
2014-12-21 20:00:00,0.84,0.0,0.0
2014-12-21 21:00:00,0.79,0.0,0.0
2014-12-21 22:00:00,0.88,0.0,0.0
2014-12-21 23:00:00,0.94,0.0,0.0
2014-12-22 00:00:00,0.88,0.0,0.0
2014-12-22 01:00:00,0.77,0.0,0.0
2014-12-22 02:00:00,0.62,0.0,0.0
2014-12-22 03:00:00,0.67,0.0,0.0
2014-12-22 04:00:00,0.57,0.0,0.0
2014-12-22 05:00:00,0.39,0.0,0.0
2014-12-22 06:00:00,0.41,0.0,0.0
2014-12-22 07:00:00,0.47,35.49005,0.6883333333333334
2014-12-22 08:00:00,0.84,131.7941,1.0
2014-12-22 09:00:00,0.93,294.42203,1.0
2014-12-22 10:00:00,0.81,435.03198,1.0
2014-12-22 11:00:00,0.91,343.02927,1.0
2014-12-22 12:00:00,0.79,364.7672,1.0
2014-12-22 13:00:00,0.87,314.69003,1.0
2014-12-22 14:00:00,0.84,184.14272,1.0
2014-12-22 15:00:00,0.93,109.44758,1.0
2014-12-22 16:00:00,0.92,11.824745,0.6641666666666667
2014-12-22 17:00:00,0.96,0.0,0.0
2014-12-22 18:00:00,0.9,0.0,0.0
2014-12-22 19:00:00,0.84,0.0,0.0
2014-12-22 20:00:00,0.72,0.0,0.0
2014-12-22 21:00:00,0.73,0.0,0.0
2014-12-22 22:00:00,0.39,0.0,0.0
2014-12-22 23:00:00,0.29,0.0,0.0
2014-12-23 00:00:00,0.53,0.0,0.0
2014-12-23 01:00:00,0.67,0.0,0.0
2014-12-23 02:00:00,0.71,0.0,0.0
2014-12-23 03:00:00,0.61,0.0,0.0
2014-12-23 04:00:00,0.69,0.0,0.0
2014-12-23 05:00:00,0.81,0.0,0.0
2014-12-23 06:00:00,0.91,0.0,0.0
2014-12-23 07:00:00,0.92,12.905937,0.6802777777777778
2014-12-23 08:00:00,0.95,111.10299,1.0
2014-12-23 09:00:00,0.94,233.27472,1.0
2014-12-23 10:00:00,0.95,410.544,1.0
2014-12-23 11:00:00,0.85,580.45044,1.0
2014-12-23 12:00:00,0.69,580.75287,1.0
2014-12-23 13:00:00,0.45,505.5177,1.0
2014-12-23 14:00:00,0.38,381.9397,1.0
2014-12-23 15:00:00,0.25,195.31468,1.0
2014-12-23 16:00:00,0.19,26.938255,0.6736111111111112
2014-12-23 17:00:00,0.06,0.0,0.0
2014-12-23 18:00:00,0.05,0.0,0.0
2014-12-23 19:00:00,0.05,0.0,0.0
2014-12-23 20:00:00,0.07,0.0,0.0
2014-12-23 21:00:00,0.0,0.0,0.0
2014-12-23 22:00:00,0.0,0.0,0.0
2014-12-23 23:00:00,0.04,0.0,0.0
2014-12-24 00:00:00,0.01,0.0,0.0
2014-12-24 01:00:00,0.0,0.0,0.0
2014-12-24 02:00:00,0.0,0.0,0.0
2014-12-24 03:00:00,0.0,0.0,0.0
2014-12-24 04:00:00,0.0,0.0,0.0
2014-12-24 05:00:00,0.0,0.0,0.0
2014-12-24 06:00:00,0.0,0.0,0.0
2014-12-24 07:00:00,0.0,42.745834,0.6730555555555555
2014-12-24 08:00:00,0.0,255.34865,1.0
2014-12-24 09:00:00,0.16,445.7993,1.0
2014-12-24 10:00:00,0.02,572.62036,1.0
2014-12-24 11:00:00,0.07,631.27045,1.0
2014-12-24 12:00:00,0.06,623.8418,1.0
2014-12-24 13:00:00,0.27,542.37946,1.0
2014-12-24 14:00:00,0.07,402.09897,1.0
2014-12-24 15:00:00,0.47,218.89455,1.0
2014-12-24 16:00:00,1.0,25.114273,0.6830555555555555
2014-12-24 17:00:00,1.0,0.0,0.0
2014-12-24 18:00:00,1.0,0.0,0.0
2014-12-24 19:00:00,0.99,0.0,0.0
2014-12-24 20:00:00,0.99,0.0,0.0
2014-12-24 21:00:00,0.93,0.0,0.0
2014-12-24 22:00:00,0.61,0.0,0.0
2014-12-24 23:00:00,0.5,0.0,0.0
2014-12-25 00:00:00,0.24,0.0,0.0
2014-12-25 01:00:00,0.16,0.0,0.0
2014-12-25 02:00:00,0.3,0.0,0.0
2014-12-25 03:00:00,0.12,0.0,0.0
2014-12-25 04:00:00,0.0,0.0,0.0
2014-12-25 05:00:00,0.0,0.0,0.0
2014-12-25 06:00:00,0.0,0.0,0.0
2014-12-25 07:00:00,0.0,41.906673,0.6663888888888889
2014-12-25 08:00:00,0.42,239.56126,1.0
2014-12-25 09:00:00,0.26,436.50275,1.0
2014-12-25 10:00:00,0.1,566.7392,1.0
2014-12-25 11:00:00,0.36,544.34625,1.0
2014-12-25 12:00:00,0.84,510.39706,1.0
2014-12-25 13:00:00,0.91,298.45715,1.0
2014-12-25 14:00:00,0.85,252.80614,1.0
2014-12-25 15:00:00,0.77,122.75521,1.0
2014-12-25 16:00:00,0.95,17.231459,0.6933333333333334
2014-12-25 17:00:00,0.95,0.0,0.0
2014-12-25 18:00:00,0.99,0.0,0.0
2014-12-25 19:00:00,1.0,0.0,0.0
2014-12-25 20:00:00,1.0,0.0,0.0
2014-12-25 21:00:00,1.0,0.0,0.0
2014-12-25 22:00:00,0.99,0.0,0.0
2014-12-25 23:00:00,0.94,0.0,0.0
2014-12-26 00:00:00,0.96,0.0,0.0
2014-12-26 01:00:00,0.98,0.0,0.0
2014-12-26 02:00:00,0.97,0.0,0.0
2014-12-26 03:00:00,0.93,0.0,0.0
2014-12-26 04:00:00,0.87,0.0,0.0
2014-12-26 05:00:00,0.98,0.0,0.0
2014-12-26 06:00:00,1.0,0.0,0.0
2014-12-26 07:00:00,0.97,14.962651,0.6602777777777777
2014-12-26 08:00:00,0.99,89.434235,1.0
2014-12-26 09:00:00,1.0,278.69113,1.0
2014-12-26 10:00:00,0.96,377.6472,1.0
2014-12-26 11:00:00,1.0,380.63275,1.0
2014-12-26 12:00:00,1.0,415.47156,1.0
2014-12-26 13:00:00,0.97,314.20676,1.0
2014-12-26 14:00:00,0.99,168.3284,1.0
2014-12-26 15:00:00,0.98,95.35329,1.0
2014-12-26 16:00:00,0.99,14.765867,0.7038888888888889
2014-12-26 17:00:00,0.99,0.0,0.0
2014-12-26 18:00:00,1.0,0.0,0.0
2014-12-26 19:00:00,0.99,0.0,0.0
2014-12-26 20:00:00,0.97,0.0,0.0
2014-12-26 21:00:00,0.96,0.0,0.0
2014-12-26 22:00:00,0.92,0.0,0.0
2014-12-26 23:00:00,0.82,0.0,0.0
2014-12-27 00:00:00,0.71,0.0,0.0
2014-12-27 01:00:00,0.53,0.0,0.0
2014-12-27 02:00:00,0.47,0.0,0.0
2014-12-27 03:00:00,0.29,0.0,0.0
2014-12-27 04:00:00,0.28,0.0,0.0
2014-12-27 05:00:00,0.18,0.0,0.0
2014-12-27 06:00:00,0.11,0.0,0.0
2014-12-27 07:00:00,0.14,37.10926,0.655
2014-12-27 08:00:00,0.17,244.41573,1.0
2014-12-27 09:00:00,0.15,452.6135,1.0
2014-12-27 10:00:00,0.03,595.39966,1.0
2014-12-27 11:00:00,0.02,658.6807,1.0
2014-12-27 12:00:00,0.0,653.56616,1.0
2014-12-27 13:00:00,0.0,576.6041,1.0
2014-12-27 14:00:00,0.0,431.43777,1.0
2014-12-27 15:00:00,0.0,235.39835,1.0
2014-12-27 16:00:00,0.04,38.430935,0.7147222222222223
2014-12-27 17:00:00,0.71,0.0,0.0
2014-12-27 18:00:00,0.72,0.0,0.0
2014-12-27 19:00:00,0.17,0.0,0.0
2014-12-27 20:00:00,0.23,0.0,0.0
2014-12-27 21:00:00,0.06,0.0,0.0
2014-12-27 22:00:00,0.0,0.0,0.0
2014-12-27 23:00:00,0.0,0.0,0.0
2014-12-28 00:00:00,0.0,0.0,0.0
2014-12-28 01:00:00,0.04,0.0,0.0
2014-12-28 02:00:00,0.49,0.0,0.0
2014-12-28 03:00:00,0.43,0.0,0.0
2014-12-28 04:00:00,0.37,0.0,0.0
2014-12-28 05:00:00,0.27,0.0,0.0
2014-12-28 06:00:00,0.03,0.0,0.0
2014-12-28 07:00:00,0.0,42.24246,0.6502777777777777
2014-12-28 08:00:00,0.0,264.67328,1.0
2014-12-28 09:00:00,0.0,458.62985,1.0
2014-12-28 10:00:00,0.0,589.74854,1.0
2014-12-28 11:00:00,0.0,658.8626,1.0
2014-12-28 12:00:00,0.0,639.4459,1.0
2014-12-28 13:00:00,0.0,545.79834,1.0
2014-12-28 14:00:00,0.04,383.41797,1.0
2014-12-28 15:00:00,0.01,196.80171,1.0
2014-12-28 16:00:00,0.0,31.957926,0.7258333333333333
2014-12-28 17:00:00,0.0,0.0,0.0
2014-12-28 18:00:00,0.08,0.0,0.0
2014-12-28 19:00:00,0.15,0.0,0.0
2014-12-28 20:00:00,0.25,0.0,0.0
2014-12-28 21:00:00,0.13,0.0,0.0
2014-12-28 22:00:00,0.16,0.0,0.0
2014-12-28 23:00:00,0.22,0.0,0.0
2014-12-29 00:00:00,0.2,0.0,0.0
2014-12-29 01:00:00,0.29,0.0,0.0
2014-12-29 02:00:00,0.26,0.0,0.0
2014-12-29 03:00:00,0.2,0.0,0.0
2014-12-29 04:00:00,0.24,0.0,0.0
2014-12-29 05:00:00,0.87,0.0,0.0
2014-12-29 06:00:00,0.97,0.0,0.0
2014-12-29 07:00:00,1.0,7.9513845,0.6463888888888889
2014-12-29 08:00:00,1.0,80.02107,1.0
2014-12-29 09:00:00,1.0,156.07683,1.0
2014-12-29 10:00:00,1.0,213.05815,1.0
2014-12-29 11:00:00,1.0,274.70743,1.0
2014-12-29 12:00:00,1.0,300.8436,1.0
2014-12-29 13:00:00,1.0,289.6029,1.0
2014-12-29 14:00:00,0.99,202.3926,1.0
2014-12-29 15:00:00,1.0,104.06867,1.0
2014-12-29 16:00:00,1.0,10.933154,0.7375
2014-12-29 17:00:00,1.0,0.0,0.0
2014-12-29 18:00:00,1.0,0.0,0.0
2014-12-29 19:00:00,1.0,0.0,0.0
2014-12-29 20:00:00,1.0,0.0,0.0
2014-12-29 21:00:00,1.0,0.0,0.0
2014-12-29 22:00:00,1.0,0.0,0.0
2014-12-29 23:00:00,1.0,0.0,0.0
2014-12-30 00:00:00,1.0,0.0,0.0
2014-12-30 01:00:00,1.0,0.0,0.0
2014-12-30 02:00:00,1.0,0.0,0.0
2014-12-30 03:00:00,0.99,0.0,0.0
2014-12-30 04:00:00,0.97,0.0,0.0
2014-12-30 05:00:00,0.99,0.0,0.0
2014-12-30 06:00:00,0.98,0.0,0.0
2014-12-30 07:00:00,0.98,14.96351,0.6430555555555556
2014-12-30 08:00:00,0.98,120.817696,1.0
2014-12-30 09:00:00,0.99,248.17421,1.0
2014-12-30 10:00:00,0.96,349.36447,1.0
2014-12-30 11:00:00,0.97,439.17633,1.0
2014-12-30 12:00:00,1.0,418.158,1.0
2014-12-30 13:00:00,1.0,378.0714,1.0
2014-12-30 14:00:00,1.0,252.12573,1.0
2014-12-30 15:00:00,1.0,161.6954,1.0
2014-12-30 16:00:00,1.0,20.29478,0.7494444444444445
2014-12-30 17:00:00,0.96,0.0,0.0
2014-12-30 18:00:00,0.83,0.0,0.0
2014-12-30 19:00:00,0.85,0.0,0.0
2014-12-30 20:00:00,0.46,0.0,0.0
2014-12-30 21:00:00,0.26,0.0,0.0
2014-12-30 22:00:00,0.09,0.0,0.0
2014-12-30 23:00:00,0.0,0.0,0.0
2014-12-31 00:00:00,0.0,0.0,0.0
2014-12-31 01:00:00,0.0,0.0,0.0
2014-12-31 02:00:00,0.0,0.0,0.0
2014-12-31 03:00:00,0.0,0.0,0.0
2014-12-31 04:00:00,0.0,0.0,0.0
2014-12-31 05:00:00,0.0,0.0,0.0
2014-12-31 06:00:00,0.0,0.0,0.0
2014-12-31 07:00:00,0.0,41.36514,0.6405555555555555
2014-12-31 08:00:00,0.0,262.2922,1.0
2014-12-31 09:00:00,0.0,457.2143,1.0
2014-12-31 10:00:00,0.0,595.82837,1.0
2014-12-31 11:00:00,0.0,666.9657,1.0
2014-12-31 12:00:00,0.0,660.82574,1.0
2014-12-31 13:00:00,0.0,580.3981,1.0
2014-12-31 14:00:00,0.0,436.6577,1.0
2014-12-31 15:00:00,0.0,243.33052,1.0
2014-12-31 16:00:00,0.0,44.99294,0.7619444444444444
2014-12-31 17:00:00,0.0,0.0,0.0
2014-12-31 18:00:00,0.04,0.0,0.0
2014-12-31 19:00:00,0.0,0.0,0.0
2014-12-31 20:00:00,0.0,0.0,0.0
2014-12-31 21:00:00,0.0,0.0,0.0
2014-12-31 22:00:00,0.0,0.0,0.0
2014-12-31 23:00:00,0.0,0.0,0.0
2015-01-01 00:00:00,0.0,0.0,0.0
2015-01-01 01:00:00,0.0,0.0,0.0
2015-01-01 02:00:00,0.0,0.0,0.0
2015-01-01 03:00:00,0.3,0.0,0.0
2015-01-01 04:00:00,0.0,0.0,0.0
2015-01-01 05:00:00,0.0,0.0,0.0
2015-01-01 06:00:00,0.0,0.0,0.0
2015-01-01 07:00:00,0.0,38.319096,0.6386111111111111
2015-01-01 08:00:00,0.06,242.59564,1.0
2015-01-01 09:00:00,0.3,424.0604,1.0
2015-01-01 10:00:00,0.57,556.3892,1.0
2015-01-01 11:00:00,0.49,656.58435,1.0
2015-01-01 12:00:00,0.43,549.7931,1.0
2015-01-01 13:00:00,0.88,307.62762,1.0
2015-01-01 14:00:00,0.99,198.17464,1.0
2015-01-01 15:00:00,0.99,92.91104,1.0
2015-01-01 16:00:00,1.0,18.664354,0.7747222222222222
2015-01-01 17:00:00,1.0,0.0,0.0
2015-01-01 18:00:00,1.0,0.0,0.0
2015-01-01 19:00:00,1.0,0.0,0.0
2015-01-01 20:00:00,1.0,0.0,0.0
2015-01-01 21:00:00,1.0,0.0,0.0
2015-01-01 22:00:00,0.98,0.0,0.0
2015-01-01 23:00:00,0.91,0.0,0.0
2015-01-02 00:00:00,0.8,0.0,0.0
2015-01-02 01:00:00,0.74,0.0,0.0
2015-01-02 02:00:00,0.61,0.0,0.0
2015-01-02 03:00:00,0.51,0.0,0.0
2015-01-02 04:00:00,0.34,0.0,0.0
2015-01-02 05:00:00,0.25,0.0,0.0
2015-01-02 06:00:00,0.44,0.0,0.0
2015-01-02 07:00:00,0.69,36.25005,0.6372222222222222
2015-01-02 08:00:00,0.74,243.92401,1.0
2015-01-02 09:00:00,0.66,438.2299,1.0
2015-01-02 10:00:00,0.0,581.672,1.0
2015-01-02 11:00:00,0.0,648.82855,1.0
2015-01-02 12:00:00,0.0,649.775,1.0
2015-01-02 13:00:00,0.0,575.7967,1.0
2015-01-02 14:00:00,0.0,436.19,1.0
2015-01-02 15:00:00,0.0,247.6556,1.0
2015-01-02 16:00:00,0.0,48.97558,0.7883333333333333
2015-01-02 17:00:00,0.0,0.0,0.0
2015-01-02 18:00:00,0.0,0.0,0.0
2015-01-02 19:00:00,0.0,0.0,0.0
2015-01-02 20:00:00,0.0,0.0,0.0
2015-01-02 21:00:00,0.0,0.0,0.0
2015-01-02 22:00:00,0.02,0.0,0.0
2015-01-02 23:00:00,0.11,0.0,0.0
2015-01-03 00:00:00,0.11,0.0,0.0
2015-01-03 01:00:00,0.06,0.0,0.0
2015-01-03 02:00:00,0.02,0.0,0.0
2015-01-03 03:00:00,0.04,0.0,0.0
2015-01-03 04:00:00,0.02,0.0,0.0
2015-01-03 05:00:00,0.03,0.0,0.0
2015-01-03 06:00:00,0.15,0.0,0.0
2015-01-03 07:00:00,0.3,30.147602,0.6361111111111111
2015-01-03 08:00:00,0.83,163.92865,1.0
2015-01-03 09:00:00,0.81,247.00027,1.0
2015-01-03 10:00:00,0.83,257.15094,1.0
2015-01-03 11:00:00,0.95,339.06772,1.0
2015-01-03 12:00:00,0.87,397.5027,1.0
2015-01-03 13:00:00,0.91,298.45352,1.0
2015-01-03 14:00:00,0.9,161.89906,1.0
2015-01-03 15:00:00,0.92,81.72694,1.0
2015-01-03 16:00:00,0.92,16.646837,0.8025
2015-01-03 17:00:00,0.96,0.0,0.0
2015-01-03 18:00:00,0.96,0.0,0.0
2015-01-03 19:00:00,0.8,0.0,0.0
2015-01-03 20:00:00,0.76,0.0,0.0
2015-01-03 21:00:00,0.66,0.0,0.0
2015-01-03 22:00:00,0.4,0.0,0.0
2015-01-03 23:00:00,0.22,0.0,0.0
2015-01-04 00:00:00,0.19,0.0,0.0
2015-01-04 01:00:00,0.08,0.0,0.0
2015-01-04 02:00:00,0.07,0.0,0.0
2015-01-04 03:00:00,0.05,0.0,0.0
2015-01-04 04:00:00,0.02,0.0,0.0
2015-01-04 05:00:00,0.09,0.0,0.0
2015-01-04 06:00:00,0.0,0.0,0.0
2015-01-04 07:00:00,0.0,36.14312,0.6358333333333334
2015-01-04 08:00:00,0.23,197.51176,1.0
2015-01-04 09:00:00,0.67,422.10028,1.0
2015-01-04 10:00:00,0.36,574.20447,1.0
2015-01-04 11:00:00,0.33,618.56256,1.0
2015-01-04 12:00:00,0.13,606.23157,1.0
2015-01-04 13:00:00,0.18,509.4968,1.0
2015-01-04 14:00:00,0.69,361.86642,1.0
2015-01-04 15:00:00,0.96,198.64478,1.0
2015-01-04 16:00:00,1.0,30.744675,0.8169444444444445
2015-01-04 17:00:00,1.0,0.0,0.0
2015-01-04 18:00:00,0.91,0.0,0.0
2015-01-04 19:00:00,0.7,0.0,0.0
2015-01-04 20:00:00,0.71,0.0,0.0
2015-01-04 21:00:00,0.7,0.0,0.0
2015-01-04 22:00:00,0.33,0.0,0.0
2015-01-04 23:00:00,0.0,0.0,0.0
2015-01-05 00:00:00,0.0,0.0,0.0
2015-01-05 01:00:00,0.39,0.0,0.0
2015-01-05 02:00:00,1.0,0.0,0.0
2015-01-05 03:00:00,0.99,0.0,0.0
2015-01-05 04:00:00,1.0,0.0,0.0
2015-01-05 05:00:00,1.0,0.0,0.0
2015-01-05 06:00:00,1.0,0.0,0.0
2015-01-05 07:00:00,0.89,29.011312,0.6361111111111111
2015-01-05 08:00:00,0.87,206.79091,1.0
2015-01-05 09:00:00,0.9,371.15182,1.0
2015-01-05 10:00:00,0.93,558.92535,1.0
2015-01-05 11:00:00,0.45,587.57227,1.0
2015-01-05 12:00:00,0.88,532.1142,1.0
2015-01-05 13:00:00,0.89,475.7131,1.0
2015-01-05 14:00:00,0.76,349.76172,1.0
2015-01-05 15:00:00,0.63,214.74956,1.0
2015-01-05 16:00:00,0.73,39.64961,0.8322222222222222
2015-01-05 17:00:00,0.76,0.0,0.0
2015-01-05 18:00:00,0.75,0.0,0.0
2015-01-05 19:00:00,0.7,0.0,0.0
2015-01-05 20:00:00,0.99,0.0,0.0
2015-01-05 21:00:00,1.0,0.0,0.0
2015-01-05 22:00:00,1.0,0.0,0.0
2015-01-05 23:00:00,1.0,0.0,0.0
2015-01-06 00:00:00,0.99,0.0,0.0
2015-01-06 01:00:00,0.95,0.0,0.0
2015-01-06 02:00:00,0.9,0.0,0.0
2015-01-06 03:00:00,0.95,0.0,0.0
2015-01-06 04:00:00,0.94,0.0,0.0
2015-01-06 05:00:00,0.9,0.0,0.0
2015-01-06 06:00:00,0.86,0.0,0.0
2015-01-06 07:00:00,0.77,31.968826,0.6369444444444444
2015-01-06 08:00:00,0.52,221.88547,1.0
2015-01-06 09:00:00,0.26,406.28836,1.0
2015-01-06 10:00:00,0.17,538.5109,1.0
2015-01-06 11:00:00,0.17,623.80066,1.0
2015-01-06 12:00:00,0.22,620.91437,1.0
2015-01-06 13:00:00,0.34,547.3841,1.0
2015-01-06 14:00:00,0.68,404.35062,1.0
2015-01-06 15:00:00,0.95,211.82101,1.0
2015-01-06 16:00:00,0.99,42.858303,0.8477777777777777
2015-01-06 17:00:00,0.99,0.0,0.0
2015-01-06 18:00:00,1.0,0.0,0.0
2015-01-06 19:00:00,0.97,0.0,0.0
2015-01-06 20:00:00,0.97,0.0,0.0
2015-01-06 21:00:00,0.94,0.0,0.0
2015-01-06 22:00:00,0.9,0.0,0.0
2015-01-06 23:00:00,0.87,0.0,0.0
2015-01-07 00:00:00,0.88,0.0,0.0
2015-01-07 01:00:00,0.91,0.0,0.0
2015-01-07 02:00:00,0.96,0.0,0.0
2015-01-07 03:00:00,0.96,0.0,0.0
2015-01-07 04:00:00,0.97,0.0,0.0
2015-01-07 05:00:00,0.98,0.0,0.0
2015-01-07 06:00:00,0.94,0.0,0.0
2015-01-07 07:00:00,0.94,14.931886,0.6383333333333333
2015-01-07 08:00:00,0.88,120.68148,1.0
2015-01-07 09:00:00,0.84,245.46101,1.0
2015-01-07 10:00:00,0.86,466.43744,1.0
2015-01-07 11:00:00,0.66,539.68805,1.0
2015-01-07 12:00:00,0.6,632.93,1.0
2015-01-07 13:00:00,0.74,546.75055,1.0
2015-01-07 14:00:00,0.67,431.23245,1.0
2015-01-07 15:00:00,0.8,242.6643,1.0
2015-01-07 16:00:00,0.74,56.11046,0.8638888888888889
2015-01-07 17:00:00,0.87,0.0,0.0
2015-01-07 18:00:00,0.3,0.0,0.0
2015-01-07 19:00:00,0.13,0.0,0.0
2015-01-07 20:00:00,0.33,0.0,0.0
2015-01-07 21:00:00,0.39,0.0,0.0
2015-01-07 22:00:00,0.53,0.0,0.0
2015-01-07 23:00:00,0.66,0.0,0.0
2015-01-08 00:00:00,0.64,0.0,0.0
2015-01-08 01:00:00,0.62,0.0,0.0
2015-01-08 02:00:00,0.58,0.0,0.0
2015-01-08 03:00:00,0.3,0.0,0.0
2015-01-08 04:00:00,0.01,0.0,0.0
2015-01-08 05:00:00,0.0,0.0,0.0
2015-01-08 06:00:00,0.0,0.0,0.0
2015-01-08 07:00:00,0.0,37.69993,0.6402777777777777
2015-01-08 08:00:00,0.0,256.26602,1.0
2015-01-08 09:00:00,0.0,450.05518,1.0
2015-01-08 10:00:00,0.0,584.73035,1.0
2015-01-08 11:00:00,0.0,652.5448,1.0
2015-01-08 12:00:00,0.0,659.15985,1.0
2015-01-08 13:00:00,0.01,579.1399,1.0
2015-01-08 14:00:00,0.0,446.92398,1.0
2015-01-08 15:00:00,0.02,259.1956,1.0
2015-01-08 16:00:00,0.02,61.69922,0.8802777777777778
2015-01-08 17:00:00,0.01,0.0,0.0
2015-01-08 18:00:00,0.0,0.0,0.0
2015-01-08 19:00:00,0.38,0.0,0.0
2015-01-08 20:00:00,0.94,0.0,0.0
2015-01-08 21:00:00,0.92,0.0,0.0
2015-01-08 22:00:00,0.99,0.0,0.0
2015-01-08 23:00:00,0.98,0.0,0.0
2015-01-09 00:00:00,0.93,0.0,0.0
2015-01-09 01:00:00,0.81,0.0,0.0
2015-01-09 02:00:00,0.54,0.0,0.0
2015-01-09 03:00:00,0.54,0.0,0.0
2015-01-09 04:00:00,0.53,0.0,0.0
2015-01-09 05:00:00,0.38,0.0,0.0
2015-01-09 06:00:00,0.28,0.0,0.0
2015-01-09 07:00:00,0.32,38.530643,0.6427777777777778
2015-01-09 08:00:00,0.46,252.21278,1.0
2015-01-09 09:00:00,0.55,449.86185,1.0
2015-01-09 10:00:00,0.06,584.24066,1.0
2015-01-09 11:00:00,0.33,661.01483,1.0
2015-01-09 12:00:00,0.53,656.5782,1.0
2015-01-09 13:00:00,0.43,567.0965,1.0
2015-01-09 14:00:00,0.09,443.3667,1.0
2015-01-09 15:00:00,0.0,265.5122,1.0
2015-01-09 16:00:00,0.0,63.560486,0.8969444444444444
2015-01-09 17:00:00,0.0,0.0,0.0
2015-01-09 18:00:00,0.04,0.0,0.0
2015-01-09 19:00:00,0.33,0.0,0.0
2015-01-09 20:00:00,0.82,0.0,0.0
2015-01-09 21:00:00,0.95,0.0,0.0
2015-01-09 22:00:00,0.96,0.0,0.0
2015-01-09 23:00:00,0.97,0.0,0.0
2015-01-10 00:00:00,0.99,0.0,0.0
2015-01-10 01:00:00,0.98,0.0,0.0
2015-01-10 02:00:00,0.93,0.0,0.0
2015-01-10 03:00:00,1.0,0.0,0.0
2015-01-10 04:00:00,1.0,0.0,0.0
2015-01-10 05:00:00,1.0,0.0,0.0
2015-01-10 06:00:00,1.0,0.0,0.0
2015-01-10 07:00:00,0.99,31.516842,0.6458333333333334
2015-01-10 08:00:00,0.99,196.83002,1.0
2015-01-10 09:00:00,0.98,397.35422,1.0
2015-01-10 10:00:00,0.92,553.9437,1.0
2015-01-10 11:00:00,0.92,629.79486,1.0
2015-01-10 12:00:00,0.86,648.7234,1.0
2015-01-10 13:00:00,0.77,578.3239,1.0
2015-01-10 14:00:00,0.65,454.61017,1.0
2015-01-10 15:00:00,0.04,270.0342,1.0
2015-01-10 16:00:00,0.02,67.34689,0.9138888888888889
2015-01-10 17:00:00,0.19,0.0,0.0
2015-01-10 18:00:00,0.51,0.0,0.0
2015-01-10 19:00:00,0.59,0.0,0.0
2015-01-10 20:00:00,0.42,0.0,0.0
2015-01-10 21:00:00,0.43,0.0,0.0
2015-01-10 22:00:00,0.47,0.0,0.0
2015-01-10 23:00:00,0.52,0.0,0.0
2015-01-11 00:00:00,0.54,0.0,0.0
2015-01-11 01:00:00,0.71,0.0,0.0
2015-01-11 02:00:00,0.64,0.0,0.0
2015-01-11 03:00:00,0.65,0.0,0.0
2015-01-11 04:00:00,0.83,0.0,0.0
2015-01-11 05:00:00,0.85,0.0,0.0
2015-01-11 06:00:00,0.95,0.0,0.0
2015-01-11 07:00:00,1.0,14.847936,0.6494444444444445
2015-01-11 08:00:00,1.0,111.05408,1.0
2015-01-11 09:00:00,1.0,249.66307,1.0
2015-01-11 10:00:00,1.0,323.1197,1.0
2015-01-11 11:00:00,0.98,350.162,1.0
2015-01-11 12:00:00,0.93,414.47415,1.0
2015-01-11 13:00:00,0.72,412.7234,1.0
2015-01-11 14:00:00,0.59,378.44568,1.0
2015-01-11 15:00:00,0.45,210.78633,1.0
2015-01-11 16:00:00,0.9,35.135197,0.9313888888888889
2015-01-11 17:00:00,0.99,0.0,0.0
2015-01-11 18:00:00,1.0,0.0,0.0
2015-01-11 19:00:00,0.99,0.0,0.0
2015-01-11 20:00:00,0.99,0.0,0.0
2015-01-11 21:00:00,1.0,0.0,0.0
2015-01-11 22:00:00,0.98,0.0,0.0
2015-01-11 23:00:00,0.98,0.0,0.0
2015-01-12 00:00:00,1.0,0.0,0.0
2015-01-12 01:00:00,0.98,0.0,0.0
2015-01-12 02:00:00,0.98,0.0,0.0
2015-01-12 03:00:00,1.0,0.0,0.0
2015-01-12 04:00:00,0.99,0.0,0.0
2015-01-12 05:00:00,0.96,0.0,0.0
2015-01-12 06:00:00,0.98,0.0,0.0
2015-01-12 07:00:00,0.96,16.650465,0.6536111111111111
2015-01-12 08:00:00,0.94,134.7341,1.0
2015-01-12 09:00:00,0.85,207.05582,1.0
2015-01-12 10:00:00,0.72,381.7665,1.0
2015-01-12 11:00:00,0.82,464.48563,1.0
2015-01-12 12:00:00,0.9,489.05078,1.0
2015-01-12 13:00:00,0.9,465.98578,1.0
2015-01-12 14:00:00,0.86,348.67596,1.0
2015-01-12 15:00:00,0.9,196.55617,1.0
2015-01-12 16:00:00,0.8,52.369293,0.9488888888888889
2015-01-12 17:00:00,0.89,0.0,0.0
2015-01-12 18:00:00,0.96,0.0,0.0
2015-01-12 19:00:00,0.96,0.0,0.0
2015-01-12 20:00:00,0.96,0.0,0.0
2015-01-12 21:00:00,0.92,0.0,0.0
2015-01-12 22:00:00,0.9,0.0,0.0
2015-01-12 23:00:00,0.95,0.0,0.0
2015-01-13 00:00:00,0.99,0.0,0.0
2015-01-13 01:00:00,0.98,0.0,0.0
2015-01-13 02:00:00,0.96,0.0,0.0
2015-01-13 03:00:00,1.0,0.0,0.0
2015-01-13 04:00:00,0.98,0.0,0.0
2015-01-13 05:00:00,1.0,0.0,0.0
2015-01-13 06:00:00,0.98,0.0,0.0
2015-01-13 07:00:00,0.95,15.79808,0.6586111111111111
2015-01-13 08:00:00,0.84,113.10288,1.0
2015-01-13 09:00:00,0.78,252.75008,1.0
2015-01-13 10:00:00,0.58,401.4822,1.0
2015-01-13 11:00:00,0.61,587.9444,1.0
2015-01-13 12:00:00,0.68,548.13226,1.0
2015-01-13 13:00:00,0.97,468.6743,1.0
2015-01-13 14:00:00,0.98,312.2681,1.0
2015-01-13 15:00:00,1.0,163.67447,1.0
2015-01-13 16:00:00,1.0,38.712795,0.9666666666666667
2015-01-13 17:00:00,1.0,0.0,0.0
2015-01-13 18:00:00,0.97,0.0,0.0
2015-01-13 19:00:00,0.96,0.0,0.0
2015-01-13 20:00:00,0.93,0.0,0.0
2015-01-13 21:00:00,0.95,0.0,0.0
2015-01-13 22:00:00,0.86,0.0,0.0
2015-01-13 23:00:00,0.77,0.0,0.0
2015-01-14 00:00:00,0.72,0.0,0.0
2015-01-14 01:00:00,0.58,0.0,0.0
2015-01-14 02:00:00,0.57,0.0,0.0
2015-01-14 03:00:00,0.56,0.0,0.0
2015-01-14 04:00:00,0.27,0.0,0.0
2015-01-14 05:00:00,0.16,0.0,0.0
2015-01-14 06:00:00,0.19,0.0,0.0
2015-01-14 07:00:00,0.2,41.323307,0.6638888888888889
2015-01-14 08:00:00,0.14,227.67914,1.0
2015-01-14 09:00:00,0.09,457.03085,1.0
2015-01-14 10:00:00,0.07,577.2282,1.0
2015-01-14 11:00:00,0.01,683.5372,1.0
2015-01-14 12:00:00,0.01,683.9356,1.0
2015-01-14 13:00:00,0.0,612.9322,1.0
2015-01-14 14:00:00,0.01,475.15265,1.0
2015-01-14 15:00:00,0.04,288.939,1.0
2015-01-14 16:00:00,0.01,81.900604,0.9844444444444445
2015-01-14 17:00:00,0.0,0.0,0.0
2015-01-14 18:00:00,0.01,0.0,0.0
2015-01-14 19:00:00,0.01,0.0,0.0
2015-01-14 20:00:00,0.0,0.0,0.0
2015-01-14 21:00:00,0.0,0.0,0.0
2015-01-14 22:00:00,0.01,0.0,0.0
2015-01-14 23:00:00,0.01,0.0,0.0
2015-01-15 00:00:00,0.0,0.0,0.0
2015-01-15 01:00:00,0.0,0.0,0.0
2015-01-15 02:00:00,0.0,0.0,0.0
2015-01-15 03:00:00,0.0,0.0,0.0
2015-01-15 04:00:00,0.0,0.0,0.0
2015-01-15 05:00:00,0.0,0.0,0.0
2015-01-15 06:00:00,0.0,0.0,0.0
2015-01-15 07:00:00,0.0,45.707565,0.6697222222222222
2015-01-15 08:00:00,0.0,272.04263,1.0
2015-01-15 09:00:00,0.0,471.9741,1.0
2015-01-15 10:00:00,0.0,615.71045,1.0
2015-01-15 11:00:00,0.0,688.75867,1.0
2015-01-15 12:00:00,0.0,691.90796,1.0
2015-01-15 13:00:00,0.0,622.1041,1.0
2015-01-15 14:00:00,0.0,486.9476,1.0
2015-01-15 15:00:00,0.0,298.5456,1.0
2015-01-15 16:00:00,0.0,86.94974,1.0
2015-01-15 17:00:00,0.0,0.0,0.0025
2015-01-15 18:00:00,0.0,0.0,0.0
2015-01-15 19:00:00,0.0,0.0,0.0
2015-01-15 20:00:00,0.0,0.0,0.0
2015-01-15 21:00:00,0.0,0.0,0.0
2015-01-15 22:00:00,0.0,0.0,0.0
2015-01-15 23:00:00,0.0,0.0,0.0
2015-01-16 00:00:00,0.09,0.0,0.0
2015-01-16 01:00:00,0.46,0.0,0.0
2015-01-16 02:00:00,0.67,0.0,0.0
2015-01-16 03:00:00,0.92,0.0,0.0
2015-01-16 04:00:00,0.81,0.0,0.0
2015-01-16 05:00:00,0.64,0.0,0.0
2015-01-16 06:00:00,0.87,0.0,0.0
2015-01-16 07:00:00,1.0,15.902769,0.6763888888888889
2015-01-16 08:00:00,1.0,108.35637,1.0
2015-01-16 09:00:00,1.0,247.13942,1.0
2015-01-16 10:00:00,1.0,341.30408,1.0
2015-01-16 11:00:00,1.0,347.42108,1.0
2015-01-16 12:00:00,0.98,386.13336,1.0
2015-01-16 13:00:00,0.9,520.05756,1.0
2015-01-16 14:00:00,0.58,467.50055,1.0
2015-01-16 15:00:00,0.2,284.31183,1.0
2015-01-16 16:00:00,0.98,57.17824,1.0
2015-01-16 17:00:00,0.9,0.0,0.020833333333333332
2015-01-16 18:00:00,0.68,0.0,0.0
2015-01-16 19:00:00,0.37,0.0,0.0
2015-01-16 20:00:00,0.37,0.0,0.0
2015-01-16 21:00:00,0.79,0.0,0.0
2015-01-16 22:00:00,0.65,0.0,0.0
2015-01-16 23:00:00,0.3,0.0,0.0
2015-01-17 00:00:00,0.3,0.0,0.0
2015-01-17 01:00:00,0.39,0.0,0.0
2015-01-17 02:00:00,0.83,0.0,0.0
2015-01-17 03:00:00,0.63,0.0,0.0
2015-01-17 04:00:00,0.36,0.0,0.0
2015-01-17 05:00:00,0.29,0.0,0.0
2015-01-17 06:00:00,0.21,0.0,0.0
2015-01-17 07:00:00,0.28,48.77613,0.6836111111111111
2015-01-17 08:00:00,0.16,273.2794,1.0
2015-01-17 09:00:00,0.17,453.9746,1.0
2015-01-17 10:00:00,0.02,629.3666,1.0
2015-01-17 11:00:00,0.03,706.19855,1.0
2015-01-17 12:00:00,0.0,704.57367,1.0
2015-01-17 13:00:00,0.01,638.0197,1.0
2015-01-17 14:00:00,0.0,501.68698,1.0
2015-01-17 15:00:00,0.19,310.59927,1.0
2015-01-17 16:00:00,0.02,94.29257,1.0
2015-01-17 17:00:00,0.0,0.0,0.03916666666666667
2015-01-17 18:00:00,0.0,0.0,0.0
2015-01-17 19:00:00,0.09,0.0,0.0
2015-01-17 20:00:00,0.2,0.0,0.0
2015-01-17 21:00:00,0.4,0.0,0.0
2015-01-17 22:00:00,0.07,0.0,0.0
2015-01-17 23:00:00,0.12,0.0,0.0
2015-01-18 00:00:00,0.02,0.0,0.0
2015-01-18 01:00:00,0.0,0.0,0.0
2015-01-18 02:00:00,0.0,0.0,0.0
2015-01-18 03:00:00,0.0,0.0,0.0
2015-01-18 04:00:00,0.01,0.0,0.0
2015-01-18 05:00:00,0.77,0.0,0.0
2015-01-18 06:00:00,0.57,0.0,0.0
2015-01-18 07:00:00,0.5,28.165058,0.6911111111111111
2015-01-18 08:00:00,0.35,197.92107,1.0
2015-01-18 09:00:00,0.35,388.77664,1.0
2015-01-18 10:00:00,0.22,550.33203,1.0
2015-01-18 11:00:00,0.14,682.05035,1.0
2015-01-18 12:00:00,0.39,666.13837,1.0
2015-01-18 13:00:00,0.64,560.68286,1.0
2015-01-18 14:00:00,0.72,436.10785,1.0
2015-01-18 15:00:00,0.26,264.69043,1.0
2015-01-18 16:00:00,0.0,83.584496,1.0
2015-01-18 17:00:00,0.01,0.0,0.05722222222222222
2015-01-18 18:00:00,0.01,0.0,0.0
2015-01-18 19:00:00,0.0,0.0,0.0
2015-01-18 20:00:00,0.0,0.0,0.0
2015-01-18 21:00:00,0.0,0.0,0.0
2015-01-18 22:00:00,0.0,0.0,0.0
2015-01-18 23:00:00,0.0,0.0,0.0
2015-01-19 00:00:00,0.0,0.0,0.0
2015-01-19 01:00:00,0.0,0.0,0.0
2015-01-19 02:00:00,0.0,0.0,0.0
2015-01-19 03:00:00,0.3,0.0,0.0
2015-01-19 04:00:00,0.0,0.0,0.0
2015-01-19 05:00:00,0.18,0.0,0.0
2015-01-19 06:00:00,0.31,0.0,0.0
2015-01-19 07:00:00,0.17,42.801746,0.6994444444444444
2015-01-19 08:00:00,0.36,263.08377,1.0
2015-01-19 09:00:00,0.66,474.64703,1.0
2015-01-19 10:00:00,0.42,614.0428,1.0
2015-01-19 11:00:00,0.33,678.5209,1.0
2015-01-19 12:00:00,0.21,686.53064,1.0
2015-01-19 13:00:00,0.61,606.9032,1.0
2015-01-19 14:00:00,0.4,474.07153,1.0
2015-01-19 15:00:00,0.03,299.97256,1.0
2015-01-19 16:00:00,0.81,87.47197,1.0
2015-01-19 17:00:00,0.96,0.0,0.07555555555555556
2015-01-19 18:00:00,0.94,0.0,0.0
2015-01-19 19:00:00,0.93,0.0,0.0
2015-01-19 20:00:00,0.84,0.0,0.0
2015-01-19 21:00:00,0.58,0.0,0.0
2015-01-19 22:00:00,0.15,0.0,0.0
2015-01-19 23:00:00,0.39,0.0,0.0
2015-01-20 00:00:00,0.38,0.0,0.0
2015-01-20 01:00:00,0.54,0.0,0.0
2015-01-20 02:00:00,0.78,0.0,0.0
2015-01-20 03:00:00,0.9,0.0,0.0
2015-01-20 04:00:00,0.82,0.0,0.0
2015-01-20 05:00:00,0.62,0.0,0.0
2015-01-20 06:00:00,0.64,0.0,0.0
2015-01-20 07:00:00,0.66,32.424084,0.7083333333333334
2015-01-20 08:00:00,0.55,177.66121,1.0
2015-01-20 09:00:00,0.19,352.09125,1.0
2015-01-20 10:00:00,0.25,534.6767,1.0
2015-01-20 11:00:00,0.26,582.1021,1.0
2015-01-20 12:00:00,0.15,527.9747,1.0
2015-01-20 13:00:00,0.62,386.81366,1.0
2015-01-20 14:00:00,0.62,252.98454,1.0
2015-01-20 15:00:00,0.4,164.09958,1.0
2015-01-20 16:00:00,0.68,73.61509,1.0
2015-01-20 17:00:00,0.58,0.0,0.09388888888888888
2015-01-20 18:00:00,0.65,0.0,0.0
2015-01-20 19:00:00,0.74,0.0,0.0
2015-01-20 20:00:00,0.73,0.0,0.0
2015-01-20 21:00:00,0.81,0.0,0.0
2015-01-20 22:00:00,1.0,0.0,0.0
2015-01-20 23:00:00,1.0,0.0,0.0
2015-01-21 00:00:00,1.0,0.0,0.0
2015-01-21 01:00:00,0.99,0.0,0.0
2015-01-21 02:00:00,0.97,0.0,0.0
2015-01-21 03:00:00,0.99,0.0,0.0
2015-01-21 04:00:00,0.97,0.0,0.0
2015-01-21 05:00:00,0.96,0.0,0.0
2015-01-21 06:00:00,0.97,0.0,0.0
2015-01-21 07:00:00,0.98,29.179544,0.7180555555555556
2015-01-21 08:00:00,1.0,148.59502,1.0
2015-01-21 09:00:00,1.0,206.02802,1.0
2015-01-21 10:00:00,1.0,230.8484,1.0
2015-01-21 11:00:00,1.0,339.3695,1.0
2015-01-21 12:00:00,0.98,315.35486,1.0
2015-01-21 13:00:00,0.96,417.37976,1.0
2015-01-21 14:00:00,0.97,281.10873,1.0
2015-01-21 15:00:00,1.0,129.02972,1.0
2015-01-21 16:00:00,1.0,38.23804,1.0
2015-01-21 17:00:00,1.0,0.0,0.1125
2015-01-21 18:00:00,1.0,0.0,0.0
2015-01-21 19:00:00,1.0,0.0,0.0
2015-01-21 20:00:00,0.74,0.0,0.0
2015-01-21 21:00:00,0.65,0.0,0.0
2015-01-21 22:00:00,0.57,0.0,0.0
2015-01-21 23:00:00,0.36,0.0,0.0
2015-01-22 00:00:00,0.43,0.0,0.0
2015-01-22 01:00:00,0.15,0.0,0.0
2015-01-22 02:00:00,0.34,0.0,0.0
2015-01-22 03:00:00,0.31,0.0,0.0
2015-01-22 04:00:00,0.0,0.0,0.0
2015-01-22 05:00:00,0.0,0.0,0.0
2015-01-22 06:00:00,0.0,0.0,0.0
2015-01-22 07:00:00,0.0,59.150024,0.7283333333333334
2015-01-22 08:00:00,0.0,301.9429,1.0
2015-01-22 09:00:00,0.0,510.67966,1.0
2015-01-22 10:00:00,0.0,659.16296,1.0
2015-01-22 11:00:00,0.03,741.01447,1.0
2015-01-22 12:00:00,0.07,745.39136,1.0
2015-01-22 13:00:00,0.02,674.89685,1.0
2015-01-22 14:00:00,0.0,534.9729,1.0
2015-01-22 15:00:00,0.0,338.573,1.0
2015-01-22 16:00:00,0.0,118.20086,1.0
2015-01-22 17:00:00,0.0,0.0,0.1313888888888889
2015-01-22 18:00:00,0.0,0.0,0.0
2015-01-22 19:00:00,0.0,0.0,0.0
2015-01-22 20:00:00,0.0,0.0,0.0
2015-01-22 21:00:00,0.0,0.0,0.0
2015-01-22 22:00:00,0.0,0.0,0.0
2015-01-22 23:00:00,0.0,0.0,0.0
2015-01-23 00:00:00,0.0,0.0,0.0
2015-01-23 01:00:00,0.0,0.0,0.0
2015-01-23 02:00:00,0.0,0.0,0.0
2015-01-23 03:00:00,0.04,0.0,0.0
2015-01-23 04:00:00,0.07,0.0,0.0
2015-01-23 05:00:00,0.16,0.0,0.0
2015-01-23 06:00:00,0.0,0.0,0.0
2015-01-23 07:00:00,0.03,54.980553,0.7391666666666666
2015-01-23 08:00:00,0.04,275.16702,1.0
2015-01-23 09:00:00,0.2,469.02734,1.0
2015-01-23 10:00:00,0.23,612.7012,1.0
2015-01-23 11:00:00,0.26,703.13275,1.0
2015-01-23 12:00:00,0.29,679.2152,1.0
2015-01-23 13:00:00,0.36,614.4312,1.0
2015-01-23 14:00:00,0.47,503.0978,1.0
2015-01-23 15:00:00,0.44,319.42944,1.0
2015-01-23 16:00:00,0.77,106.427376,1.0
2015-01-23 17:00:00,0.95,0.0,0.15055555555555555
2015-01-23 18:00:00,0.98,0.0,0.0
2015-01-23 19:00:00,0.96,0.0,0.0
2015-01-23 20:00:00,0.96,0.0,0.0
2015-01-23 21:00:00,0.89,0.0,0.0
2015-01-23 22:00:00,0.78,0.0,0.0
2015-01-23 23:00:00,0.09,0.0,0.0
2015-01-24 00:00:00,0.01,0.0,0.0
2015-01-24 01:00:00,0.0,0.0,0.0
2015-01-24 02:00:00,0.0,0.0,0.0
2015-01-24 03:00:00,0.09,0.0,0.0
2015-01-24 04:00:00,0.02,0.0,0.0
2015-01-24 05:00:00,0.38,0.0,0.0
2015-01-24 06:00:00,0.43,0.0,0.0
2015-01-24 07:00:00,0.99,58.965942,0.7505555555555555
2015-01-24 08:00:00,0.88,278.3691,1.0
2015-01-24 09:00:00,1.0,446.02658,1.0
2015-01-24 10:00:00,0.97,545.25793,1.0
2015-01-24 11:00:00,0.99,465.35565,1.0
2015-01-24 12:00:00,1.0,418.49332,1.0
2015-01-24 13:00:00,1.0,422.69617,1.0
2015-01-24 14:00:00,1.0,343.0205,1.0
2015-01-24 15:00:00,1.0,210.02696,1.0
2015-01-24 16:00:00,1.0,86.08355,1.0
2015-01-24 17:00:00,0.89,0.0,0.17
2015-01-24 18:00:00,0.81,0.0,0.0
2015-01-24 19:00:00,0.45,0.0,0.0
2015-01-24 20:00:00,0.31,0.0,0.0
2015-01-24 21:00:00,0.37,0.0,0.0
2015-01-24 22:00:00,0.51,0.0,0.0
2015-01-24 23:00:00,0.72,0.0,0.0
2015-01-25 00:00:00,0.82,0.0,0.0
2015-01-25 01:00:00,0.63,0.0,0.0
2015-01-25 02:00:00,0.58,0.0,0.0
2015-01-25 03:00:00,0.54,0.0,0.0
2015-01-25 04:00:00,0.57,0.0,0.0
2015-01-25 05:00:00,0.73,0.0,0.0
2015-01-25 06:00:00,0.65,0.0,0.0
2015-01-25 07:00:00,0.17,48.267475,0.7625
2015-01-25 08:00:00,0.58,228.33061,1.0
2015-01-25 09:00:00,0.07,406.07962,1.0
2015-01-25 10:00:00,0.06,544.8011,1.0
2015-01-25 11:00:00,0.11,699.54205,1.0
2015-01-25 12:00:00,0.07,697.4447,1.0
2015-01-25 13:00:00,0.01,635.8522,1.0
2015-01-25 14:00:00,0.19,506.24884,1.0
2015-01-25 15:00:00,0.39,322.288,1.0
2015-01-25 16:00:00,0.02,117.67721,1.0
2015-01-25 17:00:00,0.0,0.0,0.18944444444444444
2015-01-25 18:00:00,0.01,0.0,0.0
2015-01-25 19:00:00,0.01,0.0,0.0
2015-01-25 20:00:00,0.07,0.0,0.0
2015-01-25 21:00:00,0.05,0.0,0.0
2015-01-25 22:00:00,0.33,0.0,0.0
2015-01-25 23:00:00,0.03,0.0,0.0
2015-01-26 00:00:00,0.01,0.0,0.0
2015-01-26 01:00:00,0.01,0.0,0.0
2015-01-26 02:00:00,0.01,0.0,0.0
2015-01-26 03:00:00,0.0,0.0,0.0
2015-01-26 04:00:00,0.0,0.0,0.0
2015-01-26 05:00:00,0.0,0.0,0.0
2015-01-26 06:00:00,0.0,0.0,0.0
2015-01-26 07:00:00,0.0,61.751534,0.775
2015-01-26 08:00:00,0.0,288.8777,1.0
2015-01-26 09:00:00,0.0,490.0409,1.0
2015-01-26 10:00:00,0.0,635.62646,1.0
2015-01-26 11:00:00,0.0,711.7267,1.0
2015-01-26 12:00:00,0.0,717.19824,1.0
2015-01-26 13:00:00,0.0,650.01483,1.0
2015-01-26 14:00:00,0.0,517.71643,1.0
2015-01-26 15:00:00,0.0,333.45355,1.0
2015-01-26 16:00:00,0.0,123.23791,1.0
2015-01-26 17:00:00,0.0,0.0,0.20916666666666667
2015-01-26 18:00:00,0.0,0.0,0.0
2015-01-26 19:00:00,0.0,0.0,0.0
2015-01-26 20:00:00,0.0,0.0,0.0
2015-01-26 21:00:00,0.0,0.0,0.0
2015-01-26 22:00:00,0.0,0.0,0.0
2015-01-26 23:00:00,0.0,0.0,0.0
2015-01-27 00:00:00,0.0,0.0,0.0
2015-01-27 01:00:00,0.0,0.0,0.0
2015-01-27 02:00:00,0.0,0.0,0.0
2015-01-27 03:00:00,0.0,0.0,0.0
2015-01-27 04:00:00,0.02,0.0,0.0
2015-01-27 05:00:00,0.0,0.0,0.0
2015-01-27 06:00:00,0.08,0.0,0.0
2015-01-27 07:00:00,0.18,62.073498,0.7880555555555555
2015-01-27 08:00:00,0.38,289.878,1.0
2015-01-27 09:00:00,0.47,493.33066,1.0
2015-01-27 10:00:00,0.83,639.13605,1.0
2015-01-27 11:00:00,0.61,705.3813,1.0
2015-01-27 12:00:00,0.37,715.28864,1.0
2015-01-27 13:00:00,0.33,631.39166,1.0
2015-01-27 14:00:00,0.05,521.15656,1.0
2015-01-27 15:00:00,0.0,337.8178,1.0
2015-01-27 16:00:00,0.0,127.49056,1.0
2015-01-27 17:00:00,0.0,0.0,0.22916666666666666
2015-01-27 18:00:00,0.26,0.0,0.0
2015-01-27 19:00:00,0.5,0.0,0.0
2015-01-27 20:00:00,0.79,0.0,0.0
2015-01-27 21:00:00,0.38,0.0,0.0
2015-01-27 22:00:00,0.38,0.0,0.0
2015-01-27 23:00:00,0.21,0.0,0.0
2015-01-28 00:00:00,0.18,0.0,0.0
2015-01-28 01:00:00,0.69,0.0,0.0
2015-01-28 02:00:00,0.84,0.0,0.0
2015-01-28 03:00:00,0.93,0.0,0.0
2015-01-28 04:00:00,0.76,0.0,0.0
2015-01-28 05:00:00,0.33,0.0,0.0
2015-01-28 06:00:00,0.03,0.0,0.0
2015-01-28 07:00:00,0.02,50.711613,0.8016666666666666
2015-01-28 08:00:00,0.04,246.21759,1.0
2015-01-28 09:00:00,0.08,438.68268,1.0
2015-01-28 10:00:00,0.24,568.05505,1.0
2015-01-28 11:00:00,0.21,692.39514,1.0
2015-01-28 12:00:00,0.15,701.4152,1.0
2015-01-28 13:00:00,0.04,640.7059,1.0
2015-01-28 14:00:00,0.13,508.3362,1.0
2015-01-28 15:00:00,0.01,330.74545,1.0
2015-01-28 16:00:00,0.07,120.60518,1.0
2015-01-28 17:00:00,0.01,0.0,0.24916666666666668
2015-01-28 18:00:00,0.05,0.0,0.0
2015-01-28 19:00:00,0.11,0.0,0.0
2015-01-28 20:00:00,0.17,0.0,0.0
2015-01-28 21:00:00,0.19,0.0,0.0
2015-01-28 22:00:00,0.24,0.0,0.0
2015-01-28 23:00:00,0.31,0.0,0.0
2015-01-29 00:00:00,0.6,0.0,0.0
2015-01-29 01:00:00,0.62,0.0,0.0
2015-01-29 02:00:00,0.69,0.0,0.0
2015-01-29 03:00:00,1.0,0.0,0.0
2015-01-29 04:00:00,1.0,0.0,0.0
2015-01-29 05:00:00,1.0,0.0,0.0
2015-01-29 06:00:00,1.0,0.0,0.0
2015-01-29 07:00:00,0.99,30.246328,0.8155555555555556
2015-01-29 08:00:00,1.0,146.99551,1.0
2015-01-29 09:00:00,1.0,354.86438,1.0
2015-01-29 10:00:00,1.0,526.3926,1.0
2015-01-29 11:00:00,0.85,639.10516,1.0
2015-01-29 12:00:00,0.89,588.5311,1.0
2015-01-29 13:00:00,0.96,512.7031,1.0
2015-01-29 14:00:00,1.0,382.4457,1.0
2015-01-29 15:00:00,0.99,280.38165,1.0
2015-01-29 16:00:00,1.0,102.46442,1.0
2015-01-29 17:00:00,0.99,0.0,0.26916666666666667
2015-01-29 18:00:00,0.97,0.0,0.0
2015-01-29 19:00:00,1.0,0.0,0.0
2015-01-29 20:00:00,1.0,0.0,0.0
2015-01-29 21:00:00,0.99,0.0,0.0
2015-01-29 22:00:00,1.0,0.0,0.0
2015-01-29 23:00:00,0.99,0.0,0.0
2015-01-30 00:00:00,0.99,0.0,0.0
2015-01-30 01:00:00,0.99,0.0,0.0
2015-01-30 02:00:00,1.0,0.0,0.0
2015-01-30 03:00:00,1.0,0.0,0.0
2015-01-30 04:00:00,1.0,0.0,0.0
2015-01-30 05:00:00,1.0,0.0,0.0
2015-01-30 06:00:00,1.0,0.0,0.0
2015-01-30 07:00:00,1.0,26.21152,0.8302777777777778
2015-01-30 08:00:00,1.0,144.2664,1.0
2015-01-30 09:00:00,0.99,251.9429,1.0
2015-01-30 10:00:00,1.0,256.00375,1.0
2015-01-30 11:00:00,1.0,530.0088,1.0
2015-01-30 12:00:00,1.0,391.72174,1.0
2015-01-30 13:00:00,1.0,350.6353,1.0
2015-01-30 14:00:00,1.0,219.894,1.0
2015-01-30 15:00:00,1.0,140.89912,1.0
2015-01-30 16:00:00,1.0,43.732616,1.0
2015-01-30 17:00:00,1.0,0.99392307,0.2891666666666667
2015-01-30 18:00:00,1.0,0.0,0.0
2015-01-30 19:00:00,1.0,0.0,0.0
2015-01-30 20:00:00,1.0,0.0,0.0
2015-01-30 21:00:00,1.0,0.0,0.0
2015-01-30 22:00:00,1.0,0.0,0.0
2015-01-30 23:00:00,1.0,0.0,0.0
2015-01-31 00:00:00,1.0,0.0,0.0
2015-01-31 01:00:00,0.99,0.0,0.0
2015-01-31 02:00:00,0.84,0.0,0.0
2015-01-31 03:00:00,0.78,0.0,0.0
2015-01-31 04:00:00,0.66,0.0,0.0
2015-01-31 05:00:00,0.94,0.0,0.0
2015-01-31 06:00:00,0.99,0.0,0.0
2015-01-31 07:00:00,1.0,38.137386,0.845
2015-01-31 08:00:00,1.0,225.86583,1.0
2015-01-31 09:00:00,0.99,373.85236,1.0
2015-01-31 10:00:00,1.0,380.75916,1.0
2015-01-31 11:00:00,1.0,246.04213,1.0
2015-01-31 12:00:00,1.0,257.65973,1.0
2015-01-31 13:00:00,1.0,212.34984,1.0
2015-01-31 14:00:00,1.0,167.13777,1.0
2015-01-31 15:00:00,1.0,127.18743,1.0
2015-01-31 16:00:00,0.99,69.920586,1.0
2015-01-31 17:00:00,0.73,1.9878461,0.30916666666666665
2015-01-31 18:00:00,0.38,0.0,0.0
2015-01-31 19:00:00,0.22,0.0,0.0
2015-01-31 20:00:00,0.27,0.0,0.0
2015-01-31 21:00:00,0.49,0.0,0.0
2015-01-31 22:00:00,0.67,0.0,0.0
2015-01-31 23:00:00,0.69,0.0,0.0
2015-02-01 00:00:00,0.7,0.0,0.0
2015-02-01 01:00:00,0.77,0.0,0.0
2015-02-01 02:00:00,0.95,0.0,0.0
2015-02-01 03:00:00,0.89,0.0,0.0
2015-02-01 04:00:00,0.8,0.0,0.0
2015-02-01 05:00:00,0.83,0.0,0.0
2015-02-01 06:00:00,0.8,0.0,0.0
2015-02-01 07:00:00,0.56,44.095207,0.8605555555555555
2015-02-01 08:00:00,0.57,227.00528,1.0
2015-02-01 09:00:00,0.66,365.26215,1.0
2015-02-01 10:00:00,0.54,519.03107,1.0
2015-02-01 11:00:00,0.75,566.04846,1.0
2015-02-01 12:00:00,0.81,364.20856,1.0
2015-02-01 13:00:00,0.68,393.7498,1.0
2015-02-01 14:00:00,0.56,398.1613,1.0
2015-02-01 15:00:00,0.54,304.32053,1.0
2015-02-01 16:00:00,0.45,132.32663,1.0
2015-02-01 17:00:00,0.34,5.3165007,0.32944444444444443
2015-02-01 18:00:00,0.17,0.0,0.0
2015-02-01 19:00:00,0.07,0.0,0.0
2015-02-01 20:00:00,0.02,0.0,0.0
2015-02-01 21:00:00,0.02,0.0,0.0
2015-02-01 22:00:00,0.1,0.0,0.0
2015-02-01 23:00:00,0.19,0.0,0.0
2015-02-02 00:00:00,0.3,0.0,0.0
2015-02-02 01:00:00,0.31,0.0,0.0
2015-02-02 02:00:00,0.4,0.0,0.0
2015-02-02 03:00:00,0.17,0.0,0.0
2015-02-02 04:00:00,0.09,0.0,0.0
2015-02-02 05:00:00,0.04,0.0,0.0
2015-02-02 06:00:00,0.06,0.0,0.0
2015-02-02 07:00:00,0.04,66.06766,0.8763888888888889
2015-02-02 08:00:00,0.02,279.7408,1.0
2015-02-02 09:00:00,0.0,480.18628,1.0
2015-02-02 10:00:00,0.01,641.64886,1.0
2015-02-02 11:00:00,0.3,734.2836,1.0
2015-02-02 12:00:00,0.25,751.67755,1.0
2015-02-02 13:00:00,0.2,674.95184,1.0
2015-02-02 14:00:00,0.12,542.8965,1.0
2015-02-02 15:00:00,0.23,344.57654,1.0
2015-02-02 16:00:00,0.08,154.3673,1.0
2015-02-02 17:00:00,0.03,6.2098284,0.34944444444444445
2015-02-02 18:00:00,0.0,0.0,0.0
2015-02-02 19:00:00,0.0,0.0,0.0
2015-02-02 20:00:00,0.24,0.0,0.0
2015-02-02 21:00:00,0.98,0.0,0.0
2015-02-02 22:00:00,0.88,0.0,0.0
2015-02-02 23:00:00,0.52,0.0,0.0
2015-02-03 00:00:00,0.19,0.0,0.0
2015-02-03 01:00:00,0.01,0.0,0.0
2015-02-03 02:00:00,0.22,0.0,0.0
2015-02-03 03:00:00,0.15,0.0,0.0
2015-02-03 04:00:00,0.06,0.0,0.0
2015-02-03 05:00:00,0.0,0.0,0.0
2015-02-03 06:00:00,0.0,0.0,0.0
2015-02-03 07:00:00,0.0,78.050606,0.8925
2015-02-03 08:00:00,0.16,314.47757,1.0
2015-02-03 09:00:00,0.01,519.2555,1.0
2015-02-03 10:00:00,0.0,674.7572,1.0
2015-02-03 11:00:00,0.0,750.7595,1.0
2015-02-03 12:00:00,0.0,734.58185,1.0
2015-02-03 13:00:00,0.49,661.8328,1.0
2015-02-03 14:00:00,0.29,506.5313,1.0
2015-02-03 15:00:00,0.01,358.03284,1.0
2015-02-03 16:00:00,0.41,149.96452,1.0
2015-02-03 17:00:00,0.68,6.117056,0.36972222222222223
2015-02-03 18:00:00,0.22,0.0,0.0
2015-02-03 19:00:00,0.01,0.0,0.0
2015-02-03 20:00:00,0.11,0.0,0.0
2015-02-03 21:00:00,0.17,0.0,0.0
2015-02-03 22:00:00,0.15,0.0,0.0
2015-02-03 23:00:00,0.53,0.0,0.0
2015-02-04 00:00:00,0.24,0.0,0.0
2015-02-04 01:00:00,0.02,0.0,0.0
2015-02-04 02:00:00,0.01,0.0,0.0
2015-02-04 03:00:00,0.07,0.0,0.0
2015-02-04 04:00:00,0.98,0.0,0.0
2015-02-04 05:00:00,1.0,0.0,0.0
2015-02-04 06:00:00,1.0,0.0,0.0
2015-02-04 07:00:00,1.0,13.914923,0.9088888888888889
2015-02-04 08:00:00,1.0,66.14728,1.0
2015-02-04 09:00:00,1.0,258.9914,1.0
2015-02-04 10:00:00,1.0,329.94977,1.0
2015-02-04 11:00:00,1.0,422.9421,1.0
2015-02-04 12:00:00,0.9,493.937,1.0
2015-02-04 13:00:00,0.73,502.80365,1.0
2015-02-04 14:00:00,0.65,382.62643,1.0
2015-02-04 15:00:00,0.59,279.97202,1.0
2015-02-04 16:00:00,0.8,113.4293,1.0
2015-02-04 17:00:00,0.65,5.500459,0.38972222222222225
2015-02-04 18:00:00,0.73,0.0,0.0
2015-02-04 19:00:00,0.46,0.0,0.0
2015-02-04 20:00:00,0.25,0.0,0.0
2015-02-04 21:00:00,0.18,0.0,0.0
2015-02-04 22:00:00,0.23,0.0,0.0
2015-02-04 23:00:00,0.57,0.0,0.0
2015-02-05 00:00:00,0.48,0.0,0.0
2015-02-05 01:00:00,0.51,0.0,0.0
2015-02-05 02:00:00,0.3,0.0,0.0
2015-02-05 03:00:00,0.43,0.0,0.0
2015-02-05 04:00:00,0.35,0.0,0.0
2015-02-05 05:00:00,0.34,0.0,0.0
2015-02-05 06:00:00,0.31,0.0,0.0
2015-02-05 07:00:00,0.67,90.38026,0.9258333333333333
2015-02-05 08:00:00,0.68,327.19974,1.0
2015-02-05 09:00:00,0.35,530.47095,1.0
2015-02-05 10:00:00,0.3,681.82007,1.0
2015-02-05 11:00:00,0.19,763.3959,1.0
2015-02-05 12:00:00,0.1,766.3243,1.0
2015-02-05 13:00:00,0.55,692.7879,1.0
2015-02-05 14:00:00,0.58,561.3159,1.0
2015-02-05 15:00:00,0.77,371.661,1.0
2015-02-05 16:00:00,0.86,152.68967,1.0
2015-02-05 17:00:00,0.76,7.9397144,0.40944444444444444
2015-02-05 18:00:00,0.94,0.0,0.0
2015-02-05 19:00:00,0.97,0.0,0.0
2015-02-05 20:00:00,0.99,0.0,0.0
2015-02-05 21:00:00,1.0,0.0,0.0
2015-02-05 22:00:00,0.95,0.0,0.0
2015-02-05 23:00:00,0.96,0.0,0.0
2015-02-06 00:00:00,0.95,0.0,0.0
2015-02-06 01:00:00,0.9,0.0,0.0
2015-02-06 02:00:00,0.69,0.0,0.0
2015-02-06 03:00:00,0.47,0.0,0.0
2015-02-06 04:00:00,0.08,0.0,0.0
2015-02-06 05:00:00,0.02,0.0,0.0
2015-02-06 06:00:00,0.01,0.0,0.0
2015-02-06 07:00:00,0.01,94.66069,0.9430555555555555
2015-02-06 08:00:00,0.0,327.26428,1.0
2015-02-06 09:00:00,0.0,524.8055,1.0
2015-02-06 10:00:00,0.0,566.9635,1.0
2015-02-06 11:00:00,0.63,771.77686,1.0
2015-02-06 12:00:00,0.77,717.1931,1.0
2015-02-06 13:00:00,0.7,574.2905,1.0
2015-02-06 14:00:00,0.54,495.46222,1.0
2015-02-06 15:00:00,0.65,253.56187,1.0
2015-02-06 16:00:00,0.78,114.40814,1.0
2015-02-06 17:00:00,0.73,6.8719096,0.42944444444444446
2015-02-06 18:00:00,0.46,0.0,0.0
2015-02-06 19:00:00,0.17,0.0,0.0
2015-02-06 20:00:00,0.93,0.0,0.0
2015-02-06 21:00:00,0.84,0.0,0.0
2015-02-06 22:00:00,0.83,0.0,0.0
2015-02-06 23:00:00,0.95,0.0,0.0
2015-02-07 00:00:00,0.9,0.0,0.0
2015-02-07 01:00:00,0.81,0.0,0.0
2015-02-07 02:00:00,0.78,0.0,0.0
2015-02-07 03:00:00,0.59,0.0,0.0
2015-02-07 04:00:00,0.13,0.0,0.0
2015-02-07 05:00:00,0.01,0.0,0.0
2015-02-07 06:00:00,0.04,0.0,0.0
2015-02-07 07:00:00,0.14,98.9645,0.9605555555555556
2015-02-07 08:00:00,0.49,335.1477,1.0
2015-02-07 09:00:00,0.35,536.6192,1.0
2015-02-07 10:00:00,0.03,685.5448,1.0
2015-02-07 11:00:00,0.01,764.74005,1.0
2015-02-07 12:00:00,0.0,771.86597,1.0
2015-02-07 13:00:00,0.0,702.3879,1.0
2015-02-07 14:00:00,0.07,571.9892,1.0
2015-02-07 15:00:00,0.0,384.70074,1.0
2015-02-07 16:00:00,0.0,164.59874,1.0
2015-02-07 17:00:00,0.0,10.624637,0.44916666666666666
2015-02-07 18:00:00,0.0,0.0,0.0
2015-02-07 19:00:00,0.0,0.0,0.0
2015-02-07 20:00:00,0.0,0.0,0.0
2015-02-07 21:00:00,0.0,0.0,0.0
2015-02-07 22:00:00,0.0,0.0,0.0
2015-02-07 23:00:00,0.0,0.0,0.0
2015-02-08 00:00:00,0.0,0.0,0.0
2015-02-08 01:00:00,0.0,0.0,0.0
2015-02-08 02:00:00,0.0,0.0,0.0
2015-02-08 03:00:00,0.0,0.0,0.0
2015-02-08 04:00:00,0.0,0.0,0.0
2015-02-08 05:00:00,0.0,0.0,0.0
2015-02-08 06:00:00,0.0,0.0,0.0
2015-02-08 07:00:00,0.0,100.94997,0.9783333333333334
2015-02-08 08:00:00,0.0,332.724,1.0
2015-02-08 09:00:00,0.0,526.0036,1.0
2015-02-08 10:00:00,0.0,674.79346,1.0
2015-02-08 11:00:00,0.05,764.39,1.0
2015-02-08 12:00:00,0.03,771.18774,1.0
2015-02-08 13:00:00,0.0,707.31494,1.0
2015-02-08 14:00:00,0.0,577.1743,1.0
2015-02-08 15:00:00,0.0,391.8324,1.0
2015-02-08 16:00:00,0.0,174.15532,1.0
2015-02-08 17:00:00,0.0,11.877983,0.4686111111111111
2015-02-08 18:00:00,0.0,0.0,0.0
2015-02-08 19:00:00,0.0,0.0,0.0
2015-02-08 20:00:00,0.0,0.0,0.0
2015-02-08 21:00:00,0.0,0.0,0.0
2015-02-08 22:00:00,0.0,0.0,0.0
2015-02-08 23:00:00,0.0,0.0,0.0
2015-02-09 00:00:00,0.0,0.0,0.0
2015-02-09 01:00:00,0.0,0.0,0.0
2015-02-09 02:00:00,0.0,0.0,0.0
2015-02-09 03:00:00,0.0,0.0,0.0
2015-02-09 04:00:00,0.0,0.0,0.0
2015-02-09 05:00:00,0.0,0.0,0.0
2015-02-09 06:00:00,0.0,0.0,0.0
2015-02-09 07:00:00,0.0,106.00995,0.9966666666666667
2015-02-09 08:00:00,0.0,343.75806,1.0
2015-02-09 09:00:00,0.0,547.86945,1.0
2015-02-09 10:00:00,0.0,697.0573,1.0
2015-02-09 11:00:00,0.0,776.6546,1.0
2015-02-09 12:00:00,0.0,786.26935,1.0
2015-02-09 13:00:00,0.0,719.54364,1.0
2015-02-09 14:00:00,0.0,584.74243,1.0
2015-02-09 15:00:00,0.0,394.54065,1.0
2015-02-09 16:00:00,0.0,176.74684,1.0
2015-02-09 17:00:00,0.01,13.078319,0.4880555555555556
2015-02-09 18:00:00,0.01,0.0,0.0
2015-02-09 19:00:00,0.01,0.0,0.0
2015-02-09 20:00:00,0.0,0.0,0.0
2015-02-09 21:00:00,0.01,0.0,0.0
2015-02-09 22:00:00,0.0,0.0,0.0
2015-02-09 23:00:00,0.0,0.0,0.0
2015-02-10 00:00:00,0.0,0.0,0.0
2015-02-10 01:00:00,0.0,0.0,0.0
2015-02-10 02:00:00,0.0,0.0,0.0
2015-02-10 03:00:00,0.0,0.0,0.0
2015-02-10 04:00:00,0.0,0.0,0.0
2015-02-10 05:00:00,0.12,0.0,0.0
2015-02-10 06:00:00,0.38,0.0,0.015277777777777777
2015-02-10 07:00:00,0.55,82.557556,1.0
2015-02-10 08:00:00,0.7,262.49792,1.0
2015-02-10 09:00:00,0.71,370.83426,1.0
2015-02-10 10:00:00,0.51,528.28143,1.0
2015-02-10 11:00:00,0.43,626.0588,1.0
2015-02-10 12:00:00,0.32,684.6429,1.0
2015-02-10 13:00:00,0.31,570.72046,1.0
2015-02-10 14:00:00,0.44,494.46942,1.0
2015-02-10 15:00:00,0.88,333.27936,1.0
2015-02-10 16:00:00,0.84,157.53249,1.0
2015-02-10 17:00:00,0.83,12.906278,0.5075
2015-02-10 18:00:00,0.99,0.0,0.0
2015-02-10 19:00:00,0.78,0.0,0.0
2015-02-10 20:00:00,0.83,0.0,0.0
2015-02-10 21:00:00,0.83,0.0,0.0
2015-02-10 22:00:00,0.77,0.0,0.0
2015-02-10 23:00:00,0.99,0.0,0.0
2015-02-11 00:00:00,1.0,0.0,0.0
2015-02-11 01:00:00,1.0,0.0,0.0
2015-02-11 02:00:00,0.99,0.0,0.0
2015-02-11 03:00:00,1.0,0.0,0.0
2015-02-11 04:00:00,0.97,0.0,0.0
2015-02-11 05:00:00,1.0,0.0,0.0
2015-02-11 06:00:00,0.98,0.0,0.034722222222222224
2015-02-11 07:00:00,0.98,44.812786,1.0
2015-02-11 08:00:00,0.96,145.31812,1.0
2015-02-11 09:00:00,0.71,405.99362,1.0
2015-02-11 10:00:00,0.65,684.7861,1.0
2015-02-11 11:00:00,0.6,485.10184,1.0
2015-02-11 12:00:00,0.42,576.18,1.0
2015-02-11 13:00:00,0.19,633.63776,1.0
2015-02-11 14:00:00,0.4,564.05566,1.0
2015-02-11 15:00:00,0.03,388.19495,1.0
2015-02-11 16:00:00,0.04,187.03592,1.0
2015-02-11 17:00:00,0.01,16.328018,0.5272222222222223
2015-02-11 18:00:00,0.01,0.0,0.0
2015-02-11 19:00:00,0.0,0.0,0.0
2015-02-11 20:00:00,0.0,0.0,0.0
2015-02-11 21:00:00,0.0,0.0,0.0
2015-02-11 22:00:00,0.0,0.0,0.0
2015-02-11 23:00:00,0.0,0.0,0.0
2015-02-12 00:00:00,0.0,0.0,0.0
2015-02-12 01:00:00,0.55,0.0,0.0
2015-02-12 02:00:00,0.97,0.0,0.0
2015-02-12 03:00:00,0.96,0.0,0.0
2015-02-12 04:00:00,0.55,0.0,0.0
2015-02-12 05:00:00,0.12,0.0,0.0
2015-02-12 06:00:00,0.76,0.0,0.05444444444444444
2015-02-12 07:00:00,0.98,87.94319,1.0
2015-02-12 08:00:00,0.97,277.72473,1.0
2015-02-12 09:00:00,0.98,491.93604,1.0
2015-02-12 10:00:00,0.97,671.7015,1.0
2015-02-12 11:00:00,0.91,722.5326,1.0
2015-02-12 12:00:00,0.96,746.0072,1.0
2015-02-12 13:00:00,0.99,649.2444,1.0
2015-02-12 14:00:00,0.92,524.43884,1.0
2015-02-12 15:00:00,0.78,371.2587,1.0
2015-02-12 16:00:00,0.09,175.2181,1.0
2015-02-12 17:00:00,0.11,15.845126,0.5466666666666666
2015-02-12 18:00:00,0.1,0.0,0.0
2015-02-12 19:00:00,0.08,0.0,0.0
2015-02-12 20:00:00,0.13,0.0,0.0
2015-02-12 21:00:00,0.12,0.0,0.0
2015-02-12 22:00:00,0.25,0.0,0.0
2015-02-12 23:00:00,0.06,0.0,0.0
2015-02-13 00:00:00,0.08,0.0,0.0
2015-02-13 01:00:00,0.13,0.0,0.0
2015-02-13 02:00:00,0.25,0.0,0.0
2015-02-13 03:00:00,0.4,0.0,0.0
2015-02-13 04:00:00,0.11,0.0,0.0
2015-02-13 05:00:00,0.02,0.0,0.0
2015-02-13 06:00:00,0.0,0.0,0.07472222222222222
2015-02-13 07:00:00,0.0,119.97216,1.0
2015-02-13 08:00:00,0.0,353.91327,1.0
2015-02-13 09:00:00,0.0,555.4185,1.0
2015-02-13 10:00:00,0.0,703.4474,1.0
2015-02-13 11:00:00,0.0,785.7471,1.0
2015-02-13 12:00:00,0.0,794.7162,1.0
2015-02-13 13:00:00,0.0,730.34564,1.0
2015-02-13 14:00:00,0.0,598.3916,1.0
2015-02-13 15:00:00,0.03,411.06976,1.0
2015-02-13 16:00:00,0.06,193.22963,1.0
2015-02-13 17:00:00,0.0,19.407866,0.5661111111111111
2015-02-13 18:00:00,0.01,0.0,0.0
2015-02-13 19:00:00,0.0,0.0,0.0
2015-02-13 20:00:00,0.0,0.0,0.0
2015-02-13 21:00:00,0.0,0.0,0.0
2015-02-13 22:00:00,0.0,0.0,0.0
2015-02-13 23:00:00,0.0,0.0,0.0
2015-02-14 00:00:00,0.0,0.0,0.0
2015-02-14 01:00:00,0.0,0.0,0.0
2015-02-14 02:00:00,0.0,0.0,0.0
2015-02-14 03:00:00,0.0,0.0,0.0
2015-02-14 04:00:00,0.0,0.0,0.0
2015-02-14 05:00:00,0.0,0.0,0.0
2015-02-14 06:00:00,0.0,0.0,0.09555555555555556
2015-02-14 07:00:00,0.0,131.16345,1.0
2015-02-14 08:00:00,0.03,369.64856,1.0
2015-02-14 09:00:00,0.0,565.4496,1.0
2015-02-14 10:00:00,0.04,670.18744,1.0
2015-02-14 11:00:00,0.19,797.8905,1.0
2015-02-14 12:00:00,0.47,783.57776,1.0
2015-02-14 13:00:00,0.83,484.93243,1.0
2015-02-14 14:00:00,0.89,388.46976,1.0
2015-02-14 15:00:00,0.86,281.44977,1.0
2015-02-14 16:00:00,0.83,148.04211,1.0
2015-02-14 17:00:00,0.89,17.496387,0.5855555555555556
2015-02-14 18:00:00,0.94,0.0,0.0
2015-02-14 19:00:00,0.86,0.0,0.0
2015-02-14 20:00:00,0.92,0.0,0.0
2015-02-14 21:00:00,0.94,0.0,0.0
2015-02-14 22:00:00,0.94,0.0,0.0
2015-02-14 23:00:00,0.98,0.0,0.0
2015-02-15 00:00:00,0.9,0.0,0.0
2015-02-15 01:00:00,0.43,0.0,0.0
2015-02-15 02:00:00,0.82,0.0,0.0
2015-02-15 03:00:00,0.92,0.0,0.0
2015-02-15 04:00:00,0.93,0.0,0.0
2015-02-15 05:00:00,0.88,0.0,0.0
2015-02-15 06:00:00,0.58,0.0,0.11666666666666667
2015-02-15 07:00:00,0.08,116.69584,1.0
2015-02-15 08:00:00,0.52,355.34714,1.0
2015-02-15 09:00:00,0.75,538.58356,1.0
2015-02-15 10:00:00,0.91,617.07996,1.0
2015-02-15 11:00:00,1.0,244.42139,1.0
2015-02-15 12:00:00,1.0,381.99054,1.0
2015-02-15 13:00:00,0.99,315.81976,1.0
2015-02-15 14:00:00,0.99,222.26492,1.0
2015-02-15 15:00:00,1.0,103.714676,1.0
2015-02-15 16:00:00,1.0,39.756924,1.0
2015-02-15 17:00:00,1.0,5.963538,0.605
2015-02-15 18:00:00,0.99,0.0,0.0
2015-02-15 19:00:00,1.0,0.0,0.0
2015-02-15 20:00:00,1.0,0.0,0.0
2015-02-15 21:00:00,0.99,0.0,0.0
2015-02-15 22:00:00,0.99,0.0,0.0
2015-02-15 23:00:00,1.0,0.0,0.0
2015-02-16 00:00:00,1.0,0.0,0.0
2015-02-16 01:00:00,0.99,0.0,0.0
2015-02-16 02:00:00,1.0,0.0,0.0
2015-02-16 03:00:00,1.0,0.0,0.0
2015-02-16 04:00:00,1.0,0.0,0.0
2015-02-16 05:00:00,1.0,0.0,0.0
2015-02-16 06:00:00,0.98,0.0,0.13805555555555554
2015-02-16 07:00:00,0.99,30.32365,1.0
2015-02-16 08:00:00,0.99,131.3775,1.0
2015-02-16 09:00:00,1.0,185.66042,1.0
2015-02-16 10:00:00,1.0,294.56543,1.0
2015-02-16 11:00:00,1.0,298.55957,1.0
2015-02-16 12:00:00,1.0,333.46786,1.0
2015-02-16 13:00:00,0.99,387.27243,1.0
2015-02-16 14:00:00,0.98,332.37872,1.0
2015-02-16 15:00:00,0.98,233.69438,1.0
2015-02-16 16:00:00,0.92,114.16027,1.0
2015-02-16 17:00:00,0.75,16.454659,0.6244444444444445
2015-02-16 18:00:00,0.83,0.0,0.0
2015-02-16 19:00:00,0.88,0.0,0.0
2015-02-16 20:00:00,0.8,0.0,0.0
2015-02-16 21:00:00,0.79,0.0,0.0
2015-02-16 22:00:00,0.78,0.0,0.0
2015-02-16 23:00:00,0.65,0.0,0.0
2015-02-17 00:00:00,0.59,0.0,0.0
2015-02-17 01:00:00,0.58,0.0,0.0
2015-02-17 02:00:00,0.21,0.0,0.0
2015-02-17 03:00:00,0.29,0.0,0.0
2015-02-17 04:00:00,0.21,0.0,0.0
2015-02-17 05:00:00,0.34,0.0,0.0
2015-02-17 06:00:00,0.26,0.0,0.16
2015-02-17 07:00:00,0.38,137.76628,1.0
2015-02-17 08:00:00,0.08,373.0345,1.0
2015-02-17 09:00:00,0.16,573.01385,1.0
2015-02-17 10:00:00,0.26,729.35205,1.0
2015-02-17 11:00:00,0.58,710.621,1.0
2015-02-17 12:00:00,0.49,767.8657,1.0
2015-02-17 13:00:00,0.59,657.7827,1.0
2015-02-17 14:00:00,0.18,571.16406,1.0
2015-02-17 15:00:00,0.01,392.0629,1.0
2015-02-17 16:00:00,0.01,208.49756,1.0
2015-02-17 17:00:00,0.0,27.302057,0.6438888888888888
2015-02-17 18:00:00,0.0,0.0,0.0
2015-02-17 19:00:00,0.0,0.0,0.0
2015-02-17 20:00:00,0.01,0.0,0.0
2015-02-17 21:00:00,0.0,0.0,0.0
2015-02-17 22:00:00,0.01,0.0,0.0
2015-02-17 23:00:00,0.09,0.0,0.0
2015-02-18 00:00:00,0.06,0.0,0.0
2015-02-18 01:00:00,0.07,0.0,0.0
2015-02-18 02:00:00,0.04,0.0,0.0
2015-02-18 03:00:00,0.03,0.0,0.0
2015-02-18 04:00:00,0.06,0.0,0.0
2015-02-18 05:00:00,0.02,0.0,0.0
2015-02-18 06:00:00,0.0,0.0,0.18222222222222223
2015-02-18 07:00:00,0.0,151.77957,1.0
2015-02-18 08:00:00,0.0,394.0463,1.0
2015-02-18 09:00:00,0.0,602.8352,1.0
2015-02-18 10:00:00,0.0,752.3105,1.0
2015-02-18 11:00:00,0.0,841.26245,1.0
2015-02-18 12:00:00,0.0,848.0376,1.0
2015-02-18 13:00:00,0.0,774.40424,1.0
2015-02-18 14:00:00,0.0,638.5845,1.0
2015-02-18 15:00:00,0.0,447.7982,1.0
2015-02-18 16:00:00,0.0,220.09631,1.0
2015-02-18 17:00:00,0.0,28.004196,0.6630555555555555
2015-02-18 18:00:00,0.0,0.0,0.0
2015-02-18 19:00:00,0.0,0.0,0.0
2015-02-18 20:00:00,0.0,0.0,0.0
2015-02-18 21:00:00,0.0,0.0,0.0
2015-02-18 22:00:00,0.0,0.0,0.0
2015-02-18 23:00:00,0.0,0.0,0.0
2015-02-19 00:00:00,0.0,0.0,0.0
2015-02-19 01:00:00,0.09,0.0,0.0
2015-02-19 02:00:00,0.1,0.0,0.0
2015-02-19 03:00:00,0.01,0.0,0.0
2015-02-19 04:00:00,0.19,0.0,0.0
2015-02-19 05:00:00,0.08,0.0,0.0
2015-02-19 06:00:00,0.0,0.0,0.20472222222222222
2015-02-19 07:00:00,0.13,160.2209,1.0
2015-02-19 08:00:00,0.0,400.7427,1.0
2015-02-19 09:00:00,0.0,609.50494,1.0
2015-02-19 10:00:00,0.0,760.3704,1.0
2015-02-19 11:00:00,0.0,837.71436,1.0
2015-02-19 12:00:00,0.0,841.9719,1.0
2015-02-19 13:00:00,0.0,776.7116,1.0
2015-02-19 14:00:00,0.0,642.7552,1.0
2015-02-19 15:00:00,0.0,450.3854,1.0
2015-02-19 16:00:00,0.0,222.74979,1.0
2015-02-19 17:00:00,0.09,29.964197,0.6825
2015-02-19 18:00:00,0.16,0.0,0.0
2015-02-19 19:00:00,0.11,0.0,0.0
2015-02-19 20:00:00,0.23,0.0,0.0
2015-02-19 21:00:00,0.34,0.0,0.0
2015-02-19 22:00:00,0.62,0.0,0.0
2015-02-19 23:00:00,0.55,0.0,0.0
2015-02-20 00:00:00,0.37,0.0,0.0
2015-02-20 01:00:00,0.35,0.0,0.0
2015-02-20 02:00:00,0.31,0.0,0.0
2015-02-20 03:00:00,0.27,0.0,0.0
2015-02-20 04:00:00,0.12,0.0,0.0
2015-02-20 05:00:00,0.37,0.0,0.0
2015-02-20 06:00:00,0.44,0.0,0.2275
2015-02-20 07:00:00,0.17,157.84477,1.0
2015-02-20 08:00:00,0.02,396.66473,1.0
2015-02-20 09:00:00,0.0,594.83624,1.0
2015-02-20 10:00:00,0.11,671.1363,1.0
2015-02-20 11:00:00,0.56,728.9291,1.0
2015-02-20 12:00:00,0.96,528.02374,1.0
2015-02-20 13:00:00,0.97,365.26996,1.0
2015-02-20 14:00:00,0.99,300.58636,1.0
2015-02-20 15:00:00,0.99,178.28593,1.0
2015-02-20 16:00:00,0.93,126.35194,1.0
2015-02-20 17:00:00,0.49,24.93176,0.7016666666666667
2015-02-20 18:00:00,0.68,0.0,0.0
2015-02-20 19:00:00,0.61,0.0,0.0
2015-02-20 20:00:00,0.61,0.0,0.0
2015-02-20 21:00:00,0.64,0.0,0.0
2015-02-20 22:00:00,0.65,0.0,0.0
2015-02-20 23:00:00,0.69,0.0,0.0
2015-02-21 00:00:00,0.7,0.0,0.0
2015-02-21 01:00:00,0.8,0.0,0.0
2015-02-21 02:00:00,0.79,0.0,0.0
2015-02-21 03:00:00,0.7,0.0,0.0
2015-02-21 04:00:00,0.49,0.0,0.0
2015-02-21 05:00:00,0.76,0.0,0.0
2015-02-21 06:00:00,0.83,0.0,0.25027777777777777
2015-02-21 07:00:00,0.85,104.279724,1.0
2015-02-21 08:00:00,0.87,312.45007,1.0
2015-02-21 09:00:00,0.84,415.02673,1.0
2015-02-21 10:00:00,0.64,486.47272,1.0
2015-02-21 11:00:00,0.85,613.1204,1.0
2015-02-21 12:00:00,0.97,515.2205,1.0
2015-02-21 13:00:00,0.98,413.02844,1.0
2015-02-21 14:00:00,0.97,287.09732,1.0
2015-02-21 15:00:00,1.0,174.67928,1.0
2015-02-21 16:00:00,0.99,100.62438,1.0
2015-02-21 17:00:00,1.0,14.368583,0.7205555555555555
2015-02-21 18:00:00,1.0,0.0,0.0
2015-02-21 19:00:00,1.0,0.0,0.0
2015-02-21 20:00:00,1.0,0.0,0.0
2015-02-21 21:00:00,1.0,0.0,0.0
2015-02-21 22:00:00,1.0,0.0,0.0
2015-02-21 23:00:00,1.0,0.0,0.0
2015-02-22 00:00:00,1.0,0.0,0.0
2015-02-22 01:00:00,1.0,0.0,0.0
2015-02-22 02:00:00,1.0,0.0,0.0
2015-02-22 03:00:00,1.0,0.0,0.0
2015-02-22 04:00:00,1.0,0.0,0.0
2015-02-22 05:00:00,1.0,0.0,0.0
2015-02-22 06:00:00,1.0,0.0,0.27361111111111114
2015-02-22 07:00:00,1.0,68.53932,1.0
2015-02-22 08:00:00,1.0,177.8228,1.0
2015-02-22 09:00:00,1.0,325.6454,1.0
2015-02-22 10:00:00,1.0,396.47925,1.0
2015-02-22 11:00:00,1.0,513.48627,1.0
2015-02-22 12:00:00,1.0,462.4568,1.0
2015-02-22 13:00:00,1.0,435.01663,1.0
2015-02-22 14:00:00,1.0,309.2569,1.0
2015-02-22 15:00:00,1.0,219.85712,1.0
2015-02-22 16:00:00,1.0,109.953705,1.0
2015-02-22 17:00:00,1.0,14.908846,0.7397222222222222
2015-02-22 18:00:00,1.0,0.0,0.0
2015-02-22 19:00:00,1.0,0.0,0.0
2015-02-22 20:00:00,1.0,0.0,0.0
2015-02-22 21:00:00,1.0,0.0,0.0
2015-02-22 22:00:00,1.0,0.0,0.0
2015-02-22 23:00:00,1.0,0.0,0.0
2015-02-23 00:00:00,1.0,0.0,0.0
2015-02-23 01:00:00,1.0,0.0,0.0
2015-02-23 02:00:00,1.0,0.0,0.0
2015-02-23 03:00:00,1.0,0.0,0.0
2015-02-23 04:00:00,1.0,0.0,0.0
2015-02-23 05:00:00,1.0,0.0,0.0
2015-02-23 06:00:00,1.0,0.99392307,0.29694444444444446
2015-02-23 07:00:00,1.0,69.287285,1.0
2015-02-23 08:00:00,1.0,221.9903,1.0
2015-02-23 09:00:00,1.0,377.44537,1.0
2015-02-23 10:00:00,1.0,555.36035,1.0
2015-02-23 11:00:00,0.99,797.26514,1.0
2015-02-23 12:00:00,0.76,799.53644,1.0
2015-02-23 13:00:00,0.87,748.64075,1.0
2015-02-23 14:00:00,0.78,619.04,1.0
2015-02-23 15:00:00,0.1,446.62158,1.0
2015-02-23 16:00:00,0.02,242.01149,1.0
2015-02-23 17:00:00,0.12,38.06887,0.7586111111111111
2015-02-23 18:00:00,0.18,0.0,0.0
2015-02-23 19:00:00,0.04,0.0,0.0
2015-02-23 20:00:00,0.02,0.0,0.0
2015-02-23 21:00:00,0.01,0.0,0.0
2015-02-23 22:00:00,0.01,0.0,0.0
2015-02-23 23:00:00,0.0,0.0,0.0
2015-02-24 00:00:00,0.0,0.0,0.0
2015-02-24 01:00:00,0.0,0.0,0.0
2015-02-24 02:00:00,0.0,0.0,0.0
2015-02-24 03:00:00,0.0,0.0,0.0
2015-02-24 04:00:00,0.0,0.0,0.0
2015-02-24 05:00:00,0.0,0.0,0.0
2015-02-24 06:00:00,0.0,4.947102,0.3202777777777778
2015-02-24 07:00:00,0.0,190.21742,1.0
2015-02-24 08:00:00,0.0,437.32486,1.0
2015-02-24 09:00:00,0.0,647.86096,1.0
2015-02-24 10:00:00,0.0,801.29596,1.0
2015-02-24 11:00:00,0.0,887.79407,1.0
2015-02-24 12:00:00,0.0,890.96454,1.0
2015-02-24 13:00:00,0.0,822.39874,1.0
2015-02-24 14:00:00,0.0,681.75574,1.0
2015-02-24 15:00:00,0.0,484.38715,1.0
2015-02-24 16:00:00,0.0,251.18701,1.0
2015-02-24 17:00:00,0.0,40.852707,0.7772222222222223
2015-02-24 18:00:00,0.0,0.0,0.0
2015-02-24 19:00:00,0.1,0.0,0.0
2015-02-24 20:00:00,0.3,0.0,0.0
2015-02-24 21:00:00,0.48,0.0,0.0
2015-02-24 22:00:00,0.5,0.0,0.0
2015-02-24 23:00:00,0.7,0.0,0.0
2015-02-25 00:00:00,0.84,0.0,0.0
2015-02-25 01:00:00,0.9,0.0,0.0
2015-02-25 02:00:00,0.82,0.0,0.0
2015-02-25 03:00:00,0.7,0.0,0.0
2015-02-25 04:00:00,0.61,0.0,0.0
2015-02-25 05:00:00,0.71,0.0,0.0
2015-02-25 06:00:00,0.4,4.8219204,0.3438888888888889
2015-02-25 07:00:00,0.53,160.2376,1.0
2015-02-25 08:00:00,0.74,389.9317,1.0
2015-02-25 09:00:00,0.48,602.8557,1.0
2015-02-25 10:00:00,0.43,726.09064,1.0
2015-02-25 11:00:00,0.7,706.29584,1.0
2015-02-25 12:00:00,0.82,579.77435,1.0
2015-02-25 13:00:00,0.87,489.9369,1.0
2015-02-25 14:00:00,0.95,313.91293,1.0
2015-02-25 15:00:00,1.0,185.28123,1.0
2015-02-25 16:00:00,1.0,123.168365,1.0
2015-02-25 17:00:00,1.0,19.996351,0.7961111111111111
2015-02-25 18:00:00,1.0,0.0,0.0
2015-02-25 19:00:00,1.0,0.0,0.0
2015-02-25 20:00:00,1.0,0.0,0.0
2015-02-25 21:00:00,1.0,0.0,0.0
2015-02-25 22:00:00,1.0,0.0,0.0
2015-02-25 23:00:00,1.0,0.0,0.0
2015-02-26 00:00:00,1.0,0.0,0.0
2015-02-26 01:00:00,1.0,0.0,0.0
2015-02-26 02:00:00,1.0,0.0,0.0
2015-02-26 03:00:00,0.96,0.0,0.0
2015-02-26 04:00:00,0.97,0.0,0.0
2015-02-26 05:00:00,0.92,0.0,0.0
2015-02-26 06:00:00,0.88,3.9756923,0.36777777777777776
2015-02-26 07:00:00,0.72,138.98145,1.0
2015-02-26 08:00:00,0.67,342.01297,1.0
2015-02-26 09:00:00,0.67,571.26245,1.0
2015-02-26 10:00:00,0.71,721.3493,1.0
2015-02-26 11:00:00,0.95,762.9656,1.0
2015-02-26 12:00:00,0.97,610.3883,1.0
2015-02-26 13:00:00,1.0,526.79553,1.0
2015-02-26 14:00:00,1.0,371.1515,1.0
2015-02-26 15:00:00,1.0,204.18655,1.0
2015-02-26 16:00:00,1.0,98.39839,1.0
2015-02-26 17:00:00,1.0,16.896692,0.8144444444444444
2015-02-26 18:00:00,1.0,0.0,0.0
2015-02-26 19:00:00,1.0,0.0,0.0
2015-02-26 20:00:00,1.0,0.0,0.0
2015-02-26 21:00:00,0.99,0.0,0.0
2015-02-26 22:00:00,0.98,0.0,0.0
2015-02-26 23:00:00,0.97,0.0,0.0
2015-02-27 00:00:00,0.98,0.0,0.0
2015-02-27 01:00:00,0.99,0.0,0.0
2015-02-27 02:00:00,0.99,0.0,0.0
2015-02-27 03:00:00,0.98,0.0,0.0
2015-02-27 04:00:00,0.94,0.0,0.0
2015-02-27 05:00:00,0.89,0.0,0.0
2015-02-27 06:00:00,0.94,3.9756923,0.3913888888888889
2015-02-27 07:00:00,0.81,127.16524,1.0
2015-02-27 08:00:00,0.58,364.0182,1.0
2015-02-27 09:00:00,0.29,573.8773,1.0
2015-02-27 10:00:00,0.3,678.8497,1.0
2015-02-27 11:00:00,0.68,836.80554,1.0
2015-02-27 12:00:00,0.77,784.50287,1.0
2015-02-27 13:00:00,0.82,691.4313,1.0
2015-02-27 14:00:00,0.9,583.0468,1.0
2015-02-27 15:00:00,0.44,391.69376,1.0
2015-02-27 16:00:00,0.76,194.96222,1.0
2015-02-27 17:00:00,0.72,38.79274,0.8330555555555555
2015-02-27 18:00:00,0.8,0.0,0.0
2015-02-27 19:00:00,0.75,0.0,0.0
2015-02-27 20:00:00,0.6,0.0,0.0
2015-02-27 21:00:00,0.65,0.0,0.0
2015-02-27 22:00:00,0.72,0.0,0.0
2015-02-27 23:00:00,0.29,0.0,0.0
2015-02-28 00:00:00,0.07,0.0,0.0
2015-02-28 01:00:00,0.03,0.0,0.0
2015-02-28 02:00:00,0.0,0.0,0.0
2015-02-28 03:00:00,0.08,0.0,0.0
2015-02-28 04:00:00,0.0,0.0,0.0
2015-02-28 05:00:00,0.0,0.0,0.0
2015-02-28 06:00:00,0.1,11.545981,0.4152777777777778
2015-02-28 07:00:00,0.01,209.28746,1.0
2015-02-28 08:00:00,0.0,463.4082,1.0
2015-02-28 09:00:00,0.0,666.9175,1.0
2015-02-28 10:00:00,0.12,756.23236,1.0
2015-02-28 11:00:00,0.83,853.7078,1.0
2015-02-28 12:00:00,0.9,826.9254,1.0
2015-02-28 13:00:00,0.77,711.31305,1.0
2015-02-28 14:00:00,0.86,544.0648,1.0
2015-02-28 15:00:00,0.78,382.50592,1.0
2015-02-28 16:00:00,0.83,201.39632,1.0
2015-02-28 17:00:00,1.0,32.676933,0.8513888888888889
2015-02-28 18:00:00,1.0,0.0,0.0
2015-02-28 19:00:00,0.9,0.0,0.0
2015-02-28 20:00:00,0.66,0.0,0.0
2015-02-28 21:00:00,0.57,0.0,0.0
2015-02-28 22:00:00,0.56,0.0,0.0
2015-02-28 23:00:00,0.41,0.0,0.0
2015-03-01 00:00:00,0.06,0.0,0.0
2015-03-01 01:00:00,0.01,0.0,0.0
2015-03-01 02:00:00,0.07,0.0,0.0
2015-03-01 03:00:00,0.29,0.0,0.0
2015-03-01 04:00:00,0.11,0.0,0.0
2015-03-01 05:00:00,0.2,0.0,0.0
2015-03-01 06:00:00,0.19,12.281802,0.43916666666666665
2015-03-01 07:00:00,0.1,199.93983,1.0
2015-03-01 08:00:00,0.2,454.53162,1.0
2015-03-01 09:00:00,0.27,651.1112,1.0
2015-03-01 10:00:00,0.29,815.1891,1.0
2015-03-01 11:00:00,0.36,852.8644,1.0
2015-03-01 12:00:00,0.5,803.70905,1.0
2015-03-01 13:00:00,0.69,717.39154,1.0
2015-03-01 14:00:00,0.99,571.85785,1.0
2015-03-01 15:00:00,1.0,378.74097,1.0
2015-03-01 16:00:00,1.0,181.61658,1.0
2015-03-01 17:00:00,1.0,26.835924,0.8694444444444445
2015-03-01 18:00:00,1.0,0.0,0.0
2015-03-01 19:00:00,1.0,0.0,0.0
2015-03-01 20:00:00,0.99,0.0,0.0
2015-03-01 21:00:00,1.0,0.0,0.0
2015-03-01 22:00:00,1.0,0.0,0.0
2015-03-01 23:00:00,0.87,0.0,0.0
2015-03-02 00:00:00,0.97,0.0,0.0
2015-03-02 01:00:00,0.79,0.0,0.0
2015-03-02 02:00:00,0.16,0.0,0.0
2015-03-02 03:00:00,0.47,0.0,0.0
2015-03-02 04:00:00,0.35,0.0,0.0
2015-03-02 05:00:00,0.33,0.0,0.0
2015-03-02 06:00:00,0.0,14.39961,0.4636111111111111
2015-03-02 07:00:00,0.0,209.45448,1.0
2015-03-02 08:00:00,0.0,457.41046,1.0
2015-03-02 09:00:00,0.0,668.9016,1.0
2015-03-02 10:00:00,0.06,801.9692,1.0
2015-03-02 11:00:00,0.13,879.3835,1.0
2015-03-02 12:00:00,0.12,875.05884,1.0
2015-03-02 13:00:00,0.07,775.8843,1.0
2015-03-02 14:00:00,0.18,623.9975,1.0
2015-03-02 15:00:00,0.88,449.8989,1.0
2015-03-02 16:00:00,0.66,231.20973,1.0
2015-03-02 17:00:00,0.07,43.21625,0.8877777777777778
2015-03-02 18:00:00,0.41,0.0,0.0
2015-03-02 19:00:00,0.72,0.0,0.0
2015-03-02 20:00:00,0.98,0.0,0.0
2015-03-02 21:00:00,0.91,0.0,0.0
2015-03-02 22:00:00,1.0,0.0,0.0
2015-03-02 23:00:00,0.32,0.0,0.0
2015-03-03 00:00:00,0.04,0.0,0.0
2015-03-03 01:00:00,0.0,0.0,0.0
2015-03-03 02:00:00,0.0,0.0,0.0
2015-03-03 03:00:00,0.01,0.0,0.0
2015-03-03 04:00:00,0.0,0.0,0.0
2015-03-03 05:00:00,0.0,0.0,0.0
2015-03-03 06:00:00,0.0,17.379005,0.48833333333333334
2015-03-03 07:00:00,0.05,217.46533,1.0
2015-03-03 08:00:00,0.64,297.41675,1.0
2015-03-03 09:00:00,0.97,395.9846,1.0
2015-03-03 10:00:00,0.93,562.20013,1.0
2015-03-03 11:00:00,0.93,784.2987,1.0
2015-03-03 12:00:00,0.98,768.3179,1.0
2015-03-03 13:00:00,0.96,646.1078,1.0
2015-03-03 14:00:00,0.97,497.34964,1.0
2015-03-03 15:00:00,0.97,258.7742,1.0
2015-03-03 16:00:00,0.86,147.58687,1.0
2015-03-03 17:00:00,0.67,35.59705,0.9058333333333334
2015-03-03 18:00:00,0.72,0.0,0.0
2015-03-03 19:00:00,0.59,0.0,0.0
2015-03-03 20:00:00,0.81,0.0,0.0
2015-03-03 21:00:00,0.95,0.0,0.0
2015-03-03 22:00:00,0.96,0.0,0.0
2015-03-03 23:00:00,0.98,0.0,0.0
2015-03-04 00:00:00,1.0,0.0,0.0
2015-03-04 01:00:00,0.99,0.0,0.0
2015-03-04 02:00:00,0.99,0.0,0.0
2015-03-04 03:00:00,0.99,0.0,0.0
2015-03-04 04:00:00,0.98,0.0,0.0
2015-03-04 05:00:00,0.96,0.0,0.0
2015-03-04 06:00:00,0.99,12.3790455,0.5133333333333333
2015-03-04 07:00:00,0.98,163.59929,1.0
2015-03-04 08:00:00,0.8,385.88275,1.0
2015-03-04 09:00:00,0.88,625.3214,1.0
2015-03-04 10:00:00,0.92,774.12054,1.0
2015-03-04 11:00:00,0.93,868.0707,1.0
2015-03-04 12:00:00,0.97,654.4015,1.0
2015-03-04 13:00:00,0.71,618.56525,1.0
2015-03-04 14:00:00,0.65,621.75775,1.0
2015-03-04 15:00:00,0.68,459.56494,1.0
2015-03-04 16:00:00,0.77,257.29456,1.0
2015-03-04 17:00:00,0.22,50.1354,0.9236111111111112
2015-03-04 18:00:00,0.08,0.0,0.0
2015-03-04 19:00:00,0.06,0.0,0.0
2015-03-04 20:00:00,0.02,0.0,0.0
2015-03-04 21:00:00,0.05,0.0,0.0
2015-03-04 22:00:00,0.01,0.0,0.0
2015-03-04 23:00:00,0.0,0.0,0.0
2015-03-05 00:00:00,0.0,0.0,0.0
2015-03-05 01:00:00,0.0,0.0,0.0
2015-03-05 02:00:00,0.0,0.0,0.0
2015-03-05 03:00:00,0.0,0.0,0.0
2015-03-05 04:00:00,0.0,0.0,0.0
2015-03-05 05:00:00,0.0,0.0,0.0
2015-03-05 06:00:00,0.0,24.151384,0.5388888888888889
2015-03-05 07:00:00,0.0,246.85135,1.0
2015-03-05 08:00:00,0.0,496.02264,1.0
2015-03-05 09:00:00,0.11,697.72504,1.0
2015-03-05 10:00:00,0.88,805.5057,1.0
2015-03-05 11:00:00,0.97,880.7768,1.0
2015-03-05 12:00:00,0.89,884.1186,1.0
2015-03-05 13:00:00,0.88,827.9187,1.0
2015-03-05 14:00:00,0.87,679.0905,1.0
2015-03-05 15:00:00,0.66,494.31918,1.0
2015-03-05 16:00:00,0.14,279.9542,1.0
2015-03-05 17:00:00,0.0,60.73986,0.9416666666666667
2015-03-05 18:00:00,0.0,0.0,0.0
2015-03-05 19:00:00,0.19,0.0,0.0
2015-03-05 20:00:00,0.34,0.0,0.0
2015-03-05 21:00:00,0.37,0.0,0.0
2015-03-05 22:00:00,0.25,0.0,0.0
2015-03-05 23:00:00,0.13,0.0,0.0
2015-03-06 00:00:00,0.04,0.0,0.0
2015-03-06 01:00:00,0.1,0.0,0.0
2015-03-06 02:00:00,0.18,0.0,0.0
2015-03-06 03:00:00,0.02,0.0,0.0
2015-03-06 04:00:00,0.03,0.0,0.0
2015-03-06 05:00:00,0.08,0.0,0.0
2015-03-06 06:00:00,0.06,25.75841,0.5644444444444444
2015-03-06 07:00:00,0.0,244.58263,1.0
2015-03-06 08:00:00,0.0,493.57626,1.0
2015-03-06 09:00:00,0.0,703.1497,1.0
2015-03-06 10:00:00,0.0,855.33026,1.0
2015-03-06 11:00:00,0.0,936.65344,1.0
2015-03-06 12:00:00,0.0,941.38947,1.0
2015-03-06 13:00:00,0.0,868.8833,1.0
2015-03-06 14:00:00,0.0,725.2247,1.0
2015-03-06 15:00:00,0.0,524.20966,1.0
2015-03-06 16:00:00,0.0,286.93463,1.0
2015-03-06 17:00:00,0.0,63.11375,0.9594444444444444
2015-03-06 18:00:00,0.0,0.0,0.0
2015-03-06 19:00:00,0.0,0.0,0.0
2015-03-06 20:00:00,0.0,0.0,0.0
2015-03-06 21:00:00,0.0,0.0,0.0
2015-03-06 22:00:00,0.0,0.0,0.0
2015-03-06 23:00:00,0.0,0.0,0.0
2015-03-07 00:00:00,0.0,0.0,0.0
2015-03-07 01:00:00,0.0,0.0,0.0
2015-03-07 02:00:00,0.0,0.0,0.0
2015-03-07 03:00:00,0.0,0.0,0.0
2015-03-07 04:00:00,0.0,0.0,0.0
2015-03-07 05:00:00,0.0,0.0,0.0
2015-03-07 06:00:00,0.0,28.27833,0.5902777777777778
2015-03-07 07:00:00,0.0,249.17578,1.0
2015-03-07 08:00:00,0.0,496.9686,1.0
2015-03-07 09:00:00,0.0,706.3393,1.0
2015-03-07 10:00:00,0.0,856.2519,1.0
2015-03-07 11:00:00,0.0,935.051,1.0
2015-03-07 12:00:00,0.0,939.8462,1.0
2015-03-07 13:00:00,0.0,866.4221,1.0
2015-03-07 14:00:00,0.0,723.86285,1.0
2015-03-07 15:00:00,0.0,524.0008,1.0
2015-03-07 16:00:00,0.0,288.04852,1.0
2015-03-07 17:00:00,0.0,64.46428,0.9772222222222222
2015-03-07 18:00:00,0.0,0.0,0.0
2015-03-07 19:00:00,0.0,0.0,0.0
2015-03-07 20:00:00,0.0,0.0,0.0
2015-03-07 21:00:00,0.04,0.0,0.0
2015-03-07 22:00:00,0.25,0.0,0.0
2015-03-07 23:00:00,0.29,0.0,0.0
2015-03-08 00:00:00,0.47,0.0,0.0
2015-03-08 01:00:00,0.52,0.0,0.0
2015-03-08 02:00:00,0.6,0.0,0.0
2015-03-08 03:00:00,0.72,0.0,0.0
2015-03-08 04:00:00,0.67,0.0,0.0
2015-03-08 05:00:00,0.66,0.0,0.0
2015-03-08 06:00:00,0.62,20.841303,0.6163888888888889
2015-03-08 07:00:00,0.4,199.12431,1.0
2015-03-08 08:00:00,0.28,428.78253,1.0
2015-03-08 09:00:00,0.37,639.5244,1.0
2015-03-08 10:00:00,0.52,800.5199,1.0
2015-03-08 11:00:00,0.71,902.17847,1.0
2015-03-08 12:00:00,0.67,895.5162,1.0
2015-03-08 13:00:00,0.74,830.18964,1.0
2015-03-08 14:00:00,0.76,666.2442,1.0
2015-03-08 15:00:00,0.34,484.92963,1.0
2015-03-08 16:00:00,0.19,249.12018,1.0
2015-03-08 17:00:00,0.16,62.906925,0.995
2015-03-08 18:00:00,0.03,0.0,0.0
2015-03-08 19:00:00,0.02,0.0,0.0
2015-03-08 20:00:00,0.05,0.0,0.0
2015-03-08 21:00:00,0.0,0.0,0.0
2015-03-08 22:00:00,0.0,0.0,0.0
2015-03-08 23:00:00,0.0,0.0,0.0
2015-03-09 00:00:00,0.0,0.0,0.0
2015-03-09 01:00:00,0.0,0.0,0.0
2015-03-09 02:00:00,0.0,0.0,0.0
2015-03-09 03:00:00,0.0,0.0,0.0
2015-03-09 04:00:00,0.0,0.0,0.0
2015-03-09 05:00:00,0.0,0.0,0.0
2015-03-09 06:00:00,0.0,35.040035,0.6427777777777778
2015-03-09 07:00:00,0.0,261.94247,1.0
2015-03-09 08:00:00,0.0,511.02713,1.0
2015-03-09 09:00:00,0.0,721.17413,1.0
2015-03-09 10:00:00,0.0,871.89984,1.0
2015-03-09 11:00:00,0.0,948.315,1.0
2015-03-09 12:00:00,0.0,951.9752,1.0
2015-03-09 13:00:00,0.0,878.3242,1.0
2015-03-09 14:00:00,0.0,733.3876,1.0
2015-03-09 15:00:00,0.01,532.4,1.0
2015-03-09 16:00:00,0.0,295.48486,1.0
2015-03-09 17:00:00,0.0,70.06449,1.0
2015-03-09 18:00:00,0.0,0.0,0.0125
2015-03-09 19:00:00,0.0,0.0,0.0
2015-03-09 20:00:00,0.0,0.0,0.0
2015-03-09 21:00:00,0.0,0.0,0.0
2015-03-09 22:00:00,0.0,0.0,0.0
2015-03-09 23:00:00,0.0,0.0,0.0
2015-03-10 00:00:00,0.0,0.0,0.0
2015-03-10 01:00:00,0.0,0.0,0.0
2015-03-10 02:00:00,0.0,0.0,0.0
2015-03-10 03:00:00,0.0,0.0,0.0
2015-03-10 04:00:00,0.0,0.0,0.0
2015-03-10 05:00:00,0.0,0.0,0.0
2015-03-10 06:00:00,0.0,37.31897,0.6691666666666667
2015-03-10 07:00:00,0.0,264.61087,1.0
2015-03-10 08:00:00,0.0,510.0326,1.0
2015-03-10 09:00:00,0.0,716.842,1.0
2015-03-10 10:00:00,0.0,865.52094,1.0
2015-03-10 11:00:00,0.0,941.9074,1.0
2015-03-10 12:00:00,0.0,944.5657,1.0
2015-03-10 13:00:00,0.0,872.2136,1.0
2015-03-10 14:00:00,0.0,730.9179,1.0
2015-03-10 15:00:00,0.01,532.28503,1.0
2015-03-10 16:00:00,0.0,297.62305,1.0
2015-03-10 17:00:00,0.0,72.21016,1.0
2015-03-10 18:00:00,0.0,0.0,0.03027777777777778
2015-03-10 19:00:00,0.0,0.0,0.0
2015-03-10 20:00:00,0.0,0.0,0.0
2015-03-10 21:00:00,0.0,0.0,0.0
2015-03-10 22:00:00,0.0,0.0,0.0
2015-03-10 23:00:00,0.0,0.0,0.0
2015-03-11 00:00:00,0.0,0.0,0.0
2015-03-11 01:00:00,0.0,0.0,0.0
2015-03-11 02:00:00,0.0,0.0,0.0
2015-03-11 03:00:00,0.0,0.0,0.0
2015-03-11 04:00:00,0.0,0.0,0.0
2015-03-11 05:00:00,0.0,0.0,0.0
2015-03-11 06:00:00,0.0,43.23163,0.6958333333333333
2015-03-11 07:00:00,0.12,277.39377,1.0
2015-03-11 08:00:00,0.0,528.1635,1.0
2015-03-11 09:00:00,0.0,738.07654,1.0
2015-03-11 10:00:00,0.21,887.2498,1.0
2015-03-11 11:00:00,0.05,963.13306,1.0
2015-03-11 12:00:00,0.99,930.09827,1.0
2015-03-11 13:00:00,1.0,829.9187,1.0
2015-03-11 14:00:00,1.0,675.8521,1.0
2015-03-11 15:00:00,1.0,463.514,1.0
2015-03-11 16:00:00,1.0,249.00381,1.0
2015-03-11 17:00:00,1.0,55.88343,1.0
2015-03-11 18:00:00,0.99,0.0,0.04777777777777778
2015-03-11 19:00:00,1.0,0.0,0.0
2015-03-11 20:00:00,1.0,0.0,0.0
2015-03-11 21:00:00,0.97,0.0,0.0
2015-03-11 22:00:00,0.99,0.0,0.0
2015-03-11 23:00:00,1.0,0.0,0.0
2015-03-12 00:00:00,0.98,0.0,0.0
2015-03-12 01:00:00,0.99,0.0,0.0
2015-03-12 02:00:00,1.0,0.0,0.0
2015-03-12 03:00:00,1.0,0.0,0.0
2015-03-12 04:00:00,1.0,0.0,0.0
2015-03-12 05:00:00,1.0,0.0,0.0
2015-03-12 06:00:00,1.0,18.69754,0.7225
2015-03-12 07:00:00,1.0,146.4088,1.0
2015-03-12 08:00:00,1.0,387.10562,1.0
2015-03-12 09:00:00,0.99,565.9138,1.0
2015-03-12 10:00:00,0.95,712.3683,1.0
2015-03-12 11:00:00,0.88,784.16833,1.0
2015-03-12 12:00:00,0.99,776.7133,1.0
2015-03-12 13:00:00,0.94,641.77783,1.0
2015-03-12 14:00:00,0.87,476.20923,1.0
2015-03-12 15:00:00,0.95,343.06152,1.0
2015-03-12 16:00:00,0.96,201.70074,1.0
2015-03-12 17:00:00,0.97,53.46108,1.0
2015-03-12 18:00:00,0.99,0.0,0.06527777777777778
2015-03-12 19:00:00,1.0,0.0,0.0
2015-03-12 20:00:00,1.0,0.0,0.0
2015-03-12 21:00:00,1.0,0.0,0.0
2015-03-12 22:00:00,0.99,0.0,0.0
2015-03-12 23:00:00,1.0,0.0,0.0
2015-03-13 00:00:00,0.99,0.0,0.0
2015-03-13 01:00:00,0.99,0.0,0.0
2015-03-13 02:00:00,0.98,0.0,0.0
2015-03-13 03:00:00,1.0,0.0,0.0
2015-03-13 04:00:00,0.99,0.0,0.0
2015-03-13 05:00:00,1.0,0.0,0.0
2015-03-13 06:00:00,1.0,15.902769,0.7491666666666666
2015-03-13 07:00:00,1.0,116.22088,1.0
2015-03-13 08:00:00,1.0,231.85881,1.0
2015-03-13 09:00:00,0.99,381.0704,1.0
2015-03-13 10:00:00,1.0,587.60266,1.0
2015-03-13 11:00:00,1.0,692.85876,1.0
2015-03-13 12:00:00,0.99,661.13525,1.0
2015-03-13 13:00:00,0.96,654.8695,1.0
2015-03-13 14:00:00,0.98,534.19836,1.0
2015-03-13 15:00:00,0.86,399.91354,1.0
2015-03-13 16:00:00,0.71,242.26569,1.0
2015-03-13 17:00:00,0.63,68.14084,1.0
2015-03-13 18:00:00,0.65,0.0,0.0825
2015-03-13 19:00:00,0.74,0.0,0.0
2015-03-13 20:00:00,0.73,0.0,0.0
2015-03-13 21:00:00,0.55,0.0,0.0
2015-03-13 22:00:00,0.34,0.0,0.0
2015-03-13 23:00:00,0.11,0.0,0.0
2015-03-14 00:00:00,0.01,0.0,0.0
2015-03-14 01:00:00,0.0,0.0,0.0
2015-03-14 02:00:00,0.0,0.0,0.0
2015-03-14 03:00:00,0.0,0.0,0.0
2015-03-14 04:00:00,0.0,0.0,0.0
2015-03-14 05:00:00,0.0,0.0,0.0
2015-03-14 06:00:00,0.0,52.63917,0.7758333333333334
2015-03-14 07:00:00,0.0,289.9861,1.0
2015-03-14 08:00:00,0.0,534.9754,1.0
2015-03-14 09:00:00,0.0,741.00604,1.0
2015-03-14 10:00:00,0.0,888.3991,1.0
2015-03-14 11:00:00,0.0,965.85736,1.0
2015-03-14 12:00:00,0.0,967.04095,1.0
2015-03-14 13:00:00,0.0,891.20544,1.0
2015-03-14 14:00:00,0.0,747.3189,1.0
2015-03-14 15:00:00,0.0,547.36505,1.0
2015-03-14 16:00:00,0.03,310.35175,1.0
2015-03-14 17:00:00,0.75,80.69868,1.0
2015-03-14 18:00:00,0.66,0.0,0.1
2015-03-14 19:00:00,0.28,0.0,0.0
2015-03-14 20:00:00,0.46,0.0,0.0
2015-03-14 21:00:00,0.02,0.0,0.0
2015-03-14 22:00:00,0.0,0.0,0.0
2015-03-14 23:00:00,0.07,0.0,0.0
2015-03-15 00:00:00,0.41,0.0,0.0
2015-03-15 01:00:00,0.46,0.0,0.0
2015-03-15 02:00:00,0.67,0.0,0.0
2015-03-15 03:00:00,0.5,0.0,0.0
2015-03-15 04:00:00,0.47,0.0,0.0
2015-03-15 05:00:00,0.47,0.0,0.0
2015-03-15 06:00:00,0.0,52.85706,0.8025
2015-03-15 07:00:00,0.34,280.66525,1.0
2015-03-15 08:00:00,0.0,516.5151,1.0
2015-03-15 09:00:00,0.0,715.1179,1.0
2015-03-15 10:00:00,0.0,856.96124,1.0
2015-03-15 11:00:00,0.0,934.88934,1.0
2015-03-15 12:00:00,0.0,935.3682,1.0
2015-03-15 13:00:00,0.0,860.9906,1.0
2015-03-15 14:00:00,0.0,720.85394,1.0
2015-03-15 15:00:00,0.0,527.0007,1.0
2015-03-15 16:00:00,0.0,299.2911,1.0
2015-03-15 17:00:00,0.0,78.35204,1.0
2015-03-15 18:00:00,0.0,0.0,0.11722222222222223
2015-03-15 19:00:00,0.0,0.0,0.0
2015-03-15 20:00:00,0.01,0.0,0.0
2015-03-15 21:00:00,0.65,0.0,0.0
2015-03-15 22:00:00,1.0,0.0,0.0
2015-03-15 23:00:00,1.0,0.0,0.0
2015-03-16 00:00:00,1.0,0.0,0.0
2015-03-16 01:00:00,0.32,0.0,0.0
2015-03-16 02:00:00,0.04,0.0,0.0
2015-03-16 03:00:00,0.25,0.0,0.0
2015-03-16 04:00:00,0.7,0.0,0.0
2015-03-16 05:00:00,0.91,0.0,0.0
2015-03-16 06:00:00,0.01,58.771854,0.8291666666666667
2015-03-16 07:00:00,0.0,291.71786,1.0
2015-03-16 08:00:00,0.06,531.9047,1.0
2015-03-16 09:00:00,0.06,732.55444,1.0
2015-03-16 10:00:00,0.0,876.5328,1.0
2015-03-16 11:00:00,0.0,944.98395,1.0
2015-03-16 12:00:00,0.0,942.9436,1.0
2015-03-16 13:00:00,0.0,866.16016,1.0
2015-03-16 14:00:00,0.0,722.9477,1.0
2015-03-16 15:00:00,0.0,527.9237,1.0
2015-03-16 16:00:00,0.0,299.40564,1.0
2015-03-16 17:00:00,0.0,79.499664,1.0
2015-03-16 18:00:00,0.0,0.0,0.13444444444444445
2015-03-16 19:00:00,0.02,0.0,0.0
2015-03-16 20:00:00,0.03,0.0,0.0
2015-03-16 21:00:00,0.66,0.0,0.0
2015-03-16 22:00:00,1.0,0.0,0.0
2015-03-16 23:00:00,1.0,0.0,0.0
2015-03-17 00:00:00,1.0,0.0,0.0
2015-03-17 01:00:00,1.0,0.0,0.0
2015-03-17 02:00:00,0.98,0.0,0.0
2015-03-17 03:00:00,0.88,0.0,0.0
2015-03-17 04:00:00,0.95,0.0,0.0
2015-03-17 05:00:00,0.92,0.0,0.0
2015-03-17 06:00:00,0.96,18.452784,0.8558333333333333
2015-03-17 07:00:00,0.88,157.7506,1.0
2015-03-17 08:00:00,0.73,334.37823,1.0
2015-03-17 09:00:00,0.61,494.46198,1.0
2015-03-17 10:00:00,0.66,669.15594,1.0
2015-03-17 11:00:00,0.46,784.3567,1.0
2015-03-17 12:00:00,0.38,820.5039,1.0
2015-03-17 13:00:00,0.03,840.917,1.0
2015-03-17 14:00:00,0.02,681.36,1.0
2015-03-17 15:00:00,0.02,501.68054,1.0
2015-03-17 16:00:00,0.01,293.43365,1.0
2015-03-17 17:00:00,0.11,78.3649,1.0
2015-03-17 18:00:00,0.21,0.0,0.15166666666666667
2015-03-17 19:00:00,0.31,0.0,0.0
2015-03-17 20:00:00,0.44,0.0,0.0
2015-03-17 21:00:00,0.56,0.0,0.0
2015-03-17 22:00:00,0.64,0.0,0.0
2015-03-17 23:00:00,0.57,0.0,0.0
2015-03-18 00:00:00,0.45,0.0,0.0
2015-03-18 01:00:00,0.4,0.0,0.0
2015-03-18 02:00:00,0.41,0.0,0.0
2015-03-18 03:00:00,0.56,0.0,0.0
2015-03-18 04:00:00,0.75,0.0,0.0
2015-03-18 05:00:00,0.85,0.0,0.0
2015-03-18 06:00:00,0.91,47.517227,0.8825
2015-03-18 07:00:00,0.98,226.15152,1.0
2015-03-18 08:00:00,0.99,389.6684,1.0
2015-03-18 09:00:00,0.99,444.1899,1.0
2015-03-18 10:00:00,0.98,471.364,1.0
2015-03-18 11:00:00,0.99,513.4204,1.0
2015-03-18 12:00:00,0.99,515.2939,1.0
2015-03-18 13:00:00,0.98,420.60245,1.0
2015-03-18 14:00:00,1.0,289.1182,1.0
2015-03-18 15:00:00,0.99,206.08595,1.0
2015-03-18 16:00:00,1.0,88.66575,1.0
2015-03-18 17:00:00,1.0,29.87967,1.0
2015-03-18 18:00:00,1.0,0.0,0.1686111111111111
2015-03-18 19:00:00,1.0,0.0,0.0
2015-03-18 20:00:00,1.0,0.0,0.0
2015-03-18 21:00:00,1.0,0.0,0.0
2015-03-18 22:00:00,1.0,0.0,0.0
2015-03-18 23:00:00,1.0,0.0,0.0
2015-03-19 00:00:00,1.0,0.0,0.0
2015-03-19 01:00:00,1.0,0.0,0.0
2015-03-19 02:00:00,1.0,0.0,0.0
2015-03-19 03:00:00,1.0,0.0,0.0
2015-03-19 04:00:00,1.0,0.0,0.0
2015-03-19 05:00:00,1.0,0.0,0.0
2015-03-19 06:00:00,1.0,18.644466,0.9088888888888889
2015-03-19 07:00:00,1.0,73.36815,1.0
2015-03-19 08:00:00,1.0,171.6012,1.0
2015-03-19 09:00:00,1.0,254.68945,1.0
2015-03-19 10:00:00,1.0,287.79468,1.0
2015-03-19 11:00:00,0.98,450.01617,1.0
2015-03-19 12:00:00,0.97,467.02808,1.0
2015-03-19 13:00:00,1.0,440.0134,1.0
2015-03-19 14:00:00,0.81,436.2841,1.0
2015-03-19 15:00:00,0.77,350.9033,1.0
2015-03-19 16:00:00,0.76,210.65186,1.0
2015-03-19 17:00:00,0.6,82.36254,1.0
2015-03-19 18:00:00,0.65,0.0,0.18583333333333332
2015-03-19 19:00:00,0.35,0.0,0.0
2015-03-19 20:00:00,0.28,0.0,0.0
2015-03-19 21:00:00,0.18,0.0,0.0
2015-03-19 22:00:00,0.05,0.0,0.0
2015-03-19 23:00:00,0.02,0.0,0.0
2015-03-20 00:00:00,0.0,0.0,0.0
2015-03-20 01:00:00,0.0,0.0,0.0
2015-03-20 02:00:00,0.0,0.0,0.0
2015-03-20 03:00:00,0.0,0.0,0.0
2015-03-20 04:00:00,0.0,0.0,0.0
2015-03-20 05:00:00,0.0,0.0,0.0
2015-03-20 06:00:00,0.0,79.38629,0.935
2015-03-20 07:00:00,0.0,327.57126,1.0
2015-03-20 08:00:00,0.0,564.95154,1.0
2015-03-20 09:00:00,0.0,776.63135,1.0
2015-03-20 10:00:00,0.0,919.89734,1.0
2015-03-20 11:00:00,0.0,993.6198,1.0
2015-03-20 12:00:00,0.0,990.1645,1.0
2015-03-20 13:00:00,0.0,912.99725,1.0
2015-03-20 14:00:00,0.0,767.0158,1.0
2015-03-20 15:00:00,0.0,564.25995,1.0
2015-03-20 16:00:00,0.0,327.94318,1.0
2015-03-20 17:00:00,0.0,94.665344,1.0
2015-03-20 18:00:00,0.0,0.0,0.20277777777777778
2015-03-20 19:00:00,0.0,0.0,0.0
2015-03-20 20:00:00,0.0,0.0,0.0
2015-03-20 21:00:00,0.0,0.0,0.0
2015-03-20 22:00:00,0.0,0.0,0.0
2015-03-20 23:00:00,0.0,0.0,0.0
2015-03-21 00:00:00,0.0,0.0,0.0
2015-03-21 01:00:00,0.0,0.0,0.0
2015-03-21 02:00:00,0.0,0.0,0.0
2015-03-21 03:00:00,0.0,0.0,0.0
2015-03-21 04:00:00,0.0,0.0,0.0
2015-03-21 05:00:00,0.0,0.0,0.0
2015-03-21 06:00:00,0.0,82.50426,0.9611111111111111
2015-03-21 07:00:00,0.0,325.45978,1.0
2015-03-21 08:00:00,0.0,567.23145,1.0
2015-03-21 09:00:00,0.0,768.0142,1.0
2015-03-21 10:00:00,0.0,909.1301,1.0
2015-03-21 11:00:00,0.0,978.4867,1.0
2015-03-21 12:00:00,0.0,975.2703,1.0
2015-03-21 13:00:00,0.03,898.47894,1.0
2015-03-21 14:00:00,0.2,748.8663,1.0
2015-03-21 15:00:00,0.43,540.0187,1.0
2015-03-21 16:00:00,0.61,289.2758,1.0
2015-03-21 17:00:00,0.21,91.768524,1.0
2015-03-21 18:00:00,0.06,0.0,0.21972222222222224
2015-03-21 19:00:00,0.02,0.0,0.0
2015-03-21 20:00:00,0.0,0.0,0.0
2015-03-21 21:00:00,0.0,0.0,0.0
2015-03-21 22:00:00,0.01,0.0,0.0
2015-03-21 23:00:00,0.05,0.0,0.0
2015-03-22 00:00:00,0.01,0.0,0.0
2015-03-22 01:00:00,0.0,0.0,0.0
2015-03-22 02:00:00,0.0,0.0,0.0
2015-03-22 03:00:00,0.08,0.0,0.0
2015-03-22 04:00:00,0.42,0.0,0.0
2015-03-22 05:00:00,0.5,0.0,0.0
2015-03-22 06:00:00,0.53,84.0666,0.9875
2015-03-22 07:00:00,0.44,318.07425,1.0
2015-03-22 08:00:00,0.32,556.6588,1.0
2015-03-22 09:00:00,0.34,745.2903,1.0
2015-03-22 10:00:00,0.31,822.815,1.0
2015-03-22 11:00:00,0.31,922.5254,1.0
2015-03-22 12:00:00,0.47,847.2739,1.0
2015-03-22 13:00:00,0.39,760.34894,1.0
2015-03-22 14:00:00,0.72,625.68445,1.0
2015-03-22 15:00:00,0.85,454.07245,1.0
2015-03-22 16:00:00,1.0,257.01688,1.0
2015-03-22 17:00:00,1.0,84.47986,1.0
2015-03-22 18:00:00,1.0,0.0,0.23666666666666666
2015-03-22 19:00:00,0.98,0.0,0.0
2015-03-22 20:00:00,0.98,0.0,0.0
2015-03-22 21:00:00,0.96,0.0,0.0
2015-03-22 22:00:00,0.8,0.0,0.0
2015-03-22 23:00:00,0.78,0.0,0.0
2015-03-23 00:00:00,0.56,0.0,0.0
2015-03-23 01:00:00,0.6,0.0,0.0
2015-03-23 02:00:00,0.88,0.0,0.0
2015-03-23 03:00:00,0.96,0.0,0.0
2015-03-23 04:00:00,0.99,0.0,0.0
2015-03-23 05:00:00,0.98,0.0,0.014166666666666666
2015-03-23 06:00:00,0.98,52.09147,1.0
2015-03-23 07:00:00,0.99,218.96451,1.0
2015-03-23 08:00:00,0.61,400.36566,1.0
2015-03-23 09:00:00,0.09,719.94684,1.0
2015-03-23 10:00:00,0.21,877.6478,1.0
2015-03-23 11:00:00,0.18,953.8458,1.0
2015-03-23 12:00:00,0.32,909.9967,1.0
2015-03-23 13:00:00,0.32,818.12537,1.0
2015-03-23 14:00:00,0.61,677.39044,1.0
2015-03-23 15:00:00,0.64,484.7469,1.0
2015-03-23 16:00:00,0.73,225.83028,1.0
2015-03-23 17:00:00,0.76,78.28865,1.0
2015-03-23 18:00:00,0.83,0.0,0.2536111111111111
2015-03-23 19:00:00,0.74,0.0,0.0
2015-03-23 20:00:00,0.93,0.0,0.0
2015-03-23 21:00:00,0.99,0.0,0.0
2015-03-23 22:00:00,0.9,0.0,0.0
2015-03-23 23:00:00,0.79,0.0,0.0
2015-03-24 00:00:00,0.91,0.0,0.0
2015-03-24 01:00:00,0.93,0.0,0.0
2015-03-24 02:00:00,0.94,0.0,0.0
2015-03-24 03:00:00,0.71,0.0,0.0
2015-03-24 04:00:00,0.54,0.0,0.0
2015-03-24 05:00:00,0.24,0.0,0.04083333333333333
2015-03-24 06:00:00,0.05,92.55855,1.0
2015-03-24 07:00:00,0.06,336.38608,1.0
2015-03-24 08:00:00,0.03,562.276,1.0
2015-03-24 09:00:00,0.0,774.71564,1.0
2015-03-24 10:00:00,0.04,911.5457,1.0
2015-03-24 11:00:00,0.08,957.47345,1.0
2015-03-24 12:00:00,0.12,955.07764,1.0
2015-03-24 13:00:00,0.14,898.9592,1.0
2015-03-24 14:00:00,0.34,741.70184,1.0
2015-03-24 15:00:00,0.47,524.51166,1.0
2015-03-24 16:00:00,0.41,317.63647,1.0
2015-03-24 17:00:00,0.28,96.22875,1.0
2015-03-24 18:00:00,0.01,0.99544233,0.27055555555555555
2015-03-24 19:00:00,0.0,0.0,0.0
2015-03-24 20:00:00,0.0,0.0,0.0
2015-03-24 21:00:00,0.01,0.0,0.0
2015-03-24 22:00:00,0.04,0.0,0.0
2015-03-24 23:00:00,0.4,0.0,0.0
2015-03-25 00:00:00,0.55,0.0,0.0
2015-03-25 01:00:00,0.74,0.0,0.0
2015-03-25 02:00:00,0.69,0.0,0.0
2015-03-25 03:00:00,0.74,0.0,0.0
2015-03-25 04:00:00,0.89,0.0,0.0
2015-03-25 05:00:00,0.99,0.0,0.06777777777777778
2015-03-25 06:00:00,0.91,16.350573,1.0
2015-03-25 07:00:00,0.95,84.24499,1.0
2015-03-25 08:00:00,1.0,106.29382,1.0
2015-03-25 09:00:00,1.0,196.01582,1.0
2015-03-25 10:00:00,1.0,375.89764,1.0
2015-03-25 11:00:00,0.98,399.86612,1.0
2015-03-25 12:00:00,0.91,338.42206,1.0
2015-03-25 13:00:00,0.83,666.80176,1.0
2015-03-25 14:00:00,0.57,522.3058,1.0
2015-03-25 15:00:00,0.62,440.54474,1.0
2015-03-25 16:00:00,0.32,270.18082,1.0
2015-03-25 17:00:00,0.39,95.824265,1.0
2015-03-25 18:00:00,0.38,1.9893655,0.2872222222222222
2015-03-25 19:00:00,0.19,0.0,0.0
2015-03-25 20:00:00,0.14,0.0,0.0
2015-03-25 21:00:00,0.05,0.0,0.0
2015-03-25 22:00:00,0.03,0.0,0.0
2015-03-25 23:00:00,0.0,0.0,0.0
2015-03-26 00:00:00,0.13,0.0,0.0
2015-03-26 01:00:00,0.01,0.0,0.0
2015-03-26 02:00:00,0.0,0.0,0.0
2015-03-26 03:00:00,0.0,0.0,0.0
2015-03-26 04:00:00,0.0,0.0,0.0
2015-03-26 05:00:00,0.0,0.0,0.09472222222222222
2015-03-26 06:00:00,0.04,102.657196,1.0
2015-03-26 07:00:00,0.0,332.37906,1.0
2015-03-26 08:00:00,0.19,570.7356,1.0
2015-03-26 09:00:00,0.47,768.568,1.0
2015-03-26 10:00:00,0.29,907.5603,1.0
2015-03-26 11:00:00,0.46,984.04474,1.0
2015-03-26 12:00:00,0.58,953.98914,1.0
2015-03-26 13:00:00,0.8,859.4551,1.0
2015-03-26 14:00:00,0.62,599.96106,1.0
2015-03-26 15:00:00,0.9,424.49,1.0
2015-03-26 16:00:00,0.87,278.38458,1.0
2015-03-26 17:00:00,0.85,83.013435,1.0
2015-03-26 18:00:00,0.96,1.9878461,0.30416666666666664
2015-03-26 19:00:00,0.97,0.0,0.0
2015-03-26 20:00:00,0.86,0.0,0.0
2015-03-26 21:00:00,0.84,0.0,0.0
2015-03-26 22:00:00,0.8,0.0,0.0
2015-03-26 23:00:00,0.52,0.0,0.0
2015-03-27 00:00:00,0.16,0.0,0.0
2015-03-27 01:00:00,0.16,0.0,0.0
2015-03-27 02:00:00,0.21,0.0,0.0
2015-03-27 03:00:00,0.03,0.0,0.0
2015-03-27 04:00:00,0.0,0.0,0.0
2015-03-27 05:00:00,0.06,0.0,0.12194444444444444
2015-03-27 06:00:00,0.0,103.06686,1.0
2015-03-27 07:00:00,0.0,341.60208,1.0
2015-03-27 08:00:00,0.0,574.94073,1.0
2015-03-27 09:00:00,0.0,770.39435,1.0
2015-03-27 10:00:00,0.0,906.9803,1.0
2015-03-27 11:00:00,0.0,973.20905,1.0
2015-03-27 12:00:00,0.0,960.47296,1.0
2015-03-27 13:00:00,0.0,834.5711,1.0
2015-03-27 14:00:00,0.22,699.9267,1.0
2015-03-27 15:00:00,0.27,537.2625,1.0
2015-03-27 16:00:00,0.31,323.98535,1.0
2015-03-27 17:00:00,0.37,100.99745,1.0
2015-03-27 18:00:00,0.18,2.9832883,0.32083333333333336
2015-03-27 19:00:00,0.15,0.0,0.0
2015-03-27 20:00:00,0.16,0.0,0.0
2015-03-27 21:00:00,0.02,0.0,0.0
2015-03-27 22:00:00,0.0,0.0,0.0
2015-03-27 23:00:00,0.0,0.0,0.0
2015-03-28 00:00:00,0.0,0.0,0.0
2015-03-28 01:00:00,0.0,0.0,0.0
2015-03-28 02:00:00,0.0,0.0,0.0
2015-03-28 03:00:00,0.0,0.0,0.0
2015-03-28 04:00:00,0.0,0.0,0.0
2015-03-28 05:00:00,0.0,0.0,0.14888888888888888
2015-03-28 06:00:00,0.0,111.80175,1.0
2015-03-28 07:00:00,0.0,352.27307,1.0
2015-03-28 08:00:00,0.0,588.0118,1.0
2015-03-28 09:00:00,0.0,784.41,1.0
2015-03-28 10:00:00,0.0,922.85767,1.0
2015-03-28 11:00:00,0.0,987.8754,1.0
2015-03-28 12:00:00,0.0,981.46643,1.0
2015-03-28 13:00:00,0.02,900.01807,1.0
2015-03-28 14:00:00,0.0,755.29596,1.0
2015-03-28 15:00:00,0.02,564.58997,1.0
2015-03-28 16:00:00,0.0,328.98648,1.0
2015-03-28 17:00:00,0.08,104.399345,1.0
2015-03-28 18:00:00,0.07,1.9908847,0.3377777777777778
2015-03-28 19:00:00,0.02,0.0,0.0
2015-03-28 20:00:00,0.18,0.0,0.0
2015-03-28 21:00:00,0.14,0.0,0.0
2015-03-28 22:00:00,0.02,0.0,0.0
2015-03-28 23:00:00,0.0,0.0,0.0
2015-03-29 00:00:00,0.0,0.0,0.0
2015-03-29 01:00:00,0.0,0.0,0.0
2015-03-29 02:00:00,0.0,0.0,0.0
2015-03-29 03:00:00,0.0,0.0,0.0
2015-03-29 04:00:00,0.0,0.0,0.0
2015-03-29 05:00:00,0.0,0.0,0.1761111111111111
2015-03-29 06:00:00,0.0,117.22614,1.0
2015-03-29 07:00:00,0.0,355.78296,1.0
2015-03-29 08:00:00,0.0,591.07794,1.0
2015-03-29 09:00:00,0.0,789.6846,1.0
2015-03-29 10:00:00,0.0,927.06494,1.0
2015-03-29 11:00:00,0.0,996.3966,1.0
2015-03-29 12:00:00,0.0,991.01935,1.0
2015-03-29 13:00:00,0.01,903.96643,1.0
2015-03-29 14:00:00,0.0,766.0979,1.0
2015-03-29 15:00:00,0.02,566.52423,1.0
2015-03-29 16:00:00,0.01,333.98184,1.0
2015-03-29 17:00:00,0.0,106.507866,1.0
2015-03-29 18:00:00,0.0,2.9848075,0.35444444444444445
2015-03-29 19:00:00,0.0,0.0,0.0
2015-03-29 20:00:00,0.0,0.0,0.0
2015-03-29 21:00:00,0.0,0.0,0.0
2015-03-29 22:00:00,0.01,0.0,0.0
2015-03-29 23:00:00,0.08,0.0,0.0
2015-03-30 00:00:00,0.07,0.0,0.0
2015-03-30 01:00:00,0.03,0.0,0.0
2015-03-30 02:00:00,0.0,0.0,0.0
2015-03-30 03:00:00,0.0,0.0,0.0
2015-03-30 04:00:00,0.0,0.0,0.0
2015-03-30 05:00:00,0.01,0.0,0.20305555555555554
2015-03-30 06:00:00,0.05,122.56469,1.0
2015-03-30 07:00:00,0.23,362.9202,1.0
2015-03-30 08:00:00,0.43,596.8439,1.0
2015-03-30 09:00:00,0.63,737.08075,1.0
2015-03-30 10:00:00,0.46,931.40656,1.0
2015-03-30 11:00:00,0.4,996.22235,1.0
2015-03-30 12:00:00,0.31,960.39777,1.0
2015-03-30 13:00:00,0.3,895.871,1.0
2015-03-30 14:00:00,0.41,708.84576,1.0
2015-03-30 15:00:00,0.13,489.17877,1.0
2015-03-30 16:00:00,0.2,304.93137,1.0
2015-03-30 17:00:00,0.2,106.822334,1.0
2015-03-30 18:00:00,0.02,2.9848075,0.3711111111111111
2015-03-30 19:00:00,0.0,0.0,0.0
2015-03-30 20:00:00,0.0,0.0,0.0
2015-03-30 21:00:00,0.0,0.0,0.0
2015-03-30 22:00:00,0.0,0.0,0.0
2015-03-30 23:00:00,0.0,0.0,0.0
2015-03-31 00:00:00,0.0,0.0,0.0
2015-03-31 01:00:00,0.0,0.0,0.0
2015-03-31 02:00:00,0.0,0.0,0.0
2015-03-31 03:00:00,0.0,0.0,0.0
2015-03-31 04:00:00,0.0,0.0,0.0
2015-03-31 05:00:00,0.0,0.0,0.23027777777777778
2015-03-31 06:00:00,0.0,126.82977,1.0
2015-03-31 07:00:00,0.0,368.38483,1.0
2015-03-31 08:00:00,0.0,604.4053,1.0
2015-03-31 09:00:00,0.0,799.3811,1.0
2015-03-31 10:00:00,0.0,937.5948,1.0
2015-03-31 11:00:00,0.21,1005.83307,1.0
2015-03-31 12:00:00,0.53,983.83185,1.0
2015-03-31 13:00:00,0.55,844.72174,1.0
2015-03-31 14:00:00,0.54,743.1033,1.0
2015-03-31 15:00:00,0.31,542.78046,1.0
2015-03-31 16:00:00,0.66,314.97116,1.0
2015-03-31 17:00:00,0.69,104.78363,1.0
2015-03-31 18:00:00,0.53,3.978731,0.3877777777777778
2015-03-31 19:00:00,0.63,0.0,0.0
2015-03-31 20:00:00,0.79,0.0,0.0
2015-03-31 21:00:00,0.29,0.0,0.0
2015-03-31 22:00:00,0.02,0.0,0.0
2015-03-31 23:00:00,0.0,0.0,0.0
2015-04-01 00:00:00,0.0,0.0,0.0
2015-04-01 01:00:00,0.02,0.0,0.0
2015-04-01 02:00:00,0.02,0.0,0.0
2015-04-01 03:00:00,0.58,0.0,0.0
2015-04-01 04:00:00,0.84,0.0,0.0
2015-04-01 05:00:00,0.78,0.0,0.25722222222222224
2015-04-01 06:00:00,0.82,105.89833,1.0
2015-04-01 07:00:00,0.66,293.3781,1.0
2015-04-01 08:00:00,0.47,552.3775,1.0
2015-04-01 09:00:00,0.13,775.9418,1.0
2015-04-01 10:00:00,0.35,723.33746,1.0
2015-04-01 11:00:00,0.62,857.9751,1.0
2015-04-01 12:00:00,0.48,714.8966,1.0
2015-04-01 13:00:00,0.4,683.4273,1.0
2015-04-01 14:00:00,0.8,614.34357,1.0
2015-04-01 15:00:00,0.83,379.55557,1.0
2015-04-01 16:00:00,0.99,179.42026,1.0
2015-04-01 17:00:00,0.94,91.33125,1.0
2015-04-01 18:00:00,0.13,3.978731,0.40444444444444444
2015-04-01 19:00:00,0.0,0.0,0.0
2015-04-01 20:00:00,0.0,0.0,0.0
2015-04-01 21:00:00,0.43,0.0,0.0
2015-04-01 22:00:00,0.73,0.0,0.0
2015-04-01 23:00:00,0.91,0.0,0.0
2015-04-02 00:00:00,0.95,0.0,0.0
2015-04-02 01:00:00,0.95,0.0,0.0
2015-04-02 02:00:00,1.0,0.0,0.0
2015-04-02 03:00:00,1.0,0.0,0.0
2015-04-02 04:00:00,1.0,0.0,0.0
2015-04-02 05:00:00,0.99,0.99392307,0.2841666666666667
2015-04-02 06:00:00,1.0,60.159893,1.0
2015-04-02 07:00:00,1.0,156.07683,1.0
2015-04-02 08:00:00,1.0,209.55923,1.0
2015-04-02 09:00:00,0.99,364.68326,1.0
2015-04-02 10:00:00,0.94,729.8497,1.0
2015-04-02 11:00:00,0.76,719.1268,1.0
2015-04-02 12:00:00,0.95,362.55743,1.0
2015-04-02 13:00:00,0.95,280.5672,1.0
2015-04-02 14:00:00,0.93,263.74847,1.0
2015-04-02 15:00:00,0.64,364.4618,1.0
2015-04-02 16:00:00,0.84,191.25365,1.0
2015-04-02 17:00:00,0.85,66.75297,1.0
2015-04-02 18:00:00,0.92,3.9772115,0.4211111111111111
2015-04-02 19:00:00,0.97,0.0,0.0
2015-04-02 20:00:00,1.0,0.0,0.0
2015-04-02 21:00:00,1.0,0.0,0.0
2015-04-02 22:00:00,1.0,0.0,0.0
2015-04-02 23:00:00,1.0,0.0,0.0
2015-04-03 00:00:00,0.99,0.0,0.0
2015-04-03 01:00:00,0.96,0.0,0.0
2015-04-03 02:00:00,0.97,0.0,0.0
2015-04-03 03:00:00,0.98,0.0,0.0
2015-04-03 04:00:00,0.99,0.0,0.0
2015-04-03 05:00:00,0.98,1.9878461,0.31083333333333335
2015-04-03 06:00:00,0.87,119.62439,1.0
2015-04-03 07:00:00,0.53,370.41513,1.0
2015-04-03 08:00:00,0.36,615.7534,1.0
2015-04-03 09:00:00,0.3,787.32904,1.0
2015-04-03 10:00:00,0.14,851.9893,1.0
2015-04-03 11:00:00,0.34,979.9073,1.0
2015-04-03 12:00:00,0.36,951.859,1.0
2015-04-03 13:00:00,0.04,902.76666,1.0
2015-04-03 14:00:00,0.02,794.341,1.0
2015-04-03 15:00:00,0.0,604.6302,1.0
2015-04-03 16:00:00,0.0,367.97226,1.0
2015-04-03 17:00:00,0.0,128.703,1.0
2015-04-03 18:00:00,0.0,4.9756923,0.43777777777777777
2015-04-03 19:00:00,0.0,0.0,0.0
2015-04-03 20:00:00,0.0,0.0,0.0
2015-04-03 21:00:00,0.0,0.0,0.0
2015-04-03 22:00:00,0.0,0.0,0.0
2015-04-03 23:00:00,0.0,0.0,0.0
2015-04-04 00:00:00,0.0,0.0,0.0
2015-04-04 01:00:00,0.0,0.0,0.0
2015-04-04 02:00:00,0.0,0.0,0.0
2015-04-04 03:00:00,0.0,0.0,0.0
2015-04-04 04:00:00,0.0,0.0,0.0
2015-04-04 05:00:00,0.0,4.611012,0.3372222222222222
2015-04-04 06:00:00,0.0,158.39334,1.0
2015-04-04 07:00:00,0.0,411.79727,1.0
2015-04-04 08:00:00,0.0,653.0834,1.0
2015-04-04 09:00:00,0.0,850.54083,1.0
2015-04-04 10:00:00,0.0,988.22125,1.0
2015-04-04 11:00:00,0.0,1050.7562,1.0
2015-04-04 12:00:00,0.0,1039.6418,1.0
2015-04-04 13:00:00,0.0,955.47186,1.0
2015-04-04 14:00:00,0.0,805.13214,1.0
2015-04-04 15:00:00,0.0,602.5847,1.0
2015-04-04 16:00:00,0.01,365.12985,1.0
2015-04-04 17:00:00,0.14,128.3133,1.0
2015-04-04 18:00:00,0.18,4.9756923,0.45444444444444443
2015-04-04 19:00:00,0.01,0.0,0.0
2015-04-04 20:00:00,0.0,0.0,0.0
2015-04-04 21:00:00,0.0,0.0,0.0
2015-04-04 22:00:00,0.0,0.0,0.0
2015-04-04 23:00:00,0.0,0.0,0.0
2015-04-05 00:00:00,0.0,0.0,0.0
2015-04-05 01:00:00,0.0,0.0,0.0
2015-04-05 02:00:00,0.0,0.0,0.0
2015-04-05 03:00:00,0.0,0.0,0.0
2015-04-05 04:00:00,0.0,0.0,0.0
2015-04-05 05:00:00,0.0,5.131194,0.3636111111111111
2015-04-05 06:00:00,0.0,156.32831,1.0
2015-04-05 07:00:00,0.0,403.80396,1.0
2015-04-05 08:00:00,0.0,639.8318,1.0
2015-04-05 09:00:00,0.0,834.10547,1.0
2015-04-05 10:00:00,0.0,969.7888,1.0
2015-04-05 11:00:00,0.0,1032.3593,1.0
2015-04-05 12:00:00,0.0,1022.7187,1.0
2015-04-05 13:00:00,0.36,925.2599,1.0
2015-04-05 14:00:00,0.02,688.02826,1.0
2015-04-05 15:00:00,0.38,599.72864,1.0
2015-04-05 16:00:00,0.26,362.426,1.0
2015-04-05 17:00:00,0.0,128.18474,1.0
2015-04-05 18:00:00,0.0,4.977212,0.4711111111111111
2015-04-05 19:00:00,0.0,0.0,0.0
2015-04-05 20:00:00,0.0,0.0,0.0
2015-04-05 21:00:00,0.02,0.0,0.0
2015-04-05 22:00:00,0.01,0.0,0.0
2015-04-05 23:00:00,0.0,0.0,0.0
2015-04-06 00:00:00,0.0,0.0,0.0
2015-04-06 01:00:00,0.0,0.0,0.0
2015-04-06 02:00:00,0.0,0.0,0.0
2015-04-06 03:00:00,0.0,0.0,0.0
2015-04-06 04:00:00,0.0,0.0,0.0
2015-04-06 05:00:00,0.0,6.0226707,0.38972222222222225
2015-04-06 06:00:00,0.0,162.813,1.0
2015-04-06 07:00:00,0.0,413.67468,1.0
2015-04-06 08:00:00,0.0,650.43396,1.0
2015-04-06 09:00:00,0.0,845.5917,1.0
2015-04-06 10:00:00,0.0,977.86127,1.0
2015-04-06 11:00:00,0.0,1038.0967,1.0
2015-04-06 12:00:00,0.0,1025.9775,1.0
2015-04-06 13:00:00,0.2,916.94135,1.0
2015-04-06 14:00:00,0.49,570.35364,1.0
2015-04-06 15:00:00,0.83,586.1195,1.0
2015-04-06 16:00:00,0.67,349.80255,1.0
2015-04-06 17:00:00,0.72,128.8001,1.0
2015-04-06 18:00:00,0.28,4.978731,0.48777777777777775
2015-04-06 19:00:00,0.15,0.0,0.0
2015-04-06 20:00:00,0.2,0.0,0.0
2015-04-06 21:00:00,0.63,0.0,0.0
2015-04-06 22:00:00,0.14,0.0,0.0
2015-04-06 23:00:00,0.0,0.0,0.0
2015-04-07 00:00:00,0.0,0.0,0.0
2015-04-07 01:00:00,0.0,0.0,0.0
2015-04-07 02:00:00,0.0,0.0,0.0
2015-04-07 03:00:00,0.05,0.0,0.0
2015-04-07 04:00:00,0.17,0.0,0.0
2015-04-07 05:00:00,0.37,5.93083,0.41583333333333333
2015-04-07 06:00:00,0.56,90.62435,1.0
2015-04-07 07:00:00,0.62,226.64973,1.0
2015-04-07 08:00:00,0.62,258.85748,1.0
2015-04-07 09:00:00,0.63,459.24603,1.0
2015-04-07 10:00:00,0.64,587.1864,1.0
2015-04-07 11:00:00,0.62,855.04047,1.0
2015-04-07 12:00:00,0.37,887.31,1.0
2015-04-07 13:00:00,0.06,852.7116,1.0
2015-04-07 14:00:00,0.52,753.53894,1.0
2015-04-07 15:00:00,0.25,524.0007,1.0
2015-04-07 16:00:00,0.64,284.85825,1.0
2015-04-07 17:00:00,0.47,129.42357,1.0
2015-04-07 18:00:00,0.53,5.972654,0.5044444444444445
2015-04-07 19:00:00,0.5,0.0,0.0
2015-04-07 20:00:00,0.64,0.0,0.0
2015-04-07 21:00:00,0.54,0.0,0.0
2015-04-07 22:00:00,0.16,0.0,0.0
2015-04-07 23:00:00,0.0,0.0,0.0
2015-04-08 00:00:00,0.0,0.0,0.0
2015-04-08 01:00:00,0.01,0.0,0.0
2015-04-08 02:00:00,0.14,0.0,0.0
2015-04-08 03:00:00,0.64,0.0,0.0
2015-04-08 04:00:00,0.65,0.0,0.0
2015-04-08 05:00:00,0.65,4.854121,0.4413888888888889
2015-04-08 06:00:00,0.62,85.4252,1.0
2015-04-08 07:00:00,0.62,210.24518,1.0
2015-04-08 08:00:00,0.62,316.02515,1.0
2015-04-08 09:00:00,0.63,553.4351,1.0
2015-04-08 10:00:00,0.6,809.65594,1.0
2015-04-08 11:00:00,0.33,881.5912,1.0
2015-04-08 12:00:00,0.61,865.4701,1.0
2015-04-08 13:00:00,0.48,800.1394,1.0
2015-04-08 14:00:00,0.4,660.1247,1.0
2015-04-08 15:00:00,0.65,455.29898,1.0
2015-04-08 16:00:00,0.76,289.92908,1.0
2015-04-08 17:00:00,0.59,102.04023,1.0
2015-04-08 18:00:00,0.76,6.979249,0.5211111111111111
2015-04-08 19:00:00,0.97,0.0,0.0
2015-04-08 20:00:00,0.9,0.0,0.0
2015-04-08 21:00:00,0.52,0.0,0.0
2015-04-08 22:00:00,0.08,0.0,0.0
2015-04-08 23:00:00,0.07,0.0,0.0
2015-04-09 00:00:00,0.45,0.0,0.0
2015-04-09 01:00:00,0.53,0.0,0.0
2015-04-09 02:00:00,0.41,0.0,0.0
2015-04-09 03:00:00,0.84,0.0,0.0
2015-04-09 04:00:00,0.62,0.0,0.0
2015-04-09 05:00:00,0.56,7.761026,0.4666666666666667
2015-04-09 06:00:00,0.52,139.78021,1.0
2015-04-09 07:00:00,0.7,335.49945,1.0
2015-04-09 08:00:00,0.74,547.0746,1.0
2015-04-09 09:00:00,0.85,686.4642,1.0
2015-04-09 10:00:00,0.91,761.9681,1.0
2015-04-09 11:00:00,0.92,825.3108,1.0
2015-04-09 12:00:00,0.51,928.71014,1.0
2015-04-09 13:00:00,0.57,762.39996,1.0
2015-04-09 14:00:00,0.65,727.91187,1.0
2015-04-09 15:00:00,0.37,563.7341,1.0
2015-04-09 16:00:00,0.87,318.12094,1.0
2015-04-09 17:00:00,0.89,122.8035,1.0
2015-04-09 18:00:00,0.98,7.0248575,0.5377777777777778
2015-04-09 19:00:00,0.89,0.0,0.0
2015-04-09 20:00:00,0.75,0.0,0.0
2015-04-09 21:00:00,0.28,0.0,0.0
2015-04-09 22:00:00,0.63,0.0,0.0
2015-04-09 23:00:00,0.49,0.0,0.0
2015-04-10 00:00:00,0.52,0.0,0.0
2015-04-10 01:00:00,0.78,0.0,0.0
2015-04-10 02:00:00,0.92,0.0,0.0
2015-04-10 03:00:00,0.21,0.0,0.0
2015-04-10 04:00:00,0.15,0.0,0.0
2015-04-10 05:00:00,0.13,10.41616,0.49166666666666664
2015-04-10 06:00:00,0.0,171.07803,1.0
2015-04-10 07:00:00,0.16,413.3947,1.0
2015-04-10 08:00:00,0.33,640.4619,1.0
2015-04-10 09:00:00,0.38,828.182,1.0
2015-04-10 10:00:00,0.45,951.9162,1.0
2015-04-10 11:00:00,0.63,941.1155,1.0
2015-04-10 12:00:00,0.7,915.2038,1.0
2015-04-10 13:00:00,0.78,746.9389,1.0
2015-04-10 14:00:00,0.95,523.7602,1.0
2015-04-10 15:00:00,0.95,266.13556,1.0
2015-04-10 16:00:00,0.89,180.89606,1.0
2015-04-10 17:00:00,0.94,81.45547,1.0
2015-04-10 18:00:00,0.86,7.015829,0.5544444444444444
2015-04-10 19:00:00,0.11,0.0,0.0
2015-04-10 20:00:00,0.0,0.0,0.0
2015-04-10 21:00:00,0.0,0.0,0.0
2015-04-10 22:00:00,0.0,0.0,0.0
2015-04-10 23:00:00,0.02,0.0,0.0
2015-04-11 00:00:00,0.3,0.0,0.0
2015-04-11 01:00:00,0.59,0.0,0.0
2015-04-11 02:00:00,0.49,0.0,0.0
2015-04-11 03:00:00,0.36,0.0,0.0
2015-04-11 04:00:00,0.34,0.0,0.0
2015-04-11 05:00:00,0.75,11.284522,0.5166666666666667
2015-04-11 06:00:00,0.85,167.03368,1.0
2015-04-11 07:00:00,0.91,394.89087,1.0
2015-04-11 08:00:00,0.83,626.9913,1.0
2015-04-11 09:00:00,0.5,828.5594,1.0
2015-04-11 10:00:00,0.46,887.6106,1.0
2015-04-11 11:00:00,0.59,981.485,1.0
2015-04-11 12:00:00,0.58,943.88007,1.0
2015-04-11 13:00:00,0.77,786.1109,1.0
2015-04-11 14:00:00,0.91,664.0606,1.0
2015-04-11 15:00:00,0.66,487.56778,1.0
2015-04-11 16:00:00,0.71,272.2703,1.0
2015-04-11 17:00:00,0.64,116.57404,1.0
2015-04-11 18:00:00,0.64,8.152745,0.5711111111111111
2015-04-11 19:00:00,0.44,0.0,0.0
2015-04-11 20:00:00,0.13,0.0,0.0
2015-04-11 21:00:00,0.01,0.0,0.0
2015-04-11 22:00:00,0.0,0.0,0.0
2015-04-11 23:00:00,0.0,0.0,0.0
2015-04-12 00:00:00,0.0,0.0,0.0
2015-04-12 01:00:00,0.0,0.0,0.0
2015-04-12 02:00:00,0.0,0.0,0.0
2015-04-12 03:00:00,0.0,0.0,0.0
2015-04-12 04:00:00,0.0,0.0,0.0
2015-04-12 05:00:00,0.0,13.770765,0.5416666666666666
2015-04-12 06:00:00,0.0,183.2285,1.0
2015-04-12 07:00:00,0.0,428.09515,1.0
2015-04-12 08:00:00,0.0,655.88684,1.0
2015-04-12 09:00:00,0.0,831.9441,1.0
2015-04-12 10:00:00,0.16,924.68854,1.0
2015-04-12 11:00:00,0.56,824.1729,1.0
2015-04-12 12:00:00,0.51,900.05774,1.0
2015-04-12 13:00:00,0.47,837.6715,1.0
2015-04-12 14:00:00,0.27,715.1663,1.0
2015-04-12 15:00:00,0.24,603.77826,1.0
2015-04-12 16:00:00,0.0,376.00275,1.0
2015-04-12 17:00:00,0.0,140.79352,1.0
2015-04-12 18:00:00,0.0,7.263875,0.5877777777777777
2015-04-12 19:00:00,0.0,0.0,0.0
2015-04-12 20:00:00,0.0,0.0,0.0
2015-04-12 21:00:00,0.0,0.0,0.0
2015-04-12 22:00:00,0.0,0.0,0.0
2015-04-12 23:00:00,0.0,0.0,0.0
2015-04-13 00:00:00,0.0,0.0,0.0
2015-04-13 01:00:00,0.17,0.0,0.0
2015-04-13 02:00:00,0.27,0.0,0.0
2015-04-13 03:00:00,0.07,0.0,0.0
2015-04-13 04:00:00,0.0,0.0,0.0
2015-04-13 05:00:00,0.0,15.8774395,0.5669444444444445
2015-04-13 06:00:00,0.0,182.44156,1.0
2015-04-13 07:00:00,0.0,422.054,1.0
2015-04-13 08:00:00,0.0,652.4838,1.0
2015-04-13 09:00:00,0.0,843.5022,1.0
2015-04-13 10:00:00,0.0,964.48364,1.0
2015-04-13 11:00:00,0.01,1041.7515,1.0
2015-04-13 12:00:00,0.38,1020.5754,1.0
2015-04-13 13:00:00,0.5,906.42865,1.0
2015-04-13 14:00:00,0.46,762.243,1.0
2015-04-13 15:00:00,0.41,560.5062,1.0
2015-04-13 16:00:00,0.35,351.9974,1.0
2015-04-13 17:00:00,0.34,140.69937,1.0
2015-04-13 18:00:00,0.12,8.310428,0.6047222222222223
2015-04-13 19:00:00,0.14,0.0,0.0
2015-04-13 20:00:00,0.0,0.0,0.0
2015-04-13 21:00:00,0.0,0.0,0.0
2015-04-13 22:00:00,0.0,0.0,0.0
2015-04-13 23:00:00,0.0,0.0,0.0
2015-04-14 00:00:00,0.0,0.0,0.0
2015-04-14 01:00:00,0.0,0.0,0.0
2015-04-14 02:00:00,0.0,0.0,0.0
2015-04-14 03:00:00,0.0,0.0,0.0
2015-04-14 04:00:00,0.0,0.0,0.0
2015-04-14 05:00:00,0.0,16.951643,0.5916666666666667
2015-04-14 06:00:00,0.0,192.49898,1.0
2015-04-14 07:00:00,0.0,435.709,1.0
2015-04-14 08:00:00,0.0,665.87885,1.0
2015-04-14 09:00:00,0.0,855.89075,1.0
2015-04-14 10:00:00,0.1,986.8919,1.0
2015-04-14 11:00:00,0.66,1016.9477,1.0
2015-04-14 12:00:00,0.71,874.78033,1.0
2015-04-14 13:00:00,0.85,814.62946,1.0
2015-04-14 14:00:00,0.47,632.8652,1.0
2015-04-14 15:00:00,0.71,492.18332,1.0
2015-04-14 16:00:00,0.87,313.61597,1.0
2015-04-14 17:00:00,0.94,114.765205,1.0
2015-04-14 18:00:00,0.88,10.103101,0.6213888888888889
2015-04-14 19:00:00,0.91,0.0,0.0
2015-04-14 20:00:00,0.3,0.0,0.0
2015-04-14 21:00:00,0.0,0.0,0.0
2015-04-14 22:00:00,0.01,0.0,0.0
2015-04-14 23:00:00,0.02,0.0,0.0
2015-04-15 00:00:00,0.03,0.0,0.0
2015-04-15 01:00:00,0.07,0.0,0.0
2015-04-15 02:00:00,0.15,0.0,0.0
2015-04-15 03:00:00,0.19,0.0,0.0
2015-04-15 04:00:00,0.02,0.0,0.0
2015-04-15 05:00:00,0.09,17.759277,0.6166666666666667
2015-04-15 06:00:00,0.01,193.47325,1.0
2015-04-15 07:00:00,0.02,440.1599,1.0
2015-04-15 08:00:00,0.37,667.15393,1.0
2015-04-15 09:00:00,0.44,819.62036,1.0
2015-04-15 10:00:00,0.33,901.3661,1.0
2015-04-15 11:00:00,0.3,925.8434,1.0
2015-04-15 12:00:00,0.29,870.168,1.0
2015-04-15 13:00:00,0.62,739.8785,1.0
2015-04-15 14:00:00,0.66,577.5378,1.0
2015-04-15 15:00:00,0.75,425.66525,1.0
2015-04-15 16:00:00,0.69,261.02383,1.0
2015-04-15 17:00:00,0.73,98.06743,1.0
2015-04-15 18:00:00,0.87,7.095007,0.6380555555555556
2015-04-15 19:00:00,0.77,0.0,0.0
2015-04-15 20:00:00,0.73,0.0,0.0
2015-04-15 21:00:00,0.58,0.0,0.0
2015-04-15 22:00:00,0.87,0.0,0.0
2015-04-15 23:00:00,0.93,0.0,0.0
2015-04-16 00:00:00,0.96,0.0,0.0
2015-04-16 01:00:00,0.99,0.0,0.0
2015-04-16 02:00:00,0.99,0.0,0.0
2015-04-16 03:00:00,0.98,0.0,0.0
2015-04-16 04:00:00,0.98,0.0,0.0
2015-04-16 05:00:00,1.0,4.9696155,0.6413888888888889
2015-04-16 06:00:00,0.99,51.842163,1.0
2015-04-16 07:00:00,1.0,105.883766,1.0
2015-04-16 08:00:00,0.96,194.71837,1.0
2015-04-16 09:00:00,1.0,343.20856,1.0
2015-04-16 10:00:00,1.0,385.42816,1.0
2015-04-16 11:00:00,0.93,605.36285,1.0
2015-04-16 12:00:00,0.78,567.95074,1.0
2015-04-16 13:00:00,0.87,541.3324,1.0
2015-04-16 14:00:00,0.93,437.5134,1.0
2015-04-16 15:00:00,0.97,285.50903,1.0
2015-04-16 16:00:00,1.0,193.0543,1.0
2015-04-16 17:00:00,0.99,60.573734,1.0
2015-04-16 18:00:00,1.0,4.9696155,0.655
2015-04-16 19:00:00,0.99,0.0,0.0
2015-04-16 20:00:00,0.91,0.0,0.0
2015-04-16 21:00:00,0.97,0.0,0.0
2015-04-16 22:00:00,0.99,0.0,0.0
2015-04-16 23:00:00,0.99,0.0,0.0
2015-04-17 00:00:00,0.96,0.0,0.0
2015-04-17 01:00:00,1.0,0.0,0.0
2015-04-17 02:00:00,0.99,0.0,0.0
2015-04-17 03:00:00,1.0,0.0,0.0
2015-04-17 04:00:00,1.0,0.0,0.0
2015-04-17 05:00:00,0.99,6.1535788,0.6661111111111111
2015-04-17 06:00:00,1.0,46.02269,1.0
2015-04-17 07:00:00,1.0,147.45497,1.0
2015-04-17 08:00:00,1.0,216.05357,1.0
2015-04-17 09:00:00,1.0,242.89627,1.0
2015-04-17 10:00:00,1.0,350.85486,1.0
2015-04-17 11:00:00,1.0,533.88385,1.0
2015-04-17 12:00:00,0.97,744.65643,1.0
2015-04-17 13:00:00,0.91,701.6286,1.0
2015-04-17 14:00:00,0.91,704.5569,1.0
2015-04-17 15:00:00,0.28,574.1913,1.0
2015-04-17 16:00:00,0.11,381.46487,1.0
2015-04-17 17:00:00,0.28,164.2886,1.0
2015-04-17 18:00:00,0.52,13.582939,0.6719444444444445
2015-04-17 19:00:00,0.81,0.0,0.0
2015-04-17 20:00:00,1.0,0.0,0.0
2015-04-17 21:00:00,1.0,0.0,0.0
2015-04-17 22:00:00,0.86,0.0,0.0
2015-04-17 23:00:00,0.7,0.0,0.0
2015-04-18 00:00:00,0.89,0.0,0.0
2015-04-18 01:00:00,0.92,0.0,0.0
2015-04-18 02:00:00,0.88,0.0,0.0
2015-04-18 03:00:00,0.86,0.0,0.0
2015-04-18 04:00:00,0.98,0.0,0.0
2015-04-18 05:00:00,0.98,16.586926,0.6905555555555556
2015-04-18 06:00:00,0.93,138.81741,1.0
2015-04-18 07:00:00,0.71,330.3567,1.0
2015-04-18 08:00:00,0.62,618.55835,1.0
2015-04-18 09:00:00,0.46,840.4576,1.0
2015-04-18 10:00:00,0.45,950.0014,1.0
2015-04-18 11:00:00,0.46,913.666,1.0
2015-04-18 12:00:00,0.42,979.57324,1.0
2015-04-18 13:00:00,0.36,912.6559,1.0
2015-04-18 14:00:00,0.43,752.34406,1.0
2015-04-18 15:00:00,0.58,541.7296,1.0
2015-04-18 16:00:00,0.5,360.29556,1.0
2015-04-18 17:00:00,0.44,137.48425,1.0
2015-04-18 18:00:00,0.54,14.332279,0.6886111111111111
2015-04-18 19:00:00,0.64,0.0,0.0
2015-04-18 20:00:00,0.62,0.0,0.0
2015-04-18 21:00:00,0.63,0.0,0.0
2015-04-18 22:00:00,0.62,0.0,0.0
2015-04-18 23:00:00,0.7,0.0,0.0
2015-04-19 00:00:00,0.85,0.0,0.0
2015-04-19 01:00:00,0.84,0.0,0.0
2015-04-19 02:00:00,0.97,0.0,0.0
2015-04-19 03:00:00,0.98,0.0,0.0
2015-04-19 04:00:00,0.74,0.0,0.0
2015-04-19 05:00:00,0.64,23.398512,0.715
2015-04-19 06:00:00,0.58,191.38191,1.0
2015-04-19 07:00:00,0.7,409.57544,1.0
2015-04-19 08:00:00,0.73,672.29926,1.0
2015-04-19 09:00:00,0.89,735.43665,1.0
2015-04-19 10:00:00,0.98,769.4545,1.0
2015-04-19 11:00:00,0.94,760.2478,1.0
2015-04-19 12:00:00,0.81,831.79364,1.0
2015-04-19 13:00:00,0.86,921.5916,1.0
2015-04-19 14:00:00,0.81,743.259,1.0
2015-04-19 15:00:00,0.76,524.2954,1.0
2015-04-19 16:00:00,0.89,338.83658,1.0
2015-04-19 17:00:00,0.72,139.69061,1.0
2015-04-19 18:00:00,0.46,14.298725,0.7055555555555556
2015-04-19 19:00:00,0.41,0.0,0.0
2015-04-19 20:00:00,0.38,0.0,0.0
2015-04-19 21:00:00,0.1,0.0,0.0
2015-04-19 22:00:00,0.18,0.0,0.0
2015-04-19 23:00:00,0.77,0.0,0.0
2015-04-20 00:00:00,0.96,0.0,0.0
2015-04-20 01:00:00,0.79,0.0,0.0
2015-04-20 02:00:00,0.92,0.0,0.0
2015-04-20 03:00:00,0.87,0.0,0.0
2015-04-20 04:00:00,0.85,0.0,0.0
2015-04-20 05:00:00,0.56,22.958227,0.7388888888888889
2015-04-20 06:00:00,0.18,195.66959,1.0
2015-04-20 07:00:00,0.14,439.37103,1.0
2015-04-20 08:00:00,0.22,661.5542,1.0
2015-04-20 09:00:00,0.27,846.0044,1.0
2015-04-20 10:00:00,0.34,932.8361,1.0
2015-04-20 11:00:00,0.69,918.17584,1.0
2015-04-20 12:00:00,0.69,1002.73175,1.0
2015-04-20 13:00:00,0.79,844.51624,1.0
2015-04-20 14:00:00,0.77,758.778,1.0
2015-04-20 15:00:00,0.56,531.57837,1.0
2015-04-20 16:00:00,0.58,319.8134,1.0
2015-04-20 17:00:00,0.57,142.89551,1.0
2015-04-20 18:00:00,0.41,13.5348015,0.7222222222222222
2015-04-20 19:00:00,0.13,0.0,0.0
2015-04-20 20:00:00,0.08,0.0,0.0
2015-04-20 21:00:00,0.09,0.0,0.0
2015-04-20 22:00:00,0.04,0.0,0.0
2015-04-20 23:00:00,0.13,0.0,0.0
2015-04-21 00:00:00,0.17,0.0,0.0
2015-04-21 01:00:00,0.12,0.0,0.0
2015-04-21 02:00:00,0.02,0.0,0.0
2015-04-21 03:00:00,0.06,0.0,0.0
2015-04-21 04:00:00,0.01,0.0,0.0
2015-04-21 05:00:00,0.01,30.87664,0.7627777777777778
2015-04-21 06:00:00,0.0,223.05072,1.0
2015-04-21 07:00:00,0.0,462.78003,1.0
2015-04-21 08:00:00,0.0,689.95593,1.0
2015-04-21 09:00:00,0.0,870.88104,1.0
2015-04-21 10:00:00,0.15,957.8935,1.0
2015-04-21 11:00:00,0.35,1031.1785,1.0
2015-04-21 12:00:00,0.24,974.2387,1.0
2015-04-21 13:00:00,0.35,870.4336,1.0
2015-04-21 14:00:00,0.57,716.3585,1.0
2015-04-21 15:00:00,0.84,541.0033,1.0
2015-04-21 16:00:00,0.83,316.5024,1.0
2015-04-21 17:00:00,0.83,137.49039,1.0
2015-04-21 18:00:00,0.7,17.2585,0.7391666666666666
2015-04-21 19:00:00,0.67,0.0,0.0
2015-04-21 20:00:00,0.72,0.0,0.0
2015-04-21 21:00:00,0.8,0.0,0.0
2015-04-21 22:00:00,0.83,0.0,0.0
2015-04-21 23:00:00,0.69,0.0,0.0
2015-04-22 00:00:00,0.54,0.0,0.0
2015-04-22 01:00:00,0.06,0.0,0.0
2015-04-22 02:00:00,0.05,0.0,0.0
2015-04-22 03:00:00,0.16,0.0,0.0
2015-04-22 04:00:00,0.15,0.0,0.0
2015-04-22 05:00:00,0.13,32.71848,0.7863888888888889
2015-04-22 06:00:00,0.03,223.31822,1.0
2015-04-22 07:00:00,0.0,463.1872,1.0
2015-04-22 08:00:00,0.0,687.7899,1.0
2015-04-22 09:00:00,0.0,863.41095,1.0
2015-04-22 10:00:00,0.16,968.8716,1.0
2015-04-22 11:00:00,0.54,912.8831,1.0
2015-04-22 12:00:00,0.66,916.6628,1.0
2015-04-22 13:00:00,0.74,739.3544,1.0
2015-04-22 14:00:00,0.81,702.9521,1.0
2015-04-22 15:00:00,0.81,538.44916,1.0
2015-04-22 16:00:00,0.8,325.0185,1.0
2015-04-22 17:00:00,0.99,121.20176,1.0
2015-04-22 18:00:00,0.98,15.061717,0.7558333333333334
2015-04-22 19:00:00,0.98,0.0,0.0
2015-04-22 20:00:00,0.97,0.0,0.0
2015-04-22 21:00:00,0.98,0.0,0.0
2015-04-22 22:00:00,0.99,0.0,0.0
2015-04-22 23:00:00,0.97,0.0,0.0
2015-04-23 00:00:00,0.96,0.0,0.0
2015-04-23 01:00:00,0.75,0.0,0.0
2015-04-23 02:00:00,0.37,0.0,0.0
2015-04-23 03:00:00,0.07,0.0,0.0
2015-04-23 04:00:00,0.01,0.0,0.0
2015-04-23 05:00:00,0.11,35.54073,0.8097222222222222
2015-04-23 06:00:00,0.16,230.80206,1.0
2015-04-23 07:00:00,0.33,466.18924,1.0
2015-04-23 08:00:00,0.25,681.8914,1.0
2015-04-23 09:00:00,0.41,879.5485,1.0
2015-04-23 10:00:00,0.59,972.68066,1.0
2015-04-23 11:00:00,0.51,889.2448,1.0
2015-04-23 12:00:00,0.66,862.7592,1.0
2015-04-23 13:00:00,0.71,734.1332,1.0
2015-04-23 14:00:00,0.84,581.11194,1.0
2015-04-23 15:00:00,0.95,533.76654,1.0
2015-04-23 16:00:00,0.94,277.57645,1.0
2015-04-23 17:00:00,0.95,118.479095,1.0
2015-04-23 18:00:00,0.9,16.30496,0.7727777777777778
2015-04-23 19:00:00,0.96,0.0,0.0
2015-04-23 20:00:00,0.96,0.0,0.0
2015-04-23 21:00:00,0.93,0.0,0.0
2015-04-23 22:00:00,0.96,0.0,0.0
2015-04-23 23:00:00,0.91,0.0,0.0
2015-04-24 00:00:00,0.85,0.0,0.0
2015-04-24 01:00:00,0.8,0.0,0.0
2015-04-24 02:00:00,0.7,0.0,0.0
2015-04-24 03:00:00,0.44,0.0,0.0
2015-04-24 04:00:00,0.43,0.0,0.0
2015-04-24 05:00:00,0.35,37.356716,0.8327777777777777
2015-04-24 06:00:00,0.57,227.25069,1.0
2015-04-24 07:00:00,0.45,446.1396,1.0
2015-04-24 08:00:00,0.31,675.2161,1.0
2015-04-24 09:00:00,0.5,849.3246,1.0
2015-04-24 10:00:00,0.62,969.77344,1.0
2015-04-24 11:00:00,0.76,948.69147,1.0
2015-04-24 12:00:00,0.79,836.6197,1.0
2015-04-24 13:00:00,0.91,714.43915,1.0
2015-04-24 14:00:00,0.93,584.6342,1.0
2015-04-24 15:00:00,0.94,425.71344,1.0
2015-04-24 16:00:00,0.94,236.43843,1.0
2015-04-24 17:00:00,0.92,111.853745,1.0
2015-04-24 18:00:00,0.74,22.203884,0.7894444444444444
2015-04-24 19:00:00,0.69,0.0,0.0
2015-04-24 20:00:00,0.76,0.0,0.0
2015-04-24 21:00:00,0.71,0.0,0.0
2015-04-24 22:00:00,0.74,0.0,0.0
2015-04-24 23:00:00,0.51,0.0,0.0
2015-04-25 00:00:00,0.17,0.0,0.0
2015-04-25 01:00:00,0.02,0.0,0.0
2015-04-25 02:00:00,0.0,0.0,0.0
2015-04-25 03:00:00,0.0,0.0,0.0
2015-04-25 04:00:00,0.0,0.0,0.0
2015-04-25 05:00:00,0.0,40.288017,0.8552777777777778
2015-04-25 06:00:00,0.6,236.84448,1.0
2015-04-25 07:00:00,0.02,465.46063,1.0
2015-04-25 08:00:00,0.66,659.465,1.0
2015-04-25 09:00:00,0.87,836.24054,1.0
2015-04-25 10:00:00,0.92,902.96826,1.0
2015-04-25 11:00:00,0.89,910.02747,1.0
2015-04-25 12:00:00,0.94,812.71576,1.0
2015-04-25 13:00:00,0.91,671.72266,1.0
2015-04-25 14:00:00,0.84,554.62256,1.0
2015-04-25 15:00:00,0.94,292.15222,1.0
2015-04-25 16:00:00,0.98,207.36493,1.0
2015-04-25 17:00:00,1.0,82.15505,1.0
2015-04-25 18:00:00,0.99,16.255932,0.8061111111111111
2015-04-25 19:00:00,0.96,0.0,0.0
2015-04-25 20:00:00,0.93,0.0,0.0
2015-04-25 21:00:00,0.95,0.0,0.0
2015-04-25 22:00:00,0.94,0.0,0.0
2015-04-25 23:00:00,0.97,0.0,0.0
2015-04-26 00:00:00,0.76,0.0,0.0
2015-04-26 01:00:00,0.78,0.0,0.0
2015-04-26 02:00:00,0.76,0.0,0.0
2015-04-26 03:00:00,0.81,0.0,0.0
2015-04-26 04:00:00,0.96,0.0,0.0
2015-04-26 05:00:00,0.98,16.229813,0.8777777777777778
2015-04-26 06:00:00,1.0,59.54907,1.0
2015-04-26 07:00:00,1.0,145.35088,1.0
2015-04-26 08:00:00,1.0,317.489,1.0
2015-04-26 09:00:00,1.0,390.28506,1.0
2015-04-26 10:00:00,1.0,348.02936,1.0
2015-04-26 11:00:00,1.0,144.36322,1.0
2015-04-26 12:00:00,1.0,193.16278,1.0
2015-04-26 13:00:00,1.0,227.22356,1.0
2015-04-26 14:00:00,1.0,193.97226,1.0
2015-04-26 15:00:00,1.0,163.50133,1.0
2015-04-26 16:00:00,1.0,142.06552,1.0
2015-04-26 17:00:00,1.0,63.745567,1.0
2015-04-26 18:00:00,1.0,9.129614,0.8230555555555555
2015-04-26 19:00:00,1.0,0.0,0.0
2015-04-26 20:00:00,1.0,0.0,0.0
2015-04-26 21:00:00,1.0,0.0,0.0
2015-04-26 22:00:00,1.0,0.0,0.0
2015-04-26 23:00:00,1.0,0.0,0.0
2015-04-27 00:00:00,1.0,0.0,0.0
2015-04-27 01:00:00,1.0,0.0,0.0
2015-04-27 02:00:00,1.0,0.0,0.0
2015-04-27 03:00:00,1.0,0.0,0.0
2015-04-27 04:00:00,1.0,0.0,0.0
2015-04-27 05:00:00,0.98,8.945308,0.8994444444444445
2015-04-27 06:00:00,0.82,63.26288,1.0
2015-04-27 07:00:00,0.99,136.01294,1.0
2015-04-27 08:00:00,1.0,258.76855,1.0
2015-04-27 09:00:00,0.93,269.9851,1.0
2015-04-27 10:00:00,0.98,423.7983,1.0
2015-04-27 11:00:00,0.97,368.49765,1.0
2015-04-27 12:00:00,0.93,406.06058,1.0
2015-04-27 13:00:00,0.93,474.82025,1.0
2015-04-27 14:00:00,0.92,545.9681,1.0
2015-04-27 15:00:00,0.93,386.16806,1.0
2015-04-27 16:00:00,0.92,215.10172,1.0
2015-04-27 17:00:00,0.98,89.33603,1.0
2015-04-27 18:00:00,0.9,11.317077,0.8394444444444444
2015-04-27 19:00:00,0.76,0.0,0.0
2015-04-27 20:00:00,0.73,0.0,0.0
2015-04-27 21:00:00,0.71,0.0,0.0
2015-04-27 22:00:00,0.96,0.0,0.0
2015-04-27 23:00:00,0.89,0.0,0.0
2015-04-28 00:00:00,0.92,0.0,0.0
2015-04-28 01:00:00,0.87,0.0,0.0
2015-04-28 02:00:00,0.82,0.0,0.0
2015-04-28 03:00:00,0.75,0.0,0.0
2015-04-28 04:00:00,0.68,0.0,0.0
2015-04-28 05:00:00,0.67,35.376587,0.9211111111111111
2015-04-28 06:00:00,0.6,203.61421,1.0
2015-04-28 07:00:00,0.26,393.95572,1.0
2015-04-28 08:00:00,0.57,591.0965,1.0
2015-04-28 09:00:00,0.63,817.755,1.0
2015-04-28 10:00:00,0.81,926.398,1.0
2015-04-28 11:00:00,0.87,799.8955,1.0
2015-04-28 12:00:00,0.72,929.9043,1.0
2015-04-28 13:00:00,0.76,864.4276,1.0
2015-04-28 14:00:00,0.81,680.1232,1.0
2015-04-28 15:00:00,0.09,552.84686,1.0
2015-04-28 16:00:00,0.23,391.76508,1.0
2015-04-28 17:00:00,0.13,170.27258,1.0
2015-04-28 18:00:00,0.02,20.185513,0.8561111111111112
2015-04-28 19:00:00,0.0,0.0,0.0
2015-04-28 20:00:00,0.0,0.0,0.0
2015-04-28 21:00:00,0.0,0.0,0.0
2015-04-28 22:00:00,0.0,0.0,0.0
2015-04-28 23:00:00,0.0,0.0,0.0
2015-04-29 00:00:00,0.0,0.0,0.0
2015-04-29 01:00:00,0.0,0.0,0.0
2015-04-29 02:00:00,0.0,0.0,0.0
2015-04-29 03:00:00,0.0,0.0,0.0
2015-04-29 04:00:00,0.0,0.0,0.0
2015-04-29 05:00:00,0.0,49.38278,0.9419444444444445
2015-04-29 06:00:00,0.0,251.4416,1.0
2015-04-29 07:00:00,0.0,490.0313,1.0
2015-04-29 08:00:00,0.0,710.6687,1.0
2015-04-29 09:00:00,0.0,890.13165,1.0
2015-04-29 10:00:00,0.05,1013.17053,1.0
2015-04-29 11:00:00,0.16,1073.0122,1.0
2015-04-29 12:00:00,0.11,1056.6525,1.0
2015-04-29 13:00:00,0.15,955.6979,1.0
2015-04-29 14:00:00,0.14,787.3247,1.0
2015-04-29 15:00:00,0.27,604.2227,1.0
2015-04-29 16:00:00,0.35,392.1848,1.0
2015-04-29 17:00:00,0.31,177.62566,1.0
2015-04-29 18:00:00,0.01,19.48559,0.8727777777777778
2015-04-29 19:00:00,0.0,0.0,0.0
2015-04-29 20:00:00,0.0,0.0,0.0
2015-04-29 21:00:00,0.0,0.0,0.0
2015-04-29 22:00:00,0.0,0.0,0.0
2015-04-29 23:00:00,0.0,0.0,0.0
2015-04-30 00:00:00,0.0,0.0,0.0
2015-04-30 01:00:00,0.0,0.0,0.0
2015-04-30 02:00:00,0.0,0.0,0.0
2015-04-30 03:00:00,0.0,0.0,0.0
2015-04-30 04:00:00,0.0,0.0,0.0
2015-04-30 05:00:00,0.0,51.096867,0.9625
2015-04-30 06:00:00,0.0,251.91167,1.0
2015-04-30 07:00:00,0.0,487.14227,1.0
2015-04-30 08:00:00,0.0,704.3123,1.0
2015-04-30 09:00:00,0.05,880.5855,1.0
2015-04-30 10:00:00,0.25,948.4961,1.0
2015-04-30 11:00:00,0.3,1022.4079,1.0
2015-04-30 12:00:00,0.46,974.33875,1.0
2015-04-30 13:00:00,0.51,859.76746,1.0
2015-04-30 14:00:00,0.49,717.3099,1.0
2015-04-30 15:00:00,0.71,507.86923,1.0
2015-04-30 16:00:00,0.83,313.67374,1.0
2015-04-30 17:00:00,0.96,134.72566,1.0
2015-04-30 18:00:00,0.96,18.721155,0.8891666666666667
2015-04-30 19:00:00,0.95,0.0,0.0
2015-04-30 20:00:00,0.94,0.0,0.0
2015-04-30 21:00:00,0.9,0.0,0.0
2015-04-30 22:00:00,0.85,0.0,0.0
2015-04-30 23:00:00,0.66,0.0,0.0
2015-05-01 00:00:00,0.42,0.0,0.0
2015-05-01 01:00:00,0.66,0.0,0.0
2015-05-01 02:00:00,0.74,0.0,0.0
2015-05-01 03:00:00,0.99,0.0,0.0
2015-05-01 04:00:00,0.99,0.0,0.0
2015-05-01 05:00:00,0.95,38.853775,0.9830555555555556
2015-05-01 06:00:00,0.86,160.91489,1.0
2015-05-01 07:00:00,0.61,314.29526,1.0
2015-05-01 08:00:00,0.3,487.47205,1.0
2015-05-01 09:00:00,0.44,515.4477,1.0
2015-05-01 10:00:00,0.64,755.01416,1.0
2015-05-01 11:00:00,0.55,812.1083,1.0
2015-05-01 12:00:00,0.72,834.0302,1.0
2015-05-01 13:00:00,0.79,451.63193,1.0
2015-05-01 14:00:00,0.87,462.85242,1.0
2015-05-01 15:00:00,0.87,260.9884,1.0
2015-05-01 16:00:00,0.7,156.5166,1.0
2015-05-01 17:00:00,0.79,112.90706,1.0
2015-05-01 18:00:00,0.75,18.229454,0.9058333333333334
2015-05-01 19:00:00,0.65,0.0,0.0
2015-05-01 20:00:00,0.73,0.0,0.0
2015-05-01 21:00:00,0.84,0.0,0.0
2015-05-01 22:00:00,0.74,0.0,0.0
2015-05-01 23:00:00,0.69,0.0,0.0
2015-05-02 00:00:00,0.65,0.0,0.0
2015-05-02 01:00:00,0.42,0.0,0.0
2015-05-02 02:00:00,0.4,0.0,0.0
2015-05-02 03:00:00,0.33,0.0,0.0
2015-05-02 04:00:00,0.22,0.0,0.0030555555555555557
2015-05-02 05:00:00,0.05,50.55368,1.0
2015-05-02 06:00:00,0.15,237.87549,1.0
2015-05-02 07:00:00,0.24,464.5425,1.0
2015-05-02 08:00:00,0.35,671.42267,1.0
2015-05-02 09:00:00,0.54,741.85913,1.0
2015-05-02 10:00:00,0.41,890.8868,1.0
2015-05-02 11:00:00,0.72,954.6235,1.0
2015-05-02 12:00:00,0.72,859.14856,1.0
2015-05-02 13:00:00,0.69,710.94165,1.0
2015-05-02 14:00:00,0.38,596.8808,1.0
2015-05-02 15:00:00,0.76,475.12738,1.0
2015-05-02 16:00:00,0.74,337.67908,1.0
2015-05-02 17:00:00,0.8,134.401,1.0
2015-05-02 18:00:00,0.91,21.600025,0.9222222222222223
2015-05-02 19:00:00,0.88,0.0,0.0
2015-05-02 20:00:00,0.88,0.0,0.0
2015-05-02 21:00:00,0.82,0.0,0.0
2015-05-02 22:00:00,0.71,0.0,0.0
2015-05-02 23:00:00,0.33,0.0,0.0
2015-05-03 00:00:00,0.14,0.0,0.0
2015-05-03 01:00:00,0.21,0.0,0.0
2015-05-03 02:00:00,0.11,0.0,0.0
2015-05-03 03:00:00,0.37,0.0,0.0
2015-05-03 04:00:00,0.36,0.0,0.023055555555555555
2015-05-03 05:00:00,0.35,48.3952,1.0
2015-05-03 06:00:00,0.43,188.18051,1.0
2015-05-03 07:00:00,0.56,432.13644,1.0
2015-05-03 08:00:00,0.66,591.8905,1.0
2015-05-03 09:00:00,0.71,814.8483,1.0
2015-05-03 10:00:00,0.58,977.06744,1.0
2015-05-03 11:00:00,0.59,866.34644,1.0
2015-05-03 12:00:00,0.9,693.14105,1.0
2015-05-03 13:00:00,0.99,592.65283,1.0
2015-05-03 14:00:00,0.93,509.4797,1.0
2015-05-03 15:00:00,0.87,407.65967,1.0
2015-05-03 16:00:00,0.88,284.7116,1.0
2015-05-03 17:00:00,0.98,106.863625,1.0
2015-05-03 18:00:00,0.94,21.583105,0.9388888888888889
2015-05-03 19:00:00,0.96,0.0,0.0
2015-05-03 20:00:00,0.92,0.0,0.0
2015-05-03 21:00:00,0.93,0.0,0.0
2015-05-03 22:00:00,0.94,0.0,0.0
2015-05-03 23:00:00,0.87,0.0,0.0
2015-05-04 00:00:00,0.94,0.0,0.0
2015-05-04 01:00:00,0.96,0.0,0.0
2015-05-04 02:00:00,0.99,0.0,0.0
2015-05-04 03:00:00,0.99,0.0,0.0
2015-05-04 04:00:00,0.98,0.0,0.042777777777777776
2015-05-04 05:00:00,0.92,21.758795,1.0
2015-05-04 06:00:00,0.92,99.45202,1.0
2015-05-04 07:00:00,0.99,162.3858,1.0
2015-05-04 08:00:00,1.0,313.33588,1.0
2015-05-04 09:00:00,0.98,457.91833,1.0
2015-05-04 10:00:00,0.98,582.28925,1.0
2015-05-04 11:00:00,0.98,580.9262,1.0
2015-05-04 12:00:00,0.97,687.7411,1.0
2015-05-04 13:00:00,0.99,539.0484,1.0
2015-05-04 14:00:00,1.0,497.76703,1.0
2015-05-04 15:00:00,0.89,210.24722,1.0
2015-05-04 16:00:00,0.89,126.84708,1.0
2015-05-04 17:00:00,0.89,66.772675,1.0
2015-05-04 18:00:00,1.0,14.28123,0.9555555555555556
2015-05-04 19:00:00,1.0,0.0,0.0
2015-05-04 20:00:00,1.0,0.0,0.0
2015-05-04 21:00:00,1.0,0.0,0.0
2015-05-04 22:00:00,1.0,0.0,0.0
2015-05-04 23:00:00,1.0,0.0,0.0
2015-05-05 00:00:00,1.0,0.0,0.0
2015-05-05 01:00:00,1.0,0.0,0.0
2015-05-05 02:00:00,1.0,0.0,0.0
2015-05-05 03:00:00,1.0,0.0,0.0
2015-05-05 04:00:00,1.0,0.0,0.06194444444444445
2015-05-05 05:00:00,1.0,16.779305,1.0
2015-05-05 06:00:00,1.0,79.13388,1.0
2015-05-05 07:00:00,1.0,177.08295,1.0
2015-05-05 08:00:00,0.97,240.3672,1.0
2015-05-05 09:00:00,1.0,450.38077,1.0
2015-05-05 10:00:00,1.0,372.69818,1.0
2015-05-05 11:00:00,0.93,701.5249,1.0
2015-05-05 12:00:00,0.98,312.39148,1.0
2015-05-05 13:00:00,1.0,172.59337,1.0
2015-05-05 14:00:00,1.0,148.1266,1.0
2015-05-05 15:00:00,1.0,100.38623,1.0
2015-05-05 16:00:00,1.0,110.14169,1.0
2015-05-05 17:00:00,1.0,56.39555,1.0
2015-05-05 18:00:00,1.0,14.908846,0.9722222222222222
2015-05-05 19:00:00,1.0,0.0,0.0
2015-05-05 20:00:00,1.0,0.0,0.0
2015-05-05 21:00:00,1.0,0.0,0.0
2015-05-05 22:00:00,1.0,0.0,0.0
2015-05-05 23:00:00,1.0,0.0,0.0
2015-05-06 00:00:00,1.0,0.0,0.0
2015-05-06 01:00:00,0.99,0.0,0.0
2015-05-06 02:00:00,0.98,0.0,0.0
2015-05-06 03:00:00,1.0,0.0,0.0
2015-05-06 04:00:00,1.0,0.0,0.0811111111111111
2015-05-06 05:00:00,1.0,23.743462,1.0
2015-05-06 06:00:00,1.0,130.35939,1.0
2015-05-06 07:00:00,1.0,300.64932,1.0
2015-05-06 08:00:00,1.0,527.7153,1.0
2015-05-06 09:00:00,1.0,726.1251,1.0
2015-05-06 10:00:00,1.0,808.96857,1.0
2015-05-06 11:00:00,1.0,444.2273,1.0
2015-05-06 12:00:00,1.0,603.65497,1.0
2015-05-06 13:00:00,1.0,604.2007,1.0
2015-05-06 14:00:00,0.99,441.40216,1.0
2015-05-06 15:00:00,1.0,257.75998,1.0
2015-05-06 16:00:00,1.0,116.81867,1.0
2015-05-06 17:00:00,1.0,87.61103,1.0
2015-05-06 18:00:00,1.0,21.9956,0.9886111111111111
2015-05-06 19:00:00,1.0,0.0,0.0
2015-05-06 20:00:00,0.99,0.0,0.0
2015-05-06 21:00:00,1.0,0.0,0.0
2015-05-06 22:00:00,0.99,0.0,0.0
2015-05-06 23:00:00,0.99,0.0,0.0
2015-05-07 00:00:00,0.98,0.0,0.0
2015-05-07 01:00:00,0.97,0.0,0.0
2015-05-07 02:00:00,0.91,0.0,0.0
2015-05-07 03:00:00,0.83,0.0,0.0
2015-05-07 04:00:00,0.96,0.0,0.09972222222222223
2015-05-07 05:00:00,0.98,27.12322,1.0
2015-05-07 06:00:00,0.99,89.694885,1.0
2015-05-07 07:00:00,0.99,186.21295,1.0
2015-05-07 08:00:00,1.0,292.08807,1.0
2015-05-07 09:00:00,0.99,493.43228,1.0
2015-05-07 10:00:00,0.94,590.14734,1.0
2015-05-07 11:00:00,0.9,566.8279,1.0
2015-05-07 12:00:00,0.93,663.0848,1.0
2015-05-07 13:00:00,0.66,495.04028,1.0
2015-05-07 14:00:00,0.85,339.9684,1.0
2015-05-07 15:00:00,0.87,328.75912,1.0
2015-05-07 16:00:00,0.91,103.51789,1.0
2015-05-07 17:00:00,0.85,64.496315,1.0
2015-05-07 18:00:00,0.93,19.878462,1.0
2015-05-07 19:00:00,0.87,0.0,0.005277777777777778
2015-05-07 20:00:00,0.99,0.0,0.0
2015-05-07 21:00:00,1.0,0.0,0.0
2015-05-07 22:00:00,1.0,0.0,0.0
2015-05-07 23:00:00,1.0,0.0,0.0
2015-05-08 00:00:00,1.0,0.0,0.0
2015-05-08 01:00:00,1.0,0.0,0.0
2015-05-08 02:00:00,1.0,0.0,0.0
2015-05-08 03:00:00,0.96,0.0,0.0
2015-05-08 04:00:00,1.0,0.0,0.11805555555555555
2015-05-08 05:00:00,1.0,22.450953,1.0
2015-05-08 06:00:00,1.0,93.29343,1.0
2015-05-08 07:00:00,0.93,147.93858,1.0
2015-05-08 08:00:00,0.93,251.97612,1.0
2015-05-08 09:00:00,0.63,273.8196,1.0
2015-05-08 10:00:00,0.7,577.9755,1.0
2015-05-08 11:00:00,0.82,754.6887,1.0
2015-05-08 12:00:00,0.75,678.91766,1.0
2015-05-08 13:00:00,0.73,602.8768,1.0
2015-05-08 14:00:00,0.63,618.2672,1.0
2015-05-08 15:00:00,1.0,402.72083,1.0
2015-05-08 16:00:00,0.99,287.0047,1.0
2015-05-08 17:00:00,0.99,123.20057,1.0
2015-05-08 18:00:00,1.0,22.508394,1.0
2015-05-08 19:00:00,1.0,0.0,0.021666666666666667
2015-05-08 20:00:00,0.98,0.0,0.0
2015-05-08 21:00:00,0.84,0.0,0.0
2015-05-08 22:00:00,1.0,0.0,0.0
2015-05-08 23:00:00,1.0,0.0,0.0
2015-05-09 00:00:00,1.0,0.0,0.0
2015-05-09 01:00:00,1.0,0.0,0.0
2015-05-09 02:00:00,0.98,0.0,0.0
2015-05-09 03:00:00,0.94,0.0,0.0
2015-05-09 04:00:00,0.25,0.0,0.1361111111111111
2015-05-09 05:00:00,0.74,44.852005,1.0
2015-05-09 06:00:00,0.64,165.59114,1.0
2015-05-09 07:00:00,1.0,289.96832,1.0
2015-05-09 08:00:00,0.98,624.5409,1.0
2015-05-09 09:00:00,0.7,448.62912,1.0
2015-05-09 10:00:00,0.64,520.04675,1.0
2015-05-09 11:00:00,0.69,762.5889,1.0
2015-05-09 12:00:00,0.67,430.63232,1.0
2015-05-09 13:00:00,0.95,457.4265,1.0
2015-05-09 14:00:00,0.89,291.37708,1.0
2015-05-09 15:00:00,1.0,213.94417,1.0
2015-05-09 16:00:00,1.0,125.980225,1.0
2015-05-09 17:00:00,1.0,67.29615,1.0
2015-05-09 18:00:00,1.0,14.908846,1.0
2015-05-09 19:00:00,1.0,0.0,0.03805555555555556
2015-05-09 20:00:00,1.0,0.0,0.0
2015-05-09 21:00:00,1.0,0.0,0.0
2015-05-09 22:00:00,1.0,0.0,0.0
2015-05-09 23:00:00,1.0,0.0,0.0
2015-05-10 00:00:00,1.0,0.0,0.0
2015-05-10 01:00:00,1.0,0.0,0.0
2015-05-10 02:00:00,1.0,0.0,0.0
2015-05-10 03:00:00,0.97,0.0,0.0
2015-05-10 04:00:00,1.0,0.0,0.15388888888888888
2015-05-10 05:00:00,1.0,42.416775,1.0
2015-05-10 06:00:00,0.99,202.18558,1.0
2015-05-10 07:00:00,0.96,402.7703,1.0
2015-05-10 08:00:00,0.96,489.8155,1.0
2015-05-10 09:00:00,1.0,692.63574,1.0
2015-05-10 10:00:00,1.0,859.5747,1.0
2015-05-10 11:00:00,0.98,817.5584,1.0
2015-05-10 12:00:00,1.0,913.14905,1.0
2015-05-10 13:00:00,0.99,823.39197,1.0
2015-05-10 14:00:00,0.98,692.5567,1.0
2015-05-10 15:00:00,1.0,548.40924,1.0
2015-05-10 16:00:00,0.97,340.3722,1.0
2015-05-10 17:00:00,0.81,191.43338,1.0
2015-05-10 18:00:00,0.65,33.82764,1.0
2015-05-10 19:00:00,0.83,0.0,0.05444444444444444
2015-05-10 20:00:00,0.96,0.0,0.0
2015-05-10 21:00:00,0.99,0.0,0.0
2015-05-10 22:00:00,0.97,0.0,0.0
2015-05-10 23:00:00,0.69,0.0,0.0
2015-05-11 00:00:00,0.35,0.0,0.0
2015-05-11 01:00:00,0.06,0.0,0.0
2015-05-11 02:00:00,0.03,0.0,0.0
2015-05-11 03:00:00,0.1,0.0,0.0
2015-05-11 04:00:00,0.24,0.0,0.1711111111111111
2015-05-11 05:00:00,0.36,67.955185,1.0
2015-05-11 06:00:00,0.36,245.1488,1.0
2015-05-11 07:00:00,0.35,475.8802,1.0
2015-05-11 08:00:00,0.26,603.5561,1.0
2015-05-11 09:00:00,0.11,885.1401,1.0
2015-05-11 10:00:00,0.43,972.81903,1.0
2015-05-11 11:00:00,0.26,1028.4303,1.0
2015-05-11 12:00:00,0.32,1012.97406,1.0
2015-05-11 13:00:00,0.42,919.25867,1.0
2015-05-11 14:00:00,0.43,839.46265,1.0
2015-05-11 15:00:00,0.0,651.486,1.0
2015-05-11 16:00:00,0.0,431.1499,1.0
2015-05-11 17:00:00,0.0,206.219,1.0
2015-05-11 18:00:00,0.0,31.85238,1.0
2015-05-11 19:00:00,0.0,0.0,0.07055555555555555
2015-05-11 20:00:00,0.0,0.0,0.0
2015-05-11 21:00:00,0.0,0.0,0.0
2015-05-11 22:00:00,0.27,0.0,0.0
2015-05-11 23:00:00,0.5,0.0,0.0
2015-05-12 00:00:00,0.07,0.0,0.0
2015-05-12 01:00:00,0.18,0.0,0.0
2015-05-12 02:00:00,0.37,0.0,0.0
2015-05-12 03:00:00,0.79,0.0,0.0
2015-05-12 04:00:00,0.86,0.0,0.18805555555555556
2015-05-12 05:00:00,0.85,66.89451,1.0
2015-05-12 06:00:00,0.88,239.98605,1.0
2015-05-12 07:00:00,0.82,474.69223,1.0
2015-05-12 08:00:00,0.81,703.5743,1.0
2015-05-12 09:00:00,0.76,855.10223,1.0
2015-05-12 10:00:00,0.6,973.4796,1.0
2015-05-12 11:00:00,0.77,995.8156,1.0
2015-05-12 12:00:00,0.91,951.1841,1.0
2015-05-12 13:00:00,0.91,687.6385,1.0
2015-05-12 14:00:00,0.7,741.03186,1.0
2015-05-12 15:00:00,0.45,507.94852,1.0
2015-05-12 16:00:00,0.74,345.41776,1.0
2015-05-12 17:00:00,0.75,156.19879,1.0
2015-05-12 18:00:00,0.61,36.83073,1.0
2015-05-12 19:00:00,0.72,0.0,0.08666666666666667
2015-05-12 20:00:00,0.98,0.0,0.0
2015-05-12 21:00:00,1.0,0.0,0.0
2015-05-12 22:00:00,1.0,0.0,0.0
2015-05-12 23:00:00,1.0,0.0,0.0
2015-05-13 00:00:00,1.0,0.0,0.0
2015-05-13 01:00:00,1.0,0.0,0.0
2015-05-13 02:00:00,0.99,0.0,0.0
2015-05-13 03:00:00,1.0,0.0,0.0
2015-05-13 04:00:00,1.0,0.0,0.20444444444444446
2015-05-13 05:00:00,1.0,59.640083,1.0
2015-05-13 06:00:00,1.0,216.45204,1.0
2015-05-13 07:00:00,1.0,353.22946,1.0
2015-05-13 08:00:00,1.0,407.24396,1.0
2015-05-13 09:00:00,1.0,447.55612,1.0
2015-05-13 10:00:00,1.0,389.53796,1.0
2015-05-13 11:00:00,1.0,536.7853,1.0
2015-05-13 12:00:00,1.0,605.3146,1.0
2015-05-13 13:00:00,0.99,763.73645,1.0
2015-05-13 14:00:00,0.96,716.9989,1.0
2015-05-13 15:00:00,0.56,587.27203,1.0
2015-05-13 16:00:00,0.65,345.47513,1.0
2015-05-13 17:00:00,0.62,173.1082,1.0
2015-05-13 18:00:00,0.51,30.132118,1.0
2015-05-13 19:00:00,0.45,0.0,0.10277777777777777
2015-05-13 20:00:00,0.36,0.0,0.0
2015-05-13 21:00:00,0.33,0.0,0.0
2015-05-13 22:00:00,0.1,0.0,0.0
2015-05-13 23:00:00,0.0,0.0,0.0
2015-05-14 00:00:00,0.01,0.0,0.0
2015-05-14 01:00:00,0.27,0.0,0.0
2015-05-14 02:00:00,0.62,0.0,0.0
2015-05-14 03:00:00,0.27,0.0,0.0
2015-05-14 04:00:00,0.47,0.0,0.22055555555555556
2015-05-14 05:00:00,1.0,72.457825,1.0
2015-05-14 06:00:00,1.0,208.87239,1.0
2015-05-14 07:00:00,1.0,341.1235,1.0
2015-05-14 08:00:00,1.0,531.53925,1.0
2015-05-14 09:00:00,0.99,754.73376,1.0
2015-05-14 10:00:00,1.0,864.5446,1.0
2015-05-14 11:00:00,1.0,951.87805,1.0
2015-05-14 12:00:00,0.98,923.2225,1.0
2015-05-14 13:00:00,0.87,818.73676,1.0
2015-05-14 14:00:00,0.53,724.75024,1.0
2015-05-14 15:00:00,0.96,571.4497,1.0
2015-05-14 16:00:00,0.96,321.4556,1.0
2015-05-14 17:00:00,0.99,149.2619,1.0
2015-05-14 18:00:00,0.99,34.207695,1.0
2015-05-14 19:00:00,0.99,0.0,0.11861111111111111
2015-05-14 20:00:00,0.93,0.0,0.0
2015-05-14 21:00:00,0.96,0.0,0.0
2015-05-14 22:00:00,0.99,0.0,0.0
2015-05-14 23:00:00,0.98,0.0,0.0
2015-05-15 00:00:00,0.98,0.0,0.0
2015-05-15 01:00:00,0.96,0.0,0.0
2015-05-15 02:00:00,0.7,0.0,0.0
2015-05-15 03:00:00,0.49,0.0,0.0
2015-05-15 04:00:00,0.69,0.0,0.2361111111111111
2015-05-15 05:00:00,0.04,71.27617,1.0
2015-05-15 06:00:00,0.19,225.01268,1.0
2015-05-15 07:00:00,0.84,422.76852,1.0
2015-05-15 08:00:00,0.53,612.165,1.0
2015-05-15 09:00:00,0.56,655.8002,1.0
2015-05-15 10:00:00,0.69,791.3309,1.0
2015-05-15 11:00:00,0.53,839.3241,1.0
2015-05-15 12:00:00,0.33,870.8032,1.0
2015-05-15 13:00:00,0.82,837.4889,1.0
2015-05-15 14:00:00,0.91,618.03687,1.0
2015-05-15 15:00:00,0.94,419.69757,1.0
2015-05-15 16:00:00,0.94,220.51929,1.0
2015-05-15 17:00:00,0.92,147.75742,1.0
2015-05-15 18:00:00,0.91,31.147219,1.0
2015-05-15 19:00:00,1.0,0.0,0.13416666666666666
2015-05-15 20:00:00,1.0,0.0,0.0
2015-05-15 21:00:00,0.69,0.0,0.0
2015-05-15 22:00:00,0.91,0.0,0.0
2015-05-15 23:00:00,0.28,0.0,0.0
2015-05-16 00:00:00,0.35,0.0,0.0
2015-05-16 01:00:00,0.46,0.0,0.0
2015-05-16 02:00:00,0.29,0.0,0.0
2015-05-16 03:00:00,0.33,0.0,0.0
2015-05-16 04:00:00,0.22,0.0,0.2511111111111111
2015-05-16 05:00:00,0.1,72.993454,1.0
2015-05-16 06:00:00,0.03,261.74268,1.0
2015-05-16 07:00:00,0.01,501.79657,1.0
2015-05-16 08:00:00,0.01,678.22406,1.0
2015-05-16 09:00:00,0.11,816.1016,1.0
2015-05-16 10:00:00,0.26,963.0843,1.0
2015-05-16 11:00:00,0.42,997.8368,1.0
2015-05-16 12:00:00,0.51,883.68335,1.0
2015-05-16 13:00:00,0.67,706.6242,1.0
2015-05-16 14:00:00,0.83,584.75446,1.0
2015-05-16 15:00:00,0.96,350.2379,1.0
2015-05-16 16:00:00,0.99,182.14415,1.0
2015-05-16 17:00:00,1.0,134.63084,1.0
2015-05-16 18:00:00,1.0,28.121796,1.0
2015-05-16 19:00:00,1.0,0.0,0.14944444444444444
2015-05-16 20:00:00,0.95,0.0,0.0
2015-05-16 21:00:00,0.95,0.0,0.0
2015-05-16 22:00:00,0.92,0.0,0.0
2015-05-16 23:00:00,0.62,0.0,0.0
2015-05-17 00:00:00,0.69,0.0,0.0
2015-05-17 01:00:00,0.78,0.0,0.0
2015-05-17 02:00:00,0.72,0.0,0.0
2015-05-17 03:00:00,0.53,0.0,0.0
2015-05-17 04:00:00,0.82,0.0,0.26555555555555554
2015-05-17 05:00:00,0.84,63.115,1.0
2015-05-17 06:00:00,0.55,165.92496,1.0
2015-05-17 07:00:00,0.4,299.16678,1.0
2015-05-17 08:00:00,0.33,544.0296,1.0
2015-05-17 09:00:00,0.26,835.0562,1.0
2015-05-17 10:00:00,0.3,832.8536,1.0
2015-05-17 11:00:00,0.34,890.0218,1.0
2015-05-17 12:00:00,0.56,767.9854,1.0
2015-05-17 13:00:00,0.57,687.45276,1.0
2015-05-17 14:00:00,0.6,448.29977,1.0
2015-05-17 15:00:00,0.83,369.7388,1.0
2015-05-17 16:00:00,0.96,316.85617,1.0
2015-05-17 17:00:00,0.56,182.44652,1.0
2015-05-17 18:00:00,0.79,38.938236,1.0
2015-05-17 19:00:00,0.6,0.0,0.16472222222222221
2015-05-17 20:00:00,0.8,0.0,0.0
2015-05-17 21:00:00,0.81,0.0,0.0
2015-05-17 22:00:00,0.9,0.0,0.0
2015-05-17 23:00:00,1.0,0.0,0.0
2015-05-18 00:00:00,1.0,0.0,0.0
2015-05-18 01:00:00,1.0,0.0,0.0
2015-05-18 02:00:00,1.0,0.0,0.0
2015-05-18 03:00:00,1.0,0.0,0.0
2015-05-18 04:00:00,1.0,0.0,0.2797222222222222
2015-05-18 05:00:00,1.0,14.908846,1.0
2015-05-18 06:00:00,0.99,60.797615,1.0
2015-05-18 07:00:00,1.0,133.92819,1.0
2015-05-18 08:00:00,0.99,277.51172,1.0
2015-05-18 09:00:00,0.96,310.6024,1.0
2015-05-18 10:00:00,0.98,425.65833,1.0
2015-05-18 11:00:00,0.98,395.1536,1.0
2015-05-18 12:00:00,0.97,428.91953,1.0
2015-05-18 13:00:00,0.98,404.03476,1.0
2015-05-18 14:00:00,0.98,498.34402,1.0
2015-05-18 15:00:00,0.89,264.52493,1.0
2015-05-18 16:00:00,1.0,160.74525,1.0
2015-05-18 17:00:00,0.95,124.70751,1.0
2015-05-18 18:00:00,0.91,25.22683,1.0
2015-05-18 19:00:00,1.0,0.0,0.17972222222222223
2015-05-18 20:00:00,1.0,0.0,0.0
2015-05-18 21:00:00,1.0,0.0,0.0
2015-05-18 22:00:00,1.0,0.0,0.0
2015-05-18 23:00:00,1.0,0.0,0.0
2015-05-19 00:00:00,1.0,0.0,0.0
2015-05-19 01:00:00,1.0,0.0,0.0
2015-05-19 02:00:00,1.0,0.0,0.0
2015-05-19 03:00:00,1.0,0.0,0.0
2015-05-19 04:00:00,1.0,0.0,0.29305555555555557
2015-05-19 05:00:00,1.0,8.945308,1.0
2015-05-19 06:00:00,1.0,47.80342,1.0
2015-05-19 07:00:00,1.0,93.490875,1.0
2015-05-19 08:00:00,1.0,146.3899,1.0
2015-05-19 09:00:00,1.0,288.31735,1.0
2015-05-19 10:00:00,1.0,333.02243,1.0
2015-05-19 11:00:00,1.0,230.70871,1.0
2015-05-19 12:00:00,1.0,359.3067,1.0
2015-05-19 13:00:00,0.97,447.20984,1.0
2015-05-19 14:00:00,0.99,364.20078,1.0
2015-05-19 15:00:00,0.99,220.34077,1.0
2015-05-19 16:00:00,0.98,182.90205,1.0
2015-05-19 17:00:00,0.98,97.543755,1.0
2015-05-19 18:00:00,0.9,24.886652,1.0
2015-05-19 19:00:00,0.96,0.0,0.19444444444444445
2015-05-19 20:00:00,0.99,0.0,0.0
2015-05-19 21:00:00,1.0,0.0,0.0
2015-05-19 22:00:00,1.0,0.0,0.0
2015-05-19 23:00:00,0.99,0.0,0.0
2015-05-20 00:00:00,0.91,0.0,0.0
2015-05-20 01:00:00,0.83,0.0,0.0
2015-05-20 02:00:00,0.63,0.0,0.0
2015-05-20 03:00:00,0.66,0.0,0.0
2015-05-20 04:00:00,0.63,0.99392307,0.3061111111111111
2015-05-20 05:00:00,0.62,39.3654,1.0
2015-05-20 06:00:00,0.63,119.31086,1.0
2015-05-20 07:00:00,0.63,226.9497,1.0
2015-05-20 08:00:00,0.74,303.67163,1.0
2015-05-20 09:00:00,0.84,464.27145,1.0
2015-05-20 10:00:00,0.89,504.78424,1.0
2015-05-20 11:00:00,0.94,601.4012,1.0
2015-05-20 12:00:00,0.99,688.34033,1.0
2015-05-20 13:00:00,1.0,602.0486,1.0
2015-05-20 14:00:00,1.0,621.20935,1.0
2015-05-20 15:00:00,0.99,413.75317,1.0
2015-05-20 16:00:00,0.99,232.765,1.0
2015-05-20 17:00:00,1.0,117.898926,1.0
2015-05-20 18:00:00,1.0,33.206516,1.0
2015-05-20 19:00:00,1.0,0.0,0.2088888888888889
2015-05-20 20:00:00,1.0,0.0,0.0
2015-05-20 21:00:00,0.97,0.0,0.0
2015-05-20 22:00:00,0.96,0.0,0.0
2015-05-20 23:00:00,0.92,0.0,0.0
2015-05-21 00:00:00,0.92,0.0,0.0
2015-05-21 01:00:00,0.86,0.0,0.0
2015-05-21 02:00:00,0.9,0.0,0.0
2015-05-21 03:00:00,0.96,0.0,0.0
2015-05-21 04:00:00,0.95,1.9878461,0.3186111111111111
2015-05-21 05:00:00,0.88,66.76221,1.0
2015-05-21 06:00:00,0.95,265.08292,1.0
2015-05-21 07:00:00,0.74,466.16022,1.0
2015-05-21 08:00:00,0.7,639.3079,1.0
2015-05-21 09:00:00,0.93,751.9027,1.0
2015-05-21 10:00:00,0.97,741.2863,1.0
2015-05-21 11:00:00,1.0,650.33044,1.0
2015-05-21 12:00:00,1.0,418.57568,1.0
2015-05-21 13:00:00,1.0,385.40363,1.0
2015-05-21 14:00:00,1.0,380.80347,1.0
2015-05-21 15:00:00,1.0,312.72446,1.0
2015-05-21 16:00:00,1.0,147.5795,1.0
2015-05-21 17:00:00,1.0,82.67696,1.0
2015-05-21 18:00:00,0.98,24.032349,1.0
2015-05-21 19:00:00,1.0,0.0,0.22361111111111112
2015-05-21 20:00:00,1.0,0.0,0.0
2015-05-21 21:00:00,1.0,0.0,0.0
2015-05-21 22:00:00,1.0,0.0,0.0
2015-05-21 23:00:00,1.0,0.0,0.0
2015-05-22 00:00:00,1.0,0.0,0.0
2015-05-22 01:00:00,1.0,0.0,0.0
2015-05-22 02:00:00,1.0,0.0,0.0
2015-05-22 03:00:00,1.0,0.0,0.0
2015-05-22 04:00:00,1.0,0.99392307,0.33055555555555555
2015-05-22 05:00:00,1.0,26.71857,1.0
2015-05-22 06:00:00,1.0,70.64719,1.0
2015-05-22 07:00:00,1.0,183.4057,1.0
2015-05-22 08:00:00,1.0,291.55847,1.0
2015-05-22 09:00:00,1.0,454.10095,1.0
2015-05-22 10:00:00,0.98,590.93304,1.0
2015-05-22 11:00:00,0.87,747.426,1.0
2015-05-22 12:00:00,0.55,805.32074,1.0
2015-05-22 13:00:00,0.73,716.9735,1.0
2015-05-22 14:00:00,0.52,665.87524,1.0
2015-05-22 15:00:00,0.88,448.57898,1.0
2015-05-22 16:00:00,0.83,343.78638,1.0
2015-05-22 17:00:00,0.42,132.05312,1.0
2015-05-22 18:00:00,0.79,32.44961,1.0
2015-05-22 19:00:00,0.93,0.0,0.23777777777777778
2015-05-22 20:00:00,0.97,0.0,0.0
2015-05-22 21:00:00,0.83,0.0,0.0
2015-05-22 22:00:00,1.0,0.0,0.0
2015-05-22 23:00:00,1.0,0.0,0.0
2015-05-23 00:00:00,1.0,0.0,0.0
2015-05-23 01:00:00,0.98,0.0,0.0
2015-05-23 02:00:00,0.91,0.0,0.0
2015-05-23 03:00:00,0.34,0.0,0.0
2015-05-23 04:00:00,0.79,1.9878461,0.34194444444444444
2015-05-23 05:00:00,0.85,48.42278,1.0
2015-05-23 06:00:00,0.9,178.22647,1.0
2015-05-23 07:00:00,0.95,373.2146,1.0
2015-05-23 08:00:00,0.84,403.5825,1.0
2015-05-23 09:00:00,0.83,529.293,1.0
2015-05-23 10:00:00,0.68,493.56857,1.0
2015-05-23 11:00:00,0.5,894.1571,1.0
2015-05-23 12:00:00,0.72,901.5633,1.0
2015-05-23 13:00:00,0.91,583.1487,1.0
2015-05-23 14:00:00,1.0,559.1966,1.0
2015-05-23 15:00:00,0.82,493.3381,1.0
2015-05-23 16:00:00,0.79,306.35303,1.0
2015-05-23 17:00:00,0.75,152.19968,1.0
2015-05-23 18:00:00,0.77,38.146973,1.0
2015-05-23 19:00:00,0.51,0.0,0.25222222222222224
2015-05-23 20:00:00,0.34,0.0,0.0
2015-05-23 21:00:00,0.24,0.0,0.0
2015-05-23 22:00:00,0.31,0.0,0.0
2015-05-23 23:00:00,0.21,0.0,0.0
2015-05-24 00:00:00,0.1,0.0,0.0
2015-05-24 01:00:00,0.09,0.0,0.0
2015-05-24 02:00:00,0.05,0.0,0.0
2015-05-24 03:00:00,0.36,0.0,0.0
2015-05-24 04:00:00,0.65,2.981769,0.35305555555555557
2015-05-24 05:00:00,0.63,82.371414,1.0
2015-05-24 06:00:00,0.12,269.5523,1.0
2015-05-24 07:00:00,0.33,483.41638,1.0
2015-05-24 08:00:00,0.47,634.14795,1.0
2015-05-24 09:00:00,0.38,729.5866,1.0
2015-05-24 10:00:00,0.45,755.6484,1.0
2015-05-24 11:00:00,0.66,850.3021,1.0
2015-05-24 12:00:00,0.73,765.1921,1.0
2015-05-24 13:00:00,0.9,570.3301,1.0
2015-05-24 14:00:00,0.85,487.36404,1.0
2015-05-24 15:00:00,0.97,417.2643,1.0
2015-05-24 16:00:00,0.85,279.45795,1.0
2015-05-24 17:00:00,0.8,107.31105,1.0
2015-05-24 18:00:00,0.93,33.361958,1.0
2015-05-24 19:00:00,0.97,0.0,0.2663888888888889
2015-05-24 20:00:00,0.94,0.0,0.0
2015-05-24 21:00:00,0.86,0.0,0.0
2015-05-24 22:00:00,0.69,0.0,0.0
2015-05-24 23:00:00,0.72,0.0,0.0
2015-05-25 00:00:00,0.56,0.0,0.0
2015-05-25 01:00:00,0.18,0.0,0.0
2015-05-25 02:00:00,0.2,0.0,0.0
2015-05-25 03:00:00,0.21,0.0,0.0
2015-05-25 04:00:00,0.12,2.2458975,0.3636111111111111
2015-05-25 05:00:00,0.18,91.87718,1.0
2015-05-25 06:00:00,0.49,288.7113,1.0
2015-05-25 07:00:00,0.48,495.86218,1.0
2015-05-25 08:00:00,0.58,700.2903,1.0
2015-05-25 09:00:00,0.58,755.17487,1.0
2015-05-25 10:00:00,0.29,916.97284,1.0
2015-05-25 11:00:00,0.36,1029.9664,1.0
2015-05-25 12:00:00,0.43,938.6492,1.0
2015-05-25 13:00:00,0.55,860.2956,1.0
2015-05-25 14:00:00,0.79,685.11115,1.0
2015-05-25 15:00:00,0.96,400.26288,1.0
2015-05-25 16:00:00,0.95,322.06805,1.0
2015-05-25 17:00:00,0.95,180.86385,1.0
2015-05-25 18:00:00,0.92,50.17549,1.0
2015-05-25 19:00:00,0.9,0.99392307,0.2802777777777778
2015-05-25 20:00:00,0.87,0.0,0.0
2015-05-25 21:00:00,0.81,0.0,0.0
2015-05-25 22:00:00,0.87,0.0,0.0
2015-05-25 23:00:00,0.76,0.0,0.0
2015-05-26 00:00:00,0.72,0.0,0.0
2015-05-26 01:00:00,0.45,0.0,0.0
2015-05-26 02:00:00,0.32,0.0,0.0
2015-05-26 03:00:00,0.52,0.0,0.0
2015-05-26 04:00:00,0.32,2.246174,0.3736111111111111
2015-05-26 05:00:00,0.22,90.76809,1.0
2015-05-26 06:00:00,0.05,291.59744,1.0
2015-05-26 07:00:00,0.07,500.44818,1.0
2015-05-26 08:00:00,0.13,690.7438,1.0
2015-05-26 09:00:00,0.5,826.7303,1.0
2015-05-26 10:00:00,0.56,952.60974,1.0
2015-05-26 11:00:00,0.42,1009.80804,1.0
2015-05-26 12:00:00,0.45,986.94775,1.0
2015-05-26 13:00:00,0.35,901.81335,1.0
2015-05-26 14:00:00,0.28,720.6951,1.0
2015-05-26 15:00:00,0.7,517.00806,1.0
2015-05-26 16:00:00,0.68,403.31567,1.0
2015-05-26 17:00:00,0.63,180.6864,1.0
2015-05-26 18:00:00,0.81,46.387245,1.0
2015-05-26 19:00:00,0.94,0.99392307,0.2941666666666667
2015-05-26 20:00:00,0.81,0.0,0.0
2015-05-26 21:00:00,0.6,0.0,0.0
2015-05-26 22:00:00,0.64,0.0,0.0
2015-05-26 23:00:00,0.67,0.0,0.0
2015-05-27 00:00:00,0.5,0.0,0.0
2015-05-27 01:00:00,0.37,0.0,0.0
2015-05-27 02:00:00,0.25,0.0,0.0
2015-05-27 03:00:00,0.04,0.0,0.0
2015-05-27 04:00:00,0.08,2.2461817,0.38333333333333336
2015-05-27 05:00:00,0.18,87.06002,1.0
2015-05-27 06:00:00,0.2,280.03635,1.0
2015-05-27 07:00:00,0.17,482.40225,1.0
2015-05-27 08:00:00,0.37,670.544,1.0
2015-05-27 09:00:00,0.44,834.8144,1.0
2015-05-27 10:00:00,0.23,946.9339,1.0
2015-05-27 11:00:00,0.26,1043.3605,1.0
2015-05-27 12:00:00,0.22,982.8245,1.0
2015-05-27 13:00:00,0.22,814.2863,1.0
2015-05-27 14:00:00,0.3,785.0071,1.0
2015-05-27 15:00:00,0.73,595.2568,1.0
2015-05-27 16:00:00,0.82,379.24423,1.0
2015-05-27 17:00:00,0.84,175.5266,1.0
2015-05-27 18:00:00,0.84,50.726555,1.0
2015-05-27 19:00:00,0.94,1.9878461,0.30777777777777776
2015-05-27 20:00:00,0.9,0.0,0.0
2015-05-27 21:00:00,0.43,0.0,0.0
2015-05-27 22:00:00,0.24,0.0,0.0
2015-05-27 23:00:00,0.16,0.0,0.0
2015-05-28 00:00:00,0.43,0.0,0.0
2015-05-28 01:00:00,0.52,0.0,0.0
2015-05-28 02:00:00,0.8,0.0,0.0
2015-05-28 03:00:00,0.02,0.0,0.0
2015-05-28 04:00:00,0.0,3.23962,0.39222222222222225
2015-05-28 05:00:00,0.31,92.75283,1.0
2015-05-28 06:00:00,0.92,287.91656,1.0
2015-05-28 07:00:00,0.93,466.7871,1.0
2015-05-28 08:00:00,0.99,625.01166,1.0
2015-05-28 09:00:00,0.68,837.91907,1.0
2015-05-28 10:00:00,0.5,928.3092,1.0
2015-05-28 11:00:00,0.34,972.5796,1.0
2015-05-28 12:00:00,0.39,935.8196,1.0
2015-05-28 13:00:00,0.69,810.03973,1.0
2015-05-28 14:00:00,0.59,736.04956,1.0
2015-05-28 15:00:00,0.95,469.86053,1.0
2015-05-28 16:00:00,0.94,340.13797,1.0
2015-05-28 17:00:00,0.89,132.5448,1.0
2015-05-28 18:00:00,0.82,40.360775,1.0
2015-05-28 19:00:00,0.62,1.9878461,0.3211111111111111
2015-05-28 20:00:00,0.38,0.0,0.0
2015-05-28 21:00:00,0.24,0.0,0.0
2015-05-28 22:00:00,0.13,0.0,0.0
2015-05-28 23:00:00,0.06,0.0,0.0
2015-05-29 00:00:00,0.11,0.0,0.0
2015-05-29 01:00:00,0.06,0.0,0.0
2015-05-29 02:00:00,0.02,0.0,0.0
2015-05-29 03:00:00,0.07,0.0,0.0
2015-05-29 04:00:00,0.0,3.238932,0.4008333333333333
2015-05-29 05:00:00,0.0,83.39696,1.0
2015-05-29 06:00:00,0.0,203.89276,1.0
2015-05-29 07:00:00,0.0,414.71423,1.0
2015-05-29 08:00:00,0.08,660.5544,1.0
2015-05-29 09:00:00,0.13,827.3847,1.0
2015-05-29 10:00:00,0.45,890.08295,1.0
2015-05-29 11:00:00,0.47,864.0312,1.0
2015-05-29 12:00:00,0.45,974.4081,1.0
2015-05-29 13:00:00,0.38,923.4408,1.0
2015-05-29 14:00:00,0.51,701.0391,1.0
2015-05-29 15:00:00,0.63,455.3676,1.0
2015-05-29 16:00:00,0.83,258.8463,1.0
2015-05-29 17:00:00,0.8,66.1508,1.0
2015-05-29 18:00:00,0.69,38.19614,1.0
2015-05-29 19:00:00,0.65,1.9878461,0.33444444444444443
2015-05-29 20:00:00,0.93,0.0,0.0
2015-05-29 21:00:00,1.0,0.0,0.0
2015-05-29 22:00:00,1.0,0.0,0.0
2015-05-29 23:00:00,1.0,0.0,0.0
2015-05-30 00:00:00,1.0,0.0,0.0
2015-05-30 01:00:00,0.97,0.0,0.0
2015-05-30 02:00:00,0.6,0.0,0.0
2015-05-30 03:00:00,0.45,0.0,0.0
2015-05-30 04:00:00,0.29,2.2439644,0.4091666666666667
2015-05-30 05:00:00,0.19,91.9182,1.0
2015-05-30 06:00:00,0.11,286.2524,1.0
2015-05-30 07:00:00,0.04,508.3131,1.0
2015-05-30 08:00:00,0.01,690.8246,1.0
2015-05-30 09:00:00,0.04,862.73096,1.0
2015-05-30 10:00:00,0.07,1005.7264,1.0
2015-05-30 11:00:00,0.14,1053.8497,1.0
2015-05-30 12:00:00,0.39,1043.5742,1.0
2015-05-30 13:00:00,0.45,941.84894,1.0
2015-05-30 14:00:00,0.5,794.14044,1.0
2015-05-30 15:00:00,0.47,599.4263,1.0
2015-05-30 16:00:00,0.28,424.83246,1.0
2015-05-30 17:00:00,0.28,224.83284,1.0
2015-05-30 18:00:00,0.19,49.336216,1.0
2015-05-30 19:00:00,0.02,1.9893655,0.3472222222222222
2015-05-30 20:00:00,0.0,0.0,0.0
2015-05-30 21:00:00,0.0,0.0,0.0
2015-05-30 22:00:00,0.03,0.0,0.0
2015-05-30 23:00:00,0.13,0.0,0.0
2015-05-31 00:00:00,0.52,0.0,0.0
2015-05-31 01:00:00,0.45,0.0,0.0
2015-05-31 02:00:00,0.26,0.0,0.0
2015-05-31 03:00:00,0.65,0.0,0.0
2015-05-31 04:00:00,0.57,3.2365694,0.4166666666666667
2015-05-31 05:00:00,0.3,87.58687,1.0
2015-05-31 06:00:00,0.2,284.9234,1.0
2015-05-31 07:00:00,0.14,510.0143,1.0
2015-05-31 08:00:00,0.14,710.9173,1.0
2015-05-31 09:00:00,0.17,881.15686,1.0
2015-05-31 10:00:00,0.4,977.13495,1.0
2015-05-31 11:00:00,0.46,1008.864,1.0
2015-05-31 12:00:00,0.38,963.71674,1.0
2015-05-31 13:00:00,0.29,909.7757,1.0
2015-05-31 14:00:00,0.33,703.57874,1.0
2015-05-31 15:00:00,0.8,446.61478,1.0
2015-05-31 16:00:00,0.75,380.2956,1.0
2015-05-31 17:00:00,0.87,204.43503,1.0
2015-05-31 18:00:00,0.69,49.837227,1.0
2015-05-31 19:00:00,0.25,1.9878461,0.36
2015-05-31 20:00:00,0.15,0.0,0.0
2015-05-31 21:00:00,0.1,0.0,0.0
2015-05-31 22:00:00,0.44,0.0,0.0
2015-05-31 23:00:00,0.82,0.0,0.0
2015-06-01 00:00:00,0.8,0.0,0.0
2015-06-01 01:00:00,0.62,0.0,0.0
2015-06-01 02:00:00,0.09,0.0,0.0
2015-06-01 03:00:00,0.3,0.0,0.0
2015-06-01 04:00:00,0.15,3.2350507,0.42388888888888887
2015-06-01 05:00:00,0.0,95.13274,1.0
2015-06-01 06:00:00,0.01,291.75815,1.0
2015-06-01 07:00:00,0.01,511.72818,1.0
2015-06-01 08:00:00,0.0,719.48065,1.0
2015-06-01 09:00:00,0.07,861.4242,1.0
2015-06-01 10:00:00,0.18,960.0655,1.0
2015-06-01 11:00:00,0.24,962.40356,1.0
2015-06-01 12:00:00,0.29,982.9679,1.0
2015-06-01 13:00:00,0.4,892.38983,1.0
2015-06-01 14:00:00,0.42,731.1638,1.0
2015-06-01 15:00:00,0.7,524.0173,1.0
2015-06-01 16:00:00,0.67,410.99457,1.0
2015-06-01 17:00:00,0.43,227.89027,1.0
2015-06-01 18:00:00,0.22,51.817326,1.0
2015-06-01 19:00:00,0.09,2.981769,0.37222222222222223
2015-06-01 20:00:00,0.04,0.0,0.0
2015-06-01 21:00:00,0.03,0.0,0.0
2015-06-01 22:00:00,0.01,0.0,0.0
2015-06-01 23:00:00,0.0,0.0,0.0
2015-06-02 00:00:00,0.0,0.0,0.0
2015-06-02 01:00:00,0.0,0.0,0.0
2015-06-02 02:00:00,0.0,0.0,0.0
2015-06-02 03:00:00,0.31,0.0,0.0
2015-06-02 04:00:00,0.78,3.2333195,0.4305555555555556
2015-06-02 05:00:00,0.91,87.6591,1.0
2015-06-02 06:00:00,0.79,260.9661,1.0
2015-06-02 07:00:00,0.55,491.95526,1.0
2015-06-02 08:00:00,0.6,707.25745,1.0
2015-06-02 09:00:00,0.5,890.96533,1.0
2015-06-02 10:00:00,0.44,1006.71094,1.0
2015-06-02 11:00:00,0.25,1035.7767,1.0
2015-06-02 12:00:00,0.22,1011.7673,1.0
2015-06-02 13:00:00,0.22,950.55176,1.0
2015-06-02 14:00:00,0.36,822.0661,1.0
2015-06-02 15:00:00,0.64,625.3484,1.0
2015-06-02 16:00:00,0.47,423.58804,1.0
2015-06-02 17:00:00,0.38,234.1005,1.0
2015-06-02 18:00:00,0.01,54.382824,1.0
2015-06-02 19:00:00,0.0,2.9832883,0.38416666666666666
2015-06-02 20:00:00,0.0,0.0,0.0
2015-06-02 21:00:00,0.0,0.0,0.0
2015-06-02 22:00:00,0.0,0.0,0.0
2015-06-02 23:00:00,0.0,0.0,0.0
2015-06-03 00:00:00,0.0,0.0,0.0
2015-06-03 01:00:00,0.0,0.0,0.0
2015-06-03 02:00:00,0.0,0.0,0.0
2015-06-03 03:00:00,0.0,0.0,0.0
2015-06-03 04:00:00,0.0,3.4810095,0.43666666666666665
2015-06-03 05:00:00,0.0,98.191696,1.0
2015-06-03 06:00:00,0.15,294.30283,1.0
2015-06-03 07:00:00,0.42,493.13022,1.0
2015-06-03 08:00:00,0.58,681.8303,1.0
2015-06-03 09:00:00,0.53,738.5664,1.0
2015-06-03 10:00:00,0.68,820.518,1.0
2015-06-03 11:00:00,0.82,1010.24554,1.0
2015-06-03 12:00:00,0.93,975.92194,1.0
2015-06-03 13:00:00,0.9,889.1066,1.0
2015-06-03 14:00:00,0.94,751.7851,1.0
2015-06-03 15:00:00,0.8,444.44016,1.0
2015-06-03 16:00:00,0.92,299.6389,1.0
2015-06-03 17:00:00,0.9,209.7075,1.0
2015-06-03 18:00:00,0.95,56.8352,1.0
2015-06-03 19:00:00,0.95,3.9756923,0.39555555555555555
2015-06-03 20:00:00,0.95,0.0,0.0
2015-06-03 21:00:00,0.96,0.0,0.0
2015-06-03 22:00:00,0.96,0.0,0.0
2015-06-03 23:00:00,0.93,0.0,0.0
2015-06-04 00:00:00,0.92,0.0,0.0
2015-06-04 01:00:00,0.71,0.0,0.0
2015-06-04 02:00:00,0.62,0.0,0.0
2015-06-04 03:00:00,0.64,0.0,0.0
2015-06-04 04:00:00,0.57,2.2353172,0.44222222222222224
2015-06-04 05:00:00,0.59,75.32706,1.0
2015-06-04 06:00:00,0.38,236.79935,1.0
2015-06-04 07:00:00,0.35,498.65378,1.0
2015-06-04 08:00:00,0.19,659.9033,1.0
2015-06-04 09:00:00,0.0,861.28687,1.0
2015-06-04 10:00:00,0.2,937.17755,1.0
2015-06-04 11:00:00,0.31,1058.2477,1.0
2015-06-04 12:00:00,0.45,989.9001,1.0
2015-06-04 13:00:00,0.73,953.60443,1.0
2015-06-04 14:00:00,0.92,775.2767,1.0
2015-06-04 15:00:00,0.89,592.6353,1.0
2015-06-04 16:00:00,0.47,405.0954,1.0
2015-06-04 17:00:00,0.34,224.66058,1.0
2015-06-04 18:00:00,0.42,55.61071,1.0
2015-06-04 19:00:00,0.54,2.9832883,0.4066666666666667
2015-06-04 20:00:00,0.96,0.0,0.0
2015-06-04 21:00:00,1.0,0.0,0.0
2015-06-04 22:00:00,1.0,0.0,0.0
2015-06-04 23:00:00,1.0,0.0,0.0
2015-06-05 00:00:00,0.89,0.0,0.0
2015-06-05 01:00:00,0.79,0.0,0.0
2015-06-05 02:00:00,0.7,0.0,0.0
2015-06-05 03:00:00,0.87,0.0,0.0
2015-06-05 04:00:00,1.0,2.2330377,0.44722222222222224
2015-06-05 05:00:00,0.96,65.02764,1.0
2015-06-05 06:00:00,1.0,163.38507,1.0
2015-06-05 07:00:00,1.0,247.16843,1.0
2015-06-05 08:00:00,1.0,336.75662,1.0
2015-06-05 09:00:00,0.95,267.59305,1.0
2015-06-05 10:00:00,0.87,482.5175,1.0
2015-06-05 11:00:00,0.75,798.90405,1.0
2015-06-05 12:00:00,0.7,731.86847,1.0
2015-06-05 13:00:00,0.92,422.7525,1.0
2015-06-05 14:00:00,0.93,328.751,1.0
2015-06-05 15:00:00,0.91,253.21033,1.0
2015-06-05 16:00:00,0.94,178.00989,1.0
2015-06-05 17:00:00,0.85,108.00745,1.0
2015-06-05 18:00:00,0.73,50.21808,1.0
2015-06-05 19:00:00,0.84,2.9832883,0.4172222222222222
2015-06-05 20:00:00,0.8,0.0,0.0
2015-06-05 21:00:00,0.81,0.0,0.0
2015-06-05 22:00:00,0.55,0.0,0.0
2015-06-05 23:00:00,0.55,0.0,0.0
2015-06-06 00:00:00,0.87,0.0,0.0
2015-06-06 01:00:00,0.9,0.0,0.0
2015-06-06 02:00:00,0.7,0.0,0.0
2015-06-06 03:00:00,0.34,0.0,0.0
2015-06-06 04:00:00,0.29,3.2245302,0.45166666666666666
2015-06-06 05:00:00,0.47,71.38537,1.0
2015-06-06 06:00:00,0.41,173.22769,1.0
2015-06-06 07:00:00,0.3,249.62825,1.0
2015-06-06 08:00:00,0.44,418.05875,1.0
2015-06-06 09:00:00,0.11,706.2082,1.0
2015-06-06 10:00:00,0.38,932.1062,1.0
2015-06-06 11:00:00,0.64,838.90533,1.0
2015-06-06 12:00:00,0.59,699.0481,1.0
2015-06-06 13:00:00,0.67,723.94543,1.0
2015-06-06 14:00:00,0.87,533.6111,1.0
2015-06-06 15:00:00,0.74,303.5495,1.0
2015-06-06 16:00:00,0.56,260.74063,1.0
2015-06-06 17:00:00,0.35,160.19562,1.0
2015-06-06 18:00:00,0.35,55.050285,1.0
2015-06-06 19:00:00,0.34,2.9832883,0.4275
2015-06-06 20:00:00,0.32,0.0,0.0
2015-06-06 21:00:00,0.57,0.0,0.0
2015-06-06 22:00:00,0.19,0.0,0.0
2015-06-06 23:00:00,0.01,0.0,0.0
2015-06-07 00:00:00,0.0,0.0,0.0
2015-06-07 01:00:00,0.07,0.0,0.0
2015-06-07 02:00:00,0.16,0.0,0.0
2015-06-07 03:00:00,0.06,0.0,0.0
2015-06-07 04:00:00,0.02,3.4621415,0.4558333333333333
2015-06-07 05:00:00,0.03,97.89524,1.0
2015-06-07 06:00:00,0.02,265.37915,1.0
2015-06-07 07:00:00,0.02,505.88565,1.0
2015-06-07 08:00:00,0.02,713.6011,1.0
2015-06-07 09:00:00,0.09,841.2737,1.0
2015-06-07 10:00:00,0.19,919.84326,1.0
2015-06-07 11:00:00,0.45,945.89404,1.0
2015-06-07 12:00:00,0.52,972.0794,1.0
2015-06-07 13:00:00,0.78,850.47534,1.0
2015-06-07 14:00:00,0.68,656.3235,1.0
2015-06-07 15:00:00,0.84,575.7224,1.0
2015-06-07 16:00:00,0.62,413.03387,1.0
2015-06-07 17:00:00,0.38,212.01576,1.0
2015-06-07 18:00:00,0.47,60.82285,1.0
2015-06-07 19:00:00,0.43,3.9772115,0.43722222222222223
2015-06-07 20:00:00,0.28,0.0,0.0
2015-06-07 21:00:00,0.29,0.0,0.0
2015-06-07 22:00:00,0.44,0.0,0.0
2015-06-07 23:00:00,0.36,0.0,0.0
2015-06-08 00:00:00,0.26,0.0,0.0
2015-06-08 01:00:00,0.22,0.0,0.0
2015-06-08 02:00:00,0.2,0.0,0.0
2015-06-08 03:00:00,0.13,0.0,0.0
2015-06-08 04:00:00,0.1,3.4566731,0.45944444444444443
2015-06-08 05:00:00,0.07,98.78811,1.0
2015-06-08 06:00:00,0.03,298.1036,1.0
2015-06-08 07:00:00,0.0,516.9948,1.0
2015-06-08 08:00:00,0.0,720.41425,1.0
2015-06-08 09:00:00,0.0,889.0917,1.0
2015-06-08 10:00:00,0.0,1008.79474,1.0
2015-06-08 11:00:00,0.0,1058.3015,1.0
2015-06-08 12:00:00,0.18,1011.7074,1.0
2015-06-08 13:00:00,0.21,950.314,1.0
2015-06-08 14:00:00,0.18,703.3312,1.0
2015-06-08 15:00:00,0.46,517.1202,1.0
2015-06-08 16:00:00,0.55,416.0265,1.0
2015-06-08 17:00:00,0.09,228.2213,1.0
2015-06-08 18:00:00,0.04,60.53327,1.0
2015-06-08 19:00:00,0.04,3.978731,0.44666666666666666
2015-06-08 20:00:00,0.01,0.0,0.0
2015-06-08 21:00:00,0.02,0.0,0.0
2015-06-08 22:00:00,0.01,0.0,0.0
2015-06-08 23:00:00,0.02,0.0,0.0
2015-06-09 00:00:00,0.0,0.0,0.0
2015-06-09 01:00:00,0.0,0.0,0.0
2015-06-09 02:00:00,0.0,0.0,0.0
2015-06-09 03:00:00,0.0,0.0,0.0
2015-06-09 04:00:00,0.0,4.444904,0.4625
2015-06-09 05:00:00,0.0,99.38791,1.0
2015-06-09 06:00:00,0.0,299.9054,1.0
2015-06-09 07:00:00,0.0,518.91406,1.0
2015-06-09 08:00:00,0.0,723.36536,1.0
2015-06-09 09:00:00,0.0,890.00806,1.0
2015-06-09 10:00:00,0.03,943.68317,1.0
2015-06-09 11:00:00,0.81,1006.687,1.0
2015-06-09 12:00:00,0.82,894.8199,1.0
2015-06-09 13:00:00,0.93,732.119,1.0
2015-06-09 14:00:00,0.99,652.32275,1.0
2015-06-09 15:00:00,0.68,605.66223,1.0
2015-06-09 16:00:00,0.76,381.349,1.0
2015-06-09 17:00:00,0.6,198.92653,1.0
2015-06-09 18:00:00,0.39,60.89583,1.0
2015-06-09 19:00:00,0.41,3.978731,0.4552777777777778
2015-06-09 20:00:00,0.42,0.0,0.0
2015-06-09 21:00:00,0.28,0.0,0.0
2015-06-09 22:00:00,0.54,0.0,0.0
2015-06-09 23:00:00,0.68,0.0,0.0
2015-06-10 00:00:00,0.97,0.0,0.0
2015-06-10 01:00:00,0.99,0.0,0.0
2015-06-10 02:00:00,1.0,0.0,0.0
2015-06-10 03:00:00,0.87,0.0,0.0
2015-06-10 04:00:00,1.0,1.9878461,0.4647222222222222
2015-06-10 05:00:00,1.0,23.854153,1.0
2015-06-10 06:00:00,1.0,111.35582,1.0
2015-06-10 07:00:00,1.0,76.614845,1.0
2015-06-10 08:00:00,0.98,149.84969,1.0
2015-06-10 09:00:00,0.63,438.02463,1.0
2015-06-10 10:00:00,0.4,689.34265,1.0
2015-06-10 11:00:00,0.52,798.1079,1.0
2015-06-10 12:00:00,0.76,657.8097,1.0
2015-06-10 13:00:00,0.85,562.67175,1.0
2015-06-10 14:00:00,0.99,322.35825,1.0
2015-06-10 15:00:00,0.8,268.54572,1.0
2015-06-10 16:00:00,0.72,185.33522,1.0
2015-06-10 17:00:00,0.45,124.05796,1.0
2015-06-10 18:00:00,0.48,60.491714,1.0
2015-06-10 19:00:00,0.57,3.9772115,0.4638888888888889
2015-06-10 20:00:00,0.58,0.0,0.0
2015-06-10 21:00:00,0.37,0.0,0.0
2015-06-10 22:00:00,0.2,0.0,0.0
2015-06-10 23:00:00,0.17,0.0,0.0
2015-06-11 00:00:00,0.18,0.0,0.0
2015-06-11 01:00:00,0.2,0.0,0.0
2015-06-11 02:00:00,0.03,0.0,0.0
2015-06-11 03:00:00,0.29,0.0,0.0
2015-06-11 04:00:00,0.33,3.2095385,0.4663888888888889
2015-06-11 05:00:00,0.39,69.33388,1.0
2015-06-11 06:00:00,0.4,194.93169,1.0
2015-06-11 07:00:00,0.19,380.84763,1.0
2015-06-11 08:00:00,0.18,595.46924,1.0
2015-06-11 09:00:00,0.33,785.25946,1.0
2015-06-11 10:00:00,0.35,903.8934,1.0
2015-06-11 11:00:00,0.44,767.60565,1.0
2015-06-11 12:00:00,0.77,670.43146,1.0
2015-06-11 13:00:00,0.73,540.5545,1.0
2015-06-11 14:00:00,0.8,461.02487,1.0
2015-06-11 15:00:00,0.96,459.1889,1.0
2015-06-11 16:00:00,1.0,77.314766,1.0
2015-06-11 17:00:00,1.0,61.907,1.0
2015-06-11 18:00:00,1.0,19.878462,1.0
2015-06-11 19:00:00,1.0,0.99392307,0.47194444444444444
2015-06-11 20:00:00,1.0,0.0,0.0
2015-06-11 21:00:00,1.0,0.0,0.0
2015-06-11 22:00:00,1.0,0.0,0.0
2015-06-11 23:00:00,1.0,0.0,0.0
2015-06-12 00:00:00,1.0,0.0,0.0
2015-06-12 01:00:00,1.0,0.0,0.0
2015-06-12 02:00:00,1.0,0.0,0.0
2015-06-12 03:00:00,1.0,0.0,0.0
2015-06-12 04:00:00,1.0,1.9878461,0.4675
2015-06-12 05:00:00,1.0,24.696075,1.0
2015-06-12 06:00:00,1.0,52.677925,1.0
2015-06-12 07:00:00,1.0,138.37486,1.0
2015-06-12 08:00:00,1.0,175.68878,1.0
2015-06-12 09:00:00,0.99,316.7667,1.0
2015-06-12 10:00:00,0.99,478.79388,1.0
2015-06-12 11:00:00,0.99,872.5567,1.0
2015-06-12 12:00:00,0.98,794.9895,1.0
2015-06-12 13:00:00,1.0,806.21655,1.0
2015-06-12 14:00:00,0.91,717.68176,1.0
2015-06-12 15:00:00,0.41,598.77014,1.0
2015-06-12 16:00:00,0.53,422.4424,1.0
2015-06-12 17:00:00,0.46,234.8064,1.0
2015-06-12 18:00:00,0.44,56.261543,1.0
2015-06-12 19:00:00,0.18,3.978731,0.48
2015-06-12 20:00:00,0.1,0.0,0.0
2015-06-12 21:00:00,0.02,0.0,0.0
2015-06-12 22:00:00,0.01,0.0,0.0
2015-06-12 23:00:00,0.01,0.0,0.0
2015-06-13 00:00:00,0.0,0.0,0.0
2015-06-13 01:00:00,0.0,0.0,0.0
2015-06-13 02:00:00,0.0,0.0,0.0
2015-06-13 03:00:00,0.0,0.0,0.0
2015-06-13 04:00:00,0.0,4.4147162,0.46805555555555556
2015-06-13 05:00:00,0.0,99.96567,1.0
2015-06-13 06:00:00,0.0,298.217,1.0
2015-06-13 07:00:00,0.0,515.96405,1.0
2015-06-13 08:00:00,0.05,717.2423,1.0
2015-06-13 09:00:00,0.07,882.82886,1.0
2015-06-13 10:00:00,0.2,912.2237,1.0
2015-06-13 11:00:00,0.4,1012.53076,1.0
2015-06-13 12:00:00,0.77,888.5931,1.0
2015-06-13 13:00:00,0.93,731.4413,1.0
2015-06-13 14:00:00,0.98,524.3173,1.0
2015-06-13 15:00:00,0.99,446.96277,1.0
2015-06-13 16:00:00,0.98,363.90228,1.0
2015-06-13 17:00:00,0.94,202.43887,1.0
2015-06-13 18:00:00,0.94,68.15603,1.0
2015-06-13 19:00:00,0.98,4.9711347,0.4875
2015-06-13 20:00:00,0.97,0.0,0.0
2015-06-13 21:00:00,0.66,0.0,0.0
2015-06-13 22:00:00,0.7,0.0,0.0
2015-06-13 23:00:00,0.76,0.0,0.0
2015-06-14 00:00:00,0.97,0.0,0.0
2015-06-14 01:00:00,1.0,0.0,0.0
2015-06-14 02:00:00,0.97,0.0,0.0
2015-06-14 03:00:00,0.91,0.0,0.0
2015-06-14 04:00:00,0.93,4.190628,0.46805555555555556
2015-06-14 05:00:00,0.87,96.812996,1.0
2015-06-14 06:00:00,0.75,279.1987,1.0
2015-06-14 07:00:00,0.14,495.33252,1.0
2015-06-14 08:00:00,0.46,686.5185,1.0
2015-06-14 09:00:00,0.76,854.97424,1.0
2015-06-14 10:00:00,0.72,877.9968,1.0
2015-06-14 11:00:00,0.41,933.9038,1.0
2015-06-14 12:00:00,0.4,882.60205,1.0
2015-06-14 13:00:00,0.68,855.7933,1.0
2015-06-14 14:00:00,0.46,638.0233,1.0
2015-06-14 15:00:00,0.5,559.2082,1.0
2015-06-14 16:00:00,0.51,391.59833,1.0
2015-06-14 17:00:00,0.41,207.11215,1.0
2015-06-14 18:00:00,0.53,67.63908,1.0
2015-06-14 19:00:00,0.35,4.972654,0.49472222222222223
2015-06-14 20:00:00,0.13,0.0,0.0
2015-06-14 21:00:00,0.07,0.0,0.0
2015-06-14 22:00:00,0.05,0.0,0.0
2015-06-14 23:00:00,0.05,0.0,0.0
2015-06-15 00:00:00,0.09,0.0,0.0
2015-06-15 01:00:00,0.24,0.0,0.0
2015-06-15 02:00:00,0.68,0.0,0.0
2015-06-15 03:00:00,0.81,0.0,0.0
2015-06-15 04:00:00,0.71,3.1917791,0.4675
2015-06-15 05:00:00,0.52,70.861145,1.0
2015-06-15 06:00:00,0.38,198.64853,1.0
2015-06-15 07:00:00,0.43,453.7533,1.0
2015-06-15 08:00:00,0.63,552.04846,1.0
2015-06-15 09:00:00,0.67,615.7965,1.0
2015-06-15 10:00:00,0.88,908.9789,1.0
2015-06-15 11:00:00,0.89,592.90704,1.0
2015-06-15 12:00:00,0.75,706.0806,1.0
2015-06-15 13:00:00,0.83,624.47614,1.0
2015-06-15 14:00:00,0.8,502.47342,1.0
2015-06-15 15:00:00,0.76,429.7458,1.0
2015-06-15 16:00:00,0.73,309.0613,1.0
2015-06-15 17:00:00,0.54,187.46434,1.0
2015-06-15 18:00:00,0.82,57.726933,1.0
2015-06-15 19:00:00,0.54,4.9711347,0.5013888888888889
2015-06-15 20:00:00,0.3,0.0,0.0
2015-06-15 21:00:00,0.59,0.0,0.0
2015-06-15 22:00:00,0.81,0.0,0.0
2015-06-15 23:00:00,0.84,0.0,0.0
2015-06-16 00:00:00,0.49,0.0,0.0
2015-06-16 01:00:00,0.76,0.0,0.0
2015-06-16 02:00:00,0.94,0.0,0.0
2015-06-16 03:00:00,0.75,0.0,0.0
2015-06-16 04:00:00,0.37,4.1805563,0.4663888888888889
2015-06-16 05:00:00,0.28,88.05035,1.0
2015-06-16 06:00:00,0.42,249.25237,1.0
2015-06-16 07:00:00,0.81,441.52505,1.0
2015-06-16 08:00:00,0.82,635.7009,1.0
2015-06-16 09:00:00,0.81,849.0086,1.0
2015-06-16 10:00:00,0.88,949.60425,1.0
2015-06-16 11:00:00,0.62,889.3274,1.0
2015-06-16 12:00:00,0.25,985.94775,1.0
2015-06-16 13:00:00,0.24,805.9701,1.0
2015-06-16 14:00:00,0.4,581.9634,1.0
2015-06-16 15:00:00,0.87,464.5862,1.0
2015-06-16 16:00:00,0.89,339.3861,1.0
2015-06-16 17:00:00,0.92,214.47087,1.0
2015-06-16 18:00:00,0.85,64.90668,1.0
2015-06-16 19:00:00,0.59,4.9711347,0.5077777777777778
2015-06-16 20:00:00,0.65,0.0,0.0
2015-06-16 21:00:00,0.73,0.0,0.0
2015-06-16 22:00:00,0.49,0.0,0.0
2015-06-16 23:00:00,0.3,0.0,0.0
2015-06-17 00:00:00,0.36,0.0,0.0
2015-06-17 01:00:00,0.31,0.0,0.0
2015-06-17 02:00:00,0.2,0.0,0.0
2015-06-17 03:00:00,0.24,0.0,0.0
2015-06-17 04:00:00,0.08,4.374571,0.4647222222222222
2015-06-17 05:00:00,0.0,96.20152,1.0
2015-06-17 06:00:00,0.0,289.75684,1.0
2015-06-17 07:00:00,0.0,505.00967,1.0
2015-06-17 08:00:00,0.0,705.1421,1.0
2015-06-17 09:00:00,0.1,834.8423,1.0
2015-06-17 10:00:00,0.07,969.659,1.0
2015-06-17 11:00:00,0.14,1040.726,1.0
2015-06-17 12:00:00,0.18,974.72656,1.0
2015-06-17 13:00:00,0.32,840.5722,1.0
2015-06-17 14:00:00,0.5,772.31555,1.0
2015-06-17 15:00:00,0.78,497.65637,1.0
2015-06-17 16:00:00,0.57,381.14633,1.0
2015-06-17 17:00:00,0.31,202.55333,1.0
2015-06-17 18:00:00,0.49,66.43256,1.0
2015-06-17 19:00:00,0.53,4.974173,0.5138888888888888
2015-06-17 20:00:00,0.23,0.0,0.0
2015-06-17 21:00:00,0.12,0.0,0.0
2015-06-17 22:00:00,0.03,0.0,0.0
2015-06-17 23:00:00,0.01,0.0,0.0
2015-06-18 00:00:00,0.0,0.0,0.0
2015-06-18 01:00:00,0.0,0.0,0.0
2015-06-18 02:00:00,0.0,0.0,0.0
2015-06-18 03:00:00,0.0,0.0,0.0
2015-06-18 04:00:00,0.0,4.363173,0.4627777777777778
2015-06-18 05:00:00,0.0,99.434875,1.0
2015-06-18 06:00:00,0.0,298.5708,1.0
2015-06-18 07:00:00,0.0,512.2182,1.0
2015-06-18 08:00:00,0.01,718.7709,1.0
2015-06-18 09:00:00,0.01,879.0004,1.0
2015-06-18 10:00:00,0.08,993.75635,1.0
2015-06-18 11:00:00,0.14,1005.605,1.0
2015-06-18 12:00:00,0.3,1011.8917,1.0
2015-06-18 13:00:00,0.57,873.4596,1.0
2015-06-18 14:00:00,0.65,694.4549,1.0
2015-06-18 15:00:00,0.7,585.2158,1.0
2015-06-18 16:00:00,0.74,402.7278,1.0
2015-06-18 17:00:00,0.93,206.76817,1.0
2015-06-18 18:00:00,0.61,68.81764,1.0
2015-06-18 19:00:00,0.11,4.972654,0.5191666666666667
2015-06-18 20:00:00,0.12,0.0,0.0
2015-06-18 21:00:00,0.13,0.0,0.0
2015-06-18 22:00:00,0.0,0.0,0.0
2015-06-18 23:00:00,0.01,0.0,0.0
2015-06-19 00:00:00,0.0,0.0,0.0
2015-06-19 01:00:00,0.0,0.0,0.0
2015-06-19 02:00:00,0.0,0.0,0.0
2015-06-19 03:00:00,0.0,0.0,0.0
2015-06-19 04:00:00,0.0,4.3513436,0.46
2015-06-19 05:00:00,0.0,99.33017,1.0
2015-06-19 06:00:00,0.0,299.46942,1.0
2015-06-19 07:00:00,0.0,518.3685,1.0
2015-06-19 08:00:00,0.0,722.8891,1.0
2015-06-19 09:00:00,0.0,890.7276,1.0
2015-06-19 10:00:00,0.03,987.83887,1.0
2015-06-19 11:00:00,0.15,1034.2051,1.0
2015-06-19 12:00:00,0.41,1003.79663,1.0
2015-06-19 13:00:00,0.55,910.3453,1.0
2015-06-19 14:00:00,0.45,799.00305,1.0
2015-06-19 15:00:00,0.38,624.399,1.0
2015-06-19 16:00:00,0.55,419.64655,1.0
2015-06-19 17:00:00,0.47,251.15646,1.0
2015-06-19 18:00:00,0.01,71.26855,1.0
2015-06-19 19:00:00,0.0,5.968096,0.5241666666666667
2015-06-19 20:00:00,0.0,0.0,0.0
2015-06-19 21:00:00,0.0,0.0,0.0
2015-06-19 22:00:00,0.0,0.0,0.0
2015-06-19 23:00:00,0.0,0.0,0.0
2015-06-20 00:00:00,0.0,0.0,0.0
2015-06-20 01:00:00,0.0,0.0,0.0
2015-06-20 02:00:00,0.0,0.0,0.0
2015-06-20 03:00:00,0.0,0.0,0.0
2015-06-20 04:00:00,0.0,4.33895,0.45694444444444443
2015-06-20 05:00:00,0.02,100.88771,1.0
2015-06-20 06:00:00,0.01,302.35767,1.0
2015-06-20 07:00:00,0.02,520.3664,1.0
2015-06-20 08:00:00,0.01,721.7929,1.0
2015-06-20 09:00:00,0.0,887.5429,1.0
2015-06-20 10:00:00,0.0,1006.38904,1.0
2015-06-20 11:00:00,0.06,1028.1927,1.0
2015-06-20 12:00:00,0.12,963.73016,1.0
2015-06-20 13:00:00,0.54,880.6819,1.0
2015-06-20 14:00:00,0.86,742.8395,1.0
2015-06-20 15:00:00,0.75,543.17926,1.0
2015-06-20 16:00:00,0.94,388.11557,1.0
2015-06-20 17:00:00,0.74,218.656,1.0
2015-06-20 18:00:00,0.67,73.42545,1.0
2015-06-20 19:00:00,0.32,5.968096,0.5288888888888889
2015-06-20 20:00:00,0.07,0.0,0.0
2015-06-20 21:00:00,0.0,0.0,0.0
2015-06-20 22:00:00,0.0,0.0,0.0
2015-06-20 23:00:00,0.38,0.0,0.0
2015-06-21 00:00:00,0.59,0.0,0.0
2015-06-21 01:00:00,0.41,0.0,0.0
2015-06-21 02:00:00,0.45,0.0,0.0
2015-06-21 03:00:00,0.38,0.0,0.0
2015-06-21 04:00:00,0.57,4.150979,0.4533333333333333
2015-06-21 05:00:00,0.77,89.489235,1.0
2015-06-21 06:00:00,0.95,276.66278,1.0
2015-06-21 07:00:00,0.92,474.3488,1.0
2015-06-21 08:00:00,0.9,700.71594,1.0
2015-06-21 09:00:00,0.75,876.9275,1.0
2015-06-21 10:00:00,0.69,993.9509,1.0
2015-06-21 11:00:00,0.67,1022.32556,1.0
2015-06-21 12:00:00,0.74,993.21344,1.0
2015-06-21 13:00:00,0.45,905.60724,1.0
2015-06-21 14:00:00,0.54,758.953,1.0
2015-06-21 15:00:00,0.85,608.3169,1.0
2015-06-21 16:00:00,0.6,448.15543,1.0
2015-06-21 17:00:00,0.22,253.63931,1.0
2015-06-21 18:00:00,0.0,75.10717,1.0
2015-06-21 19:00:00,0.0,4.9756923,0.5327777777777778
2015-06-21 20:00:00,0.0,0.0,0.0
2015-06-21 21:00:00,0.0,0.0,0.0
2015-06-21 22:00:00,0.0,0.0,0.0
2015-06-21 23:00:00,0.0,0.0,0.0
2015-06-22 00:00:00,0.0,0.0,0.0
2015-06-22 01:00:00,0.0,0.0,0.0
2015-06-22 02:00:00,0.3,0.0,0.0
2015-06-22 03:00:00,0.16,0.0,0.0
2015-06-22 04:00:00,0.17,4.3130145,0.4494444444444444
2015-06-22 05:00:00,0.54,99.52313,1.0
2015-06-22 06:00:00,0.97,291.42416,1.0
2015-06-22 07:00:00,0.99,488.30878,1.0
2015-06-22 08:00:00,0.98,700.8112,1.0
2015-06-22 09:00:00,0.91,857.49896,1.0
2015-06-22 10:00:00,0.87,966.2014,1.0
2015-06-22 11:00:00,0.87,1011.0523,1.0
2015-06-22 12:00:00,0.61,1020.8796,1.0
2015-06-22 13:00:00,0.31,896.2679,1.0
2015-06-22 14:00:00,0.31,752.86346,1.0
2015-06-22 15:00:00,0.11,639.57623,1.0
2015-06-22 16:00:00,0.07,462.5322,1.0
2015-06-22 17:00:00,0.11,248.30635,1.0
2015-06-22 18:00:00,0.11,71.24126,1.0
2015-06-22 19:00:00,0.18,5.968096,0.5363888888888889
2015-06-22 20:00:00,0.16,0.0,0.0
2015-06-22 21:00:00,0.13,0.0,0.0
2015-06-22 22:00:00,0.03,0.0,0.0
2015-06-22 23:00:00,0.06,0.0,0.0
2015-06-23 00:00:00,0.0,0.0,0.0
2015-06-23 01:00:00,0.0,0.0,0.0
2015-06-23 02:00:00,0.0,0.0,0.0
2015-06-23 03:00:00,0.0,0.0,0.0
2015-06-23 04:00:00,0.0,3.305613,0.445
2015-06-23 05:00:00,0.0,97.76556,1.0
2015-06-23 06:00:00,0.0,302.1651,1.0
2015-06-23 07:00:00,0.0,520.3448,1.0
2015-06-23 08:00:00,0.0,720.8186,1.0
2015-06-23 09:00:00,0.0,882.42535,1.0
2015-06-23 10:00:00,0.01,973.20984,1.0
2015-06-23 11:00:00,0.22,1009.9835,1.0
2015-06-23 12:00:00,0.45,993.5549,1.0
2015-06-23 13:00:00,0.39,859.04785,1.0
2015-06-23 14:00:00,0.39,749.05347,1.0
2015-06-23 15:00:00,0.52,636.20154,1.0
2015-06-23 16:00:00,0.23,404.24738,1.0
2015-06-23 17:00:00,0.71,186.43887,1.0
2015-06-23 18:00:00,0.89,65.900024,1.0
2015-06-23 19:00:00,0.84,5.968096,0.5394444444444444
2015-06-23 20:00:00,0.81,0.0,0.0
2015-06-23 21:00:00,0.95,0.0,0.0
2015-06-23 22:00:00,0.94,0.0,0.0
2015-06-23 23:00:00,0.98,0.0,0.0
2015-06-24 00:00:00,0.98,0.0,0.0
2015-06-24 01:00:00,0.95,0.0,0.0
2015-06-24 02:00:00,0.96,0.0,0.0
2015-06-24 03:00:00,0.99,0.0,0.0
2015-06-24 04:00:00,0.97,2.981769,0.44027777777777777
2015-06-24 05:00:00,0.93,55.641117,1.0
2015-06-24 06:00:00,0.93,152.94025,1.0
2015-06-24 07:00:00,0.78,287.75998,1.0
2015-06-24 08:00:00,0.41,515.8221,1.0
2015-06-24 09:00:00,0.26,693.97394,1.0
2015-06-24 10:00:00,0.29,811.64636,1.0
2015-06-24 11:00:00,0.71,997.88275,1.0
2015-06-24 12:00:00,0.66,927.25824,1.0
2015-06-24 13:00:00,0.87,748.3472,1.0
2015-06-24 14:00:00,0.81,673.94434,1.0
2015-06-24 15:00:00,0.86,431.02103,1.0
2015-06-24 16:00:00,0.93,348.8478,1.0
2015-06-24 17:00:00,0.96,194.7002,1.0
2015-06-24 18:00:00,1.0,61.13475,1.0
2015-06-24 19:00:00,1.0,5.9650574,0.5416666666666666
2015-06-24 20:00:00,1.0,0.0,0.0
2015-06-24 21:00:00,1.0,0.0,0.0
2015-06-24 22:00:00,1.0,0.0,0.0
2015-06-24 23:00:00,0.98,0.0,0.0
2015-06-25 00:00:00,0.95,0.0,0.0
2015-06-25 01:00:00,0.85,0.0,0.0
2015-06-25 02:00:00,0.51,0.0,0.0
2015-06-25 03:00:00,0.02,0.0,0.0
2015-06-25 04:00:00,0.09,3.2774835,0.435
2015-06-25 05:00:00,0.29,95.104256,1.0
2015-06-25 06:00:00,0.26,292.21658,1.0
2015-06-25 07:00:00,0.41,503.62924,1.0
2015-06-25 08:00:00,0.51,700.5871,1.0
2015-06-25 09:00:00,0.43,871.75323,1.0
2015-06-25 10:00:00,0.17,968.32385,1.0
2015-06-25 11:00:00,0.15,1005.40955,1.0
2015-06-25 12:00:00,0.3,1010.76776,1.0
2015-06-25 13:00:00,0.29,942.88745,1.0
2015-06-25 14:00:00,0.3,712.435,1.0
2015-06-25 15:00:00,0.52,626.9079,1.0
2015-06-25 16:00:00,0.54,411.8735,1.0
2015-06-25 17:00:00,0.62,222.23064,1.0
2015-06-25 18:00:00,0.58,67.541916,1.0
2015-06-25 19:00:00,0.49,5.9665766,0.5436111111111112
2015-06-25 20:00:00,0.29,0.0,0.0
2015-06-25 21:00:00,0.17,0.0,0.0
2015-06-25 22:00:00,0.06,0.0,0.0
2015-06-25 23:00:00,0.05,0.0,0.0
2015-06-26 00:00:00,0.07,0.0,0.0
2015-06-26 01:00:00,0.22,0.0,0.0
2015-06-26 02:00:00,0.43,0.0,0.0
2015-06-26 03:00:00,0.66,0.0,0.0
2015-06-26 04:00:00,0.68,1.9878461,0.42944444444444446
2015-06-26 05:00:00,0.66,53.67705,1.0
2015-06-26 06:00:00,0.55,177.53458,1.0
2015-06-26 07:00:00,0.37,408.23102,1.0
2015-06-26 08:00:00,0.31,557.4187,1.0
2015-06-26 09:00:00,0.51,609.38544,1.0
2015-06-26 10:00:00,0.39,726.9869,1.0
2015-06-26 11:00:00,0.37,886.2968,1.0
2015-06-26 12:00:00,0.5,850.65106,1.0
2015-06-26 13:00:00,0.43,817.00397,1.0
2015-06-26 14:00:00,0.38,745.1752,1.0
2015-06-26 15:00:00,0.45,654.0852,1.0
2015-06-26 16:00:00,0.48,428.3902,1.0
2015-06-26 17:00:00,0.5,237.00673,1.0
2015-06-26 18:00:00,0.51,69.75252,1.0
2015-06-26 19:00:00,0.29,4.974173,0.5447222222222222
2015-06-26 20:00:00,0.16,0.0,0.0
2015-06-26 21:00:00,0.13,0.0,0.0
2015-06-26 22:00:00,0.01,0.0,0.0
2015-06-26 23:00:00,0.01,0.0,0.0
2015-06-27 00:00:00,0.0,0.0,0.0
2015-06-27 01:00:00,0.01,0.0,0.0
2015-06-27 02:00:00,0.26,0.0,0.0
2015-06-27 03:00:00,0.22,0.0,0.0
2015-06-27 04:00:00,0.38,3.114977,0.42333333333333334
2015-06-27 05:00:00,0.09,93.29298,1.0
2015-06-27 06:00:00,0.09,287.27765,1.0
2015-06-27 07:00:00,0.08,504.94406,1.0
2015-06-27 08:00:00,0.01,706.39545,1.0
2015-06-27 09:00:00,0.0,873.226,1.0
2015-06-27 10:00:00,0.15,984.20966,1.0
2015-06-27 11:00:00,0.22,1041.5809,1.0
2015-06-27 12:00:00,0.24,959.13635,1.0
2015-06-27 13:00:00,0.69,860.0515,1.0
2015-06-27 14:00:00,0.77,645.7053,1.0
2015-06-27 15:00:00,0.9,397.54932,1.0
2015-06-27 16:00:00,0.71,397.42032,1.0
2015-06-27 17:00:00,0.54,222.91522,1.0
2015-06-27 18:00:00,0.65,72.6608,1.0
2015-06-27 19:00:00,0.42,5.9665766,0.5455555555555556
2015-06-27 20:00:00,0.13,0.0,0.0
2015-06-27 21:00:00,0.0,0.0,0.0
2015-06-27 22:00:00,0.01,0.0,0.0
2015-06-27 23:00:00,0.05,0.0,0.0
2015-06-28 00:00:00,0.14,0.0,0.0
2015-06-28 01:00:00,0.28,0.0,0.0
2015-06-28 02:00:00,0.2,0.0,0.0
2015-06-28 03:00:00,0.04,0.0,0.0
2015-06-28 04:00:00,0.03,3.107433,0.4172222222222222
2015-06-28 05:00:00,0.01,92.39696,1.0
2015-06-28 06:00:00,0.04,283.3521,1.0
2015-06-28 07:00:00,0.11,497.59973,1.0
2015-06-28 08:00:00,0.04,695.71234,1.0
2015-06-28 09:00:00,0.02,851.48016,1.0
2015-06-28 10:00:00,0.06,982.9688,1.0
2015-06-28 11:00:00,0.16,987.6172,1.0
2015-06-28 12:00:00,0.18,987.65784,1.0
2015-06-28 13:00:00,0.6,895.0389,1.0
2015-06-28 14:00:00,0.83,666.4515,1.0
2015-06-28 15:00:00,1.0,567.5872,1.0
2015-06-28 16:00:00,1.0,348.2899,1.0
2015-06-28 17:00:00,0.98,214.44862,1.0
2015-06-28 18:00:00,0.84,73.14871,1.0
2015-06-28 19:00:00,0.73,5.9665766,0.5455555555555556
2015-06-28 20:00:00,0.76,0.0,0.0
2015-06-28 21:00:00,0.54,0.0,0.0
2015-06-28 22:00:00,0.96,0.0,0.0
2015-06-28 23:00:00,0.94,0.0,0.0
2015-06-29 00:00:00,0.96,0.0,0.0
2015-06-29 01:00:00,0.96,0.0,0.0
2015-06-29 02:00:00,0.9,0.0,0.0
2015-06-29 03:00:00,0.57,0.0,0.0
2015-06-29 04:00:00,0.13,3.0998163,0.41055555555555556
2015-06-29 05:00:00,0.06,85.94495,1.0
2015-06-29 06:00:00,0.0,269.50732,1.0
2015-06-29 07:00:00,0.0,490.73212,1.0
2015-06-29 08:00:00,0.01,689.81934,1.0
2015-06-29 09:00:00,0.1,848.048,1.0
2015-06-29 10:00:00,0.35,895.71814,1.0
2015-06-29 11:00:00,0.17,855.0379,1.0
2015-06-29 12:00:00,0.36,940.6979,1.0
2015-06-29 13:00:00,0.44,903.87683,1.0
2015-06-29 14:00:00,0.32,750.61804,1.0
2015-06-29 15:00:00,0.49,567.59766,1.0
2015-06-29 16:00:00,0.17,400.19846,1.0
2015-06-29 17:00:00,0.26,232.43178,1.0
2015-06-29 18:00:00,0.04,73.76403,1.0
2015-06-29 19:00:00,0.0,4.9756923,0.5447222222222222
2015-06-29 20:00:00,0.0,0.0,0.0
2015-06-29 21:00:00,0.0,0.0,0.0
2015-06-29 22:00:00,0.0,0.0,0.0
2015-06-29 23:00:00,0.01,0.0,0.0
2015-06-30 00:00:00,0.04,0.0,0.0
2015-06-30 01:00:00,0.33,0.0,0.0
2015-06-30 02:00:00,0.99,0.0,0.0
2015-06-30 03:00:00,0.97,0.0,0.0
2015-06-30 04:00:00,0.94,3.9756923,0.4033333333333333
2015-06-30 05:00:00,0.97,84.247635,1.0
2015-06-30 06:00:00,0.98,256.83746,1.0
2015-06-30 07:00:00,0.84,471.29965,1.0
2015-06-30 08:00:00,0.86,660.801,1.0
2015-06-30 09:00:00,0.52,837.6531,1.0
2015-06-30 10:00:00,0.0,986.35266,1.0
2015-06-30 11:00:00,0.01,1052.8235,1.0
2015-06-30 12:00:00,0.27,1004.24756,1.0
2015-06-30 13:00:00,0.25,965.2628,1.0
2015-06-30 14:00:00,0.21,795.27924,1.0
2015-06-30 15:00:00,0.75,623.9943,1.0
2015-06-30 16:00:00,0.84,445.8164,1.0
2015-06-30 17:00:00,0.95,243.12904,1.0
2015-06-30 18:00:00,0.99,68.71749,1.0
2015-06-30 19:00:00,0.98,4.972654,0.5436111111111112
2015-06-30 20:00:00,0.96,0.0,0.0
2015-06-30 21:00:00,0.95,0.0,0.0
2015-06-30 22:00:00,0.98,0.0,0.0
2015-06-30 23:00:00,0.9,0.0,0.0
2015-07-01 00:00:00,0.79,0.0,0.0
2015-07-01 01:00:00,0.66,0.0,0.0
2015-07-01 02:00:00,0.6,0.0,0.0
2015-07-01 03:00:00,0.68,0.0,0.0
2015-07-01 04:00:00,0.76,2.0890222,0.39555555555555555
2015-07-01 05:00:00,0.77,83.08204,1.0
2015-07-01 06:00:00,0.75,273.57083,1.0
2015-07-01 07:00:00,0.67,484.72778,1.0
2015-07-01 08:00:00,0.28,682.7939,1.0
2015-07-01 09:00:00,0.0,775.18243,1.0
2015-07-01 10:00:00,0.34,795.1049,1.0
2015-07-01 11:00:00,0.5,891.0114,1.0
2015-07-01 12:00:00,0.38,831.13586,1.0
2015-07-01 13:00:00,0.67,832.0475,1.0
2015-07-01 14:00:00,0.79,497.17996,1.0
2015-07-01 15:00:00,1.0,411.80753,1.0
2015-07-01 16:00:00,0.97,334.60236,1.0
2015-07-01 17:00:00,0.96,178.09306,1.0
2015-07-01 18:00:00,0.86,63.83994,1.0
2015-07-01 19:00:00,0.6,6.9589806,0.5419444444444445
2015-07-01 20:00:00,0.51,0.0,0.0
2015-07-01 21:00:00,0.69,0.0,0.0
2015-07-01 22:00:00,0.88,0.0,0.0
2015-07-01 23:00:00,0.7,0.0,0.0
2015-07-02 00:00:00,0.46,0.0,0.0
2015-07-02 01:00:00,0.34,0.0,0.0
2015-07-02 02:00:00,0.21,0.0,0.0
2015-07-02 03:00:00,0.28,0.0,0.0
2015-07-02 04:00:00,0.96,2.0797849,0.3875
2015-07-02 05:00:00,1.0,83.59568,1.0
2015-07-02 06:00:00,1.0,242.95564,1.0
2015-07-02 07:00:00,1.0,361.61545,1.0
2015-07-02 08:00:00,0.96,549.5724,1.0
2015-07-02 09:00:00,0.58,784.1747,1.0
2015-07-02 10:00:00,0.54,857.4491,1.0
2015-07-02 11:00:00,0.68,926.92737,1.0
2015-07-02 12:00:00,0.71,880.98596,1.0
2015-07-02 13:00:00,0.27,845.941,1.0
2015-07-02 14:00:00,0.41,741.20605,1.0
2015-07-02 15:00:00,0.68,588.025,1.0
2015-07-02 16:00:00,0.74,389.968,1.0
2015-07-02 17:00:00,0.49,231.80475,1.0
2015-07-02 18:00:00,0.49,68.38879,1.0
2015-07-02 19:00:00,0.73,4.974173,0.5397222222222222
2015-07-02 20:00:00,0.69,0.0,0.0
2015-07-02 21:00:00,0.43,0.0,0.0
2015-07-02 22:00:00,0.25,0.0,0.0
2015-07-02 23:00:00,0.19,0.0,0.0
2015-07-03 00:00:00,0.01,0.0,0.0
2015-07-03 01:00:00,0.03,0.0,0.0
2015-07-03 02:00:00,0.07,0.0,0.0
2015-07-03 03:00:00,0.37,0.0,0.0
2015-07-03 04:00:00,0.39,2.0699224,0.3786111111111111
2015-07-03 05:00:00,0.39,76.73032,1.0
2015-07-03 06:00:00,0.4,261.8437,1.0
2015-07-03 07:00:00,0.31,489.16348,1.0
2015-07-03 08:00:00,0.02,689.52594,1.0
2015-07-03 09:00:00,0.03,828.4398,1.0
2015-07-03 10:00:00,0.39,909.9548,1.0
2015-07-03 11:00:00,0.39,988.08575,1.0
2015-07-03 12:00:00,0.45,1034.693,1.0
2015-07-03 13:00:00,0.25,887.78973,1.0
2015-07-03 14:00:00,0.62,795.96844,1.0
2015-07-03 15:00:00,0.69,563.34937,1.0
2015-07-03 16:00:00,0.22,399.07455,1.0
2015-07-03 17:00:00,0.25,247.00383,1.0
2015-07-03 18:00:00,0.53,73.32527,1.0
2015-07-03 19:00:00,0.56,4.9756923,0.5372222222222223
2015-07-03 20:00:00,0.52,0.0,0.0
2015-07-03 21:00:00,0.41,0.0,0.0
2015-07-03 22:00:00,0.15,0.0,0.0
2015-07-03 23:00:00,0.12,0.0,0.0
2015-07-04 00:00:00,0.38,0.0,0.0
2015-07-04 01:00:00,0.06,0.0,0.0
2015-07-04 02:00:00,0.0,0.0,0.0
2015-07-04 03:00:00,0.01,0.0,0.0
2015-07-04 04:00:00,0.27,2.0594206,0.36944444444444446
2015-07-04 05:00:00,0.02,84.106514,1.0
2015-07-04 06:00:00,0.0,275.80673,1.0
2015-07-04 07:00:00,0.0,495.66867,1.0
2015-07-04 08:00:00,0.0,696.1552,1.0
2015-07-04 09:00:00,0.0,852.4264,1.0
2015-07-04 10:00:00,0.16,953.1771,1.0
2015-07-04 11:00:00,0.33,1006.10876,1.0
2015-07-04 12:00:00,0.34,1000.0071,1.0
2015-07-04 13:00:00,0.32,858.319,1.0
2015-07-04 14:00:00,0.37,644.47504,1.0
2015-07-04 15:00:00,0.64,522.16174,1.0
2015-07-04 16:00:00,0.78,374.73322,1.0
2015-07-04 17:00:00,0.86,205.64302,1.0
2015-07-04 18:00:00,0.92,72.35863,1.0
2015-07-04 19:00:00,0.92,5.968096,0.5338888888888889
2015-07-04 20:00:00,0.97,0.0,0.0
2015-07-04 21:00:00,0.99,0.0,0.0
2015-07-04 22:00:00,0.96,0.0,0.0
2015-07-04 23:00:00,0.92,0.0,0.0
2015-07-05 00:00:00,0.94,0.0,0.0
2015-07-05 01:00:00,0.96,0.0,0.0
2015-07-05 02:00:00,0.99,0.0,0.0
2015-07-05 03:00:00,0.99,0.0,0.0
2015-07-05 04:00:00,0.98,2.981769,0.36
2015-07-05 05:00:00,1.0,73.19532,1.0
2015-07-05 06:00:00,0.02,252.14494,1.0
2015-07-05 07:00:00,0.58,439.32147,1.0
2015-07-05 08:00:00,1.0,591.34186,1.0
2015-07-05 09:00:00,0.99,708.4745,1.0
2015-07-05 10:00:00,0.99,722.84625,1.0
2015-07-05 11:00:00,1.0,673.78345,1.0
2015-07-05 12:00:00,0.99,543.0119,1.0
2015-07-05 13:00:00,1.0,526.552,1.0
2015-07-05 14:00:00,1.0,327.96542,1.0
2015-07-05 15:00:00,1.0,224.29276,1.0
2015-07-05 16:00:00,1.0,100.38623,1.0
2015-07-05 17:00:00,0.99,85.916306,1.0
2015-07-05 18:00:00,0.87,63.313904,1.0
2015-07-05 19:00:00,0.66,5.9650574,0.5302777777777777
2015-07-05 20:00:00,0.67,0.0,0.0
2015-07-05 21:00:00,0.58,0.0,0.0
2015-07-05 22:00:00,0.83,0.0,0.0
2015-07-05 23:00:00,0.86,0.0,0.0
2015-07-06 00:00:00,0.83,0.0,0.0
2015-07-06 01:00:00,0.59,0.0,0.0
2015-07-06 02:00:00,0.33,0.0,0.0
2015-07-06 03:00:00,0.99,0.0,0.0
2015-07-06 04:00:00,0.97,0.99392307,0.35
2015-07-06 05:00:00,0.97,34.242756,1.0
2015-07-06 06:00:00,0.98,81.48008,1.0
2015-07-06 07:00:00,0.99,118.44222,1.0
2015-07-06 08:00:00,0.99,220.55254,1.0
2015-07-06 09:00:00,0.99,221.67183,1.0
2015-07-06 10:00:00,1.0,286.93848,1.0
2015-07-06 11:00:00,1.0,245.22604,1.0
2015-07-06 12:00:00,1.0,332.16092,1.0
2015-07-06 13:00:00,1.0,316.8552,1.0
2015-07-06 14:00:00,1.0,271.27066,1.0
2015-07-06 15:00:00,0.98,311.9704,1.0
2015-07-06 16:00:00,1.0,149.51926,1.0
2015-07-06 17:00:00,1.0,63.281704,1.0
2015-07-06 18:00:00,0.96,42.5223,1.0
2015-07-06 19:00:00,0.72,3.9772115,0.5261111111111111
2015-07-06 20:00:00,0.8,0.0,0.0
2015-07-06 21:00:00,1.0,0.0,0.0
2015-07-06 22:00:00,1.0,0.0,0.0
2015-07-06 23:00:00,1.0,0.0,0.0
2015-07-07 00:00:00,1.0,0.0,0.0
2015-07-07 01:00:00,0.95,0.0,0.0
2015-07-07 02:00:00,0.91,0.0,0.0
2015-07-07 03:00:00,0.91,0.0,0.0
2015-07-07 04:00:00,0.84,1.9878461,0.33944444444444444
2015-07-07 05:00:00,1.0,59.576836,1.0
2015-07-07 06:00:00,1.0,154.01068,1.0
2015-07-07 07:00:00,1.0,370.08524,1.0
2015-07-07 08:00:00,0.98,541.98376,1.0
2015-07-07 09:00:00,0.94,633.5913,1.0
2015-07-07 10:00:00,0.84,710.89264,1.0
2015-07-07 11:00:00,0.73,683.72656,1.0
2015-07-07 12:00:00,0.74,695.7366,1.0
2015-07-07 13:00:00,0.99,637.52386,1.0
2015-07-07 14:00:00,1.0,273.31717,1.0
2015-07-07 15:00:00,1.0,255.12897,1.0
2015-07-07 16:00:00,1.0,143.92523,1.0
2015-07-07 17:00:00,0.99,59.635384,1.0
2015-07-07 18:00:00,0.99,39.15092,1.0
2015-07-07 19:00:00,0.94,4.9696155,0.5213888888888889
2015-07-07 20:00:00,0.97,0.0,0.0
2015-07-07 21:00:00,0.99,0.0,0.0
2015-07-07 22:00:00,1.0,0.0,0.0
2015-07-07 23:00:00,0.99,0.0,0.0
2015-07-08 00:00:00,0.88,0.0,0.0
2015-07-08 01:00:00,0.79,0.0,0.0
2015-07-08 02:00:00,0.83,0.0,0.0
2015-07-08 03:00:00,0.92,0.0,0.0
2015-07-08 04:00:00,0.89,1.9878461,0.3288888888888889
2015-07-08 05:00:00,0.91,62.343918,1.0
2015-07-08 06:00:00,0.92,197.79512,1.0
2015-07-08 07:00:00,0.92,375.2069,1.0
2015-07-08 08:00:00,0.91,397.07498,1.0
2015-07-08 09:00:00,0.83,503.5065,1.0
2015-07-08 10:00:00,0.93,502.2191,1.0
2015-07-08 11:00:00,0.99,608.6443,1.0
2015-07-08 12:00:00,0.98,713.8483,1.0
2015-07-08 13:00:00,0.94,517.10077,1.0
2015-07-08 14:00:00,0.95,346.90872,1.0
2015-07-08 15:00:00,1.0,305.60886,1.0
2015-07-08 16:00:00,0.97,131.57974,1.0
2015-07-08 17:00:00,0.97,89.8112,1.0
2015-07-08 18:00:00,0.99,50.58261,1.0
2015-07-08 19:00:00,1.0,4.9696155,0.5161111111111111
2015-07-08 20:00:00,0.99,0.0,0.0
2015-07-08 21:00:00,0.94,0.0,0.0
2015-07-08 22:00:00,1.0,0.0,0.0
2015-07-08 23:00:00,1.0,0.0,0.0
2015-07-09 00:00:00,1.0,0.0,0.0
2015-07-09 01:00:00,1.0,0.0,0.0
2015-07-09 02:00:00,1.0,0.0,0.0
2015-07-09 03:00:00,1.0,0.0,0.0
2015-07-09 04:00:00,0.88,0.99392307,0.31777777777777777
2015-07-09 05:00:00,0.87,42.514336,1.0
2015-07-09 06:00:00,0.99,161.07127,1.0
2015-07-09 07:00:00,0.93,390.4938,1.0
2015-07-09 08:00:00,0.56,504.21957,1.0
2015-07-09 09:00:00,0.3,794.6028,1.0
2015-07-09 10:00:00,0.2,824.3983,1.0
2015-07-09 11:00:00,0.24,928.05255,1.0
2015-07-09 12:00:00,0.79,817.26373,1.0
2015-07-09 13:00:00,0.59,669.98035,1.0
2015-07-09 14:00:00,0.59,645.3727,1.0
2015-07-09 15:00:00,0.7,530.6658,1.0
2015-07-09 16:00:00,0.82,338.01227,1.0
2015-07-09 17:00:00,0.97,122.83928,1.0
2015-07-09 18:00:00,0.88,43.16549,1.0
2015-07-09 19:00:00,0.76,4.9696155,0.5102777777777778
2015-07-09 20:00:00,0.99,0.0,0.0
2015-07-09 21:00:00,0.95,0.0,0.0
2015-07-09 22:00:00,1.0,0.0,0.0
2015-07-09 23:00:00,1.0,0.0,0.0
2015-07-10 00:00:00,1.0,0.0,0.0
2015-07-10 01:00:00,0.99,0.0,0.0
2015-07-10 02:00:00,0.46,0.0,0.0
2015-07-10 03:00:00,0.34,0.0,0.0
2015-07-10 04:00:00,0.01,1.9878461,0.3063888888888889
2015-07-10 05:00:00,0.0,78.524414,1.0
2015-07-10 06:00:00,0.0,269.68732,1.0
2015-07-10 07:00:00,0.0,489.65942,1.0
2015-07-10 08:00:00,0.0,691.40497,1.0
2015-07-10 09:00:00,0.01,850.2216,1.0
2015-07-10 10:00:00,0.64,942.53174,1.0
2015-07-10 11:00:00,0.94,969.7417,1.0
2015-07-10 12:00:00,0.91,855.1577,1.0
2015-07-10 13:00:00,0.87,849.7347,1.0
2015-07-10 14:00:00,0.82,638.57916,1.0
2015-07-10 15:00:00,0.73,510.20822,1.0
2015-07-10 16:00:00,0.77,285.4875,1.0
2015-07-10 17:00:00,0.64,196.25476,1.0
2015-07-10 18:00:00,0.57,73.10869,1.0
2015-07-10 19:00:00,0.35,5.9665766,0.5041666666666667
2015-07-10 20:00:00,0.44,0.0,0.0
2015-07-10 21:00:00,0.14,0.0,0.0
2015-07-10 22:00:00,0.01,0.0,0.0
2015-07-10 23:00:00,0.0,0.0,0.0
2015-07-11 00:00:00,0.01,0.0,0.0
2015-07-11 01:00:00,0.01,0.0,0.0
2015-07-11 02:00:00,0.04,0.0,0.0
2015-07-11 03:00:00,0.0,0.0,0.0
2015-07-11 04:00:00,0.0,1.9878461,0.2947222222222222
2015-07-11 05:00:00,0.0,78.47484,1.0
2015-07-11 06:00:00,0.0,274.86578,1.0
2015-07-11 07:00:00,0.0,494.38318,1.0
2015-07-11 08:00:00,0.15,700.53876,1.0
2015-07-11 09:00:00,0.21,874.2628,1.0
2015-07-11 10:00:00,0.27,980.4521,1.0
2015-07-11 11:00:00,0.32,961.49316,1.0
2015-07-11 12:00:00,0.34,975.91943,1.0
2015-07-11 13:00:00,0.38,793.5939,1.0
2015-07-11 14:00:00,0.37,797.1577,1.0
2015-07-11 15:00:00,0.76,598.7114,1.0
2015-07-11 16:00:00,0.86,392.16562,1.0
2015-07-11 17:00:00,0.55,241.64108,1.0
2015-07-11 18:00:00,0.57,69.54301,1.0
2015-07-11 19:00:00,0.75,4.974173,0.49722222222222223
2015-07-11 20:00:00,0.74,0.0,0.0
2015-07-11 21:00:00,0.78,0.0,0.0
2015-07-11 22:00:00,0.79,0.0,0.0
2015-07-11 23:00:00,0.23,0.0,0.0
2015-07-12 00:00:00,0.11,0.0,0.0
2015-07-12 01:00:00,0.24,0.0,0.0
2015-07-12 02:00:00,0.24,0.0,0.0
2015-07-12 03:00:00,0.0,0.0,0.0
2015-07-12 04:00:00,0.0,0.99392307,0.2827777777777778
2015-07-12 05:00:00,0.0,74.826256,1.0
2015-07-12 06:00:00,0.0,268.09543,1.0
2015-07-12 07:00:00,0.0,485.3547,1.0
2015-07-12 08:00:00,0.0,690.39545,1.0
2015-07-12 09:00:00,0.25,856.91095,1.0
2015-07-12 10:00:00,0.54,972.3827,1.0
2015-07-12 11:00:00,0.14,996.0529,1.0
2015-07-12 12:00:00,0.22,985.25366,1.0
2015-07-12 13:00:00,0.35,916.80554,1.0
2015-07-12 14:00:00,0.47,759.62054,1.0
2015-07-12 15:00:00,0.91,607.4243,1.0
2015-07-12 16:00:00,0.93,368.40604,1.0
2015-07-12 17:00:00,0.91,214.06503,1.0
2015-07-12 18:00:00,0.97,75.84876,1.0
2015-07-12 19:00:00,0.9,4.9711347,0.49
2015-07-12 20:00:00,1.0,0.0,0.0
2015-07-12 21:00:00,1.0,0.0,0.0
2015-07-12 22:00:00,1.0,0.0,0.0
2015-07-12 23:00:00,1.0,0.0,0.0
2015-07-13 00:00:00,1.0,0.0,0.0
2015-07-13 01:00:00,1.0,0.0,0.0
2015-07-13 02:00:00,1.0,0.0,0.0
2015-07-13 03:00:00,1.0,0.0,0.0
2015-07-13 04:00:00,1.0,0.0,0.2708333333333333
2015-07-13 05:00:00,1.0,33.793385,1.0
2015-07-13 06:00:00,0.99,107.352585,1.0
2015-07-13 07:00:00,1.0,221.71745,1.0
2015-07-13 08:00:00,1.0,418.7721,1.0
2015-07-13 09:00:00,0.98,559.22876,1.0
2015-07-13 10:00:00,0.95,843.1571,1.0
2015-07-13 11:00:00,0.88,886.4049,1.0
2015-07-13 12:00:00,0.73,730.1864,1.0
2015-07-13 13:00:00,0.6,550.8958,1.0
2015-07-13 14:00:00,0.76,565.54004,1.0
2015-07-13 15:00:00,0.98,396.37314,1.0
2015-07-13 16:00:00,1.0,346.0301,1.0
2015-07-13 17:00:00,0.99,179.1095,1.0
2015-07-13 18:00:00,0.92,51.78776,1.0
2015-07-13 19:00:00,0.91,3.9772115,0.4822222222222222
2015-07-13 20:00:00,0.93,0.0,0.0
2015-07-13 21:00:00,0.81,0.0,0.0
2015-07-13 22:00:00,0.96,0.0,0.0
2015-07-13 23:00:00,0.95,0.0,0.0
2015-07-14 00:00:00,0.92,0.0,0.0
2015-07-14 01:00:00,0.97,0.0,0.0
2015-07-14 02:00:00,0.95,0.0,0.0
2015-07-14 03:00:00,0.94,0.0,0.0
2015-07-14 04:00:00,0.95,0.0,0.2586111111111111
2015-07-14 05:00:00,0.95,64.186676,1.0
2015-07-14 06:00:00,0.93,211.2595,1.0
2015-07-14 07:00:00,0.95,421.1676,1.0
2015-07-14 08:00:00,0.36,643.51996,1.0
2015-07-14 09:00:00,0.23,814.70026,1.0
2015-07-14 10:00:00,0.58,845.7415,1.0
2015-07-14 11:00:00,0.79,915.94635,1.0
2015-07-14 12:00:00,0.86,791.91003,1.0
2015-07-14 13:00:00,0.93,737.3941,1.0
2015-07-14 14:00:00,0.94,654.4069,1.0
2015-07-14 15:00:00,0.99,523.438,1.0
2015-07-14 16:00:00,0.72,316.27777,1.0
2015-07-14 17:00:00,0.91,131.6763,1.0
2015-07-14 18:00:00,0.99,49.707344,1.0
2015-07-14 19:00:00,0.98,1.9878461,0.4738888888888889
2015-07-14 20:00:00,1.0,0.0,0.0
2015-07-14 21:00:00,1.0,0.0,0.0
2015-07-14 22:00:00,0.99,0.0,0.0
2015-07-14 23:00:00,0.95,0.0,0.0
2015-07-15 00:00:00,0.92,0.0,0.0
2015-07-15 01:00:00,0.74,0.0,0.0
2015-07-15 02:00:00,0.17,0.0,0.0
2015-07-15 03:00:00,0.08,0.0,0.0
2015-07-15 04:00:00,0.11,0.0,0.2461111111111111
2015-07-15 05:00:00,0.18,69.48965,1.0
2015-07-15 06:00:00,0.08,259.79224,1.0
2015-07-15 07:00:00,0.0,475.999,1.0
2015-07-15 08:00:00,0.0,681.1627,1.0
2015-07-15 09:00:00,0.01,832.719,1.0
2015-07-15 10:00:00,0.25,792.61035,1.0
2015-07-15 11:00:00,0.35,919.97845,1.0
2015-07-15 12:00:00,0.35,965.6555,1.0
2015-07-15 13:00:00,0.73,859.21454,1.0
2015-07-15 14:00:00,0.84,656.65375,1.0
2015-07-15 15:00:00,0.98,442.91095,1.0
2015-07-15 16:00:00,1.0,143.12492,1.0
2015-07-15 17:00:00,0.97,129.53278,1.0
2015-07-15 18:00:00,0.73,57.61717,1.0
2015-07-15 19:00:00,0.76,3.9772115,0.465
2015-07-15 20:00:00,0.72,0.0,0.0
2015-07-15 21:00:00,0.38,0.0,0.0
2015-07-15 22:00:00,0.1,0.0,0.0
2015-07-15 23:00:00,0.01,0.0,0.0
2015-07-16 00:00:00,0.03,0.0,0.0
2015-07-16 01:00:00,0.03,0.0,0.0
2015-07-16 02:00:00,0.0,0.0,0.0
2015-07-16 03:00:00,0.0,0.0,0.0
2015-07-16 04:00:00,0.0,0.0,0.23333333333333334
2015-07-16 05:00:00,0.0,70.260666,1.0
2015-07-16 06:00:00,0.0,263.02698,1.0
2015-07-16 07:00:00,0.0,486.86035,1.0
2015-07-16 08:00:00,0.0,695.46783,1.0
2015-07-16 09:00:00,0.0,840.33496,1.0
2015-07-16 10:00:00,0.14,948.2581,1.0
2015-07-16 11:00:00,0.35,1021.77167,1.0
2015-07-16 12:00:00,0.49,967.4986,1.0
2015-07-16 13:00:00,0.47,815.61017,1.0
2015-07-16 14:00:00,0.14,782.85065,1.0
2015-07-16 15:00:00,0.53,626.9961,1.0
2015-07-16 16:00:00,0.23,438.65826,1.0
2015-07-16 17:00:00,0.66,233.31491,1.0
2015-07-16 18:00:00,0.38,64.077324,1.0
2015-07-16 19:00:00,0.16,2.986327,0.45555555555555555
2015-07-16 20:00:00,0.03,0.0,0.0
2015-07-16 21:00:00,0.01,0.0,0.0
2015-07-16 22:00:00,0.02,0.0,0.0
2015-07-16 23:00:00,0.0,0.0,0.0
2015-07-17 00:00:00,0.0,0.0,0.0
2015-07-17 01:00:00,0.0,0.0,0.0
2015-07-17 02:00:00,0.0,0.0,0.0
2015-07-17 03:00:00,0.0,0.0,0.0
2015-07-17 04:00:00,0.0,0.0,0.22055555555555556
2015-07-17 05:00:00,0.0,71.052536,1.0
2015-07-17 06:00:00,0.0,266.34167,1.0
2015-07-17 07:00:00,0.0,487.2702,1.0
2015-07-17 08:00:00,0.0,693.7707,1.0
2015-07-17 09:00:00,0.0,859.02014,1.0
2015-07-17 10:00:00,0.17,967.33307,1.0
2015-07-17 11:00:00,0.45,959.74475,1.0
2015-07-17 12:00:00,0.43,968.77997,1.0
2015-07-17 13:00:00,0.4,923.7426,1.0
2015-07-17 14:00:00,0.32,789.2889,1.0
2015-07-17 15:00:00,0.58,637.9803,1.0
2015-07-17 16:00:00,0.48,425.94095,1.0
2015-07-17 17:00:00,0.23,245.79811,1.0
2015-07-17 18:00:00,0.49,63.413757,1.0
2015-07-17 19:00:00,0.48,3.978731,0.44555555555555554
2015-07-17 20:00:00,0.25,0.0,0.0
2015-07-17 21:00:00,0.02,0.0,0.0
2015-07-17 22:00:00,0.0,0.0,0.0
2015-07-17 23:00:00,0.37,0.0,0.0
2015-07-18 00:00:00,0.08,0.0,0.0
2015-07-18 01:00:00,0.0,0.0,0.0
2015-07-18 02:00:00,0.0,0.0,0.0
2015-07-18 03:00:00,0.23,0.0,0.0
2015-07-18 04:00:00,0.41,0.0,0.20777777777777778
2015-07-18 05:00:00,0.48,68.75121,1.0
2015-07-18 06:00:00,0.68,257.53085,1.0
2015-07-18 07:00:00,0.52,477.9327,1.0
2015-07-18 08:00:00,0.11,685.29156,1.0
2015-07-18 09:00:00,0.2,846.08856,1.0
2015-07-18 10:00:00,0.5,923.44763,1.0
2015-07-18 11:00:00,0.37,896.416,1.0
2015-07-18 12:00:00,0.74,858.2874,1.0
2015-07-18 13:00:00,0.89,749.67993,1.0
2015-07-18 14:00:00,0.79,596.18854,1.0
2015-07-18 15:00:00,0.96,329.78503,1.0
2015-07-18 16:00:00,0.99,251.4194,1.0
2015-07-18 17:00:00,0.96,189.43153,1.0
2015-07-18 18:00:00,0.93,67.76645,1.0
2015-07-18 19:00:00,0.93,3.9756923,0.435
2015-07-18 20:00:00,0.96,0.0,0.0
2015-07-18 21:00:00,0.02,0.0,0.0
2015-07-18 22:00:00,0.04,0.0,0.0
2015-07-18 23:00:00,0.04,0.0,0.0
2015-07-19 00:00:00,0.08,0.0,0.0
2015-07-19 01:00:00,0.0,0.0,0.0
2015-07-19 02:00:00,0.0,0.0,0.0
2015-07-19 03:00:00,0.0,0.0,0.0
2015-07-19 04:00:00,0.02,0.0,0.195
2015-07-19 05:00:00,0.09,62.14702,1.0
2015-07-19 06:00:00,0.13,228.57281,1.0
2015-07-19 07:00:00,0.31,449.90228,1.0
2015-07-19 08:00:00,0.39,534.1522,1.0
2015-07-19 09:00:00,0.6,630.03925,1.0
2015-07-19 10:00:00,0.8,663.3286,1.0
2015-07-19 11:00:00,0.91,775.1395,1.0
2015-07-19 12:00:00,0.89,513.58,1.0
2015-07-19 13:00:00,0.88,263.05573,1.0
2015-07-19 14:00:00,0.98,237.05048,1.0
2015-07-19 15:00:00,0.91,207.55157,1.0
2015-07-19 16:00:00,0.76,215.96468,1.0
2015-07-19 17:00:00,0.53,124.53911,1.0
2015-07-19 18:00:00,0.56,56.170044,1.0
2015-07-19 19:00:00,0.58,2.9832883,0.4241666666666667
2015-07-19 20:00:00,0.39,0.0,0.0
2015-07-19 21:00:00,0.29,0.0,0.0
2015-07-19 22:00:00,0.4,0.0,0.0
2015-07-19 23:00:00,0.2,0.0,0.0
2015-07-20 00:00:00,0.13,0.0,0.0
2015-07-20 01:00:00,0.09,0.0,0.0
2015-07-20 02:00:00,0.07,0.0,0.0
2015-07-20 03:00:00,0.03,0.0,0.0
2015-07-20 04:00:00,0.12,0.0,0.18166666666666667
2015-07-20 05:00:00,0.18,62.13243,1.0
2015-07-20 06:00:00,0.31,244.89163,1.0
2015-07-20 07:00:00,0.47,455.745,1.0
2015-07-20 08:00:00,0.5,656.52875,1.0
2015-07-20 09:00:00,0.38,803.5487,1.0
2015-07-20 10:00:00,0.29,814.418,1.0
2015-07-20 11:00:00,0.5,812.42804,1.0
2015-07-20 12:00:00,0.58,919.6607,1.0
2015-07-20 13:00:00,0.89,828.1916,1.0
2015-07-20 14:00:00,0.98,565.87714,1.0
2015-07-20 15:00:00,0.99,374.8561,1.0
2015-07-20 16:00:00,1.0,192.7701,1.0
2015-07-20 17:00:00,0.99,93.126884,1.0
2015-07-20 18:00:00,0.99,40.20475,1.0
2015-07-20 19:00:00,0.88,1.9878461,0.4125
2015-07-20 20:00:00,0.9,0.0,0.0
2015-07-20 21:00:00,0.89,0.0,0.0
2015-07-20 22:00:00,0.86,0.0,0.0
2015-07-20 23:00:00,0.75,0.0,0.0
2015-07-21 00:00:00,0.5,0.0,0.0
2015-07-21 01:00:00,0.4,0.0,0.0
2015-07-21 02:00:00,0.35,0.0,0.0
2015-07-21 03:00:00,0.3,0.0,0.0
2015-07-21 04:00:00,0.37,0.0,0.16805555555555557
2015-07-21 05:00:00,0.26,56.774033,1.0
2015-07-21 06:00:00,0.28,222.02798,1.0
2015-07-21 07:00:00,0.61,373.87643,1.0
2015-07-21 08:00:00,0.5,420.6596,1.0
2015-07-21 09:00:00,0.44,535.314,1.0
2015-07-21 10:00:00,0.39,610.6762,1.0
2015-07-21 11:00:00,0.59,763.3963,1.0
2015-07-21 12:00:00,0.68,588.0661,1.0
2015-07-21 13:00:00,0.52,629.52234,1.0
2015-07-21 14:00:00,0.79,577.0333,1.0
2015-07-21 15:00:00,0.42,388.2515,1.0
2015-07-21 16:00:00,0.13,233.56403,1.0
2015-07-21 17:00:00,0.36,121.739784,1.0
2015-07-21 18:00:00,0.42,40.076065,1.0
2015-07-21 19:00:00,0.52,1.9893655,0.4002777777777778
2015-07-21 20:00:00,0.36,0.0,0.0
2015-07-21 21:00:00,0.12,0.0,0.0
2015-07-21 22:00:00,0.07,0.0,0.0
2015-07-21 23:00:00,0.04,0.0,0.0
2015-07-22 00:00:00,0.03,0.0,0.0
2015-07-22 01:00:00,0.0,0.0,0.0
2015-07-22 02:00:00,0.0,0.0,0.0
2015-07-22 03:00:00,0.0,0.0,0.0
2015-07-22 04:00:00,0.0,0.0,0.15416666666666667
2015-07-22 05:00:00,0.0,62.4778,1.0
2015-07-22 06:00:00,0.0,252.8319,1.0
2015-07-22 07:00:00,0.0,472.8789,1.0
2015-07-22 08:00:00,0.0,676.2289,1.0
2015-07-22 09:00:00,0.14,789.0668,1.0
2015-07-22 10:00:00,0.25,777.8566,1.0
2015-07-22 11:00:00,0.39,938.31287,1.0
2015-07-22 12:00:00,0.32,939.00214,1.0
2015-07-22 13:00:00,0.39,886.08264,1.0
2015-07-22 14:00:00,0.28,789.5832,1.0
2015-07-22 15:00:00,0.34,625.51697,1.0
2015-07-22 16:00:00,0.24,374.2547,1.0
2015-07-22 17:00:00,0.59,223.44821,1.0
2015-07-22 18:00:00,0.39,59.606987,1.0
2015-07-22 19:00:00,0.34,2.9832883,0.3875
2015-07-22 20:00:00,0.03,0.0,0.0
2015-07-22 21:00:00,0.02,0.0,0.0
2015-07-22 22:00:00,0.0,0.0,0.0
2015-07-22 23:00:00,0.0,0.0,0.0
2015-07-23 00:00:00,0.0,0.0,0.0
2015-07-23 01:00:00,0.0,0.0,0.0
2015-07-23 02:00:00,0.0,0.0,0.0
2015-07-23 03:00:00,0.0,0.0,0.0
2015-07-23 04:00:00,0.0,0.0,0.14027777777777778
2015-07-23 05:00:00,0.0,61.517998,1.0
2015-07-23 06:00:00,0.0,254.24487,1.0
2015-07-23 07:00:00,0.0,476.608,1.0
2015-07-23 08:00:00,0.0,686.51855,1.0
2015-07-23 09:00:00,0.0,858.3729,1.0
2015-07-23 10:00:00,0.23,968.8824,1.0
2015-07-23 11:00:00,0.33,941.5997,1.0
2015-07-23 12:00:00,0.4,946.25323,1.0
2015-07-23 13:00:00,0.42,884.5684,1.0
2015-07-23 14:00:00,0.5,808.6866,1.0
2015-07-23 15:00:00,0.4,630.19965,1.0
2015-07-23 16:00:00,0.39,448.7804,1.0
2015-07-23 17:00:00,0.42,237.4593,1.0
2015-07-23 18:00:00,0.06,59.099094,1.0
2015-07-23 19:00:00,0.06,2.9832883,0.37444444444444447
2015-07-23 20:00:00,0.0,0.0,0.0
2015-07-23 21:00:00,0.0,0.0,0.0
2015-07-23 22:00:00,0.0,0.0,0.0
2015-07-23 23:00:00,0.0,0.0,0.0
2015-07-24 00:00:00,0.0,0.0,0.0
2015-07-24 01:00:00,0.0,0.0,0.0
2015-07-24 02:00:00,0.0,0.0,0.0
2015-07-24 03:00:00,0.0,0.0,0.0
2015-07-24 04:00:00,0.0,0.0,0.12583333333333332
2015-07-24 05:00:00,0.0,60.87618,1.0
2015-07-24 06:00:00,0.0,252.60269,1.0
2015-07-24 07:00:00,0.05,474.05344,1.0
2015-07-24 08:00:00,0.52,680.61786,1.0
2015-07-24 09:00:00,0.87,828.7606,1.0
2015-07-24 10:00:00,0.91,890.4399,1.0
2015-07-24 11:00:00,0.93,572.9278,1.0
2015-07-24 12:00:00,1.0,608.1167,1.0
2015-07-24 13:00:00,1.0,465.7777,1.0
2015-07-24 14:00:00,1.0,258.494,1.0
2015-07-24 15:00:00,1.0,260.71585,1.0
2015-07-24 16:00:00,0.99,205.32132,1.0
2015-07-24 17:00:00,0.96,145.3382,1.0
2015-07-24 18:00:00,0.75,47.483246,1.0
2015-07-24 19:00:00,0.83,1.9878461,0.3605555555555556
2015-07-24 20:00:00,0.77,0.0,0.0
2015-07-24 21:00:00,0.87,0.0,0.0
2015-07-24 22:00:00,0.84,0.0,0.0
2015-07-24 23:00:00,0.91,0.0,0.0
2015-07-25 00:00:00,0.45,0.0,0.0
2015-07-25 01:00:00,0.08,0.0,0.0
2015-07-25 02:00:00,0.09,0.0,0.0
2015-07-25 03:00:00,0.04,0.0,0.0
2015-07-25 04:00:00,0.0,0.0,0.11138888888888888
2015-07-25 05:00:00,0.0,59.24238,1.0
2015-07-25 06:00:00,0.0,250.99452,1.0
2015-07-25 07:00:00,0.0,473.56284,1.0
2015-07-25 08:00:00,0.0,682.5303,1.0
2015-07-25 09:00:00,0.0,856.57806,1.0
2015-07-25 10:00:00,0.0,980.1818,1.0
2015-07-25 11:00:00,0.07,1024.0398,1.0
2015-07-25 12:00:00,0.36,790.69147,1.0
2015-07-25 13:00:00,0.39,896.23145,1.0
2015-07-25 14:00:00,0.61,698.6372,1.0
2015-07-25 15:00:00,0.52,635.5793,1.0
2015-07-25 16:00:00,0.3,440.15186,1.0
2015-07-25 17:00:00,0.02,231.32019,1.0
2015-07-25 18:00:00,0.21,55.02652,1.0
2015-07-25 19:00:00,0.41,1.9893655,0.3463888888888889
2015-07-25 20:00:00,0.2,0.0,0.0
2015-07-25 21:00:00,0.05,0.0,0.0
2015-07-25 22:00:00,0.0,0.0,0.0
2015-07-25 23:00:00,0.0,0.0,0.0
2015-07-26 00:00:00,0.0,0.0,0.0
2015-07-26 01:00:00,0.0,0.0,0.0
2015-07-26 02:00:00,0.0,0.0,0.0
2015-07-26 03:00:00,0.0,0.0,0.0
2015-07-26 04:00:00,0.0,0.0,0.09666666666666666
2015-07-26 05:00:00,0.0,57.74972,1.0
2015-07-26 06:00:00,0.0,246.31982,1.0
2015-07-26 07:00:00,0.0,466.75626,1.0
2015-07-26 08:00:00,0.01,651.4655,1.0
2015-07-26 09:00:00,0.25,705.84503,1.0
2015-07-26 10:00:00,0.81,694.7477,1.0
2015-07-26 11:00:00,0.94,833.0418,1.0
2015-07-26 12:00:00,0.99,758.7284,1.0
2015-07-26 13:00:00,0.95,682.7569,1.0
2015-07-26 14:00:00,0.84,562.65546,1.0
2015-07-26 15:00:00,0.28,279.18066,1.0
2015-07-26 16:00:00,0.08,190.0697,1.0
2015-07-26 17:00:00,0.35,180.47354,1.0
2015-07-26 18:00:00,0.39,53.14986,1.0
2015-07-26 19:00:00,0.37,1.9878461,0.33166666666666667
2015-07-26 20:00:00,0.21,0.0,0.0
2015-07-26 21:00:00,0.2,0.0,0.0
2015-07-26 22:00:00,0.16,0.0,0.0
2015-07-26 23:00:00,0.41,0.0,0.0
2015-07-27 00:00:00,0.84,0.0,0.0
2015-07-27 01:00:00,0.9,0.0,0.0
2015-07-27 02:00:00,0.42,0.0,0.0
2015-07-27 03:00:00,0.03,0.0,0.0
2015-07-27 04:00:00,0.0,0.0,0.08194444444444444
2015-07-27 05:00:00,0.0,50.82158,1.0
2015-07-27 06:00:00,0.02,233.28278,1.0
2015-07-27 07:00:00,0.08,457.70786,1.0
2015-07-27 08:00:00,0.08,666.9424,1.0
2015-07-27 09:00:00,0.06,834.1924,1.0
2015-07-27 10:00:00,0.32,939.7611,1.0
2015-07-27 11:00:00,0.45,988.9479,1.0
2015-07-27 12:00:00,0.79,992.26984,1.0
2015-07-27 13:00:00,0.31,842.80896,1.0
2015-07-27 14:00:00,0.44,717.7161,1.0
2015-07-27 15:00:00,0.22,604.3467,1.0
2015-07-27 16:00:00,0.79,398.71948,1.0
2015-07-27 17:00:00,0.61,207.56212,1.0
2015-07-27 18:00:00,0.23,54.658543,1.0
2015-07-27 19:00:00,0.01,0.99544233,0.31666666666666665
2015-07-27 20:00:00,0.0,0.0,0.0
2015-07-27 21:00:00,0.0,0.0,0.0
2015-07-27 22:00:00,0.0,0.0,0.0
2015-07-27 23:00:00,0.0,0.0,0.0
2015-07-28 00:00:00,0.0,0.0,0.0
2015-07-28 01:00:00,0.0,0.0,0.0
2015-07-28 02:00:00,0.0,0.0,0.0
2015-07-28 03:00:00,0.0,0.0,0.0
2015-07-28 04:00:00,0.0,0.0,0.06694444444444445
2015-07-28 05:00:00,0.0,56.33566,1.0
2015-07-28 06:00:00,0.0,249.24236,1.0
2015-07-28 07:00:00,0.0,476.43427,1.0
2015-07-28 08:00:00,0.0,689.9906,1.0
2015-07-28 09:00:00,0.0,867.2784,1.0
2015-07-28 10:00:00,0.0,989.8074,1.0
2015-07-28 11:00:00,0.14,1044.7655,1.0
2015-07-28 12:00:00,0.21,950.343,1.0
2015-07-28 13:00:00,0.33,899.7381,1.0
2015-07-28 14:00:00,0.49,745.0162,1.0
2015-07-28 15:00:00,0.22,634.1222,1.0
2015-07-28 16:00:00,0.28,424.47766,1.0
2015-07-28 17:00:00,0.06,227.54576,1.0
2015-07-28 18:00:00,0.33,48.500736,1.0
2015-07-28 19:00:00,0.77,0.99544233,0.3011111111111111
2015-07-28 20:00:00,0.65,0.0,0.0
2015-07-28 21:00:00,0.35,0.0,0.0
2015-07-28 22:00:00,0.13,0.0,0.0
2015-07-28 23:00:00,0.06,0.0,0.0
2015-07-29 00:00:00,0.07,0.0,0.0
2015-07-29 01:00:00,0.41,0.0,0.0
2015-07-29 02:00:00,0.5,0.0,0.0
2015-07-29 03:00:00,0.54,0.0,0.0
2015-07-29 04:00:00,0.46,0.0,0.051944444444444446
2015-07-29 05:00:00,0.42,51.34513,1.0
2015-07-29 06:00:00,0.21,238.33328,1.0
2015-07-29 07:00:00,0.0,447.84814,1.0
2015-07-29 08:00:00,0.29,670.1673,1.0
2015-07-29 09:00:00,0.55,843.35004,1.0
2015-07-29 10:00:00,0.17,948.52563,1.0
2015-07-29 11:00:00,0.38,958.9778,1.0
2015-07-29 12:00:00,0.47,1020.7118,1.0
2015-07-29 13:00:00,0.76,745.0274,1.0
2015-07-29 14:00:00,0.74,692.0189,1.0
2015-07-29 15:00:00,0.44,548.9266,1.0
2015-07-29 16:00:00,0.6,381.99524,1.0
2015-07-29 17:00:00,0.35,219.09155,1.0
2015-07-29 18:00:00,0.44,46.836323,1.0
2015-07-29 19:00:00,0.56,1.9878461,0.285
2015-07-29 20:00:00,0.35,0.0,0.0
2015-07-29 21:00:00,0.55,0.0,0.0
2015-07-29 22:00:00,0.77,0.0,0.0
2015-07-29 23:00:00,0.95,0.0,0.0
2015-07-30 00:00:00,1.0,0.0,0.0
2015-07-30 01:00:00,0.91,0.0,0.0
2015-07-30 02:00:00,0.81,0.0,0.0
2015-07-30 03:00:00,0.34,0.0,0.0
2015-07-30 04:00:00,0.14,0.0,0.03666666666666667
2015-07-30 05:00:00,0.24,49.275993,1.0
2015-07-30 06:00:00,0.16,231.55591,1.0
2015-07-30 07:00:00,0.09,461.74744,1.0
2015-07-30 08:00:00,0.06,674.2556,1.0
2015-07-30 09:00:00,0.23,850.6894,1.0
2015-07-30 10:00:00,0.27,977.4133,1.0
2015-07-30 11:00:00,0.25,973.97144,1.0
2015-07-30 12:00:00,0.73,966.511,1.0
2015-07-30 13:00:00,0.78,928.5217,1.0
2015-07-30 14:00:00,0.75,779.5897,1.0
2015-07-30 15:00:00,0.33,619.8202,1.0
2015-07-30 16:00:00,0.2,434.97052,1.0
2015-07-30 17:00:00,0.17,223.02011,1.0
2015-07-30 18:00:00,0.11,45.77318,1.0
2015-07-30 19:00:00,0.08,0.0,0.26861111111111113
2015-07-30 20:00:00,0.13,0.0,0.0
2015-07-30 21:00:00,0.18,0.0,0.0
2015-07-30 22:00:00,0.42,0.0,0.0
2015-07-30 23:00:00,0.4,0.0,0.0
2015-07-31 00:00:00,0.6,0.0,0.0
2015-07-31 01:00:00,0.28,0.0,0.0
2015-07-31 02:00:00,0.25,0.0,0.0
2015-07-31 03:00:00,0.01,0.0,0.0
2015-07-31 04:00:00,0.0,0.0,0.021388888888888888
2015-07-31 05:00:00,0.0,49.78461,1.0
2015-07-31 06:00:00,0.0,235.2884,1.0
2015-07-31 07:00:00,0.0,455.0291,1.0
2015-07-31 08:00:00,0.0,662.1332,1.0
2015-07-31 09:00:00,0.03,830.3913,1.0
2015-07-31 10:00:00,0.31,937.1592,1.0
2015-07-31 11:00:00,0.47,908.7003,1.0
2015-07-31 12:00:00,0.48,893.4395,1.0
2015-07-31 13:00:00,0.59,859.8773,1.0
2015-07-31 14:00:00,0.45,764.4644,1.0
2015-07-31 15:00:00,0.49,593.1832,1.0
2015-07-31 16:00:00,0.58,440.9488,1.0
2015-07-31 17:00:00,0.52,220.65459,1.0
2015-07-31 18:00:00,0.13,46.212616,1.0
2015-07-31 19:00:00,0.16,0.0,0.25194444444444447
2015-07-31 20:00:00,0.14,0.0,0.0
2015-07-31 21:00:00,0.08,0.0,0.0
2015-07-31 22:00:00,0.22,0.0,0.0
2015-07-31 23:00:00,0.43,0.0,0.0
2015-08-01 00:00:00,0.55,0.0,0.0
2015-08-01 01:00:00,0.54,0.0,0.0
2015-08-01 02:00:00,0.52,0.0,0.0
2015-08-01 03:00:00,0.41,0.0,0.0
2015-08-01 04:00:00,0.38,0.0,0.006111111111111111
2015-08-01 05:00:00,0.4,48.234287,1.0
2015-08-01 06:00:00,0.01,230.61288,1.0
2015-08-01 07:00:00,0.0,453.70908,1.0
2015-08-01 08:00:00,0.01,662.96136,1.0
2015-08-01 09:00:00,0.15,839.3915,1.0
2015-08-01 10:00:00,0.44,960.6092,1.0
2015-08-01 11:00:00,0.5,1030.1,1.0
2015-08-01 12:00:00,0.92,927.4119,1.0
2015-08-01 13:00:00,0.86,863.37335,1.0
2015-08-01 14:00:00,0.93,768.1519,1.0
2015-08-01 15:00:00,0.67,582.7001,1.0
2015-08-01 16:00:00,0.27,358.6585,1.0
2015-08-01 17:00:00,0.64,176.84485,1.0
2015-08-01 18:00:00,0.85,48.216778,1.0
2015-08-01 19:00:00,0.86,0.0,0.23472222222222222
2015-08-01 20:00:00,0.88,0.0,0.0
2015-08-01 21:00:00,0.91,0.0,0.0
2015-08-01 22:00:00,0.93,0.0,0.0
2015-08-01 23:00:00,0.89,0.0,0.0
2015-08-02 00:00:00,0.91,0.0,0.0
2015-08-02 01:00:00,0.93,0.0,0.0
2015-08-02 02:00:00,0.83,0.0,0.0
2015-08-02 03:00:00,0.62,0.0,0.0
2015-08-02 04:00:00,0.66,0.0,0.0
2015-08-02 05:00:00,0.75,43.7828,0.9905555555555555
2015-08-02 06:00:00,0.76,224.67763,1.0
2015-08-02 07:00:00,0.92,415.3974,1.0
2015-08-02 08:00:00,0.99,635.6889,1.0
2015-08-02 09:00:00,1.0,749.5133,1.0
2015-08-02 10:00:00,1.0,879.0741,1.0
2015-08-02 11:00:00,1.0,830.3222,1.0
2015-08-02 12:00:00,1.0,841.1225,1.0
2015-08-02 13:00:00,1.0,752.64685,1.0
2015-08-02 14:00:00,1.0,615.25574,1.0
2015-08-02 15:00:00,1.0,473.71744,1.0
2015-08-02 16:00:00,0.99,281.23734,1.0
2015-08-02 17:00:00,0.99,134.77397,1.0
2015-08-02 18:00:00,1.0,36.672585,1.0
2015-08-02 19:00:00,1.0,0.0,0.21722222222222223
2015-08-02 20:00:00,1.0,0.0,0.0
2015-08-02 21:00:00,1.0,0.0,0.0
2015-08-02 22:00:00,1.0,0.0,0.0
2015-08-02 23:00:00,1.0,0.0,0.0
2015-08-03 00:00:00,1.0,0.0,0.0
2015-08-03 01:00:00,1.0,0.0,0.0
2015-08-03 02:00:00,1.0,0.0,0.0
2015-08-03 03:00:00,1.0,0.0,0.0
2015-08-03 04:00:00,1.0,0.0,0.0
2015-08-03 05:00:00,0.98,18.884539,0.9752777777777778
2015-08-03 06:00:00,0.98,106.63512,1.0
2015-08-03 07:00:00,0.98,251.63232,1.0
2015-08-03 08:00:00,0.99,510.41193,1.0
2015-08-03 09:00:00,0.99,497.25894,1.0
2015-08-03 10:00:00,0.93,693.7015,1.0
2015-08-03 11:00:00,0.81,784.328,1.0
2015-08-03 12:00:00,0.63,739.4718,1.0
2015-08-03 13:00:00,0.57,721.36694,1.0
2015-08-03 14:00:00,0.89,497.1595,1.0
2015-08-03 15:00:00,0.72,253.04686,1.0
2015-08-03 16:00:00,0.51,189.91826,1.0
2015-08-03 17:00:00,0.43,111.45497,1.0
2015-08-03 18:00:00,0.86,28.648348,1.0
2015-08-03 19:00:00,0.62,0.0,0.19944444444444445
2015-08-03 20:00:00,0.15,0.0,0.0
2015-08-03 21:00:00,0.08,0.0,0.0
2015-08-03 22:00:00,0.09,0.0,0.0
2015-08-03 23:00:00,0.14,0.0,0.0
2015-08-04 00:00:00,0.13,0.0,0.0
2015-08-04 01:00:00,0.03,0.0,0.0
2015-08-04 02:00:00,0.0,0.0,0.0
2015-08-04 03:00:00,0.0,0.0,0.0
2015-08-04 04:00:00,0.0,0.0,0.0
2015-08-04 05:00:00,0.0,45.129498,0.9597222222222223
2015-08-04 06:00:00,0.0,231.17012,1.0
2015-08-04 07:00:00,0.02,453.68018,1.0
2015-08-04 08:00:00,0.02,667.5549,1.0
2015-08-04 09:00:00,0.24,820.7251,1.0
2015-08-04 10:00:00,0.08,865.2864,1.0
2015-08-04 11:00:00,0.2,980.9872,1.0
2015-08-04 12:00:00,0.0,942.74976,1.0
2015-08-04 13:00:00,0.03,948.6408,1.0
2015-08-04 14:00:00,0.32,714.5711,1.0
2015-08-04 15:00:00,0.01,593.1217,1.0
2015-08-04 16:00:00,0.01,411.46967,1.0
2015-08-04 17:00:00,0.02,203.16711,1.0
2015-08-04 18:00:00,0.01,37.641666,1.0
2015-08-04 19:00:00,0.01,0.0,0.1811111111111111
2015-08-04 20:00:00,0.02,0.0,0.0
2015-08-04 21:00:00,0.02,0.0,0.0
2015-08-04 22:00:00,0.0,0.0,0.0
2015-08-04 23:00:00,0.0,0.0,0.0
2015-08-05 00:00:00,0.0,0.0,0.0
2015-08-05 01:00:00,0.0,0.0,0.0
2015-08-05 02:00:00,0.0,0.0,0.0
2015-08-05 03:00:00,0.0,0.0,0.0
2015-08-05 04:00:00,0.0,0.0,0.0
2015-08-05 05:00:00,0.0,44.45052,0.9441666666666667
2015-08-05 06:00:00,0.0,231.77689,1.0
2015-08-05 07:00:00,0.0,457.6378,1.0
2015-08-05 08:00:00,0.0,669.54224,1.0
2015-08-05 09:00:00,0.0,846.10675,1.0
2015-08-05 10:00:00,0.34,949.4789,1.0
2015-08-05 11:00:00,0.58,933.8382,1.0
2015-08-05 12:00:00,0.76,992.443,1.0
2015-08-05 13:00:00,0.61,901.27527,1.0
2015-08-05 14:00:00,0.56,793.99695,1.0
2015-08-05 15:00:00,0.69,611.5907,1.0
2015-08-05 16:00:00,0.73,339.96204,1.0
2015-08-05 17:00:00,0.75,202.02722,1.0
2015-08-05 18:00:00,0.64,39.350594,1.0
2015-08-05 19:00:00,0.92,0.0,0.1625
2015-08-05 20:00:00,0.89,0.0,0.0
2015-08-05 21:00:00,0.97,0.0,0.0
2015-08-05 22:00:00,0.88,0.0,0.0
2015-08-05 23:00:00,0.63,0.0,0.0
2015-08-06 00:00:00,0.48,0.0,0.0
2015-08-06 01:00:00,0.56,0.0,0.0
2015-08-06 02:00:00,0.25,0.0,0.0
2015-08-06 03:00:00,0.19,0.0,0.0
2015-08-06 04:00:00,0.01,0.0,0.0
2015-08-06 05:00:00,0.11,41.84487,0.9288888888888889
2015-08-06 06:00:00,0.37,223.68521,1.0
2015-08-06 07:00:00,0.86,447.31384,1.0
2015-08-06 08:00:00,0.98,654.3771,1.0
2015-08-06 09:00:00,0.98,759.84546,1.0
2015-08-06 10:00:00,0.98,864.33997,1.0
2015-08-06 11:00:00,0.89,897.8344,1.0
2015-08-06 12:00:00,0.78,924.1299,1.0
2015-08-06 13:00:00,0.9,824.44086,1.0
2015-08-06 14:00:00,0.95,663.8757,1.0
2015-08-06 15:00:00,0.91,534.01605,1.0
2015-08-06 16:00:00,0.96,332.69812,1.0
2015-08-06 17:00:00,0.97,190.15752,1.0
2015-08-06 18:00:00,0.98,43.73753,1.0
2015-08-06 19:00:00,0.99,0.0,0.1438888888888889
2015-08-06 20:00:00,0.91,0.0,0.0
2015-08-06 21:00:00,0.65,0.0,0.0
2015-08-06 22:00:00,0.44,0.0,0.0
2015-08-06 23:00:00,0.06,0.0,0.0
2015-08-07 00:00:00,0.0,0.0,0.0
2015-08-07 01:00:00,0.03,0.0,0.0
2015-08-07 02:00:00,0.06,0.0,0.0
2015-08-07 03:00:00,0.01,0.0,0.0
2015-08-07 04:00:00,0.13,0.0,0.0
2015-08-07 05:00:00,0.32,36.88328,0.9136111111111112
2015-08-07 06:00:00,0.82,177.39557,1.0
2015-08-07 07:00:00,0.98,312.38965,1.0
2015-08-07 08:00:00,1.0,393.69437,1.0
2015-08-07 09:00:00,0.97,623.8033,1.0
2015-08-07 10:00:00,0.99,805.8611,1.0
2015-08-07 11:00:00,0.99,740.3013,1.0
2015-08-07 12:00:00,0.99,749.4675,1.0
2015-08-07 13:00:00,0.91,710.62573,1.0
2015-08-07 14:00:00,0.91,639.4887,1.0
2015-08-07 15:00:00,0.94,532.8144,1.0
2015-08-07 16:00:00,0.31,228.30762,1.0
2015-08-07 17:00:00,0.19,110.04912,1.0
2015-08-07 18:00:00,0.35,31.98792,1.0
2015-08-07 19:00:00,0.66,0.0,0.12472222222222222
2015-08-07 20:00:00,0.56,0.0,0.0
2015-08-07 21:00:00,0.33,0.0,0.0
2015-08-07 22:00:00,0.35,0.0,0.0
2015-08-07 23:00:00,0.75,0.0,0.0
2015-08-08 00:00:00,1.0,0.0,0.0
2015-08-08 01:00:00,1.0,0.0,0.0
2015-08-08 02:00:00,1.0,0.0,0.0
2015-08-08 03:00:00,0.91,0.0,0.0
2015-08-08 04:00:00,0.94,0.0,0.0
2015-08-08 05:00:00,0.98,25.640635,0.8980555555555556
2015-08-08 06:00:00,1.0,139.21071,1.0
2015-08-08 07:00:00,0.98,277.31955,1.0
2015-08-08 08:00:00,0.93,543.01575,1.0
2015-08-08 09:00:00,0.66,812.4472,1.0
2015-08-08 10:00:00,0.34,855.9934,1.0
2015-08-08 11:00:00,0.64,947.3437,1.0
2015-08-08 12:00:00,0.61,931.2756,1.0
2015-08-08 13:00:00,0.76,783.1252,1.0
2015-08-08 14:00:00,0.86,713.8887,1.0
2015-08-08 15:00:00,0.99,550.3359,1.0
2015-08-08 16:00:00,0.77,366.75018,1.0
2015-08-08 17:00:00,0.78,162.19852,1.0
2015-08-08 18:00:00,0.76,31.575132,1.0
2015-08-08 19:00:00,0.73,0.0,0.10527777777777778
2015-08-08 20:00:00,0.4,0.0,0.0
2015-08-08 21:00:00,0.32,0.0,0.0
2015-08-08 22:00:00,0.29,0.0,0.0
2015-08-08 23:00:00,0.19,0.0,0.0
2015-08-09 00:00:00,0.05,0.0,0.0
2015-08-09 01:00:00,0.01,0.0,0.0
2015-08-09 02:00:00,0.0,0.0,0.0
2015-08-09 03:00:00,0.0,0.0,0.0
2015-08-09 04:00:00,0.03,0.0,0.0
2015-08-09 05:00:00,0.01,37.774216,0.8827777777777778
2015-08-09 06:00:00,0.0,219.44272,1.0
2015-08-09 07:00:00,0.0,444.73676,1.0
2015-08-09 08:00:00,0.0,657.8105,1.0
2015-08-09 09:00:00,0.0,813.1418,1.0
2015-08-09 10:00:00,0.0,915.1056,1.0
2015-08-09 11:00:00,0.19,1007.0242,1.0
2015-08-09 12:00:00,0.34,957.09674,1.0
2015-08-09 13:00:00,0.47,834.79156,1.0
2015-08-09 14:00:00,0.4,694.0681,1.0
2015-08-09 15:00:00,0.78,431.11856,1.0
2015-08-09 16:00:00,0.29,285.42886,1.0
2015-08-09 17:00:00,0.14,157.92723,1.0
2015-08-09 18:00:00,0.06,33.04621,1.0
2015-08-09 19:00:00,0.38,0.0,0.08527777777777777
2015-08-09 20:00:00,0.25,0.0,0.0
2015-08-09 21:00:00,0.14,0.0,0.0
2015-08-09 22:00:00,0.1,0.0,0.0
2015-08-09 23:00:00,0.09,0.0,0.0
2015-08-10 00:00:00,0.12,0.0,0.0
2015-08-10 01:00:00,0.18,0.0,0.0
2015-08-10 02:00:00,0.16,0.0,0.0
2015-08-10 03:00:00,0.05,0.0,0.0
2015-08-10 04:00:00,0.04,0.0,0.0
2015-08-10 05:00:00,0.17,35.08598,0.8672222222222222
2015-08-10 06:00:00,0.06,211.4175,1.0
2015-08-10 07:00:00,0.01,434.61798,1.0
2015-08-10 08:00:00,0.01,644.385,1.0
2015-08-10 09:00:00,0.05,769.3822,1.0
2015-08-10 10:00:00,0.19,856.12585,1.0
2015-08-10 11:00:00,0.69,806.19995,1.0
2015-08-10 12:00:00,0.88,840.7861,1.0
2015-08-10 13:00:00,0.68,759.85315,1.0
2015-08-10 14:00:00,0.77,526.64813,1.0
2015-08-10 15:00:00,0.7,430.12405,1.0
2015-08-10 16:00:00,0.67,202.95593,1.0
2015-08-10 17:00:00,0.66,97.25213,1.0
2015-08-10 18:00:00,0.37,28.134329,1.0
2015-08-10 19:00:00,0.65,0.0,0.06472222222222222
2015-08-10 20:00:00,0.38,0.0,0.0
2015-08-10 21:00:00,0.38,0.0,0.0
2015-08-10 22:00:00,0.59,0.0,0.0
2015-08-10 23:00:00,0.61,0.0,0.0
2015-08-11 00:00:00,0.86,0.0,0.0
2015-08-11 01:00:00,0.97,0.0,0.0
2015-08-11 02:00:00,1.0,0.0,0.0
2015-08-11 03:00:00,1.0,0.0,0.0
2015-08-11 04:00:00,1.0,0.0,0.0
2015-08-11 05:00:00,0.99,30.53162,0.8516666666666667
2015-08-11 06:00:00,0.98,165.79425,1.0
2015-08-11 07:00:00,0.62,370.5664,1.0
2015-08-11 08:00:00,0.06,586.9568,1.0
2015-08-11 09:00:00,0.23,802.63367,1.0
2015-08-11 10:00:00,0.19,830.8437,1.0
2015-08-11 11:00:00,0.44,899.5871,1.0
2015-08-11 12:00:00,0.75,657.87933,1.0
2015-08-11 13:00:00,0.63,628.83325,1.0
2015-08-11 14:00:00,0.84,498.70197,1.0
2015-08-11 15:00:00,0.95,296.2662,1.0
2015-08-11 16:00:00,0.93,156.78157,1.0
2015-08-11 17:00:00,0.99,105.86396,1.0
2015-08-11 18:00:00,1.0,24.222477,1.0
2015-08-11 19:00:00,1.0,0.0,0.04388888888888889
2015-08-11 20:00:00,1.0,0.0,0.0
2015-08-11 21:00:00,1.0,0.0,0.0
2015-08-11 22:00:00,0.99,0.0,0.0
2015-08-11 23:00:00,0.98,0.0,0.0
2015-08-12 00:00:00,0.99,0.0,0.0
2015-08-12 01:00:00,1.0,0.0,0.0
2015-08-12 02:00:00,0.97,0.0,0.0
2015-08-12 03:00:00,0.28,0.0,0.0
2015-08-12 04:00:00,0.37,0.0,0.0
2015-08-12 05:00:00,0.29,31.607632,0.8358333333333333
2015-08-12 06:00:00,0.27,198.02808,1.0
2015-08-12 07:00:00,0.39,398.64474,1.0
2015-08-12 08:00:00,0.26,554.6528,1.0
2015-08-12 09:00:00,0.34,706.3863,1.0
2015-08-12 10:00:00,0.54,871.6671,1.0
2015-08-12 11:00:00,0.43,951.47986,1.0
2015-08-12 12:00:00,0.49,805.49744,1.0
2015-08-12 13:00:00,0.41,816.9578,1.0
2015-08-12 14:00:00,0.71,479.8874,1.0
2015-08-12 15:00:00,0.73,290.2388,1.0
2015-08-12 16:00:00,0.7,282.879,1.0
2015-08-12 17:00:00,0.95,144.20552,1.0
2015-08-12 18:00:00,0.93,27.18378,1.0
2015-08-12 19:00:00,0.84,0.0,0.0225
2015-08-12 20:00:00,0.77,0.0,0.0
2015-08-12 21:00:00,0.5,0.0,0.0
2015-08-12 22:00:00,0.44,0.0,0.0
2015-08-12 23:00:00,0.34,0.0,0.0
2015-08-13 00:00:00,0.18,0.0,0.0
2015-08-13 01:00:00,0.07,0.0,0.0
2015-08-13 02:00:00,0.18,0.0,0.0
2015-08-13 03:00:00,0.16,0.0,0.0
2015-08-13 04:00:00,0.01,0.0,0.0
2015-08-13 05:00:00,0.01,31.80637,0.8202777777777778
2015-08-13 06:00:00,0.0,207.18811,1.0
2015-08-13 07:00:00,0.0,431.77405,1.0
2015-08-13 08:00:00,0.0,642.0711,1.0
2015-08-13 09:00:00,0.0,813.14276,1.0
2015-08-13 10:00:00,0.05,874.9168,1.0
2015-08-13 11:00:00,0.42,796.3634,1.0
2015-08-13 12:00:00,0.38,896.66876,1.0
2015-08-13 13:00:00,0.17,856.67914,1.0
2015-08-13 14:00:00,0.25,718.24976,1.0
2015-08-13 15:00:00,0.71,548.44324,1.0
2015-08-13 16:00:00,0.8,333.8461,1.0
2015-08-13 17:00:00,0.48,160.17525,1.0
2015-08-13 18:00:00,0.46,27.258251,1.0
2015-08-13 19:00:00,0.16,0.0,0.0008333333333333334
2015-08-13 20:00:00,0.25,0.0,0.0
2015-08-13 21:00:00,0.19,0.0,0.0
2015-08-13 22:00:00,0.12,0.0,0.0
2015-08-13 23:00:00,0.11,0.0,0.0
2015-08-14 00:00:00,0.12,0.0,0.0
2015-08-14 01:00:00,0.06,0.0,0.0
2015-08-14 02:00:00,0.04,0.0,0.0
2015-08-14 03:00:00,0.01,0.0,0.0
2015-08-14 04:00:00,0.03,0.0,0.0
2015-08-14 05:00:00,0.0,30.026243,0.8044444444444444
2015-08-14 06:00:00,0.0,203.54048,1.0
2015-08-14 07:00:00,0.0,426.08246,1.0
2015-08-14 08:00:00,0.0,637.3562,1.0
2015-08-14 09:00:00,0.02,787.3774,1.0
2015-08-14 10:00:00,0.1,924.6934,1.0
2015-08-14 11:00:00,0.22,738.2734,1.0
2015-08-14 12:00:00,0.47,832.987,1.0
2015-08-14 13:00:00,0.63,803.29926,1.0
2015-08-14 14:00:00,0.36,602.0328,1.0
2015-08-14 15:00:00,0.58,513.554,1.0
2015-08-14 16:00:00,0.71,301.5323,1.0
2015-08-14 17:00:00,0.71,177.09665,1.0
2015-08-14 18:00:00,0.35,25.375452,0.9788888888888889
2015-08-14 19:00:00,0.21,0.0,0.0
2015-08-14 20:00:00,0.13,0.0,0.0
2015-08-14 21:00:00,0.15,0.0,0.0
2015-08-14 22:00:00,0.08,0.0,0.0
2015-08-14 23:00:00,0.04,0.0,0.0
2015-08-15 00:00:00,0.05,0.0,0.0
2015-08-15 01:00:00,0.04,0.0,0.0
2015-08-15 02:00:00,0.03,0.0,0.0
2015-08-15 03:00:00,0.1,0.0,0.0
2015-08-15 04:00:00,0.07,0.0,0.0
2015-08-15 05:00:00,0.01,30.243479,0.7888888888888889
2015-08-15 06:00:00,0.02,206.48232,1.0
2015-08-15 07:00:00,0.0,431.66257,1.0
2015-08-15 08:00:00,0.0,646.30566,1.0
2015-08-15 09:00:00,0.0,818.2936,1.0
2015-08-15 10:00:00,0.03,912.3755,1.0
2015-08-15 11:00:00,0.07,1018.0283,1.0
2015-08-15 12:00:00,0.33,869.56866,1.0
2015-08-15 13:00:00,0.54,739.5504,1.0
2015-08-15 14:00:00,0.5,614.94446,1.0
2015-08-15 15:00:00,0.74,479.3476,1.0
2015-08-15 16:00:00,0.53,348.37244,1.0
2015-08-15 17:00:00,0.32,175.40193,1.0
2015-08-15 18:00:00,0.73,22.93752,0.9563888888888888
2015-08-15 19:00:00,0.74,0.0,0.0
2015-08-15 20:00:00,0.64,0.0,0.0
2015-08-15 21:00:00,0.31,0.0,0.0
2015-08-15 22:00:00,0.14,0.0,0.0
2015-08-15 23:00:00,0.03,0.0,0.0
2015-08-16 00:00:00,0.08,0.0,0.0
2015-08-16 01:00:00,0.11,0.0,0.0
2015-08-16 02:00:00,0.19,0.0,0.0
2015-08-16 03:00:00,0.34,0.0,0.0
2015-08-16 04:00:00,0.55,0.0,0.0
2015-08-16 05:00:00,0.51,28.446306,0.7730555555555556
2015-08-16 06:00:00,0.34,198.10054,1.0
2015-08-16 07:00:00,0.08,425.88052,1.0
2015-08-16 08:00:00,0.0,637.32184,1.0
2015-08-16 09:00:00,0.0,777.8715,1.0
2015-08-16 10:00:00,0.02,866.60443,1.0
2015-08-16 11:00:00,0.27,986.993,1.0
2015-08-16 12:00:00,0.43,799.278,1.0
2015-08-16 13:00:00,0.29,679.82806,1.0
2015-08-16 14:00:00,0.36,670.12524,1.0
2015-08-16 15:00:00,0.54,538.1031,1.0
2015-08-16 16:00:00,0.79,315.43402,1.0
2015-08-16 17:00:00,0.25,160.9441,1.0
2015-08-16 18:00:00,0.01,23.184523,0.9336111111111111
2015-08-16 19:00:00,0.01,0.0,0.0
2015-08-16 20:00:00,0.04,0.0,0.0
2015-08-16 21:00:00,0.05,0.0,0.0
2015-08-16 22:00:00,0.01,0.0,0.0
2015-08-16 23:00:00,0.98,0.0,0.0
2015-08-17 00:00:00,0.92,0.0,0.0
2015-08-17 01:00:00,0.64,0.0,0.0
2015-08-17 02:00:00,0.48,0.0,0.0
2015-08-17 03:00:00,0.38,0.0,0.0
2015-08-17 04:00:00,0.36,0.0,0.0
2015-08-17 05:00:00,0.1,25.490664,0.7572222222222222
2015-08-17 06:00:00,0.05,189.03487,1.0
2015-08-17 07:00:00,0.01,394.84598,1.0
2015-08-17 08:00:00,0.17,604.8232,1.0
2015-08-17 09:00:00,0.11,744.66724,1.0
2015-08-17 10:00:00,0.22,831.95404,1.0
2015-08-17 11:00:00,0.27,983.2119,1.0
2015-08-17 12:00:00,0.61,632.334,1.0
2015-08-17 13:00:00,0.81,604.07367,1.0
2015-08-17 14:00:00,0.8,484.91263,1.0
2015-08-17 15:00:00,0.95,262.0805,1.0
2015-08-17 16:00:00,0.94,190.5415,1.0
2015-08-17 17:00:00,0.81,133.67384,1.0
2015-08-17 18:00:00,0.84,22.264414,0.9105555555555556
2015-08-17 19:00:00,0.68,0.0,0.0
2015-08-17 20:00:00,0.71,0.0,0.0
2015-08-17 21:00:00,0.65,0.0,0.0
2015-08-17 22:00:00,0.66,0.0,0.0
2015-08-17 23:00:00,0.0,0.0,0.0
2015-08-18 00:00:00,0.0,0.0,0.0
2015-08-18 01:00:00,0.03,0.0,0.0
2015-08-18 02:00:00,0.01,0.0,0.0
2015-08-18 03:00:00,0.54,0.0,0.0
2015-08-18 04:00:00,0.36,0.0,0.0
2015-08-18 05:00:00,0.62,22.624392,0.7413888888888889
2015-08-18 06:00:00,0.62,138.47192,1.0
2015-08-18 07:00:00,0.62,260.00854,1.0
2015-08-18 08:00:00,0.59,475.18835,1.0
2015-08-18 09:00:00,0.42,605.69025,1.0
2015-08-18 10:00:00,0.71,730.4413,1.0
2015-08-18 11:00:00,0.81,655.45087,1.0
2015-08-18 12:00:00,0.92,720.01056,1.0
2015-08-18 13:00:00,0.93,462.37125,1.0
2015-08-18 14:00:00,0.79,531.97186,1.0
2015-08-18 15:00:00,0.58,445.97626,1.0
2015-08-18 16:00:00,0.9,180.9878,1.0
2015-08-18 17:00:00,0.97,76.43913,1.0
2015-08-18 18:00:00,1.0,6.765359,0.8872222222222222
2015-08-18 19:00:00,0.83,0.0,0.0
2015-08-18 20:00:00,0.79,0.0,0.0
2015-08-18 21:00:00,0.87,0.0,0.0
2015-08-18 22:00:00,0.88,0.0,0.0
2015-08-18 23:00:00,0.94,0.0,0.0
2015-08-19 00:00:00,0.91,0.0,0.0
2015-08-19 01:00:00,0.96,0.0,0.0
2015-08-19 02:00:00,0.81,0.0,0.0
2015-08-19 03:00:00,0.27,0.0,0.0
2015-08-19 04:00:00,0.05,0.0,0.0
2015-08-19 05:00:00,0.0,24.93935,0.7255555555555555
2015-08-19 06:00:00,0.25,180.99858,1.0
2015-08-19 07:00:00,0.5,348.889,1.0
2015-08-19 08:00:00,0.62,477.29205,1.0
2015-08-19 09:00:00,0.53,532.82074,1.0
2015-08-19 10:00:00,0.35,704.5221,1.0
2015-08-19 11:00:00,0.79,772.2868,1.0
2015-08-19 12:00:00,0.59,853.32983,1.0
2015-08-19 13:00:00,0.42,904.9616,1.0
2015-08-19 14:00:00,0.0,784.73895,1.0
2015-08-19 15:00:00,0.19,617.41284,1.0
2015-08-19 16:00:00,0.0,400.3379,1.0
2015-08-19 17:00:00,0.0,176.8502,1.0
2015-08-19 18:00:00,0.0,18.35656,0.8638888888888889
2015-08-19 19:00:00,0.0,0.0,0.0
2015-08-19 20:00:00,0.01,0.0,0.0
2015-08-19 21:00:00,0.0,0.0,0.0
2015-08-19 22:00:00,0.0,0.0,0.0
2015-08-19 23:00:00,0.0,0.0,0.0
2015-08-20 00:00:00,0.0,0.0,0.0
2015-08-20 01:00:00,0.0,0.0,0.0
2015-08-20 02:00:00,0.0,0.0,0.0
2015-08-20 03:00:00,0.0,0.0,0.0
2015-08-20 04:00:00,0.0,0.0,0.0
2015-08-20 05:00:00,0.0,25.148773,0.7097222222222223
2015-08-20 06:00:00,0.0,201.57803,1.0
2015-08-20 07:00:00,0.0,433.04428,1.0
2015-08-20 08:00:00,0.0,651.41565,1.0
2015-08-20 09:00:00,0.0,832.8815,1.0
2015-08-20 10:00:00,0.02,918.1304,1.0
2015-08-20 11:00:00,0.35,974.07983,1.0
2015-08-20 12:00:00,0.14,962.2877,1.0
2015-08-20 13:00:00,0.09,877.2334,1.0
2015-08-20 14:00:00,0.2,768.3129,1.0
2015-08-20 15:00:00,0.52,500.1218,1.0
2015-08-20 16:00:00,0.3,289.60382,1.0
2015-08-20 17:00:00,0.6,151.51581,1.0
2015-08-20 18:00:00,0.42,18.486977,0.84
2015-08-20 19:00:00,0.11,0.0,0.0
2015-08-20 20:00:00,0.02,0.0,0.0
2015-08-20 21:00:00,0.0,0.0,0.0
2015-08-20 22:00:00,0.0,0.0,0.0
2015-08-20 23:00:00,0.0,0.0,0.0
2015-08-21 00:00:00,0.0,0.0,0.0
2015-08-21 01:00:00,0.0,0.0,0.0
2015-08-21 02:00:00,0.0,0.0,0.0
2015-08-21 03:00:00,0.0,0.0,0.0
2015-08-21 04:00:00,0.0,0.0,0.0
2015-08-21 05:00:00,0.0,24.37325,0.6938888888888889
2015-08-21 06:00:00,0.0,204.62563,1.0
2015-08-21 07:00:00,0.0,440.74902,1.0
2015-08-21 08:00:00,0.0,662.60443,1.0
2015-08-21 09:00:00,0.0,845.1238,1.0
2015-08-21 10:00:00,0.0,970.9676,1.0
2015-08-21 11:00:00,0.01,1021.9422,1.0
2015-08-21 12:00:00,0.12,933.75397,1.0
2015-08-21 13:00:00,0.51,886.94604,1.0
2015-08-21 14:00:00,0.59,743.5001,1.0
2015-08-21 15:00:00,0.53,579.97906,1.0
2015-08-21 16:00:00,0.5,368.00974,1.0
2015-08-21 17:00:00,0.33,161.37776,1.0
2015-08-21 18:00:00,0.25,16.255657,0.8161111111111111
2015-08-21 19:00:00,0.08,0.0,0.0
2015-08-21 20:00:00,0.0,0.0,0.0
2015-08-21 21:00:00,0.0,0.0,0.0
2015-08-21 22:00:00,0.0,0.0,0.0
2015-08-21 23:00:00,0.0,0.0,0.0
2015-08-22 00:00:00,0.0,0.0,0.0
2015-08-22 01:00:00,0.0,0.0,0.0
2015-08-22 02:00:00,0.0,0.0,0.0
2015-08-22 03:00:00,0.0,0.0,0.0
2015-08-22 04:00:00,0.0,0.0,0.0
2015-08-22 05:00:00,0.0,23.482714,0.6783333333333333
2015-08-22 06:00:00,0.0,197.75099,1.0
2015-08-22 07:00:00,0.0,428.52078,1.0
2015-08-22 08:00:00,0.0,645.9716,1.0
2015-08-22 09:00:00,0.0,782.45636,1.0
2015-08-22 10:00:00,0.23,844.49963,1.0
2015-08-22 11:00:00,0.31,883.89435,1.0
2015-08-22 12:00:00,0.34,906.31836,1.0
2015-08-22 13:00:00,0.34,763.81726,1.0
2015-08-22 14:00:00,0.42,558.60065,1.0
2015-08-22 15:00:00,0.57,494.03122,1.0
2015-08-22 16:00:00,0.31,330.55002,1.0
2015-08-22 17:00:00,0.21,150.82957,1.0
2015-08-22 18:00:00,0.08,14.746622,0.7919444444444445
2015-08-22 19:00:00,0.11,0.0,0.0
2015-08-22 20:00:00,0.07,0.0,0.0
2015-08-22 21:00:00,0.1,0.0,0.0
2015-08-22 22:00:00,0.04,0.0,0.0
2015-08-22 23:00:00,0.11,0.0,0.0
2015-08-23 00:00:00,0.12,0.0,0.0
2015-08-23 01:00:00,0.11,0.0,0.0
2015-08-23 02:00:00,0.04,0.0,0.0
2015-08-23 03:00:00,0.01,0.0,0.0
2015-08-23 04:00:00,0.0,0.0,0.0
2015-08-23 05:00:00,0.06,20.297531,0.6625
2015-08-23 06:00:00,0.14,186.63905,1.0
2015-08-23 07:00:00,0.32,416.47736,1.0
2015-08-23 08:00:00,0.45,637.8323,1.0
2015-08-23 09:00:00,0.44,820.5044,1.0
2015-08-23 10:00:00,0.47,932.00433,1.0
2015-08-23 11:00:00,0.32,1001.8617,1.0
2015-08-23 12:00:00,0.74,914.1871,1.0
2015-08-23 13:00:00,0.86,750.9671,1.0
2015-08-23 14:00:00,0.56,623.8414,1.0
2015-08-23 15:00:00,0.45,542.2313,1.0
2015-08-23 16:00:00,0.39,370.63196,1.0
2015-08-23 17:00:00,0.11,151.68596,1.0
2015-08-23 18:00:00,0.01,14.261228,0.7677777777777778
2015-08-23 19:00:00,0.0,0.0,0.0
2015-08-23 20:00:00,0.0,0.0,0.0
2015-08-23 21:00:00,0.0,0.0,0.0
2015-08-23 22:00:00,0.0,0.0,0.0
2015-08-23 23:00:00,0.0,0.0,0.0
2015-08-24 00:00:00,0.0,0.0,0.0
2015-08-24 01:00:00,0.0,0.0,0.0
2015-08-24 02:00:00,0.0,0.0,0.0
2015-08-24 03:00:00,0.0,0.0,0.0
2015-08-24 04:00:00,0.01,0.0,0.0
2015-08-24 05:00:00,0.03,20.633274,0.6466666666666666
2015-08-24 06:00:00,0.01,189.39638,1.0
2015-08-24 07:00:00,0.0,419.38922,1.0
2015-08-24 08:00:00,0.0,637.0767,1.0
2015-08-24 09:00:00,0.16,810.02124,1.0
2015-08-24 10:00:00,0.27,866.974,1.0
2015-08-24 11:00:00,0.37,952.3164,1.0
2015-08-24 12:00:00,0.52,992.9111,1.0
2015-08-24 13:00:00,0.36,905.0744,1.0
2015-08-24 14:00:00,0.4,747.75946,1.0
2015-08-24 15:00:00,0.25,557.73267,1.0
2015-08-24 16:00:00,0.31,359.12833,1.0
2015-08-24 17:00:00,0.3,149.38274,1.0
2015-08-24 18:00:00,0.02,12.8152895,0.7433333333333333
2015-08-24 19:00:00,0.0,0.0,0.0
2015-08-24 20:00:00,0.01,0.0,0.0
2015-08-24 21:00:00,0.01,0.0,0.0
2015-08-24 22:00:00,0.0,0.0,0.0
2015-08-24 23:00:00,0.0,0.0,0.0
2015-08-25 00:00:00,0.0,0.0,0.0
2015-08-25 01:00:00,0.0,0.0,0.0
2015-08-25 02:00:00,0.0,0.0,0.0
2015-08-25 03:00:00,0.0,0.0,0.0
2015-08-25 04:00:00,0.0,0.0,0.0
2015-08-25 05:00:00,0.0,19.66466,0.6311111111111111
2015-08-25 06:00:00,0.05,187.96196,1.0
2015-08-25 07:00:00,0.34,418.18457,1.0
2015-08-25 08:00:00,0.27,634.6076,1.0
2015-08-25 09:00:00,0.02,817.48584,1.0
2015-08-25 10:00:00,0.34,903.81586,1.0
2015-08-25 11:00:00,0.46,915.0415,1.0
2015-08-25 12:00:00,0.58,928.4349,1.0
2015-08-25 13:00:00,0.51,846.53375,1.0
2015-08-25 14:00:00,0.61,713.77203,1.0
2015-08-25 15:00:00,0.79,493.208,1.0
2015-08-25 16:00:00,0.76,339.86908,1.0
2015-08-25 17:00:00,0.71,144.60004,1.0
2015-08-25 18:00:00,0.73,11.615717,0.7188888888888889
2015-08-25 19:00:00,0.56,0.0,0.0
2015-08-25 20:00:00,0.45,0.0,0.0
2015-08-25 21:00:00,0.77,0.0,0.0
2015-08-25 22:00:00,0.82,0.0,0.0
2015-08-25 23:00:00,0.84,0.0,0.0
2015-08-26 00:00:00,0.92,0.0,0.0
2015-08-26 01:00:00,0.91,0.0,0.0
2015-08-26 02:00:00,0.95,0.0,0.0
2015-08-26 03:00:00,0.8,0.0,0.0
2015-08-26 04:00:00,0.71,0.0,0.0
2015-08-26 05:00:00,0.93,16.088537,0.6155555555555555
2015-08-26 06:00:00,1.0,181.47447,1.0
2015-08-26 07:00:00,1.0,418.66156,1.0
2015-08-26 08:00:00,1.0,637.4866,1.0
2015-08-26 09:00:00,1.0,753.0565,1.0
2015-08-26 10:00:00,0.98,760.5918,1.0
2015-08-26 11:00:00,0.96,868.2546,1.0
2015-08-26 12:00:00,0.97,771.3707,1.0
2015-08-26 13:00:00,0.94,652.1215,1.0
2015-08-26 14:00:00,0.94,526.52075,1.0
2015-08-26 15:00:00,0.98,284.51007,1.0
2015-08-26 16:00:00,0.99,161.26453,1.0
2015-08-26 17:00:00,1.0,98.71215,1.0
2015-08-26 18:00:00,1.0,14.908846,0.6941666666666667
2015-08-26 19:00:00,1.0,0.0,0.0
2015-08-26 20:00:00,0.93,0.0,0.0
2015-08-26 21:00:00,0.66,0.0,0.0
2015-08-26 22:00:00,0.37,0.0,0.0
2015-08-26 23:00:00,0.34,0.0,0.0
2015-08-27 00:00:00,0.33,0.0,0.0
2015-08-27 01:00:00,0.36,0.0,0.0
2015-08-27 02:00:00,0.5,0.0,0.0
2015-08-27 03:00:00,0.91,0.0,0.0
2015-08-27 04:00:00,0.96,0.0,0.0
2015-08-27 05:00:00,0.76,12.576985,0.6
2015-08-27 06:00:00,0.68,124.9727,1.0
2015-08-27 07:00:00,0.55,271.88525,1.0
2015-08-27 08:00:00,0.44,397.30548,1.0
2015-08-27 09:00:00,0.38,575.42053,1.0
2015-08-27 10:00:00,0.19,688.08026,1.0
2015-08-27 11:00:00,0.28,865.5531,1.0
2015-08-27 12:00:00,0.51,784.19006,1.0
2015-08-27 13:00:00,0.83,668.7767,1.0
2015-08-27 14:00:00,0.81,414.27145,1.0
2015-08-27 15:00:00,0.8,245.28772,1.0
2015-08-27 16:00:00,0.55,189.46219,1.0
2015-08-27 17:00:00,0.5,99.55463,1.0
2015-08-27 18:00:00,0.5,9.632884,0.6697222222222222
2015-08-27 19:00:00,0.54,0.0,0.0
2015-08-27 20:00:00,0.72,0.0,0.0
2015-08-27 21:00:00,0.81,0.0,0.0
2015-08-27 22:00:00,0.63,0.0,0.0
2015-08-27 23:00:00,0.29,0.0,0.0
2015-08-28 00:00:00,0.12,0.0,0.0
2015-08-28 01:00:00,0.01,0.0,0.0
2015-08-28 02:00:00,0.0,0.0,0.0
2015-08-28 03:00:00,0.01,0.0,0.0
2015-08-28 04:00:00,0.0,0.0,0.0
2015-08-28 05:00:00,0.03,15.577721,0.5844444444444444
2015-08-28 06:00:00,0.17,159.41273,1.0
2015-08-28 07:00:00,0.05,390.42236,1.0
2015-08-28 08:00:00,0.0,617.68665,1.0
2015-08-28 09:00:00,0.13,789.8384,1.0
2015-08-28 10:00:00,0.36,890.95483,1.0
2015-08-28 11:00:00,0.3,977.6063,1.0
2015-08-28 12:00:00,0.23,993.057,1.0
2015-08-28 13:00:00,0.19,886.86383,1.0
2015-08-28 14:00:00,0.23,680.66675,1.0
2015-08-28 15:00:00,0.43,496.84607,1.0
2015-08-28 16:00:00,0.31,347.15427,1.0
2015-08-28 17:00:00,0.13,138.87065,1.0
2015-08-28 18:00:00,0.03,8.617471,0.6447222222222222
2015-08-28 19:00:00,0.01,0.0,0.0
2015-08-28 20:00:00,0.01,0.0,0.0
2015-08-28 21:00:00,0.0,0.0,0.0
2015-08-28 22:00:00,0.0,0.0,0.0
2015-08-28 23:00:00,0.0,0.0,0.0
2015-08-29 00:00:00,0.0,0.0,0.0
2015-08-29 01:00:00,0.0,0.0,0.0
2015-08-29 02:00:00,0.0,0.0,0.0
2015-08-29 03:00:00,0.0,0.0,0.0
2015-08-29 04:00:00,0.0,0.0,0.0
2015-08-29 05:00:00,0.0,15.731592,0.5688888888888889
2015-08-29 06:00:00,0.0,179.88875,1.0
2015-08-29 07:00:00,0.0,411.14236,1.0
2015-08-29 08:00:00,0.0,631.61487,1.0
2015-08-29 09:00:00,0.03,812.545,1.0
2015-08-29 10:00:00,0.05,940.83777,1.0
2015-08-29 11:00:00,0.16,1000.562,1.0
2015-08-29 12:00:00,0.12,991.15643,1.0
2015-08-29 13:00:00,0.19,891.97504,1.0
2015-08-29 14:00:00,0.16,733.8454,1.0
2015-08-29 15:00:00,0.36,532.42975,1.0
2015-08-29 16:00:00,0.27,330.98117,1.0
2015-08-29 17:00:00,0.06,132.62204,1.0
2015-08-29 18:00:00,0.08,8.383938,0.6197222222222222
2015-08-29 19:00:00,0.0,0.0,0.0
2015-08-29 20:00:00,0.0,0.0,0.0
2015-08-29 21:00:00,0.0,0.0,0.0
2015-08-29 22:00:00,0.04,0.0,0.0
2015-08-29 23:00:00,0.46,0.0,0.0
2015-08-30 00:00:00,0.86,0.0,0.0
2015-08-30 01:00:00,0.74,0.0,0.0
2015-08-30 02:00:00,0.1,0.0,0.0
2015-08-30 03:00:00,0.01,0.0,0.0
2015-08-30 04:00:00,0.05,0.0,0.0
2015-08-30 05:00:00,0.26,14.616978,0.5533333333333333
2015-08-30 06:00:00,0.48,175.91235,1.0
2015-08-30 07:00:00,0.59,395.27646,1.0
2015-08-30 08:00:00,0.79,623.2436,1.0
2015-08-30 09:00:00,0.48,786.87024,1.0
2015-08-30 10:00:00,0.36,924.4528,1.0
2015-08-30 11:00:00,0.32,953.8295,1.0
2015-08-30 12:00:00,0.39,968.47864,1.0
2015-08-30 13:00:00,0.37,849.4388,1.0
2015-08-30 14:00:00,0.33,705.94073,1.0
2015-08-30 15:00:00,0.42,519.92096,1.0
2015-08-30 16:00:00,0.4,313.8286,1.0
2015-08-30 17:00:00,0.27,126.39143,1.0
2015-08-30 18:00:00,0.3,8.122156,0.5941666666666666
2015-08-30 19:00:00,0.54,0.0,0.0
2015-08-30 20:00:00,0.71,0.0,0.0
2015-08-30 21:00:00,0.92,0.0,0.0
2015-08-30 22:00:00,0.96,0.0,0.0
2015-08-30 23:00:00,0.96,0.0,0.0
2015-08-31 00:00:00,0.99,0.0,0.0
2015-08-31 01:00:00,0.99,0.0,0.0
2015-08-31 02:00:00,0.92,0.0,0.0
2015-08-31 03:00:00,0.89,0.0,0.0
2015-08-31 04:00:00,0.65,0.0,0.0
2015-08-31 05:00:00,0.92,8.872467,0.5377777777777778
2015-08-31 06:00:00,0.99,101.67959,1.0
2015-08-31 07:00:00,0.99,214.7863,1.0
2015-08-31 08:00:00,0.97,274.46967,1.0
2015-08-31 09:00:00,0.98,337.47424,1.0
2015-08-31 10:00:00,0.96,630.9651,1.0
2015-08-31 11:00:00,0.67,816.6178,1.0
2015-08-31 12:00:00,0.42,804.92773,1.0
2015-08-31 13:00:00,0.69,728.6685,1.0
2015-08-31 14:00:00,0.95,347.754,1.0
2015-08-31 15:00:00,0.97,160.02162,1.0
2015-08-31 16:00:00,0.87,119.010925,1.0
2015-08-31 17:00:00,0.71,61.96699,1.0
2015-08-31 18:00:00,0.82,4.98093,0.5683333333333334
2015-08-31 19:00:00,0.81,0.0,0.0
2015-08-31 20:00:00,0.84,0.0,0.0
2015-08-31 21:00:00,0.86,0.0,0.0
2015-08-31 22:00:00,0.97,0.0,0.0
2015-08-31 23:00:00,0.97,0.0,0.0
2015-09-01 00:00:00,0.78,0.0,0.0
2015-09-01 01:00:00,0.27,0.0,0.0
2015-09-01 02:00:00,0.2,0.0,0.0
2015-09-01 03:00:00,0.05,0.0,0.0
2015-09-01 04:00:00,0.14,0.0,0.0
2015-09-01 05:00:00,0.03,12.596541,0.5222222222222223
2015-09-01 06:00:00,0.0,168.82104,1.0
2015-09-01 07:00:00,0.0,398.4503,1.0
2015-09-01 08:00:00,0.0,617.1396,1.0
2015-09-01 09:00:00,0.01,798.3397,1.0
2015-09-01 10:00:00,0.15,923.4551,1.0
2015-09-01 11:00:00,0.17,931.3545,1.0
2015-09-01 12:00:00,0.27,875.48816,1.0
2015-09-01 13:00:00,0.38,812.3444,1.0
2015-09-01 14:00:00,0.46,700.6533,1.0
2015-09-01 15:00:00,0.79,501.04468,1.0
2015-09-01 16:00:00,0.9,228.19354,1.0
2015-09-01 17:00:00,0.84,79.30606,1.0
2015-09-01 18:00:00,0.69,5.969615,0.5422222222222223
2015-09-01 19:00:00,0.62,0.0,0.0
2015-09-01 20:00:00,0.41,0.0,0.0
2015-09-01 21:00:00,0.13,0.0,0.0
2015-09-01 22:00:00,0.05,0.0,0.0
2015-09-01 23:00:00,0.08,0.0,0.0
2015-09-02 00:00:00,0.02,0.0,0.0
2015-09-02 01:00:00,0.01,0.0,0.0
2015-09-02 02:00:00,0.0,0.0,0.0
2015-09-02 03:00:00,0.01,0.0,0.0
2015-09-02 04:00:00,0.04,0.0,0.0
2015-09-02 05:00:00,0.08,11.737753,0.5066666666666667
2015-09-02 06:00:00,0.33,165.9476,1.0
2015-09-02 07:00:00,0.66,394.64783,1.0
2015-09-02 08:00:00,0.73,603.164,1.0
2015-09-02 09:00:00,0.73,790.1904,1.0
2015-09-02 10:00:00,0.85,912.1862,1.0
2015-09-02 11:00:00,0.86,908.46356,1.0
2015-09-02 12:00:00,0.69,955.62354,1.0
2015-09-02 13:00:00,0.51,846.3075,1.0
2015-09-02 14:00:00,0.5,668.925,1.0
2015-09-02 15:00:00,0.57,466.9401,1.0
2015-09-02 16:00:00,0.56,322.2597,1.0
2015-09-02 17:00:00,0.73,112.84908,1.0
2015-09-02 18:00:00,0.81,5.969615,0.5161111111111111
2015-09-02 19:00:00,0.88,0.0,0.0
2015-09-02 20:00:00,0.67,0.0,0.0
2015-09-02 21:00:00,0.82,0.0,0.0
2015-09-02 22:00:00,1.0,0.0,0.0
2015-09-02 23:00:00,0.97,0.0,0.0
2015-09-03 00:00:00,1.0,0.0,0.0
2015-09-03 01:00:00,1.0,0.0,0.0
2015-09-03 02:00:00,1.0,0.0,0.0
2015-09-03 03:00:00,1.0,0.0,0.0
2015-09-03 04:00:00,0.95,0.0,0.0
2015-09-03 05:00:00,0.96,6.351734,0.4913888888888889
2015-09-03 06:00:00,0.96,83.54368,1.0
2015-09-03 07:00:00,0.98,257.4456,1.0
2015-09-03 08:00:00,0.99,421.55432,1.0
2015-09-03 09:00:00,0.99,649.1787,1.0
2015-09-03 10:00:00,0.99,779.88434,1.0
2015-09-03 11:00:00,0.96,427.50974,1.0
2015-09-03 12:00:00,0.84,705.96106,1.0
2015-09-03 13:00:00,0.75,586.112,1.0
2015-09-03 14:00:00,0.65,442.41986,1.0
2015-09-03 15:00:00,0.99,202.31644,1.0
2015-09-03 16:00:00,0.98,75.43091,1.0
2015-09-03 17:00:00,0.89,63.8864,1.0
2015-09-03 18:00:00,0.61,4.972654,0.48944444444444446
2015-09-03 19:00:00,0.22,0.0,0.0
2015-09-03 20:00:00,0.31,0.0,0.0
2015-09-03 21:00:00,0.19,0.0,0.0
2015-09-03 22:00:00,0.36,0.0,0.0
2015-09-03 23:00:00,0.25,0.0,0.0
2015-09-04 00:00:00,0.06,0.0,0.0
2015-09-04 01:00:00,0.43,0.0,0.0
2015-09-04 02:00:00,0.57,0.0,0.0
2015-09-04 03:00:00,0.0,0.0,0.0
2015-09-04 04:00:00,0.0,0.0,0.0
2015-09-04 05:00:00,0.0,9.6243105,0.47583333333333333
2015-09-04 06:00:00,0.03,148.0702,1.0
2015-09-04 07:00:00,0.46,366.77515,1.0
2015-09-04 08:00:00,0.83,586.4858,1.0
2015-09-04 09:00:00,0.82,762.391,1.0
2015-09-04 10:00:00,0.84,848.5233,1.0
2015-09-04 11:00:00,0.77,830.8372,1.0
2015-09-04 12:00:00,0.86,683.0855,1.0
2015-09-04 13:00:00,0.91,609.9081,1.0
2015-09-04 14:00:00,0.95,399.36823,1.0
2015-09-04 15:00:00,0.81,230.67938,1.0
2015-09-04 16:00:00,0.79,86.730995,1.0
2015-09-04 17:00:00,0.47,48.97163,1.0
2015-09-04 18:00:00,0.43,2.9832883,0.4627777777777778
2015-09-04 19:00:00,0.89,0.0,0.0
2015-09-04 20:00:00,0.98,0.0,0.0
2015-09-04 21:00:00,0.96,0.0,0.0
2015-09-04 22:00:00,1.0,0.0,0.0
2015-09-04 23:00:00,1.0,0.0,0.0
2015-09-05 00:00:00,1.0,0.0,0.0
2015-09-05 01:00:00,1.0,0.0,0.0
2015-09-05 02:00:00,1.0,0.0,0.0
2015-09-05 03:00:00,1.0,0.0,0.0
2015-09-05 04:00:00,0.95,0.0,0.0
2015-09-05 05:00:00,0.91,6.4134665,0.4602777777777778
2015-09-05 06:00:00,0.79,136.48576,1.0
2015-09-05 07:00:00,0.99,352.0633,1.0
2015-09-05 08:00:00,0.55,587.88556,1.0
2015-09-05 09:00:00,0.16,772.9097,1.0
2015-09-05 10:00:00,0.08,891.8404,1.0
2015-09-05 11:00:00,0.43,907.7352,1.0
2015-09-05 12:00:00,0.87,860.30676,1.0
2015-09-05 13:00:00,0.92,769.855,1.0
2015-09-05 14:00:00,0.73,649.6202,1.0
2015-09-05 15:00:00,0.81,469.19043,1.0
2015-09-05 16:00:00,0.88,257.21127,1.0
2015-09-05 17:00:00,0.93,90.911964,1.0
2015-09-05 18:00:00,0.99,3.9772115,0.43583333333333335
2015-09-05 19:00:00,1.0,0.0,0.0
2015-09-05 20:00:00,0.72,0.0,0.0
2015-09-05 21:00:00,0.14,0.0,0.0
2015-09-05 22:00:00,0.08,0.0,0.0
2015-09-05 23:00:00,0.07,0.0,0.0
2015-09-06 00:00:00,0.0,0.0,0.0
2015-09-06 01:00:00,0.0,0.0,0.0
2015-09-06 02:00:00,0.0,0.0,0.0
2015-09-06 03:00:00,0.0,0.0,0.0
2015-09-06 04:00:00,0.0,0.0,0.0
2015-09-06 05:00:00,0.0,8.407719,0.44472222222222224
2015-09-06 06:00:00,0.0,159.75972,1.0
2015-09-06 07:00:00,0.0,387.4823,1.0
2015-09-06 08:00:00,0.0,609.87463,1.0
2015-09-06 09:00:00,0.02,767.4189,1.0
2015-09-06 10:00:00,0.01,870.87604,1.0
2015-09-06 11:00:00,0.51,959.59235,1.0
2015-09-06 12:00:00,0.29,879.7798,1.0
2015-09-06 13:00:00,0.84,717.3768,1.0
2015-09-06 14:00:00,0.92,528.6696,1.0
2015-09-06 15:00:00,0.85,430.68118,1.0
2015-09-06 16:00:00,0.74,241.87207,1.0
2015-09-06 17:00:00,0.63,99.69605,1.0
2015-09-06 18:00:00,0.49,2.9848075,0.4088888888888889
2015-09-06 19:00:00,0.54,0.0,0.0
2015-09-06 20:00:00,0.89,0.0,0.0
2015-09-06 21:00:00,0.59,0.0,0.0
2015-09-06 22:00:00,0.91,0.0,0.0
2015-09-06 23:00:00,0.11,0.0,0.0
2015-09-07 00:00:00,0.01,0.0,0.0
2015-09-07 01:00:00,0.0,0.0,0.0
2015-09-07 02:00:00,0.01,0.0,0.0
2015-09-07 03:00:00,0.75,0.0,0.0
2015-09-07 04:00:00,0.62,0.0,0.0
2015-09-07 05:00:00,0.82,7.0011415,0.42944444444444446
2015-09-07 06:00:00,0.7,152.27618,1.0
2015-09-07 07:00:00,0.55,374.64435,1.0
2015-09-07 08:00:00,0.29,574.6893,1.0
2015-09-07 09:00:00,0.11,755.97174,1.0
2015-09-07 10:00:00,0.43,823.80286,1.0
2015-09-07 11:00:00,0.63,803.24817,1.0
2015-09-07 12:00:00,0.92,849.47766,1.0
2015-09-07 13:00:00,0.91,662.1422,1.0
2015-09-07 14:00:00,0.95,532.83887,1.0
2015-09-07 15:00:00,0.83,236.99998,1.0
2015-09-07 16:00:00,0.7,210.15062,1.0
2015-09-07 17:00:00,0.58,73.36473,1.0
2015-09-07 18:00:00,0.63,2.9832883,0.38166666666666665
2015-09-07 19:00:00,0.88,0.0,0.0
2015-09-07 20:00:00,0.77,0.0,0.0
2015-09-07 21:00:00,0.68,0.0,0.0
2015-09-07 22:00:00,0.81,0.0,0.0
2015-09-07 23:00:00,0.66,0.0,0.0
2015-09-08 00:00:00,0.64,0.0,0.0
2015-09-08 01:00:00,0.33,0.0,0.0
2015-09-08 02:00:00,0.13,0.0,0.0
2015-09-08 03:00:00,0.14,0.0,0.0
2015-09-08 04:00:00,0.07,0.0,0.0
2015-09-08 05:00:00,0.01,7.6323647,0.41388888888888886
2015-09-08 06:00:00,0.0,158.10318,1.0
2015-09-08 07:00:00,0.0,390.838,1.0
2015-09-08 08:00:00,0.01,611.3423,1.0
2015-09-08 09:00:00,0.01,793.883,1.0
2015-09-08 10:00:00,0.0,896.74976,1.0
2015-09-08 11:00:00,0.07,899.62744,1.0
2015-09-08 12:00:00,0.12,879.91864,1.0
2015-09-08 13:00:00,0.21,819.7054,1.0
2015-09-08 14:00:00,0.1,705.20544,1.0
2015-09-08 15:00:00,0.21,539.6393,1.0
2015-09-08 16:00:00,0.01,315.01724,1.0
2015-09-08 17:00:00,0.0,97.12987,1.0
2015-09-08 18:00:00,0.0,1.9908847,0.35444444444444445
2015-09-08 19:00:00,0.0,0.0,0.0
2015-09-08 20:00:00,0.0,0.0,0.0
2015-09-08 21:00:00,0.0,0.0,0.0
2015-09-08 22:00:00,0.0,0.0,0.0
2015-09-08 23:00:00,0.0,0.0,0.0
2015-09-09 00:00:00,0.0,0.0,0.0
2015-09-09 01:00:00,0.0,0.0,0.0
2015-09-09 02:00:00,0.0,0.0,0.0
2015-09-09 03:00:00,0.0,0.0,0.0
2015-09-09 04:00:00,0.0,0.0,0.0
2015-09-09 05:00:00,0.0,7.155447,0.3983333333333333
2015-09-09 06:00:00,0.0,159.19551,1.0
2015-09-09 07:00:00,0.0,396.84814,1.0
2015-09-09 08:00:00,0.0,621.9198,1.0
2015-09-09 09:00:00,0.0,806.60693,1.0
2015-09-09 10:00:00,0.0,932.72504,1.0
2015-09-09 11:00:00,0.0,987.75775,1.0
2015-09-09 12:00:00,0.16,931.44684,1.0
2015-09-09 13:00:00,0.16,831.97656,1.0
2015-09-09 14:00:00,0.12,707.5596,1.0
2015-09-09 15:00:00,0.02,527.7981,1.0
2015-09-09 16:00:00,0.02,308.08557,1.0
2015-09-09 17:00:00,0.06,91.33184,1.0
2015-09-09 18:00:00,0.0,1.9893655,0.32722222222222225
2015-09-09 19:00:00,0.0,0.0,0.0
2015-09-09 20:00:00,0.0,0.0,0.0
2015-09-09 21:00:00,0.0,0.0,0.0
2015-09-09 22:00:00,0.0,0.0,0.0
2015-09-09 23:00:00,0.0,0.0,0.0
2015-09-10 00:00:00,0.0,0.0,0.0
2015-09-10 01:00:00,0.0,0.0,0.0
2015-09-10 02:00:00,0.0,0.0,0.0
2015-09-10 03:00:00,0.0,0.0,0.0
2015-09-10 04:00:00,0.0,0.0,0.0
2015-09-10 05:00:00,0.0,6.245632,0.3827777777777778
2015-09-10 06:00:00,0.0,156.76892,1.0
2015-09-10 07:00:00,0.0,393.40005,1.0
2015-09-10 08:00:00,0.0,617.6712,1.0
2015-09-10 09:00:00,0.0,801.30945,1.0
2015-09-10 10:00:00,0.0,928.6041,1.0
2015-09-10 11:00:00,0.0,984.7493,1.0
2015-09-10 12:00:00,0.03,969.6575,1.0
2015-09-10 13:00:00,0.02,860.4038,1.0
2015-09-10 14:00:00,0.05,612.3446,1.0
2015-09-10 15:00:00,0.13,519.5068,1.0
2015-09-10 16:00:00,0.05,299.865,1.0
2015-09-10 17:00:00,0.13,88.15867,1.0
2015-09-10 18:00:00,0.02,0.99544233,0.2997222222222222
2015-09-10 19:00:00,0.0,0.0,0.0
2015-09-10 20:00:00,0.0,0.0,0.0
2015-09-10 21:00:00,0.0,0.0,0.0
2015-09-10 22:00:00,0.0,0.0,0.0
2015-09-10 23:00:00,0.13,0.0,0.0
2015-09-11 00:00:00,0.43,0.0,0.0
2015-09-11 01:00:00,0.48,0.0,0.0
2015-09-11 02:00:00,0.6,0.0,0.0
2015-09-11 03:00:00,0.12,0.0,0.0
2015-09-11 04:00:00,0.07,0.0,0.0
2015-09-11 05:00:00,0.1,5.3411236,0.3675
2015-09-11 06:00:00,0.13,142.06862,1.0
2015-09-11 07:00:00,0.11,357.28464,1.0
2015-09-11 08:00:00,0.03,538.08685,1.0
2015-09-11 09:00:00,0.02,736.5815,1.0
2015-09-11 10:00:00,0.02,864.33154,1.0
2015-09-11 11:00:00,0.0,954.69006,1.0
2015-09-11 12:00:00,0.31,848.8056,1.0
2015-09-11 13:00:00,0.42,722.67114,1.0
2015-09-11 14:00:00,0.49,632.1176,1.0
2015-09-11 15:00:00,0.11,438.20096,1.0
2015-09-11 16:00:00,0.0,266.52197,1.0
2015-09-11 17:00:00,0.0,80.24416,1.0
2015-09-11 18:00:00,0.06,0.0,0.2725
2015-09-11 19:00:00,0.02,0.0,0.0
2015-09-11 20:00:00,0.0,0.0,0.0
2015-09-11 21:00:00,0.0,0.0,0.0
2015-09-11 22:00:00,0.0,0.0,0.0
2015-09-11 23:00:00,0.0,0.0,0.0
2015-09-12 00:00:00,0.0,0.0,0.0
2015-09-12 01:00:00,0.0,0.0,0.0
2015-09-12 02:00:00,0.0,0.0,0.0
2015-09-12 03:00:00,0.0,0.0,0.0
2015-09-12 04:00:00,0.0,0.0,0.0
2015-09-12 05:00:00,0.0,4.706017,0.35194444444444445
2015-09-12 06:00:00,0.0,146.66898,1.0
2015-09-12 07:00:00,0.0,377.0762,1.0
2015-09-12 08:00:00,0.0,598.3435,1.0
2015-09-12 09:00:00,0.0,778.961,1.0
2015-09-12 10:00:00,0.0,904.1659,1.0
2015-09-12 11:00:00,0.0,960.0781,1.0
2015-09-12 12:00:00,0.01,929.4144,1.0
2015-09-12 13:00:00,0.01,854.3237,1.0
2015-09-12 14:00:00,0.04,699.67255,1.0
2015-09-12 15:00:00,0.13,490.9187,1.0
2015-09-12 16:00:00,0.06,263.84918,1.0
2015-09-12 17:00:00,0.03,79.471375,1.0
2015-09-12 18:00:00,0.01,0.0,0.2452777777777778
2015-09-12 19:00:00,0.0,0.0,0.0
2015-09-12 20:00:00,0.0,0.0,0.0
2015-09-12 21:00:00,0.0,0.0,0.0
2015-09-12 22:00:00,0.0,0.0,0.0
2015-09-12 23:00:00,0.0,0.0,0.0
2015-09-13 00:00:00,0.0,0.0,0.0
2015-09-13 01:00:00,0.08,0.0,0.0
2015-09-13 02:00:00,0.31,0.0,0.0
2015-09-13 03:00:00,0.57,0.0,0.0
2015-09-13 04:00:00,0.77,0.0,0.0
2015-09-13 05:00:00,0.83,3.7627861,0.3363888888888889
2015-09-13 06:00:00,0.75,140.55836,1.0
2015-09-13 07:00:00,0.51,376.11517,1.0
2015-09-13 08:00:00,0.01,605.71454,1.0
2015-09-13 09:00:00,0.0,789.8089,1.0
2015-09-13 10:00:00,0.02,913.4353,1.0
2015-09-13 11:00:00,0.13,967.59216,1.0
2015-09-13 12:00:00,0.65,929.70593,1.0
2015-09-13 13:00:00,0.97,800.576,1.0
2015-09-13 14:00:00,0.96,686.5412,1.0
2015-09-13 15:00:00,0.96,435.54727,1.0
2015-09-13 16:00:00,0.91,252.4155,1.0
2015-09-13 17:00:00,0.77,73.000984,1.0
2015-09-13 18:00:00,0.94,0.0,0.21805555555555556
2015-09-13 19:00:00,0.96,0.0,0.0
2015-09-13 20:00:00,0.96,0.0,0.0
2015-09-13 21:00:00,0.93,0.0,0.0
2015-09-13 22:00:00,0.86,0.0,0.0
2015-09-13 23:00:00,0.82,0.0,0.0
2015-09-14 00:00:00,0.03,0.0,0.0
2015-09-14 01:00:00,0.0,0.0,0.0
2015-09-14 02:00:00,0.0,0.0,0.0
2015-09-14 03:00:00,0.37,0.0,0.0
2015-09-14 04:00:00,0.64,0.0,0.0
2015-09-14 05:00:00,0.71,3.8169823,0.32083333333333336
2015-09-14 06:00:00,0.63,137.9489,1.0
2015-09-14 07:00:00,0.68,344.08295,1.0
2015-09-14 08:00:00,0.87,511.42297,1.0
2015-09-14 09:00:00,0.84,462.74664,1.0
2015-09-14 10:00:00,0.36,478.28348,1.0
2015-09-14 11:00:00,0.59,841.32837,1.0
2015-09-14 12:00:00,0.83,766.5978,1.0
2015-09-14 13:00:00,0.94,610.8321,1.0
2015-09-14 14:00:00,0.94,540.2954,1.0
2015-09-14 15:00:00,0.86,301.58218,1.0
2015-09-14 16:00:00,0.99,145.6749,1.0
2015-09-14 17:00:00,0.77,67.00965,1.0
2015-09-14 18:00:00,0.74,0.0,0.19111111111111112
2015-09-14 19:00:00,0.82,0.0,0.0
2015-09-14 20:00:00,0.83,0.0,0.0
2015-09-14 21:00:00,0.77,0.0,0.0
2015-09-14 22:00:00,0.63,0.0,0.0
2015-09-14 23:00:00,0.61,0.0,0.0
2015-09-15 00:00:00,0.69,0.0,0.0
2015-09-15 01:00:00,0.8,0.0,0.0
2015-09-15 02:00:00,0.67,0.0,0.0
2015-09-15 03:00:00,0.45,0.0,0.0
2015-09-15 04:00:00,0.41,0.0,0.0
2015-09-15 05:00:00,0.65,2.8810234,0.30527777777777776
2015-09-15 06:00:00,0.73,130.9202,1.0
2015-09-15 07:00:00,0.75,338.66296,1.0
2015-09-15 08:00:00,0.67,538.3967,1.0
2015-09-15 09:00:00,0.36,672.79266,1.0
2015-09-15 10:00:00,0.24,745.7941,1.0
2015-09-15 11:00:00,0.16,808.56165,1.0
2015-09-15 12:00:00,0.09,911.819,1.0
2015-09-15 13:00:00,0.22,806.22845,1.0
2015-09-15 14:00:00,0.56,527.8833,1.0
2015-09-15 15:00:00,0.45,410.65524,1.0
2015-09-15 16:00:00,0.4,270.29227,1.0
2015-09-15 17:00:00,0.17,62.043346,1.0
2015-09-15 18:00:00,0.09,0.0,0.1638888888888889
2015-09-15 19:00:00,0.02,0.0,0.0
2015-09-15 20:00:00,0.02,0.0,0.0
2015-09-15 21:00:00,0.03,0.0,0.0
2015-09-15 22:00:00,0.09,0.0,0.0
2015-09-15 23:00:00,0.26,0.0,0.0
2015-09-16 00:00:00,0.27,0.0,0.0
2015-09-16 01:00:00,0.24,0.0,0.0
2015-09-16 02:00:00,0.38,0.0,0.0
2015-09-16 03:00:00,0.03,0.0,0.0
2015-09-16 04:00:00,0.0,0.0,0.0
2015-09-16 05:00:00,0.0,2.9431787,0.2897222222222222
2015-09-16 06:00:00,0.0,125.36102,1.0
2015-09-16 07:00:00,0.0,358.77832,1.0
2015-09-16 08:00:00,0.0,583.9017,1.0
2015-09-16 09:00:00,0.08,737.5385,1.0
2015-09-16 10:00:00,0.11,857.3048,1.0
2015-09-16 11:00:00,0.15,880.9696,1.0
2015-09-16 12:00:00,0.26,863.3204,1.0
2015-09-16 13:00:00,0.27,789.66125,1.0
2015-09-16 14:00:00,0.34,601.9364,1.0
2015-09-16 15:00:00,0.14,464.7418,1.0
2015-09-16 16:00:00,0.03,262.18173,1.0
2015-09-16 17:00:00,0.35,64.67456,1.0
2015-09-16 18:00:00,0.09,0.0,0.13722222222222222
2015-09-16 19:00:00,0.05,0.0,0.0
2015-09-16 20:00:00,0.01,0.0,0.0
2015-09-16 21:00:00,0.0,0.0,0.0
2015-09-16 22:00:00,0.0,0.0,0.0
2015-09-16 23:00:00,0.0,0.0,0.0
2015-09-17 00:00:00,0.0,0.0,0.0
2015-09-17 01:00:00,0.0,0.0,0.0
2015-09-17 02:00:00,0.0,0.0,0.0
2015-09-17 03:00:00,0.0,0.0,0.0
2015-09-17 04:00:00,0.2,0.0,0.0
2015-09-17 05:00:00,0.16,1.9878461,0.27416666666666667
2015-09-17 06:00:00,0.33,134.34549,1.0
2015-09-17 07:00:00,0.27,364.19296,1.0
2015-09-17 08:00:00,0.1,581.18506,1.0
2015-09-17 09:00:00,0.37,759.31757,1.0
2015-09-17 10:00:00,0.34,837.1214,1.0
2015-09-17 11:00:00,0.82,633.66064,1.0
2015-09-17 12:00:00,0.77,720.2849,1.0
2015-09-17 13:00:00,0.68,584.46075,1.0
2015-09-17 14:00:00,0.6,617.77466,1.0
2015-09-17 15:00:00,0.51,361.4207,1.0
2015-09-17 16:00:00,0.69,238.46721,1.0
2015-09-17 17:00:00,0.73,59.61772,1.0
2015-09-17 18:00:00,0.14,0.0,0.11027777777777778
2015-09-17 19:00:00,0.05,0.0,0.0
2015-09-17 20:00:00,0.06,0.0,0.0
2015-09-17 21:00:00,0.05,0.0,0.0
2015-09-17 22:00:00,0.04,0.0,0.0
2015-09-17 23:00:00,0.03,0.0,0.0
2015-09-18 00:00:00,0.0,0.0,0.0
2015-09-18 01:00:00,0.01,0.0,0.0
2015-09-18 02:00:00,0.02,0.0,0.0
2015-09-18 03:00:00,0.04,0.0,0.0
2015-09-18 04:00:00,0.0,0.0,0.0
2015-09-18 05:00:00,0.22,0.0,0.2586111111111111
2015-09-18 06:00:00,0.64,99.74211,1.0
2015-09-18 07:00:00,0.64,189.39247,1.0
2015-09-18 08:00:00,0.66,289.45734,1.0
2015-09-18 09:00:00,0.71,348.68933,1.0
2015-09-18 10:00:00,0.45,399.58472,1.0
2015-09-18 11:00:00,0.41,703.09576,1.0
2015-09-18 12:00:00,0.42,695.93677,1.0
2015-09-18 13:00:00,0.27,770.1855,1.0
2015-09-18 14:00:00,0.2,596.03424,1.0
2015-09-18 15:00:00,0.62,438.3215,1.0
2015-09-18 16:00:00,0.45,254.89165,1.0
2015-09-18 17:00:00,0.67,58.054523,1.0
2015-09-18 18:00:00,0.67,0.0,0.08333333333333333
2015-09-18 19:00:00,0.67,0.0,0.0
2015-09-18 20:00:00,0.61,0.0,0.0
2015-09-18 21:00:00,0.37,0.0,0.0
2015-09-18 22:00:00,0.35,0.0,0.0
2015-09-18 23:00:00,0.35,0.0,0.0
2015-09-19 00:00:00,0.22,0.0,0.0
2015-09-19 01:00:00,0.11,0.0,0.0
2015-09-19 02:00:00,0.14,0.0,0.0
2015-09-19 03:00:00,0.27,0.0,0.0
2015-09-19 04:00:00,0.21,0.0,0.0
2015-09-19 05:00:00,0.19,0.0,0.24305555555555555
2015-09-19 06:00:00,0.06,127.98197,1.0
2015-09-19 07:00:00,0.0,360.96854,1.0
2015-09-19 08:00:00,0.0,582.18134,1.0
2015-09-19 09:00:00,0.0,762.0844,1.0
2015-09-19 10:00:00,0.0,857.4789,1.0
2015-09-19 11:00:00,0.01,938.37787,1.0
2015-09-19 12:00:00,0.32,886.7759,1.0
2015-09-19 13:00:00,0.48,779.2662,1.0
2015-09-19 14:00:00,0.51,583.9597,1.0
2015-09-19 15:00:00,0.45,366.97772,1.0
2015-09-19 16:00:00,0.4,233.61096,1.0
2015-09-19 17:00:00,0.2,55.07837,1.0
2015-09-19 18:00:00,0.11,0.0,0.05611111111111111
2015-09-19 19:00:00,0.0,0.0,0.0
2015-09-19 20:00:00,0.06,0.0,0.0
2015-09-19 21:00:00,0.05,0.0,0.0
2015-09-19 22:00:00,0.0,0.0,0.0
2015-09-19 23:00:00,0.0,0.0,0.0
2015-09-20 00:00:00,0.0,0.0,0.0
2015-09-20 01:00:00,0.0,0.0,0.0
2015-09-20 02:00:00,0.0,0.0,0.0
2015-09-20 03:00:00,0.0,0.0,0.0
2015-09-20 04:00:00,0.16,0.0,0.0
2015-09-20 05:00:00,0.68,0.0,0.2275
2015-09-20 06:00:00,0.68,116.85064,1.0
2015-09-20 07:00:00,0.38,352.93295,1.0
2015-09-20 08:00:00,0.0,585.0033,1.0
2015-09-20 09:00:00,0.0,766.1903,1.0
2015-09-20 10:00:00,0.0,889.1498,1.0
2015-09-20 11:00:00,0.0,944.40027,1.0
2015-09-20 12:00:00,0.0,923.9388,1.0
2015-09-20 13:00:00,0.0,833.5194,1.0
2015-09-20 14:00:00,0.0,681.2801,1.0
2015-09-20 15:00:00,0.0,480.4574,1.0
2015-09-20 16:00:00,0.0,254.64319,1.0
2015-09-20 17:00:00,0.0,52.516582,1.0
2015-09-20 18:00:00,0.0,0.0,0.02861111111111111
2015-09-20 19:00:00,0.0,0.0,0.0
2015-09-20 20:00:00,0.0,0.0,0.0
2015-09-20 21:00:00,0.0,0.0,0.0
2015-09-20 22:00:00,0.0,0.0,0.0
2015-09-20 23:00:00,0.0,0.0,0.0
2015-09-21 00:00:00,0.0,0.0,0.0
2015-09-21 01:00:00,0.0,0.0,0.0
2015-09-21 02:00:00,0.0,0.0,0.0
2015-09-21 03:00:00,0.0,0.0,0.0
2015-09-21 04:00:00,0.0,0.0,0.0
2015-09-21 05:00:00,0.01,0.0,0.21166666666666667
2015-09-21 06:00:00,0.01,127.95327,1.0
2015-09-21 07:00:00,0.04,362.26743,1.0
2015-09-21 08:00:00,0.01,587.66583,1.0
2015-09-21 09:00:00,0.0,768.8322,1.0
2015-09-21 10:00:00,0.0,891.89813,1.0
2015-09-21 11:00:00,0.0,944.81226,1.0
2015-09-21 12:00:00,0.0,926.3901,1.0
2015-09-21 13:00:00,0.0,834.7599,1.0
2015-09-21 14:00:00,0.07,662.8621,1.0
2015-09-21 15:00:00,0.83,451.5661,1.0
2015-09-21 16:00:00,0.94,189.79608,1.0
2015-09-21 17:00:00,0.9,41.068672,1.0
2015-09-21 18:00:00,0.88,0.0,0.0011111111111111111
2015-09-21 19:00:00,0.99,0.0,0.0
2015-09-21 20:00:00,1.0,0.0,0.0
2015-09-21 21:00:00,1.0,0.0,0.0
2015-09-21 22:00:00,1.0,0.0,0.0
2015-09-21 23:00:00,1.0,0.0,0.0
2015-09-22 00:00:00,0.98,0.0,0.0
2015-09-22 01:00:00,0.97,0.0,0.0
2015-09-22 02:00:00,0.72,0.0,0.0
2015-09-22 03:00:00,0.89,0.0,0.0
2015-09-22 04:00:00,0.9,0.0,0.0
2015-09-22 05:00:00,0.92,0.0,0.19611111111111112
2015-09-22 06:00:00,0.94,100.717445,1.0
2015-09-22 07:00:00,0.92,257.492,1.0
2015-09-22 08:00:00,0.84,429.63934,1.0
2015-09-22 09:00:00,0.93,566.0795,1.0
2015-09-22 10:00:00,1.0,526.1536,1.0
2015-09-22 11:00:00,0.96,638.9888,1.0
2015-09-22 12:00:00,0.99,653.071,1.0
2015-09-22 13:00:00,1.0,629.808,1.0
2015-09-22 14:00:00,0.96,500.15546,1.0
2015-09-22 15:00:00,0.84,331.18155,1.0
2015-09-22 16:00:00,0.91,166.5466,1.0
2015-09-22 17:00:00,0.39,39.28152,0.9736111111111111
2015-09-22 18:00:00,0.43,0.0,0.0
2015-09-22 19:00:00,0.88,0.0,0.0
2015-09-22 20:00:00,0.97,0.0,0.0
2015-09-22 21:00:00,0.98,0.0,0.0
2015-09-22 22:00:00,0.98,0.0,0.0
2015-09-22 23:00:00,0.97,0.0,0.0
2015-09-23 00:00:00,0.98,0.0,0.0
2015-09-23 01:00:00,1.0,0.0,0.0
2015-09-23 02:00:00,0.98,0.0,0.0
2015-09-23 03:00:00,1.0,0.0,0.0
2015-09-23 04:00:00,0.99,0.0,0.0
2015-09-23 05:00:00,0.56,0.0,0.1802777777777778
2015-09-23 06:00:00,0.71,88.48271,1.0
2015-09-23 07:00:00,0.66,257.5,1.0
2015-09-23 08:00:00,0.07,465.34497,1.0
2015-09-23 09:00:00,0.11,729.9244,1.0
2015-09-23 10:00:00,0.19,858.13513,1.0
2015-09-23 11:00:00,0.24,872.34326,1.0
2015-09-23 12:00:00,0.29,681.049,1.0
2015-09-23 13:00:00,0.51,605.1589,1.0
2015-09-23 14:00:00,0.8,488.31738,1.0
2015-09-23 15:00:00,0.88,342.076,1.0
2015-09-23 16:00:00,0.85,196.19612,1.0
2015-09-23 17:00:00,0.81,40.012848,0.9458333333333333
2015-09-23 18:00:00,0.5,0.0,0.0
2015-09-23 19:00:00,0.21,0.0,0.0
2015-09-23 20:00:00,0.34,0.0,0.0
2015-09-23 21:00:00,0.42,0.0,0.0
2015-09-23 22:00:00,0.4,0.0,0.0
2015-09-23 23:00:00,0.2,0.0,0.0
2015-09-24 00:00:00,0.01,0.0,0.0
2015-09-24 01:00:00,0.0,0.0,0.0
2015-09-24 02:00:00,0.0,0.0,0.0
2015-09-24 03:00:00,0.0,0.0,0.0
2015-09-24 04:00:00,0.0,0.0,0.0
2015-09-24 05:00:00,0.0,0.0,0.16444444444444445
2015-09-24 06:00:00,0.0,115.76953,1.0
2015-09-24 07:00:00,0.0,344.46545,1.0
2015-09-24 08:00:00,0.0,564.57245,1.0
2015-09-24 09:00:00,0.0,743.917,1.0
2015-09-24 10:00:00,0.0,864.1315,1.0
2015-09-24 11:00:00,0.0,874.08435,1.0
2015-09-24 12:00:00,0.01,844.223,1.0
2015-09-24 13:00:00,0.03,772.13513,1.0
2015-09-24 14:00:00,0.02,630.76904,1.0
2015-09-24 15:00:00,0.08,432.68265,1.0
2015-09-24 16:00:00,0.1,230.20322,1.0
2015-09-24 17:00:00,0.02,41.01475,0.9183333333333333
2015-09-24 18:00:00,0.02,0.0,0.0
2015-09-24 19:00:00,0.0,0.0,0.0
2015-09-24 20:00:00,0.0,0.0,0.0
2015-09-24 21:00:00,0.0,0.0,0.0
2015-09-24 22:00:00,0.0,0.0,0.0
2015-09-24 23:00:00,0.0,0.0,0.0
2015-09-25 00:00:00,0.0,0.0,0.0
2015-09-25 01:00:00,0.0,0.0,0.0
2015-09-25 02:00:00,0.1,0.0,0.0
2015-09-25 03:00:00,0.21,0.0,0.0
2015-09-25 04:00:00,0.04,0.0,0.0
2015-09-25 05:00:00,0.0,0.0,0.14888888888888888
2015-09-25 06:00:00,0.0,112.74042,1.0
2015-09-25 07:00:00,0.0,342.0942,1.0
2015-09-25 08:00:00,0.0,563.65106,1.0
2015-09-25 09:00:00,0.0,743.06494,1.0
2015-09-25 10:00:00,0.0,864.4518,1.0
2015-09-25 11:00:00,0.01,917.9354,1.0
2015-09-25 12:00:00,0.11,886.0801,1.0
2015-09-25 13:00:00,0.14,803.46783,1.0
2015-09-25 14:00:00,0.46,637.2154,1.0
2015-09-25 15:00:00,0.6,387.08844,1.0
2015-09-25 16:00:00,0.09,202.55205,1.0
2015-09-25 17:00:00,0.05,36.050194,0.8905555555555555
2015-09-25 18:00:00,0.03,0.0,0.0
2015-09-25 19:00:00,0.0,0.0,0.0
2015-09-25 20:00:00,0.0,0.0,0.0
2015-09-25 21:00:00,0.0,0.0,0.0
2015-09-25 22:00:00,0.0,0.0,0.0
2015-09-25 23:00:00,0.0,0.0,0.0
2015-09-26 00:00:00,0.0,0.0,0.0
2015-09-26 01:00:00,0.0,0.0,0.0
2015-09-26 02:00:00,0.0,0.0,0.0
2015-09-26 03:00:00,0.0,0.0,0.0
2015-09-26 04:00:00,0.0,0.0,0.0
2015-09-26 05:00:00,0.0,0.0,0.13305555555555557
2015-09-26 06:00:00,0.0,109.672035,1.0
2015-09-26 07:00:00,0.0,340.00085,1.0
2015-09-26 08:00:00,0.0,561.7446,1.0
2015-09-26 09:00:00,0.0,740.0503,1.0
2015-09-26 10:00:00,0.0,861.31696,1.0
2015-09-26 11:00:00,0.0,914.53656,1.0
2015-09-26 12:00:00,0.0,893.06,1.0
2015-09-26 13:00:00,0.0,801.4269,1.0
2015-09-26 14:00:00,0.0,647.09924,1.0
2015-09-26 15:00:00,0.0,447.14136,1.0
2015-09-26 16:00:00,0.02,220.3201,1.0
2015-09-26 17:00:00,0.07,35.359184,0.8627777777777778
2015-09-26 18:00:00,0.12,0.0,0.0
2015-09-26 19:00:00,0.03,0.0,0.0
2015-09-26 20:00:00,0.06,0.0,0.0
2015-09-26 21:00:00,0.16,0.0,0.0
2015-09-26 22:00:00,0.26,0.0,0.0
2015-09-26 23:00:00,0.32,0.0,0.0
2015-09-27 00:00:00,0.49,0.0,0.0
2015-09-27 01:00:00,0.56,0.0,0.0
2015-09-27 02:00:00,0.1,0.0,0.0
2015-09-27 03:00:00,0.02,0.0,0.0
2015-09-27 04:00:00,0.01,0.0,0.0
2015-09-27 05:00:00,0.0,0.0,0.11694444444444445
2015-09-27 06:00:00,0.02,108.093376,1.0
2015-09-27 07:00:00,0.02,338.90878,1.0
2015-09-27 08:00:00,0.01,559.6268,1.0
2015-09-27 09:00:00,0.0,739.39935,1.0
2015-09-27 10:00:00,0.03,857.0237,1.0
2015-09-27 11:00:00,0.18,902.2953,1.0
2015-09-27 12:00:00,0.31,874.6553,1.0
2015-09-27 13:00:00,0.57,769.48785,1.0
2015-09-27 14:00:00,0.65,601.9428,1.0
2015-09-27 15:00:00,0.5,378.3675,1.0
2015-09-27 16:00:00,0.32,169.67244,1.0
2015-09-27 17:00:00,0.24,26.143951,0.8352777777777778
2015-09-27 18:00:00,0.11,0.0,0.0
2015-09-27 19:00:00,0.1,0.0,0.0
2015-09-27 20:00:00,0.12,0.0,0.0
2015-09-27 21:00:00,0.05,0.0,0.0
2015-09-27 22:00:00,0.01,0.0,0.0
2015-09-27 23:00:00,0.06,0.0,0.0
2015-09-28 00:00:00,0.21,0.0,0.0
2015-09-28 01:00:00,0.1,0.0,0.0
2015-09-28 02:00:00,0.22,0.0,0.0
2015-09-28 03:00:00,0.12,0.0,0.0
2015-09-28 04:00:00,0.25,0.0,0.0
2015-09-28 05:00:00,0.95,0.0,0.10111111111111111
2015-09-28 06:00:00,0.98,72.28588,1.0
2015-09-28 07:00:00,0.94,198.09952,1.0
2015-09-28 08:00:00,0.97,415.12048,1.0
2015-09-28 09:00:00,0.97,592.7161,1.0
2015-09-28 10:00:00,0.98,735.861,1.0
2015-09-28 11:00:00,0.97,623.63745,1.0
2015-09-28 12:00:00,0.94,703.6824,1.0
2015-09-28 13:00:00,0.98,616.29407,1.0
2015-09-28 14:00:00,0.96,449.5833,1.0
2015-09-28 15:00:00,0.9,331.98697,1.0
2015-09-28 16:00:00,0.66,133.71178,1.0
2015-09-28 17:00:00,0.6,24.287949,0.8077777777777778
2015-09-28 18:00:00,0.54,0.0,0.0
2015-09-28 19:00:00,0.84,0.0,0.0
2015-09-28 20:00:00,0.55,0.0,0.0
2015-09-28 21:00:00,0.92,0.0,0.0
2015-09-28 22:00:00,0.94,0.0,0.0
2015-09-28 23:00:00,0.93,0.0,0.0
2015-09-29 00:00:00,0.96,0.0,0.0
2015-09-29 01:00:00,1.0,0.0,0.0
2015-09-29 02:00:00,0.98,0.0,0.0
2015-09-29 03:00:00,0.87,0.0,0.0
2015-09-29 04:00:00,0.71,0.0,0.0
2015-09-29 05:00:00,0.44,0.0,0.085
2015-09-29 06:00:00,0.31,70.85969,1.0
2015-09-29 07:00:00,0.12,259.5589,1.0
2015-09-29 08:00:00,0.07,481.1363,1.0
2015-09-29 09:00:00,0.05,617.27924,1.0
2015-09-29 10:00:00,0.14,727.454,1.0
2015-09-29 11:00:00,0.4,823.93787,1.0
2015-09-29 12:00:00,0.43,805.1078,1.0
2015-09-29 13:00:00,0.48,678.5551,1.0
2015-09-29 14:00:00,0.56,483.19522,1.0
2015-09-29 15:00:00,0.72,257.7074,1.0
2015-09-29 16:00:00,0.91,146.73393,1.0
2015-09-29 17:00:00,1.0,23.59222,0.7802777777777777
2015-09-29 18:00:00,1.0,0.0,0.0
2015-09-29 19:00:00,0.74,0.0,0.0
2015-09-29 20:00:00,0.84,0.0,0.0
2015-09-29 21:00:00,0.23,0.0,0.0
2015-09-29 22:00:00,0.57,0.0,0.0
2015-09-29 23:00:00,0.9,0.0,0.0
2015-09-30 00:00:00,0.94,0.0,0.0
2015-09-30 01:00:00,0.96,0.0,0.0
2015-09-30 02:00:00,1.0,0.0,0.0
2015-09-30 03:00:00,0.94,0.0,0.0
2015-09-30 04:00:00,0.94,0.0,0.0
2015-09-30 05:00:00,0.93,0.0,0.06888888888888889
2015-09-30 06:00:00,0.89,53.40705,1.0
2015-09-30 07:00:00,0.81,258.6155,1.0
2015-09-30 08:00:00,0.45,507.44745,1.0
2015-09-30 09:00:00,0.79,615.10046,1.0
2015-09-30 10:00:00,0.8,731.00836,1.0
2015-09-30 11:00:00,0.84,762.2734,1.0
2015-09-30 12:00:00,0.7,773.4305,1.0
2015-09-30 13:00:00,0.74,541.8472,1.0
2015-09-30 14:00:00,0.93,427.8221,1.0
2015-09-30 15:00:00,1.0,210.29697,1.0
2015-09-30 16:00:00,1.0,61.609634,1.0
2015-09-30 17:00:00,1.0,19.893133,0.7530555555555556
2015-09-30 18:00:00,1.0,0.0,0.0
2015-09-30 19:00:00,1.0,0.0,0.0
2015-09-30 20:00:00,1.0,0.0,0.0
2015-09-30 21:00:00,1.0,0.0,0.0
2015-09-30 22:00:00,0.86,0.0,0.0
2015-09-30 23:00:00,1.0,0.0,0.0
2015-10-01 00:00:00,0.47,0.0,0.0
2015-10-01 01:00:00,0.76,0.0,0.0
2015-10-01 02:00:00,0.87,0.0,0.0
2015-10-01 03:00:00,0.97,0.0,0.0
2015-10-01 04:00:00,0.98,0.0,0.0
2015-10-01 05:00:00,0.97,0.0,0.05277777777777778
2015-10-01 06:00:00,0.96,58.848175,1.0
2015-10-01 07:00:00,0.86,216.62404,1.0
2015-10-01 08:00:00,0.99,407.44153,1.0
2015-10-01 09:00:00,0.99,666.49884,1.0
2015-10-01 10:00:00,1.0,744.3858,1.0
2015-10-01 11:00:00,1.0,765.9773,1.0
2015-10-01 12:00:00,1.0,676.3713,1.0
2015-10-01 13:00:00,1.0,580.6038,1.0
2015-10-01 14:00:00,1.0,445.12967,1.0
2015-10-01 15:00:00,1.0,281.41742,1.0
2015-10-01 16:00:00,0.94,130.29626,1.0
2015-10-01 17:00:00,0.92,19.436678,0.7258333333333333
2015-10-01 18:00:00,0.28,0.0,0.0
2015-10-01 19:00:00,0.2,0.0,0.0
2015-10-01 20:00:00,0.97,0.0,0.0
2015-10-01 21:00:00,0.96,0.0,0.0
2015-10-01 22:00:00,0.93,0.0,0.0
2015-10-01 23:00:00,0.56,0.0,0.0
2015-10-02 00:00:00,0.38,0.0,0.0
2015-10-02 01:00:00,0.16,0.0,0.0
2015-10-02 02:00:00,0.11,0.0,0.0
2015-10-02 03:00:00,0.26,0.0,0.0
2015-10-02 04:00:00,0.26,0.0,0.0
2015-10-02 05:00:00,0.27,0.0,0.03666666666666667
2015-10-02 06:00:00,0.29,73.65078,1.0
2015-10-02 07:00:00,0.25,274.67136,1.0
2015-10-02 08:00:00,0.5,491.8398,1.0
2015-10-02 09:00:00,0.88,619.39264,1.0
2015-10-02 10:00:00,0.89,704.0877,1.0
2015-10-02 11:00:00,0.69,668.38617,1.0
2015-10-02 12:00:00,0.49,805.98804,1.0
2015-10-02 13:00:00,0.83,521.60345,1.0
2015-10-02 14:00:00,0.9,442.95367,1.0
2015-10-02 15:00:00,0.67,232.3422,1.0
2015-10-02 16:00:00,0.49,137.57056,1.0
2015-10-02 17:00:00,0.71,16.023775,0.6988888888888889
2015-10-02 18:00:00,0.76,0.0,0.0
2015-10-02 19:00:00,0.97,0.0,0.0
2015-10-02 20:00:00,0.63,0.0,0.0
2015-10-02 21:00:00,0.74,0.0,0.0
2015-10-02 22:00:00,0.85,0.0,0.0
2015-10-02 23:00:00,0.76,0.0,0.0
2015-10-03 00:00:00,0.75,0.0,0.0
2015-10-03 01:00:00,0.68,0.0,0.0
2015-10-03 02:00:00,0.58,0.0,0.0
2015-10-03 03:00:00,0.79,0.0,0.0
2015-10-03 04:00:00,0.79,0.0,0.0
2015-10-03 05:00:00,0.64,0.0,0.020555555555555556
2015-10-03 06:00:00,0.63,44.834217,1.0
2015-10-03 07:00:00,0.62,188.25679,1.0
2015-10-03 08:00:00,0.62,278.6584,1.0
2015-10-03 09:00:00,0.63,371.22836,1.0
2015-10-03 10:00:00,0.74,556.2269,1.0
2015-10-03 11:00:00,0.8,618.6062,1.0
2015-10-03 12:00:00,0.54,723.13995,1.0
2015-10-03 13:00:00,0.58,587.82294,1.0
2015-10-03 14:00:00,0.76,402.5317,1.0
2015-10-03 15:00:00,0.92,270.29898,1.0
2015-10-03 16:00:00,0.95,86.64463,1.0
2015-10-03 17:00:00,0.99,11.246139,0.6722222222222223
2015-10-03 18:00:00,1.0,0.0,0.0
2015-10-03 19:00:00,1.0,0.0,0.0
2015-10-03 20:00:00,1.0,0.0,0.0
2015-10-03 21:00:00,1.0,0.0,0.0
2015-10-03 22:00:00,0.98,0.0,0.0
2015-10-03 23:00:00,1.0,0.0,0.0
2015-10-04 00:00:00,1.0,0.0,0.0
2015-10-04 01:00:00,1.0,0.0,0.0
2015-10-04 02:00:00,0.99,0.0,0.0
2015-10-04 03:00:00,1.0,0.0,0.0
2015-10-04 04:00:00,0.97,0.0,0.0
2015-10-04 05:00:00,0.99,0.0,0.004166666666666667
2015-10-04 06:00:00,0.88,15.578814,1.0
2015-10-04 07:00:00,0.61,89.684586,1.0
2015-10-04 08:00:00,0.45,248.62701,1.0
2015-10-04 09:00:00,0.46,351.77573,1.0
2015-10-04 10:00:00,0.57,366.4885,1.0
2015-10-04 11:00:00,0.63,696.13947,1.0
2015-10-04 12:00:00,0.25,656.27765,1.0
2015-10-04 13:00:00,0.39,563.90686,1.0
2015-10-04 14:00:00,0.62,466.04147,1.0
2015-10-04 15:00:00,0.66,320.4888,1.0
2015-10-04 16:00:00,0.93,120.17902,1.0
2015-10-04 17:00:00,0.87,16.129696,0.6458333333333334
2015-10-04 18:00:00,0.6,0.0,0.0
2015-10-04 19:00:00,0.83,0.0,0.0
2015-10-04 20:00:00,1.0,0.0,0.0
2015-10-04 21:00:00,0.86,0.0,0.0
2015-10-04 22:00:00,0.46,0.0,0.0
2015-10-04 23:00:00,0.08,0.0,0.0
2015-10-05 00:00:00,0.13,0.0,0.0
2015-10-05 01:00:00,0.11,0.0,0.0
2015-10-05 02:00:00,0.09,0.0,0.0
2015-10-05 03:00:00,0.68,0.0,0.0
2015-10-05 04:00:00,0.38,0.0,0.0
2015-10-05 05:00:00,0.33,0.0,0.0
2015-10-05 06:00:00,0.28,67.36094,0.9877777777777778
2015-10-05 07:00:00,0.27,210.24806,1.0
2015-10-05 08:00:00,0.14,421.00708,1.0
2015-10-05 09:00:00,0.15,644.4745,1.0
2015-10-05 10:00:00,0.16,762.8521,1.0
2015-10-05 11:00:00,0.09,833.25793,1.0
2015-10-05 12:00:00,0.57,749.83636,1.0
2015-10-05 13:00:00,0.48,693.47015,1.0
2015-10-05 14:00:00,0.71,425.14313,1.0
2015-10-05 15:00:00,0.78,243.888,1.0
2015-10-05 16:00:00,0.82,98.01734,1.0
2015-10-05 17:00:00,0.81,10.294979,0.6197222222222222
2015-10-05 18:00:00,0.72,0.0,0.0
2015-10-05 19:00:00,0.56,0.0,0.0
2015-10-05 20:00:00,0.51,0.0,0.0
2015-10-05 21:00:00,0.49,0.0,0.0
2015-10-05 22:00:00,0.46,0.0,0.0
2015-10-05 23:00:00,0.54,0.0,0.0
2015-10-06 00:00:00,0.41,0.0,0.0
2015-10-06 01:00:00,0.39,0.0,0.0
2015-10-06 02:00:00,0.39,0.0,0.0
2015-10-06 03:00:00,0.9,0.0,0.0
2015-10-06 04:00:00,0.97,0.0,0.0
2015-10-06 05:00:00,0.78,0.0,0.0
2015-10-06 06:00:00,0.53,71.07956,0.9713888888888889
2015-10-06 07:00:00,0.38,269.54663,1.0
2015-10-06 08:00:00,0.17,457.16513,1.0
2015-10-06 09:00:00,0.03,630.3343,1.0
2015-10-06 10:00:00,0.13,703.9753,1.0
2015-10-06 11:00:00,0.39,752.3992,1.0
2015-10-06 12:00:00,0.45,293.20218,1.0
2015-10-06 13:00:00,0.86,352.081,1.0
2015-10-06 14:00:00,0.82,230.2761,1.0
2015-10-06 15:00:00,0.8,99.54097,1.0
2015-10-06 16:00:00,0.59,62.87252,1.0
2015-10-06 17:00:00,0.69,3.9756923,0.5938888888888889
2015-10-06 18:00:00,0.92,0.0,0.0
2015-10-06 19:00:00,0.78,0.0,0.0
2015-10-06 20:00:00,0.61,0.0,0.0
2015-10-06 21:00:00,0.81,0.0,0.0
2015-10-06 22:00:00,0.79,0.0,0.0
2015-10-06 23:00:00,0.81,0.0,0.0
2015-10-07 00:00:00,0.8,0.0,0.0
2015-10-07 01:00:00,0.89,0.0,0.0
2015-10-07 02:00:00,0.8,0.0,0.0
2015-10-07 03:00:00,0.41,0.0,0.0
2015-10-07 04:00:00,0.66,0.0,0.0
2015-10-07 05:00:00,0.57,0.0,0.0
2015-10-07 06:00:00,0.6,70.75701,0.9547222222222222
2015-10-07 07:00:00,0.08,265.20953,1.0
2015-10-07 08:00:00,0.1,491.8716,1.0
2015-10-07 09:00:00,0.21,689.6411,1.0
2015-10-07 10:00:00,0.46,808.9265,1.0
2015-10-07 11:00:00,0.42,836.66376,1.0
2015-10-07 12:00:00,0.22,801.42194,1.0
2015-10-07 13:00:00,0.15,709.23236,1.0
2015-10-07 14:00:00,0.3,546.84796,1.0
2015-10-07 15:00:00,0.4,353.1178,1.0
2015-10-07 16:00:00,0.49,137.2866,1.0
2015-10-07 17:00:00,0.49,11.9403515,0.5683333333333334
2015-10-07 18:00:00,0.04,0.0,0.0
2015-10-07 19:00:00,0.0,0.0,0.0
2015-10-07 20:00:00,0.0,0.0,0.0
2015-10-07 21:00:00,0.0,0.0,0.0
2015-10-07 22:00:00,0.0,0.0,0.0
2015-10-07 23:00:00,0.0,0.0,0.0
2015-10-08 00:00:00,0.0,0.0,0.0
2015-10-08 01:00:00,0.0,0.0,0.0
2015-10-08 02:00:00,0.0,0.0,0.0
2015-10-08 03:00:00,0.06,0.0,0.0
2015-10-08 04:00:00,0.02,0.0,0.0
2015-10-08 05:00:00,0.08,0.0,0.0
2015-10-08 06:00:00,0.17,72.211174,0.9380555555555555
2015-10-08 07:00:00,0.0,292.78488,1.0
2015-10-08 08:00:00,0.05,513.5779,1.0
2015-10-08 09:00:00,0.01,690.4105,1.0
2015-10-08 10:00:00,0.0,805.9069,1.0
2015-10-08 11:00:00,0.01,856.64526,1.0
2015-10-08 12:00:00,0.38,796.48627,1.0
2015-10-08 13:00:00,0.42,693.14325,1.0
2015-10-08 14:00:00,0.69,503.4766,1.0
2015-10-08 15:00:00,0.54,324.06354,1.0
2015-10-08 16:00:00,0.52,111.46799,1.0
2015-10-08 17:00:00,0.78,7.3910885,0.5427777777777778
2015-10-08 18:00:00,0.77,0.0,0.0
2015-10-08 19:00:00,0.86,0.0,0.0
2015-10-08 20:00:00,1.0,0.0,0.0
2015-10-08 21:00:00,0.99,0.0,0.0
2015-10-08 22:00:00,0.96,0.0,0.0
2015-10-08 23:00:00,0.99,0.0,0.0
2015-10-09 00:00:00,1.0,0.0,0.0
2015-10-09 01:00:00,0.72,0.0,0.0
2015-10-09 02:00:00,0.77,0.0,0.0
2015-10-09 03:00:00,0.56,0.0,0.0
2015-10-09 04:00:00,0.74,0.0,0.0
2015-10-09 05:00:00,0.32,0.0,0.0
2015-10-09 06:00:00,0.11,61.516705,0.9213888888888889
2015-10-09 07:00:00,0.1,235.95961,1.0
2015-10-09 08:00:00,0.16,454.7547,1.0
2015-10-09 09:00:00,0.39,640.72797,1.0
2015-10-09 10:00:00,0.74,749.52704,1.0
2015-10-09 11:00:00,0.89,708.9153,1.0
2015-10-09 12:00:00,0.97,703.9956,1.0
2015-10-09 13:00:00,0.96,629.50836,1.0
2015-10-09 14:00:00,1.0,449.3698,1.0
2015-10-09 15:00:00,1.0,231.08617,1.0
2015-10-09 16:00:00,0.97,80.79221,1.0
2015-10-09 17:00:00,0.96,7.774795,0.5169444444444444
2015-10-09 18:00:00,0.84,0.0,0.0
2015-10-09 19:00:00,0.0,0.0,0.0
2015-10-09 20:00:00,0.0,0.0,0.0
2015-10-09 21:00:00,0.0,0.0,0.0
2015-10-09 22:00:00,0.0,0.0,0.0
2015-10-09 23:00:00,0.0,0.0,0.0
2015-10-10 00:00:00,0.0,0.0,0.0
2015-10-10 01:00:00,0.0,0.0,0.0
2015-10-10 02:00:00,0.0,0.0,0.0
2015-10-10 03:00:00,0.0,0.0,0.0
2015-10-10 04:00:00,0.17,0.0,0.0
2015-10-10 05:00:00,0.0,0.0,0.0
2015-10-10 06:00:00,0.0,69.134674,0.9044444444444445
2015-10-10 07:00:00,0.0,290.52457,1.0
2015-10-10 08:00:00,0.0,509.7127,1.0
2015-10-10 09:00:00,0.03,687.49316,1.0
2015-10-10 10:00:00,0.0,804.2582,1.0
2015-10-10 11:00:00,0.0,852.316,1.0
2015-10-10 12:00:00,0.0,827.5322,1.0
2015-10-10 13:00:00,0.0,730.4753,1.0
2015-10-10 14:00:00,0.0,571.2885,1.0
2015-10-10 15:00:00,0.0,368.51785,1.0
2015-10-10 16:00:00,0.0,148.45403,1.0
2015-10-10 17:00:00,0.0,9.111746,0.4913888888888889
2015-10-10 18:00:00,0.0,0.0,0.0
2015-10-10 19:00:00,0.0,0.0,0.0
2015-10-10 20:00:00,0.0,0.0,0.0
2015-10-10 21:00:00,0.0,0.0,0.0
2015-10-10 22:00:00,0.0,0.0,0.0
2015-10-10 23:00:00,0.0,0.0,0.0
2015-10-11 00:00:00,0.0,0.0,0.0
2015-10-11 01:00:00,0.0,0.0,0.0
2015-10-11 02:00:00,0.0,0.0,0.0
2015-10-11 03:00:00,0.0,0.0,0.0
2015-10-11 04:00:00,0.0,0.0,0.0
2015-10-11 05:00:00,0.0,0.0,0.0
2015-10-11 06:00:00,0.11,67.06509,0.8875
2015-10-11 07:00:00,0.04,291.1424,1.0
2015-10-11 08:00:00,0.0,509.78717,1.0
2015-10-11 09:00:00,0.0,683.2222,1.0
2015-10-11 10:00:00,0.0,796.29987,1.0
2015-10-11 11:00:00,0.13,838.2636,1.0
2015-10-11 12:00:00,0.19,808.72546,1.0
2015-10-11 13:00:00,0.03,711.46716,1.0
2015-10-11 14:00:00,0.03,522.1264,1.0
2015-10-11 15:00:00,0.45,338.7164,1.0
2015-10-11 16:00:00,0.55,130.99411,1.0
2015-10-11 17:00:00,0.09,6.497385,0.4658333333333333
2015-10-11 18:00:00,0.0,0.0,0.0
2015-10-11 19:00:00,0.0,0.0,0.0
2015-10-11 20:00:00,0.0,0.0,0.0
2015-10-11 21:00:00,0.0,0.0,0.0
2015-10-11 22:00:00,0.0,0.0,0.0
2015-10-11 23:00:00,0.0,0.0,0.0
2015-10-12 00:00:00,0.0,0.0,0.0
2015-10-12 01:00:00,0.0,0.0,0.0
2015-10-12 02:00:00,0.0,0.0,0.0
2015-10-12 03:00:00,0.0,0.0,0.0
2015-10-12 04:00:00,0.0,0.0,0.0
2015-10-12 05:00:00,0.0,0.0,0.0
2015-10-12 06:00:00,0.0,65.96438,0.8702777777777778
2015-10-12 07:00:00,0.0,290.99124,1.0
2015-10-12 08:00:00,0.0,511.43323,1.0
2015-10-12 09:00:00,0.02,685.83575,1.0
2015-10-12 10:00:00,0.0,799.0725,1.0
2015-10-12 11:00:00,0.0,844.8356,1.0
2015-10-12 12:00:00,0.0,817.9261,1.0
2015-10-12 13:00:00,0.0,720.6989,1.0
2015-10-12 14:00:00,0.0,560.4296,1.0
2015-10-12 15:00:00,0.0,356.37384,1.0
2015-10-12 16:00:00,0.0,139.28093,1.0
2015-10-12 17:00:00,0.0,6.537346,0.44027777777777777
2015-10-12 18:00:00,0.0,0.0,0.0
2015-10-12 19:00:00,0.0,0.0,0.0
2015-10-12 20:00:00,0.0,0.0,0.0
2015-10-12 21:00:00,0.0,0.0,0.0
2015-10-12 22:00:00,0.0,0.0,0.0
2015-10-12 23:00:00,0.0,0.0,0.0
2015-10-13 00:00:00,0.0,0.0,0.0
2015-10-13 01:00:00,0.0,0.0,0.0
2015-10-13 02:00:00,0.0,0.0,0.0
2015-10-13 03:00:00,0.0,0.0,0.0
2015-10-13 04:00:00,0.0,0.0,0.0
2015-10-13 05:00:00,0.0,0.0,0.0
2015-10-13 06:00:00,0.0,61.960667,0.8533333333333334
2015-10-13 07:00:00,0.0,287.4506,1.0
2015-10-13 08:00:00,0.0,508.27182,1.0
2015-10-13 09:00:00,0.0,685.2573,1.0
2015-10-13 10:00:00,0.0,801.66785,1.0
2015-10-13 11:00:00,0.0,846.2039,1.0
2015-10-13 12:00:00,0.0,818.25336,1.0
2015-10-13 13:00:00,0.0,719.808,1.0
2015-10-13 14:00:00,0.0,560.42993,1.0
2015-10-13 15:00:00,0.0,355.31442,1.0
2015-10-13 16:00:00,0.0,136.74335,1.0
2015-10-13 17:00:00,0.0,5.5873733,0.415
2015-10-13 18:00:00,0.0,0.0,0.0
2015-10-13 19:00:00,0.0,0.0,0.0
2015-10-13 20:00:00,0.0,0.0,0.0
2015-10-13 21:00:00,0.0,0.0,0.0
2015-10-13 22:00:00,0.0,0.0,0.0
2015-10-13 23:00:00,0.0,0.0,0.0
2015-10-14 00:00:00,0.0,0.0,0.0
2015-10-14 01:00:00,0.0,0.0,0.0
2015-10-14 02:00:00,0.0,0.0,0.0
2015-10-14 03:00:00,0.0,0.0,0.0
2015-10-14 04:00:00,0.0,0.0,0.0
2015-10-14 05:00:00,0.0,0.0,0.0
2015-10-14 06:00:00,0.0,59.78158,0.8358333333333333
2015-10-14 07:00:00,0.0,282.0492,1.0
2015-10-14 08:00:00,0.0,502.24686,1.0
2015-10-14 09:00:00,0.0,678.302,1.0
2015-10-14 10:00:00,0.0,793.89545,1.0
2015-10-14 11:00:00,0.0,836.1696,1.0
2015-10-14 12:00:00,0.0,808.1387,1.0
2015-10-14 13:00:00,0.0,710.8996,1.0
2015-10-14 14:00:00,0.0,551.52954,1.0
2015-10-14 15:00:00,0.0,347.49713,1.0
2015-10-14 16:00:00,0.0,131.09143,1.0
2015-10-14 17:00:00,0.0,4.7511263,0.38972222222222225
2015-10-14 18:00:00,0.0,0.0,0.0
2015-10-14 19:00:00,0.0,0.0,0.0
2015-10-14 20:00:00,0.0,0.0,0.0
2015-10-14 21:00:00,0.0,0.0,0.0
2015-10-14 22:00:00,0.0,0.0,0.0
2015-10-14 23:00:00,0.0,0.0,0.0
2015-10-15 00:00:00,0.0,0.0,0.0
2015-10-15 01:00:00,0.0,0.0,0.0
2015-10-15 02:00:00,0.0,0.0,0.0
2015-10-15 03:00:00,0.08,0.0,0.0
2015-10-15 04:00:00,0.22,0.0,0.0
2015-10-15 05:00:00,0.59,0.0,0.0
2015-10-15 06:00:00,0.67,52.787395,0.8186111111111111
2015-10-15 07:00:00,0.72,258.74753,1.0
2015-10-15 08:00:00,0.63,471.76804,1.0
2015-10-15 09:00:00,0.71,646.00275,1.0
2015-10-15 10:00:00,0.76,758.4526,1.0
2015-10-15 11:00:00,0.74,779.58124,1.0
2015-10-15 12:00:00,0.78,749.7001,1.0
2015-10-15 13:00:00,0.58,681.1482,1.0
2015-10-15 14:00:00,0.34,527.301,1.0
2015-10-15 15:00:00,0.06,336.3007,1.0
2015-10-15 16:00:00,0.14,123.2015,1.0
2015-10-15 17:00:00,0.23,3.8843565,0.3647222222222222
2015-10-15 18:00:00,0.2,0.0,0.0
2015-10-15 19:00:00,0.2,0.0,0.0
2015-10-15 20:00:00,0.46,0.0,0.0
2015-10-15 21:00:00,0.49,0.0,0.0
2015-10-15 22:00:00,0.28,0.0,0.0
2015-10-15 23:00:00,0.11,0.0,0.0
2015-10-16 00:00:00,0.09,0.0,0.0
2015-10-16 01:00:00,0.09,0.0,0.0
2015-10-16 02:00:00,0.07,0.0,0.0
2015-10-16 03:00:00,0.02,0.0,0.0
2015-10-16 04:00:00,0.04,0.0,0.0
2015-10-16 05:00:00,0.02,0.0,0.0
2015-10-16 06:00:00,0.01,50.40191,0.8011111111111111
2015-10-16 07:00:00,0.01,259.08405,1.0
2015-10-16 08:00:00,0.1,483.62558,1.0
2015-10-16 09:00:00,0.14,656.88776,1.0
2015-10-16 10:00:00,0.24,767.16895,1.0
2015-10-16 11:00:00,0.26,815.4532,1.0
2015-10-16 12:00:00,0.49,772.13544,1.0
2015-10-16 13:00:00,0.68,621.76263,1.0
2015-10-16 14:00:00,0.85,453.67752,1.0
2015-10-16 15:00:00,0.71,260.2502,1.0
2015-10-16 16:00:00,0.68,99.29516,1.0
2015-10-16 17:00:00,0.67,2.9103293,0.3397222222222222
2015-10-16 18:00:00,0.66,0.0,0.0
2015-10-16 19:00:00,0.4,0.0,0.0
2015-10-16 20:00:00,0.04,0.0,0.0
2015-10-16 21:00:00,0.08,0.0,0.0
2015-10-16 22:00:00,0.18,0.0,0.0
2015-10-16 23:00:00,0.26,0.0,0.0
2015-10-17 00:00:00,0.27,0.0,0.0
2015-10-17 01:00:00,0.24,0.0,0.0
2015-10-17 02:00:00,0.24,0.0,0.0
2015-10-17 03:00:00,0.59,0.0,0.0
2015-10-17 04:00:00,0.7,0.0,0.0
2015-10-17 05:00:00,0.74,0.0,0.0
2015-10-17 06:00:00,0.75,46.00037,0.7836111111111111
2015-10-17 07:00:00,0.55,260.6213,1.0
2015-10-17 08:00:00,0.39,476.488,1.0
2015-10-17 09:00:00,0.14,650.08026,1.0
2015-10-17 10:00:00,0.21,759.0798,1.0
2015-10-17 11:00:00,0.35,772.6407,1.0
2015-10-17 12:00:00,0.56,738.16174,1.0
2015-10-17 13:00:00,0.41,609.30347,1.0
2015-10-17 14:00:00,0.54,427.2576,1.0
2015-10-17 15:00:00,0.43,244.95848,1.0
2015-10-17 16:00:00,0.48,83.535545,1.0
2015-10-17 17:00:00,0.67,1.9385537,0.315
2015-10-17 18:00:00,0.29,0.0,0.0
2015-10-17 19:00:00,0.2,0.0,0.0
2015-10-17 20:00:00,0.55,0.0,0.0
2015-10-17 21:00:00,0.96,0.0,0.0
2015-10-17 22:00:00,0.96,0.0,0.0
2015-10-17 23:00:00,0.91,0.0,0.0
2015-10-18 00:00:00,0.77,0.0,0.0
2015-10-18 01:00:00,0.9,0.0,0.0
2015-10-18 02:00:00,0.97,0.0,0.0
2015-10-18 03:00:00,0.92,0.0,0.0
2015-10-18 04:00:00,0.93,0.0,0.0
2015-10-18 05:00:00,0.91,0.0,0.0
2015-10-18 06:00:00,0.8,31.172028,0.7661111111111111
2015-10-18 07:00:00,0.67,202.6097,1.0
2015-10-18 08:00:00,0.84,401.24146,1.0
2015-10-18 09:00:00,0.83,599.1132,1.0
2015-10-18 10:00:00,0.75,692.13696,1.0
2015-10-18 11:00:00,0.91,697.7357,1.0
2015-10-18 12:00:00,0.89,610.2746,1.0
2015-10-18 13:00:00,0.95,473.02347,1.0
2015-10-18 14:00:00,0.98,313.25912,1.0
2015-10-18 15:00:00,0.89,177.78448,1.0
2015-10-18 16:00:00,0.76,75.58989,1.0
2015-10-18 17:00:00,0.78,1.9878461,0.29055555555555557
2015-10-18 18:00:00,0.89,0.0,0.0
2015-10-18 19:00:00,0.94,0.0,0.0
2015-10-18 20:00:00,1.0,0.0,0.0
2015-10-18 21:00:00,0.99,0.0,0.0
2015-10-18 22:00:00,0.94,0.0,0.0
2015-10-18 23:00:00,0.98,0.0,0.0
2015-10-19 00:00:00,0.98,0.0,0.0
2015-10-19 01:00:00,0.97,0.0,0.0
2015-10-19 02:00:00,0.95,0.0,0.0
2015-10-19 03:00:00,1.0,0.0,0.0
2015-10-19 04:00:00,0.99,0.0,0.0
2015-10-19 05:00:00,1.0,0.0,0.0
2015-10-19 06:00:00,1.0,36.737022,0.7483333333333333
2015-10-19 07:00:00,1.0,192.7639,1.0
2015-10-19 08:00:00,0.99,405.2113,1.0
2015-10-19 09:00:00,0.95,567.7144,1.0
2015-10-19 10:00:00,0.95,680.4941,1.0
2015-10-19 11:00:00,0.7,648.7394,1.0
2015-10-19 12:00:00,0.58,451.19403,1.0
2015-10-19 13:00:00,0.8,418.50687,1.0
2015-10-19 14:00:00,0.87,356.0581,1.0
2015-10-19 15:00:00,0.96,231.23268,1.0
2015-10-19 16:00:00,0.8,78.095985,1.0
2015-10-19 17:00:00,0.49,0.0,0.2663888888888889
2015-10-19 18:00:00,0.32,0.0,0.0
2015-10-19 19:00:00,0.1,0.0,0.0
2015-10-19 20:00:00,0.15,0.0,0.0
2015-10-19 21:00:00,0.37,0.0,0.0
2015-10-19 22:00:00,0.57,0.0,0.0
2015-10-19 23:00:00,0.55,0.0,0.0
2015-10-20 00:00:00,0.66,0.0,0.0
2015-10-20 01:00:00,0.63,0.0,0.0
2015-10-20 02:00:00,0.61,0.0,0.0
2015-10-20 03:00:00,0.73,0.0,0.0
2015-10-20 04:00:00,0.86,0.0,0.0
2015-10-20 05:00:00,0.87,0.0,0.0
2015-10-20 06:00:00,0.92,24.349352,0.7305555555555555
2015-10-20 07:00:00,0.96,135.1634,1.0
2015-10-20 08:00:00,0.9,229.89139,1.0
2015-10-20 09:00:00,0.97,407.87042,1.0
2015-10-20 10:00:00,0.99,526.8586,1.0
2015-10-20 11:00:00,0.98,565.9557,1.0
2015-10-20 12:00:00,0.97,542.11926,1.0
2015-10-20 13:00:00,0.96,462.99945,1.0
2015-10-20 14:00:00,0.96,289.8847,1.0
2015-10-20 15:00:00,0.96,164.17822,1.0
2015-10-20 16:00:00,0.83,48.250122,1.0
2015-10-20 17:00:00,0.94,0.0,0.2425
2015-10-20 18:00:00,1.0,0.0,0.0
2015-10-20 19:00:00,1.0,0.0,0.0
2015-10-20 20:00:00,1.0,0.0,0.0
2015-10-20 21:00:00,1.0,0.0,0.0
2015-10-20 22:00:00,1.0,0.0,0.0
2015-10-20 23:00:00,1.0,0.0,0.0
2015-10-21 00:00:00,1.0,0.0,0.0
2015-10-21 01:00:00,1.0,0.0,0.0
2015-10-21 02:00:00,1.0,0.0,0.0
2015-10-21 03:00:00,1.0,0.0,0.0
2015-10-21 04:00:00,1.0,0.0,0.0
2015-10-21 05:00:00,1.0,0.0,0.0
2015-10-21 06:00:00,1.0,3.9756923,0.7127777777777777
2015-10-21 07:00:00,1.0,18.884539,1.0
2015-10-21 08:00:00,1.0,41.74477,1.0
2015-10-21 09:00:00,1.0,92.434845,1.0
2015-10-21 10:00:00,1.0,122.83797,1.0
2015-10-21 11:00:00,1.0,170.90665,1.0
2015-10-21 12:00:00,1.0,240.42891,1.0
2015-10-21 13:00:00,1.0,237.48296,1.0
2015-10-21 14:00:00,1.0,169.98337,1.0
2015-10-21 15:00:00,1.0,128.99963,1.0
2015-10-21 16:00:00,1.0,39.6657,1.0
2015-10-21 17:00:00,0.98,0.0,0.21888888888888888
2015-10-21 18:00:00,0.98,0.0,0.0
2015-10-21 19:00:00,1.0,0.0,0.0
2015-10-21 20:00:00,0.99,0.0,0.0
2015-10-21 21:00:00,0.89,0.0,0.0
2015-10-21 22:00:00,0.59,0.0,0.0
2015-10-21 23:00:00,0.94,0.0,0.0
2015-10-22 00:00:00,1.0,0.0,0.0
2015-10-22 01:00:00,1.0,0.0,0.0
2015-10-22 02:00:00,1.0,0.0,0.0
2015-10-22 03:00:00,1.0,0.0,0.0
2015-10-22 04:00:00,0.99,0.0,0.0
2015-10-22 05:00:00,1.0,0.0,0.0
2015-10-22 06:00:00,1.0,6.9574614,0.695
2015-10-22 07:00:00,1.0,24.848078,1.0
2015-10-22 08:00:00,1.0,54.3409,1.0
2015-10-22 09:00:00,1.0,72.55638,1.0
2015-10-22 10:00:00,1.0,73.55031,1.0
2015-10-22 11:00:00,1.0,94.62749,1.0
2015-10-22 12:00:00,1.0,134.74255,1.0
2015-10-22 13:00:00,1.0,172.29704,1.0
2015-10-22 14:00:00,1.0,137.30711,1.0
2015-10-22 15:00:00,1.0,85.782135,1.0
2015-10-22 16:00:00,1.0,19.878462,1.0
2015-10-22 17:00:00,1.0,0.0,0.19583333333333333
2015-10-22 18:00:00,0.99,0.0,0.0
2015-10-22 19:00:00,1.0,0.0,0.0
2015-10-22 20:00:00,1.0,0.0,0.0
2015-10-22 21:00:00,1.0,0.0,0.0
2015-10-22 22:00:00,1.0,0.0,0.0
2015-10-22 23:00:00,1.0,0.0,0.0
2015-10-23 00:00:00,1.0,0.0,0.0
2015-10-23 01:00:00,0.7,0.0,0.0
2015-10-23 02:00:00,0.55,0.0,0.0
2015-10-23 03:00:00,0.57,0.0,0.0
2015-10-23 04:00:00,0.7,0.0,0.0
2015-10-23 05:00:00,0.81,0.0,0.0
2015-10-23 06:00:00,0.85,25.564365,0.6769444444444445
2015-10-23 07:00:00,0.74,145.88785,1.0
2015-10-23 08:00:00,0.57,342.82397,1.0
2015-10-23 09:00:00,0.87,474.26907,1.0
2015-10-23 10:00:00,0.76,549.7786,1.0
2015-10-23 11:00:00,0.69,433.67093,1.0
2015-10-23 12:00:00,0.68,417.8661,1.0
2015-10-23 13:00:00,0.59,358.42688,1.0
2015-10-23 14:00:00,0.68,329.5814,1.0
2015-10-23 15:00:00,0.76,146.44421,1.0
2015-10-23 16:00:00,0.71,68.76369,1.0
2015-10-23 17:00:00,0.46,0.0,0.17305555555555555
2015-10-23 18:00:00,0.28,0.0,0.0
2015-10-23 19:00:00,0.29,0.0,0.0
2015-10-23 20:00:00,0.57,0.0,0.0
2015-10-23 21:00:00,0.36,0.0,0.0
2015-10-23 22:00:00,0.21,0.0,0.0
2015-10-23 23:00:00,0.16,0.0,0.0
2015-10-24 00:00:00,0.06,0.0,0.0
2015-10-24 01:00:00,0.03,0.0,0.0
2015-10-24 02:00:00,0.05,0.0,0.0
2015-10-24 03:00:00,0.09,0.0,0.0
2015-10-24 04:00:00,0.36,0.0,0.0
2015-10-24 05:00:00,0.2,0.0,0.0
2015-10-24 06:00:00,0.01,34.97469,0.6591666666666667
2015-10-24 07:00:00,0.0,242.13,1.0
2015-10-24 08:00:00,0.01,463.47864,1.0
2015-10-24 09:00:00,0.05,640.7857,1.0
2015-10-24 10:00:00,0.0,751.90857,1.0
2015-10-24 11:00:00,0.0,793.0209,1.0
2015-10-24 12:00:00,0.0,759.7107,1.0
2015-10-24 13:00:00,0.19,659.29114,1.0
2015-10-24 14:00:00,0.01,500.0708,1.0
2015-10-24 15:00:00,0.0,298.48712,1.0
2015-10-24 16:00:00,0.0,90.48348,1.0
2015-10-24 17:00:00,0.0,0.0,0.15083333333333335
2015-10-24 18:00:00,0.0,0.0,0.0
2015-10-24 19:00:00,0.0,0.0,0.0
2015-10-24 20:00:00,0.0,0.0,0.0
2015-10-24 21:00:00,0.0,0.0,0.0
2015-10-24 22:00:00,0.0,0.0,0.0
2015-10-24 23:00:00,0.0,0.0,0.0
2015-10-25 00:00:00,0.0,0.0,0.0
2015-10-25 01:00:00,0.01,0.0,0.0
2015-10-25 02:00:00,0.0,0.0,0.0
2015-10-25 03:00:00,0.14,0.0,0.0
2015-10-25 04:00:00,0.21,0.0,0.0
2015-10-25 05:00:00,0.15,0.0,0.0
2015-10-25 06:00:00,0.13,32.16279,0.6411111111111111
2015-10-25 07:00:00,0.14,231.3252,1.0
2015-10-25 08:00:00,0.02,440.4876,1.0
2015-10-25 09:00:00,0.01,617.0998,1.0
2015-10-25 10:00:00,0.06,733.66425,1.0
2015-10-25 11:00:00,0.24,783.4277,1.0
2015-10-25 12:00:00,0.32,756.0114,1.0
2015-10-25 13:00:00,0.68,652.6205,1.0
2015-10-25 14:00:00,1.0,476.52966,1.0
2015-10-25 15:00:00,0.65,283.7895,1.0
2015-10-25 16:00:00,0.48,81.266426,1.0
2015-10-25 17:00:00,0.74,0.0,0.1288888888888889
2015-10-25 18:00:00,1.0,0.0,0.0
2015-10-25 19:00:00,1.0,0.0,0.0
2015-10-25 20:00:00,1.0,0.0,0.0
2015-10-25 21:00:00,1.0,0.0,0.0
2015-10-25 22:00:00,1.0,0.0,0.0
2015-10-25 23:00:00,1.0,0.0,0.0
2015-10-26 00:00:00,1.0,0.0,0.0
2015-10-26 01:00:00,1.0,0.0,0.0
2015-10-26 02:00:00,1.0,0.0,0.0
2015-10-26 03:00:00,1.0,0.0,0.0
2015-10-26 04:00:00,1.0,0.0,0.0
2015-10-26 05:00:00,1.0,0.0,0.0
2015-10-26 06:00:00,1.0,9.939231,0.6230555555555556
2015-10-26 07:00:00,1.0,132.37761,1.0
2015-10-26 08:00:00,1.0,233.35876,1.0
2015-10-26 09:00:00,1.0,344.48404,1.0
2015-10-26 10:00:00,1.0,419.70172,1.0
2015-10-26 11:00:00,1.0,356.2296,1.0
2015-10-26 12:00:00,1.0,425.6747,1.0
2015-10-26 13:00:00,0.99,329.39395,1.0
2015-10-26 14:00:00,0.94,258.17636,1.0
2015-10-26 15:00:00,0.89,187.32948,1.0
2015-10-26 16:00:00,0.66,67.254745,1.0
2015-10-26 17:00:00,0.32,0.0,0.10777777777777778
2015-10-26 18:00:00,0.41,0.0,0.0
2015-10-26 19:00:00,0.1,0.0,0.0
2015-10-26 20:00:00,0.07,0.0,0.0
2015-10-26 21:00:00,0.01,0.0,0.0
2015-10-26 22:00:00,0.0,0.0,0.0
2015-10-26 23:00:00,0.12,0.0,0.0
2015-10-27 00:00:00,0.65,0.0,0.0
2015-10-27 01:00:00,0.84,0.0,0.0
2015-10-27 02:00:00,0.68,0.0,0.0
2015-10-27 03:00:00,0.52,0.0,0.0
2015-10-27 04:00:00,0.16,0.0,0.0
2015-10-27 05:00:00,0.02,0.0,0.0
2015-10-27 06:00:00,0.02,27.31054,0.6047222222222223
2015-10-27 07:00:00,0.41,215.3289,1.0
2015-10-27 08:00:00,0.45,424.8576,1.0
2015-10-27 09:00:00,0.4,591.3056,1.0
2015-10-27 10:00:00,0.33,728.0201,1.0
2015-10-27 11:00:00,0.29,628.7185,1.0
2015-10-27 12:00:00,0.45,629.06354,1.0
2015-10-27 13:00:00,0.68,445.813,1.0
2015-10-27 14:00:00,0.68,278.95264,1.0
2015-10-27 15:00:00,0.95,89.809425,1.0
2015-10-27 16:00:00,0.96,28.230707,1.0
2015-10-27 17:00:00,0.99,0.0,0.08666666666666667
2015-10-27 18:00:00,0.34,0.0,0.0
2015-10-27 19:00:00,0.05,0.0,0.0
2015-10-27 20:00:00,0.03,0.0,0.0
2015-10-27 21:00:00,0.03,0.0,0.0
2015-10-27 22:00:00,0.04,0.0,0.0
2015-10-27 23:00:00,0.03,0.0,0.0
2015-10-28 00:00:00,0.02,0.0,0.0
2015-10-28 01:00:00,0.0,0.0,0.0
2015-10-28 02:00:00,0.0,0.0,0.0
2015-10-28 03:00:00,0.0,0.0,0.0
2015-10-28 04:00:00,0.0,0.0,0.0
2015-10-28 05:00:00,0.0,0.0,0.0
2015-10-28 06:00:00,0.07,26.74149,0.5863888888888888
2015-10-28 07:00:00,0.16,232.84592,1.0
2015-10-28 08:00:00,0.55,430.93176,1.0
2015-10-28 09:00:00,0.82,583.3537,1.0
2015-10-28 10:00:00,0.73,701.9141,1.0
2015-10-28 11:00:00,0.63,775.19354,1.0
2015-10-28 12:00:00,0.59,745.42773,1.0
2015-10-28 13:00:00,0.66,611.2507,1.0
2015-10-28 14:00:00,0.87,427.9151,1.0
2015-10-28 15:00:00,0.98,194.08661,1.0
2015-10-28 16:00:00,1.0,40.39771,1.0
2015-10-28 17:00:00,1.0,0.0,0.0661111111111111
2015-10-28 18:00:00,1.0,0.0,0.0
2015-10-28 19:00:00,1.0,0.0,0.0
2015-10-28 20:00:00,1.0,0.0,0.0
2015-10-28 21:00:00,0.96,0.0,0.0
2015-10-28 22:00:00,0.93,0.0,0.0
2015-10-28 23:00:00,0.9,0.0,0.0
2015-10-29 00:00:00,0.99,0.0,0.0
2015-10-29 01:00:00,1.0,0.0,0.0
2015-10-29 02:00:00,0.98,0.0,0.0
2015-10-29 03:00:00,1.0,0.0,0.0
2015-10-29 04:00:00,0.96,0.0,0.0
2015-10-29 05:00:00,0.99,0.0,0.0
2015-10-29 06:00:00,0.99,7.9513845,0.5680555555555555
2015-10-29 07:00:00,0.97,117.26484,1.0
2015-10-29 08:00:00,0.96,275.263,1.0
2015-10-29 09:00:00,0.98,363.30927,1.0
2015-10-29 10:00:00,0.97,520.0001,1.0
2015-10-29 11:00:00,0.98,579.5531,1.0
2015-10-29 12:00:00,0.92,604.9471,1.0
2015-10-29 13:00:00,0.92,505.73312,1.0
2015-10-29 14:00:00,0.63,350.74774,1.0
2015-10-29 15:00:00,0.8,223.58958,1.0
2015-10-29 16:00:00,0.93,59.03979,1.0
2015-10-29 17:00:00,0.82,0.0,0.04555555555555556
2015-10-29 18:00:00,0.53,0.0,0.0
2015-10-29 19:00:00,0.72,0.0,0.0
2015-10-29 20:00:00,0.99,0.0,0.0
2015-10-29 21:00:00,1.0,0.0,0.0
2015-10-29 22:00:00,0.98,0.0,0.0
2015-10-29 23:00:00,0.98,0.0,0.0
2015-10-30 00:00:00,0.96,0.0,0.0
2015-10-30 01:00:00,0.82,0.0,0.0
2015-10-30 02:00:00,0.83,0.0,0.0
2015-10-30 03:00:00,0.94,0.0,0.0
2015-10-30 04:00:00,0.96,0.0,0.0
2015-10-30 05:00:00,0.99,0.0,0.0
2015-10-30 06:00:00,1.0,9.546381,0.5494444444444444
2015-10-30 07:00:00,0.98,94.80519,1.0
2015-10-30 08:00:00,0.99,334.01694,1.0
2015-10-30 09:00:00,0.99,450.98874,1.0
2015-10-30 10:00:00,1.0,605.023,1.0
2015-10-30 11:00:00,0.95,356.5128,1.0
2015-10-30 12:00:00,0.95,422.16385,1.0
2015-10-30 13:00:00,0.82,329.1036,1.0
2015-10-30 14:00:00,0.78,167.44731,1.0
2015-10-30 15:00:00,0.75,174.39165,1.0
2015-10-30 16:00:00,0.46,57.899708,1.0
2015-10-30 17:00:00,0.05,0.0,0.025277777777777777
2015-10-30 18:00:00,0.07,0.0,0.0
2015-10-30 19:00:00,0.03,0.0,0.0
2015-10-30 20:00:00,0.03,0.0,0.0
2015-10-30 21:00:00,0.02,0.0,0.0
2015-10-30 22:00:00,0.02,0.0,0.0
2015-10-30 23:00:00,0.07,0.0,0.0
2015-10-31 00:00:00,0.14,0.0,0.0
2015-10-31 01:00:00,0.24,0.0,0.0
2015-10-31 02:00:00,0.24,0.0,0.0
2015-10-31 03:00:00,0.2,0.0,0.0
2015-10-31 04:00:00,0.11,0.0,0.0
2015-10-31 05:00:00,0.12,0.0,0.0
2015-10-31 06:00:00,0.03,15.578765,0.5305555555555556
2015-10-31 07:00:00,0.11,167.12164,1.0
2015-10-31 08:00:00,0.02,395.0898,1.0
2015-10-31 09:00:00,0.04,568.98315,1.0
2015-10-31 10:00:00,0.03,689.9055,1.0
2015-10-31 11:00:00,0.01,747.7845,1.0
2015-10-31 12:00:00,0.02,710.52106,1.0
2015-10-31 13:00:00,0.0,617.1052,1.0
2015-10-31 14:00:00,0.0,458.596,1.0
2015-10-31 15:00:00,0.0,250.65454,1.0
2015-10-31 16:00:00,0.05,63.363415,1.0
2015-10-31 17:00:00,0.06,0.0,0.005277777777777778
2015-10-31 18:00:00,0.0,0.0,0.0
2015-10-31 19:00:00,0.0,0.0,0.0
2015-10-31 20:00:00,0.02,0.0,0.0
2015-10-31 21:00:00,0.09,0.0,0.0
2015-10-31 22:00:00,0.12,0.0,0.0
2015-10-31 23:00:00,0.12,0.0,0.0
2015-11-01 00:00:00,0.13,0.0,0.0
2015-11-01 01:00:00,0.22,0.0,0.0
2015-11-01 02:00:00,0.2,0.0,0.0
2015-11-01 03:00:00,0.3,0.0,0.0
2015-11-01 04:00:00,0.36,0.0,0.0
2015-11-01 05:00:00,0.46,0.0,0.0
2015-11-01 06:00:00,0.56,15.8481,0.5116666666666667
2015-11-01 07:00:00,0.47,184.59314,1.0
2015-11-01 08:00:00,0.56,354.59152,1.0
2015-11-01 09:00:00,0.72,514.01917,1.0
2015-11-01 10:00:00,0.64,607.54944,1.0
2015-11-01 11:00:00,0.21,697.0167,1.0
2015-11-01 12:00:00,0.4,454.37766,1.0
2015-11-01 13:00:00,0.34,515.60205,1.0
2015-11-01 14:00:00,0.64,429.24274,1.0
2015-11-01 15:00:00,0.6,239.35268,1.0
2015-11-01 16:00:00,0.65,51.136547,0.9855555555555555
2015-11-01 17:00:00,0.48,0.0,0.0
2015-11-01 18:00:00,0.23,0.0,0.0
2015-11-01 19:00:00,0.07,0.0,0.0
2015-11-01 20:00:00,0.28,0.0,0.0
2015-11-01 21:00:00,0.04,0.0,0.0
2015-11-01 22:00:00,0.01,0.0,0.0
2015-11-01 23:00:00,0.0,0.0,0.0
2015-11-02 00:00:00,0.0,0.0,0.0
2015-11-02 01:00:00,0.37,0.0,0.0
2015-11-02 02:00:00,0.34,0.0,0.0
2015-11-02 03:00:00,0.29,0.0,0.0
2015-11-02 04:00:00,0.19,0.0,0.0
2015-11-02 05:00:00,0.33,0.0,0.0
2015-11-02 06:00:00,0.53,14.337166,0.49277777777777776
2015-11-02 07:00:00,0.08,200.19984,1.0
2015-11-02 08:00:00,0.0,416.8174,1.0
2015-11-02 09:00:00,0.0,589.7202,1.0
2015-11-02 10:00:00,0.0,701.6801,1.0
2015-11-02 11:00:00,0.0,742.715,1.0
2015-11-02 12:00:00,0.0,713.9765,1.0
2015-11-02 13:00:00,0.0,615.48035,1.0
2015-11-02 14:00:00,0.0,457.52893,1.0
2015-11-02 15:00:00,0.0,257.7973,1.0
2015-11-02 16:00:00,0.0,61.416424,0.9661111111111111
2015-11-02 17:00:00,0.0,0.0,0.0
2015-11-02 18:00:00,0.0,0.0,0.0
2015-11-02 19:00:00,0.0,0.0,0.0
2015-11-02 20:00:00,0.0,0.0,0.0
2015-11-02 21:00:00,0.0,0.0,0.0
2015-11-02 22:00:00,0.0,0.0,0.0
2015-11-02 23:00:00,0.0,0.0,0.0
2015-11-03 00:00:00,0.0,0.0,0.0
2015-11-03 01:00:00,0.0,0.0,0.0
2015-11-03 02:00:00,0.0,0.0,0.0
2015-11-03 03:00:00,0.0,0.0,0.0
2015-11-03 04:00:00,0.0,0.0,0.0
2015-11-03 05:00:00,0.0,0.0,0.0
2015-11-03 06:00:00,0.0,16.4401,0.4738888888888889
2015-11-03 07:00:00,0.0,207.27986,1.0
2015-11-03 08:00:00,0.0,425.60965,1.0
2015-11-03 09:00:00,0.0,599.86224,1.0
2015-11-03 10:00:00,0.0,712.3648,1.0
2015-11-03 11:00:00,0.0,751.875,1.0
2015-11-03 12:00:00,0.0,720.2998,1.0
2015-11-03 13:00:00,0.0,622.3077,1.0
2015-11-03 14:00:00,0.0,451.78073,1.0
2015-11-03 15:00:00,0.0,253.83293,1.0
2015-11-03 16:00:00,0.0,58.370953,0.9469444444444445
2015-11-03 17:00:00,0.0,0.0,0.0
2015-11-03 18:00:00,0.0,0.0,0.0
2015-11-03 19:00:00,0.0,0.0,0.0
2015-11-03 20:00:00,0.0,0.0,0.0
2015-11-03 21:00:00,0.0,0.0,0.0
2015-11-03 22:00:00,0.01,0.0,0.0
2015-11-03 23:00:00,0.0,0.0,0.0
2015-11-04 00:00:00,0.0,0.0,0.0
2015-11-04 01:00:00,0.0,0.0,0.0
2015-11-04 02:00:00,0.0,0.0,0.0
2015-11-04 03:00:00,0.02,0.0,0.0
2015-11-04 04:00:00,0.0,0.0,0.0
2015-11-04 05:00:00,0.0,0.0,0.0
2015-11-04 06:00:00,0.0,13.816578,0.45472222222222225
2015-11-04 07:00:00,0.0,201.44353,1.0
2015-11-04 08:00:00,0.0,417.4243,1.0
2015-11-04 09:00:00,0.0,587.81165,1.0
2015-11-04 10:00:00,0.1,700.3937,1.0
2015-11-04 11:00:00,0.41,508.5373,1.0
2015-11-04 12:00:00,0.5,529.5517,1.0
2015-11-04 13:00:00,0.61,344.4612,1.0
2015-11-04 14:00:00,0.72,193.75676,1.0
2015-11-04 15:00:00,0.83,95.56535,1.0
2015-11-04 16:00:00,0.95,26.08357,0.9280555555555555
2015-11-04 17:00:00,1.0,0.0,0.0
2015-11-04 18:00:00,0.96,0.0,0.0
2015-11-04 19:00:00,0.99,0.0,0.0
2015-11-04 20:00:00,0.98,0.0,0.0
2015-11-04 21:00:00,0.94,0.0,0.0
2015-11-04 22:00:00,0.78,0.0,0.0
2015-11-04 23:00:00,0.63,0.0,0.0
2015-11-05 00:00:00,0.84,0.0,0.0
2015-11-05 01:00:00,0.86,0.0,0.0
2015-11-05 02:00:00,0.93,0.0,0.0
2015-11-05 03:00:00,0.93,0.0,0.0
2015-11-05 04:00:00,0.82,0.0,0.0
2015-11-05 05:00:00,0.82,0.0,0.0
2015-11-05 06:00:00,0.84,2.981769,0.43555555555555553
2015-11-05 07:00:00,0.9,58.64146,1.0
2015-11-05 08:00:00,0.94,207.0792,1.0
2015-11-05 09:00:00,0.94,335.79648,1.0
2015-11-05 10:00:00,0.95,485.18845,1.0
2015-11-05 11:00:00,0.91,520.3506,1.0
2015-11-05 12:00:00,0.76,592.50525,1.0
2015-11-05 13:00:00,0.72,551.2581,1.0
2015-11-05 14:00:00,0.71,359.81467,1.0
2015-11-05 15:00:00,0.34,229.72827,1.0
2015-11-05 16:00:00,0.16,47.456066,0.9097222222222222
2015-11-05 17:00:00,0.11,0.0,0.0
2015-11-05 18:00:00,0.25,0.0,0.0
2015-11-05 19:00:00,0.27,0.0,0.0
2015-11-05 20:00:00,0.32,0.0,0.0
2015-11-05 21:00:00,0.39,0.0,0.0
2015-11-05 22:00:00,0.31,0.0,0.0
2015-11-05 23:00:00,0.48,0.0,0.0
2015-11-06 00:00:00,0.43,0.0,0.0
2015-11-06 01:00:00,0.61,0.0,0.0
2015-11-06 02:00:00,0.87,0.0,0.0
2015-11-06 03:00:00,0.74,0.0,0.0
2015-11-06 04:00:00,0.12,0.0,0.0
2015-11-06 05:00:00,0.15,0.0,0.0
2015-11-06 06:00:00,0.38,10.2339325,0.41638888888888886
2015-11-06 07:00:00,0.68,170.99364,1.0
2015-11-06 08:00:00,0.71,356.62714,1.0
2015-11-06 09:00:00,0.7,536.484,1.0
2015-11-06 10:00:00,0.4,700.9228,1.0
2015-11-06 11:00:00,0.38,671.5111,1.0
2015-11-06 12:00:00,0.41,617.93396,1.0
2015-11-06 13:00:00,0.44,499.75128,1.0
2015-11-06 14:00:00,0.68,339.2709,1.0
2015-11-06 15:00:00,0.41,200.2802,1.0
2015-11-06 16:00:00,0.52,45.10709,0.8916666666666667
2015-11-06 17:00:00,0.39,0.0,0.0
2015-11-06 18:00:00,0.63,0.0,0.0
2015-11-06 19:00:00,0.63,0.0,0.0
2015-11-06 20:00:00,0.58,0.0,0.0
2015-11-06 21:00:00,0.58,0.0,0.0
2015-11-06 22:00:00,0.26,0.0,0.0
2015-11-06 23:00:00,0.09,0.0,0.0
2015-11-07 00:00:00,0.07,0.0,0.0
2015-11-07 01:00:00,0.05,0.0,0.0
2015-11-07 02:00:00,0.01,0.0,0.0
2015-11-07 03:00:00,0.0,0.0,0.0
2015-11-07 04:00:00,0.01,0.0,0.0
2015-11-07 05:00:00,0.01,0.0,0.0
2015-11-07 06:00:00,0.0,10.433786,0.3972222222222222
2015-11-07 07:00:00,0.01,197.74825,1.0
2015-11-07 08:00:00,0.01,422.32455,1.0
2015-11-07 09:00:00,0.0,607.5712,1.0
2015-11-07 10:00:00,0.0,725.4407,1.0
2015-11-07 11:00:00,0.0,768.35803,1.0
2015-11-07 12:00:00,0.0,736.8278,1.0
2015-11-07 13:00:00,0.0,633.54034,1.0
2015-11-07 14:00:00,0.0,468.45752,1.0
2015-11-07 15:00:00,0.0,259.1089,1.0
2015-11-07 16:00:00,0.0,54.717422,0.8741666666666666
2015-11-07 17:00:00,0.0,0.0,0.0
2015-11-07 18:00:00,0.0,0.0,0.0
2015-11-07 19:00:00,0.0,0.0,0.0
2015-11-07 20:00:00,0.0,0.0,0.0
2015-11-07 21:00:00,0.0,0.0,0.0
2015-11-07 22:00:00,0.0,0.0,0.0
2015-11-07 23:00:00,0.0,0.0,0.0
2015-11-08 00:00:00,0.0,0.0,0.0
2015-11-08 01:00:00,0.0,0.0,0.0
2015-11-08 02:00:00,0.0,0.0,0.0
2015-11-08 03:00:00,0.0,0.0,0.0
2015-11-08 04:00:00,0.0,0.0,0.0
2015-11-08 05:00:00,0.0,0.0,0.0
2015-11-08 06:00:00,0.0,9.6542845,0.37833333333333335
2015-11-08 07:00:00,0.0,197.91768,1.0
2015-11-08 08:00:00,0.0,422.51483,1.0
2015-11-08 09:00:00,0.0,602.6729,1.0
2015-11-08 10:00:00,0.0,719.00287,1.0
2015-11-08 11:00:00,0.0,761.9568,1.0
2015-11-08 12:00:00,0.0,729.42737,1.0
2015-11-08 13:00:00,0.0,626.0941,1.0
2015-11-08 14:00:00,0.0,461.89523,1.0
2015-11-08 15:00:00,0.0,253.52412,1.0
2015-11-08 16:00:00,0.0,51.444702,0.8569444444444444
2015-11-08 17:00:00,0.0,0.0,0.0
2015-11-08 18:00:00,0.0,0.0,0.0
2015-11-08 19:00:00,0.0,0.0,0.0
2015-11-08 20:00:00,0.0,0.0,0.0
2015-11-08 21:00:00,0.01,0.0,0.0
2015-11-08 22:00:00,0.0,0.0,0.0
2015-11-08 23:00:00,0.0,0.0,0.0
2015-11-09 00:00:00,0.0,0.0,0.0
2015-11-09 01:00:00,0.0,0.0,0.0
2015-11-09 02:00:00,0.0,0.0,0.0
2015-11-09 03:00:00,0.0,0.0,0.0
2015-11-09 04:00:00,0.0,0.0,0.0
2015-11-09 05:00:00,0.05,0.0,0.0
2015-11-09 06:00:00,0.26,6.4332123,0.3591666666666667
2015-11-09 07:00:00,0.31,183.48682,1.0
2015-11-09 08:00:00,0.21,401.33966,1.0
2015-11-09 09:00:00,0.51,577.4029,1.0
2015-11-09 10:00:00,0.34,695.2058,1.0
2015-11-09 11:00:00,0.21,740.5295,1.0
2015-11-09 12:00:00,0.23,709.5118,1.0
2015-11-09 13:00:00,0.58,599.10315,1.0
2015-11-09 14:00:00,0.66,424.85034,1.0
2015-11-09 15:00:00,0.85,195.56625,1.0
2015-11-09 16:00:00,0.79,39.887836,0.8402777777777778
2015-11-09 17:00:00,0.15,0.0,0.0
2015-11-09 18:00:00,0.0,0.0,0.0
2015-11-09 19:00:00,0.0,0.0,0.0
2015-11-09 20:00:00,0.0,0.0,0.0
2015-11-09 21:00:00,0.0,0.0,0.0
2015-11-09 22:00:00,0.0,0.0,0.0
2015-11-09 23:00:00,0.0,0.0,0.0
2015-11-10 00:00:00,0.0,0.0,0.0
2015-11-10 01:00:00,0.0,0.0,0.0
2015-11-10 02:00:00,0.0,0.0,0.0
2015-11-10 03:00:00,0.0,0.0,0.0
2015-11-10 04:00:00,0.0,0.0,0.0
2015-11-10 05:00:00,0.0,0.0,0.0
2015-11-10 06:00:00,0.0,5.5639052,0.34
2015-11-10 07:00:00,0.0,180.62337,1.0
2015-11-10 08:00:00,0.0,396.61426,1.0
2015-11-10 09:00:00,0.0,572.4574,1.0
2015-11-10 10:00:00,0.0,685.8311,1.0
2015-11-10 11:00:00,0.0,725.8239,1.0
2015-11-10 12:00:00,0.0,679.105,1.0
2015-11-10 13:00:00,0.08,579.4981,1.0
2015-11-10 14:00:00,0.15,403.30795,1.0
2015-11-10 15:00:00,0.28,203.91826,1.0
2015-11-10 16:00:00,0.71,38.034996,0.8241666666666667
2015-11-10 17:00:00,0.64,0.0,0.0
2015-11-10 18:00:00,0.91,0.0,0.0
2015-11-10 19:00:00,0.99,0.0,0.0
2015-11-10 20:00:00,1.0,0.0,0.0
2015-11-10 21:00:00,0.99,0.0,0.0
2015-11-10 22:00:00,0.95,0.0,0.0
2015-11-10 23:00:00,0.98,0.0,0.0
2015-11-11 00:00:00,0.99,0.0,0.0
2015-11-11 01:00:00,0.99,0.0,0.0
2015-11-11 02:00:00,1.0,0.0,0.0
2015-11-11 03:00:00,1.0,0.0,0.0
2015-11-11 04:00:00,1.0,0.0,0.0
2015-11-11 05:00:00,1.0,0.0,0.0
2015-11-11 06:00:00,1.0,0.99392307,0.3211111111111111
2015-11-11 07:00:00,1.0,43.6544,1.0
2015-11-11 08:00:00,0.84,158.74161,1.0
2015-11-11 09:00:00,0.37,502.9251,1.0
2015-11-11 10:00:00,0.43,660.5572,1.0
2015-11-11 11:00:00,0.12,705.0398,1.0
2015-11-11 12:00:00,0.09,699.8374,1.0
2015-11-11 13:00:00,0.04,617.09705,1.0
2015-11-11 14:00:00,0.07,458.39993,1.0
2015-11-11 15:00:00,0.01,250.77435,1.0
2015-11-11 16:00:00,0.0,46.09453,0.8086111111111111
2015-11-11 17:00:00,0.03,0.0,0.0
2015-11-11 18:00:00,0.05,0.0,0.0
2015-11-11 19:00:00,0.02,0.0,0.0
2015-11-11 20:00:00,0.03,0.0,0.0
2015-11-11 21:00:00,0.03,0.0,0.0
2015-11-11 22:00:00,0.0,0.0,0.0
2015-11-11 23:00:00,0.01,0.0,0.0
2015-11-12 00:00:00,0.0,0.0,0.0
2015-11-12 01:00:00,0.0,0.0,0.0
2015-11-12 02:00:00,0.0,0.0,0.0
2015-11-12 03:00:00,0.0,0.0,0.0
2015-11-12 04:00:00,0.0,0.0,0.0
2015-11-12 05:00:00,0.0,0.0,0.0
2015-11-12 06:00:00,0.0,5.8439837,0.3022222222222222
2015-11-12 07:00:00,0.0,176.46468,1.0
2015-11-12 08:00:00,0.0,397.3782,1.0
2015-11-12 09:00:00,0.0,575.30133,1.0
2015-11-12 10:00:00,0.0,692.14136,1.0
2015-11-12 11:00:00,0.0,733.4038,1.0
2015-11-12 12:00:00,0.0,703.578,1.0
2015-11-12 13:00:00,0.0,601.3729,1.0
2015-11-12 14:00:00,0.0,435.4047,1.0
2015-11-12 15:00:00,0.0,234.57358,1.0
2015-11-12 16:00:00,0.0,41.59379,0.7936111111111112
2015-11-12 17:00:00,0.0,0.0,0.0
2015-11-12 18:00:00,0.0,0.0,0.0
2015-11-12 19:00:00,0.0,0.0,0.0
2015-11-12 20:00:00,0.0,0.0,0.0
2015-11-12 21:00:00,0.0,0.0,0.0
2015-11-12 22:00:00,0.0,0.0,0.0
2015-11-12 23:00:00,0.0,0.0,0.0
2015-11-13 00:00:00,0.0,0.0,0.0
2015-11-13 01:00:00,0.0,0.0,0.0
2015-11-13 02:00:00,0.0,0.0,0.0
2015-11-13 03:00:00,0.0,0.0,0.0
2015-11-13 04:00:00,0.0,0.0,0.0
2015-11-13 05:00:00,0.11,0.0,0.0
2015-11-13 06:00:00,0.17,5.0058484,0.2833333333333333
2015-11-13 07:00:00,0.28,174.71764,1.0
2015-11-13 08:00:00,0.04,396.69653,1.0
2015-11-13 09:00:00,0.0,574.94214,1.0
2015-11-13 10:00:00,0.0,689.3926,1.0
2015-11-13 11:00:00,0.0,730.3339,1.0
2015-11-13 12:00:00,0.0,700.4694,1.0
2015-11-13 13:00:00,0.0,600.4226,1.0
2015-11-13 14:00:00,0.0,439.53424,1.0
2015-11-13 15:00:00,0.0,235.87656,1.0
2015-11-13 16:00:00,0.0,41.47745,0.7791666666666667
2015-11-13 17:00:00,0.0,0.0,0.0
2015-11-13 18:00:00,0.0,0.0,0.0
2015-11-13 19:00:00,0.0,0.0,0.0
2015-11-13 20:00:00,0.0,0.0,0.0
2015-11-13 21:00:00,0.0,0.0,0.0
2015-11-13 22:00:00,0.0,0.0,0.0
2015-11-13 23:00:00,0.0,0.0,0.0
2015-11-14 00:00:00,0.0,0.0,0.0
2015-11-14 01:00:00,0.0,0.0,0.0
2015-11-14 02:00:00,0.0,0.0,0.0
2015-11-14 03:00:00,0.0,0.0,0.0
2015-11-14 04:00:00,0.0,0.0,0.0
2015-11-14 05:00:00,0.0,0.0,0.0
2015-11-14 06:00:00,0.0,0.0,0.26472222222222225
2015-11-14 07:00:00,0.0,168.51096,1.0
2015-11-14 08:00:00,0.0,389.07535,1.0
2015-11-14 09:00:00,0.0,567.8084,1.0
2015-11-14 10:00:00,0.0,684.0374,1.0
2015-11-14 11:00:00,0.0,723.7207,1.0
2015-11-14 12:00:00,0.0,693.8534,1.0
2015-11-14 13:00:00,0.0,593.9975,1.0
2015-11-14 14:00:00,0.0,433.9847,1.0
2015-11-14 15:00:00,0.0,232.32776,1.0
2015-11-14 16:00:00,0.0,39.837765,0.7652777777777777
2015-11-14 17:00:00,0.0,0.0,0.0
2015-11-14 18:00:00,0.0,0.0,0.0
2015-11-14 19:00:00,0.0,0.0,0.0
2015-11-14 20:00:00,0.0,0.0,0.0
2015-11-14 21:00:00,0.0,0.0,0.0
2015-11-14 22:00:00,0.0,0.0,0.0
2015-11-14 23:00:00,0.0,0.0,0.0
2015-11-15 00:00:00,0.0,0.0,0.0
2015-11-15 01:00:00,0.0,0.0,0.0
2015-11-15 02:00:00,0.0,0.0,0.0
2015-11-15 03:00:00,0.0,0.0,0.0
2015-11-15 04:00:00,0.0,0.0,0.0
2015-11-15 05:00:00,0.0,0.0,0.0
2015-11-15 06:00:00,0.0,0.0,0.2461111111111111
2015-11-15 07:00:00,0.0,164.87717,1.0
2015-11-15 08:00:00,0.0,386.36856,1.0
2015-11-15 09:00:00,0.0,565.0659,1.0
2015-11-15 10:00:00,0.0,679.9488,1.0
2015-11-15 11:00:00,0.0,724.6607,1.0
2015-11-15 12:00:00,0.0,694.67975,1.0
2015-11-15 13:00:00,0.0,594.9761,1.0
2015-11-15 14:00:00,0.06,436.3914,1.0
2015-11-15 15:00:00,0.83,187.58989,1.0
2015-11-15 16:00:00,0.82,29.01468,0.7519444444444444
2015-11-15 17:00:00,0.7,0.0,0.0
2015-11-15 18:00:00,0.43,0.0,0.0
2015-11-15 19:00:00,0.04,0.0,0.0
2015-11-15 20:00:00,0.0,0.0,0.0
2015-11-15 21:00:00,0.0,0.0,0.0
2015-11-15 22:00:00,0.0,0.0,0.0
2015-11-15 23:00:00,0.15,0.0,0.0
2015-11-16 00:00:00,0.21,0.0,0.0
2015-11-16 01:00:00,0.61,0.0,0.0
2015-11-16 02:00:00,0.86,0.0,0.0
2015-11-16 03:00:00,0.44,0.0,0.0
2015-11-16 04:00:00,0.67,0.0,0.0
2015-11-16 05:00:00,0.87,0.0,0.0
2015-11-16 06:00:00,0.86,0.0,0.22777777777777777
2015-11-16 07:00:00,0.76,99.746765,1.0
2015-11-16 08:00:00,0.62,265.0234,1.0
2015-11-16 09:00:00,0.27,447.2315,1.0
2015-11-16 10:00:00,0.35,587.80676,1.0
2015-11-16 11:00:00,0.47,637.0619,1.0
2015-11-16 12:00:00,0.79,423.8322,1.0
2015-11-16 13:00:00,0.93,291.23718,1.0
2015-11-16 14:00:00,0.87,182.3628,1.0
2015-11-16 15:00:00,1.0,70.81733,1.0
2015-11-16 16:00:00,1.0,9.939231,0.7391666666666666
2015-11-16 17:00:00,1.0,0.0,0.0
2015-11-16 18:00:00,1.0,0.0,0.0
2015-11-16 19:00:00,1.0,0.0,0.0
2015-11-16 20:00:00,1.0,0.0,0.0
2015-11-16 21:00:00,1.0,0.0,0.0
2015-11-16 22:00:00,1.0,0.0,0.0
2015-11-16 23:00:00,1.0,0.0,0.0
2015-11-17 00:00:00,1.0,0.0,0.0
2015-11-17 01:00:00,1.0,0.0,0.0
2015-11-17 02:00:00,1.0,0.0,0.0
2015-11-17 03:00:00,1.0,0.0,0.0
2015-11-17 04:00:00,1.0,0.0,0.0
2015-11-17 05:00:00,1.0,0.0,0.0
2015-11-17 06:00:00,1.0,0.0,0.20916666666666667
2015-11-17 07:00:00,1.0,28.82377,1.0
2015-11-17 08:00:00,1.0,89.49266,1.0
2015-11-17 09:00:00,1.0,273.63135,1.0
2015-11-17 10:00:00,0.97,327.87268,1.0
2015-11-17 11:00:00,0.87,499.06403,1.0
2015-11-17 12:00:00,0.67,601.4161,1.0
2015-11-17 13:00:00,0.35,546.7203,1.0
2015-11-17 14:00:00,0.24,423.36575,1.0
2015-11-17 15:00:00,0.03,229.1326,1.0
2015-11-17 16:00:00,0.01,36.22952,0.7272222222222222
2015-11-17 17:00:00,0.04,0.0,0.0
2015-11-17 18:00:00,0.01,0.0,0.0
2015-11-17 19:00:00,0.15,0.0,0.0
2015-11-17 20:00:00,0.36,0.0,0.0
2015-11-17 21:00:00,0.34,0.0,0.0
2015-11-17 22:00:00,0.56,0.0,0.0
2015-11-17 23:00:00,0.63,0.0,0.0
2015-11-18 00:00:00,0.7,0.0,0.0
2015-11-18 01:00:00,0.86,0.0,0.0
2015-11-18 02:00:00,0.73,0.0,0.0
2015-11-18 03:00:00,0.6,0.0,0.0
2015-11-18 04:00:00,0.93,0.0,0.0
2015-11-18 05:00:00,0.94,0.0,0.0
2015-11-18 06:00:00,0.34,0.0,0.19055555555555556
2015-11-18 07:00:00,0.32,116.15972,1.0
2015-11-18 08:00:00,0.36,294.82114,1.0
2015-11-18 09:00:00,0.2,525.2713,1.0
2015-11-18 10:00:00,0.12,660.27075,1.0
2015-11-18 11:00:00,0.21,668.1327,1.0
2015-11-18 12:00:00,0.3,640.69055,1.0
2015-11-18 13:00:00,0.23,555.0993,1.0
2015-11-18 14:00:00,0.24,386.34766,1.0
2015-11-18 15:00:00,0.26,176.73724,1.0
2015-11-18 16:00:00,0.59,29.81809,0.7155555555555555
2015-11-18 17:00:00,0.51,0.0,0.0
2015-11-18 18:00:00,0.83,0.0,0.0
2015-11-18 19:00:00,0.78,0.0,0.0
2015-11-18 20:00:00,0.76,0.0,0.0
2015-11-18 21:00:00,0.62,0.0,0.0
2015-11-18 22:00:00,0.78,0.0,0.0
2015-11-18 23:00:00,0.61,0.0,0.0
2015-11-19 00:00:00,0.3,0.0,0.0
2015-11-19 01:00:00,0.3,0.0,0.0
2015-11-19 02:00:00,0.41,0.0,0.0
2015-11-19 03:00:00,0.19,0.0,0.0
2015-11-19 04:00:00,0.19,0.0,0.0
2015-11-19 05:00:00,0.27,0.0,0.0
2015-11-19 06:00:00,0.03,0.0,0.17194444444444446
2015-11-19 07:00:00,0.0,124.40077,1.0
2015-11-19 08:00:00,0.0,334.3403,1.0
2015-11-19 09:00:00,0.0,507.2621,1.0
2015-11-19 10:00:00,0.0,638.44415,1.0
2015-11-19 11:00:00,0.05,680.1624,1.0
2015-11-19 12:00:00,0.12,643.27216,1.0
2015-11-19 13:00:00,0.23,536.32477,1.0
2015-11-19 14:00:00,0.15,383.2706,1.0
2015-11-19 15:00:00,0.06,196.56812,1.0
2015-11-19 16:00:00,0.0,30.05769,0.7041666666666667
2015-11-19 17:00:00,0.0,0.0,0.0
2015-11-19 18:00:00,0.0,0.0,0.0
2015-11-19 19:00:00,0.0,0.0,0.0
2015-11-19 20:00:00,0.0,0.0,0.0
2015-11-19 21:00:00,0.0,0.0,0.0
2015-11-19 22:00:00,0.0,0.0,0.0
2015-11-19 23:00:00,0.0,0.0,0.0
2015-11-20 00:00:00,0.23,0.0,0.0
2015-11-20 01:00:00,0.26,0.0,0.0
2015-11-20 02:00:00,0.22,0.0,0.0
2015-11-20 03:00:00,0.13,0.0,0.0
2015-11-20 04:00:00,0.24,0.0,0.0
2015-11-20 05:00:00,0.14,0.0,0.0
2015-11-20 06:00:00,0.1,0.0,0.15333333333333332
2015-11-20 07:00:00,0.13,120.317665,1.0
2015-11-20 08:00:00,0.21,282.70425,1.0
2015-11-20 09:00:00,0.41,411.1531,1.0
2015-11-20 10:00:00,0.98,475.7876,1.0
2015-11-20 11:00:00,0.58,487.38608,1.0
2015-11-20 12:00:00,0.7,443.8223,1.0
2015-11-20 13:00:00,0.76,314.77576,1.0
2015-11-20 14:00:00,0.83,155.48114,1.0
2015-11-20 15:00:00,0.88,67.34513,1.0
2015-11-20 16:00:00,0.97,14.406307,0.6936111111111111
2015-11-20 17:00:00,0.99,0.0,0.0
2015-11-20 18:00:00,1.0,0.0,0.0
2015-11-20 19:00:00,0.88,0.0,0.0
2015-11-20 20:00:00,0.56,0.0,0.0
2015-11-20 21:00:00,0.45,0.0,0.0
2015-11-20 22:00:00,0.57,0.0,0.0
2015-11-20 23:00:00,0.62,0.0,0.0
2015-11-21 00:00:00,0.62,0.0,0.0
2015-11-21 01:00:00,0.62,0.0,0.0
2015-11-21 02:00:00,0.62,0.0,0.0
2015-11-21 03:00:00,0.62,0.0,0.0
2015-11-21 04:00:00,0.62,0.0,0.0
2015-11-21 05:00:00,0.62,0.0,0.0
2015-11-21 06:00:00,0.58,0.0,0.13472222222222222
2015-11-21 07:00:00,0.0,138.22934,1.0
2015-11-21 08:00:00,0.0,370.4987,1.0
2015-11-21 09:00:00,0.0,557.02246,1.0
2015-11-21 10:00:00,0.0,678.6938,1.0
2015-11-21 11:00:00,0.0,728.50446,1.0
2015-11-21 12:00:00,0.0,700.5024,1.0
2015-11-21 13:00:00,0.0,594.84094,1.0
2015-11-21 14:00:00,0.08,433.00098,1.0
2015-11-21 15:00:00,0.24,210.42387,1.0
2015-11-21 16:00:00,0.02,32.171703,0.6833333333333333
2015-11-21 17:00:00,0.22,0.0,0.0
2015-11-21 18:00:00,0.3,0.0,0.0
2015-11-21 19:00:00,0.34,0.0,0.0
2015-11-21 20:00:00,0.36,0.0,0.0
2015-11-21 21:00:00,0.0,0.0,0.0
2015-11-21 22:00:00,0.0,0.0,0.0
2015-11-21 23:00:00,0.0,0.0,0.0
2015-11-22 00:00:00,0.0,0.0,0.0
2015-11-22 01:00:00,0.0,0.0,0.0
2015-11-22 02:00:00,0.0,0.0,0.0
2015-11-22 03:00:00,0.0,0.0,0.0
2015-11-22 04:00:00,0.0,0.0,0.0
2015-11-22 05:00:00,0.0,0.0,0.0
2015-11-22 06:00:00,0.0,0.0,0.11611111111111111
2015-11-22 07:00:00,0.0,131.09645,1.0
2015-11-22 08:00:00,0.0,354.73825,1.0
2015-11-22 09:00:00,0.0,534.34796,1.0
2015-11-22 10:00:00,0.0,651.3927,1.0
2015-11-22 11:00:00,0.0,695.4491,1.0
2015-11-22 12:00:00,0.0,669.1176,1.0
2015-11-22 13:00:00,0.0,571.3132,1.0
2015-11-22 14:00:00,0.0,413.49927,1.0
2015-11-22 15:00:00,0.0,213.04912,1.0
2015-11-22 16:00:00,0.0,29.123648,0.6738888888888889
2015-11-22 17:00:00,0.0,0.0,0.0
2015-11-22 18:00:00,0.0,0.0,0.0
2015-11-22 19:00:00,0.0,0.0,0.0
2015-11-22 20:00:00,0.0,0.0,0.0
2015-11-22 21:00:00,0.0,0.0,0.0
2015-11-22 22:00:00,0.0,0.0,0.0
2015-11-22 23:00:00,0.0,0.0,0.0
2015-11-23 00:00:00,0.0,0.0,0.0
2015-11-23 01:00:00,0.0,0.0,0.0
2015-11-23 02:00:00,0.0,0.0,0.0
2015-11-23 03:00:00,0.0,0.0,0.0
2015-11-23 04:00:00,0.0,0.0,0.0
2015-11-23 05:00:00,0.0,0.0,0.0
2015-11-23 06:00:00,0.0,0.0,0.0975
2015-11-23 07:00:00,0.0,129.0712,1.0
2015-11-23 08:00:00,0.0,353.46057,1.0
2015-11-23 09:00:00,0.0,534.24744,1.0
2015-11-23 10:00:00,0.06,647.45355,1.0
2015-11-23 11:00:00,0.2,696.99023,1.0
2015-11-23 12:00:00,0.1,669.834,1.0
2015-11-23 13:00:00,0.13,570.6694,1.0
2015-11-23 14:00:00,0.34,409.36523,1.0
2015-11-23 15:00:00,0.74,200.16302,1.0
2015-11-23 16:00:00,0.84,25.31493,0.6647222222222222
2015-11-23 17:00:00,0.83,0.0,0.0
2015-11-23 18:00:00,0.86,0.0,0.0
2015-11-23 19:00:00,0.84,0.0,0.0
2015-11-23 20:00:00,0.87,0.0,0.0
2015-11-23 21:00:00,0.69,0.0,0.0
2015-11-23 22:00:00,0.63,0.0,0.0
2015-11-23 23:00:00,0.58,0.0,0.0
2015-11-24 00:00:00,0.14,0.0,0.0
2015-11-24 01:00:00,0.01,0.0,0.0
2015-11-24 02:00:00,0.4,0.0,0.0
2015-11-24 03:00:00,0.51,0.0,0.0
2015-11-24 04:00:00,0.55,0.0,0.0
2015-11-24 05:00:00,0.78,0.0,0.0
2015-11-24 06:00:00,0.91,0.0,0.07916666666666666
2015-11-24 07:00:00,0.65,111.195404,1.0
2015-11-24 08:00:00,0.05,340.6128,1.0
2015-11-24 09:00:00,0.0,520.15985,1.0
2015-11-24 10:00:00,0.0,636.5134,1.0
2015-11-24 11:00:00,0.0,683.828,1.0
2015-11-24 12:00:00,0.45,643.80945,1.0
2015-11-24 13:00:00,0.2,554.46356,1.0
2015-11-24 14:00:00,0.31,397.20972,1.0
2015-11-24 15:00:00,0.44,205.29086,1.0
2015-11-24 16:00:00,0.25,26.870281,0.6561111111111111
2015-11-24 17:00:00,0.23,0.0,0.0
2015-11-24 18:00:00,0.08,0.0,0.0
2015-11-24 19:00:00,0.29,0.0,0.0
2015-11-24 20:00:00,0.48,0.0,0.0
2015-11-24 21:00:00,0.19,0.0,0.0
2015-11-24 22:00:00,0.11,0.0,0.0
2015-11-24 23:00:00,0.11,0.0,0.0
2015-11-25 00:00:00,0.0,0.0,0.0
2015-11-25 01:00:00,0.0,0.0,0.0
2015-11-25 02:00:00,0.0,0.0,0.0
2015-11-25 03:00:00,0.0,0.0,0.0
2015-11-25 04:00:00,0.58,0.0,0.0
2015-11-25 05:00:00,0.09,0.0,0.0
2015-11-25 06:00:00,0.18,0.0,0.060833333333333336
2015-11-25 07:00:00,0.23,92.938354,1.0
2015-11-25 08:00:00,0.01,332.1964,1.0
2015-11-25 09:00:00,0.0,506.4585,1.0
2015-11-25 10:00:00,0.17,613.8614,1.0
2015-11-25 11:00:00,0.27,618.4388,1.0
2015-11-25 12:00:00,0.38,587.94275,1.0
2015-11-25 13:00:00,0.72,496.1229,1.0
2015-11-25 14:00:00,0.74,353.96454,1.0
2015-11-25 15:00:00,0.94,151.66803,1.0
2015-11-25 16:00:00,0.98,20.48911,0.6480555555555556
2015-11-25 17:00:00,0.97,0.0,0.0
2015-11-25 18:00:00,0.95,0.0,0.0
2015-11-25 19:00:00,0.96,0.0,0.0
2015-11-25 20:00:00,0.96,0.0,0.0
2015-11-25 21:00:00,0.98,0.0,0.0
2015-11-25 22:00:00,0.93,0.0,0.0
2015-11-25 23:00:00,0.89,0.0,0.0
2015-11-26 00:00:00,1.0,0.0,0.0
2015-11-26 01:00:00,0.99,0.0,0.0
2015-11-26 02:00:00,0.99,0.0,0.0
2015-11-26 03:00:00,0.99,0.0,0.0
2015-11-26 04:00:00,0.98,0.0,0.0
2015-11-26 05:00:00,0.97,0.0,0.0
2015-11-26 06:00:00,0.97,0.0,0.042777777777777776
2015-11-26 07:00:00,0.96,27.41678,1.0
2015-11-26 08:00:00,0.97,103.778656,1.0
2015-11-26 09:00:00,0.96,179.6618,1.0
2015-11-26 10:00:00,0.98,242.1987,1.0
2015-11-26 11:00:00,1.0,317.81995,1.0
2015-11-26 12:00:00,1.0,269.9169,1.0
2015-11-26 13:00:00,1.0,227.64182,1.0
2015-11-26 14:00:00,1.0,157.70395,1.0
2015-11-26 15:00:00,0.99,33.943146,1.0
2015-11-26 16:00:00,0.97,9.939231,0.6405555555555555
2015-11-26 17:00:00,0.98,0.0,0.0
2015-11-26 18:00:00,0.96,0.0,0.0
2015-11-26 19:00:00,0.99,0.0,0.0
2015-11-26 20:00:00,0.99,0.0,0.0
2015-11-26 21:00:00,1.0,0.0,0.0
2015-11-26 22:00:00,1.0,0.0,0.0
2015-11-26 23:00:00,1.0,0.0,0.0
2015-11-27 00:00:00,0.98,0.0,0.0
2015-11-27 01:00:00,0.98,0.0,0.0
2015-11-27 02:00:00,0.97,0.0,0.0
2015-11-27 03:00:00,0.96,0.0,0.0
2015-11-27 04:00:00,0.79,0.0,0.0
2015-11-27 05:00:00,0.74,0.0,0.0
2015-11-27 06:00:00,0.73,0.0,0.025
2015-11-27 07:00:00,0.7,70.311134,1.0
2015-11-27 08:00:00,0.85,247.69817,1.0
2015-11-27 09:00:00,0.95,410.50143,1.0
2015-11-27 10:00:00,0.93,516.1372,1.0
2015-11-27 11:00:00,0.88,622.695,1.0
2015-11-27 12:00:00,0.82,579.66095,1.0
2015-11-27 13:00:00,0.66,472.9374,1.0
2015-11-27 14:00:00,0.18,376.27197,1.0
2015-11-27 15:00:00,0.72,192.49411,1.0
2015-11-27 16:00:00,0.94,25.687988,0.6336111111111111
2015-11-27 17:00:00,0.97,0.0,0.0
2015-11-27 18:00:00,0.91,0.0,0.0
2015-11-27 19:00:00,0.9,0.0,0.0
2015-11-27 20:00:00,0.87,0.0,0.0
2015-11-27 21:00:00,0.93,0.0,0.0
2015-11-27 22:00:00,0.88,0.0,0.0
2015-11-27 23:00:00,0.89,0.0,0.0
2015-11-28 00:00:00,0.7,0.0,0.0
2015-11-28 01:00:00,0.74,0.0,0.0
2015-11-28 02:00:00,0.52,0.0,0.0
2015-11-28 03:00:00,0.5,0.0,0.0
2015-11-28 04:00:00,0.59,0.0,0.0
2015-11-28 05:00:00,0.63,0.0,0.0
2015-11-28 06:00:00,0.73,0.0,0.0075
2015-11-28 07:00:00,0.72,86.46734,1.0
2015-11-28 08:00:00,0.19,271.9461,1.0
2015-11-28 09:00:00,0.17,422.07867,1.0
2015-11-28 10:00:00,0.26,552.8166,1.0
2015-11-28 11:00:00,0.13,634.0288,1.0
2015-11-28 12:00:00,0.25,605.9119,1.0
2015-11-28 13:00:00,0.24,504.3842,1.0
2015-11-28 14:00:00,0.13,384.86273,1.0
2015-11-28 15:00:00,0.65,205.3574,1.0
2015-11-28 16:00:00,0.02,25.84964,0.6272222222222222
2015-11-28 17:00:00,0.01,0.0,0.0
2015-11-28 18:00:00,0.02,0.0,0.0
2015-11-28 19:00:00,0.0,0.0,0.0
2015-11-28 20:00:00,0.0,0.0,0.0
2015-11-28 21:00:00,0.01,0.0,0.0
2015-11-28 22:00:00,0.01,0.0,0.0
2015-11-28 23:00:00,0.08,0.0,0.0
2015-11-29 00:00:00,0.48,0.0,0.0
2015-11-29 01:00:00,0.57,0.0,0.0
2015-11-29 02:00:00,0.63,0.0,0.0
2015-11-29 03:00:00,0.64,0.0,0.0
2015-11-29 04:00:00,0.57,0.0,0.0
2015-11-29 05:00:00,0.57,0.0,0.0
2015-11-29 06:00:00,0.68,0.0,0.0
2015-11-29 07:00:00,0.57,76.744064,0.99
2015-11-29 08:00:00,0.09,270.5976,1.0
2015-11-29 09:00:00,0.01,433.35892,1.0
2015-11-29 10:00:00,0.01,592.68665,1.0
2015-11-29 11:00:00,0.21,627.26996,1.0
2015-11-29 12:00:00,0.25,636.61426,1.0
2015-11-29 13:00:00,0.13,534.65027,1.0
2015-11-29 14:00:00,0.54,344.6551,1.0
2015-11-29 15:00:00,0.98,141.4483,1.0
2015-11-29 16:00:00,1.0,12.7183075,0.6213888888888889
2015-11-29 17:00:00,1.0,0.0,0.0
2015-11-29 18:00:00,0.99,0.0,0.0
2015-11-29 19:00:00,0.98,0.0,0.0
2015-11-29 20:00:00,0.97,0.0,0.0
2015-11-29 21:00:00,0.99,0.0,0.0
2015-11-29 22:00:00,0.99,0.0,0.0
2015-11-29 23:00:00,1.0,0.0,0.0
2015-11-30 00:00:00,0.99,0.0,0.0
2015-11-30 01:00:00,0.99,0.0,0.0
2015-11-30 02:00:00,1.0,0.0,0.0
2015-11-30 03:00:00,1.0,0.0,0.0
2015-11-30 04:00:00,1.0,0.0,0.0
2015-11-30 05:00:00,0.98,0.0,0.0
2015-11-30 06:00:00,1.0,0.0,0.0
2015-11-30 07:00:00,0.99,59.048313,0.9730555555555556
2015-11-30 08:00:00,0.94,236.73376,1.0
2015-11-30 09:00:00,0.7,448.8164,1.0
2015-11-30 10:00:00,0.47,595.331,1.0
2015-11-30 11:00:00,0.29,633.04004,1.0
2015-11-30 12:00:00,0.28,643.77405,1.0
2015-11-30 13:00:00,0.12,540.70044,1.0
2015-11-30 14:00:00,0.43,368.3335,1.0
2015-11-30 15:00:00,0.33,183.78467,1.0
2015-11-30 16:00:00,0.13,20.749985,0.6163888888888889
2015-11-30 17:00:00,0.02,0.0,0.0
2015-11-30 18:00:00,0.05,0.0,0.0
2015-11-30 19:00:00,0.12,0.0,0.0
2015-11-30 20:00:00,0.03,0.0,0.0
2015-11-30 21:00:00,0.06,0.0,0.0
2015-11-30 22:00:00,0.13,0.0,0.0
2015-11-30 23:00:00,0.21,0.0,0.0
2015-12-01 00:00:00,0.28,0.0,0.0
2015-12-01 01:00:00,0.28,0.0,0.0
2015-12-01 02:00:00,0.38,0.0,0.0
2015-12-01 03:00:00,0.7,0.0,0.0
2015-12-01 04:00:00,0.61,0.0,0.0
2015-12-01 05:00:00,0.74,0.0,0.0
2015-12-01 06:00:00,0.61,0.0,0.0
2015-12-01 07:00:00,0.65,77.524506,0.9563888888888888
2015-12-01 08:00:00,0.95,233.01317,1.0
2015-12-01 09:00:00,0.99,426.48367,1.0
2015-12-01 10:00:00,0.98,579.9305,1.0
2015-12-01 11:00:00,0.84,529.2048,1.0
2015-12-01 12:00:00,0.75,437.07355,1.0
2015-12-01 13:00:00,0.66,401.48682,1.0
2015-12-01 14:00:00,0.78,287.05078,1.0
2015-12-01 15:00:00,1.0,99.462715,1.0
2015-12-01 16:00:00,1.0,12.750756,0.6116666666666667
2015-12-01 17:00:00,0.92,0.0,0.0
2015-12-01 18:00:00,0.67,0.0,0.0
2015-12-01 19:00:00,0.25,0.0,0.0
2015-12-01 20:00:00,0.18,0.0,0.0
2015-12-01 21:00:00,0.31,0.0,0.0
2015-12-01 22:00:00,0.5,0.0,0.0
2015-12-01 23:00:00,0.19,0.0,0.0
2015-12-02 00:00:00,0.04,0.0,0.0
2015-12-02 01:00:00,0.0,0.0,0.0
2015-12-02 02:00:00,0.0,0.0,0.0
2015-12-02 03:00:00,0.0,0.0,0.0
2015-12-02 04:00:00,0.0,0.0,0.0
2015-12-02 05:00:00,0.0,0.0,0.0
2015-12-02 06:00:00,0.0,0.0,0.0
2015-12-02 07:00:00,0.0,91.669174,0.94
2015-12-02 08:00:00,0.0,307.95862,1.0
2015-12-02 09:00:00,0.05,479.9061,1.0
2015-12-02 10:00:00,0.04,602.0527,1.0
2015-12-02 11:00:00,0.0,672.91815,1.0
2015-12-02 12:00:00,0.0,652.2728,1.0
2015-12-02 13:00:00,0.0,558.77527,1.0
2015-12-02 14:00:00,0.0,404.60263,1.0
2015-12-02 15:00:00,0.0,204.8927,1.0
2015-12-02 16:00:00,0.0,24.443972,0.6077777777777778
2015-12-02 17:00:00,0.0,0.0,0.0
2015-12-02 18:00:00,0.0,0.0,0.0
2015-12-02 19:00:00,0.03,0.0,0.0
2015-12-02 20:00:00,0.12,0.0,0.0
2015-12-02 21:00:00,0.34,0.0,0.0
2015-12-02 22:00:00,0.41,0.0,0.0
2015-12-02 23:00:00,0.85,0.0,0.0
2015-12-03 00:00:00,0.9,0.0,0.0
2015-12-03 01:00:00,0.98,0.0,0.0
2015-12-03 02:00:00,0.96,0.0,0.0
2015-12-03 03:00:00,0.86,0.0,0.0
2015-12-03 04:00:00,0.47,0.0,0.0
2015-12-03 05:00:00,0.41,0.0,0.0
2015-12-03 06:00:00,0.28,0.0,0.0
2015-12-03 07:00:00,0.29,82.59111,0.9241666666666667
2015-12-03 08:00:00,0.35,297.72723,1.0
2015-12-03 09:00:00,0.22,463.18106,1.0
2015-12-03 10:00:00,0.11,609.13336,1.0
2015-12-03 11:00:00,0.06,664.3645,1.0
2015-12-03 12:00:00,0.01,640.0281,1.0
2015-12-03 13:00:00,0.0,553.4001,1.0
2015-12-03 14:00:00,0.0,400.03918,1.0
2015-12-03 15:00:00,0.0,202.60919,1.0
2015-12-03 16:00:00,0.0,23.716934,0.6044444444444445
2015-12-03 17:00:00,0.0,0.0,0.0
2015-12-03 18:00:00,0.0,0.0,0.0
2015-12-03 19:00:00,0.0,0.0,0.0
2015-12-03 20:00:00,0.0,0.0,0.0
2015-12-03 21:00:00,0.0,0.0,0.0
2015-12-03 22:00:00,0.0,0.0,0.0
2015-12-03 23:00:00,0.0,0.0,0.0
2015-12-04 00:00:00,0.22,0.0,0.0
2015-12-04 01:00:00,0.88,0.0,0.0
2015-12-04 02:00:00,0.95,0.0,0.0
2015-12-04 03:00:00,0.95,0.0,0.0
2015-12-04 04:00:00,0.97,0.0,0.0
2015-12-04 05:00:00,0.96,0.0,0.0
2015-12-04 06:00:00,0.97,0.0,0.0
2015-12-04 07:00:00,0.98,43.800327,0.9086111111111111
2015-12-04 08:00:00,0.67,222.0929,1.0
2015-12-04 09:00:00,0.1,457.71954,1.0
2015-12-04 10:00:00,0.2,603.6942,1.0
2015-12-04 11:00:00,0.29,656.05774,1.0
2015-12-04 12:00:00,0.02,635.1498,1.0
2015-12-04 13:00:00,0.13,542.5161,1.0
2015-12-04 14:00:00,0.28,390.20456,1.0
2015-12-04 15:00:00,0.34,181.79832,1.0
2015-12-04 16:00:00,0.21,21.960503,0.6016666666666667
2015-12-04 17:00:00,0.38,0.0,0.0
2015-12-04 18:00:00,0.62,0.0,0.0
2015-12-04 19:00:00,0.81,0.0,0.0
2015-12-04 20:00:00,0.49,0.0,0.0
2015-12-04 21:00:00,0.18,0.0,0.0
2015-12-04 22:00:00,0.21,0.0,0.0
2015-12-04 23:00:00,0.27,0.0,0.0
2015-12-05 00:00:00,0.29,0.0,0.0
2015-12-05 01:00:00,0.32,0.0,0.0
2015-12-05 02:00:00,0.23,0.0,0.0
2015-12-05 03:00:00,0.1,0.0,0.0
2015-12-05 04:00:00,0.0,0.0,0.0
2015-12-05 05:00:00,0.0,0.0,0.0
2015-12-05 06:00:00,0.24,0.0,0.0
2015-12-05 07:00:00,0.77,39.07001,0.8938888888888888
2015-12-05 08:00:00,0.73,141.04567,1.0
2015-12-05 09:00:00,0.56,229.81657,1.0
2015-12-05 10:00:00,0.67,279.15805,1.0
2015-12-05 11:00:00,0.85,302.5628,1.0
2015-12-05 12:00:00,0.83,387.76538,1.0
2015-12-05 13:00:00,0.62,409.06424,1.0
2015-12-05 14:00:00,0.46,337.17172,1.0
2015-12-05 15:00:00,0.37,184.02127,1.0
2015-12-05 16:00:00,0.21,22.042154,0.5994444444444444
2015-12-05 17:00:00,0.06,0.0,0.0
2015-12-05 18:00:00,0.0,0.0,0.0
2015-12-05 19:00:00,0.0,0.0,0.0
2015-12-05 20:00:00,0.0,0.0,0.0
2015-12-05 21:00:00,0.0,0.0,0.0
2015-12-05 22:00:00,0.0,0.0,0.0
2015-12-05 23:00:00,0.0,0.0,0.0
2015-12-06 00:00:00,0.0,0.0,0.0
2015-12-06 01:00:00,0.0,0.0,0.0
2015-12-06 02:00:00,0.0,0.0,0.0
2015-12-06 03:00:00,0.0,0.0,0.0
2015-12-06 04:00:00,0.0,0.0,0.0
2015-12-06 05:00:00,0.0,0.0,0.0
2015-12-06 06:00:00,0.0,0.0,0.0
2015-12-06 07:00:00,0.02,80.64755,0.8791666666666667
2015-12-06 08:00:00,0.3,297.9252,1.0
2015-12-06 09:00:00,0.77,464.13504,1.0
2015-12-06 10:00:00,0.76,550.80316,1.0
2015-12-06 11:00:00,0.71,614.12476,1.0
2015-12-06 12:00:00,0.88,563.7093,1.0
2015-12-06 13:00:00,0.86,471.74167,1.0
2015-12-06 14:00:00,0.9,292.8609,1.0
2015-12-06 15:00:00,0.64,177.90456,1.0
2015-12-06 16:00:00,0.49,20.234467,0.5980555555555556
2015-12-06 17:00:00,0.27,0.0,0.0
2015-12-06 18:00:00,0.28,0.0,0.0
2015-12-06 19:00:00,0.01,0.0,0.0
2015-12-06 20:00:00,0.0,0.0,0.0
2015-12-06 21:00:00,0.0,0.0,0.0
2015-12-06 22:00:00,0.0,0.0,0.0
2015-12-06 23:00:00,0.0,0.0,0.0
2015-12-07 00:00:00,0.0,0.0,0.0
2015-12-07 01:00:00,0.0,0.0,0.0
2015-12-07 02:00:00,0.0,0.0,0.0
2015-12-07 03:00:00,0.02,0.0,0.0
2015-12-07 04:00:00,0.64,0.0,0.0
2015-12-07 05:00:00,0.84,0.0,0.0
2015-12-07 06:00:00,1.0,0.0,0.0
2015-12-07 07:00:00,0.79,64.27782,0.8647222222222222
2015-12-07 08:00:00,0.25,242.64992,1.0
2015-12-07 09:00:00,0.03,381.2187,1.0
2015-12-07 10:00:00,0.78,574.17523,1.0
2015-12-07 11:00:00,0.94,575.7425,1.0
2015-12-07 12:00:00,0.87,608.5438,1.0
2015-12-07 13:00:00,0.94,498.0959,1.0
2015-12-07 14:00:00,1.0,310.25653,1.0
2015-12-07 15:00:00,0.99,115.11554,1.0
2015-12-07 16:00:00,0.99,12.72696,0.5972222222222222
2015-12-07 17:00:00,0.97,0.0,0.0
2015-12-07 18:00:00,0.93,0.0,0.0
2015-12-07 19:00:00,1.0,0.0,0.0
2015-12-07 20:00:00,1.0,0.0,0.0
2015-12-07 21:00:00,1.0,0.0,0.0
2015-12-07 22:00:00,0.92,0.0,0.0
2015-12-07 23:00:00,0.99,0.0,0.0
2015-12-08 00:00:00,0.89,0.0,0.0
2015-12-08 01:00:00,0.45,0.0,0.0
2015-12-08 02:00:00,0.03,0.0,0.0
2015-12-08 03:00:00,0.52,0.0,0.0
2015-12-08 04:00:00,0.31,0.0,0.0
2015-12-08 05:00:00,0.34,0.0,0.0
2015-12-08 06:00:00,0.26,0.0,0.0
2015-12-08 07:00:00,0.25,60.17527,0.8505555555555555
2015-12-08 08:00:00,0.27,247.64505,1.0
2015-12-08 09:00:00,0.8,429.2706,1.0
2015-12-08 10:00:00,0.72,503.3872,1.0
2015-12-08 11:00:00,0.37,598.8306,1.0
2015-12-08 12:00:00,0.39,594.21716,1.0
2015-12-08 13:00:00,0.4,503.16068,1.0
2015-12-08 14:00:00,0.23,357.55444,1.0
2015-12-08 15:00:00,0.77,176.56287,1.0
2015-12-08 16:00:00,0.85,17.534992,0.5972222222222222
2015-12-08 17:00:00,0.99,0.0,0.0
2015-12-08 18:00:00,0.95,0.0,0.0
2015-12-08 19:00:00,0.84,0.0,0.0
2015-12-08 20:00:00,0.37,0.0,0.0
2015-12-08 21:00:00,0.03,0.0,0.0
2015-12-08 22:00:00,0.19,0.0,0.0
2015-12-08 23:00:00,0.21,0.0,0.0
2015-12-09 00:00:00,0.38,0.0,0.0
2015-12-09 01:00:00,0.55,0.0,0.0
2015-12-09 02:00:00,0.27,0.0,0.0
2015-12-09 03:00:00,0.27,0.0,0.0
2015-12-09 04:00:00,0.4,0.0,0.0
2015-12-09 05:00:00,0.51,0.0,0.0
2015-12-09 06:00:00,0.21,0.0,0.0
2015-12-09 07:00:00,0.25,66.54599,0.8366666666666667
2015-12-09 08:00:00,0.42,285.60333,1.0
2015-12-09 09:00:00,0.32,467.2493,1.0
2015-12-09 10:00:00,0.36,567.2422,1.0
2015-12-09 11:00:00,0.92,548.32245,1.0
2015-12-09 12:00:00,1.0,406.52426,1.0
2015-12-09 13:00:00,1.0,320.51755,1.0
2015-12-09 14:00:00,0.99,203.62929,1.0
2015-12-09 15:00:00,0.99,103.225494,1.0
2015-12-09 16:00:00,0.97,17.56246,0.5980555555555556
2015-12-09 17:00:00,0.71,0.0,0.0
2015-12-09 18:00:00,0.59,0.0,0.0
2015-12-09 19:00:00,0.62,0.0,0.0
2015-12-09 20:00:00,0.3,0.0,0.0
2015-12-09 21:00:00,0.64,0.0,0.0
2015-12-09 22:00:00,0.0,0.0,0.0
2015-12-09 23:00:00,0.0,0.0,0.0
2015-12-10 00:00:00,0.28,0.0,0.0
2015-12-10 01:00:00,0.24,0.0,0.0
2015-12-10 02:00:00,0.17,0.0,0.0
2015-12-10 03:00:00,0.11,0.0,0.0
2015-12-10 04:00:00,0.14,0.0,0.0
2015-12-10 05:00:00,0.14,0.0,0.0
2015-12-10 06:00:00,0.12,0.0,0.0
2015-12-10 07:00:00,0.02,66.098564,0.8227777777777778
2015-12-10 08:00:00,0.0,282.37204,1.0
2015-12-10 09:00:00,0.86,465.19467,1.0
2015-12-10 10:00:00,0.95,581.06537,1.0
2015-12-10 11:00:00,0.94,476.0526,1.0
2015-12-10 12:00:00,1.0,479.5122,1.0
2015-12-10 13:00:00,0.99,375.52078,1.0
2015-12-10 14:00:00,0.99,255.35272,1.0
2015-12-10 15:00:00,0.98,139.07072,1.0
2015-12-10 16:00:00,0.98,14.679642,0.5994444444444444
2015-12-10 17:00:00,0.94,0.0,0.0
2015-12-10 18:00:00,0.77,0.0,0.0
2015-12-10 19:00:00,0.36,0.0,0.0
2015-12-10 20:00:00,0.89,0.0,0.0
2015-12-10 21:00:00,0.69,0.0,0.0
2015-12-10 22:00:00,0.87,0.0,0.0
2015-12-10 23:00:00,0.79,0.0,0.0
2015-12-11 00:00:00,0.22,0.0,0.0
2015-12-11 01:00:00,0.17,0.0,0.0
2015-12-11 02:00:00,0.34,0.0,0.0
2015-12-11 03:00:00,0.56,0.0,0.0
2015-12-11 04:00:00,0.42,0.0,0.0
2015-12-11 05:00:00,0.88,0.0,0.0
2015-12-11 06:00:00,0.52,0.0,0.0
2015-12-11 07:00:00,0.38,46.14849,0.8091666666666667
2015-12-11 08:00:00,0.33,215.73413,1.0
2015-12-11 09:00:00,0.32,381.97665,1.0
2015-12-11 10:00:00,0.45,542.47003,1.0
2015-12-11 11:00:00,0.31,576.3531,1.0
2015-12-11 12:00:00,0.22,570.7036,1.0
2015-12-11 13:00:00,0.44,480.52734,1.0
2015-12-11 14:00:00,0.61,312.4886,1.0
2015-12-11 15:00:00,0.54,120.2276,1.0
2015-12-11 16:00:00,0.9,13.699048,0.6013888888888889
2015-12-11 17:00:00,1.0,0.0,0.0
2015-12-11 18:00:00,0.99,0.0,0.0
2015-12-11 19:00:00,0.98,0.0,0.0
2015-12-11 20:00:00,0.99,0.0,0.0
2015-12-11 21:00:00,0.98,0.0,0.0
2015-12-11 22:00:00,1.0,0.0,0.0
2015-12-11 23:00:00,1.0,0.0,0.0
2015-12-12 00:00:00,0.97,0.0,0.0
2015-12-12 01:00:00,0.87,0.0,0.0
2015-12-12 02:00:00,0.95,0.0,0.0
2015-12-12 03:00:00,0.96,0.0,0.0
2015-12-12 04:00:00,0.84,0.0,0.0
2015-12-12 05:00:00,0.75,0.0,0.0
2015-12-12 06:00:00,0.78,0.0,0.0
2015-12-12 07:00:00,0.95,8.945308,0.7961111111111111
2015-12-12 08:00:00,0.94,57.64754,1.0
2015-12-12 09:00:00,1.0,53.67185,1.0
2015-12-12 10:00:00,1.0,121.78126,1.0
2015-12-12 11:00:00,1.0,219.02605,1.0
2015-12-12 12:00:00,1.0,181.193,1.0
2015-12-12 13:00:00,1.0,115.83857,1.0
2015-12-12 14:00:00,1.0,78.852905,1.0
2015-12-12 15:00:00,1.0,65.67699,1.0
2015-12-12 16:00:00,1.0,6.9574614,0.6041666666666666
2015-12-12 17:00:00,1.0,0.0,0.0
2015-12-12 18:00:00,1.0,0.0,0.0
2015-12-12 19:00:00,1.0,0.0,0.0
2015-12-12 20:00:00,1.0,0.0,0.0
2015-12-12 21:00:00,1.0,0.0,0.0
2015-12-12 22:00:00,0.99,0.0,0.0
2015-12-12 23:00:00,0.82,0.0,0.0
2015-12-13 00:00:00,0.67,0.0,0.0
2015-12-13 01:00:00,0.73,0.0,0.0
2015-12-13 02:00:00,0.93,0.0,0.0
2015-12-13 03:00:00,0.82,0.0,0.0
2015-12-13 04:00:00,0.7,0.0,0.0
2015-12-13 05:00:00,0.55,0.0,0.0
2015-12-13 06:00:00,0.59,0.0,0.0
2015-12-13 07:00:00,0.94,50.52969,0.7833333333333333
2015-12-13 08:00:00,0.98,244.61304,1.0
2015-12-13 09:00:00,0.99,389.8745,1.0
2015-12-13 10:00:00,1.0,470.1985,1.0
2015-12-13 11:00:00,0.06,645.0326,1.0
2015-12-13 12:00:00,0.01,627.40656,1.0
2015-12-13 13:00:00,0.0,544.6535,1.0
2015-12-13 14:00:00,0.0,394.29477,1.0
2015-12-13 15:00:00,0.0,200.31226,1.0
2015-12-13 16:00:00,0.0,23.319267,0.6075
2015-12-13 17:00:00,0.0,0.0,0.0
2015-12-13 18:00:00,0.0,0.0,0.0
2015-12-13 19:00:00,0.0,0.0,0.0
2015-12-13 20:00:00,0.22,0.0,0.0
2015-12-13 21:00:00,0.51,0.0,0.0
2015-12-13 22:00:00,0.87,0.0,0.0
2015-12-13 23:00:00,0.89,0.0,0.0
2015-12-14 00:00:00,0.75,0.0,0.0
2015-12-14 01:00:00,0.6,0.0,0.0
2015-12-14 02:00:00,0.4,0.0,0.0
2015-12-14 03:00:00,0.05,0.0,0.0
2015-12-14 04:00:00,0.0,0.0,0.0
2015-12-14 05:00:00,0.0,0.0,0.0
2015-12-14 06:00:00,0.0,0.0,0.0
2015-12-14 07:00:00,0.0,57.186066,0.7708333333333334
2015-12-14 08:00:00,0.0,273.88605,1.0
2015-12-14 09:00:00,0.0,457.30716,1.0
2015-12-14 10:00:00,0.0,580.46515,1.0
2015-12-14 11:00:00,0.0,637.5795,1.0
2015-12-14 12:00:00,0.0,623.4716,1.0
2015-12-14 13:00:00,0.0,539.39734,1.0
2015-12-14 14:00:00,0.02,384.2242,1.0
2015-12-14 15:00:00,0.13,200.41112,1.0
2015-12-14 16:00:00,0.08,24.252779,0.6113888888888889
2015-12-14 17:00:00,0.05,0.0,0.0
2015-12-14 18:00:00,0.03,0.0,0.0
2015-12-14 19:00:00,0.28,0.0,0.0
2015-12-14 20:00:00,0.65,0.0,0.0
2015-12-14 21:00:00,0.37,0.0,0.0
2015-12-14 22:00:00,0.76,0.0,0.0
2015-12-14 23:00:00,0.89,0.0,0.0
2015-12-15 00:00:00,1.0,0.0,0.0
2015-12-15 01:00:00,1.0,0.0,0.0
2015-12-15 02:00:00,1.0,0.0,0.0
2015-12-15 03:00:00,1.0,0.0,0.0
2015-12-15 04:00:00,1.0,0.0,0.0
2015-12-15 05:00:00,1.0,0.0,0.0
2015-12-15 06:00:00,1.0,0.0,0.0
2015-12-15 07:00:00,1.0,8.945308,0.7588888888888888
2015-12-15 08:00:00,1.0,72.55638,1.0
2015-12-15 09:00:00,1.0,168.41069,1.0
2015-12-15 10:00:00,1.0,240.01015,1.0
2015-12-15 11:00:00,1.0,231.26187,1.0
2015-12-15 12:00:00,1.0,266.5758,1.0
2015-12-15 13:00:00,1.0,219.28351,1.0
2015-12-15 14:00:00,1.0,142.80261,1.0
2015-12-15 15:00:00,1.0,85.930534,1.0
2015-12-15 16:00:00,1.0,7.9513845,0.6158333333333333
2015-12-15 17:00:00,0.97,0.0,0.0
2015-12-15 18:00:00,0.9,0.0,0.0
2015-12-15 19:00:00,0.88,0.0,0.0
2015-12-15 20:00:00,0.82,0.0,0.0
2015-12-15 21:00:00,0.53,0.0,0.0
2015-12-15 22:00:00,0.25,0.0,0.0
2015-12-15 23:00:00,0.12,0.0,0.0
2015-12-16 00:00:00,0.17,0.0,0.0
2015-12-16 01:00:00,0.26,0.0,0.0
2015-12-16 02:00:00,0.14,0.0,0.0
2015-12-16 03:00:00,0.03,0.0,0.0
2015-12-16 04:00:00,0.02,0.0,0.0
2015-12-16 05:00:00,0.25,0.0,0.0
2015-12-16 06:00:00,0.32,0.0,0.0
2015-12-16 07:00:00,0.23,38.446175,0.7472222222222222
2015-12-16 08:00:00,0.29,194.35591,1.0
2015-12-16 09:00:00,0.19,319.30252,1.0
2015-12-16 10:00:00,0.14,524.18207,1.0
2015-12-16 11:00:00,0.01,647.3449,1.0
2015-12-16 12:00:00,0.01,641.0663,1.0
2015-12-16 13:00:00,0.01,544.897,1.0
2015-12-16 14:00:00,0.0,407.14468,1.0
2015-12-16 15:00:00,0.04,205.99663,1.0
2015-12-16 16:00:00,0.49,24.302393,0.6208333333333333
2015-12-16 17:00:00,0.89,0.0,0.0
2015-12-16 18:00:00,0.89,0.0,0.0
2015-12-16 19:00:00,0.82,0.0,0.0
2015-12-16 20:00:00,0.84,0.0,0.0
2015-12-16 21:00:00,0.75,0.0,0.0
2015-12-16 22:00:00,0.69,0.0,0.0
2015-12-16 23:00:00,0.59,0.0,0.0
2015-12-17 00:00:00,0.54,0.0,0.0
2015-12-17 01:00:00,0.56,0.0,0.0
2015-12-17 02:00:00,0.54,0.0,0.0
2015-12-17 03:00:00,0.55,0.0,0.0
2015-12-17 04:00:00,0.44,0.0,0.0
2015-12-17 05:00:00,0.18,0.0,0.0
2015-12-17 06:00:00,0.27,0.0,0.0
2015-12-17 07:00:00,0.28,41.20736,0.7361111111111112
2015-12-17 08:00:00,0.35,201.69862,1.0
2015-12-17 09:00:00,0.64,368.1408,1.0
2015-12-17 10:00:00,0.67,445.9829,1.0
2015-12-17 11:00:00,0.81,533.36206,1.0
2015-12-17 12:00:00,0.68,481.84787,1.0
2015-12-17 13:00:00,0.59,416.12848,1.0
2015-12-17 14:00:00,0.2,362.58374,1.0
2015-12-17 15:00:00,0.4,194.57376,1.0
2015-12-17 16:00:00,0.24,26.198017,0.6263888888888889
2015-12-17 17:00:00,0.04,0.0,0.0
2015-12-17 18:00:00,0.0,0.0,0.0
2015-12-17 19:00:00,0.25,0.0,0.0
2015-12-17 20:00:00,0.4,0.0,0.0
2015-12-17 21:00:00,0.16,0.0,0.0
2015-12-17 22:00:00,0.01,0.0,0.0
2015-12-17 23:00:00,0.0,0.0,0.0
2015-12-18 00:00:00,0.0,0.0,0.0
2015-12-18 01:00:00,0.01,0.0,0.0
2015-12-18 02:00:00,0.29,0.0,0.0
2015-12-18 03:00:00,0.47,0.0,0.0
2015-12-18 04:00:00,0.61,0.0,0.0
2015-12-18 05:00:00,0.59,0.0,0.0
2015-12-18 06:00:00,0.7,0.0,0.0
2015-12-18 07:00:00,0.29,46.322563,0.7255555555555555
2015-12-18 08:00:00,0.14,259.25766,1.0
2015-12-18 09:00:00,0.0,448.05154,1.0
2015-12-18 10:00:00,0.0,570.67035,1.0
2015-12-18 11:00:00,0.03,628.0797,1.0
2015-12-18 12:00:00,0.57,609.3209,1.0
2015-12-18 13:00:00,0.84,512.83075,1.0
2015-12-18 14:00:00,0.83,368.31827,1.0
2015-12-18 15:00:00,0.84,184.48318,1.0
2015-12-18 16:00:00,0.38,24.250809,0.6325
2015-12-18 17:00:00,0.0,0.0,0.0
2015-12-18 18:00:00,0.0,0.0,0.0
2015-12-18 19:00:00,0.0,0.0,0.0
2015-12-18 20:00:00,0.0,0.0,0.0
2015-12-18 21:00:00,0.0,0.0,0.0
2015-12-18 22:00:00,0.0,0.0,0.0
2015-12-18 23:00:00,0.0,0.0,0.0
2015-12-19 00:00:00,0.09,0.0,0.0
2015-12-19 01:00:00,0.25,0.0,0.0
2015-12-19 02:00:00,0.39,0.0,0.0
2015-12-19 03:00:00,0.55,0.0,0.0
2015-12-19 04:00:00,0.22,0.0,0.0
2015-12-19 05:00:00,0.29,0.0,0.0
2015-12-19 06:00:00,0.08,0.0,0.0
2015-12-19 07:00:00,0.0,48.49003,0.7155555555555555
2015-12-19 08:00:00,0.0,267.9633,1.0
2015-12-19 09:00:00,0.0,457.9844,1.0
2015-12-19 10:00:00,0.0,588.0177,1.0
2015-12-19 11:00:00,0.59,627.54865,1.0
2015-12-19 12:00:00,0.95,603.5485,1.0
2015-12-19 13:00:00,0.86,497.77078,1.0
2015-12-19 14:00:00,0.48,360.22934,1.0
2015-12-19 15:00:00,0.3,176.18391,1.0
2015-12-19 16:00:00,0.07,27.11472,0.6394444444444445
2015-12-19 17:00:00,0.56,0.0,0.0
2015-12-19 18:00:00,1.0,0.0,0.0
2015-12-19 19:00:00,1.0,0.0,0.0
2015-12-19 20:00:00,1.0,0.0,0.0
2015-12-19 21:00:00,0.97,0.0,0.0
2015-12-19 22:00:00,0.5,0.0,0.0
2015-12-19 23:00:00,0.27,0.0,0.0
2015-12-20 00:00:00,0.76,0.0,0.0
2015-12-20 01:00:00,0.76,0.0,0.0
2015-12-20 02:00:00,0.33,0.0,0.0
2015-12-20 03:00:00,0.16,0.0,0.0
2015-12-20 04:00:00,0.24,0.0,0.0
2015-12-20 05:00:00,0.95,0.0,0.0
2015-12-20 06:00:00,0.98,0.0,0.0
2015-12-20 07:00:00,0.94,34.28815,0.7058333333333333
2015-12-20 08:00:00,0.23,239.33702,1.0
2015-12-20 09:00:00,0.0,455.96948,1.0
2015-12-20 10:00:00,0.0,582.5955,1.0
2015-12-20 11:00:00,0.3,606.0555,1.0
2015-12-20 12:00:00,0.43,557.33417,1.0
2015-12-20 13:00:00,0.86,284.52036,1.0
2015-12-20 14:00:00,0.98,190.44075,1.0
2015-12-20 15:00:00,0.97,107.74726,1.0
2015-12-20 16:00:00,0.89,13.744468,0.6463888888888889
2015-12-20 17:00:00,0.48,0.0,0.0
2015-12-20 18:00:00,0.05,0.0,0.0
2015-12-20 19:00:00,0.04,0.0,0.0
2015-12-20 20:00:00,0.01,0.0,0.0
2015-12-20 21:00:00,0.12,0.0,0.0
2015-12-20 22:00:00,0.12,0.0,0.0
2015-12-20 23:00:00,0.73,0.0,0.0
2015-12-21 00:00:00,0.98,0.0,0.0
2015-12-21 01:00:00,0.97,0.0,0.0
2015-12-21 02:00:00,0.97,0.0,0.0
2015-12-21 03:00:00,0.66,0.0,0.0
2015-12-21 04:00:00,0.58,0.0,0.0
2015-12-21 05:00:00,0.4,0.0,0.0
2015-12-21 06:00:00,0.22,0.0,0.0
2015-12-21 07:00:00,0.04,39.245163,0.6969444444444445
2015-12-21 08:00:00,0.12,213.86975,1.0
2015-12-21 09:00:00,0.22,402.67862,1.0
2015-12-21 10:00:00,0.26,573.8155,1.0
2015-12-21 11:00:00,0.07,613.6661,1.0
2015-12-21 12:00:00,0.01,624.6353,1.0
2015-12-21 13:00:00,0.0,547.8326,1.0
2015-12-21 14:00:00,0.1,401.9739,1.0
2015-12-21 15:00:00,0.66,203.16757,1.0
2015-12-21 16:00:00,0.31,27.90441,0.6541666666666667
2015-12-21 17:00:00,0.1,0.0,0.0
2015-12-21 18:00:00,0.01,0.0,0.0
2015-12-21 19:00:00,0.02,0.0,0.0
2015-12-21 20:00:00,0.21,0.0,0.0
2015-12-21 21:00:00,0.01,0.0,0.0
2015-12-21 22:00:00,0.5,0.0,0.0
2015-12-21 23:00:00,1.0,0.0,0.0
2015-12-22 00:00:00,0.95,0.0,0.0
2015-12-22 01:00:00,0.0,0.0,0.0
2015-12-22 02:00:00,0.15,0.0,0.0
2015-12-22 03:00:00,0.24,0.0,0.0
2015-12-22 04:00:00,0.23,0.0,0.0
2015-12-22 05:00:00,0.19,0.0,0.0
2015-12-22 06:00:00,0.0,0.0,0.0
2015-12-22 07:00:00,0.18,37.4756,0.6888888888888889
2015-12-22 08:00:00,0.0,219.16185,1.0
2015-12-22 09:00:00,0.0,407.4464,1.0
2015-12-22 10:00:00,0.0,563.9086,1.0
2015-12-22 11:00:00,0.23,579.92114,1.0
2015-12-22 12:00:00,0.11,533.54767,1.0
2015-12-22 13:00:00,0.32,513.7621,1.0
2015-12-22 14:00:00,0.53,329.24527,1.0
2015-12-22 15:00:00,0.79,146.68407,1.0
2015-12-22 16:00:00,1.0,15.703725,0.6622222222222223
2015-12-22 17:00:00,1.0,0.0,0.0
2015-12-22 18:00:00,0.99,0.0,0.0
2015-12-22 19:00:00,0.97,0.0,0.0
2015-12-22 20:00:00,0.84,0.0,0.0
2015-12-22 21:00:00,0.79,0.0,0.0
2015-12-22 22:00:00,0.93,0.0,0.0
2015-12-22 23:00:00,0.8,0.0,0.0
2015-12-23 00:00:00,0.8,0.0,0.0
2015-12-23 01:00:00,0.4,0.0,0.0
2015-12-23 02:00:00,0.3,0.0,0.0
2015-12-23 03:00:00,0.56,0.0,0.0
2015-12-23 04:00:00,0.57,0.0,0.0
2015-12-23 05:00:00,0.61,0.0,0.0
2015-12-23 06:00:00,0.75,0.0,0.0
2015-12-23 07:00:00,0.63,28.729584,0.6811111111111111
2015-12-23 08:00:00,0.56,188.50891,1.0
2015-12-23 09:00:00,0.31,390.72824,1.0
2015-12-23 10:00:00,0.06,504.90576,1.0
2015-12-23 11:00:00,0.03,624.47266,1.0
2015-12-23 12:00:00,0.16,581.44604,1.0
2015-12-23 13:00:00,0.83,486.78943,1.0
2015-12-23 14:00:00,0.99,226.11154,1.0
2015-12-23 15:00:00,0.87,100.96171,1.0
2015-12-23 16:00:00,0.86,12.921,0.6708333333333333
2015-12-23 17:00:00,0.97,0.0,0.0
2015-12-23 18:00:00,0.99,0.0,0.0
2015-12-23 19:00:00,0.61,0.0,0.0
2015-12-23 20:00:00,0.25,0.0,0.0
2015-12-23 21:00:00,0.04,0.0,0.0
2015-12-23 22:00:00,0.01,0.0,0.0
2015-12-23 23:00:00,0.0,0.0,0.0
2015-12-24 00:00:00,0.0,0.0,0.0
2015-12-24 01:00:00,0.0,0.0,0.0
2015-12-24 02:00:00,0.0,0.0,0.0
2015-12-24 03:00:00,0.0,0.0,0.0
2015-12-24 04:00:00,0.0,0.0,0.0
2015-12-24 05:00:00,0.0,0.0,0.0
2015-12-24 06:00:00,0.0,0.0,0.0
2015-12-24 07:00:00,0.0,45.712585,0.6741666666666667
2015-12-24 08:00:00,0.0,269.0142,1.0
2015-12-24 09:00:00,0.0,464.74466,1.0
2015-12-24 10:00:00,0.0,597.8216,1.0
2015-12-24 11:00:00,0.0,654.98737,1.0
2015-12-24 12:00:00,0.0,646.5562,1.0
2015-12-24 13:00:00,0.0,558.8257,1.0
2015-12-24 14:00:00,0.17,392.17694,1.0
2015-12-24 15:00:00,0.36,207.44016,1.0
2015-12-24 16:00:00,0.47,29.64016,0.6797222222222222
2015-12-24 17:00:00,0.85,0.0,0.0
2015-12-24 18:00:00,1.0,0.0,0.0
2015-12-24 19:00:00,0.98,0.0,0.0
2015-12-24 20:00:00,0.94,0.0,0.0
2015-12-24 21:00:00,0.81,0.0,0.0
2015-12-24 22:00:00,0.92,0.0,0.0
2015-12-24 23:00:00,1.0,0.0,0.0
2015-12-25 00:00:00,1.0,0.0,0.0
2015-12-25 01:00:00,0.99,0.0,0.0
2015-12-25 02:00:00,0.95,0.0,0.0
2015-12-25 03:00:00,0.94,0.0,0.0
2015-12-25 04:00:00,0.98,0.0,0.0
2015-12-25 05:00:00,0.99,0.0,0.0
2015-12-25 06:00:00,0.89,0.0,0.0
2015-12-25 07:00:00,1.0,33.891872,0.6680555555555555
2015-12-25 08:00:00,1.0,145.92752,1.0
2015-12-25 09:00:00,1.0,186.40305,1.0
2015-12-25 10:00:00,1.0,253.9972,1.0
2015-12-25 11:00:00,1.0,315.3509,1.0
2015-12-25 12:00:00,1.0,321.84338,1.0
2015-12-25 13:00:00,1.0,320.0423,1.0
2015-12-25 14:00:00,0.88,258.0018,1.0
2015-12-25 15:00:00,0.6,151.47949,1.0
2015-12-25 16:00:00,0.81,23.95855,0.6891666666666667
2015-12-25 17:00:00,0.7,0.0,0.0
2015-12-25 18:00:00,0.63,0.0,0.0
2015-12-25 19:00:00,0.63,0.0,0.0
2015-12-25 20:00:00,0.79,0.0,0.0
2015-12-25 21:00:00,0.83,0.0,0.0
2015-12-25 22:00:00,0.94,0.0,0.0
2015-12-25 23:00:00,0.95,0.0,0.0
2015-12-26 00:00:00,0.96,0.0,0.0
2015-12-26 01:00:00,0.98,0.0,0.0
2015-12-26 02:00:00,0.99,0.0,0.0
2015-12-26 03:00:00,0.91,0.0,0.0
2015-12-26 04:00:00,0.95,0.0,0.0
2015-12-26 05:00:00,0.96,0.0,0.0
2015-12-26 06:00:00,0.99,0.0,0.0
2015-12-26 07:00:00,0.98,18.954254,0.6625
2015-12-26 08:00:00,0.92,142.87111,1.0
2015-12-26 09:00:00,0.91,333.6598,1.0
2015-12-26 10:00:00,0.98,465.71774,1.0
2015-12-26 11:00:00,0.84,538.0306,1.0
2015-12-26 12:00:00,0.84,464.0652,1.0
2015-12-26 13:00:00,0.9,478.0398,1.0
2015-12-26 14:00:00,0.83,385.75018,1.0
2015-12-26 15:00:00,0.5,195.3065,1.0
2015-12-26 16:00:00,0.36,29.571337,0.6991666666666667
2015-12-26 17:00:00,0.54,0.0,0.0
2015-12-26 18:00:00,0.55,0.0,0.0
2015-12-26 19:00:00,0.63,0.0,0.0
2015-12-26 20:00:00,0.73,0.0,0.0
2015-12-26 21:00:00,0.82,0.0,0.0
2015-12-26 22:00:00,0.79,0.0,0.0
2015-12-26 23:00:00,0.81,0.0,0.0
2015-12-27 00:00:00,0.85,0.0,0.0
2015-12-27 01:00:00,0.85,0.0,0.0
2015-12-27 02:00:00,0.69,0.0,0.0
2015-12-27 03:00:00,0.45,0.0,0.0
2015-12-27 04:00:00,0.7,0.0,0.0
2015-12-27 05:00:00,0.49,0.0,0.0
2015-12-27 06:00:00,0.08,0.0,0.0
2015-12-27 07:00:00,0.13,42.102123,0.6575
2015-12-27 08:00:00,0.11,265.5042,1.0
2015-12-27 09:00:00,0.02,457.5639,1.0
2015-12-27 10:00:00,0.04,598.4023,1.0
2015-12-27 11:00:00,0.04,664.4124,1.0
2015-12-27 12:00:00,0.0,656.26996,1.0
2015-12-27 13:00:00,0.0,576.09845,1.0
2015-12-27 14:00:00,0.0,429.92764,1.0
2015-12-27 15:00:00,0.01,230.15067,1.0
2015-12-27 16:00:00,0.05,37.664505,0.7097222222222223
2015-12-27 17:00:00,0.07,0.0,0.0
2015-12-27 18:00:00,0.05,0.0,0.0
2015-12-27 19:00:00,0.06,0.0,0.0
2015-12-27 20:00:00,0.14,0.0,0.0
2015-12-27 21:00:00,0.31,0.0,0.0
2015-12-27 22:00:00,0.33,0.0,0.0
2015-12-27 23:00:00,0.59,0.0,0.0
2015-12-28 00:00:00,0.18,0.0,0.0
2015-12-28 01:00:00,0.0,0.0,0.0
2015-12-28 02:00:00,0.0,0.0,0.0
2015-12-28 03:00:00,0.0,0.0,0.0
2015-12-28 04:00:00,0.0,0.0,0.0
2015-12-28 05:00:00,0.01,0.0,0.0
2015-12-28 06:00:00,0.0,0.0,0.0
2015-12-28 07:00:00,0.0,42.184315,0.6530555555555555
2015-12-28 08:00:00,0.0,263.8613,1.0
2015-12-28 09:00:00,0.0,461.06607,1.0
2015-12-28 10:00:00,0.0,596.68713,1.0
2015-12-28 11:00:00,0.01,663.9056,1.0
2015-12-28 12:00:00,0.01,658.5848,1.0
2015-12-28 13:00:00,0.01,578.01917,1.0
2015-12-28 14:00:00,0.15,405.71478,1.0
2015-12-28 15:00:00,0.72,205.74898,1.0
2015-12-28 16:00:00,0.31,30.348742,0.7208333333333333
2015-12-28 17:00:00,0.15,0.0,0.0
2015-12-28 18:00:00,0.35,0.0,0.0
2015-12-28 19:00:00,0.28,0.0,0.0
2015-12-28 20:00:00,0.18,0.0,0.0
2015-12-28 21:00:00,0.08,0.0,0.0
2015-12-28 22:00:00,0.02,0.0,0.0
2015-12-28 23:00:00,0.06,0.0,0.0
2015-12-29 00:00:00,0.01,0.0,0.0
2015-12-29 01:00:00,0.0,0.0,0.0
2015-12-29 02:00:00,0.0,0.0,0.0
2015-12-29 03:00:00,0.0,0.0,0.0
2015-12-29 04:00:00,0.0,0.0,0.0
2015-12-29 05:00:00,0.01,0.0,0.0
2015-12-29 06:00:00,0.23,0.0,0.0
2015-12-29 07:00:00,0.32,37.186657,0.6488888888888888
2015-12-29 08:00:00,0.5,250.53769,1.0
2015-12-29 09:00:00,0.46,402.5271,1.0
2015-12-29 10:00:00,0.47,550.7589,1.0
2015-12-29 11:00:00,0.66,623.14825,1.0
2015-12-29 12:00:00,0.77,619.77344,1.0
2015-12-29 13:00:00,0.74,532.7569,1.0
2015-12-29 14:00:00,0.69,379.2442,1.0
2015-12-29 15:00:00,0.83,185.50774,1.0
2015-12-29 16:00:00,0.81,30.405533,0.7327777777777778
2015-12-29 17:00:00,0.58,0.0,0.0
2015-12-29 18:00:00,0.54,0.0,0.0
2015-12-29 19:00:00,0.58,0.0,0.0
2015-12-29 20:00:00,0.38,0.0,0.0
2015-12-29 21:00:00,0.31,0.0,0.0
2015-12-29 22:00:00,0.21,0.0,0.0
2015-12-29 23:00:00,0.18,0.0,0.0
2015-12-30 00:00:00,0.18,0.0,0.0
2015-12-30 01:00:00,0.21,0.0,0.0
2015-12-30 02:00:00,0.15,0.0,0.0
2015-12-30 03:00:00,0.1,0.0,0.0
2015-12-30 04:00:00,0.12,0.0,0.0
2015-12-30 05:00:00,0.12,0.0,0.0
2015-12-30 06:00:00,0.35,0.0,0.0
2015-12-30 07:00:00,0.47,23.05878,0.6455555555555555
2015-12-30 08:00:00,0.41,191.99588,1.0
2015-12-30 09:00:00,0.3,364.9918,1.0
2015-12-30 10:00:00,0.07,513.68396,1.0
2015-12-30 11:00:00,0.13,635.6208,1.0
2015-12-30 12:00:00,0.34,603.94104,1.0
2015-12-30 13:00:00,0.67,516.09503,1.0
2015-12-30 14:00:00,0.66,385.16458,1.0
2015-12-30 15:00:00,0.68,197.19633,1.0
2015-12-30 16:00:00,0.62,31.289633,0.7452777777777778
2015-12-30 17:00:00,0.42,0.0,0.0
2015-12-30 18:00:00,0.25,0.0,0.0
2015-12-30 19:00:00,0.22,0.0,0.0
2015-12-30 20:00:00,0.45,0.0,0.0
2015-12-30 21:00:00,0.58,0.0,0.0
2015-12-30 22:00:00,0.62,0.0,0.0
2015-12-30 23:00:00,0.64,0.0,0.0
2015-12-31 00:00:00,0.73,0.0,0.0
2015-12-31 01:00:00,0.73,0.0,0.0
2015-12-31 02:00:00,0.72,0.0,0.0
2015-12-31 03:00:00,0.71,0.0,0.0
2015-12-31 04:00:00,0.72,0.0,0.0
2015-12-31 05:00:00,0.62,0.0,0.0
2015-12-31 06:00:00,0.62,0.0,0.0
2015-12-31 07:00:00,0.62,22.124762,0.6425
2015-12-31 08:00:00,0.62,160.29984,1.0
2015-12-31 09:00:00,0.62,267.66537,1.0
2015-12-31 10:00:00,0.61,339.17523,1.0
2015-12-31 11:00:00,0.6,463.22415,1.0
2015-12-31 12:00:00,0.65,466.7536,1.0
2015-12-31 13:00:00,0.6,476.19418,1.0
2015-12-31 14:00:00,0.51,274.5668,1.0
2015-12-31 15:00:00,0.44,201.38603,1.0
2015-12-31 16:00:00,0.35,38.903202,0.7583333333333333
2015-12-31 17:00:00,0.2,0.0,0.0
2015-12-31 18:00:00,0.28,0.0,0.0
2015-12-31 19:00:00,0.33,0.0,0.0
2015-12-31 20:00:00,0.3,0.0,0.0
2015-12-31 21:00:00,0.19,0.0,0.0
2015-12-31 22:00:00,0.08,0.0,0.0
2015-12-31 23:00:00,0.07,0.0,0.0
2016-01-01 00:00:00,0.0,0.0,0.0
2016-01-01 01:00:00,0.0,0.0,0.0
2016-01-01 02:00:00,0.0,0.0,0.0
2016-01-01 03:00:00,0.0,0.0,0.0
2016-01-01 04:00:00,0.0,0.0,0.0
2016-01-01 05:00:00,0.0,0.0,0.0
2016-01-01 06:00:00,0.0,0.0,0.0
2016-01-01 07:00:00,0.0,42.31502,0.64
2016-01-01 08:00:00,0.0,268.39474,1.0
2016-01-01 09:00:00,0.0,466.89914,1.0
2016-01-01 10:00:00,0.0,605.96014,1.0
2016-01-01 11:00:00,0.0,677.58496,1.0
2016-01-01 12:00:00,0.0,674.1092,1.0
2016-01-01 13:00:00,0.0,595.87134,1.0
2016-01-01 14:00:00,0.0,451.02222,1.0
2016-01-01 15:00:00,0.0,255.05487,1.0
2016-01-01 16:00:00,0.0,49.319622,0.7716666666666666
2016-01-01 17:00:00,0.0,0.0,0.0
2016-01-01 18:00:00,0.0,0.0,0.0
2016-01-01 19:00:00,0.0,0.0,0.0
2016-01-01 20:00:00,0.0,0.0,0.0
2016-01-01 21:00:00,0.0,0.0,0.0
2016-01-01 22:00:00,0.0,0.0,0.0
2016-01-01 23:00:00,0.0,0.0,0.0
2016-01-02 00:00:00,0.0,0.0,0.0
2016-01-02 01:00:00,0.0,0.0,0.0
2016-01-02 02:00:00,0.0,0.0,0.0
2016-01-02 03:00:00,0.0,0.0,0.0
2016-01-02 04:00:00,0.0,0.0,0.0
2016-01-02 05:00:00,0.0,0.0,0.0
2016-01-02 06:00:00,0.0,0.0,0.0
2016-01-02 07:00:00,0.0,42.29526,0.6380555555555556
2016-01-02 08:00:00,0.0,268.2368,1.0
2016-01-02 09:00:00,0.0,468.5845,1.0
2016-01-02 10:00:00,0.04,607.72894,1.0
2016-01-02 11:00:00,0.13,677.4715,1.0
2016-01-02 12:00:00,0.13,671.3114,1.0
2016-01-02 13:00:00,0.02,593.94214,1.0
2016-01-02 14:00:00,0.0,449.74295,1.0
2016-01-02 15:00:00,0.03,254.75616,1.0
2016-01-02 16:00:00,0.29,50.774715,0.7858333333333334
2016-01-02 17:00:00,1.0,0.0,0.0
2016-01-02 18:00:00,0.98,0.0,0.0
2016-01-02 19:00:00,0.96,0.0,0.0
2016-01-02 20:00:00,0.98,0.0,0.0
2016-01-02 21:00:00,0.93,0.0,0.0
2016-01-02 22:00:00,0.79,0.0,0.0
2016-01-02 23:00:00,0.53,0.0,0.0
2016-01-03 00:00:00,0.27,0.0,0.0
2016-01-03 01:00:00,0.14,0.0,0.0
2016-01-03 02:00:00,0.05,0.0,0.0
2016-01-03 03:00:00,0.31,0.0,0.0
2016-01-03 04:00:00,0.22,0.0,0.0
2016-01-03 05:00:00,0.17,0.0,0.0
2016-01-03 06:00:00,0.07,0.0,0.0
2016-01-03 07:00:00,0.01,38.232292,0.6369444444444444
2016-01-03 08:00:00,0.0,254.27075,1.0
2016-01-03 09:00:00,0.0,447.34232,1.0
2016-01-03 10:00:00,0.0,584.423,1.0
2016-01-03 11:00:00,0.16,649.07697,1.0
2016-01-03 12:00:00,0.16,646.0152,1.0
2016-01-03 13:00:00,0.08,570.71454,1.0
2016-01-03 14:00:00,0.01,433.66052,1.0
2016-01-03 15:00:00,0.03,244.25525,1.0
2016-01-03 16:00:00,0.17,45.482292,0.8002777777777778
2016-01-03 17:00:00,0.74,0.0,0.0
2016-01-03 18:00:00,0.83,0.0,0.0
2016-01-03 19:00:00,0.91,0.0,0.0
2016-01-03 20:00:00,0.94,0.0,0.0
2016-01-03 21:00:00,0.96,0.0,0.0
2016-01-03 22:00:00,0.98,0.0,0.0
2016-01-03 23:00:00,0.99,0.0,0.0
2016-01-04 00:00:00,0.96,0.0,0.0
2016-01-04 01:00:00,0.98,0.0,0.0
2016-01-04 02:00:00,0.96,0.0,0.0
2016-01-04 03:00:00,0.97,0.0,0.0
2016-01-04 04:00:00,0.95,0.0,0.0
2016-01-04 05:00:00,0.95,0.0,0.0
2016-01-04 06:00:00,0.96,0.0,0.0
2016-01-04 07:00:00,0.87,24.016844,0.6361111111111111
2016-01-04 08:00:00,0.83,185.79489,1.0
2016-01-04 09:00:00,0.8,385.41074,1.0
2016-01-04 10:00:00,0.72,540.1813,1.0
2016-01-04 11:00:00,0.62,644.8997,1.0
2016-01-04 12:00:00,0.5,645.8353,1.0
2016-01-04 13:00:00,0.38,573.99976,1.0
2016-01-04 14:00:00,0.38,420.39148,1.0
2016-01-04 15:00:00,0.81,192.13075,1.0
2016-01-04 16:00:00,0.85,36.39269,0.8152777777777778
2016-01-04 17:00:00,0.36,0.0,0.0
2016-01-04 18:00:00,0.34,0.0,0.0
2016-01-04 19:00:00,0.48,0.0,0.0
2016-01-04 20:00:00,0.61,0.0,0.0
2016-01-04 21:00:00,0.75,0.0,0.0
2016-01-04 22:00:00,0.86,0.0,0.0
2016-01-04 23:00:00,0.9,0.0,0.0
2016-01-05 00:00:00,0.93,0.0,0.0
2016-01-05 01:00:00,0.95,0.0,0.0
2016-01-05 02:00:00,0.91,0.0,0.0
2016-01-05 03:00:00,0.91,0.0,0.0
2016-01-05 04:00:00,0.88,0.0,0.0
2016-01-05 05:00:00,0.8,0.0,0.0
2016-01-05 06:00:00,0.68,0.0,0.0
2016-01-05 07:00:00,0.96,26.007063,0.6358333333333334
2016-01-05 08:00:00,0.94,236.83438,1.0
2016-01-05 09:00:00,0.95,437.07492,1.0
2016-01-05 10:00:00,0.73,567.1282,1.0
2016-01-05 11:00:00,0.29,651.9814,1.0
2016-01-05 12:00:00,0.22,648.379,1.0
2016-01-05 13:00:00,0.31,555.45105,1.0
2016-01-05 14:00:00,0.48,392.06094,1.0
2016-01-05 15:00:00,0.82,208.91745,1.0
2016-01-05 16:00:00,0.61,48.37141,0.8305555555555556
2016-01-05 17:00:00,0.69,0.0,0.0
2016-01-05 18:00:00,0.62,0.0,0.0
2016-01-05 19:00:00,0.53,0.0,0.0
2016-01-05 20:00:00,0.16,0.0,0.0
2016-01-05 21:00:00,0.15,0.0,0.0
2016-01-05 22:00:00,0.01,0.0,0.0
2016-01-05 23:00:00,0.07,0.0,0.0
2016-01-06 00:00:00,0.15,0.0,0.0
2016-01-06 01:00:00,0.04,0.0,0.0
2016-01-06 02:00:00,0.16,0.0,0.0
2016-01-06 03:00:00,0.31,0.0,0.0
2016-01-06 04:00:00,0.24,0.0,0.0
2016-01-06 05:00:00,0.66,0.0,0.0
2016-01-06 06:00:00,0.93,0.0,0.0
2016-01-06 07:00:00,0.98,20.942673,0.6361111111111111
2016-01-06 08:00:00,0.96,152.33089,1.0
2016-01-06 09:00:00,0.93,307.60217,1.0
2016-01-06 10:00:00,0.72,491.49255,1.0
2016-01-06 11:00:00,0.04,649.3899,1.0
2016-01-06 12:00:00,0.22,635.4539,1.0
2016-01-06 13:00:00,0.58,552.0574,1.0
2016-01-06 14:00:00,0.94,403.42142,1.0
2016-01-06 15:00:00,0.97,214.1618,1.0
2016-01-06 16:00:00,0.98,42.88368,0.8461111111111111
2016-01-06 17:00:00,0.94,0.0,0.0
2016-01-06 18:00:00,0.96,0.0,0.0
2016-01-06 19:00:00,0.98,0.0,0.0
2016-01-06 20:00:00,0.97,0.0,0.0
2016-01-06 21:00:00,0.98,0.0,0.0
2016-01-06 22:00:00,0.96,0.0,0.0
2016-01-06 23:00:00,0.94,0.0,0.0
2016-01-07 00:00:00,0.94,0.0,0.0
2016-01-07 01:00:00,0.97,0.0,0.0
2016-01-07 02:00:00,0.99,0.0,0.0
2016-01-07 03:00:00,0.99,0.0,0.0
2016-01-07 04:00:00,1.0,0.0,0.0
2016-01-07 05:00:00,1.0,0.0,0.0
2016-01-07 06:00:00,1.0,0.0,0.0
2016-01-07 07:00:00,0.99,8.945308,0.6372222222222222
2016-01-07 08:00:00,1.0,57.286797,1.0
2016-01-07 09:00:00,1.0,152.48772,1.0
2016-01-07 10:00:00,0.99,256.70923,1.0
2016-01-07 11:00:00,1.0,269.6157,1.0
2016-01-07 12:00:00,1.0,324.87823,1.0
2016-01-07 13:00:00,1.0,300.42374,1.0
2016-01-07 14:00:00,0.97,223.59418,1.0
2016-01-07 15:00:00,0.91,144.1233,1.0
2016-01-07 16:00:00,0.98,29.943134,0.8622222222222222
2016-01-07 17:00:00,0.99,0.0,0.0
2016-01-07 18:00:00,0.99,0.0,0.0
2016-01-07 19:00:00,1.0,0.0,0.0
2016-01-07 20:00:00,1.0,0.0,0.0
2016-01-07 21:00:00,0.99,0.0,0.0
2016-01-07 22:00:00,0.99,0.0,0.0
2016-01-07 23:00:00,1.0,0.0,0.0
2016-01-08 00:00:00,1.0,0.0,0.0
2016-01-08 01:00:00,1.0,0.0,0.0
2016-01-08 02:00:00,0.99,0.0,0.0
2016-01-08 03:00:00,0.98,0.0,0.0
2016-01-08 04:00:00,0.99,0.0,0.0
2016-01-08 05:00:00,1.0,0.0,0.0
2016-01-08 06:00:00,0.99,0.0,0.0
2016-01-08 07:00:00,0.98,9.937784,0.6386111111111111
2016-01-08 08:00:00,1.0,88.85007,1.0
2016-01-08 09:00:00,0.99,233.50214,1.0
2016-01-08 10:00:00,1.0,289.16074,1.0
2016-01-08 11:00:00,1.0,385.63812,1.0
2016-01-08 12:00:00,0.99,462.8667,1.0
2016-01-08 13:00:00,0.99,385.408,1.0
2016-01-08 14:00:00,1.0,253.88814,1.0
2016-01-08 15:00:00,1.0,149.89871,1.0
2016-01-08 16:00:00,1.0,31.510553,0.8783333333333333
2016-01-08 17:00:00,0.97,0.0,0.0
2016-01-08 18:00:00,0.99,0.0,0.0
2016-01-08 19:00:00,0.98,0.0,0.0
2016-01-08 20:00:00,0.97,0.0,0.0
2016-01-08 21:00:00,0.93,0.0,0.0
2016-01-08 22:00:00,0.78,0.0,0.0
2016-01-08 23:00:00,0.63,0.0,0.0
2016-01-09 00:00:00,0.72,0.0,0.0
2016-01-09 01:00:00,0.81,0.0,0.0
2016-01-09 02:00:00,0.82,0.0,0.0
2016-01-09 03:00:00,0.72,0.0,0.0
2016-01-09 04:00:00,0.84,0.0,0.0
2016-01-09 05:00:00,0.5,0.0,0.0
2016-01-09 06:00:00,0.44,0.0,0.0
2016-01-09 07:00:00,0.35,27.72963,0.6408333333333334
2016-01-09 08:00:00,0.45,192.23189,1.0
2016-01-09 09:00:00,0.49,381.92276,1.0
2016-01-09 10:00:00,0.46,535.30615,1.0
2016-01-09 11:00:00,0.56,553.7954,1.0
2016-01-09 12:00:00,0.53,469.70923,1.0
2016-01-09 13:00:00,0.53,559.14325,1.0
2016-01-09 14:00:00,0.16,366.9646,1.0
2016-01-09 15:00:00,0.54,237.70242,1.0
2016-01-09 16:00:00,0.16,58.38975,0.8947222222222222
2016-01-09 17:00:00,0.1,0.0,0.0
2016-01-09 18:00:00,0.06,0.0,0.0
2016-01-09 19:00:00,0.08,0.0,0.0
2016-01-09 20:00:00,0.1,0.0,0.0
2016-01-09 21:00:00,0.11,0.0,0.0
2016-01-09 22:00:00,0.05,0.0,0.0
2016-01-09 23:00:00,0.04,0.0,0.0
2016-01-10 00:00:00,0.11,0.0,0.0
2016-01-10 01:00:00,0.01,0.0,0.0
2016-01-10 02:00:00,0.0,0.0,0.0
2016-01-10 03:00:00,0.02,0.0,0.0
2016-01-10 04:00:00,0.04,0.0,0.0
2016-01-10 05:00:00,0.09,0.0,0.0
2016-01-10 06:00:00,0.1,0.0,0.0
2016-01-10 07:00:00,0.01,41.373592,0.6436111111111111
2016-01-10 08:00:00,0.02,259.33844,1.0
2016-01-10 09:00:00,0.01,459.76752,1.0
2016-01-10 10:00:00,0.06,605.08453,1.0
2016-01-10 11:00:00,0.01,687.12585,1.0
2016-01-10 12:00:00,0.0,679.22534,1.0
2016-01-10 13:00:00,0.0,620.0637,1.0
2016-01-10 14:00:00,0.0,477.50797,1.0
2016-01-10 15:00:00,0.0,285.1502,1.0
2016-01-10 16:00:00,0.0,71.696396,0.9113888888888889
2016-01-10 17:00:00,0.0,0.0,0.0
2016-01-10 18:00:00,0.0,0.0,0.0
2016-01-10 19:00:00,0.0,0.0,0.0
2016-01-10 20:00:00,0.0,0.0,0.0
2016-01-10 21:00:00,0.0,0.0,0.0
2016-01-10 22:00:00,0.0,0.0,0.0
2016-01-10 23:00:00,0.0,0.0,0.0
2016-01-11 00:00:00,0.0,0.0,0.0
2016-01-11 01:00:00,0.01,0.0,0.0
2016-01-11 02:00:00,0.03,0.0,0.0
2016-01-11 03:00:00,0.55,0.0,0.0
2016-01-11 04:00:00,0.9,0.0,0.0
2016-01-11 05:00:00,0.89,0.0,0.0
2016-01-11 06:00:00,0.79,0.0,0.0
2016-01-11 07:00:00,0.84,31.437874,0.6469444444444444
2016-01-11 08:00:00,0.51,216.78226,1.0
2016-01-11 09:00:00,0.82,401.57465,1.0
2016-01-11 10:00:00,0.78,530.2054,1.0
2016-01-11 11:00:00,0.18,660.09705,1.0
2016-01-11 12:00:00,0.62,652.0237,1.0
2016-01-11 13:00:00,0.47,573.535,1.0
2016-01-11 14:00:00,0.03,447.97107,1.0
2016-01-11 15:00:00,0.1,280.76297,1.0
2016-01-11 16:00:00,0.51,72.179924,0.9283333333333333
2016-01-11 17:00:00,0.74,0.0,0.0
2016-01-11 18:00:00,0.52,0.0,0.0
2016-01-11 19:00:00,0.57,0.0,0.0
2016-01-11 20:00:00,0.27,0.0,0.0
2016-01-11 21:00:00,0.01,0.0,0.0
2016-01-11 22:00:00,0.0,0.0,0.0
2016-01-11 23:00:00,0.0,0.0,0.0
2016-01-12 00:00:00,0.06,0.0,0.0
2016-01-12 01:00:00,0.44,0.0,0.0
2016-01-12 02:00:00,0.6,0.0,0.0
2016-01-12 03:00:00,0.76,0.0,0.0
2016-01-12 04:00:00,0.83,0.0,0.0
2016-01-12 05:00:00,0.91,0.0,0.0
2016-01-12 06:00:00,0.95,0.0,0.0
2016-01-12 07:00:00,0.94,44.84456,0.6511111111111111
2016-01-12 08:00:00,0.7,273.82678,1.0
2016-01-12 09:00:00,0.34,457.67087,1.0
2016-01-12 10:00:00,0.11,609.031,1.0
2016-01-12 11:00:00,0.15,691.9779,1.0
2016-01-12 12:00:00,0.05,682.36975,1.0
2016-01-12 13:00:00,0.51,603.7597,1.0
2016-01-12 14:00:00,0.49,473.8983,1.0
2016-01-12 15:00:00,0.23,282.79776,1.0
2016-01-12 16:00:00,0.63,71.45686,0.9452777777777778
2016-01-12 17:00:00,0.62,0.0,0.0
2016-01-12 18:00:00,0.98,0.0,0.0
2016-01-12 19:00:00,0.93,0.0,0.0
2016-01-12 20:00:00,1.0,0.0,0.0
2016-01-12 21:00:00,0.99,0.0,0.0
2016-01-12 22:00:00,0.81,0.0,0.0
2016-01-12 23:00:00,0.25,0.0,0.0
2016-01-13 00:00:00,0.49,0.0,0.0
2016-01-13 01:00:00,0.78,0.0,0.0
2016-01-13 02:00:00,0.8,0.0,0.0
2016-01-13 03:00:00,0.81,0.0,0.0
2016-01-13 04:00:00,0.26,0.0,0.0
2016-01-13 05:00:00,0.14,0.0,0.0
2016-01-13 06:00:00,0.36,0.0,0.0
2016-01-13 07:00:00,0.23,40.698807,0.6558333333333334
2016-01-13 08:00:00,0.43,258.5281,1.0
2016-01-13 09:00:00,0.37,456.71466,1.0
2016-01-13 10:00:00,0.65,585.7292,1.0
2016-01-13 11:00:00,0.68,654.1526,1.0
2016-01-13 12:00:00,0.81,639.539,1.0
2016-01-13 13:00:00,0.89,572.80475,1.0
2016-01-13 14:00:00,0.84,433.74615,1.0
2016-01-13 15:00:00,1.0,241.31781,1.0
2016-01-13 16:00:00,1.0,60.111526,0.9625
2016-01-13 17:00:00,1.0,0.0,0.0
2016-01-13 18:00:00,0.99,0.0,0.0
2016-01-13 19:00:00,0.87,0.0,0.0
2016-01-13 20:00:00,0.52,0.0,0.0
2016-01-13 21:00:00,0.36,0.0,0.0
2016-01-13 22:00:00,0.36,0.0,0.0
2016-01-13 23:00:00,0.29,0.0,0.0
2016-01-14 00:00:00,0.12,0.0,0.0
2016-01-14 01:00:00,0.0,0.0,0.0
2016-01-14 02:00:00,0.0,0.0,0.0
2016-01-14 03:00:00,0.0,0.0,0.0
2016-01-14 04:00:00,0.0,0.0,0.0
2016-01-14 05:00:00,0.0,0.0,0.0
2016-01-14 06:00:00,0.01,0.0,0.0
2016-01-14 07:00:00,0.02,46.165207,0.6611111111111111
2016-01-14 08:00:00,0.0,269.73892,1.0
2016-01-14 09:00:00,0.0,468.5541,1.0
2016-01-14 10:00:00,0.11,594.26654,1.0
2016-01-14 11:00:00,0.2,652.1102,1.0
2016-01-14 12:00:00,0.1,628.98004,1.0
2016-01-14 13:00:00,0.08,597.2952,1.0
2016-01-14 14:00:00,0.18,478.74185,1.0
2016-01-14 15:00:00,0.23,273.83472,1.0
2016-01-14 16:00:00,0.16,74.08123,0.9797222222222223
2016-01-14 17:00:00,0.03,0.0,0.0
2016-01-14 18:00:00,0.0,0.0,0.0
2016-01-14 19:00:00,0.0,0.0,0.0
2016-01-14 20:00:00,0.01,0.0,0.0
2016-01-14 21:00:00,0.02,0.0,0.0
2016-01-14 22:00:00,0.12,0.0,0.0
2016-01-14 23:00:00,0.1,0.0,0.0
2016-01-15 00:00:00,0.11,0.0,0.0
2016-01-15 01:00:00,0.21,0.0,0.0
2016-01-15 02:00:00,0.25,0.0,0.0
2016-01-15 03:00:00,0.19,0.0,0.0
2016-01-15 04:00:00,0.17,0.0,0.0
2016-01-15 05:00:00,0.29,0.0,0.0
2016-01-15 06:00:00,0.77,0.0,0.0
2016-01-15 07:00:00,0.46,36.47469,0.6672222222222223
2016-01-15 08:00:00,0.93,216.0025,1.0
2016-01-15 09:00:00,0.96,363.70822,1.0
2016-01-15 10:00:00,0.57,468.6545,1.0
2016-01-15 11:00:00,0.34,663.6328,1.0
2016-01-15 12:00:00,0.57,568.41113,1.0
2016-01-15 13:00:00,0.78,486.77588,1.0
2016-01-15 14:00:00,0.87,320.25632,1.0
2016-01-15 15:00:00,0.71,242.64636,1.0
2016-01-15 16:00:00,0.71,64.7096,0.9969444444444444
2016-01-15 17:00:00,0.79,0.0,0.0
2016-01-15 18:00:00,0.82,0.0,0.0
2016-01-15 19:00:00,0.43,0.0,0.0
2016-01-15 20:00:00,0.36,0.0,0.0
2016-01-15 21:00:00,0.53,0.0,0.0
2016-01-15 22:00:00,0.82,0.0,0.0
2016-01-15 23:00:00,0.76,0.0,0.0
2016-01-16 00:00:00,0.5,0.0,0.0
2016-01-16 01:00:00,0.49,0.0,0.0
2016-01-16 02:00:00,0.37,0.0,0.0
2016-01-16 03:00:00,0.48,0.0,0.0
2016-01-16 04:00:00,0.45,0.0,0.0
2016-01-16 05:00:00,0.37,0.0,0.0
2016-01-16 06:00:00,0.27,0.0,0.0
2016-01-16 07:00:00,0.4,35.071243,0.6738888888888889
2016-01-16 08:00:00,0.48,227.3678,1.0
2016-01-16 09:00:00,0.22,383.84116,1.0
2016-01-16 10:00:00,0.23,590.75183,1.0
2016-01-16 11:00:00,0.19,667.6038,1.0
2016-01-16 12:00:00,0.17,612.91205,1.0
2016-01-16 13:00:00,0.3,599.1895,1.0
2016-01-16 14:00:00,0.33,456.21432,1.0
2016-01-16 15:00:00,0.1,288.26953,1.0
2016-01-16 16:00:00,0.11,84.00357,1.0
2016-01-16 17:00:00,0.35,0.0,0.014722222222222222
2016-01-16 18:00:00,0.27,0.0,0.0
2016-01-16 19:00:00,0.59,0.0,0.0
2016-01-16 20:00:00,0.8,0.0,0.0
2016-01-16 21:00:00,0.72,0.0,0.0
2016-01-16 22:00:00,0.59,0.0,0.0
2016-01-16 23:00:00,0.42,0.0,0.0
2016-01-17 00:00:00,0.36,0.0,0.0
2016-01-17 01:00:00,0.54,0.0,0.0
2016-01-17 02:00:00,0.5,0.0,0.0
2016-01-17 03:00:00,0.3,0.0,0.0
2016-01-17 04:00:00,0.53,0.0,0.0
2016-01-17 05:00:00,0.57,0.0,0.0
2016-01-17 06:00:00,0.58,0.0,0.0
2016-01-17 07:00:00,0.47,30.417038,0.6811111111111111
2016-01-17 08:00:00,0.78,148.79181,1.0
2016-01-17 09:00:00,0.94,405.04178,1.0
2016-01-17 10:00:00,0.74,571.6729,1.0
2016-01-17 11:00:00,0.43,540.9924,1.0
2016-01-17 12:00:00,0.41,635.2312,1.0
2016-01-17 13:00:00,0.38,506.81384,1.0
2016-01-17 14:00:00,0.4,403.57678,1.0
2016-01-17 15:00:00,0.23,242.2874,1.0
2016-01-17 16:00:00,0.2,80.73748,1.0
2016-01-17 17:00:00,0.05,0.0,0.03277777777777778
2016-01-17 18:00:00,0.11,0.0,0.0
2016-01-17 19:00:00,0.05,0.0,0.0
2016-01-17 20:00:00,0.05,0.0,0.0
2016-01-17 21:00:00,0.14,0.0,0.0
2016-01-17 22:00:00,0.1,0.0,0.0
2016-01-17 23:00:00,0.04,0.0,0.0
2016-01-18 00:00:00,0.02,0.0,0.0
2016-01-18 01:00:00,0.01,0.0,0.0
2016-01-18 02:00:00,0.11,0.0,0.0
2016-01-18 03:00:00,0.61,0.0,0.0
2016-01-18 04:00:00,0.98,0.0,0.0
2016-01-18 05:00:00,0.96,0.0,0.0
2016-01-18 06:00:00,0.98,0.0,0.0
2016-01-18 07:00:00,1.0,29.219183,0.6891666666666667
2016-01-18 08:00:00,1.0,172.6513,1.0
2016-01-18 09:00:00,0.98,404.3969,1.0
2016-01-18 10:00:00,0.59,556.0132,1.0
2016-01-18 11:00:00,0.8,611.37195,1.0
2016-01-18 12:00:00,0.51,626.2843,1.0
2016-01-18 13:00:00,0.2,597.88666,1.0
2016-01-18 14:00:00,0.05,462.2202,1.0
2016-01-18 15:00:00,0.61,296.4212,1.0
2016-01-18 16:00:00,0.63,83.18444,1.0
2016-01-18 17:00:00,0.24,0.0,0.051111111111111114
2016-01-18 18:00:00,0.27,0.0,0.0
2016-01-18 19:00:00,0.46,0.0,0.0
2016-01-18 20:00:00,0.78,0.0,0.0
2016-01-18 21:00:00,0.78,0.0,0.0
2016-01-18 22:00:00,0.69,0.0,0.0
2016-01-18 23:00:00,0.89,0.0,0.0
2016-01-19 00:00:00,0.99,0.0,0.0
2016-01-19 01:00:00,1.0,0.0,0.0
2016-01-19 02:00:00,1.0,0.0,0.0
2016-01-19 03:00:00,1.0,0.0,0.0
2016-01-19 04:00:00,1.0,0.0,0.0
2016-01-19 05:00:00,1.0,0.0,0.0
2016-01-19 06:00:00,0.99,0.0,0.0
2016-01-19 07:00:00,0.98,7.9513845,0.6975
2016-01-19 08:00:00,0.97,57.109905,1.0
2016-01-19 09:00:00,0.87,161.43256,1.0
2016-01-19 10:00:00,0.71,250.83234,1.0
2016-01-19 11:00:00,0.15,667.3933,1.0
2016-01-19 12:00:00,0.0,696.19006,1.0
2016-01-19 13:00:00,0.0,635.85486,1.0
2016-01-19 14:00:00,0.0,500.80164,1.0
2016-01-19 15:00:00,0.0,312.65695,1.0
2016-01-19 16:00:00,0.04,100.11169,1.0
2016-01-19 17:00:00,0.06,0.0,0.06972222222222223
2016-01-19 18:00:00,0.38,0.0,0.0
2016-01-19 19:00:00,0.26,0.0,0.0
2016-01-19 20:00:00,0.04,0.0,0.0
2016-01-19 21:00:00,0.01,0.0,0.0
2016-01-19 22:00:00,0.0,0.0,0.0
2016-01-19 23:00:00,0.16,0.0,0.0
2016-01-20 00:00:00,0.53,0.0,0.0
2016-01-20 01:00:00,1.0,0.0,0.0
2016-01-20 02:00:00,1.0,0.0,0.0
2016-01-20 03:00:00,1.0,0.0,0.0
2016-01-20 04:00:00,1.0,0.0,0.0
2016-01-20 05:00:00,1.0,0.0,0.0
2016-01-20 06:00:00,1.0,0.0,0.0
2016-01-20 07:00:00,1.0,9.939231,0.7066666666666667
2016-01-20 08:00:00,0.98,110.95477,1.0
2016-01-20 09:00:00,0.91,285.52393,1.0
2016-01-20 10:00:00,0.83,512.69556,1.0
2016-01-20 11:00:00,0.58,635.8854,1.0
2016-01-20 12:00:00,0.4,618.0382,1.0
2016-01-20 13:00:00,0.65,533.56244,1.0
2016-01-20 14:00:00,0.85,314.93527,1.0
2016-01-20 15:00:00,0.97,183.2112,1.0
2016-01-20 16:00:00,0.95,55.049606,1.0
2016-01-20 17:00:00,0.81,0.0,0.08861111111111111
2016-01-20 18:00:00,0.91,0.0,0.0
2016-01-20 19:00:00,0.73,0.0,0.0
2016-01-20 20:00:00,0.75,0.0,0.0
2016-01-20 21:00:00,0.6,0.0,0.0
2016-01-20 22:00:00,0.35,0.0,0.0
2016-01-20 23:00:00,0.44,0.0,0.0
2016-01-21 00:00:00,0.41,0.0,0.0
2016-01-21 01:00:00,0.35,0.0,0.0
2016-01-21 02:00:00,0.35,0.0,0.0
2016-01-21 03:00:00,0.33,0.0,0.0
2016-01-21 04:00:00,0.68,0.0,0.0
2016-01-21 05:00:00,0.75,0.0,0.0
2016-01-21 06:00:00,0.63,0.0,0.0
2016-01-21 07:00:00,0.33,43.864136,0.7163888888888889
2016-01-21 08:00:00,0.32,225.11133,1.0
2016-01-21 09:00:00,0.08,430.52234,1.0
2016-01-21 10:00:00,0.01,615.51666,1.0
2016-01-21 11:00:00,0.0,709.67426,1.0
2016-01-21 12:00:00,0.0,690.16077,1.0
2016-01-21 13:00:00,0.01,635.6375,1.0
2016-01-21 14:00:00,0.01,509.29843,1.0
2016-01-21 15:00:00,0.02,314.0583,1.0
2016-01-21 16:00:00,0.0,106.005264,1.0
2016-01-21 17:00:00,0.0,0.0,0.10777777777777778
2016-01-21 18:00:00,0.0,0.0,0.0
2016-01-21 19:00:00,0.0,0.0,0.0
2016-01-21 20:00:00,0.03,0.0,0.0
2016-01-21 21:00:00,0.06,0.0,0.0
2016-01-21 22:00:00,0.18,0.0,0.0
2016-01-21 23:00:00,0.39,0.0,0.0
2016-01-22 00:00:00,0.27,0.0,0.0
2016-01-22 01:00:00,0.16,0.0,0.0
2016-01-22 02:00:00,0.2,0.0,0.0
2016-01-22 03:00:00,0.22,0.0,0.0
2016-01-22 04:00:00,0.21,0.0,0.0
2016-01-22 05:00:00,0.23,0.0,0.0
2016-01-22 06:00:00,0.06,0.0,0.0
2016-01-22 07:00:00,0.06,52.999454,0.7266666666666667
2016-01-22 08:00:00,0.03,276.60156,1.0
2016-01-22 09:00:00,0.0,476.50977,1.0
2016-01-22 10:00:00,0.0,621.713,1.0
2016-01-22 11:00:00,0.0,695.39417,1.0
2016-01-22 12:00:00,0.14,699.359,1.0
2016-01-22 13:00:00,0.49,623.3804,1.0
2016-01-22 14:00:00,0.76,484.25928,1.0
2016-01-22 15:00:00,0.48,305.71375,1.0
2016-01-22 16:00:00,0.16,106.22548,1.0
2016-01-22 17:00:00,0.17,0.0,0.1272222222222222
2016-01-22 18:00:00,0.14,0.0,0.0
2016-01-22 19:00:00,0.87,0.0,0.0
2016-01-22 20:00:00,0.61,0.0,0.0
2016-01-22 21:00:00,0.66,0.0,0.0
2016-01-22 22:00:00,0.49,0.0,0.0
2016-01-22 23:00:00,0.74,0.0,0.0
2016-01-23 00:00:00,0.91,0.0,0.0
2016-01-23 01:00:00,0.97,0.0,0.0
2016-01-23 02:00:00,1.0,0.0,0.0
2016-01-23 03:00:00,0.97,0.0,0.0
2016-01-23 04:00:00,0.98,0.0,0.0
2016-01-23 05:00:00,0.85,0.0,0.0
2016-01-23 06:00:00,0.93,0.0,0.0
2016-01-23 07:00:00,0.92,26.897144,0.7375
2016-01-23 08:00:00,0.96,178.48254,1.0
2016-01-23 09:00:00,0.85,464.413,1.0
2016-01-23 10:00:00,0.89,621.2652,1.0
2016-01-23 11:00:00,0.82,660.1205,1.0
2016-01-23 12:00:00,0.84,629.6542,1.0
2016-01-23 13:00:00,0.82,606.47125,1.0
2016-01-23 14:00:00,0.28,493.8048,1.0
2016-01-23 15:00:00,0.76,317.36133,1.0
2016-01-23 16:00:00,0.89,100.26177,1.0
2016-01-23 17:00:00,0.81,0.0,0.14666666666666667
2016-01-23 18:00:00,0.42,0.0,0.0
2016-01-23 19:00:00,0.77,0.0,0.0
2016-01-23 20:00:00,0.99,0.0,0.0
2016-01-23 21:00:00,1.0,0.0,0.0
2016-01-23 22:00:00,0.99,0.0,0.0
2016-01-23 23:00:00,1.0,0.0,0.0
2016-01-24 00:00:00,0.99,0.0,0.0
2016-01-24 01:00:00,0.69,0.0,0.0
2016-01-24 02:00:00,0.33,0.0,0.0
2016-01-24 03:00:00,0.59,0.0,0.0
2016-01-24 04:00:00,0.47,0.0,0.0
2016-01-24 05:00:00,0.16,0.0,0.0
2016-01-24 06:00:00,0.19,0.0,0.0
2016-01-24 07:00:00,0.17,57.07463,0.7486111111111111
2016-01-24 08:00:00,0.06,297.37442,1.0
2016-01-24 09:00:00,0.0,498.63318,1.0
2016-01-24 10:00:00,0.0,649.02734,1.0
2016-01-24 11:00:00,0.0,698.2774,1.0
2016-01-24 12:00:00,0.31,696.03644,1.0
2016-01-24 13:00:00,0.34,577.17004,1.0
2016-01-24 14:00:00,0.82,431.89236,1.0
2016-01-24 15:00:00,0.8,235.5038,1.0
2016-01-24 16:00:00,0.98,56.680367,1.0
2016-01-24 17:00:00,1.0,0.0,0.1663888888888889
2016-01-24 18:00:00,0.97,0.0,0.0
2016-01-24 19:00:00,0.97,0.0,0.0
2016-01-24 20:00:00,0.96,0.0,0.0
2016-01-24 21:00:00,0.91,0.0,0.0
2016-01-24 22:00:00,0.95,0.0,0.0
2016-01-24 23:00:00,0.94,0.0,0.0
2016-01-25 00:00:00,0.94,0.0,0.0
2016-01-25 01:00:00,0.92,0.0,0.0
2016-01-25 02:00:00,0.81,0.0,0.0
2016-01-25 03:00:00,0.75,0.0,0.0
2016-01-25 04:00:00,0.72,0.0,0.0
2016-01-25 05:00:00,0.64,0.0,0.0
2016-01-25 06:00:00,0.75,0.0,0.0
2016-01-25 07:00:00,0.73,28.553871,0.7605555555555555
2016-01-25 08:00:00,0.66,146.07072,1.0
2016-01-25 09:00:00,0.75,257.3477,1.0
2016-01-25 10:00:00,0.86,369.98615,1.0
2016-01-25 11:00:00,0.81,645.1638,1.0
2016-01-25 12:00:00,0.51,583.65906,1.0
2016-01-25 13:00:00,0.44,496.59723,1.0
2016-01-25 14:00:00,0.56,401.82663,1.0
2016-01-25 15:00:00,0.84,218.97403,1.0
2016-01-25 16:00:00,0.79,88.691216,1.0
2016-01-25 17:00:00,0.86,0.0,0.18611111111111112
2016-01-25 18:00:00,0.75,0.0,0.0
2016-01-25 19:00:00,0.58,0.0,0.0
2016-01-25 20:00:00,0.5,0.0,0.0
2016-01-25 21:00:00,0.27,0.0,0.0
2016-01-25 22:00:00,0.13,0.0,0.0
2016-01-25 23:00:00,0.16,0.0,0.0
2016-01-26 00:00:00,0.42,0.0,0.0
2016-01-26 01:00:00,0.6,0.0,0.0
2016-01-26 02:00:00,0.45,0.0,0.0
2016-01-26 03:00:00,0.1,0.0,0.0
2016-01-26 04:00:00,0.04,0.0,0.0
2016-01-26 05:00:00,0.03,0.0,0.0
2016-01-26 06:00:00,0.08,0.0,0.0
2016-01-26 07:00:00,0.03,62.860123,0.7727777777777778
2016-01-26 08:00:00,0.05,291.8275,1.0
2016-01-26 09:00:00,0.03,498.82364,1.0
2016-01-26 10:00:00,0.0,656.06116,1.0
2016-01-26 11:00:00,0.01,735.4213,1.0
2016-01-26 12:00:00,0.02,740.7535,1.0
2016-01-26 13:00:00,0.03,670.119,1.0
2016-01-26 14:00:00,0.02,531.0998,1.0
2016-01-26 15:00:00,0.04,324.5916,1.0
2016-01-26 16:00:00,0.03,111.16971,1.0
2016-01-26 17:00:00,0.02,0.0,0.2061111111111111
2016-01-26 18:00:00,0.14,0.0,0.0
2016-01-26 19:00:00,0.01,0.0,0.0
2016-01-26 20:00:00,0.0,0.0,0.0
2016-01-26 21:00:00,0.0,0.0,0.0
2016-01-26 22:00:00,0.0,0.0,0.0
2016-01-26 23:00:00,0.0,0.0,0.0
2016-01-27 00:00:00,0.0,0.0,0.0
2016-01-27 01:00:00,0.04,0.0,0.0
2016-01-27 02:00:00,0.13,0.0,0.0
2016-01-27 03:00:00,0.27,0.0,0.0
2016-01-27 04:00:00,0.66,0.0,0.0
2016-01-27 05:00:00,0.82,0.0,0.0
2016-01-27 06:00:00,0.85,0.0,0.0
2016-01-27 07:00:00,0.75,62.194798,0.7855555555555556
2016-01-27 08:00:00,0.32,283.70776,1.0
2016-01-27 09:00:00,0.04,463.63696,1.0
2016-01-27 10:00:00,0.19,623.94446,1.0
2016-01-27 11:00:00,0.19,712.42596,1.0
2016-01-27 12:00:00,0.14,721.04913,1.0
2016-01-27 13:00:00,0.08,655.1357,1.0
2016-01-27 14:00:00,0.0,524.1121,1.0
2016-01-27 15:00:00,0.0,337.68768,1.0
2016-01-27 16:00:00,0.0,125.8724,1.0
2016-01-27 17:00:00,0.0,0.0,0.22583333333333333
2016-01-27 18:00:00,0.0,0.0,0.0
2016-01-27 19:00:00,0.0,0.0,0.0
2016-01-27 20:00:00,0.0,0.0,0.0
2016-01-27 21:00:00,0.0,0.0,0.0
2016-01-27 22:00:00,0.0,0.0,0.0
2016-01-27 23:00:00,0.02,0.0,0.0
2016-01-28 00:00:00,0.0,0.0,0.0
2016-01-28 01:00:00,0.0,0.0,0.0
2016-01-28 02:00:00,0.0,0.0,0.0
2016-01-28 03:00:00,0.01,0.0,0.0
2016-01-28 04:00:00,0.0,0.0,0.0
2016-01-28 05:00:00,0.0,0.0,0.0
2016-01-28 06:00:00,0.0,0.0,0.0
2016-01-28 07:00:00,0.03,67.387184,0.7986111111111112
2016-01-28 08:00:00,0.24,292.78906,1.0
2016-01-28 09:00:00,0.39,503.2889,1.0
2016-01-28 10:00:00,0.31,647.8279,1.0
2016-01-28 11:00:00,0.03,729.2931,1.0
2016-01-28 12:00:00,0.0,735.71985,1.0
2016-01-28 13:00:00,0.0,668.4226,1.0
2016-01-28 14:00:00,0.0,536.67676,1.0
2016-01-28 15:00:00,0.0,349.0439,1.0
2016-01-28 16:00:00,0.0,133.83105,1.0
2016-01-28 17:00:00,0.0,0.0,0.24583333333333332
2016-01-28 18:00:00,0.0,0.0,0.0
2016-01-28 19:00:00,0.0,0.0,0.0
2016-01-28 20:00:00,0.0,0.0,0.0
2016-01-28 21:00:00,0.0,0.0,0.0
2016-01-28 22:00:00,0.0,0.0,0.0
2016-01-28 23:00:00,0.0,0.0,0.0
2016-01-29 00:00:00,0.0,0.0,0.0
2016-01-29 01:00:00,0.0,0.0,0.0
2016-01-29 02:00:00,0.0,0.0,0.0
2016-01-29 03:00:00,0.0,0.0,0.0
2016-01-29 04:00:00,0.82,0.0,0.0
2016-01-29 05:00:00,0.98,0.0,0.0
2016-01-29 06:00:00,0.94,0.0,0.0
2016-01-29 07:00:00,0.84,17.890615,0.8125
2016-01-29 08:00:00,0.86,181.02368,1.0
2016-01-29 09:00:00,0.93,301.37054,1.0
2016-01-29 10:00:00,0.86,540.4324,1.0
2016-01-29 11:00:00,0.42,675.87256,1.0
2016-01-29 12:00:00,0.15,712.76324,1.0
2016-01-29 13:00:00,0.01,665.63165,1.0
2016-01-29 14:00:00,0.03,538.07263,1.0
2016-01-29 15:00:00,0.58,343.29486,1.0
2016-01-29 16:00:00,0.96,134.62593,1.0
2016-01-29 17:00:00,1.0,0.0,0.2658333333333333
2016-01-29 18:00:00,0.98,0.0,0.0
2016-01-29 19:00:00,0.99,0.0,0.0
2016-01-29 20:00:00,0.98,0.0,0.0
2016-01-29 21:00:00,0.96,0.0,0.0
2016-01-29 22:00:00,0.96,0.0,0.0
2016-01-29 23:00:00,0.97,0.0,0.0
2016-01-30 00:00:00,0.99,0.0,0.0
2016-01-30 01:00:00,0.98,0.0,0.0
2016-01-30 02:00:00,0.81,0.0,0.0
2016-01-30 03:00:00,0.61,0.0,0.0
2016-01-30 04:00:00,0.96,0.0,0.0
2016-01-30 05:00:00,0.98,0.0,0.0
2016-01-30 06:00:00,0.98,0.0,0.0
2016-01-30 07:00:00,0.98,38.420795,0.8263888888888888
2016-01-30 08:00:00,0.97,180.12756,1.0
2016-01-30 09:00:00,1.0,382.05948,1.0
2016-01-30 10:00:00,0.82,582.6016,1.0
2016-01-30 11:00:00,0.67,664.69324,1.0
2016-01-30 12:00:00,0.34,719.715,1.0
2016-01-30 13:00:00,0.05,576.01227,1.0
2016-01-30 14:00:00,0.25,457.48648,1.0
2016-01-30 15:00:00,0.99,269.8708,1.0
2016-01-30 16:00:00,0.97,103.847305,1.0
2016-01-30 17:00:00,0.99,1.9878461,0.28583333333333333
2016-01-30 18:00:00,1.0,0.0,0.0
2016-01-30 19:00:00,1.0,0.0,0.0
2016-01-30 20:00:00,1.0,0.0,0.0
2016-01-30 21:00:00,0.95,0.0,0.0
2016-01-30 22:00:00,1.0,0.0,0.0
2016-01-30 23:00:00,1.0,0.0,0.0
2016-01-31 00:00:00,1.0,0.0,0.0
2016-01-31 01:00:00,0.98,0.0,0.0
2016-01-31 02:00:00,0.54,0.0,0.0
2016-01-31 03:00:00,1.0,0.0,0.0
2016-01-31 04:00:00,0.98,0.0,0.0
2016-01-31 05:00:00,0.97,0.0,0.0
2016-01-31 06:00:00,0.51,0.0,0.0
2016-01-31 07:00:00,0.56,27.910421,0.8408333333333333
2016-01-31 08:00:00,0.78,118.05252,1.0
2016-01-31 09:00:00,0.88,241.92618,1.0
2016-01-31 10:00:00,0.96,328.2197,1.0
2016-01-31 11:00:00,1.0,384.11768,1.0
2016-01-31 12:00:00,1.0,296.39972,1.0
2016-01-31 13:00:00,0.98,420.52505,1.0
2016-01-31 14:00:00,1.0,298.70276,1.0
2016-01-31 15:00:00,1.0,177.09964,1.0
2016-01-31 16:00:00,1.0,55.000984,1.0
2016-01-31 17:00:00,1.0,0.99392307,0.30583333333333335
2016-01-31 18:00:00,1.0,0.0,0.0
2016-01-31 19:00:00,1.0,0.0,0.0
2016-01-31 20:00:00,1.0,0.0,0.0
2016-01-31 21:00:00,1.0,0.0,0.0
2016-01-31 22:00:00,0.99,0.0,0.0
2016-01-31 23:00:00,0.99,0.0,0.0
2016-02-01 00:00:00,1.0,0.0,0.0
2016-02-01 01:00:00,0.99,0.0,0.0
2016-02-01 02:00:00,0.99,0.0,0.0
2016-02-01 03:00:00,0.9,0.0,0.0
2016-02-01 04:00:00,0.96,0.0,0.0
2016-02-01 05:00:00,0.98,0.0,0.0
2016-02-01 06:00:00,1.0,0.0,0.0
2016-02-01 07:00:00,1.0,34.30787,0.8558333333333333
2016-02-01 08:00:00,1.0,97.80778,1.0
2016-02-01 09:00:00,1.0,189.38268,1.0
2016-02-01 10:00:00,1.0,206.78033,1.0
2016-02-01 11:00:00,1.0,302.88907,1.0
2016-02-01 12:00:00,1.0,226.57584,1.0
2016-02-01 13:00:00,1.0,205.2118,1.0
2016-02-01 14:00:00,1.0,175.15831,1.0
2016-02-01 15:00:00,0.99,105.596,1.0
2016-02-01 16:00:00,1.0,39.756924,1.0
2016-02-01 17:00:00,1.0,0.99392307,0.32555555555555554
2016-02-01 18:00:00,1.0,0.0,0.0
2016-02-01 19:00:00,1.0,0.0,0.0
2016-02-01 20:00:00,1.0,0.0,0.0
2016-02-01 21:00:00,1.0,0.0,0.0
2016-02-01 22:00:00,1.0,0.0,0.0
2016-02-01 23:00:00,1.0,0.0,0.0
2016-02-02 00:00:00,1.0,0.0,0.0
2016-02-02 01:00:00,1.0,0.0,0.0
2016-02-02 02:00:00,1.0,0.0,0.0
2016-02-02 03:00:00,1.0,0.0,0.0
2016-02-02 04:00:00,1.0,0.0,0.0
2016-02-02 05:00:00,1.0,0.0,0.0
2016-02-02 06:00:00,1.0,0.0,0.0
2016-02-02 07:00:00,1.0,24.416742,0.8711111111111111
2016-02-02 08:00:00,1.0,128.25438,1.0
2016-02-02 09:00:00,1.0,253.26971,1.0
2016-02-02 10:00:00,1.0,337.08945,1.0
2016-02-02 11:00:00,1.0,455.1371,1.0
2016-02-02 12:00:00,1.0,454.86182,1.0
2016-02-02 13:00:00,1.0,414.90405,1.0
2016-02-02 14:00:00,0.99,262.0443,1.0
2016-02-02 15:00:00,0.98,231.04877,1.0
2016-02-02 16:00:00,0.98,96.06532,1.0
2016-02-02 17:00:00,0.98,3.9756923,0.3452777777777778
2016-02-02 18:00:00,0.97,0.0,0.0
2016-02-02 19:00:00,0.96,0.0,0.0
2016-02-02 20:00:00,0.91,0.0,0.0
2016-02-02 21:00:00,0.96,0.0,0.0
2016-02-02 22:00:00,0.95,0.0,0.0
2016-02-02 23:00:00,0.79,0.0,0.0
2016-02-03 00:00:00,0.55,0.0,0.0
2016-02-03 01:00:00,0.19,0.0,0.0
2016-02-03 02:00:00,0.17,0.0,0.0
2016-02-03 03:00:00,0.23,0.0,0.0
2016-02-03 04:00:00,0.16,0.0,0.0
2016-02-03 05:00:00,0.2,0.0,0.0
2016-02-03 06:00:00,0.35,0.0,0.0
2016-02-03 07:00:00,0.46,74.58723,0.8866666666666667
2016-02-03 08:00:00,0.4,295.44897,1.0
2016-02-03 09:00:00,0.56,440.90875,1.0
2016-02-03 10:00:00,0.6,628.6845,1.0
2016-02-03 11:00:00,0.63,706.71704,1.0
2016-02-03 12:00:00,0.76,726.9868,1.0
2016-02-03 13:00:00,0.79,639.41394,1.0
2016-02-03 14:00:00,0.88,498.118,1.0
2016-02-03 15:00:00,0.73,329.56903,1.0
2016-02-03 16:00:00,0.27,143.17151,1.0
2016-02-03 17:00:00,0.02,7.721728,0.365
2016-02-03 18:00:00,0.0,0.0,0.0
2016-02-03 19:00:00,0.0,0.0,0.0
2016-02-03 20:00:00,0.0,0.0,0.0
2016-02-03 21:00:00,0.0,0.0,0.0
2016-02-03 22:00:00,0.0,0.0,0.0
2016-02-03 23:00:00,0.0,0.0,0.0
2016-02-04 00:00:00,0.0,0.0,0.0
2016-02-04 01:00:00,0.0,0.0,0.0
2016-02-04 02:00:00,0.0,0.0,0.0
2016-02-04 03:00:00,0.0,0.0,0.0
2016-02-04 04:00:00,0.0,0.0,0.0
2016-02-04 05:00:00,0.22,0.0,0.0
2016-02-04 06:00:00,0.09,0.0,0.0
2016-02-04 07:00:00,0.0,90.73935,0.9027777777777778
2016-02-04 08:00:00,0.0,333.2633,1.0
2016-02-04 09:00:00,0.06,539.72284,1.0
2016-02-04 10:00:00,0.1,688.1702,1.0
2016-02-04 11:00:00,0.81,730.84045,1.0
2016-02-04 12:00:00,0.97,707.65967,1.0
2016-02-04 13:00:00,0.98,605.42883,1.0
2016-02-04 14:00:00,0.99,359.47842,1.0
2016-02-04 15:00:00,0.99,230.97252,1.0
2016-02-04 16:00:00,1.0,89.59323,1.0
2016-02-04 17:00:00,1.0,2.981769,0.3844444444444444
2016-02-04 18:00:00,1.0,0.0,0.0
2016-02-04 19:00:00,1.0,0.0,0.0
2016-02-04 20:00:00,1.0,0.0,0.0
2016-02-04 21:00:00,0.98,0.0,0.0
2016-02-04 22:00:00,1.0,0.0,0.0
2016-02-04 23:00:00,1.0,0.0,0.0
2016-02-05 00:00:00,1.0,0.0,0.0
2016-02-05 01:00:00,0.99,0.0,0.0
2016-02-05 02:00:00,0.99,0.0,0.0
2016-02-05 03:00:00,1.0,0.0,0.0
2016-02-05 04:00:00,0.99,0.0,0.0
2016-02-05 05:00:00,0.82,0.0,0.0
2016-02-05 06:00:00,0.5,0.0,0.0
2016-02-05 07:00:00,0.32,69.95197,0.9194444444444444
2016-02-05 08:00:00,0.36,252.09044,1.0
2016-02-05 09:00:00,0.22,515.6337,1.0
2016-02-05 10:00:00,0.33,678.55914,1.0
2016-02-05 11:00:00,0.25,761.16583,1.0
2016-02-05 12:00:00,0.06,792.67004,1.0
2016-02-05 13:00:00,0.0,726.69476,1.0
2016-02-05 14:00:00,0.0,591.17596,1.0
2016-02-05 15:00:00,0.0,397.65167,1.0
2016-02-05 16:00:00,0.0,168.80945,1.0
2016-02-05 17:00:00,0.02,8.466954,0.4038888888888889
2016-02-05 18:00:00,0.05,0.0,0.0
2016-02-05 19:00:00,0.01,0.0,0.0
2016-02-05 20:00:00,0.01,0.0,0.0
2016-02-05 21:00:00,0.01,0.0,0.0
2016-02-05 22:00:00,0.03,0.0,0.0
2016-02-05 23:00:00,0.13,0.0,0.0
2016-02-06 00:00:00,0.23,0.0,0.0
2016-02-06 01:00:00,0.46,0.0,0.0
2016-02-06 02:00:00,0.01,0.0,0.0
2016-02-06 03:00:00,0.24,0.0,0.0
2016-02-06 04:00:00,0.26,0.0,0.0
2016-02-06 05:00:00,0.23,0.0,0.0
2016-02-06 06:00:00,0.0,0.0,0.0
2016-02-06 07:00:00,0.04,97.166504,0.9366666666666666
2016-02-06 08:00:00,0.41,338.1003,1.0
2016-02-06 09:00:00,0.62,511.19983,1.0
2016-02-06 10:00:00,0.81,579.6977,1.0
2016-02-06 11:00:00,0.91,681.9997,1.0
2016-02-06 12:00:00,0.99,656.22375,1.0
2016-02-06 13:00:00,0.89,525.3989,1.0
2016-02-06 14:00:00,0.79,369.87854,1.0
2016-02-06 15:00:00,0.75,312.96112,1.0
2016-02-06 16:00:00,0.65,153.49657,1.0
2016-02-06 17:00:00,0.04,9.81332,0.4236111111111111
2016-02-06 18:00:00,0.0,0.0,0.0
2016-02-06 19:00:00,0.36,0.0,0.0
2016-02-06 20:00:00,0.77,0.0,0.0
2016-02-06 21:00:00,0.83,0.0,0.0
2016-02-06 22:00:00,0.73,0.0,0.0
2016-02-06 23:00:00,0.04,0.0,0.0
2016-02-07 00:00:00,0.06,0.0,0.0
2016-02-07 01:00:00,0.0,0.0,0.0
2016-02-07 02:00:00,0.0,0.0,0.0
2016-02-07 03:00:00,0.0,0.0,0.0
2016-02-07 04:00:00,0.02,0.0,0.0
2016-02-07 05:00:00,0.06,0.0,0.0
2016-02-07 06:00:00,0.71,0.0,0.0
2016-02-07 07:00:00,0.31,98.20628,0.9547222222222222
2016-02-07 08:00:00,0.04,340.23328,1.0
2016-02-07 09:00:00,0.02,531.42993,1.0
2016-02-07 10:00:00,0.02,701.9862,1.0
2016-02-07 11:00:00,0.13,751.7032,1.0
2016-02-07 12:00:00,0.11,756.4734,1.0
2016-02-07 13:00:00,0.58,699.44305,1.0
2016-02-07 14:00:00,0.55,544.84314,1.0
2016-02-07 15:00:00,0.52,378.2033,1.0
2016-02-07 16:00:00,0.66,164.65201,1.0
2016-02-07 17:00:00,0.32,10.235616,0.44333333333333336
2016-02-07 18:00:00,0.59,0.0,0.0
2016-02-07 19:00:00,0.6,0.0,0.0
2016-02-07 20:00:00,0.47,0.0,0.0
2016-02-07 21:00:00,0.09,0.0,0.0
2016-02-07 22:00:00,0.02,0.0,0.0
2016-02-07 23:00:00,0.01,0.0,0.0
2016-02-08 00:00:00,0.45,0.0,0.0
2016-02-08 01:00:00,0.13,0.0,0.0
2016-02-08 02:00:00,0.01,0.0,0.0
2016-02-08 03:00:00,0.0,0.0,0.0
2016-02-08 04:00:00,0.29,0.0,0.0
2016-02-08 05:00:00,0.28,0.0,0.0
2016-02-08 06:00:00,0.07,0.0,0.0
2016-02-08 07:00:00,0.23,94.926216,0.9730555555555556
2016-02-08 08:00:00,0.13,290.85483,1.0
2016-02-08 09:00:00,0.04,505.13037,1.0
2016-02-08 10:00:00,0.28,669.7225,1.0
2016-02-08 11:00:00,0.81,778.52856,1.0
2016-02-08 12:00:00,0.87,732.16864,1.0
2016-02-08 13:00:00,0.84,709.19214,1.0
2016-02-08 14:00:00,0.48,581.2714,1.0
2016-02-08 15:00:00,0.18,395.93912,1.0
2016-02-08 16:00:00,0.25,174.50671,1.0
2016-02-08 17:00:00,0.41,11.922951,0.46305555555555555
2016-02-08 18:00:00,0.09,0.0,0.0
2016-02-08 19:00:00,0.08,0.0,0.0
2016-02-08 20:00:00,0.35,0.0,0.0
2016-02-08 21:00:00,0.52,0.0,0.0
2016-02-08 22:00:00,0.45,0.0,0.0
2016-02-08 23:00:00,0.4,0.0,0.0
2016-02-09 00:00:00,0.01,0.0,0.0
2016-02-09 01:00:00,0.0,0.0,0.0
2016-02-09 02:00:00,0.0,0.0,0.0
2016-02-09 03:00:00,0.0,0.0,0.0
2016-02-09 04:00:00,0.0,0.0,0.0
2016-02-09 05:00:00,0.0,0.0,0.0
2016-02-09 06:00:00,0.0,0.0,0.0
2016-02-09 07:00:00,0.0,106.256714,0.9916666666666667
2016-02-09 08:00:00,0.0,348.26334,1.0
2016-02-09 09:00:00,0.0,556.9173,1.0
2016-02-09 10:00:00,0.0,709.316,1.0
2016-02-09 11:00:00,0.0,792.505,1.0
2016-02-09 12:00:00,0.0,801.47656,1.0
2016-02-09 13:00:00,0.0,733.80884,1.0
2016-02-09 14:00:00,0.0,598.4313,1.0
2016-02-09 15:00:00,0.0,405.61398,1.0
2016-02-09 16:00:00,0.0,181.77386,1.0
2016-02-09 17:00:00,0.0,13.125165,0.48277777777777775
2016-02-09 18:00:00,0.0,0.0,0.0
2016-02-09 19:00:00,0.0,0.0,0.0
2016-02-09 20:00:00,0.0,0.0,0.0
2016-02-09 21:00:00,0.0,0.0,0.0
2016-02-09 22:00:00,0.0,0.0,0.0
2016-02-09 23:00:00,0.0,0.0,0.0
2016-02-10 00:00:00,0.0,0.0,0.0
2016-02-10 01:00:00,0.0,0.0,0.0
2016-02-10 02:00:00,0.0,0.0,0.0
2016-02-10 03:00:00,0.0,0.0,0.0
2016-02-10 04:00:00,0.0,0.0,0.0
2016-02-10 05:00:00,0.0,0.0,0.0
2016-02-10 06:00:00,0.0,0.0,0.011111111111111112
2016-02-10 07:00:00,0.0,115.23161,1.0
2016-02-10 08:00:00,0.0,362.56055,1.0
2016-02-10 09:00:00,0.0,574.0818,1.0
2016-02-10 10:00:00,0.0,727.184,1.0
2016-02-10 11:00:00,0.0,809.6138,1.0
2016-02-10 12:00:00,0.02,817.31036,1.0
2016-02-10 13:00:00,0.47,749.27905,1.0
2016-02-10 14:00:00,0.48,607.3126,1.0
2016-02-10 15:00:00,0.49,412.44666,1.0
2016-02-10 16:00:00,0.74,180.6916,1.0
2016-02-10 17:00:00,0.49,12.611434,0.5025
2016-02-10 18:00:00,1.0,0.0,0.0
2016-02-10 19:00:00,0.8,0.0,0.0
2016-02-10 20:00:00,0.11,0.0,0.0
2016-02-10 21:00:00,0.0,0.0,0.0
2016-02-10 22:00:00,0.0,0.0,0.0
2016-02-10 23:00:00,0.0,0.0,0.0
2016-02-11 00:00:00,0.0,0.0,0.0
2016-02-11 01:00:00,0.0,0.0,0.0
2016-02-11 02:00:00,0.0,0.0,0.0
2016-02-11 03:00:00,0.06,0.0,0.0
2016-02-11 04:00:00,0.16,0.0,0.0
2016-02-11 05:00:00,0.18,0.0,0.0
2016-02-11 06:00:00,0.32,0.0,0.030555555555555555
2016-02-11 07:00:00,0.57,103.90403,1.0
2016-02-11 08:00:00,0.14,354.09467,1.0
2016-02-11 09:00:00,0.19,546.90356,1.0
2016-02-11 10:00:00,0.45,683.7511,1.0
2016-02-11 11:00:00,0.51,780.8884,1.0
2016-02-11 12:00:00,0.3,767.0466,1.0
2016-02-11 13:00:00,0.3,728.93085,1.0
2016-02-11 14:00:00,0.31,594.57477,1.0
2016-02-11 15:00:00,0.3,407.1666,1.0
2016-02-11 16:00:00,0.35,184.81071,1.0
2016-02-11 17:00:00,0.51,16.068178,0.5222222222222223
2016-02-11 18:00:00,0.8,0.0,0.0
2016-02-11 19:00:00,0.85,0.0,0.0
2016-02-11 20:00:00,0.75,0.0,0.0
2016-02-11 21:00:00,0.54,0.0,0.0
2016-02-11 22:00:00,0.05,0.0,0.0
2016-02-11 23:00:00,0.13,0.0,0.0
2016-02-12 00:00:00,0.29,0.0,0.0
2016-02-12 01:00:00,0.31,0.0,0.0
2016-02-12 02:00:00,0.21,0.0,0.0
2016-02-12 03:00:00,0.34,0.0,0.0
2016-02-12 04:00:00,0.43,0.0,0.0
2016-02-12 05:00:00,0.12,0.0,0.0
2016-02-12 06:00:00,0.0,0.0,0.050833333333333335
2016-02-12 07:00:00,0.0,112.687256,1.0
2016-02-12 08:00:00,0.03,350.61423,1.0
2016-02-12 09:00:00,0.02,556.3487,1.0
2016-02-12 10:00:00,0.02,704.59576,1.0
2016-02-12 11:00:00,0.26,789.16565,1.0
2016-02-12 12:00:00,0.42,795.86664,1.0
2016-02-12 13:00:00,0.17,730.8032,1.0
2016-02-12 14:00:00,0.0,598.0506,1.0
2016-02-12 15:00:00,0.0,410.97906,1.0
2016-02-12 16:00:00,0.05,190.16481,1.0
2016-02-12 17:00:00,0.21,17.157314,0.5419444444444445
2016-02-12 18:00:00,0.7,0.0,0.0
2016-02-12 19:00:00,0.81,0.0,0.0
2016-02-12 20:00:00,0.2,0.0,0.0
2016-02-12 21:00:00,0.31,0.0,0.0
2016-02-12 22:00:00,0.66,0.0,0.0
2016-02-12 23:00:00,0.79,0.0,0.0
2016-02-13 00:00:00,0.89,0.0,0.0
2016-02-13 01:00:00,0.91,0.0,0.0
2016-02-13 02:00:00,0.65,0.0,0.0
2016-02-13 03:00:00,0.65,0.0,0.0
2016-02-13 04:00:00,0.71,0.0,0.0
2016-02-13 05:00:00,0.93,0.0,0.0
2016-02-13 06:00:00,0.96,0.0,0.07111111111111111
2016-02-13 07:00:00,0.96,91.254845,1.0
2016-02-13 08:00:00,0.89,284.36655,1.0
2016-02-13 09:00:00,0.68,471.70792,1.0
2016-02-13 10:00:00,0.4,705.6814,1.0
2016-02-13 11:00:00,0.18,822.028,1.0
2016-02-13 12:00:00,0.32,802.64496,1.0
2016-02-13 13:00:00,0.2,716.381,1.0
2016-02-13 14:00:00,0.0,621.9299,1.0
2016-02-13 15:00:00,0.0,429.79156,1.0
2016-02-13 16:00:00,0.0,198.7984,1.0
2016-02-13 17:00:00,0.0,19.455847,0.5616666666666666
2016-02-13 18:00:00,0.12,0.0,0.0
2016-02-13 19:00:00,0.19,0.0,0.0
2016-02-13 20:00:00,0.01,0.0,0.0
2016-02-13 21:00:00,0.0,0.0,0.0
2016-02-13 22:00:00,0.0,0.0,0.0
2016-02-13 23:00:00,0.0,0.0,0.0
2016-02-14 00:00:00,0.0,0.0,0.0
2016-02-14 01:00:00,0.0,0.0,0.0
2016-02-14 02:00:00,0.0,0.0,0.0
2016-02-14 03:00:00,0.0,0.0,0.0
2016-02-14 04:00:00,0.01,0.0,0.0
2016-02-14 05:00:00,0.0,0.0,0.0
2016-02-14 06:00:00,0.08,0.0,0.09194444444444444
2016-02-14 07:00:00,0.08,88.83942,1.0
2016-02-14 08:00:00,0.57,238.87599,1.0
2016-02-14 09:00:00,0.89,475.7919,1.0
2016-02-14 10:00:00,0.89,679.3889,1.0
2016-02-14 11:00:00,0.51,755.4199,1.0
2016-02-14 12:00:00,0.4,779.67175,1.0
2016-02-14 13:00:00,0.33,696.6568,1.0
2016-02-14 14:00:00,0.37,550.14905,1.0
2016-02-14 15:00:00,0.34,369.96503,1.0
2016-02-14 16:00:00,0.28,173.55046,1.0
2016-02-14 17:00:00,0.24,18.98518,0.5813888888888888
2016-02-14 18:00:00,0.43,0.0,0.0
2016-02-14 19:00:00,0.68,0.0,0.0
2016-02-14 20:00:00,0.49,0.0,0.0
2016-02-14 21:00:00,0.32,0.0,0.0
2016-02-14 22:00:00,0.63,0.0,0.0
2016-02-14 23:00:00,0.48,0.0,0.0
2016-02-15 00:00:00,0.44,0.0,0.0
2016-02-15 01:00:00,0.21,0.0,0.0
2016-02-15 02:00:00,0.2,0.0,0.0
2016-02-15 03:00:00,0.4,0.0,0.0
2016-02-15 04:00:00,0.5,0.0,0.0
2016-02-15 05:00:00,0.7,0.0,0.0
2016-02-15 06:00:00,0.84,0.0,0.11305555555555556
2016-02-15 07:00:00,0.89,95.156525,1.0
2016-02-15 08:00:00,0.86,313.6364,1.0
2016-02-15 09:00:00,0.47,509.20248,1.0
2016-02-15 10:00:00,0.41,682.552,1.0
2016-02-15 11:00:00,0.85,713.9191,1.0
2016-02-15 12:00:00,0.88,726.8633,1.0
2016-02-15 13:00:00,0.79,648.2596,1.0
2016-02-15 14:00:00,0.6,544.4101,1.0
2016-02-15 15:00:00,0.38,380.0746,1.0
2016-02-15 16:00:00,0.42,177.98167,1.0
2016-02-15 17:00:00,0.49,18.362524,0.6011111111111112
2016-02-15 18:00:00,0.44,0.0,0.0
2016-02-15 19:00:00,0.18,0.0,0.0
2016-02-15 20:00:00,0.16,0.0,0.0
2016-02-15 21:00:00,0.28,0.0,0.0
2016-02-15 22:00:00,0.24,0.0,0.0
2016-02-15 23:00:00,0.28,0.0,0.0
2016-02-16 00:00:00,0.3,0.0,0.0
2016-02-16 01:00:00,0.51,0.0,0.0
2016-02-16 02:00:00,0.59,0.0,0.0
2016-02-16 03:00:00,0.55,0.0,0.0
2016-02-16 04:00:00,0.58,0.0,0.0
2016-02-16 05:00:00,0.52,0.0,0.0
2016-02-16 06:00:00,0.5,0.0,0.13444444444444445
2016-02-16 07:00:00,0.45,88.4363,1.0
2016-02-16 08:00:00,0.34,266.42676,1.0
2016-02-16 09:00:00,0.4,480.2722,1.0
2016-02-16 10:00:00,0.14,596.96967,1.0
2016-02-16 11:00:00,0.5,777.3028,1.0
2016-02-16 12:00:00,0.6,778.5681,1.0
2016-02-16 13:00:00,0.23,738.68616,1.0
2016-02-16 14:00:00,0.09,607.04156,1.0
2016-02-16 15:00:00,0.19,420.23398,1.0
2016-02-16 16:00:00,0.0,200.78421,1.0
2016-02-16 17:00:00,0.62,22.133018,0.6205555555555555
2016-02-16 18:00:00,0.03,0.0,0.0
2016-02-16 19:00:00,0.0,0.0,0.0
2016-02-16 20:00:00,0.0,0.0,0.0
2016-02-16 21:00:00,0.0,0.0,0.0
2016-02-16 22:00:00,0.0,0.0,0.0
2016-02-16 23:00:00,0.18,0.0,0.0
2016-02-17 00:00:00,0.02,0.0,0.0
2016-02-17 01:00:00,0.0,0.0,0.0
2016-02-17 02:00:00,0.0,0.0,0.0
2016-02-17 03:00:00,0.06,0.0,0.0
2016-02-17 04:00:00,0.0,0.0,0.0
2016-02-17 05:00:00,0.0,0.0,0.0
2016-02-17 06:00:00,0.71,0.0,0.15611111111111112
2016-02-17 07:00:00,1.0,100.81444,1.0
2016-02-17 08:00:00,0.92,295.03064,1.0
2016-02-17 09:00:00,0.73,493.53632,1.0
2016-02-17 10:00:00,0.48,696.8417,1.0
2016-02-17 11:00:00,0.53,773.71515,1.0
2016-02-17 12:00:00,0.12,829.18304,1.0
2016-02-17 13:00:00,0.19,763.6112,1.0
2016-02-17 14:00:00,0.3,609.4582,1.0
2016-02-17 15:00:00,0.87,395.07755,1.0
2016-02-17 16:00:00,0.98,192.0781,1.0
2016-02-17 17:00:00,1.0,19.888964,0.64
2016-02-17 18:00:00,0.95,0.0,0.0
2016-02-17 19:00:00,0.95,0.0,0.0
2016-02-17 20:00:00,0.93,0.0,0.0
2016-02-17 21:00:00,0.95,0.0,0.0
2016-02-17 22:00:00,0.98,0.0,0.0
2016-02-17 23:00:00,0.96,0.0,0.0
2016-02-18 00:00:00,0.93,0.0,0.0
2016-02-18 01:00:00,0.9,0.0,0.0
2016-02-18 02:00:00,0.96,0.0,0.0
2016-02-18 03:00:00,0.85,0.0,0.0
2016-02-18 04:00:00,0.82,0.0,0.0
2016-02-18 05:00:00,0.94,0.0,0.0
2016-02-18 06:00:00,0.63,0.0,0.17777777777777778
2016-02-18 07:00:00,0.0,129.38081,1.0
2016-02-18 08:00:00,0.0,374.09085,1.0
2016-02-18 09:00:00,0.0,578.2533,1.0
2016-02-18 10:00:00,0.0,723.84015,1.0
2016-02-18 11:00:00,0.0,806.51764,1.0
2016-02-18 12:00:00,0.0,797.0863,1.0
2016-02-18 13:00:00,0.0,736.5448,1.0
2016-02-18 14:00:00,0.0,613.4786,1.0
2016-02-18 15:00:00,0.0,421.30133,1.0
2016-02-18 16:00:00,0.02,195.37706,1.0
2016-02-18 17:00:00,0.01,22.499372,0.6594444444444445
2016-02-18 18:00:00,0.69,0.0,0.0
2016-02-18 19:00:00,0.56,0.0,0.0
2016-02-18 20:00:00,0.96,0.0,0.0
2016-02-18 21:00:00,0.64,0.0,0.0
2016-02-18 22:00:00,0.54,0.0,0.0
2016-02-18 23:00:00,0.67,0.0,0.0
2016-02-19 00:00:00,0.11,0.0,0.0
2016-02-19 01:00:00,0.03,0.0,0.0
2016-02-19 02:00:00,0.0,0.0,0.0
2016-02-19 03:00:00,0.0,0.0,0.0
2016-02-19 04:00:00,0.0,0.0,0.0
2016-02-19 05:00:00,0.0,0.0,0.0
2016-02-19 06:00:00,0.0,0.0,0.2
2016-02-19 07:00:00,0.0,157.3816,1.0
2016-02-19 08:00:00,0.0,398.21878,1.0
2016-02-19 09:00:00,0.0,605.7158,1.0
2016-02-19 10:00:00,0.05,754.521,1.0
2016-02-19 11:00:00,0.64,801.8588,1.0
2016-02-19 12:00:00,1.0,777.80383,1.0
2016-02-19 13:00:00,0.96,709.35376,1.0
2016-02-19 14:00:00,0.93,580.2027,1.0
2016-02-19 15:00:00,0.73,424.23297,1.0
2016-02-19 16:00:00,0.35,212.01016,1.0
2016-02-19 17:00:00,0.1,28.040674,0.6786111111111112
2016-02-19 18:00:00,0.0,0.0,0.0
2016-02-19 19:00:00,0.0,0.0,0.0
2016-02-19 20:00:00,0.0,0.0,0.0
2016-02-19 21:00:00,0.0,0.0,0.0
2016-02-19 22:00:00,0.0,0.0,0.0
2016-02-19 23:00:00,0.0,0.0,0.0
2016-02-20 00:00:00,0.0,0.0,0.0
2016-02-20 01:00:00,0.0,0.0,0.0
2016-02-20 02:00:00,0.0,0.0,0.0
2016-02-20 03:00:00,0.0,0.0,0.0
2016-02-20 04:00:00,0.0,0.0,0.0
2016-02-20 05:00:00,0.0,0.0,0.0
2016-02-20 06:00:00,0.0,0.0,0.2222222222222222
2016-02-20 07:00:00,0.0,156.77113,1.0
2016-02-20 08:00:00,0.0,393.72638,1.0
2016-02-20 09:00:00,0.0,599.484,1.0
2016-02-20 10:00:00,0.0,745.9687,1.0
2016-02-20 11:00:00,0.0,811.0533,1.0
2016-02-20 12:00:00,0.29,798.1595,1.0
2016-02-20 13:00:00,0.58,655.931,1.0
2016-02-20 14:00:00,0.26,585.6172,1.0
2016-02-20 15:00:00,0.0,409.8641,1.0
2016-02-20 16:00:00,0.29,211.03194,1.0
2016-02-20 17:00:00,0.02,29.727453,0.6977777777777778
2016-02-20 18:00:00,0.0,0.0,0.0
2016-02-20 19:00:00,0.0,0.0,0.0
2016-02-20 20:00:00,0.0,0.0,0.0
2016-02-20 21:00:00,0.0,0.0,0.0
2016-02-20 22:00:00,0.0,0.0,0.0
2016-02-20 23:00:00,0.0,0.0,0.0
2016-02-21 00:00:00,0.0,0.0,0.0
2016-02-21 01:00:00,0.0,0.0,0.0
2016-02-21 02:00:00,0.01,0.0,0.0
2016-02-21 03:00:00,0.03,0.0,0.0
2016-02-21 04:00:00,0.01,0.0,0.0
2016-02-21 05:00:00,0.21,0.0,0.0
2016-02-21 06:00:00,0.94,0.0,0.24444444444444444
2016-02-21 07:00:00,0.92,115.87355,1.0
2016-02-21 08:00:00,0.42,339.82996,1.0
2016-02-21 09:00:00,0.21,526.34283,1.0
2016-02-21 10:00:00,0.34,665.9741,1.0
2016-02-21 11:00:00,0.4,798.4484,1.0
2016-02-21 12:00:00,0.63,797.59534,1.0
2016-02-21 13:00:00,0.33,722.7312,1.0
2016-02-21 14:00:00,0.3,609.6138,1.0
2016-02-21 15:00:00,0.49,412.4377,1.0
2016-02-21 16:00:00,0.37,198.31982,1.0
2016-02-21 17:00:00,0.36,29.34541,0.7166666666666667
2016-02-21 18:00:00,0.31,0.0,0.0
2016-02-21 19:00:00,0.06,0.0,0.0
2016-02-21 20:00:00,0.0,0.0,0.0
2016-02-21 21:00:00,0.0,0.0,0.0
2016-02-21 22:00:00,0.0,0.0,0.0
2016-02-21 23:00:00,0.0,0.0,0.0
2016-02-22 00:00:00,0.0,0.0,0.0
2016-02-22 01:00:00,0.0,0.0,0.0
2016-02-22 02:00:00,0.22,0.0,0.0
2016-02-22 03:00:00,0.75,0.0,0.0
2016-02-22 04:00:00,0.76,0.0,0.0
2016-02-22 05:00:00,0.92,0.0,0.0
2016-02-22 06:00:00,0.94,0.0,0.26694444444444443
2016-02-22 07:00:00,0.96,76.98029,1.0
2016-02-22 08:00:00,0.96,215.5731,1.0
2016-02-22 09:00:00,0.94,331.2755,1.0
2016-02-22 10:00:00,0.96,403.18237,1.0
2016-02-22 11:00:00,0.96,582.687,1.0
2016-02-22 12:00:00,0.99,546.1308,1.0
2016-02-22 13:00:00,1.0,388.14655,1.0
2016-02-22 14:00:00,1.0,272.3045,1.0
2016-02-22 15:00:00,0.99,139.61159,1.0
2016-02-22 16:00:00,1.0,70.94681,1.0
2016-02-22 17:00:00,1.0,8.945308,0.7355555555555555
2016-02-22 18:00:00,0.99,0.0,0.0
2016-02-22 19:00:00,1.0,0.0,0.0
2016-02-22 20:00:00,1.0,0.0,0.0
2016-02-22 21:00:00,1.0,0.0,0.0
2016-02-22 22:00:00,1.0,0.0,0.0
2016-02-22 23:00:00,1.0,0.0,0.0
2016-02-23 00:00:00,1.0,0.0,0.0
2016-02-23 01:00:00,1.0,0.0,0.0
2016-02-23 02:00:00,1.0,0.0,0.0
2016-02-23 03:00:00,1.0,0.0,0.0
2016-02-23 04:00:00,1.0,0.0,0.0
2016-02-23 05:00:00,1.0,0.0,0.0
2016-02-23 06:00:00,0.99,0.99392307,0.2897222222222222
2016-02-23 07:00:00,1.0,60.508694,1.0
2016-02-23 08:00:00,0.98,245.78294,1.0
2016-02-23 09:00:00,0.93,458.88525,1.0
2016-02-23 10:00:00,0.94,562.39575,1.0
2016-02-23 11:00:00,0.98,703.989,1.0
2016-02-23 12:00:00,0.98,777.08307,1.0
2016-02-23 13:00:00,0.33,713.59235,1.0
2016-02-23 14:00:00,0.12,642.9342,1.0
2016-02-23 15:00:00,0.18,453.47116,1.0
2016-02-23 16:00:00,0.29,220.29805,1.0
2016-02-23 17:00:00,0.0,38.228054,0.7541666666666667
2016-02-23 18:00:00,0.0,0.0,0.0
2016-02-23 19:00:00,0.0,0.0,0.0
2016-02-23 20:00:00,0.0,0.0,0.0
2016-02-23 21:00:00,0.0,0.0,0.0
2016-02-23 22:00:00,0.0,0.0,0.0
2016-02-23 23:00:00,0.0,0.0,0.0
2016-02-24 00:00:00,0.0,0.0,0.0
2016-02-24 01:00:00,0.0,0.0,0.0
2016-02-24 02:00:00,0.0,0.0,0.0
2016-02-24 03:00:00,0.0,0.0,0.0
2016-02-24 04:00:00,0.0,0.0,0.0
2016-02-24 05:00:00,0.0,0.0,0.0
2016-02-24 06:00:00,0.0,4.990649,0.3125
2016-02-24 07:00:00,0.0,193.38765,1.0
2016-02-24 08:00:00,0.0,442.49976,1.0
2016-02-24 09:00:00,0.0,651.9078,1.0
2016-02-24 10:00:00,0.0,802.9315,1.0
2016-02-24 11:00:00,0.0,879.7965,1.0
2016-02-24 12:00:00,0.0,883.2648,1.0
2016-02-24 13:00:00,0.0,810.624,1.0
2016-02-24 14:00:00,0.02,669.97455,1.0
2016-02-24 15:00:00,0.0,474.43716,1.0
2016-02-24 16:00:00,0.0,243.21399,1.0
2016-02-24 17:00:00,0.0,38.928932,0.7727777777777778
2016-02-24 18:00:00,0.0,0.0,0.0
2016-02-24 19:00:00,0.0,0.0,0.0
2016-02-24 20:00:00,0.15,0.0,0.0
2016-02-24 21:00:00,0.43,0.0,0.0
2016-02-24 22:00:00,0.32,0.0,0.0
2016-02-24 23:00:00,0.13,0.0,0.0
2016-02-25 00:00:00,0.13,0.0,0.0
2016-02-25 01:00:00,0.32,0.0,0.0
2016-02-25 02:00:00,0.69,0.0,0.0
2016-02-25 03:00:00,0.48,0.0,0.0
2016-02-25 04:00:00,0.16,0.0,0.0
2016-02-25 05:00:00,0.02,0.0,0.0
2016-02-25 06:00:00,0.01,5.856678,0.3358333333333333
2016-02-25 07:00:00,0.0,187.58267,1.0
2016-02-25 08:00:00,0.01,429.5909,1.0
2016-02-25 09:00:00,0.0,637.04645,1.0
2016-02-25 10:00:00,0.0,787.41516,1.0
2016-02-25 11:00:00,0.0,868.2699,1.0
2016-02-25 12:00:00,0.0,873.3533,1.0
2016-02-25 13:00:00,0.0,803.23486,1.0
2016-02-25 14:00:00,0.0,664.9109,1.0
2016-02-25 15:00:00,0.0,469.20508,1.0
2016-02-25 16:00:00,0.02,244.29372,1.0
2016-02-25 17:00:00,0.02,40.605633,0.7913888888888889
2016-02-25 18:00:00,0.02,0.0,0.0
2016-02-25 19:00:00,0.0,0.0,0.0
2016-02-25 20:00:00,0.0,0.0,0.0
2016-02-25 21:00:00,0.0,0.0,0.0
2016-02-25 22:00:00,0.0,0.0,0.0
2016-02-25 23:00:00,0.0,0.0,0.0
2016-02-26 00:00:00,0.0,0.0,0.0
2016-02-26 01:00:00,0.0,0.0,0.0
2016-02-26 02:00:00,0.0,0.0,0.0
2016-02-26 03:00:00,0.0,0.0,0.0
2016-02-26 04:00:00,0.0,0.0,0.0
2016-02-26 05:00:00,0.0,0.0,0.0
2016-02-26 06:00:00,0.0,7.5036564,0.35944444444444446
2016-02-26 07:00:00,0.0,193.39268,1.0
2016-02-26 08:00:00,0.01,436.94348,1.0
2016-02-26 09:00:00,0.08,645.7235,1.0
2016-02-26 10:00:00,0.08,797.9771,1.0
2016-02-26 11:00:00,0.0,883.5873,1.0
2016-02-26 12:00:00,0.0,889.8009,1.0
2016-02-26 13:00:00,0.0,820.6486,1.0
2016-02-26 14:00:00,0.0,680.8703,1.0
2016-02-26 15:00:00,0.0,483.47073,1.0
2016-02-26 16:00:00,0.0,252.06245,1.0
2016-02-26 17:00:00,0.0,43.299206,0.81
2016-02-26 18:00:00,0.0,0.0,0.0
2016-02-26 19:00:00,0.0,0.0,0.0
2016-02-26 20:00:00,0.0,0.0,0.0
2016-02-26 21:00:00,0.0,0.0,0.0
2016-02-26 22:00:00,0.0,0.0,0.0
2016-02-26 23:00:00,0.0,0.0,0.0
2016-02-27 00:00:00,0.0,0.0,0.0
2016-02-27 01:00:00,0.0,0.0,0.0
2016-02-27 02:00:00,0.0,0.0,0.0
2016-02-27 03:00:00,0.0,0.0,0.0
2016-02-27 04:00:00,0.0,0.0,0.0
2016-02-27 05:00:00,0.0,0.0,0.0
2016-02-27 06:00:00,0.07,9.939806,0.38333333333333336
2016-02-27 07:00:00,0.0,200.06128,1.0
2016-02-27 08:00:00,0.0,439.57175,1.0
2016-02-27 09:00:00,0.0,636.13336,1.0
2016-02-27 10:00:00,0.12,792.3804,1.0
2016-02-27 11:00:00,0.33,875.66614,1.0
2016-02-27 12:00:00,0.31,826.1492,1.0
2016-02-27 13:00:00,0.91,703.5471,1.0
2016-02-27 14:00:00,0.98,436.77982,1.0
2016-02-27 15:00:00,0.98,337.29233,1.0
2016-02-27 16:00:00,0.81,187.7846,1.0
2016-02-27 17:00:00,0.5,38.88686,0.8283333333333334
2016-02-27 18:00:00,0.22,0.0,0.0
2016-02-27 19:00:00,0.0,0.0,0.0
2016-02-27 20:00:00,0.0,0.0,0.0
2016-02-27 21:00:00,0.0,0.0,0.0
2016-02-27 22:00:00,0.0,0.0,0.0
2016-02-27 23:00:00,0.12,0.0,0.0
2016-02-28 00:00:00,0.12,0.0,0.0
2016-02-28 01:00:00,0.15,0.0,0.0
2016-02-28 02:00:00,0.16,0.0,0.0
2016-02-28 03:00:00,0.1,0.0,0.0
2016-02-28 04:00:00,0.09,0.0,0.0
2016-02-28 05:00:00,0.04,0.0,0.0
2016-02-28 06:00:00,0.03,10.637427,0.4077777777777778
2016-02-28 07:00:00,0.01,199.70422,1.0
2016-02-28 08:00:00,0.0,447.1356,1.0
2016-02-28 09:00:00,0.0,652.87854,1.0
2016-02-28 10:00:00,0.0,804.27026,1.0
2016-02-28 11:00:00,0.0,887.2933,1.0
2016-02-28 12:00:00,0.0,889.9394,1.0
2016-02-28 13:00:00,0.0,818.3626,1.0
2016-02-28 14:00:00,0.0,678.72955,1.0
2016-02-28 15:00:00,0.0,484.5459,1.0
2016-02-28 16:00:00,0.0,255.73647,1.0
2016-02-28 17:00:00,0.0,47.49819,0.8466666666666667
2016-02-28 18:00:00,0.0,0.0,0.0
2016-02-28 19:00:00,0.0,0.0,0.0
2016-02-28 20:00:00,0.0,0.0,0.0
2016-02-28 21:00:00,0.0,0.0,0.0
2016-02-28 22:00:00,0.0,0.0,0.0
2016-02-28 23:00:00,0.0,0.0,0.0
2016-02-29 00:00:00,0.0,0.0,0.0
2016-02-29 01:00:00,0.0,0.0,0.0
2016-02-29 02:00:00,0.0,0.0,0.0
2016-02-29 03:00:00,0.23,0.0,0.0
2016-02-29 04:00:00,0.55,0.0,0.0
2016-02-29 05:00:00,0.19,0.0,0.0
2016-02-29 06:00:00,0.29,11.358912,0.4325
2016-02-29 07:00:00,0.55,197.34053,1.0
2016-02-29 08:00:00,0.19,436.48563,1.0
2016-02-29 09:00:00,0.25,649.9446,1.0
2016-02-29 10:00:00,0.49,786.91864,1.0
2016-02-29 11:00:00,0.14,874.4212,1.0
2016-02-29 12:00:00,0.1,842.0033,1.0
2016-02-29 13:00:00,0.21,730.0418,1.0
2016-02-29 14:00:00,0.47,652.20276,1.0
2016-02-29 15:00:00,0.1,416.37753,1.0
2016-02-29 16:00:00,0.45,228.34666,1.0
2016-02-29 17:00:00,1.0,40.365906,0.865
2016-02-29 18:00:00,1.0,0.0,0.0
2016-02-29 19:00:00,0.92,0.0,0.0
2016-02-29 20:00:00,0.7,0.0,0.0
2016-02-29 21:00:00,0.08,0.0,0.0
2016-02-29 22:00:00,0.07,0.0,0.0
2016-02-29 23:00:00,0.23,0.0,0.0
2016-03-01 00:00:00,0.35,0.0,0.0
2016-03-01 01:00:00,0.35,0.0,0.0
2016-03-01 02:00:00,0.25,0.0,0.0
2016-03-01 03:00:00,0.05,0.0,0.0
2016-03-01 04:00:00,0.05,0.0,0.0
2016-03-01 05:00:00,0.19,0.0,0.0
2016-03-01 06:00:00,0.57,12.1013775,0.4575
2016-03-01 07:00:00,0.88,194.6282,1.0
2016-03-01 08:00:00,0.79,388.19067,1.0
2016-03-01 09:00:00,0.49,582.1027,1.0
2016-03-01 10:00:00,0.93,662.85187,1.0
2016-03-01 11:00:00,0.76,835.2554,1.0
2016-03-01 12:00:00,0.06,854.4109,1.0
2016-03-01 13:00:00,0.02,754.7957,1.0
2016-03-01 14:00:00,0.13,579.98035,1.0
2016-03-01 15:00:00,0.02,465.8469,1.0
2016-03-01 16:00:00,0.19,251.2483,1.0
2016-03-01 17:00:00,0.33,48.686913,0.8830555555555556
2016-03-01 18:00:00,0.54,0.0,0.0
2016-03-01 19:00:00,0.72,0.0,0.0
2016-03-01 20:00:00,0.74,0.0,0.0
2016-03-01 21:00:00,0.43,0.0,0.0
2016-03-01 22:00:00,0.28,0.0,0.0
2016-03-01 23:00:00,0.87,0.0,0.0
2016-03-02 00:00:00,0.97,0.0,0.0
2016-03-02 01:00:00,0.98,0.0,0.0
2016-03-02 02:00:00,0.58,0.0,0.0
2016-03-02 03:00:00,0.51,0.0,0.0
2016-03-02 04:00:00,0.77,0.0,0.0
2016-03-02 05:00:00,0.95,0.0,0.0
2016-03-02 06:00:00,0.57,14.168929,0.48277777777777775
2016-03-02 07:00:00,0.9,143.90265,1.0
2016-03-02 08:00:00,0.83,198.61612,1.0
2016-03-02 09:00:00,0.91,382.69437,1.0
2016-03-02 10:00:00,0.71,565.8752,1.0
2016-03-02 11:00:00,0.13,824.13885,1.0
2016-03-02 12:00:00,0.06,792.5449,1.0
2016-03-02 13:00:00,0.05,750.1283,1.0
2016-03-02 14:00:00,0.14,657.53613,1.0
2016-03-02 15:00:00,0.16,480.37378,1.0
2016-03-02 16:00:00,0.13,242.01186,1.0
2016-03-02 17:00:00,0.0,52.150932,0.9013888888888889
2016-03-02 18:00:00,0.02,0.0,0.0
2016-03-02 19:00:00,0.02,0.0,0.0
2016-03-02 20:00:00,0.02,0.0,0.0
2016-03-02 21:00:00,0.01,0.0,0.0
2016-03-02 22:00:00,0.05,0.0,0.0
2016-03-02 23:00:00,0.67,0.0,0.0
2016-03-03 00:00:00,0.74,0.0,0.0
2016-03-03 01:00:00,0.78,0.0,0.0
2016-03-03 02:00:00,0.01,0.0,0.0
2016-03-03 03:00:00,0.04,0.0,0.0
2016-03-03 04:00:00,0.81,0.0,0.0
2016-03-03 05:00:00,0.89,0.0,0.0
2016-03-03 06:00:00,0.74,18.339031,0.5083333333333333
2016-03-03 07:00:00,0.49,216.84465,1.0
2016-03-03 08:00:00,0.67,463.09146,1.0
2016-03-03 09:00:00,0.52,662.27905,1.0
2016-03-03 10:00:00,0.75,802.38635,1.0
2016-03-03 11:00:00,0.77,862.2617,1.0
2016-03-03 12:00:00,0.95,855.1779,1.0
2016-03-03 13:00:00,0.92,775.64734,1.0
2016-03-03 14:00:00,0.93,619.7324,1.0
2016-03-03 15:00:00,0.99,465.1391,1.0
2016-03-03 16:00:00,0.98,221.1827,1.0
2016-03-03 17:00:00,0.96,48.486046,0.9194444444444444
2016-03-03 18:00:00,0.82,0.0,0.0
2016-03-03 19:00:00,0.85,0.0,0.0
2016-03-03 20:00:00,0.97,0.0,0.0
2016-03-03 21:00:00,0.96,0.0,0.0
2016-03-03 22:00:00,0.95,0.0,0.0
2016-03-03 23:00:00,1.0,0.0,0.0
2016-03-04 00:00:00,0.99,0.0,0.0
2016-03-04 01:00:00,0.98,0.0,0.0
2016-03-04 02:00:00,0.93,0.0,0.0
2016-03-04 03:00:00,0.54,0.0,0.0
2016-03-04 04:00:00,0.35,0.0,0.0
2016-03-04 05:00:00,0.26,0.0,0.0
2016-03-04 06:00:00,0.26,18.934307,0.5338888888888889
2016-03-04 07:00:00,0.18,213.80098,1.0
2016-03-04 08:00:00,0.19,446.7571,1.0
2016-03-04 09:00:00,0.16,651.0347,1.0
2016-03-04 10:00:00,0.51,687.41534,1.0
2016-03-04 11:00:00,0.96,629.7401,1.0
2016-03-04 12:00:00,0.97,626.2391,1.0
2016-03-04 13:00:00,1.0,513.5307,1.0
2016-03-04 14:00:00,0.99,399.58188,1.0
2016-03-04 15:00:00,0.95,276.5112,1.0
2016-03-04 16:00:00,0.89,215.82996,1.0
2016-03-04 17:00:00,0.08,52.348755,0.9375
2016-03-04 18:00:00,0.0,0.0,0.0
2016-03-04 19:00:00,0.0,0.0,0.0
2016-03-04 20:00:00,0.0,0.0,0.0
2016-03-04 21:00:00,0.0,0.0,0.0
2016-03-04 22:00:00,0.0,0.0,0.0
2016-03-04 23:00:00,0.0,0.0,0.0
2016-03-05 00:00:00,0.01,0.0,0.0
2016-03-05 01:00:00,0.0,0.0,0.0
2016-03-05 02:00:00,0.16,0.0,0.0
2016-03-05 03:00:00,0.5,0.0,0.0
2016-03-05 04:00:00,0.95,0.0,0.0
2016-03-05 05:00:00,0.98,0.0,0.0
2016-03-05 06:00:00,1.0,17.345964,0.5597222222222222
2016-03-05 07:00:00,0.96,177.34511,1.0
2016-03-05 08:00:00,0.94,365.846,1.0
2016-03-05 09:00:00,0.79,570.70233,1.0
2016-03-05 10:00:00,0.98,704.38776,1.0
2016-03-05 11:00:00,0.98,717.8954,1.0
2016-03-05 12:00:00,0.99,680.37427,1.0
2016-03-05 13:00:00,0.98,557.54517,1.0
2016-03-05 14:00:00,0.91,493.87286,1.0
2016-03-05 15:00:00,0.68,350.81985,1.0
2016-03-05 16:00:00,0.58,241.51688,1.0
2016-03-05 17:00:00,0.54,55.944656,0.9552777777777778
2016-03-05 18:00:00,0.43,0.0,0.0
2016-03-05 19:00:00,0.71,0.0,0.0
2016-03-05 20:00:00,1.0,0.0,0.0
2016-03-05 21:00:00,0.99,0.0,0.0
2016-03-05 22:00:00,0.98,0.0,0.0
2016-03-05 23:00:00,0.95,0.0,0.0
2016-03-06 00:00:00,0.67,0.0,0.0
2016-03-06 01:00:00,0.43,0.0,0.0
2016-03-06 02:00:00,0.32,0.0,0.0
2016-03-06 03:00:00,0.48,0.0,0.0
2016-03-06 04:00:00,0.37,0.0,0.0
2016-03-06 05:00:00,0.25,0.0,0.0
2016-03-06 06:00:00,0.05,24.294273,0.5858333333333333
2016-03-06 07:00:00,0.01,230.07838,1.0
2016-03-06 08:00:00,0.0,465.53094,1.0
2016-03-06 09:00:00,0.02,673.4025,1.0
2016-03-06 10:00:00,0.35,805.2857,1.0
2016-03-06 11:00:00,0.97,860.4437,1.0
2016-03-06 12:00:00,1.0,760.51825,1.0
2016-03-06 13:00:00,0.96,583.08136,1.0
2016-03-06 14:00:00,0.99,355.0638,1.0
2016-03-06 15:00:00,0.88,315.8183,1.0
2016-03-06 16:00:00,0.73,180.3172,1.0
2016-03-06 17:00:00,0.73,48.851128,0.9730555555555556
2016-03-06 18:00:00,0.74,0.0,0.0
2016-03-06 19:00:00,0.52,0.0,0.0
2016-03-06 20:00:00,0.21,0.0,0.0
2016-03-06 21:00:00,0.5,0.0,0.0
2016-03-06 22:00:00,0.65,0.0,0.0
2016-03-06 23:00:00,0.27,0.0,0.0
2016-03-07 00:00:00,0.15,0.0,0.0
2016-03-07 01:00:00,0.38,0.0,0.0
2016-03-07 02:00:00,0.4,0.0,0.0
2016-03-07 03:00:00,0.08,0.0,0.0
2016-03-07 04:00:00,0.07,0.0,0.0
2016-03-07 05:00:00,0.04,0.0,0.0
2016-03-07 06:00:00,0.01,25.857061,0.6119444444444444
2016-03-07 07:00:00,0.04,217.98706,1.0
2016-03-07 08:00:00,0.09,411.6122,1.0
2016-03-07 09:00:00,0.27,555.6966,1.0
2016-03-07 10:00:00,0.76,635.4353,1.0
2016-03-07 11:00:00,0.98,386.55292,1.0
2016-03-07 12:00:00,0.99,259.1184,1.0
2016-03-07 13:00:00,0.99,181.99614,1.0
2016-03-07 14:00:00,1.0,208.8118,1.0
2016-03-07 15:00:00,0.99,234.73074,1.0
2016-03-07 16:00:00,0.98,186.33136,1.0
2016-03-07 17:00:00,0.98,46.535202,0.9911111111111112
2016-03-07 18:00:00,0.99,0.0,0.0
2016-03-07 19:00:00,0.99,0.0,0.0
2016-03-07 20:00:00,0.89,0.0,0.0
2016-03-07 21:00:00,0.84,0.0,0.0
2016-03-07 22:00:00,0.72,0.0,0.0
2016-03-07 23:00:00,0.61,0.0,0.0
2016-03-08 00:00:00,0.81,0.0,0.0
2016-03-08 01:00:00,0.66,0.0,0.0
2016-03-08 02:00:00,0.67,0.0,0.0
2016-03-08 03:00:00,0.83,0.0,0.0
2016-03-08 04:00:00,0.93,0.0,0.0
2016-03-08 05:00:00,0.95,0.0,0.0
2016-03-08 06:00:00,0.92,10.837052,0.6380555555555556
2016-03-08 07:00:00,0.92,96.620094,1.0
2016-03-08 08:00:00,0.73,205.65239,1.0
2016-03-08 09:00:00,0.69,357.48877,1.0
2016-03-08 10:00:00,0.97,559.3533,1.0
2016-03-08 11:00:00,0.84,767.08716,1.0
2016-03-08 12:00:00,0.66,688.3384,1.0
2016-03-08 13:00:00,0.96,622.88324,1.0
2016-03-08 14:00:00,0.76,531.8179,1.0
2016-03-08 15:00:00,0.67,411.31555,1.0
2016-03-08 16:00:00,0.81,256.2816,1.0
2016-03-08 17:00:00,0.78,61.401363,1.0
2016-03-08 18:00:00,0.55,0.0,0.008611111111111111
2016-03-08 19:00:00,0.47,0.0,0.0
2016-03-08 20:00:00,0.43,0.0,0.0
2016-03-08 21:00:00,0.3,0.0,0.0
2016-03-08 22:00:00,0.12,0.0,0.0
2016-03-08 23:00:00,0.03,0.0,0.0
2016-03-09 00:00:00,0.03,0.0,0.0
2016-03-09 01:00:00,0.01,0.0,0.0
2016-03-09 02:00:00,0.0,0.0,0.0
2016-03-09 03:00:00,0.0,0.0,0.0
2016-03-09 04:00:00,0.0,0.0,0.0
2016-03-09 05:00:00,0.0,0.0,0.0
2016-03-09 06:00:00,0.0,36.446423,0.6641666666666667
2016-03-09 07:00:00,0.0,260.86118,1.0
2016-03-09 08:00:00,0.0,503.80548,1.0
2016-03-09 09:00:00,0.0,707.1465,1.0
2016-03-09 10:00:00,0.2,849.6084,1.0
2016-03-09 11:00:00,0.51,874.6236,1.0
2016-03-09 12:00:00,0.83,824.45575,1.0
2016-03-09 13:00:00,0.92,618.37634,1.0
2016-03-09 14:00:00,0.93,515.2548,1.0
2016-03-09 15:00:00,0.78,305.67303,1.0
2016-03-09 16:00:00,0.7,194.1388,1.0
2016-03-09 17:00:00,0.29,54.13176,1.0
2016-03-09 18:00:00,0.36,0.0,0.02638888888888889
2016-03-09 19:00:00,0.12,0.0,0.0
2016-03-09 20:00:00,0.08,0.0,0.0
2016-03-09 21:00:00,0.07,0.0,0.0
2016-03-09 22:00:00,0.01,0.0,0.0
2016-03-09 23:00:00,0.02,0.0,0.0
2016-03-10 00:00:00,0.02,0.0,0.0
2016-03-10 01:00:00,0.03,0.0,0.0
2016-03-10 02:00:00,0.04,0.0,0.0
2016-03-10 03:00:00,0.01,0.0,0.0
2016-03-10 04:00:00,0.01,0.0,0.0
2016-03-10 05:00:00,0.01,0.0,0.0
2016-03-10 06:00:00,0.0,39.53916,0.6902777777777778
2016-03-10 07:00:00,0.0,259.78354,1.0
2016-03-10 08:00:00,0.0,498.8081,1.0
2016-03-10 09:00:00,0.0,700.44116,1.0
2016-03-10 10:00:00,0.0,844.8285,1.0
2016-03-10 11:00:00,0.0,918.169,1.0
2016-03-10 12:00:00,0.0,919.79517,1.0
2016-03-10 13:00:00,0.0,849.6977,1.0
2016-03-10 14:00:00,0.0,710.5396,1.0
2016-03-10 15:00:00,0.0,516.1902,1.0
2016-03-10 16:00:00,0.0,286.88452,1.0
2016-03-10 17:00:00,0.0,69.83016,1.0
2016-03-10 18:00:00,0.0,0.0,0.04388888888888889
2016-03-10 19:00:00,0.0,0.0,0.0
2016-03-10 20:00:00,0.0,0.0,0.0
2016-03-10 21:00:00,0.24,0.0,0.0
2016-03-10 22:00:00,0.31,0.0,0.0
2016-03-10 23:00:00,0.08,0.0,0.0
2016-03-11 00:00:00,0.0,0.0,0.0
2016-03-11 01:00:00,0.36,0.0,0.0
2016-03-11 02:00:00,0.6,0.0,0.0
2016-03-11 03:00:00,0.61,0.0,0.0
2016-03-11 04:00:00,0.34,0.0,0.0
2016-03-11 05:00:00,0.1,0.0,0.0
2016-03-11 06:00:00,0.14,43.502323,0.7166666666666667
2016-03-11 07:00:00,0.01,268.79706,1.0
2016-03-11 08:00:00,0.0,510.9292,1.0
2016-03-11 09:00:00,0.0,714.4511,1.0
2016-03-11 10:00:00,0.0,861.04645,1.0
2016-03-11 11:00:00,0.0,935.1175,1.0
2016-03-11 12:00:00,0.0,935.3952,1.0
2016-03-11 13:00:00,0.01,860.50464,1.0
2016-03-11 14:00:00,0.02,719.27496,1.0
2016-03-11 15:00:00,0.0,522.6668,1.0
2016-03-11 16:00:00,0.0,291.13437,1.0
2016-03-11 17:00:00,0.79,71.93057,1.0
2016-03-11 18:00:00,0.87,0.0,0.06138888888888889
2016-03-11 19:00:00,0.93,0.0,0.0
2016-03-11 20:00:00,0.81,0.0,0.0
2016-03-11 21:00:00,1.0,0.0,0.0
2016-03-11 22:00:00,1.0,0.0,0.0
2016-03-11 23:00:00,0.96,0.0,0.0
2016-03-12 00:00:00,0.96,0.0,0.0
2016-03-12 01:00:00,0.98,0.0,0.0
2016-03-12 02:00:00,0.92,0.0,0.0
2016-03-12 03:00:00,0.96,0.0,0.0
2016-03-12 04:00:00,0.93,0.0,0.0
2016-03-12 05:00:00,0.93,0.0,0.0
2016-03-12 06:00:00,0.96,30.073687,0.7427777777777778
2016-03-12 07:00:00,0.92,198.91011,1.0
2016-03-12 08:00:00,0.74,396.12772,1.0
2016-03-12 09:00:00,0.96,512.34985,1.0
2016-03-12 10:00:00,0.97,653.1726,1.0
2016-03-12 11:00:00,0.93,821.7597,1.0
2016-03-12 12:00:00,0.94,786.6484,1.0
2016-03-12 13:00:00,0.97,611.7817,1.0
2016-03-12 14:00:00,0.99,565.5186,1.0
2016-03-12 15:00:00,0.97,351.47034,1.0
2016-03-12 16:00:00,0.97,178.54143,1.0
2016-03-12 17:00:00,0.95,48.0965,1.0
2016-03-12 18:00:00,0.93,0.0,0.07888888888888888
2016-03-12 19:00:00,0.93,0.0,0.0
2016-03-12 20:00:00,0.98,0.0,0.0
2016-03-12 21:00:00,0.95,0.0,0.0
2016-03-12 22:00:00,0.96,0.0,0.0
2016-03-12 23:00:00,0.99,0.0,0.0
2016-03-13 00:00:00,0.98,0.0,0.0
2016-03-13 01:00:00,0.96,0.0,0.0
2016-03-13 02:00:00,0.94,0.0,0.0
2016-03-13 03:00:00,0.18,0.0,0.0
2016-03-13 04:00:00,0.08,0.0,0.0
2016-03-13 05:00:00,0.01,0.0,0.0
2016-03-13 06:00:00,0.0,50.112606,0.7686111111111111
2016-03-13 07:00:00,0.0,281.1296,1.0
2016-03-13 08:00:00,0.0,520.5744,1.0
2016-03-13 09:00:00,0.0,719.76715,1.0
2016-03-13 10:00:00,0.04,865.8728,1.0
2016-03-13 11:00:00,0.46,891.1418,1.0
2016-03-13 12:00:00,0.97,781.8667,1.0
2016-03-13 13:00:00,0.98,631.11633,1.0
2016-03-13 14:00:00,0.98,381.66547,1.0
2016-03-13 15:00:00,0.97,328.5157,1.0
2016-03-13 16:00:00,0.98,200.43352,1.0
2016-03-13 17:00:00,0.7,56.134033,1.0
2016-03-13 18:00:00,0.49,0.0,0.0961111111111111
2016-03-13 19:00:00,0.33,0.0,0.0
2016-03-13 20:00:00,0.78,0.0,0.0
2016-03-13 21:00:00,0.83,0.0,0.0
2016-03-13 22:00:00,0.26,0.0,0.0
2016-03-13 23:00:00,0.95,0.0,0.0
2016-03-14 00:00:00,0.99,0.0,0.0
2016-03-14 01:00:00,0.99,0.0,0.0
2016-03-14 02:00:00,0.89,0.0,0.0
2016-03-14 03:00:00,0.59,0.0,0.0
2016-03-14 04:00:00,0.48,0.0,0.0
2016-03-14 05:00:00,0.3,0.0,0.0
2016-03-14 06:00:00,0.0,50.36981,0.7947222222222222
2016-03-14 07:00:00,0.0,279.5084,1.0
2016-03-14 08:00:00,0.17,520.4468,1.0
2016-03-14 09:00:00,0.0,707.0621,1.0
2016-03-14 10:00:00,0.09,831.5751,1.0
2016-03-14 11:00:00,0.24,893.7604,1.0
2016-03-14 12:00:00,0.55,883.1478,1.0
2016-03-14 13:00:00,0.73,756.2559,1.0
2016-03-14 14:00:00,0.51,643.4312,1.0
2016-03-14 15:00:00,0.64,465.4482,1.0
2016-03-14 16:00:00,0.92,203.40143,1.0
2016-03-14 17:00:00,0.93,65.460075,1.0
2016-03-14 18:00:00,0.95,0.0,0.11333333333333333
2016-03-14 19:00:00,0.71,0.0,0.0
2016-03-14 20:00:00,0.96,0.0,0.0
2016-03-14 21:00:00,0.99,0.0,0.0
2016-03-14 22:00:00,0.99,0.0,0.0
2016-03-14 23:00:00,0.41,0.0,0.0
2016-03-15 00:00:00,0.14,0.0,0.0
2016-03-15 01:00:00,0.12,0.0,0.0
2016-03-15 02:00:00,0.2,0.0,0.0
2016-03-15 03:00:00,0.17,0.0,0.0
2016-03-15 04:00:00,0.1,0.0,0.0
2016-03-15 05:00:00,0.0,0.0,0.0
2016-03-15 06:00:00,0.08,51.98112,0.8205555555555556
2016-03-15 07:00:00,0.01,270.03076,1.0
2016-03-15 08:00:00,0.32,482.48267,1.0
2016-03-15 09:00:00,0.49,653.2457,1.0
2016-03-15 10:00:00,0.51,736.25494,1.0
2016-03-15 11:00:00,0.33,829.6103,1.0
2016-03-15 12:00:00,0.28,862.1303,1.0
2016-03-15 13:00:00,0.32,743.054,1.0
2016-03-15 14:00:00,0.34,628.12683,1.0
2016-03-15 15:00:00,0.42,462.30765,1.0
2016-03-15 16:00:00,0.46,248.04285,1.0
2016-03-15 17:00:00,0.8,66.187675,1.0
2016-03-15 18:00:00,0.27,0.0,0.13055555555555556
2016-03-15 19:00:00,0.94,0.0,0.0
2016-03-15 20:00:00,0.99,0.0,0.0
2016-03-15 21:00:00,1.0,0.0,0.0
2016-03-15 22:00:00,0.99,0.0,0.0
2016-03-15 23:00:00,0.98,0.0,0.0
2016-03-16 00:00:00,1.0,0.0,0.0
2016-03-16 01:00:00,1.0,0.0,0.0
2016-03-16 02:00:00,0.98,0.0,0.0
2016-03-16 03:00:00,1.0,0.0,0.0
2016-03-16 04:00:00,0.52,0.0,0.0
2016-03-16 05:00:00,0.14,0.0,0.0
2016-03-16 06:00:00,0.19,56.272636,0.8469444444444445
2016-03-16 07:00:00,0.2,273.04874,1.0
2016-03-16 08:00:00,0.09,516.0518,1.0
2016-03-16 09:00:00,0.14,686.50134,1.0
2016-03-16 10:00:00,0.81,745.77563,1.0
2016-03-16 11:00:00,0.89,751.74646,1.0
2016-03-16 12:00:00,0.8,804.36694,1.0
2016-03-16 13:00:00,0.79,757.4309,1.0
2016-03-16 14:00:00,0.85,603.85675,1.0
2016-03-16 15:00:00,0.29,438.60864,1.0
2016-03-16 16:00:00,0.34,255.4846,1.0
2016-03-16 17:00:00,0.36,79.75947,1.0
2016-03-16 18:00:00,0.23,0.0,0.14777777777777779
2016-03-16 19:00:00,0.25,0.0,0.0
2016-03-16 20:00:00,0.76,0.0,0.0
2016-03-16 21:00:00,0.96,0.0,0.0
2016-03-16 22:00:00,0.98,0.0,0.0
2016-03-16 23:00:00,0.99,0.0,0.0
2016-03-17 00:00:00,0.93,0.0,0.0
2016-03-17 01:00:00,0.74,0.0,0.0
2016-03-17 02:00:00,0.12,0.0,0.0
2016-03-17 03:00:00,0.25,0.0,0.0
2016-03-17 04:00:00,0.0,0.0,0.0
2016-03-17 05:00:00,0.08,0.0,0.0
2016-03-17 06:00:00,0.94,56.955746,0.8733333333333333
2016-03-17 07:00:00,0.92,269.90726,1.0
2016-03-17 08:00:00,0.97,483.59225,1.0
2016-03-17 09:00:00,0.96,684.261,1.0
2016-03-17 10:00:00,0.87,836.6757,1.0
2016-03-17 11:00:00,0.85,755.8147,1.0
2016-03-17 12:00:00,0.79,575.5378,1.0
2016-03-17 13:00:00,0.83,549.3632,1.0
2016-03-17 14:00:00,0.8,507.8999,1.0
2016-03-17 15:00:00,0.88,330.30032,1.0
2016-03-17 16:00:00,1.0,205.66737,1.0
2016-03-17 17:00:00,1.0,38.3953,1.0
2016-03-17 18:00:00,1.0,0.0,0.165
2016-03-17 19:00:00,1.0,0.0,0.0
2016-03-17 20:00:00,1.0,0.0,0.0
2016-03-17 21:00:00,1.0,0.0,0.0
2016-03-17 22:00:00,0.98,0.0,0.0
2016-03-17 23:00:00,0.96,0.0,0.0
2016-03-18 00:00:00,0.97,0.0,0.0
2016-03-18 01:00:00,0.99,0.0,0.0
2016-03-18 02:00:00,0.96,0.0,0.0
2016-03-18 03:00:00,1.0,0.0,0.0
2016-03-18 04:00:00,1.0,0.0,0.0
2016-03-18 05:00:00,1.0,0.0,0.0
2016-03-18 06:00:00,1.0,21.866308,0.9
2016-03-18 07:00:00,1.0,146.30237,1.0
2016-03-18 08:00:00,1.0,299.31628,1.0
2016-03-18 09:00:00,1.0,535.9654,1.0
2016-03-18 10:00:00,0.99,597.6182,1.0
2016-03-18 11:00:00,0.99,797.6999,1.0
2016-03-18 12:00:00,0.96,819.7565,1.0
2016-03-18 13:00:00,0.94,850.387,1.0
2016-03-18 14:00:00,0.87,604.4913,1.0
2016-03-18 15:00:00,0.85,498.34085,1.0
2016-03-18 16:00:00,0.76,307.6907,1.0
2016-03-18 17:00:00,0.93,92.69251,1.0
2016-03-18 18:00:00,0.97,0.0,0.18194444444444444
2016-03-18 19:00:00,0.93,0.0,0.0
2016-03-18 20:00:00,0.9,0.0,0.0
2016-03-18 21:00:00,0.72,0.0,0.0
2016-03-18 22:00:00,0.48,0.0,0.0
2016-03-18 23:00:00,0.43,0.0,0.0
2016-03-19 00:00:00,0.4,0.0,0.0
2016-03-19 01:00:00,0.36,0.0,0.0
2016-03-19 02:00:00,0.34,0.0,0.0
2016-03-19 03:00:00,0.81,0.0,0.0
2016-03-19 04:00:00,0.97,0.0,0.0
2016-03-19 05:00:00,0.96,0.0,0.0
2016-03-19 06:00:00,0.87,76.42418,0.9266666666666666
2016-03-19 07:00:00,0.75,320.65826,1.0
2016-03-19 08:00:00,0.81,551.5711,1.0
2016-03-19 09:00:00,0.85,745.2261,1.0
2016-03-19 10:00:00,0.69,822.0673,1.0
2016-03-19 11:00:00,0.76,748.33496,1.0
2016-03-19 12:00:00,0.76,810.7594,1.0
2016-03-19 13:00:00,0.49,914.8077,1.0
2016-03-19 14:00:00,0.42,737.47644,1.0
2016-03-19 15:00:00,0.36,546.92126,1.0
2016-03-19 16:00:00,0.0,317.0695,1.0
2016-03-19 17:00:00,0.0,99.20764,1.0
2016-03-19 18:00:00,0.0,0.0,0.1988888888888889
2016-03-19 19:00:00,0.0,0.0,0.0
2016-03-19 20:00:00,0.0,0.0,0.0
2016-03-19 21:00:00,0.0,0.0,0.0
2016-03-19 22:00:00,0.0,0.0,0.0
2016-03-19 23:00:00,0.0,0.0,0.0
2016-03-20 00:00:00,0.0,0.0,0.0
2016-03-20 01:00:00,0.0,0.0,0.0
2016-03-20 02:00:00,0.0,0.0,0.0
2016-03-20 03:00:00,0.0,0.0,0.0
2016-03-20 04:00:00,0.0,0.0,0.0
2016-03-20 05:00:00,0.0,0.0,0.0
2016-03-20 06:00:00,0.0,87.2889,0.9536111111111111
2016-03-20 07:00:00,0.0,343.99713,1.0
2016-03-20 08:00:00,0.0,595.2588,1.0
2016-03-20 09:00:00,0.0,802.0856,1.0
2016-03-20 10:00:00,0.0,949.2537,1.0
2016-03-20 11:00:00,0.0,1022.7917,1.0
2016-03-20 12:00:00,0.0,1019.44977,1.0
2016-03-20 13:00:00,0.0,941.1581,1.0
2016-03-20 14:00:00,0.0,792.20294,1.0
2016-03-20 15:00:00,0.0,586.48157,1.0
2016-03-20 16:00:00,0.0,344.2011,1.0
2016-03-20 17:00:00,0.0,102.81128,1.0
2016-03-20 18:00:00,0.0,0.0,0.21583333333333332
2016-03-20 19:00:00,0.0,0.0,0.0
2016-03-20 20:00:00,0.0,0.0,0.0
2016-03-20 21:00:00,0.0,0.0,0.0
2016-03-20 22:00:00,0.0,0.0,0.0
2016-03-20 23:00:00,0.0,0.0,0.0
2016-03-21 00:00:00,0.0,0.0,0.0
2016-03-21 01:00:00,0.16,0.0,0.0
2016-03-21 02:00:00,0.57,0.0,0.0
2016-03-21 03:00:00,0.89,0.0,0.0
2016-03-21 04:00:00,0.78,0.0,0.0
2016-03-21 05:00:00,0.92,0.0,0.0
2016-03-21 06:00:00,0.96,77.59475,0.9808333333333333
2016-03-21 07:00:00,0.97,270.64926,1.0
2016-03-21 08:00:00,0.94,482.54678,1.0
2016-03-21 09:00:00,0.96,686.3724,1.0
2016-03-21 10:00:00,0.87,775.5355,1.0
2016-03-21 11:00:00,0.54,976.5777,1.0
2016-03-21 12:00:00,0.44,922.9484,1.0
2016-03-21 13:00:00,0.15,909.00366,1.0
2016-03-21 14:00:00,0.0,771.648,1.0
2016-03-21 15:00:00,0.0,569.297,1.0
2016-03-21 16:00:00,0.04,333.355,1.0
2016-03-21 17:00:00,0.16,96.358284,1.0
2016-03-21 18:00:00,0.16,0.0,0.23277777777777778
2016-03-21 19:00:00,0.14,0.0,0.0
2016-03-21 20:00:00,0.16,0.0,0.0
2016-03-21 21:00:00,0.32,0.0,0.0
2016-03-21 22:00:00,0.37,0.0,0.0
2016-03-21 23:00:00,0.36,0.0,0.0
2016-03-22 00:00:00,0.43,0.0,0.0
2016-03-22 01:00:00,0.28,0.0,0.0
2016-03-22 02:00:00,0.22,0.0,0.0
2016-03-22 03:00:00,0.07,0.0,0.0
2016-03-22 04:00:00,0.17,0.0,0.0
2016-03-22 05:00:00,0.07,0.0,0.0077777777777777776
2016-03-22 06:00:00,0.0,89.814186,1.0
2016-03-22 07:00:00,0.0,334.6746,1.0
2016-03-22 08:00:00,0.04,575.33075,1.0
2016-03-22 09:00:00,0.0,784.8317,1.0
2016-03-22 10:00:00,0.0,897.5855,1.0
2016-03-22 11:00:00,0.06,952.71954,1.0
2016-03-22 12:00:00,0.52,888.8747,1.0
2016-03-22 13:00:00,0.39,864.6221,1.0
2016-03-22 14:00:00,0.5,669.7376,1.0
2016-03-22 15:00:00,0.84,495.68414,1.0
2016-03-22 16:00:00,0.74,283.28522,1.0
2016-03-22 17:00:00,0.66,84.19517,1.0
2016-03-22 18:00:00,0.94,0.0,0.24972222222222223
2016-03-22 19:00:00,0.99,0.0,0.0
2016-03-22 20:00:00,0.96,0.0,0.0
2016-03-22 21:00:00,0.72,0.0,0.0
2016-03-22 22:00:00,0.77,0.0,0.0
2016-03-22 23:00:00,0.75,0.0,0.0
2016-03-23 00:00:00,0.94,0.0,0.0
2016-03-23 01:00:00,1.0,0.0,0.0
2016-03-23 02:00:00,0.98,0.0,0.0
2016-03-23 03:00:00,1.0,0.0,0.0
2016-03-23 04:00:00,1.0,0.0,0.0
2016-03-23 05:00:00,1.0,0.0,0.035
2016-03-23 06:00:00,1.0,9.939231,1.0
2016-03-23 07:00:00,1.0,52.677925,1.0
2016-03-23 08:00:00,1.0,125.23431,1.0
2016-03-23 09:00:00,1.0,178.90616,1.0
2016-03-23 10:00:00,1.0,249.77698,1.0
2016-03-23 11:00:00,1.0,318.32593,1.0
2016-03-23 12:00:00,1.0,328.5949,1.0
2016-03-23 13:00:00,1.0,394.15057,1.0
2016-03-23 14:00:00,1.0,392.67914,1.0
2016-03-23 15:00:00,1.0,291.94238,1.0
2016-03-23 16:00:00,1.0,184.69585,1.0
2016-03-23 17:00:00,0.99,72.05553,1.0
2016-03-23 18:00:00,0.87,0.0,0.26666666666666666
2016-03-23 19:00:00,0.82,0.0,0.0
2016-03-23 20:00:00,0.92,0.0,0.0
2016-03-23 21:00:00,0.97,0.0,0.0
2016-03-23 22:00:00,0.54,0.0,0.0
2016-03-23 23:00:00,0.26,0.0,0.0
2016-03-24 00:00:00,0.3,0.0,0.0
2016-03-24 01:00:00,0.33,0.0,0.0
2016-03-24 02:00:00,0.24,0.0,0.0
2016-03-24 03:00:00,0.19,0.0,0.0
2016-03-24 04:00:00,0.22,0.0,0.0
2016-03-24 05:00:00,0.25,0.0,0.0625
2016-03-24 06:00:00,0.32,91.53853,1.0
2016-03-24 07:00:00,0.18,341.19305,1.0
2016-03-24 08:00:00,0.23,583.6767,1.0
2016-03-24 09:00:00,0.25,794.71857,1.0
2016-03-24 10:00:00,0.21,952.09247,1.0
2016-03-24 11:00:00,0.25,978.0492,1.0
2016-03-24 12:00:00,0.34,961.03107,1.0
2016-03-24 13:00:00,0.41,854.1078,1.0
2016-03-24 14:00:00,0.6,748.10223,1.0
2016-03-24 15:00:00,0.3,565.70074,1.0
2016-03-24 16:00:00,0.16,339.7677,1.0
2016-03-24 17:00:00,0.15,101.35004,1.0
2016-03-24 18:00:00,1.0,2.981769,0.2833333333333333
2016-03-24 19:00:00,0.98,0.0,0.0
2016-03-24 20:00:00,0.95,0.0,0.0
2016-03-24 21:00:00,0.93,0.0,0.0
2016-03-24 22:00:00,0.81,0.0,0.0
2016-03-24 23:00:00,0.59,0.0,0.0
2016-03-25 00:00:00,0.17,0.0,0.0
2016-03-25 01:00:00,0.03,0.0,0.0
2016-03-25 02:00:00,0.0,0.0,0.0
2016-03-25 03:00:00,0.0,0.0,0.0
2016-03-25 04:00:00,0.14,0.0,0.0
2016-03-25 05:00:00,0.09,0.0,0.08972222222222222
2016-03-25 06:00:00,0.17,103.98635,1.0
2016-03-25 07:00:00,0.23,350.05603,1.0
2016-03-25 08:00:00,0.28,592.89355,1.0
2016-03-25 09:00:00,0.18,762.96844,1.0
2016-03-25 10:00:00,0.33,898.6376,1.0
2016-03-25 11:00:00,0.68,896.98444,1.0
2016-03-25 12:00:00,0.86,755.1982,1.0
2016-03-25 13:00:00,0.7,698.5559,1.0
2016-03-25 14:00:00,0.96,515.8718,1.0
2016-03-25 15:00:00,0.83,256.8301,1.0
2016-03-25 16:00:00,0.56,280.79364,1.0
2016-03-25 17:00:00,0.52,94.25953,1.0
2016-03-25 18:00:00,0.66,1.9893655,0.30027777777777775
2016-03-25 19:00:00,0.64,0.0,0.0
2016-03-25 20:00:00,0.84,0.0,0.0
2016-03-25 21:00:00,0.81,0.0,0.0
2016-03-25 22:00:00,0.59,0.0,0.0
2016-03-25 23:00:00,0.37,0.0,0.0
2016-03-26 00:00:00,0.63,0.0,0.0
2016-03-26 01:00:00,0.45,0.0,0.0
2016-03-26 02:00:00,0.69,0.0,0.0
2016-03-26 03:00:00,0.92,0.0,0.0
2016-03-26 04:00:00,0.85,0.0,0.0
2016-03-26 05:00:00,0.86,0.0,0.11694444444444445
2016-03-26 06:00:00,0.92,63.85341,1.0
2016-03-26 07:00:00,1.0,226.48071,1.0
2016-03-26 08:00:00,1.0,342.7954,1.0
2016-03-26 09:00:00,1.0,517.9623,1.0
2016-03-26 10:00:00,1.0,585.5911,1.0
2016-03-26 11:00:00,1.0,727.0599,1.0
2016-03-26 12:00:00,0.99,786.0649,1.0
2016-03-26 13:00:00,0.99,639.43915,1.0
2016-03-26 14:00:00,1.0,538.3753,1.0
2016-03-26 15:00:00,0.98,403.85278,1.0
2016-03-26 16:00:00,0.97,267.09628,1.0
2016-03-26 17:00:00,0.69,103.10474,1.0
2016-03-26 18:00:00,0.45,2.9832883,0.3169444444444444
2016-03-26 19:00:00,0.46,0.0,0.0
2016-03-26 20:00:00,0.21,0.0,0.0
2016-03-26 21:00:00,0.11,0.0,0.0
2016-03-26 22:00:00,0.07,0.0,0.0
2016-03-26 23:00:00,0.0,0.0,0.0
2016-03-27 00:00:00,0.0,0.0,0.0
2016-03-27 01:00:00,0.0,0.0,0.0
2016-03-27 02:00:00,0.0,0.0,0.0
2016-03-27 03:00:00,0.0,0.0,0.0
2016-03-27 04:00:00,0.0,0.0,0.0
2016-03-27 05:00:00,0.0,0.0,0.1438888888888889
2016-03-27 06:00:00,0.0,124.527794,1.0
2016-03-27 07:00:00,0.0,384.43045,1.0
2016-03-27 08:00:00,0.0,631.4091,1.0
2016-03-27 09:00:00,0.0,834.6378,1.0
2016-03-27 10:00:00,0.0,976.99225,1.0
2016-03-27 11:00:00,0.0,1049.2671,1.0
2016-03-27 12:00:00,0.0,1041.226,1.0
2016-03-27 13:00:00,0.0,956.7388,1.0
2016-03-27 14:00:00,0.0,806.029,1.0
2016-03-27 15:00:00,0.0,599.9718,1.0
2016-03-27 16:00:00,0.0,357.68808,1.0
2016-03-27 17:00:00,0.0,115.633766,1.0
2016-03-27 18:00:00,0.0,2.9848075,0.3338888888888889
2016-03-27 19:00:00,0.0,0.0,0.0
2016-03-27 20:00:00,0.0,0.0,0.0
2016-03-27 21:00:00,0.0,0.0,0.0
2016-03-27 22:00:00,0.0,0.0,0.0
2016-03-27 23:00:00,0.02,0.0,0.0
2016-03-28 00:00:00,0.24,0.0,0.0
2016-03-28 01:00:00,0.39,0.0,0.0
2016-03-28 02:00:00,0.31,0.0,0.0
2016-03-28 03:00:00,0.08,0.0,0.0
2016-03-28 04:00:00,0.0,0.0,0.0
2016-03-28 05:00:00,0.02,0.0,0.1711111111111111
2016-03-28 06:00:00,0.21,122.031265,1.0
2016-03-28 07:00:00,0.24,373.44382,1.0
2016-03-28 08:00:00,0.25,616.1563,1.0
2016-03-28 09:00:00,0.14,816.00653,1.0
2016-03-28 10:00:00,0.14,954.7927,1.0
2016-03-28 11:00:00,0.43,1004.96075,1.0
2016-03-28 12:00:00,0.46,963.57336,1.0
2016-03-28 13:00:00,0.81,874.70197,1.0
2016-03-28 14:00:00,0.86,699.6699,1.0
2016-03-28 15:00:00,0.96,506.44147,1.0
2016-03-28 16:00:00,0.97,263.40906,1.0
2016-03-28 17:00:00,0.98,98.64082,1.0
2016-03-28 18:00:00,1.0,3.9756923,0.35055555555555556
2016-03-28 19:00:00,0.99,0.0,0.0
2016-03-28 20:00:00,0.99,0.0,0.0
2016-03-28 21:00:00,0.99,0.0,0.0
2016-03-28 22:00:00,0.62,0.0,0.0
2016-03-28 23:00:00,0.18,0.0,0.0
2016-03-29 00:00:00,0.0,0.0,0.0
2016-03-29 01:00:00,0.09,0.0,0.0
2016-03-29 02:00:00,0.27,0.0,0.0
2016-03-29 03:00:00,0.94,0.0,0.0
2016-03-29 04:00:00,0.99,0.0,0.0
2016-03-29 05:00:00,1.0,0.0,0.19805555555555557
2016-03-29 06:00:00,0.93,90.83566,1.0
2016-03-29 07:00:00,0.94,284.09702,1.0
2016-03-29 08:00:00,1.0,550.3558,1.0
2016-03-29 09:00:00,0.91,733.55444,1.0
2016-03-29 10:00:00,0.89,878.7917,1.0
2016-03-29 11:00:00,0.82,914.71423,1.0
2016-03-29 12:00:00,0.54,853.50604,1.0
2016-03-29 13:00:00,0.76,694.57043,1.0
2016-03-29 14:00:00,0.72,598.20056,1.0
2016-03-29 15:00:00,0.76,431.03104,1.0
2016-03-29 16:00:00,0.93,215.80031,1.0
2016-03-29 17:00:00,0.9,75.033295,1.0
2016-03-29 18:00:00,0.72,2.9832883,0.3672222222222222
2016-03-29 19:00:00,0.86,0.0,0.0
2016-03-29 20:00:00,0.69,0.0,0.0
2016-03-29 21:00:00,0.58,0.0,0.0
2016-03-29 22:00:00,0.48,0.0,0.0
2016-03-29 23:00:00,0.5,0.0,0.0
2016-03-30 00:00:00,0.16,0.0,0.0
2016-03-30 01:00:00,0.17,0.0,0.0
2016-03-30 02:00:00,0.17,0.0,0.0
2016-03-30 03:00:00,0.44,0.0,0.0
2016-03-30 04:00:00,0.22,0.0,0.0
2016-03-30 05:00:00,0.1,0.0,0.2247222222222222
2016-03-30 06:00:00,0.02,127.268425,1.0
2016-03-30 07:00:00,0.01,359.47583,1.0
2016-03-30 08:00:00,0.09,576.3048,1.0
2016-03-30 09:00:00,0.07,727.65485,1.0
2016-03-30 10:00:00,0.43,818.68756,1.0
2016-03-30 11:00:00,0.72,936.9069,1.0
2016-03-30 12:00:00,0.92,733.92584,1.0
2016-03-30 13:00:00,0.97,591.53174,1.0
2016-03-30 14:00:00,0.99,457.8951,1.0
2016-03-30 15:00:00,1.0,346.84946,1.0
2016-03-30 16:00:00,0.99,192.03165,1.0
2016-03-30 17:00:00,1.0,62.37757,1.0
2016-03-30 18:00:00,1.0,2.981769,0.3838888888888889
2016-03-30 19:00:00,1.0,0.0,0.0
2016-03-30 20:00:00,1.0,0.0,0.0
2016-03-30 21:00:00,0.32,0.0,0.0
2016-03-30 22:00:00,0.22,0.0,0.0
2016-03-30 23:00:00,0.21,0.0,0.0
2016-03-31 00:00:00,0.05,0.0,0.0
2016-03-31 01:00:00,0.26,0.0,0.0
2016-03-31 02:00:00,0.41,0.0,0.0
2016-03-31 03:00:00,0.3,0.0,0.0
2016-03-31 04:00:00,0.91,0.0,0.0
2016-03-31 05:00:00,1.0,0.0,0.2513888888888889
2016-03-31 06:00:00,1.0,58.64691,1.0
2016-03-31 07:00:00,1.0,167.02606,1.0
2016-03-31 08:00:00,1.0,340.69266,1.0
2016-03-31 09:00:00,0.99,612.67255,1.0
2016-03-31 10:00:00,0.98,818.5832,1.0
2016-03-31 11:00:00,1.0,829.9599,1.0
2016-03-31 12:00:00,0.96,792.8568,1.0
2016-03-31 13:00:00,1.0,719.70886,1.0
2016-03-31 14:00:00,0.99,528.83417,1.0
2016-03-31 15:00:00,0.87,380.2344,1.0
2016-03-31 16:00:00,0.78,240.92792,1.0
2016-03-31 17:00:00,0.94,92.91371,1.0
2016-03-31 18:00:00,0.82,4.972654,0.40055555555555555
2016-03-31 19:00:00,0.47,0.0,0.0
2016-03-31 20:00:00,0.43,0.0,0.0
2016-03-31 21:00:00,0.06,0.0,0.0
2016-03-31 22:00:00,0.01,0.0,0.0
2016-03-31 23:00:00,0.0,0.0,0.0
2016-04-01 00:00:00,0.0,0.0,0.0
2016-04-01 01:00:00,0.0,0.0,0.0
2016-04-01 02:00:00,0.0,0.0,0.0
2016-04-01 03:00:00,0.03,0.0,0.0
2016-04-01 04:00:00,0.0,0.0,0.0
2016-04-01 05:00:00,0.01,0.0,0.2777777777777778
2016-04-01 06:00:00,0.19,144.39374,1.0
2016-04-01 07:00:00,0.36,394.74838,1.0
2016-04-01 08:00:00,0.37,622.97424,1.0
2016-04-01 09:00:00,0.22,826.4869,1.0
2016-04-01 10:00:00,0.33,968.64514,1.0
2016-04-01 11:00:00,0.45,981.6616,1.0
2016-04-01 12:00:00,0.59,987.02057,1.0
2016-04-01 13:00:00,0.46,899.6467,1.0
2016-04-01 14:00:00,0.38,780.56946,1.0
2016-04-01 15:00:00,0.8,574.56696,1.0
2016-04-01 16:00:00,0.81,346.10913,1.0
2016-04-01 17:00:00,0.88,121.25934,1.0
2016-04-01 18:00:00,0.34,4.974173,0.4172222222222222
2016-04-01 19:00:00,0.0,0.0,0.0
2016-04-01 20:00:00,0.0,0.0,0.0
2016-04-01 21:00:00,0.0,0.0,0.0
2016-04-01 22:00:00,0.0,0.0,0.0
2016-04-01 23:00:00,0.0,0.0,0.0
2016-04-02 00:00:00,0.0,0.0,0.0
2016-04-02 01:00:00,0.0,0.0,0.0
2016-04-02 02:00:00,0.0,0.0,0.0
2016-04-02 03:00:00,0.28,0.0,0.0
2016-04-02 04:00:00,0.43,0.0,0.0
2016-04-02 05:00:00,0.52,3.6994777,0.3038888888888889
2016-04-02 06:00:00,0.23,147.25981,1.0
2016-04-02 07:00:00,0.06,396.66068,1.0
2016-04-02 08:00:00,0.05,634.8913,1.0
2016-04-02 09:00:00,0.0,832.5891,1.0
2016-04-02 10:00:00,0.0,969.68335,1.0
2016-04-02 11:00:00,0.0,1033.3091,1.0
2016-04-02 12:00:00,0.0,1025.9137,1.0
2016-04-02 13:00:00,0.0,945.0736,1.0
2016-04-02 14:00:00,0.0,797.0167,1.0
2016-04-02 15:00:00,0.02,596.7308,1.0
2016-04-02 16:00:00,0.01,361.44278,1.0
2016-04-02 17:00:00,0.0,125.266,1.0
2016-04-02 18:00:00,0.0,4.9756923,0.4338888888888889
2016-04-02 19:00:00,0.0,0.0,0.0
2016-04-02 20:00:00,0.0,0.0,0.0
2016-04-02 21:00:00,0.0,0.0,0.0
2016-04-02 22:00:00,0.0,0.0,0.0
2016-04-02 23:00:00,0.0,0.0,0.0
2016-04-03 00:00:00,0.0,0.0,0.0
2016-04-03 01:00:00,0.0,0.0,0.0
2016-04-03 02:00:00,0.0,0.0,0.0
2016-04-03 03:00:00,0.0,0.0,0.0
2016-04-03 04:00:00,0.0,0.0,0.0
2016-04-03 05:00:00,0.0,3.6337883,0.32972222222222225
2016-04-03 06:00:00,0.0,151.37743,1.0
2016-04-03 07:00:00,0.0,399.54843,1.0
2016-04-03 08:00:00,0.0,635.6745,1.0
2016-04-03 09:00:00,0.0,831.0818,1.0
2016-04-03 10:00:00,0.0,965.71985,1.0
2016-04-03 11:00:00,0.0,1025.0176,1.0
2016-04-03 12:00:00,0.0,1003.02563,1.0
2016-04-03 13:00:00,0.0,926.8471,1.0
2016-04-03 14:00:00,0.04,784.5673,1.0
2016-04-03 15:00:00,0.11,579.26013,1.0
2016-04-03 16:00:00,0.15,355.69214,1.0
2016-04-03 17:00:00,0.12,124.89333,1.0
2016-04-03 18:00:00,0.13,4.9756923,0.45055555555555554
2016-04-03 19:00:00,0.05,0.0,0.0
2016-04-03 20:00:00,0.0,0.0,0.0
2016-04-03 21:00:00,0.05,0.0,0.0
2016-04-03 22:00:00,0.28,0.0,0.0
2016-04-03 23:00:00,0.79,0.0,0.0
2016-04-04 00:00:00,0.9,0.0,0.0
2016-04-04 01:00:00,0.87,0.0,0.0
2016-04-04 02:00:00,0.39,0.0,0.0
2016-04-04 03:00:00,0.93,0.0,0.0
2016-04-04 04:00:00,0.44,0.0,0.0
2016-04-04 05:00:00,0.25,4.5696096,0.35555555555555557
2016-04-04 06:00:00,0.19,149.39024,1.0
2016-04-04 07:00:00,0.0,391.61215,1.0
2016-04-04 08:00:00,0.0,623.1553,1.0
2016-04-04 09:00:00,0.0,815.41016,1.0
2016-04-04 10:00:00,0.0,929.60645,1.0
2016-04-04 11:00:00,0.01,1000.5129,1.0
2016-04-04 12:00:00,0.54,944.3657,1.0
2016-04-04 13:00:00,0.49,773.6785,1.0
2016-04-04 14:00:00,0.24,745.45825,1.0
2016-04-04 15:00:00,0.64,565.7186,1.0
2016-04-04 16:00:00,0.74,335.3972,1.0
2016-04-04 17:00:00,0.97,121.45202,1.0
2016-04-04 18:00:00,0.98,6.9605,0.4672222222222222
2016-04-04 19:00:00,0.98,0.0,0.0
2016-04-04 20:00:00,0.97,0.0,0.0
2016-04-04 21:00:00,0.92,0.0,0.0
2016-04-04 22:00:00,0.84,0.0,0.0
2016-04-04 23:00:00,0.8,0.0,0.0
2016-04-05 00:00:00,0.45,0.0,0.0
2016-04-05 01:00:00,0.34,0.0,0.0
2016-04-05 02:00:00,0.15,0.0,0.0
2016-04-05 03:00:00,0.01,0.0,0.0
2016-04-05 04:00:00,0.0,0.0,0.0
2016-04-05 05:00:00,0.0,6.0530443,0.3811111111111111
2016-04-05 06:00:00,0.0,155.18716,1.0
2016-04-05 07:00:00,0.0,397.30078,1.0
2016-04-05 08:00:00,0.0,611.1505,1.0
2016-04-05 09:00:00,0.16,811.45123,1.0
2016-04-05 10:00:00,0.48,942.1736,1.0
2016-04-05 11:00:00,0.66,818.888,1.0
2016-04-05 12:00:00,0.85,698.40265,1.0
2016-04-05 13:00:00,0.94,665.9839,1.0
2016-04-05 14:00:00,0.99,432.83658,1.0
2016-04-05 15:00:00,0.93,365.32986,1.0
2016-04-05 16:00:00,0.43,281.15488,1.0
2016-04-05 17:00:00,0.22,125.64086,1.0
2016-04-05 18:00:00,0.0,5.972654,0.48388888888888887
2016-04-05 19:00:00,0.0,0.0,0.0
2016-04-05 20:00:00,0.01,0.0,0.0
2016-04-05 21:00:00,0.04,0.0,0.0
2016-04-05 22:00:00,0.12,0.0,0.0
2016-04-05 23:00:00,0.17,0.0,0.0
2016-04-06 00:00:00,0.13,0.0,0.0
2016-04-06 01:00:00,0.06,0.0,0.0
2016-04-06 02:00:00,0.03,0.0,0.0
2016-04-06 03:00:00,0.25,0.0,0.0
2016-04-06 04:00:00,0.19,0.0,0.0
2016-04-06 05:00:00,0.15,6.952569,0.40694444444444444
2016-04-06 06:00:00,0.2,163.67961,1.0
2016-04-06 07:00:00,0.0,407.6502,1.0
2016-04-06 08:00:00,0.0,638.789,1.0
2016-04-06 09:00:00,0.0,829.73157,1.0
2016-04-06 10:00:00,0.0,962.20026,1.0
2016-04-06 11:00:00,0.05,1030.2606,1.0
2016-04-06 12:00:00,0.0,1022.65247,1.0
2016-04-06 13:00:00,0.0,942.8683,1.0
2016-04-06 14:00:00,0.0,797.94446,1.0
2016-04-06 15:00:00,0.0,598.86835,1.0
2016-04-06 16:00:00,0.01,366.9049,1.0
2016-04-06 17:00:00,0.04,133.23888,1.0
2016-04-06 18:00:00,0.46,5.972654,0.5005555555555555
2016-04-06 19:00:00,0.64,0.0,0.0
2016-04-06 20:00:00,0.16,0.0,0.0
2016-04-06 21:00:00,0.0,0.0,0.0
2016-04-06 22:00:00,0.0,0.0,0.0
2016-04-06 23:00:00,0.0,0.0,0.0
2016-04-07 00:00:00,0.0,0.0,0.0
2016-04-07 01:00:00,0.0,0.0,0.0
2016-04-07 02:00:00,0.0,0.0,0.0
2016-04-07 03:00:00,0.07,0.0,0.0
2016-04-07 04:00:00,0.12,0.0,0.0
2016-04-07 05:00:00,0.4,8.312419,0.43277777777777776
2016-04-07 06:00:00,0.37,163.48466,1.0
2016-04-07 07:00:00,0.04,401.28317,1.0
2016-04-07 08:00:00,0.07,635.9192,1.0
2016-04-07 09:00:00,0.01,824.7666,1.0
2016-04-07 10:00:00,0.0,958.2929,1.0
2016-04-07 11:00:00,0.03,1014.3151,1.0
2016-04-07 12:00:00,0.08,988.8691,1.0
2016-04-07 13:00:00,0.38,898.75116,1.0
2016-04-07 14:00:00,0.05,722.9304,1.0
2016-04-07 15:00:00,0.42,591.85895,1.0
2016-04-07 16:00:00,0.2,360.6133,1.0
2016-04-07 17:00:00,0.27,132.12747,1.0
2016-04-07 18:00:00,0.2,7.0004106,0.5172222222222222
2016-04-07 19:00:00,0.13,0.0,0.0
2016-04-07 20:00:00,0.1,0.0,0.0
2016-04-07 21:00:00,0.04,0.0,0.0
2016-04-07 22:00:00,0.05,0.0,0.0
2016-04-07 23:00:00,0.07,0.0,0.0
2016-04-08 00:00:00,0.3,0.0,0.0
2016-04-08 01:00:00,0.63,0.0,0.0
2016-04-08 02:00:00,0.83,0.0,0.0
2016-04-08 03:00:00,0.93,0.0,0.0
2016-04-08 04:00:00,0.95,0.0,0.0
2016-04-08 05:00:00,0.96,7.782662,0.45861111111111114
2016-04-08 06:00:00,1.0,151.18588,1.0
2016-04-08 07:00:00,0.99,392.1667,1.0
2016-04-08 08:00:00,0.99,620.46423,1.0
2016-04-08 09:00:00,0.98,737.1741,1.0
2016-04-08 10:00:00,0.92,873.2419,1.0
2016-04-08 11:00:00,0.99,963.74005,1.0
2016-04-08 12:00:00,0.99,979.2536,1.0
2016-04-08 13:00:00,1.0,894.3199,1.0
2016-04-08 14:00:00,1.0,748.88214,1.0
2016-04-08 15:00:00,0.99,538.4055,1.0
2016-04-08 16:00:00,1.0,312.64014,1.0
2016-04-08 17:00:00,1.0,124.39958,1.0
2016-04-08 18:00:00,0.99,8.971684,0.5341666666666667
2016-04-08 19:00:00,0.99,0.0,0.0
2016-04-08 20:00:00,0.99,0.0,0.0
2016-04-08 21:00:00,0.97,0.0,0.0
2016-04-08 22:00:00,0.95,0.0,0.0
2016-04-08 23:00:00,0.96,0.0,0.0
2016-04-09 00:00:00,0.96,0.0,0.0
2016-04-09 01:00:00,0.74,0.0,0.0
2016-04-09 02:00:00,0.42,0.0,0.0
2016-04-09 03:00:00,0.4,0.0,0.0
2016-04-09 04:00:00,0.71,0.0,0.0
2016-04-09 05:00:00,0.4,10.452985,0.48444444444444446
2016-04-09 06:00:00,0.06,167.90991,1.0
2016-04-09 07:00:00,0.12,410.4568,1.0
2016-04-09 08:00:00,0.39,635.1428,1.0
2016-04-09 09:00:00,0.28,820.91534,1.0
2016-04-09 10:00:00,0.4,938.0132,1.0
2016-04-09 11:00:00,0.63,951.7689,1.0
2016-04-09 12:00:00,0.83,838.6352,1.0
2016-04-09 13:00:00,0.89,669.1216,1.0
2016-04-09 14:00:00,0.9,461.14157,1.0
2016-04-09 15:00:00,0.88,322.63794,1.0
2016-04-09 16:00:00,0.86,246.31558,1.0
2016-04-09 17:00:00,0.73,115.1395,1.0
2016-04-09 18:00:00,0.83,9.040068,0.5508333333333333
2016-04-09 19:00:00,0.7,0.0,0.0
2016-04-09 20:00:00,0.58,0.0,0.0
2016-04-09 21:00:00,0.43,0.0,0.0
2016-04-09 22:00:00,0.36,0.0,0.0
2016-04-09 23:00:00,0.2,0.0,0.0
2016-04-10 00:00:00,0.06,0.0,0.0
2016-04-10 01:00:00,0.01,0.0,0.0
2016-04-10 02:00:00,0.15,0.0,0.0
2016-04-10 03:00:00,0.35,0.0,0.0
2016-04-10 04:00:00,0.98,0.0,0.0
2016-04-10 05:00:00,0.84,11.315871,0.51
2016-04-10 06:00:00,0.84,163.26907,1.0
2016-04-10 07:00:00,0.91,273.14996,1.0
2016-04-10 08:00:00,0.92,425.72852,1.0
2016-04-10 09:00:00,0.93,660.3916,1.0
2016-04-10 10:00:00,0.86,760.62665,1.0
2016-04-10 11:00:00,0.96,713.24506,1.0
2016-04-10 12:00:00,0.97,696.6639,1.0
2016-04-10 13:00:00,0.92,635.6239,1.0
2016-04-10 14:00:00,0.83,665.5828,1.0
2016-04-10 15:00:00,0.88,458.09338,1.0
2016-04-10 16:00:00,0.78,250.52708,1.0
2016-04-10 17:00:00,0.94,71.49635,1.0
2016-04-10 18:00:00,1.0,7.006368,0.5675
2016-04-10 19:00:00,1.0,0.0,0.0
2016-04-10 20:00:00,1.0,0.0,0.0
2016-04-10 21:00:00,1.0,0.0,0.0
2016-04-10 22:00:00,1.0,0.0,0.0
2016-04-10 23:00:00,1.0,0.0,0.0
2016-04-11 00:00:00,1.0,0.0,0.0
2016-04-11 01:00:00,0.99,0.0,0.0
2016-04-11 02:00:00,0.99,0.0,0.0
2016-04-11 03:00:00,1.0,0.0,0.0
2016-04-11 04:00:00,1.0,0.0,0.0
2016-04-11 05:00:00,0.99,6.2775717,0.5355555555555556
2016-04-11 06:00:00,0.95,89.901405,1.0
2016-04-11 07:00:00,0.96,276.87994,1.0
2016-04-11 08:00:00,0.97,426.71906,1.0
2016-04-11 09:00:00,0.97,447.94446,1.0
2016-04-11 10:00:00,0.92,664.06506,1.0
2016-04-11 11:00:00,0.88,553.5306,1.0
2016-04-11 12:00:00,0.92,675.11163,1.0
2016-04-11 13:00:00,0.75,702.46014,1.0
2016-04-11 14:00:00,0.88,598.7489,1.0
2016-04-11 15:00:00,0.86,460.73264,1.0
2016-04-11 16:00:00,0.92,254.14912,1.0
2016-04-11 17:00:00,0.87,113.734406,1.0
2016-04-11 18:00:00,0.79,8.189334,0.5841666666666666
2016-04-11 19:00:00,0.34,0.0,0.0
2016-04-11 20:00:00,0.35,0.0,0.0
2016-04-11 21:00:00,0.45,0.0,0.0
2016-04-11 22:00:00,0.32,0.0,0.0
2016-04-11 23:00:00,0.02,0.0,0.0
2016-04-12 00:00:00,0.01,0.0,0.0
2016-04-12 01:00:00,0.02,0.0,0.0
2016-04-12 02:00:00,0.02,0.0,0.0
2016-04-12 03:00:00,0.01,0.0,0.0
2016-04-12 04:00:00,0.0,0.0,0.0
2016-04-12 05:00:00,0.0,14.924703,0.5611111111111111
2016-04-12 06:00:00,0.0,184.83713,1.0
2016-04-12 07:00:00,0.0,424.7626,1.0
2016-04-12 08:00:00,0.0,650.38403,1.0
2016-04-12 09:00:00,0.01,821.3923,1.0
2016-04-12 10:00:00,0.1,915.88654,1.0
2016-04-12 11:00:00,0.27,971.13855,1.0
2016-04-12 12:00:00,0.19,942.6558,1.0
2016-04-12 13:00:00,0.17,858.3623,1.0
2016-04-12 14:00:00,0.22,661.03253,1.0
2016-04-12 15:00:00,0.77,488.94537,1.0
2016-04-12 16:00:00,0.8,293.2149,1.0
2016-04-12 17:00:00,0.77,122.59981,1.0
2016-04-12 18:00:00,0.9,10.113395,0.6011111111111112
2016-04-12 19:00:00,0.95,0.0,0.0
2016-04-12 20:00:00,0.93,0.0,0.0
2016-04-12 21:00:00,0.95,0.0,0.0
2016-04-12 22:00:00,0.2,0.0,0.0
2016-04-12 23:00:00,0.0,0.0,0.0
2016-04-13 00:00:00,0.0,0.0,0.0
2016-04-13 01:00:00,0.0,0.0,0.0
2016-04-13 02:00:00,0.01,0.0,0.0
2016-04-13 03:00:00,0.05,0.0,0.0
2016-04-13 04:00:00,0.08,0.0,0.0
2016-04-13 05:00:00,0.11,16.99317,0.5866666666666667
2016-04-13 06:00:00,0.08,190.67758,1.0
2016-04-13 07:00:00,0.1,431.52832,1.0
2016-04-13 08:00:00,0.07,658.3516,1.0
2016-04-13 09:00:00,0.19,846.78174,1.0
2016-04-13 10:00:00,0.07,970.4104,1.0
2016-04-13 11:00:00,0.08,985.49786,1.0
2016-04-13 12:00:00,0.03,979.2853,1.0
2016-04-13 13:00:00,0.28,919.9083,1.0
2016-04-13 14:00:00,0.46,755.7632,1.0
2016-04-13 15:00:00,0.48,521.4184,1.0
2016-04-13 16:00:00,0.68,343.05576,1.0
2016-04-13 17:00:00,0.69,132.66602,1.0
2016-04-13 18:00:00,0.56,9.303053,0.6177777777777778
2016-04-13 19:00:00,0.32,0.0,0.0
2016-04-13 20:00:00,0.41,0.0,0.0
2016-04-13 21:00:00,0.34,0.0,0.0
2016-04-13 22:00:00,0.52,0.0,0.0
2016-04-13 23:00:00,0.8,0.0,0.0
2016-04-14 00:00:00,0.85,0.0,0.0
2016-04-14 01:00:00,0.84,0.0,0.0
2016-04-14 02:00:00,0.8,0.0,0.0
2016-04-14 03:00:00,0.74,0.0,0.0
2016-04-14 04:00:00,0.45,0.0,0.0
2016-04-14 05:00:00,0.23,16.329111,0.6116666666666667
2016-04-14 06:00:00,0.02,189.85971,1.0
2016-04-14 07:00:00,0.01,430.74908,1.0
2016-04-14 08:00:00,0.17,655.06366,1.0
2016-04-14 09:00:00,0.02,836.3494,1.0
2016-04-14 10:00:00,0.0,928.7288,1.0
2016-04-14 11:00:00,0.22,1009.3519,1.0
2016-04-14 12:00:00,0.47,934.9713,1.0
2016-04-14 13:00:00,0.71,823.16113,1.0
2016-04-14 14:00:00,0.93,633.8791,1.0
2016-04-14 15:00:00,0.86,447.62073,1.0
2016-04-14 16:00:00,0.94,268.76962,1.0
2016-04-14 17:00:00,1.0,117.795685,1.0
2016-04-14 18:00:00,0.94,10.295327,0.6344444444444445
2016-04-14 19:00:00,0.95,0.0,0.0
2016-04-14 20:00:00,0.82,0.0,0.0
2016-04-14 21:00:00,0.13,0.0,0.0
2016-04-14 22:00:00,0.0,0.0,0.0
2016-04-14 23:00:00,0.0,0.0,0.0
2016-04-15 00:00:00,0.17,0.0,0.0
2016-04-15 01:00:00,0.5,0.0,0.0
2016-04-15 02:00:00,0.41,0.0,0.0
2016-04-15 03:00:00,0.6,0.0,0.0
2016-04-15 04:00:00,0.52,0.0,0.0
2016-04-15 05:00:00,0.71,13.350139,0.6366666666666667
2016-04-15 06:00:00,0.39,106.879555,1.0
2016-04-15 07:00:00,0.63,229.75162,1.0
2016-04-15 08:00:00,0.74,410.41928,1.0
2016-04-15 09:00:00,0.95,512.2918,1.0
2016-04-15 10:00:00,0.98,672.37476,1.0
2016-04-15 11:00:00,0.99,586.48,1.0
2016-04-15 12:00:00,0.96,373.04565,1.0
2016-04-15 13:00:00,0.99,350.20312,1.0
2016-04-15 14:00:00,0.95,247.64545,1.0
2016-04-15 15:00:00,1.0,138.17027,1.0
2016-04-15 16:00:00,0.99,137.19601,1.0
2016-04-15 17:00:00,0.98,60.318172,1.0
2016-04-15 18:00:00,1.0,5.963538,0.6513888888888889
2016-04-15 19:00:00,1.0,0.0,0.0
2016-04-15 20:00:00,1.0,0.0,0.0
2016-04-15 21:00:00,0.99,0.0,0.0
2016-04-15 22:00:00,1.0,0.0,0.0
2016-04-15 23:00:00,1.0,0.0,0.0
2016-04-16 00:00:00,1.0,0.0,0.0
2016-04-16 01:00:00,1.0,0.0,0.0
2016-04-16 02:00:00,1.0,0.0,0.0
2016-04-16 03:00:00,1.0,0.0,0.0
2016-04-16 04:00:00,1.0,0.0,0.0
2016-04-16 05:00:00,1.0,3.9756923,0.6616666666666666
2016-04-16 06:00:00,1.0,22.860231,1.0
2016-04-16 07:00:00,1.0,60.62931,1.0
2016-04-16 08:00:00,1.0,193.44388,1.0
2016-04-16 09:00:00,1.0,329.26224,1.0
2016-04-16 10:00:00,0.97,372.0082,1.0
2016-04-16 11:00:00,0.99,510.31363,1.0
2016-04-16 12:00:00,1.0,468.63773,1.0
2016-04-16 13:00:00,0.99,467.06512,1.0
2016-04-16 14:00:00,0.97,323.06372,1.0
2016-04-16 15:00:00,1.0,331.13492,1.0
2016-04-16 16:00:00,0.97,141.52853,1.0
2016-04-16 17:00:00,1.0,69.770325,1.0
2016-04-16 18:00:00,0.99,8.945308,0.6680555555555555
2016-04-16 19:00:00,1.0,0.0,0.0
2016-04-16 20:00:00,1.0,0.0,0.0
2016-04-16 21:00:00,1.0,0.0,0.0
2016-04-16 22:00:00,1.0,0.0,0.0
2016-04-16 23:00:00,1.0,0.0,0.0
2016-04-17 00:00:00,1.0,0.0,0.0
2016-04-17 01:00:00,1.0,0.0,0.0
2016-04-17 02:00:00,1.0,0.0,0.0
2016-04-17 03:00:00,1.0,0.0,0.0
2016-04-17 04:00:00,1.0,0.0,0.0
2016-04-17 05:00:00,0.99,9.939231,0.6861111111111111
2016-04-17 06:00:00,1.0,96.99338,1.0
2016-04-17 07:00:00,0.99,233.22493,1.0
2016-04-17 08:00:00,0.98,446.50778,1.0
2016-04-17 09:00:00,0.99,545.1199,1.0
2016-04-17 10:00:00,1.0,728.6363,1.0
2016-04-17 11:00:00,0.94,798.96704,1.0
2016-04-17 12:00:00,0.82,710.4613,1.0
2016-04-17 13:00:00,0.92,784.8923,1.0
2016-04-17 14:00:00,0.9,583.858,1.0
2016-04-17 15:00:00,1.0,476.19366,1.0
2016-04-17 16:00:00,0.87,327.69913,1.0
2016-04-17 17:00:00,0.66,153.57297,1.0
2016-04-17 18:00:00,0.84,15.14128,0.6847222222222222
2016-04-17 19:00:00,0.86,0.0,0.0
2016-04-17 20:00:00,0.94,0.0,0.0
2016-04-17 21:00:00,0.89,0.0,0.0
2016-04-17 22:00:00,0.87,0.0,0.0
2016-04-17 23:00:00,0.94,0.0,0.0
2016-04-18 00:00:00,0.83,0.0,0.0
2016-04-18 01:00:00,0.58,0.0,0.0
2016-04-18 02:00:00,0.72,0.0,0.0
2016-04-18 03:00:00,0.74,0.0,0.0
2016-04-18 04:00:00,0.5,0.0,0.0
2016-04-18 05:00:00,0.81,22.963482,0.7102777777777778
2016-04-18 06:00:00,0.94,133.07199,1.0
2016-04-18 07:00:00,0.97,234.35397,1.0
2016-04-18 08:00:00,0.9,467.59576,1.0
2016-04-18 09:00:00,0.91,622.1716,1.0
2016-04-18 10:00:00,0.92,819.4784,1.0
2016-04-18 11:00:00,0.87,946.494,1.0
2016-04-18 12:00:00,0.77,1023.8963,1.0
2016-04-18 13:00:00,0.37,912.4949,1.0
2016-04-18 14:00:00,0.44,757.2805,1.0
2016-04-18 15:00:00,0.74,559.11475,1.0
2016-04-18 16:00:00,0.92,339.89447,1.0
2016-04-18 17:00:00,0.98,154.79726,1.0
2016-04-18 18:00:00,0.96,16.152554,0.7016666666666667
2016-04-18 19:00:00,0.99,0.0,0.0
2016-04-18 20:00:00,1.0,0.0,0.0
2016-04-18 21:00:00,0.97,0.0,0.0
2016-04-18 22:00:00,0.88,0.0,0.0
2016-04-18 23:00:00,0.76,0.0,0.0
2016-04-19 00:00:00,0.99,0.0,0.0
2016-04-19 01:00:00,0.95,0.0,0.0
2016-04-19 02:00:00,0.98,0.0,0.0
2016-04-19 03:00:00,1.0,0.0,0.0
2016-04-19 04:00:00,1.0,0.0,0.0
2016-04-19 05:00:00,1.0,13.200811,0.7344444444444445
2016-04-19 06:00:00,1.0,113.316986,1.0
2016-04-19 07:00:00,1.0,275.38757,1.0
2016-04-19 08:00:00,0.99,509.1553,1.0
2016-04-19 09:00:00,0.96,800.71405,1.0
2016-04-19 10:00:00,0.97,948.03516,1.0
2016-04-19 11:00:00,0.88,1006.922,1.0
2016-04-19 12:00:00,0.95,961.2551,1.0
2016-04-19 13:00:00,0.86,855.5306,1.0
2016-04-19 14:00:00,0.83,735.4505,1.0
2016-04-19 15:00:00,0.83,554.8771,1.0
2016-04-19 16:00:00,0.75,366.86432,1.0
2016-04-19 17:00:00,0.79,161.81621,1.0
2016-04-19 18:00:00,0.8,15.7761135,0.7183333333333334
2016-04-19 19:00:00,0.54,0.0,0.0
2016-04-19 20:00:00,0.32,0.0,0.0
2016-04-19 21:00:00,0.13,0.0,0.0
2016-04-19 22:00:00,0.03,0.0,0.0
2016-04-19 23:00:00,0.07,0.0,0.0
2016-04-20 00:00:00,0.19,0.0,0.0
2016-04-20 01:00:00,0.2,0.0,0.0
2016-04-20 02:00:00,0.31,0.0,0.0
2016-04-20 03:00:00,0.13,0.0,0.0
2016-04-20 04:00:00,0.07,0.0,0.0
2016-04-20 05:00:00,0.16,25.343569,0.7580555555555556
2016-04-20 06:00:00,0.3,167.96838,1.0
2016-04-20 07:00:00,0.31,366.8891,1.0
2016-04-20 08:00:00,0.41,588.6911,1.0
2016-04-20 09:00:00,0.47,764.2753,1.0
2016-04-20 10:00:00,0.35,881.74457,1.0
2016-04-20 11:00:00,0.5,977.09186,1.0
2016-04-20 12:00:00,0.44,979.4303,1.0
2016-04-20 13:00:00,0.63,891.18274,1.0
2016-04-20 14:00:00,0.98,693.8705,1.0
2016-04-20 15:00:00,1.0,472.22083,1.0
2016-04-20 16:00:00,0.98,304.8259,1.0
2016-04-20 17:00:00,1.0,147.16766,1.0
2016-04-20 18:00:00,0.34,14.836842,0.735
2016-04-20 19:00:00,0.02,0.0,0.0
2016-04-20 20:00:00,0.12,0.0,0.0
2016-04-20 21:00:00,0.09,0.0,0.0
2016-04-20 22:00:00,0.06,0.0,0.0
2016-04-20 23:00:00,0.18,0.0,0.0
2016-04-21 00:00:00,0.16,0.0,0.0
2016-04-21 01:00:00,0.15,0.0,0.0
2016-04-21 02:00:00,0.11,0.0,0.0
2016-04-21 03:00:00,0.25,0.0,0.0
2016-04-21 04:00:00,0.34,0.0,0.0
2016-04-21 05:00:00,0.42,31.566319,0.7813888888888889
2016-04-21 06:00:00,0.19,209.02612,1.0
2016-04-21 07:00:00,0.11,419.13864,1.0
2016-04-21 08:00:00,0.05,680.9353,1.0
2016-04-21 09:00:00,0.02,882.4863,1.0
2016-04-21 10:00:00,0.01,1005.5828,1.0
2016-04-21 11:00:00,0.0,1069.2393,1.0
2016-04-21 12:00:00,0.0,1055.3546,1.0
2016-04-21 13:00:00,0.0,970.71484,1.0
2016-04-21 14:00:00,0.07,822.6468,1.0
2016-04-21 15:00:00,0.16,620.1004,1.0
2016-04-21 16:00:00,0.12,394.29602,1.0
2016-04-21 17:00:00,0.02,165.00594,1.0
2016-04-21 18:00:00,0.19,14.272518,0.7516666666666667
2016-04-21 19:00:00,0.22,0.0,0.0
2016-04-21 20:00:00,0.09,0.0,0.0
2016-04-21 21:00:00,0.0,0.0,0.0
2016-04-21 22:00:00,0.0,0.0,0.0
2016-04-21 23:00:00,0.0,0.0,0.0
2016-04-22 00:00:00,0.0,0.0,0.0
2016-04-22 01:00:00,0.0,0.0,0.0
2016-04-22 02:00:00,0.02,0.0,0.0
2016-04-22 03:00:00,0.0,0.0,0.0
2016-04-22 04:00:00,0.0,0.0,0.0
2016-04-22 05:00:00,0.0,35.70017,0.8041666666666667
2016-04-22 06:00:00,0.0,230.35918,1.0
2016-04-22 07:00:00,0.0,471.2824,1.0
2016-04-22 08:00:00,0.01,694.4398,1.0
2016-04-22 09:00:00,0.04,876.3401,1.0
2016-04-22 10:00:00,0.13,1000.4341,1.0
2016-04-22 11:00:00,0.39,1013.6043,1.0
2016-04-22 12:00:00,0.4,1033.0945,1.0
2016-04-22 13:00:00,0.45,924.1438,1.0
2016-04-22 14:00:00,0.29,780.10144,1.0
2016-04-22 15:00:00,0.53,601.68994,1.0
2016-04-22 16:00:00,0.72,356.34894,1.0
2016-04-22 17:00:00,0.81,158.84319,1.0
2016-04-22 18:00:00,0.93,16.255466,0.7683333333333333
2016-04-22 19:00:00,0.7,0.0,0.0
2016-04-22 20:00:00,0.7,0.0,0.0
2016-04-22 21:00:00,0.37,0.0,0.0
2016-04-22 22:00:00,0.66,0.0,0.0
2016-04-22 23:00:00,0.78,0.0,0.0
2016-04-23 00:00:00,0.63,0.0,0.0
2016-04-23 01:00:00,0.65,0.0,0.0
2016-04-23 02:00:00,0.81,0.0,0.0
2016-04-23 03:00:00,0.94,0.0,0.0
2016-04-23 04:00:00,0.96,0.0,0.0
2016-04-23 05:00:00,1.0,23.936354,0.8266666666666667
2016-04-23 06:00:00,1.0,145.58992,1.0
2016-04-23 07:00:00,1.0,343.86636,1.0
2016-04-23 08:00:00,1.0,530.806,1.0
2016-04-23 09:00:00,1.0,676.1956,1.0
2016-04-23 10:00:00,1.0,751.8166,1.0
2016-04-23 11:00:00,1.0,873.56866,1.0
2016-04-23 12:00:00,0.95,945.06866,1.0
2016-04-23 13:00:00,0.73,850.11096,1.0
2016-04-23 14:00:00,0.4,713.35706,1.0
2016-04-23 15:00:00,0.74,505.30634,1.0
2016-04-23 16:00:00,0.9,353.02063,1.0
2016-04-23 17:00:00,0.75,134.53392,1.0
2016-04-23 18:00:00,0.63,17.64653,0.785
2016-04-23 19:00:00,0.39,0.0,0.0
2016-04-23 20:00:00,0.07,0.0,0.0
2016-04-23 21:00:00,0.06,0.0,0.0
2016-04-23 22:00:00,0.0,0.0,0.0
2016-04-23 23:00:00,0.0,0.0,0.0
2016-04-24 00:00:00,0.0,0.0,0.0
2016-04-24 01:00:00,0.0,0.0,0.0
2016-04-24 02:00:00,0.0,0.0,0.0
2016-04-24 03:00:00,0.01,0.0,0.0
2016-04-24 04:00:00,0.0,0.0,0.0
2016-04-24 05:00:00,0.0,38.240704,0.8486111111111111
2016-04-24 06:00:00,0.17,224.20975,1.0
2016-04-24 07:00:00,0.2,422.73923,1.0
2016-04-24 08:00:00,0.71,595.62067,1.0
2016-04-24 09:00:00,0.98,804.69604,1.0
2016-04-24 10:00:00,0.97,868.5165,1.0
2016-04-24 11:00:00,0.95,768.3033,1.0
2016-04-24 12:00:00,0.89,632.17596,1.0
2016-04-24 13:00:00,0.64,725.5206,1.0
2016-04-24 14:00:00,0.27,733.02966,1.0
2016-04-24 15:00:00,0.26,578.92865,1.0
2016-04-24 16:00:00,0.27,382.44928,1.0
2016-04-24 17:00:00,0.26,162.18472,1.0
2016-04-24 18:00:00,0.1,16.568983,0.8016666666666666
2016-04-24 19:00:00,0.34,0.0,0.0
2016-04-24 20:00:00,0.86,0.0,0.0
2016-04-24 21:00:00,0.89,0.0,0.0
2016-04-24 22:00:00,0.91,0.0,0.0
2016-04-24 23:00:00,0.75,0.0,0.0
2016-04-25 00:00:00,0.59,0.0,0.0
2016-04-25 01:00:00,0.81,0.0,0.0
2016-04-25 02:00:00,0.89,0.0,0.0
2016-04-25 03:00:00,0.81,0.0,0.0
2016-04-25 04:00:00,0.6,0.0,0.0
2016-04-25 05:00:00,0.12,39.04416,0.8705555555555555
2016-04-25 06:00:00,0.0,236.7246,1.0
2016-04-25 07:00:00,0.0,477.3353,1.0
2016-04-25 08:00:00,0.0,698.1961,1.0
2016-04-25 09:00:00,0.1,878.13464,1.0
2016-04-25 10:00:00,0.07,975.9422,1.0
2016-04-25 11:00:00,0.23,1017.3008,1.0
2016-04-25 12:00:00,0.32,948.7632,1.0
2016-04-25 13:00:00,0.3,881.9477,1.0
2016-04-25 14:00:00,0.49,701.5316,1.0
2016-04-25 15:00:00,0.8,476.39624,1.0
2016-04-25 16:00:00,0.9,334.0413,1.0
2016-04-25 17:00:00,0.43,143.22028,1.0
2016-04-25 18:00:00,0.83,18.713112,0.8183333333333334
2016-04-25 19:00:00,0.91,0.0,0.0
2016-04-25 20:00:00,0.87,0.0,0.0
2016-04-25 21:00:00,0.83,0.0,0.0
2016-04-25 22:00:00,0.83,0.0,0.0
2016-04-25 23:00:00,0.4,0.0,0.0
2016-04-26 00:00:00,0.32,0.0,0.0
2016-04-26 01:00:00,0.5,0.0,0.0
2016-04-26 02:00:00,0.47,0.0,0.0
2016-04-26 03:00:00,0.36,0.0,0.0
2016-04-26 04:00:00,0.34,0.0,0.0
2016-04-26 05:00:00,0.05,38.74901,0.8925
2016-04-26 06:00:00,0.05,231.32455,1.0
2016-04-26 07:00:00,0.07,463.89246,1.0
2016-04-26 08:00:00,0.45,663.38257,1.0
2016-04-26 09:00:00,0.56,641.4921,1.0
2016-04-26 10:00:00,0.92,669.39,1.0
2016-04-26 11:00:00,0.92,613.4992,1.0
2016-04-26 12:00:00,0.95,464.286,1.0
2016-04-26 13:00:00,1.0,457.6838,1.0
2016-04-26 14:00:00,1.0,329.11063,1.0
2016-04-26 15:00:00,0.96,275.84048,1.0
2016-04-26 16:00:00,0.99,220.67822,1.0
2016-04-26 17:00:00,0.83,127.805336,1.0
2016-04-26 18:00:00,0.74,22.152334,0.835
2016-04-26 19:00:00,0.75,0.0,0.0
2016-04-26 20:00:00,0.76,0.0,0.0
2016-04-26 21:00:00,0.41,0.0,0.0
2016-04-26 22:00:00,0.87,0.0,0.0
2016-04-26 23:00:00,1.0,0.0,0.0
2016-04-27 00:00:00,0.99,0.0,0.0
2016-04-27 01:00:00,0.95,0.0,0.0
2016-04-27 02:00:00,0.78,0.0,0.0
2016-04-27 03:00:00,0.81,0.0,0.0
2016-04-27 04:00:00,0.61,0.0,0.0
2016-04-27 05:00:00,0.52,43.491932,0.9138888888888889
2016-04-27 06:00:00,0.47,232.22067,1.0
2016-04-27 07:00:00,0.58,436.64133,1.0
2016-04-27 08:00:00,0.8,582.3611,1.0
2016-04-27 09:00:00,0.92,740.2338,1.0
2016-04-27 10:00:00,0.92,789.6265,1.0
2016-04-27 11:00:00,0.76,853.41956,1.0
2016-04-27 12:00:00,0.81,898.3838,1.0
2016-04-27 13:00:00,0.67,791.38617,1.0
2016-04-27 14:00:00,0.65,692.74457,1.0
2016-04-27 15:00:00,0.7,513.6183,1.0
2016-04-27 16:00:00,0.65,365.86667,1.0
2016-04-27 17:00:00,0.65,170.84886,1.0
2016-04-27 18:00:00,0.4,19.67695,0.8516666666666667
2016-04-27 19:00:00,0.57,0.0,0.0
2016-04-27 20:00:00,0.71,0.0,0.0
2016-04-27 21:00:00,0.98,0.0,0.0
2016-04-27 22:00:00,0.97,0.0,0.0
2016-04-27 23:00:00,0.99,0.0,0.0
2016-04-28 00:00:00,0.96,0.0,0.0
2016-04-28 01:00:00,0.93,0.0,0.0
2016-04-28 02:00:00,0.88,0.0,0.0
2016-04-28 03:00:00,0.96,0.0,0.0
2016-04-28 04:00:00,1.0,0.0,0.0
2016-04-28 05:00:00,1.0,16.922241,0.9352777777777778
2016-04-28 06:00:00,0.99,88.89541,1.0
2016-04-28 07:00:00,1.0,165.5039,1.0
2016-04-28 08:00:00,1.0,201.86615,1.0
2016-04-28 09:00:00,0.97,324.4657,1.0
2016-04-28 10:00:00,0.99,629.02124,1.0
2016-04-28 11:00:00,1.0,497.11734,1.0
2016-04-28 12:00:00,1.0,393.9291,1.0
2016-04-28 13:00:00,0.99,367.30038,1.0
2016-04-28 14:00:00,1.0,365.19135,1.0
2016-04-28 15:00:00,0.99,267.8246,1.0
2016-04-28 16:00:00,0.99,130.6883,1.0
2016-04-28 17:00:00,1.0,46.714386,1.0
2016-04-28 18:00:00,0.99,12.03016,0.8683333333333333
2016-04-28 19:00:00,1.0,0.0,0.0
2016-04-28 20:00:00,0.98,0.0,0.0
2016-04-28 21:00:00,1.0,0.0,0.0
2016-04-28 22:00:00,1.0,0.0,0.0
2016-04-28 23:00:00,1.0,0.0,0.0
2016-04-29 00:00:00,1.0,0.0,0.0
2016-04-29 01:00:00,1.0,0.0,0.0
2016-04-29 02:00:00,1.0,0.0,0.0
2016-04-29 03:00:00,1.0,0.0,0.0
2016-04-29 04:00:00,1.0,0.0,0.0
2016-04-29 05:00:00,1.0,16.896692,0.9563888888888888
2016-04-29 06:00:00,1.0,75.79442,1.0
2016-04-29 07:00:00,1.0,165.67723,1.0
2016-04-29 08:00:00,1.0,218.94284,1.0
2016-04-29 09:00:00,1.0,279.1406,1.0
2016-04-29 10:00:00,1.0,241.52332,1.0
2016-04-29 11:00:00,1.0,295.43488,1.0
2016-04-29 12:00:00,1.0,280.7353,1.0
2016-04-29 13:00:00,1.0,300.30426,1.0
2016-04-29 14:00:00,1.0,235.60332,1.0
2016-04-29 15:00:00,1.0,255.19044,1.0
2016-04-29 16:00:00,1.0,201.5941,1.0
2016-04-29 17:00:00,1.0,87.46523,1.0
2016-04-29 18:00:00,1.0,14.908846,0.8852777777777778
2016-04-29 19:00:00,1.0,0.0,0.0
2016-04-29 20:00:00,1.0,0.0,0.0
2016-04-29 21:00:00,1.0,0.0,0.0
2016-04-29 22:00:00,1.0,0.0,0.0
2016-04-29 23:00:00,1.0,0.0,0.0
2016-04-30 00:00:00,1.0,0.0,0.0
2016-04-30 01:00:00,1.0,0.0,0.0
2016-04-30 02:00:00,1.0,0.0,0.0
2016-04-30 03:00:00,1.0,0.0,0.0
2016-04-30 04:00:00,1.0,0.0,0.0
2016-04-30 05:00:00,0.99,27.829845,0.9772222222222222
2016-04-30 06:00:00,0.84,137.81418,1.0
2016-04-30 07:00:00,0.98,257.5996,1.0
2016-04-30 08:00:00,1.0,439.38168,1.0
2016-04-30 09:00:00,1.0,540.6734,1.0
2016-04-30 10:00:00,1.0,709.7119,1.0
2016-04-30 11:00:00,1.0,610.3955,1.0
2016-04-30 12:00:00,1.0,606.9823,1.0
2016-04-30 13:00:00,1.0,632.05835,1.0
2016-04-30 14:00:00,1.0,463.6424,1.0
2016-04-30 15:00:00,1.0,329.76968,1.0
2016-04-30 16:00:00,1.0,223.2294,1.0
2016-04-30 17:00:00,1.0,103.109344,1.0
2016-04-30 18:00:00,1.0,25.842,0.9019444444444444
2016-04-30 19:00:00,1.0,0.0,0.0
2016-04-30 20:00:00,1.0,0.0,0.0
2016-04-30 21:00:00,1.0,0.0,0.0
2016-04-30 22:00:00,1.0,0.0,0.0
2016-04-30 23:00:00,0.97,0.0,0.0
2016-05-01 00:00:00,0.98,0.0,0.0
2016-05-01 01:00:00,1.0,0.0,0.0
2016-05-01 02:00:00,1.0,0.0,0.0
2016-05-01 03:00:00,0.99,0.0,0.0
2016-05-01 04:00:00,0.99,0.0,0.0
2016-05-01 05:00:00,1.0,20.869555,0.9980555555555556
2016-05-01 06:00:00,0.99,82.807274,1.0
2016-05-01 07:00:00,1.0,219.53503,1.0
2016-05-01 08:00:00,1.0,356.14365,1.0
2016-05-01 09:00:00,1.0,617.66187,1.0
2016-05-01 10:00:00,0.94,751.14374,1.0
2016-05-01 11:00:00,0.99,795.4047,1.0
2016-05-01 12:00:00,0.94,874.09094,1.0
2016-05-01 13:00:00,0.81,801.05994,1.0
2016-05-01 14:00:00,0.83,652.24786,1.0
2016-05-01 15:00:00,0.92,507.88812,1.0
2016-05-01 16:00:00,0.85,358.6019,1.0
2016-05-01 17:00:00,0.62,158.52069,1.0
2016-05-01 18:00:00,0.41,26.105553,0.9188888888888889
2016-05-01 19:00:00,0.44,0.0,0.0
2016-05-01 20:00:00,0.54,0.0,0.0
2016-05-01 21:00:00,0.72,0.0,0.0
2016-05-01 22:00:00,0.75,0.0,0.0
2016-05-01 23:00:00,0.71,0.0,0.0
2016-05-02 00:00:00,0.64,0.0,0.0
2016-05-02 01:00:00,0.48,0.0,0.0
2016-05-02 02:00:00,0.34,0.0,0.0
2016-05-02 03:00:00,0.23,0.0,0.0
2016-05-02 04:00:00,0.2,0.0,0.018333333333333333
2016-05-02 05:00:00,0.19,58.28481,1.0
2016-05-02 06:00:00,0.06,269.8177,1.0
2016-05-02 07:00:00,0.07,520.5363,1.0
2016-05-02 08:00:00,0.01,746.78613,1.0
2016-05-02 09:00:00,0.01,932.02167,1.0
2016-05-02 10:00:00,0.0,1061.3503,1.0
2016-05-02 11:00:00,0.0,1115.8267,1.0
2016-05-02 12:00:00,0.0,1101.8839,1.0
2016-05-02 13:00:00,0.0,1014.0805,1.0
2016-05-02 14:00:00,0.01,861.2742,1.0
2016-05-02 15:00:00,0.48,661.52167,1.0
2016-05-02 16:00:00,0.3,432.92566,1.0
2016-05-02 17:00:00,0.1,198.7243,1.0
2016-05-02 18:00:00,0.0,26.398983,0.9355555555555556
2016-05-02 19:00:00,0.02,0.0,0.0
2016-05-02 20:00:00,0.03,0.0,0.0
2016-05-02 21:00:00,0.01,0.0,0.0
2016-05-02 22:00:00,0.02,0.0,0.0
2016-05-02 23:00:00,0.05,0.0,0.0
2016-05-03 00:00:00,0.02,0.0,0.0
2016-05-03 01:00:00,0.1,0.0,0.0
2016-05-03 02:00:00,0.22,0.0,0.0
2016-05-03 03:00:00,0.2,0.0,0.0
2016-05-03 04:00:00,0.44,0.0,0.03833333333333333
2016-05-03 05:00:00,0.24,57.967617,1.0
2016-05-03 06:00:00,0.06,261.17932,1.0
2016-05-03 07:00:00,0.01,510.83743,1.0
2016-05-03 08:00:00,0.01,718.32837,1.0
2016-05-03 09:00:00,0.03,846.98755,1.0
2016-05-03 10:00:00,0.14,932.15845,1.0
2016-05-03 11:00:00,0.16,1040.0288,1.0
2016-05-03 12:00:00,0.24,1035.1726,1.0
2016-05-03 13:00:00,0.14,962.22784,1.0
2016-05-03 14:00:00,0.11,828.08954,1.0
2016-05-03 15:00:00,0.0,638.4053,1.0
2016-05-03 16:00:00,0.0,419.14685,1.0
2016-05-03 17:00:00,0.0,191.79573,1.0
2016-05-03 18:00:00,0.0,24.640675,0.9522222222222222
2016-05-03 19:00:00,0.0,0.0,0.0
2016-05-03 20:00:00,0.0,0.0,0.0
2016-05-03 21:00:00,0.0,0.0,0.0
2016-05-03 22:00:00,0.0,0.0,0.0
2016-05-03 23:00:00,0.0,0.0,0.0
2016-05-04 00:00:00,0.0,0.0,0.0
2016-05-04 01:00:00,0.0,0.0,0.0
2016-05-04 02:00:00,0.0,0.0,0.0
2016-05-04 03:00:00,0.0,0.0,0.0
2016-05-04 04:00:00,0.0,0.0,0.058055555555555555
2016-05-04 05:00:00,0.0,62.499477,1.0
2016-05-04 06:00:00,0.0,271.88095,1.0
2016-05-04 07:00:00,0.0,509.59506,1.0
2016-05-04 08:00:00,0.0,729.5298,1.0
2016-05-04 09:00:00,0.0,907.5352,1.0
2016-05-04 10:00:00,0.0,1028.3802,1.0
2016-05-04 11:00:00,0.0,1082.3376,1.0
2016-05-04 12:00:00,0.0,1062.2142,1.0
2016-05-04 13:00:00,0.0,977.5687,1.0
2016-05-04 14:00:00,0.01,834.78186,1.0
2016-05-04 15:00:00,0.32,636.85504,1.0
2016-05-04 16:00:00,0.1,418.4852,1.0
2016-05-04 17:00:00,0.34,192.56569,1.0
2016-05-04 18:00:00,0.78,25.869577,0.9688888888888889
2016-05-04 19:00:00,0.91,0.0,0.0
2016-05-04 20:00:00,0.06,0.0,0.0
2016-05-04 21:00:00,0.01,0.0,0.0
2016-05-04 22:00:00,0.0,0.0,0.0
2016-05-04 23:00:00,0.0,0.0,0.0
2016-05-05 00:00:00,0.45,0.0,0.0
2016-05-05 01:00:00,0.85,0.0,0.0
2016-05-05 02:00:00,0.94,0.0,0.0
2016-05-05 03:00:00,0.89,0.0,0.0
2016-05-05 04:00:00,0.9,0.0,0.07722222222222222
2016-05-05 05:00:00,0.94,62.37078,1.0
2016-05-05 06:00:00,0.99,268.87387,1.0
2016-05-05 07:00:00,0.95,504.11258,1.0
2016-05-05 08:00:00,0.96,720.9466,1.0
2016-05-05 09:00:00,0.93,896.86145,1.0
2016-05-05 10:00:00,0.85,1017.8347,1.0
2016-05-05 11:00:00,0.65,1030.3218,1.0
2016-05-05 12:00:00,0.39,982.4715,1.0
2016-05-05 13:00:00,0.05,882.54224,1.0
2016-05-05 14:00:00,0.25,794.834,1.0
2016-05-05 15:00:00,0.83,575.4897,1.0
2016-05-05 16:00:00,0.8,396.1434,1.0
2016-05-05 17:00:00,0.92,183.33627,1.0
2016-05-05 18:00:00,0.86,27.583889,0.9855555555555555
2016-05-05 19:00:00,0.94,0.0,0.0
2016-05-05 20:00:00,0.77,0.0,0.0
2016-05-05 21:00:00,0.87,0.0,0.0
2016-05-05 22:00:00,0.91,0.0,0.0
2016-05-05 23:00:00,0.84,0.0,0.0
2016-05-06 00:00:00,0.91,0.0,0.0
2016-05-06 01:00:00,0.97,0.0,0.0
2016-05-06 02:00:00,0.97,0.0,0.0
2016-05-06 03:00:00,0.89,0.0,0.0
2016-05-06 04:00:00,0.61,0.0,0.09638888888888889
2016-05-06 05:00:00,0.49,55.669807,1.0
2016-05-06 06:00:00,0.57,244.8315,1.0
2016-05-06 07:00:00,0.54,474.75824,1.0
2016-05-06 08:00:00,0.59,712.67,1.0
2016-05-06 09:00:00,0.64,877.91205,1.0
2016-05-06 10:00:00,0.24,907.7156,1.0
2016-05-06 11:00:00,0.11,1047.4417,1.0
2016-05-06 12:00:00,0.78,752.5055,1.0
2016-05-06 13:00:00,0.65,754.4206,1.0
2016-05-06 14:00:00,0.21,737.8716,1.0
2016-05-06 15:00:00,0.81,418.28708,1.0
2016-05-06 16:00:00,1.0,220.90413,1.0
2016-05-06 17:00:00,0.97,136.57664,1.0
2016-05-06 18:00:00,0.73,23.64593,1.0
2016-05-06 19:00:00,0.61,0.0,0.0019444444444444444
2016-05-06 20:00:00,0.51,0.0,0.0
2016-05-06 21:00:00,0.26,0.0,0.0
2016-05-06 22:00:00,0.32,0.0,0.0
2016-05-06 23:00:00,0.45,0.0,0.0
2016-05-07 00:00:00,0.36,0.0,0.0
2016-05-07 01:00:00,0.22,0.0,0.0
2016-05-07 02:00:00,0.23,0.0,0.0
2016-05-07 03:00:00,0.96,0.0,0.0
2016-05-07 04:00:00,0.96,0.0,0.11472222222222223
2016-05-07 05:00:00,0.94,53.171333,1.0
2016-05-07 06:00:00,0.9,183.87439,1.0
2016-05-07 07:00:00,0.96,282.6791,1.0
2016-05-07 08:00:00,0.88,421.72696,1.0
2016-05-07 09:00:00,0.79,518.6859,1.0
2016-05-07 10:00:00,1.0,524.79395,1.0
2016-05-07 11:00:00,1.0,304.80154,1.0
2016-05-07 12:00:00,1.0,324.53235,1.0
2016-05-07 13:00:00,1.0,200.81071,1.0
2016-05-07 14:00:00,1.0,174.0425,1.0
2016-05-07 15:00:00,0.99,80.40616,1.0
2016-05-07 16:00:00,1.0,170.76859,1.0
2016-05-07 17:00:00,1.0,136.66483,1.0
2016-05-07 18:00:00,0.98,30.359676,1.0
2016-05-07 19:00:00,0.81,0.0,0.018333333333333333
2016-05-07 20:00:00,0.42,0.0,0.0
2016-05-07 21:00:00,0.77,0.0,0.0
2016-05-07 22:00:00,0.82,0.0,0.0
2016-05-07 23:00:00,0.45,0.0,0.0
2016-05-08 00:00:00,0.14,0.0,0.0
2016-05-08 01:00:00,0.02,0.0,0.0
2016-05-08 02:00:00,0.0,0.0,0.0
2016-05-08 03:00:00,0.02,0.0,0.0
2016-05-08 04:00:00,0.03,0.0,0.13305555555555557
2016-05-08 05:00:00,0.04,69.073296,1.0
2016-05-08 06:00:00,0.12,260.42307,1.0
2016-05-08 07:00:00,0.37,501.17935,1.0
2016-05-08 08:00:00,0.74,709.718,1.0
2016-05-08 09:00:00,0.63,863.90686,1.0
2016-05-08 10:00:00,0.49,962.36664,1.0
2016-05-08 11:00:00,0.44,1006.50867,1.0
2016-05-08 12:00:00,0.47,906.3381,1.0
2016-05-08 13:00:00,0.69,776.8876,1.0
2016-05-08 14:00:00,0.96,564.0524,1.0
2016-05-08 15:00:00,0.87,333.36984,1.0
2016-05-08 16:00:00,1.0,160.23697,1.0
2016-05-08 17:00:00,0.99,117.8141,1.0
2016-05-08 18:00:00,0.97,29.934761,1.0
2016-05-08 19:00:00,0.97,0.0,0.034722222222222224
2016-05-08 20:00:00,0.94,0.0,0.0
2016-05-08 21:00:00,0.95,0.0,0.0
2016-05-08 22:00:00,0.97,0.0,0.0
2016-05-08 23:00:00,0.99,0.0,0.0
2016-05-09 00:00:00,0.99,0.0,0.0
2016-05-09 01:00:00,0.99,0.0,0.0
2016-05-09 02:00:00,0.92,0.0,0.0
2016-05-09 03:00:00,0.83,0.0,0.0
2016-05-09 04:00:00,0.57,0.0,0.15083333333333335
2016-05-09 05:00:00,0.57,57.93281,1.0
2016-05-09 06:00:00,0.41,226.27728,1.0
2016-05-09 07:00:00,0.37,430.25238,1.0
2016-05-09 08:00:00,0.22,626.5169,1.0
2016-05-09 09:00:00,0.16,798.0106,1.0
2016-05-09 10:00:00,0.47,938.5655,1.0
2016-05-09 11:00:00,0.81,879.6634,1.0
2016-05-09 12:00:00,0.31,1012.75885,1.0
2016-05-09 13:00:00,0.36,931.436,1.0
2016-05-09 14:00:00,0.78,705.0579,1.0
2016-05-09 15:00:00,0.52,463.9215,1.0
2016-05-09 16:00:00,0.39,330.67813,1.0
2016-05-09 17:00:00,0.55,183.29305,1.0
2016-05-09 18:00:00,0.5,27.837715,1.0
2016-05-09 19:00:00,0.85,0.0,0.050833333333333335
2016-05-09 20:00:00,0.59,0.0,0.0
2016-05-09 21:00:00,0.6,0.0,0.0
2016-05-09 22:00:00,0.51,0.0,0.0
2016-05-09 23:00:00,0.16,0.0,0.0
2016-05-10 00:00:00,0.02,0.0,0.0
2016-05-10 01:00:00,0.04,0.0,0.0
2016-05-10 02:00:00,0.01,0.0,0.0
2016-05-10 03:00:00,0.26,0.0,0.0
2016-05-10 04:00:00,0.71,0.0,0.16805555555555557
2016-05-10 05:00:00,0.95,56.562946,1.0
2016-05-10 06:00:00,0.65,189.69307,1.0
2016-05-10 07:00:00,0.6,426.6257,1.0
2016-05-10 08:00:00,0.35,641.32196,1.0
2016-05-10 09:00:00,0.51,792.2383,1.0
2016-05-10 10:00:00,0.21,899.6819,1.0
2016-05-10 11:00:00,0.73,881.63086,1.0
2016-05-10 12:00:00,0.69,754.30597,1.0
2016-05-10 13:00:00,0.67,515.28973,1.0
2016-05-10 14:00:00,0.65,552.05414,1.0
2016-05-10 15:00:00,0.51,368.91147,1.0
2016-05-10 16:00:00,0.49,361.1924,1.0
2016-05-10 17:00:00,0.71,134.86453,1.0
2016-05-10 18:00:00,0.66,17.261856,1.0
2016-05-10 19:00:00,0.77,0.0,0.06694444444444445
2016-05-10 20:00:00,0.85,0.0,0.0
2016-05-10 21:00:00,0.73,0.0,0.0
2016-05-10 22:00:00,0.7,0.0,0.0
2016-05-10 23:00:00,0.65,0.0,0.0
2016-05-11 00:00:00,0.63,0.0,0.0
2016-05-11 01:00:00,0.6,0.0,0.0
2016-05-11 02:00:00,0.29,0.0,0.0
2016-05-11 03:00:00,0.7,0.0,0.0
2016-05-11 04:00:00,0.62,0.0,0.18472222222222223
2016-05-11 05:00:00,0.63,45.60105,1.0
2016-05-11 06:00:00,0.62,174.21515,1.0
2016-05-11 07:00:00,0.56,247.36168,1.0
2016-05-11 08:00:00,0.6,381.01117,1.0
2016-05-11 09:00:00,0.57,384.5727,1.0
2016-05-11 10:00:00,0.44,597.5046,1.0
2016-05-11 11:00:00,0.61,881.1399,1.0
2016-05-11 12:00:00,0.86,840.9172,1.0
2016-05-11 13:00:00,0.86,706.0322,1.0
2016-05-11 14:00:00,0.68,598.82605,1.0
2016-05-11 15:00:00,0.57,511.60953,1.0
2016-05-11 16:00:00,0.81,343.26132,1.0
2016-05-11 17:00:00,0.65,168.65086,1.0
2016-05-11 18:00:00,0.61,26.228748,1.0
2016-05-11 19:00:00,0.34,0.0,0.08277777777777778
2016-05-11 20:00:00,0.15,0.0,0.0
2016-05-11 21:00:00,0.21,0.0,0.0
2016-05-11 22:00:00,0.17,0.0,0.0
2016-05-11 23:00:00,0.13,0.0,0.0
2016-05-12 00:00:00,0.05,0.0,0.0
2016-05-12 01:00:00,0.0,0.0,0.0
2016-05-12 02:00:00,0.0,0.0,0.0
2016-05-12 03:00:00,0.04,0.0,0.0
2016-05-12 04:00:00,0.01,0.0,0.2011111111111111
2016-05-12 05:00:00,0.02,75.30208,1.0
2016-05-12 06:00:00,0.0,281.07535,1.0
2016-05-12 07:00:00,0.0,512.6269,1.0
2016-05-12 08:00:00,0.0,728.7134,1.0
2016-05-12 09:00:00,0.0,903.33997,1.0
2016-05-12 10:00:00,0.0,1015.26447,1.0
2016-05-12 11:00:00,0.0,1075.8364,1.0
2016-05-12 12:00:00,0.0,1058.8682,1.0
2016-05-12 13:00:00,0.17,955.42926,1.0
2016-05-12 14:00:00,0.07,822.2137,1.0
2016-05-12 15:00:00,0.54,564.6689,1.0
2016-05-12 16:00:00,0.3,415.70996,1.0
2016-05-12 17:00:00,0.37,200.62424,1.0
2016-05-12 18:00:00,0.45,31.770752,1.0
2016-05-12 19:00:00,0.26,0.0,0.09833333333333333
2016-05-12 20:00:00,0.01,0.0,0.0
2016-05-12 21:00:00,0.0,0.0,0.0
2016-05-12 22:00:00,0.0,0.0,0.0
2016-05-12 23:00:00,0.0,0.0,0.0
2016-05-13 00:00:00,0.0,0.0,0.0
2016-05-13 01:00:00,0.15,0.0,0.0
2016-05-13 02:00:00,0.26,0.0,0.0
2016-05-13 03:00:00,0.4,0.0,0.0
2016-05-13 04:00:00,0.38,0.0,0.21666666666666667
2016-05-13 05:00:00,0.27,66.11467,1.0
2016-05-13 06:00:00,0.23,275.9096,1.0
2016-05-13 07:00:00,0.34,503.23523,1.0
2016-05-13 08:00:00,0.24,696.29645,1.0
2016-05-13 09:00:00,0.34,893.5416,1.0
2016-05-13 10:00:00,0.21,1019.5295,1.0
2016-05-13 11:00:00,0.23,1026.2815,1.0
2016-05-13 12:00:00,0.01,1021.9427,1.0
2016-05-13 13:00:00,0.0,969.4716,1.0
2016-05-13 14:00:00,0.06,784.6035,1.0
2016-05-13 15:00:00,0.47,626.11926,1.0
2016-05-13 16:00:00,0.59,391.09064,1.0
2016-05-13 17:00:00,0.36,194.59529,1.0
2016-05-13 18:00:00,0.36,30.373322,1.0
2016-05-13 19:00:00,0.6,0.0,0.11388888888888889
2016-05-13 20:00:00,0.86,0.0,0.0
2016-05-13 21:00:00,0.88,0.0,0.0
2016-05-13 22:00:00,0.86,0.0,0.0
2016-05-13 23:00:00,0.84,0.0,0.0
2016-05-14 00:00:00,0.89,0.0,0.0
2016-05-14 01:00:00,0.89,0.0,0.0
2016-05-14 02:00:00,0.79,0.0,0.0
2016-05-14 03:00:00,1.0,0.0,0.0
2016-05-14 04:00:00,1.0,0.0,0.23194444444444445
2016-05-14 05:00:00,0.96,38.915073,1.0
2016-05-14 06:00:00,0.49,135.7081,1.0
2016-05-14 07:00:00,0.32,430.198,1.0
2016-05-14 08:00:00,0.65,649.3305,1.0
2016-05-14 09:00:00,0.87,878.98596,1.0
2016-05-14 10:00:00,0.99,856.0448,1.0
2016-05-14 11:00:00,0.83,827.8118,1.0
2016-05-14 12:00:00,0.75,802.65906,1.0
2016-05-14 13:00:00,0.77,582.5689,1.0
2016-05-14 14:00:00,0.89,480.2853,1.0
2016-05-14 15:00:00,0.89,567.8319,1.0
2016-05-14 16:00:00,0.97,318.9694,1.0
2016-05-14 17:00:00,0.93,159.6758,1.0
2016-05-14 18:00:00,0.92,32.89955,1.0
2016-05-14 19:00:00,0.82,0.0,0.12916666666666668
2016-05-14 20:00:00,0.75,0.0,0.0
2016-05-14 21:00:00,0.86,0.0,0.0
2016-05-14 22:00:00,0.89,0.0,0.0
2016-05-14 23:00:00,0.83,0.0,0.0
2016-05-15 00:00:00,0.78,0.0,0.0
2016-05-15 01:00:00,0.65,0.0,0.0
2016-05-15 02:00:00,0.65,0.0,0.0
2016-05-15 03:00:00,0.9,0.0,0.0
2016-05-15 04:00:00,0.95,0.0,0.24666666666666667
2016-05-15 05:00:00,0.89,68.267075,1.0
2016-05-15 06:00:00,0.99,250.81844,1.0
2016-05-15 07:00:00,0.99,429.4704,1.0
2016-05-15 08:00:00,1.0,523.1894,1.0
2016-05-15 09:00:00,1.0,627.75745,1.0
2016-05-15 10:00:00,1.0,569.82886,1.0
2016-05-15 11:00:00,1.0,349.66287,1.0
2016-05-15 12:00:00,1.0,340.4064,1.0
2016-05-15 13:00:00,0.99,395.50507,1.0
2016-05-15 14:00:00,0.98,385.55554,1.0
2016-05-15 15:00:00,1.0,397.38586,1.0
2016-05-15 16:00:00,1.0,241.47455,1.0
2016-05-15 17:00:00,1.0,57.87872,1.0
2016-05-15 18:00:00,0.99,16.064425,1.0
2016-05-15 19:00:00,1.0,0.0,0.14444444444444443
2016-05-15 20:00:00,1.0,0.0,0.0
2016-05-15 21:00:00,1.0,0.0,0.0
2016-05-15 22:00:00,1.0,0.0,0.0
2016-05-15 23:00:00,1.0,0.0,0.0
2016-05-16 00:00:00,0.98,0.0,0.0
2016-05-16 01:00:00,0.71,0.0,0.0
2016-05-16 02:00:00,0.72,0.0,0.0
2016-05-16 03:00:00,0.92,0.0,0.0
2016-05-16 04:00:00,0.95,0.0,0.2611111111111111
2016-05-16 05:00:00,0.94,35.756027,1.0
2016-05-16 06:00:00,0.94,109.39231,1.0
2016-05-16 07:00:00,0.99,118.1986,1.0
2016-05-16 08:00:00,0.97,168.29936,1.0
2016-05-16 09:00:00,1.0,154.64458,1.0
2016-05-16 10:00:00,1.0,213.35901,1.0
2016-05-16 11:00:00,1.0,275.62653,1.0
2016-05-16 12:00:00,1.0,185.06393,1.0
2016-05-16 13:00:00,1.0,159.12025,1.0
2016-05-16 14:00:00,1.0,121.26437,1.0
2016-05-16 15:00:00,1.0,115.22925,1.0
2016-05-16 16:00:00,1.0,93.91805,1.0
2016-05-16 17:00:00,1.0,45.720463,1.0
2016-05-16 18:00:00,1.0,16.896692,1.0
2016-05-16 19:00:00,1.0,0.0,0.1597222222222222
2016-05-16 20:00:00,1.0,0.0,0.0
2016-05-16 21:00:00,1.0,0.0,0.0
2016-05-16 22:00:00,1.0,0.0,0.0
2016-05-16 23:00:00,1.0,0.0,0.0
2016-05-17 00:00:00,1.0,0.0,0.0
2016-05-17 01:00:00,1.0,0.0,0.0
2016-05-17 02:00:00,1.0,0.0,0.0
2016-05-17 03:00:00,1.0,0.0,0.0
2016-05-17 04:00:00,1.0,0.0,0.2752777777777778
2016-05-17 05:00:00,1.0,17.890615,1.0
2016-05-17 06:00:00,1.0,78.69144,1.0
2016-05-17 07:00:00,0.99,205.6034,1.0
2016-05-17 08:00:00,1.0,250.51692,1.0
2016-05-17 09:00:00,1.0,525.8257,1.0
2016-05-17 10:00:00,0.99,569.204,1.0
2016-05-17 11:00:00,1.0,477.50073,1.0
2016-05-17 12:00:00,1.0,577.91327,1.0
2016-05-17 13:00:00,1.0,548.4738,1.0
2016-05-17 14:00:00,1.0,387.41953,1.0
2016-05-17 15:00:00,0.97,276.6522,1.0
2016-05-17 16:00:00,0.96,188.03215,1.0
2016-05-17 17:00:00,0.98,95.50058,1.0
2016-05-17 18:00:00,0.99,24.3586,1.0
2016-05-17 19:00:00,1.0,0.0,0.175
2016-05-17 20:00:00,1.0,0.0,0.0
2016-05-17 21:00:00,1.0,0.0,0.0
2016-05-17 22:00:00,1.0,0.0,0.0
2016-05-17 23:00:00,1.0,0.0,0.0
2016-05-18 00:00:00,1.0,0.0,0.0
2016-05-18 01:00:00,0.85,0.0,0.0
2016-05-18 02:00:00,0.63,0.0,0.0
2016-05-18 03:00:00,0.87,0.0,0.0
2016-05-18 04:00:00,0.77,0.99392307,0.2886111111111111
2016-05-18 05:00:00,0.72,74.31565,1.0
2016-05-18 06:00:00,0.19,265.03326,1.0
2016-05-18 07:00:00,0.29,485.12378,1.0
2016-05-18 08:00:00,0.26,685.94727,1.0
2016-05-18 09:00:00,0.3,868.80096,1.0
2016-05-18 10:00:00,0.22,956.2435,1.0
2016-05-18 11:00:00,0.19,984.24097,1.0
2016-05-18 12:00:00,0.29,913.1158,1.0
2016-05-18 13:00:00,0.5,698.9297,1.0
2016-05-18 14:00:00,0.64,683.9932,1.0
2016-05-18 15:00:00,0.48,514.1403,1.0
2016-05-18 16:00:00,0.52,332.75894,1.0
2016-05-18 17:00:00,0.73,181.44205,1.0
2016-05-18 18:00:00,0.91,36.090393,1.0
2016-05-18 19:00:00,0.94,0.0,0.19027777777777777
2016-05-18 20:00:00,0.95,0.0,0.0
2016-05-18 21:00:00,0.82,0.0,0.0
2016-05-18 22:00:00,0.56,0.0,0.0
2016-05-18 23:00:00,0.38,0.0,0.0
2016-05-19 00:00:00,0.17,0.0,0.0
2016-05-19 01:00:00,0.0,0.0,0.0
2016-05-19 02:00:00,0.0,0.0,0.0
2016-05-19 03:00:00,0.0,0.0,0.0
2016-05-19 04:00:00,0.02,1.9878461,0.30194444444444446
2016-05-19 05:00:00,0.01,85.77699,1.0
2016-05-19 06:00:00,0.0,292.08405,1.0
2016-05-19 07:00:00,0.04,518.54816,1.0
2016-05-19 08:00:00,0.01,727.98346,1.0
2016-05-19 09:00:00,0.18,868.04865,1.0
2016-05-19 10:00:00,0.29,991.6614,1.0
2016-05-19 11:00:00,0.25,1049.9824,1.0
2016-05-19 12:00:00,0.22,1050.4408,1.0
2016-05-19 13:00:00,0.15,919.4372,1.0
2016-05-19 14:00:00,0.12,762.6105,1.0
2016-05-19 15:00:00,0.85,629.3429,1.0
2016-05-19 16:00:00,0.89,411.69952,1.0
2016-05-19 17:00:00,0.81,196.46916,1.0
2016-05-19 18:00:00,0.6,38.387638,1.0
2016-05-19 19:00:00,0.37,0.0,0.20527777777777778
2016-05-19 20:00:00,0.17,0.0,0.0
2016-05-19 21:00:00,0.01,0.0,0.0
2016-05-19 22:00:00,0.05,0.0,0.0
2016-05-19 23:00:00,0.13,0.0,0.0
2016-05-20 00:00:00,0.61,0.0,0.0
2016-05-20 01:00:00,0.92,0.0,0.0
2016-05-20 02:00:00,0.99,0.0,0.0
2016-05-20 03:00:00,0.25,0.0,0.0
2016-05-20 04:00:00,0.2,1.9878461,0.31444444444444447
2016-05-20 05:00:00,0.01,85.00137,1.0
2016-05-20 06:00:00,0.01,277.998,1.0
2016-05-20 07:00:00,0.0,495.358,1.0
2016-05-20 08:00:00,0.09,706.6381,1.0
2016-05-20 09:00:00,0.55,873.5348,1.0
2016-05-20 10:00:00,0.9,971.7382,1.0
2016-05-20 11:00:00,0.88,828.6403,1.0
2016-05-20 12:00:00,0.96,796.8369,1.0
2016-05-20 13:00:00,0.87,658.77893,1.0
2016-05-20 14:00:00,0.95,605.37177,1.0
2016-05-20 15:00:00,0.77,470.62808,1.0
2016-05-20 16:00:00,0.8,338.06628,1.0
2016-05-20 17:00:00,0.93,183.4902,1.0
2016-05-20 18:00:00,0.84,31.711018,1.0
2016-05-20 19:00:00,0.46,0.0,0.22027777777777777
2016-05-20 20:00:00,0.37,0.0,0.0
2016-05-20 21:00:00,0.29,0.0,0.0
2016-05-20 22:00:00,0.37,0.0,0.0
2016-05-20 23:00:00,0.55,0.0,0.0
2016-05-21 00:00:00,0.74,0.0,0.0
2016-05-21 01:00:00,0.68,0.0,0.0
2016-05-21 02:00:00,0.51,0.0,0.0
2016-05-21 03:00:00,0.39,0.0,0.0
2016-05-21 04:00:00,0.46,1.9878461,0.32666666666666666
2016-05-21 05:00:00,0.16,85.643906,1.0
2016-05-21 06:00:00,0.0,291.35342,1.0
2016-05-21 07:00:00,0.03,519.7829,1.0
2016-05-21 08:00:00,0.35,727.7455,1.0
2016-05-21 09:00:00,0.63,893.6151,1.0
2016-05-21 10:00:00,0.63,999.5291,1.0
2016-05-21 11:00:00,0.86,1039.6592,1.0
2016-05-21 12:00:00,0.87,962.2331,1.0
2016-05-21 13:00:00,0.96,878.1234,1.0
2016-05-21 14:00:00,0.91,785.8027,1.0
2016-05-21 15:00:00,0.96,618.1211,1.0
2016-05-21 16:00:00,0.59,386.94205,1.0
2016-05-21 17:00:00,0.21,213.2445,1.0
2016-05-21 18:00:00,0.11,41.85165,1.0
2016-05-21 19:00:00,0.03,0.0,0.235
2016-05-21 20:00:00,0.15,0.0,0.0
2016-05-21 21:00:00,0.13,0.0,0.0
2016-05-21 22:00:00,0.14,0.0,0.0
2016-05-21 23:00:00,0.0,0.0,0.0
2016-05-22 00:00:00,0.0,0.0,0.0
2016-05-22 01:00:00,0.0,0.0,0.0
2016-05-22 02:00:00,0.0,0.0,0.0
2016-05-22 03:00:00,0.0,0.0,0.0
2016-05-22 04:00:00,0.0,1.2480805,0.3386111111111111
2016-05-22 05:00:00,0.0,89.66141,1.0
2016-05-22 06:00:00,0.0,294.99747,1.0
2016-05-22 07:00:00,0.0,519.24786,1.0
2016-05-22 08:00:00,0.0,726.36383,1.0
2016-05-22 09:00:00,0.08,896.43384,1.0
2016-05-22 10:00:00,0.27,988.9791,1.0
2016-05-22 11:00:00,0.23,905.87146,1.0
2016-05-22 12:00:00,0.4,937.63855,1.0
2016-05-22 13:00:00,0.36,809.19025,1.0
2016-05-22 14:00:00,0.44,670.69696,1.0
2016-05-22 15:00:00,0.76,569.4276,1.0
2016-05-22 16:00:00,0.63,349.55173,1.0
2016-05-22 17:00:00,0.58,210.37578,1.0
2016-05-22 18:00:00,0.43,39.323612,1.0
2016-05-22 19:00:00,0.18,0.0,0.24972222222222223
2016-05-22 20:00:00,0.0,0.0,0.0
2016-05-22 21:00:00,0.0,0.0,0.0
2016-05-22 22:00:00,0.27,0.0,0.0
2016-05-22 23:00:00,0.32,0.0,0.0
2016-05-23 00:00:00,0.26,0.0,0.0
2016-05-23 01:00:00,0.08,0.0,0.0
2016-05-23 02:00:00,0.06,0.0,0.0
2016-05-23 03:00:00,0.23,0.0,0.0
2016-05-23 04:00:00,0.09,2.2433748,0.35
2016-05-23 05:00:00,0.18,87.907745,1.0
2016-05-23 06:00:00,0.05,289.4448,1.0
2016-05-23 07:00:00,0.21,506.5078,1.0
2016-05-23 08:00:00,0.44,703.932,1.0
2016-05-23 09:00:00,0.63,837.79803,1.0
2016-05-23 10:00:00,0.49,812.78,1.0
2016-05-23 11:00:00,0.89,857.3622,1.0
2016-05-23 12:00:00,0.98,611.4417,1.0
2016-05-23 13:00:00,0.93,495.53604,1.0
2016-05-23 14:00:00,0.72,579.9577,1.0
2016-05-23 15:00:00,0.8,418.62738,1.0
2016-05-23 16:00:00,0.6,316.90353,1.0
2016-05-23 17:00:00,0.35,192.4289,1.0
2016-05-23 18:00:00,0.14,40.74049,1.0
2016-05-23 19:00:00,0.01,0.0,0.2638888888888889
2016-05-23 20:00:00,0.01,0.0,0.0
2016-05-23 21:00:00,0.24,0.0,0.0
2016-05-23 22:00:00,0.1,0.0,0.0
2016-05-23 23:00:00,0.3,0.0,0.0
2016-05-24 00:00:00,0.56,0.0,0.0
2016-05-24 01:00:00,0.32,0.0,0.0
2016-05-24 02:00:00,0.15,0.0,0.0
2016-05-24 03:00:00,0.07,0.0,0.0
2016-05-24 04:00:00,0.0,2.2443793,0.36083333333333334
2016-05-24 05:00:00,0.0,87.91076,1.0
2016-05-24 06:00:00,0.01,287.1071,1.0
2016-05-24 07:00:00,0.0,506.3629,1.0
2016-05-24 08:00:00,0.0,716.50244,1.0
2016-05-24 09:00:00,0.27,894.06775,1.0
2016-05-24 10:00:00,0.38,977.27,1.0
2016-05-24 11:00:00,0.56,909.6788,1.0
2016-05-24 12:00:00,0.65,734.53485,1.0
2016-05-24 13:00:00,0.77,657.42883,1.0
2016-05-24 14:00:00,0.8,464.30008,1.0
2016-05-24 15:00:00,0.69,484.27112,1.0
2016-05-24 16:00:00,0.48,361.4675,1.0
2016-05-24 17:00:00,0.49,193.02548,1.0
2016-05-24 18:00:00,0.5,41.76335,1.0
2016-05-24 19:00:00,0.43,1.9878461,0.27805555555555556
2016-05-24 20:00:00,0.11,0.0,0.0
2016-05-24 21:00:00,0.02,0.0,0.0
2016-05-24 22:00:00,0.0,0.0,0.0
2016-05-24 23:00:00,0.13,0.0,0.0
2016-05-25 00:00:00,0.05,0.0,0.0
2016-05-25 01:00:00,0.0,0.0,0.0
2016-05-25 02:00:00,0.01,0.0,0.0
2016-05-25 03:00:00,0.0,0.0,0.0
2016-05-25 04:00:00,0.1,2.244989,0.3711111111111111
2016-05-25 05:00:00,0.62,92.884705,1.0
2016-05-25 06:00:00,0.07,294.83752,1.0
2016-05-25 07:00:00,0.22,511.91553,1.0
2016-05-25 08:00:00,0.35,728.3547,1.0
2016-05-25 09:00:00,0.32,856.1676,1.0
2016-05-25 10:00:00,0.28,1004.0311,1.0
2016-05-25 11:00:00,0.56,711.94684,1.0
2016-05-25 12:00:00,0.58,854.6823,1.0
2016-05-25 13:00:00,0.65,821.4317,1.0
2016-05-25 14:00:00,0.68,690.93207,1.0
2016-05-25 15:00:00,0.79,453.57312,1.0
2016-05-25 16:00:00,0.84,352.1801,1.0
2016-05-25 17:00:00,0.65,195.10968,1.0
2016-05-25 18:00:00,0.48,42.509865,1.0
2016-05-25 19:00:00,0.24,1.9878461,0.2922222222222222
2016-05-25 20:00:00,0.19,0.0,0.0
2016-05-25 21:00:00,0.08,0.0,0.0
2016-05-25 22:00:00,0.26,0.0,0.0
2016-05-25 23:00:00,0.4,0.0,0.0
2016-05-26 00:00:00,0.14,0.0,0.0
2016-05-26 01:00:00,0.03,0.0,0.0
2016-05-26 02:00:00,0.03,0.0,0.0
2016-05-26 03:00:00,0.64,0.0,0.0
2016-05-26 04:00:00,0.56,2.2452223,0.3811111111111111
2016-05-26 05:00:00,0.47,89.0578,1.0
2016-05-26 06:00:00,0.35,251.46971,1.0
2016-05-26 07:00:00,0.06,487.02274,1.0
2016-05-26 08:00:00,0.15,628.0078,1.0
2016-05-26 09:00:00,0.31,791.4985,1.0
2016-05-26 10:00:00,0.45,809.444,1.0
2016-05-26 11:00:00,0.64,875.93854,1.0
2016-05-26 12:00:00,0.73,824.26556,1.0
2016-05-26 13:00:00,0.78,568.5334,1.0
2016-05-26 14:00:00,0.85,454.177,1.0
2016-05-26 15:00:00,1.0,224.98933,1.0
2016-05-26 16:00:00,1.0,97.61064,1.0
2016-05-26 17:00:00,1.0,44.479084,1.0
2016-05-26 18:00:00,1.0,15.902769,1.0
2016-05-26 19:00:00,1.0,0.0,0.30583333333333335
2016-05-26 20:00:00,1.0,0.0,0.0
2016-05-26 21:00:00,1.0,0.0,0.0
2016-05-26 22:00:00,1.0,0.0,0.0
2016-05-26 23:00:00,1.0,0.0,0.0
2016-05-27 00:00:00,1.0,0.0,0.0
2016-05-27 01:00:00,1.0,0.0,0.0
2016-05-27 02:00:00,1.0,0.0,0.0
2016-05-27 03:00:00,1.0,0.0,0.0
2016-05-27 04:00:00,1.0,0.99392307,0.39055555555555554
2016-05-27 05:00:00,1.0,15.902769,1.0
2016-05-27 06:00:00,0.33,82.54618,1.0
2016-05-27 07:00:00,0.62,179.87096,1.0
2016-05-27 08:00:00,0.85,501.75238,1.0
2016-05-27 09:00:00,0.95,714.6887,1.0
2016-05-27 10:00:00,0.99,760.836,1.0
2016-05-27 11:00:00,1.0,668.4814,1.0
2016-05-27 12:00:00,1.0,705.73065,1.0
2016-05-27 13:00:00,1.0,572.9074,1.0
2016-05-27 14:00:00,1.0,452.10007,1.0
2016-05-27 15:00:00,0.97,475.4762,1.0
2016-05-27 16:00:00,0.96,384.91003,1.0
2016-05-27 17:00:00,0.97,208.48943,1.0
2016-05-27 18:00:00,0.98,50.137936,1.0
2016-05-27 19:00:00,0.96,1.9878461,0.31916666666666665
2016-05-27 20:00:00,0.86,0.0,0.0
2016-05-27 21:00:00,0.73,0.0,0.0
2016-05-27 22:00:00,0.64,0.0,0.0
2016-05-27 23:00:00,0.48,0.0,0.0
2016-05-28 00:00:00,0.45,0.0,0.0
2016-05-28 01:00:00,0.32,0.0,0.0
2016-05-28 02:00:00,0.01,0.0,0.0
2016-05-28 03:00:00,0.21,0.0,0.0
2016-05-28 04:00:00,0.11,3.2387516,0.39944444444444444
2016-05-28 05:00:00,0.06,92.17716,1.0
2016-05-28 06:00:00,0.06,294.72125,1.0
2016-05-28 07:00:00,0.01,516.88666,1.0
2016-05-28 08:00:00,0.07,728.3053,1.0
2016-05-28 09:00:00,0.29,891.1467,1.0
2016-05-28 10:00:00,0.38,975.889,1.0
2016-05-28 11:00:00,0.48,1010.5653,1.0
2016-05-28 12:00:00,0.29,987.26794,1.0
2016-05-28 13:00:00,0.35,944.3345,1.0
2016-05-28 14:00:00,0.32,733.96564,1.0
2016-05-28 15:00:00,0.54,569.9521,1.0
2016-05-28 16:00:00,0.22,391.0899,1.0
2016-05-28 17:00:00,0.16,216.89691,1.0
2016-05-28 18:00:00,0.47,50.444244,1.0
2016-05-28 19:00:00,0.16,1.9878461,0.3322222222222222
2016-05-28 20:00:00,0.06,0.0,0.0
2016-05-28 21:00:00,0.0,0.0,0.0
2016-05-28 22:00:00,0.0,0.0,0.0
2016-05-28 23:00:00,0.23,0.0,0.0
2016-05-29 00:00:00,0.04,0.0,0.0
2016-05-29 01:00:00,0.0,0.0,0.0
2016-05-29 02:00:00,0.09,0.0,0.0
2016-05-29 03:00:00,0.03,0.0,0.0
2016-05-29 04:00:00,0.0,3.2380729,0.4077777777777778
2016-05-29 05:00:00,0.0,96.11597,1.0
2016-05-29 06:00:00,0.08,295.4468,1.0
2016-05-29 07:00:00,0.16,515.2913,1.0
2016-05-29 08:00:00,0.48,719.3027,1.0
2016-05-29 09:00:00,0.63,892.54626,1.0
2016-05-29 10:00:00,0.78,972.4474,1.0
2016-05-29 11:00:00,0.86,977.3218,1.0
2016-05-29 12:00:00,0.9,916.05444,1.0
2016-05-29 13:00:00,0.85,829.30273,1.0
2016-05-29 14:00:00,0.87,519.4509,1.0
2016-05-29 15:00:00,0.97,469.90738,1.0
2016-05-29 16:00:00,0.98,242.77264,1.0
2016-05-29 17:00:00,0.92,149.99657,1.0
2016-05-29 18:00:00,0.85,56.090744,1.0
2016-05-29 19:00:00,0.88,2.981769,0.345
2016-05-29 20:00:00,0.83,0.0,0.0
2016-05-29 21:00:00,0.84,0.0,0.0
2016-05-29 22:00:00,0.38,0.0,0.0
2016-05-29 23:00:00,0.23,0.0,0.0
2016-05-30 00:00:00,0.02,0.0,0.0
2016-05-30 01:00:00,0.0,0.0,0.0
2016-05-30 02:00:00,0.0,0.0,0.0
2016-05-30 03:00:00,0.1,0.0,0.0
2016-05-30 04:00:00,0.16,3.237178,0.41555555555555557
2016-05-30 05:00:00,0.04,95.86688,1.0
2016-05-30 06:00:00,0.0,299.23615,1.0
2016-05-30 07:00:00,0.0,522.88837,1.0
2016-05-30 08:00:00,0.0,730.5745,1.0
2016-05-30 09:00:00,0.18,852.94867,1.0
2016-05-30 10:00:00,0.31,951.1187,1.0
2016-05-30 11:00:00,0.49,957.6586,1.0
2016-05-30 12:00:00,0.76,879.2676,1.0
2016-05-30 13:00:00,0.9,841.4659,1.0
2016-05-30 14:00:00,0.88,719.6422,1.0
2016-05-30 15:00:00,0.77,493.6229,1.0
2016-05-30 16:00:00,0.96,300.16843,1.0
2016-05-30 17:00:00,0.92,156.05605,1.0
2016-05-30 18:00:00,0.8,51.22012,1.0
2016-05-30 19:00:00,0.49,2.981769,0.3572222222222222
2016-05-30 20:00:00,0.21,0.0,0.0
2016-05-30 21:00:00,0.25,0.0,0.0
2016-05-30 22:00:00,0.25,0.0,0.0
2016-05-30 23:00:00,0.15,0.0,0.0
2016-05-31 00:00:00,0.31,0.0,0.0
2016-05-31 01:00:00,0.61,0.0,0.0
2016-05-31 02:00:00,0.67,0.0,0.0
2016-05-31 03:00:00,0.99,0.0,0.0
2016-05-31 04:00:00,0.97,2.2421527,0.4230555555555556
2016-05-31 05:00:00,0.88,58.74208,1.0
2016-05-31 06:00:00,0.79,207.23701,1.0
2016-05-31 07:00:00,0.51,415.0548,1.0
2016-05-31 08:00:00,0.63,708.88586,1.0
2016-05-31 09:00:00,0.62,789.2722,1.0
2016-05-31 10:00:00,0.63,941.2249,1.0
2016-05-31 11:00:00,0.6,910.3323,1.0
2016-05-31 12:00:00,0.62,849.5282,1.0
2016-05-31 13:00:00,0.95,693.36975,1.0
2016-05-31 14:00:00,0.91,445.71317,1.0
2016-05-31 15:00:00,0.99,392.61957,1.0
2016-05-31 16:00:00,0.79,236.06963,1.0
2016-05-31 17:00:00,0.76,163.6721,1.0
2016-05-31 18:00:00,0.81,49.681488,1.0
2016-05-31 19:00:00,0.44,1.9878461,0.36916666666666664
2016-05-31 20:00:00,0.83,0.0,0.0
2016-05-31 21:00:00,0.97,0.0,0.0
2016-05-31 22:00:00,1.0,0.0,0.0
2016-05-31 23:00:00,1.0,0.0,0.0
2016-06-01 00:00:00,1.0,0.0,0.0
2016-06-01 01:00:00,1.0,0.0,0.0
2016-06-01 02:00:00,0.99,0.0,0.0
2016-06-01 03:00:00,0.99,0.0,0.0
2016-06-01 04:00:00,0.96,1.9878461,0.4297222222222222
2016-06-01 05:00:00,1.0,39.519592,1.0
2016-06-01 06:00:00,1.0,181.69817,1.0
2016-06-01 07:00:00,0.94,373.1838,1.0
2016-06-01 08:00:00,0.91,516.2712,1.0
2016-06-01 09:00:00,0.39,659.99646,1.0
2016-06-01 10:00:00,0.35,775.4184,1.0
2016-06-01 11:00:00,0.38,868.8084,1.0
2016-06-01 12:00:00,0.38,940.73926,1.0
2016-06-01 13:00:00,0.38,916.94904,1.0
2016-06-01 14:00:00,0.37,736.95776,1.0
2016-06-01 15:00:00,0.74,598.2421,1.0
2016-06-01 16:00:00,0.91,401.6445,1.0
2016-06-01 17:00:00,0.85,163.83777,1.0
2016-06-01 18:00:00,0.61,40.10998,1.0
2016-06-01 19:00:00,0.15,1.9893655,0.38083333333333336
2016-06-01 20:00:00,0.03,0.0,0.0
2016-06-01 21:00:00,0.01,0.0,0.0
2016-06-01 22:00:00,0.01,0.0,0.0
2016-06-01 23:00:00,0.0,0.0,0.0
2016-06-02 00:00:00,0.0,0.0,0.0
2016-06-02 01:00:00,0.0,0.0,0.0
2016-06-02 02:00:00,0.0,0.0,0.0
2016-06-02 03:00:00,0.24,0.0,0.0
2016-06-02 04:00:00,0.42,4.2272177,0.4361111111111111
2016-06-02 05:00:00,0.27,95.09471,1.0
2016-06-02 06:00:00,0.04,298.36484,1.0
2016-06-02 07:00:00,0.0,520.71405,1.0
2016-06-02 08:00:00,0.0,727.40027,1.0
2016-06-02 09:00:00,0.0,897.23236,1.0
2016-06-02 10:00:00,0.33,998.8786,1.0
2016-06-02 11:00:00,0.59,1070.1255,1.0
2016-06-02 12:00:00,0.55,1054.7212,1.0
2016-06-02 13:00:00,0.29,967.3979,1.0
2016-06-02 14:00:00,0.51,803.1493,1.0
2016-06-02 15:00:00,0.87,651.2547,1.0
2016-06-02 16:00:00,0.87,420.53452,1.0
2016-06-02 17:00:00,0.84,232.14577,1.0
2016-06-02 18:00:00,0.51,53.887695,1.0
2016-06-02 19:00:00,0.02,2.9832883,0.39194444444444443
2016-06-02 20:00:00,0.23,0.0,0.0
2016-06-02 21:00:00,0.28,0.0,0.0
2016-06-02 22:00:00,0.08,0.0,0.0
2016-06-02 23:00:00,0.34,0.0,0.0
2016-06-03 00:00:00,0.79,0.0,0.0
2016-06-03 01:00:00,0.81,0.0,0.0
2016-06-03 02:00:00,0.25,0.0,0.0
2016-06-03 03:00:00,0.72,0.0,0.0
2016-06-03 04:00:00,0.94,4.22547,0.44166666666666665
2016-06-03 05:00:00,0.97,97.12368,1.0
2016-06-03 06:00:00,0.97,291.00735,1.0
2016-06-03 07:00:00,0.96,511.53265,1.0
2016-06-03 08:00:00,0.97,709.8838,1.0
2016-06-03 09:00:00,0.92,860.67865,1.0
2016-06-03 10:00:00,0.92,960.21747,1.0
2016-06-03 11:00:00,0.97,1011.7475,1.0
2016-06-03 12:00:00,0.97,971.5338,1.0
2016-06-03 13:00:00,0.93,873.66534,1.0
2016-06-03 14:00:00,0.98,792.0929,1.0
2016-06-03 15:00:00,0.96,545.51404,1.0
2016-06-03 16:00:00,0.68,427.324,1.0
2016-06-03 17:00:00,0.47,215.09367,1.0
2016-06-03 18:00:00,0.47,55.34808,1.0
2016-06-03 19:00:00,0.1,2.9832883,0.4025
2016-06-03 20:00:00,0.13,0.0,0.0
2016-06-03 21:00:00,0.33,0.0,0.0
2016-06-03 22:00:00,0.46,0.0,0.0
2016-06-03 23:00:00,0.48,0.0,0.0
2016-06-04 00:00:00,0.33,0.0,0.0
2016-06-04 01:00:00,0.36,0.0,0.0
2016-06-04 02:00:00,0.3,0.0,0.0
2016-06-04 03:00:00,0.72,0.0,0.0
2016-06-04 04:00:00,0.68,3.2294188,0.44666666666666666
2016-06-04 05:00:00,0.38,81.541824,1.0
2016-06-04 06:00:00,0.11,254.80914,1.0
2016-06-04 07:00:00,0.02,470.7354,1.0
2016-06-04 08:00:00,0.03,686.0803,1.0
2016-06-04 09:00:00,0.17,859.85596,1.0
2016-06-04 10:00:00,0.25,913.41455,1.0
2016-06-04 11:00:00,0.31,1052.7709,1.0
2016-06-04 12:00:00,0.24,998.3073,1.0
2016-06-04 13:00:00,0.25,846.8776,1.0
2016-06-04 14:00:00,0.14,821.4635,1.0
2016-06-04 15:00:00,0.41,646.7398,1.0
2016-06-04 16:00:00,0.54,442.35632,1.0
2016-06-04 17:00:00,0.25,226.97765,1.0
2016-06-04 18:00:00,0.15,53.72508,1.0
2016-06-04 19:00:00,0.08,2.9832883,0.41305555555555556
2016-06-04 20:00:00,0.08,0.0,0.0
2016-06-04 21:00:00,0.1,0.0,0.0
2016-06-04 22:00:00,0.05,0.0,0.0
2016-06-04 23:00:00,0.04,0.0,0.0
2016-06-05 00:00:00,0.01,0.0,0.0
2016-06-05 01:00:00,0.0,0.0,0.0
2016-06-05 02:00:00,0.02,0.0,0.0
2016-06-05 03:00:00,0.11,0.0,0.0
2016-06-05 04:00:00,0.14,3.4720755,0.4513888888888889
2016-06-05 05:00:00,0.11,96.2132,1.0
2016-06-05 06:00:00,0.04,292.63727,1.0
2016-06-05 07:00:00,0.0,509.36673,1.0
2016-06-05 08:00:00,0.0,711.6301,1.0
2016-06-05 09:00:00,0.05,866.5713,1.0
2016-06-05 10:00:00,0.32,947.7866,1.0
2016-06-05 11:00:00,0.32,1037.5537,1.0
2016-06-05 12:00:00,0.34,1008.74915,1.0
2016-06-05 13:00:00,0.36,925.67914,1.0
2016-06-05 14:00:00,0.21,820.3281,1.0
2016-06-05 15:00:00,0.77,601.1302,1.0
2016-06-05 16:00:00,0.65,408.8142,1.0
2016-06-05 17:00:00,0.32,209.86655,1.0
2016-06-05 18:00:00,0.55,56.97189,1.0
2016-06-05 19:00:00,0.45,3.9772115,0.42333333333333334
2016-06-05 20:00:00,0.37,0.0,0.0
2016-06-05 21:00:00,0.24,0.0,0.0
2016-06-05 22:00:00,0.05,0.0,0.0
2016-06-05 23:00:00,0.02,0.0,0.0
2016-06-06 00:00:00,0.0,0.0,0.0
2016-06-06 01:00:00,0.06,0.0,0.0
2016-06-06 02:00:00,0.02,0.0,0.0
2016-06-06 03:00:00,0.02,0.0,0.0
2016-06-06 04:00:00,0.27,3.4664564,0.4552777777777778
2016-06-06 05:00:00,0.35,95.54516,1.0
2016-06-06 06:00:00,0.84,276.30725,1.0
2016-06-06 07:00:00,0.9,494.6587,1.0
2016-06-06 08:00:00,0.95,680.7693,1.0
2016-06-06 09:00:00,0.9,844.13434,1.0
2016-06-06 10:00:00,0.92,868.928,1.0
2016-06-06 11:00:00,0.81,1032.624,1.0
2016-06-06 12:00:00,0.7,1015.26105,1.0
2016-06-06 13:00:00,0.6,857.5405,1.0
2016-06-06 14:00:00,0.67,599.87506,1.0
2016-06-06 15:00:00,1.0,399.83588,1.0
2016-06-06 16:00:00,0.98,260.52145,1.0
2016-06-06 17:00:00,0.96,185.86644,1.0
2016-06-06 18:00:00,0.99,62.32232,1.0
2016-06-06 19:00:00,0.96,3.9756923,0.43333333333333335
2016-06-06 20:00:00,0.99,0.0,0.0
2016-06-06 21:00:00,0.99,0.0,0.0
2016-06-06 22:00:00,0.98,0.0,0.0
2016-06-06 23:00:00,0.91,0.0,0.0
2016-06-07 00:00:00,0.74,0.0,0.0
2016-06-07 01:00:00,0.62,0.0,0.0
2016-06-07 02:00:00,0.63,0.0,0.0
2016-06-07 03:00:00,0.48,0.0,0.0
2016-06-07 04:00:00,0.71,4.2148824,0.45861111111111114
2016-06-07 05:00:00,0.94,82.919174,1.0
2016-06-07 06:00:00,0.89,273.12418,1.0
2016-06-07 07:00:00,0.88,495.5875,1.0
2016-06-07 08:00:00,0.8,705.3683,1.0
2016-06-07 09:00:00,0.74,878.5425,1.0
2016-06-07 10:00:00,0.45,978.9543,1.0
2016-06-07 11:00:00,0.34,980.6088,1.0
2016-06-07 12:00:00,0.36,946.05786,1.0
2016-06-07 13:00:00,0.75,676.0948,1.0
2016-06-07 14:00:00,0.96,478.36496,1.0
2016-06-07 15:00:00,0.88,405.59875,1.0
2016-06-07 16:00:00,0.95,333.79517,1.0
2016-06-07 17:00:00,0.99,157.39963,1.0
2016-06-07 18:00:00,0.96,56.055786,1.0
2016-06-07 19:00:00,0.85,3.9772115,0.44305555555555554
2016-06-07 20:00:00,0.73,0.0,0.0
2016-06-07 21:00:00,0.57,0.0,0.0
2016-06-07 22:00:00,0.46,0.0,0.0
2016-06-07 23:00:00,0.26,0.0,0.0
2016-06-08 00:00:00,0.13,0.0,0.0
2016-06-08 01:00:00,0.26,0.0,0.0
2016-06-08 02:00:00,0.49,0.0,0.0
2016-06-08 03:00:00,0.9,0.0,0.0
2016-06-08 04:00:00,0.95,4.9696155,0.4613888888888889
2016-06-08 05:00:00,0.95,92.027016,1.0
2016-06-08 06:00:00,0.9,291.98322,1.0
2016-06-08 07:00:00,0.74,473.85883,1.0
2016-06-08 08:00:00,0.15,703.29486,1.0
2016-06-08 09:00:00,0.1,870.7433,1.0
2016-06-08 10:00:00,0.07,932.7723,1.0
2016-06-08 11:00:00,0.26,950.35144,1.0
2016-06-08 12:00:00,0.65,909.3096,1.0
2016-06-08 13:00:00,0.79,579.7225,1.0
2016-06-08 14:00:00,0.72,466.07428,1.0
2016-06-08 15:00:00,0.99,401.59918,1.0
2016-06-08 16:00:00,0.92,351.19675,1.0
2016-06-08 17:00:00,0.99,207.83421,1.0
2016-06-08 18:00:00,0.98,67.51314,1.0
2016-06-08 19:00:00,0.85,3.9772115,0.45222222222222225
2016-06-08 20:00:00,0.83,0.0,0.0
2016-06-08 21:00:00,0.9,0.0,0.0
2016-06-08 22:00:00,0.88,0.0,0.0
2016-06-08 23:00:00,0.89,0.0,0.0
2016-06-09 00:00:00,0.79,0.0,0.0
2016-06-09 01:00:00,0.02,0.0,0.0
2016-06-09 02:00:00,0.09,0.0,0.0
2016-06-09 03:00:00,0.61,0.0,0.0
2016-06-09 04:00:00,0.67,4.2076917,0.4636111111111111
2016-06-09 05:00:00,0.57,95.23587,1.0
2016-06-09 06:00:00,0.32,289.81146,1.0
2016-06-09 07:00:00,0.06,491.9654,1.0
2016-06-09 08:00:00,0.02,707.3647,1.0
2016-06-09 09:00:00,0.01,869.9218,1.0
2016-06-09 10:00:00,0.04,968.7933,1.0
2016-06-09 11:00:00,0.2,1028.8466,1.0
2016-06-09 12:00:00,0.18,933.6078,1.0
2016-06-09 13:00:00,0.3,933.1489,1.0
2016-06-09 14:00:00,0.5,742.8288,1.0
2016-06-09 15:00:00,0.99,561.4059,1.0
2016-06-09 16:00:00,0.99,271.5964,1.0
2016-06-09 17:00:00,1.0,172.73357,1.0
2016-06-09 18:00:00,1.0,66.0529,1.0
2016-06-09 19:00:00,1.0,4.9711347,0.4613888888888889
2016-06-09 20:00:00,1.0,0.0,0.0
2016-06-09 21:00:00,1.0,0.0,0.0
2016-06-09 22:00:00,1.0,0.0,0.0
2016-06-09 23:00:00,0.98,0.0,0.0
2016-06-10 00:00:00,0.97,0.0,0.0
2016-06-10 01:00:00,0.87,0.0,0.0
2016-06-10 02:00:00,0.06,0.0,0.0
2016-06-10 03:00:00,0.76,0.0,0.0
2016-06-10 04:00:00,0.9,4.431642,0.4652777777777778
2016-06-10 05:00:00,0.92,99.05022,1.0
2016-06-10 06:00:00,0.51,298.595,1.0
2016-06-10 07:00:00,0.2,514.4046,1.0
2016-06-10 08:00:00,0.01,715.69617,1.0
2016-06-10 09:00:00,0.01,878.0024,1.0
2016-06-10 10:00:00,0.04,964.548,1.0
2016-06-10 11:00:00,0.1,1085.3293,1.0
2016-06-10 12:00:00,0.42,910.1769,1.0
2016-06-10 13:00:00,0.95,937.28644,1.0
2016-06-10 14:00:00,0.92,644.08673,1.0
2016-06-10 15:00:00,0.98,482.14728,1.0
2016-06-10 16:00:00,0.98,360.1695,1.0
2016-06-10 17:00:00,0.96,210.83595,1.0
2016-06-10 18:00:00,0.8,68.56708,1.0
2016-06-10 19:00:00,0.54,4.9711347,0.47
2016-06-10 20:00:00,0.31,0.0,0.0
2016-06-10 21:00:00,0.19,0.0,0.0
2016-06-10 22:00:00,0.02,0.0,0.0
2016-06-10 23:00:00,0.02,0.0,0.0
2016-06-11 00:00:00,0.0,0.0,0.0
2016-06-11 01:00:00,0.0,0.0,0.0
2016-06-11 02:00:00,0.01,0.0,0.0
2016-06-11 03:00:00,0.19,0.0,0.0
2016-06-11 04:00:00,0.11,4.42314,0.4663888888888889
2016-06-11 05:00:00,0.09,99.08895,1.0
2016-06-11 06:00:00,0.19,297.4202,1.0
2016-06-11 07:00:00,0.35,513.08765,1.0
2016-06-11 08:00:00,0.01,716.26636,1.0
2016-06-11 09:00:00,0.0,878.5081,1.0
2016-06-11 10:00:00,0.03,962.7155,1.0
2016-06-11 11:00:00,0.13,1032.4509,1.0
2016-06-11 12:00:00,0.13,1026.2576,1.0
2016-06-11 13:00:00,0.27,933.0868,1.0
2016-06-11 14:00:00,0.23,784.1704,1.0
2016-06-11 15:00:00,0.71,644.61444,1.0
2016-06-11 16:00:00,0.81,397.23077,1.0
2016-06-11 17:00:00,1.0,152.61858,1.0
2016-06-11 18:00:00,0.95,63.03116,1.0
2016-06-11 19:00:00,0.91,4.9711347,0.47833333333333333
2016-06-11 20:00:00,0.71,0.0,0.0
2016-06-11 21:00:00,0.35,0.0,0.0
2016-06-11 22:00:00,0.31,0.0,0.0
2016-06-11 23:00:00,0.2,0.0,0.0
2016-06-12 00:00:00,0.64,0.0,0.0
2016-06-12 01:00:00,0.79,0.0,0.0
2016-06-12 02:00:00,0.84,0.0,0.0
2016-06-12 03:00:00,0.2,0.0,0.0
2016-06-12 04:00:00,0.42,4.194928,0.46694444444444444
2016-06-12 05:00:00,0.66,93.48024,1.0
2016-06-12 06:00:00,0.73,247.5287,1.0
2016-06-12 07:00:00,0.64,476.01974,1.0
2016-06-12 08:00:00,0.54,693.7732,1.0
2016-06-12 09:00:00,0.42,867.4143,1.0
2016-06-12 10:00:00,0.43,961.84326,1.0
2016-06-12 11:00:00,0.33,935.21826,1.0
2016-06-12 12:00:00,0.25,970.68054,1.0
2016-06-12 13:00:00,0.18,911.79083,1.0
2016-06-12 14:00:00,0.59,718.93896,1.0
2016-06-12 15:00:00,0.81,468.32208,1.0
2016-06-12 16:00:00,0.85,312.43628,1.0
2016-06-12 17:00:00,0.94,170.76155,1.0
2016-06-12 18:00:00,0.89,56.560017,1.0
2016-06-12 19:00:00,0.7,2.9832883,0.48638888888888887
2016-06-12 20:00:00,0.48,0.0,0.0
2016-06-12 21:00:00,0.17,0.0,0.0
2016-06-12 22:00:00,0.24,0.0,0.0
2016-06-12 23:00:00,0.46,0.0,0.0
2016-06-13 00:00:00,0.57,0.0,0.0
2016-06-13 01:00:00,0.24,0.0,0.0
2016-06-13 02:00:00,0.09,0.0,0.0
2016-06-13 03:00:00,0.62,0.0,0.0
2016-06-13 04:00:00,0.81,4.190238,0.4672222222222222
2016-06-13 05:00:00,0.82,84.0093,1.0
2016-06-13 06:00:00,0.55,165.95303,1.0
2016-06-13 07:00:00,0.14,395.61423,1.0
2016-06-13 08:00:00,0.36,588.5923,1.0
2016-06-13 09:00:00,0.61,809.94037,1.0
2016-06-13 10:00:00,0.72,917.00494,1.0
2016-06-13 11:00:00,0.6,774.5555,1.0
2016-06-13 12:00:00,0.5,782.58215,1.0
2016-06-13 13:00:00,0.64,672.2929,1.0
2016-06-13 14:00:00,0.82,315.4817,1.0
2016-06-13 15:00:00,0.82,467.83914,1.0
2016-06-13 16:00:00,0.64,349.27875,1.0
2016-06-13 17:00:00,0.73,172.98326,1.0
2016-06-13 18:00:00,0.65,56.600338,1.0
2016-06-13 19:00:00,0.49,3.978731,0.4938888888888889
2016-06-13 20:00:00,0.25,0.0,0.0
2016-06-13 21:00:00,0.32,0.0,0.0
2016-06-13 22:00:00,0.55,0.0,0.0
2016-06-13 23:00:00,0.56,0.0,0.0
2016-06-14 00:00:00,0.3,0.0,0.0
2016-06-14 01:00:00,0.02,0.0,0.0
2016-06-14 02:00:00,0.0,0.0,0.0
2016-06-14 03:00:00,0.0,0.0,0.0
2016-06-14 04:00:00,0.0,4.3949776,0.4666666666666667
2016-06-14 05:00:00,0.0,100.59144,1.0
2016-06-14 06:00:00,0.0,300.9277,1.0
2016-06-14 07:00:00,0.0,519.8149,1.0
2016-06-14 08:00:00,0.01,722.1509,1.0
2016-06-14 09:00:00,0.12,887.82745,1.0
2016-06-14 10:00:00,0.18,987.51904,1.0
2016-06-14 11:00:00,0.11,1027.8257,1.0
2016-06-14 12:00:00,0.14,969.0837,1.0
2016-06-14 13:00:00,0.04,959.54596,1.0
2016-06-14 14:00:00,0.03,840.26886,1.0
2016-06-14 15:00:00,0.09,656.515,1.0
2016-06-14 16:00:00,0.57,448.73163,1.0
2016-06-14 17:00:00,0.17,243.49165,1.0
2016-06-14 18:00:00,0.56,65.04099,1.0
2016-06-14 19:00:00,0.08,4.974173,0.5008333333333334
2016-06-14 20:00:00,0.0,0.0,0.0
2016-06-14 21:00:00,0.0,0.0,0.0
2016-06-14 22:00:00,0.0,0.0,0.0
2016-06-14 23:00:00,0.0,0.0,0.0
2016-06-15 00:00:00,0.0,0.0,0.0
2016-06-15 01:00:00,0.0,0.0,0.0
2016-06-15 02:00:00,0.0,0.0,0.0
2016-06-15 03:00:00,0.0,0.0,0.0
2016-06-15 04:00:00,0.0,4.3848524,0.4658333333333333
2016-06-15 05:00:00,0.0,101.31925,1.0
2016-06-15 06:00:00,0.0,303.76987,1.0
2016-06-15 07:00:00,0.0,523.8469,1.0
2016-06-15 08:00:00,0.0,729.4006,1.0
2016-06-15 09:00:00,0.0,897.2174,1.0
2016-06-15 10:00:00,0.0,1014.77496,1.0
2016-06-15 11:00:00,0.0,1066.5409,1.0
2016-06-15 12:00:00,0.01,1054.8804,1.0
2016-06-15 13:00:00,0.02,977.09106,1.0
2016-06-15 14:00:00,0.05,829.466,1.0
2016-06-15 15:00:00,0.7,654.68646,1.0
2016-06-15 16:00:00,0.67,409.38077,1.0
2016-06-15 17:00:00,0.88,222.36057,1.0
2016-06-15 18:00:00,0.7,69.40219,1.0
2016-06-15 19:00:00,0.0,4.974173,0.5075
2016-06-15 20:00:00,0.0,0.0,0.0
2016-06-15 21:00:00,0.0,0.0,0.0
2016-06-15 22:00:00,0.0,0.0,0.0
2016-06-15 23:00:00,0.0,0.0,0.0
2016-06-16 00:00:00,0.0,0.0,0.0
2016-06-16 01:00:00,0.0,0.0,0.0
2016-06-16 02:00:00,0.0,0.0,0.0
2016-06-16 03:00:00,0.0,0.0,0.0
2016-06-16 04:00:00,0.0,4.374365,0.4647222222222222
2016-06-16 05:00:00,0.0,104.709625,1.0
2016-06-16 06:00:00,0.0,311.5834,1.0
2016-06-16 07:00:00,0.0,536.077,1.0
2016-06-16 08:00:00,0.0,744.9888,1.0
2016-06-16 09:00:00,0.0,915.9102,1.0
2016-06-16 10:00:00,0.0,1031.4601,1.0
2016-06-16 11:00:00,0.0,1081.0126,1.0
2016-06-16 12:00:00,0.17,1067.1672,1.0
2016-06-16 13:00:00,0.41,985.17676,1.0
2016-06-16 14:00:00,0.32,851.18225,1.0
2016-06-16 15:00:00,0.31,654.5728,1.0
2016-06-16 16:00:00,0.28,465.8692,1.0
2016-06-16 17:00:00,0.33,249.97325,1.0
2016-06-16 18:00:00,0.26,71.61024,1.0
2016-06-16 19:00:00,0.21,4.974173,0.5136111111111111
2016-06-16 20:00:00,0.13,0.0,0.0
2016-06-16 21:00:00,0.05,0.0,0.0
2016-06-16 22:00:00,0.04,0.0,0.0
2016-06-16 23:00:00,0.0,0.0,0.0
2016-06-17 00:00:00,0.0,0.0,0.0
2016-06-17 01:00:00,0.0,0.0,0.0
2016-06-17 02:00:00,0.0,0.0,0.0
2016-06-17 03:00:00,0.44,0.0,0.0
2016-06-17 04:00:00,0.33,4.363571,0.4627777777777778
2016-06-17 05:00:00,0.11,99.27847,1.0
2016-06-17 06:00:00,0.06,299.56912,1.0
2016-06-17 07:00:00,0.0,516.3903,1.0
2016-06-17 08:00:00,0.0,718.77405,1.0
2016-06-17 09:00:00,0.01,861.5733,1.0
2016-06-17 10:00:00,0.11,967.8486,1.0
2016-06-17 11:00:00,0.29,1015.4479,1.0
2016-06-17 12:00:00,0.69,922.4459,1.0
2016-06-17 13:00:00,0.69,804.76746,1.0
2016-06-17 14:00:00,0.72,759.48364,1.0
2016-06-17 15:00:00,0.54,610.7127,1.0
2016-06-17 16:00:00,0.47,456.13202,1.0
2016-06-17 17:00:00,0.05,248.45148,1.0
2016-06-17 18:00:00,0.07,70.54619,1.0
2016-06-17 19:00:00,0.0,4.974173,0.5191666666666667
2016-06-17 20:00:00,0.0,0.0,0.0
2016-06-17 21:00:00,0.0,0.0,0.0
2016-06-17 22:00:00,0.0,0.0,0.0
2016-06-17 23:00:00,0.0,0.0,0.0
2016-06-18 00:00:00,0.0,0.0,0.0
2016-06-18 01:00:00,0.0,0.0,0.0
2016-06-18 02:00:00,0.0,0.0,0.0
2016-06-18 03:00:00,0.21,0.0,0.0
2016-06-18 04:00:00,0.29,4.352486,0.46055555555555555
2016-06-18 05:00:00,0.25,98.50669,1.0
2016-06-18 06:00:00,0.17,297.4874,1.0
2016-06-18 07:00:00,0.08,516.3033,1.0
2016-06-18 08:00:00,0.04,719.74567,1.0
2016-06-18 09:00:00,0.01,887.5143,1.0
2016-06-18 10:00:00,0.0,1002.0973,1.0
2016-06-18 11:00:00,0.23,973.33954,1.0
2016-06-18 12:00:00,0.27,975.4425,1.0
2016-06-18 13:00:00,0.27,942.4982,1.0
2016-06-18 14:00:00,0.28,846.2394,1.0
2016-06-18 15:00:00,0.73,658.3692,1.0
2016-06-18 16:00:00,0.65,420.8779,1.0
2016-06-18 17:00:00,0.05,250.58556,1.0
2016-06-18 18:00:00,0.0,70.2051,1.0
2016-06-18 19:00:00,0.0,5.968096,0.5241666666666667
2016-06-18 20:00:00,0.0,0.0,0.0
2016-06-18 21:00:00,0.0,0.0,0.0
2016-06-18 22:00:00,0.0,0.0,0.0
2016-06-18 23:00:00,0.18,0.0,0.0
2016-06-19 00:00:00,0.8,0.0,0.0
2016-06-19 01:00:00,0.94,0.0,0.0
2016-06-19 02:00:00,0.9,0.0,0.0
2016-06-19 03:00:00,0.75,0.0,0.0
2016-06-19 04:00:00,0.76,4.158456,0.45805555555555555
2016-06-19 05:00:00,0.4,97.06102,1.0
2016-06-19 06:00:00,0.3,297.43292,1.0
2016-06-19 07:00:00,0.25,520.0569,1.0
2016-06-19 08:00:00,0.16,730.7816,1.0
2016-06-19 09:00:00,0.1,902.8335,1.0
2016-06-19 10:00:00,0.19,1012.94977,1.0
2016-06-19 11:00:00,0.3,1038.7715,1.0
2016-06-19 12:00:00,0.47,1010.9373,1.0
2016-06-19 13:00:00,0.25,972.9142,1.0
2016-06-19 14:00:00,0.24,783.33496,1.0
2016-06-19 15:00:00,0.68,648.3007,1.0
2016-06-19 16:00:00,0.79,451.25714,1.0
2016-06-19 17:00:00,0.61,236.48932,1.0
2016-06-19 18:00:00,0.35,69.91043,1.0
2016-06-19 19:00:00,0.44,5.968096,0.5286111111111111
2016-06-19 20:00:00,0.27,0.0,0.0
2016-06-19 21:00:00,0.18,0.0,0.0
2016-06-19 22:00:00,0.37,0.0,0.0
2016-06-19 23:00:00,0.23,0.0,0.0
2016-06-20 00:00:00,0.03,0.0,0.0
2016-06-20 01:00:00,0.0,0.0,0.0
2016-06-20 02:00:00,0.0,0.0,0.0
2016-06-20 03:00:00,0.46,0.0,0.0
2016-06-20 04:00:00,0.11,3.3357387,0.45472222222222225
2016-06-20 05:00:00,0.12,94.67103,1.0
2016-06-20 06:00:00,0.37,289.40692,1.0
2016-06-20 07:00:00,0.37,503.95096,1.0
2016-06-20 08:00:00,0.66,701.9702,1.0
2016-06-20 09:00:00,0.68,804.64343,1.0
2016-06-20 10:00:00,0.85,959.1021,1.0
2016-06-20 11:00:00,0.84,562.43097,1.0
2016-06-20 12:00:00,0.92,743.491,1.0
2016-06-20 13:00:00,0.73,632.0255,1.0
2016-06-20 14:00:00,0.88,457.1855,1.0
2016-06-20 15:00:00,0.99,312.43195,1.0
2016-06-20 16:00:00,1.0,262.06128,1.0
2016-06-20 17:00:00,0.98,184.4825,1.0
2016-06-20 18:00:00,0.94,65.35561,1.0
2016-06-20 19:00:00,0.76,5.9665766,0.5325
2016-06-20 20:00:00,0.36,0.0,0.0
2016-06-20 21:00:00,0.21,0.0,0.0
2016-06-20 22:00:00,0.22,0.0,0.0
2016-06-20 23:00:00,0.22,0.0,0.0
2016-06-21 00:00:00,0.4,0.0,0.0
2016-06-21 01:00:00,0.46,0.0,0.0
2016-06-21 02:00:00,0.59,0.0,0.0
2016-06-21 03:00:00,0.5,0.0,0.0
2016-06-21 04:00:00,0.41,3.3240223,0.4513888888888889
2016-06-21 05:00:00,0.36,96.406235,1.0
2016-06-21 06:00:00,0.19,291.34375,1.0
2016-06-21 07:00:00,0.21,505.6785,1.0
2016-06-21 08:00:00,0.07,707.8146,1.0
2016-06-21 09:00:00,0.07,851.21704,1.0
2016-06-21 10:00:00,0.1,972.2555,1.0
2016-06-21 11:00:00,0.07,1033.8273,1.0
2016-06-21 12:00:00,0.38,975.6319,1.0
2016-06-21 13:00:00,0.44,891.2606,1.0
2016-06-21 14:00:00,0.5,765.70087,1.0
2016-06-21 15:00:00,0.82,558.3978,1.0
2016-06-21 16:00:00,0.98,386.1758,1.0
2016-06-21 17:00:00,0.99,195.5722,1.0
2016-06-21 18:00:00,0.99,54.15837,1.0
2016-06-21 19:00:00,1.0,5.9665766,0.5355555555555556
2016-06-21 20:00:00,1.0,0.0,0.0
2016-06-21 21:00:00,1.0,0.0,0.0
2016-06-21 22:00:00,1.0,0.0,0.0
2016-06-21 23:00:00,1.0,0.0,0.0
2016-06-22 00:00:00,0.99,0.0,0.0
2016-06-22 01:00:00,0.99,0.0,0.0
2016-06-22 02:00:00,0.94,0.0,0.0
2016-06-22 03:00:00,0.58,0.0,0.0
2016-06-22 04:00:00,0.51,4.1408234,0.4475
2016-06-22 05:00:00,0.7,92.85442,1.0
2016-06-22 06:00:00,0.61,280.47217,1.0
2016-06-22 07:00:00,0.29,482.7824,1.0
2016-06-22 08:00:00,0.29,682.7528,1.0
2016-06-22 09:00:00,0.24,870.7862,1.0
2016-06-22 10:00:00,0.36,951.175,1.0
2016-06-22 11:00:00,0.61,833.81134,1.0
2016-06-22 12:00:00,0.56,550.03656,1.0
2016-06-22 13:00:00,0.7,660.3398,1.0
2016-06-22 14:00:00,0.96,536.7679,1.0
2016-06-22 15:00:00,0.99,291.5275,1.0
2016-06-22 16:00:00,1.0,241.55968,1.0
2016-06-22 17:00:00,1.0,121.53356,1.0
2016-06-22 18:00:00,1.0,40.512436,1.0
2016-06-22 19:00:00,1.0,2.981769,0.5383333333333333
2016-06-22 20:00:00,1.0,0.0,0.0
2016-06-22 21:00:00,0.98,0.0,0.0
2016-06-22 22:00:00,0.97,0.0,0.0
2016-06-22 23:00:00,0.81,0.0,0.0
2016-06-23 00:00:00,0.3,0.0,0.0
2016-06-23 01:00:00,0.09,0.0,0.0
2016-06-23 02:00:00,0.0,0.0,0.0
2016-06-23 03:00:00,0.02,0.0,0.0
2016-06-23 04:00:00,0.0,4.1347857,0.44305555555555554
2016-06-23 05:00:00,0.01,94.4215,1.0
2016-06-23 06:00:00,0.02,289.28766,1.0
2016-06-23 07:00:00,0.25,499.3636,1.0
2016-06-23 08:00:00,0.68,693.82135,1.0
2016-06-23 09:00:00,0.83,848.3884,1.0
2016-06-23 10:00:00,0.66,933.88025,1.0
2016-06-23 11:00:00,0.55,898.84015,1.0
2016-06-23 12:00:00,0.57,744.2549,1.0
2016-06-23 13:00:00,0.82,735.3569,1.0
2016-06-23 14:00:00,0.59,583.6577,1.0
2016-06-23 15:00:00,0.9,502.63577,1.0
2016-06-23 16:00:00,0.91,334.49808,1.0
2016-06-23 17:00:00,0.78,189.59453,1.0
2016-06-23 18:00:00,0.6,56.556484,1.0
2016-06-23 19:00:00,0.71,5.9650574,0.5402777777777777
2016-06-23 20:00:00,0.74,0.0,0.0
2016-06-23 21:00:00,0.55,0.0,0.0
2016-06-23 22:00:00,0.37,0.0,0.0
2016-06-23 23:00:00,0.1,0.0,0.0
2016-06-24 00:00:00,0.05,0.0,0.0
2016-06-24 01:00:00,0.04,0.0,0.0
2016-06-24 02:00:00,0.02,0.0,0.0
2016-06-24 03:00:00,0.12,0.0,0.0
2016-06-24 04:00:00,0.04,4.128288,0.43833333333333335
2016-06-24 05:00:00,0.01,93.516556,1.0
2016-06-24 06:00:00,0.04,288.2781,1.0
2016-06-24 07:00:00,0.2,502.82196,1.0
2016-06-24 08:00:00,0.13,704.0762,1.0
2016-06-24 09:00:00,0.06,841.34595,1.0
2016-06-24 10:00:00,0.2,949.42194,1.0
2016-06-24 11:00:00,0.45,942.36383,1.0
2016-06-24 12:00:00,0.64,912.6162,1.0
2016-06-24 13:00:00,0.76,770.0033,1.0
2016-06-24 14:00:00,0.9,699.6725,1.0
2016-06-24 15:00:00,0.69,509.1791,1.0
2016-06-24 16:00:00,0.75,326.34662,1.0
2016-06-24 17:00:00,0.86,144.64293,1.0
2016-06-24 18:00:00,0.99,55.349503,1.0
2016-06-24 19:00:00,0.94,4.9696155,0.5419444444444445
2016-06-24 20:00:00,0.73,0.0,0.0
2016-06-24 21:00:00,0.24,0.0,0.0
2016-06-24 22:00:00,0.12,0.0,0.0
2016-06-24 23:00:00,0.73,0.0,0.0
2016-06-25 00:00:00,0.94,0.0,0.0
2016-06-25 01:00:00,0.97,0.0,0.0
2016-06-25 02:00:00,0.98,0.0,0.0
2016-06-25 03:00:00,0.97,0.0,0.0
2016-06-25 04:00:00,0.98,3.9756923,0.43277777777777776
2016-06-25 05:00:00,0.9,82.84013,1.0
2016-06-25 06:00:00,0.67,277.47327,1.0
2016-06-25 07:00:00,0.59,501.524,1.0
2016-06-25 08:00:00,0.4,701.6802,1.0
2016-06-25 09:00:00,0.23,842.7663,1.0
2016-06-25 10:00:00,0.13,911.5835,1.0
2016-06-25 11:00:00,0.36,998.12006,1.0
2016-06-25 12:00:00,0.68,970.325,1.0
2016-06-25 13:00:00,0.76,756.499,1.0
2016-06-25 14:00:00,0.58,634.5964,1.0
2016-06-25 15:00:00,0.74,459.19046,1.0
2016-06-25 16:00:00,0.64,402.57788,1.0
2016-06-25 17:00:00,0.38,225.1751,1.0
2016-06-25 18:00:00,0.36,69.72956,1.0
2016-06-25 19:00:00,0.19,4.9756923,0.5430555555555555
2016-06-25 20:00:00,0.21,0.0,0.0
2016-06-25 21:00:00,0.61,0.0,0.0
2016-06-25 22:00:00,0.51,0.0,0.0
2016-06-25 23:00:00,0.33,0.0,0.0
2016-06-26 00:00:00,0.18,0.0,0.0
2016-06-26 01:00:00,0.11,0.0,0.0
2016-06-26 02:00:00,0.01,0.0,0.0
2016-06-26 03:00:00,0.13,0.0,0.0
2016-06-26 04:00:00,0.09,3.1200147,0.4266666666666667
2016-06-26 05:00:00,0.12,85.64545,1.0
2016-06-26 06:00:00,0.12,278.41574,1.0
2016-06-26 07:00:00,0.0,501.80783,1.0
2016-06-26 08:00:00,0.0,704.2304,1.0
2016-06-26 09:00:00,0.0,864.50525,1.0
2016-06-26 10:00:00,0.01,974.1756,1.0
2016-06-26 11:00:00,0.11,1042.6436,1.0
2016-06-26 12:00:00,0.18,976.39355,1.0
2016-06-26 13:00:00,0.33,931.1673,1.0
2016-06-26 14:00:00,0.49,776.06085,1.0
2016-06-26 15:00:00,0.53,629.7703,1.0
2016-06-26 16:00:00,0.44,448.31912,1.0
2016-06-26 17:00:00,0.57,237.03517,1.0
2016-06-26 18:00:00,0.13,74.395515,1.0
2016-06-26 19:00:00,0.04,5.969615,0.5438888888888889
2016-06-26 20:00:00,0.0,0.0,0.0
2016-06-26 21:00:00,0.0,0.0,0.0
2016-06-26 22:00:00,0.01,0.0,0.0
2016-06-26 23:00:00,0.1,0.0,0.0
2016-06-27 00:00:00,0.05,0.0,0.0
2016-06-27 01:00:00,0.0,0.0,0.0
2016-06-27 02:00:00,0.0,0.0,0.0
2016-06-27 03:00:00,0.01,0.0,0.0
2016-06-27 04:00:00,0.0,3.112152,0.42
2016-06-27 05:00:00,0.0,92.453964,1.0
2016-06-27 06:00:00,0.0,288.3,1.0
2016-06-27 07:00:00,0.0,503.98337,1.0
2016-06-27 08:00:00,0.0,706.48486,1.0
2016-06-27 09:00:00,0.0,874.4343,1.0
2016-06-27 10:00:00,0.01,991.15814,1.0
2016-06-27 11:00:00,0.17,1044.9303,1.0
2016-06-27 12:00:00,0.32,936.1205,1.0
2016-06-27 13:00:00,0.24,945.3445,1.0
2016-06-27 14:00:00,0.32,834.4682,1.0
2016-06-27 15:00:00,0.74,658.1471,1.0
2016-06-27 16:00:00,0.5,457.72903,1.0
2016-06-27 17:00:00,0.31,263.9098,1.0
2016-06-27 18:00:00,0.07,74.51595,1.0
2016-06-27 19:00:00,0.02,5.969615,0.5438888888888889
2016-06-27 20:00:00,0.01,0.0,0.0
2016-06-27 21:00:00,0.0,0.0,0.0
2016-06-27 22:00:00,0.0,0.0,0.0
2016-06-27 23:00:00,0.0,0.0,0.0
2016-06-28 00:00:00,0.0,0.0,0.0
2016-06-28 01:00:00,0.0,0.0,0.0
2016-06-28 02:00:00,0.0,0.0,0.0
2016-06-28 03:00:00,0.05,0.0,0.0
2016-06-28 04:00:00,0.23,3.1037586,0.41305555555555556
2016-06-28 05:00:00,0.48,90.55988,1.0
2016-06-28 06:00:00,0.44,277.46414,1.0
2016-06-28 07:00:00,0.26,501.96994,1.0
2016-06-28 08:00:00,0.0,700.8961,1.0
2016-06-28 09:00:00,0.0,857.6759,1.0
2016-06-28 10:00:00,0.25,916.67255,1.0
2016-06-28 11:00:00,0.58,1000.3903,1.0
2016-06-28 12:00:00,0.81,909.8839,1.0
2016-06-28 13:00:00,0.92,876.2863,1.0
2016-06-28 14:00:00,0.78,668.67584,1.0
2016-06-28 15:00:00,0.58,458.1552,1.0
2016-06-28 16:00:00,0.42,364.92935,1.0
2016-06-28 17:00:00,0.02,252.98314,1.0
2016-06-28 18:00:00,0.02,75.057755,1.0
2016-06-28 19:00:00,0.01,4.9756923,0.5436111111111112
2016-06-28 20:00:00,0.16,0.0,0.0
2016-06-28 21:00:00,0.08,0.0,0.0
2016-06-28 22:00:00,0.03,0.0,0.0
2016-06-28 23:00:00,0.0,0.0,0.0
2016-06-29 00:00:00,0.0,0.0,0.0
2016-06-29 01:00:00,0.0,0.0,0.0
2016-06-29 02:00:00,0.0,0.0,0.0
2016-06-29 03:00:00,0.34,0.0,0.0
2016-06-29 04:00:00,0.5,3.0950425,0.4052777777777778
2016-06-29 05:00:00,0.6,88.54884,1.0
2016-06-29 06:00:00,0.05,274.5485,1.0
2016-06-29 07:00:00,0.01,496.79636,1.0
2016-06-29 08:00:00,0.0,694.5942,1.0
2016-06-29 09:00:00,0.2,823.06683,1.0
2016-06-29 10:00:00,0.67,806.78534,1.0
2016-06-29 11:00:00,0.65,982.3745,1.0
2016-06-29 12:00:00,0.79,932.0987,1.0
2016-06-29 13:00:00,0.92,596.5899,1.0
2016-06-29 14:00:00,0.99,534.31213,1.0
2016-06-29 15:00:00,1.0,445.45578,1.0
2016-06-29 16:00:00,1.0,368.7939,1.0
2016-06-29 17:00:00,0.94,183.20892,1.0
2016-06-29 18:00:00,0.98,65.11803,1.0
2016-06-29 19:00:00,0.98,5.963538,0.5427777777777778
2016-06-29 20:00:00,0.93,0.0,0.0
2016-06-29 21:00:00,0.89,0.0,0.0
2016-06-29 22:00:00,0.78,0.0,0.0
2016-06-29 23:00:00,0.72,0.0,0.0
2016-06-30 00:00:00,0.43,0.0,0.0
2016-06-30 01:00:00,0.58,0.0,0.0
2016-06-30 02:00:00,0.58,0.0,0.0
2016-06-30 03:00:00,0.78,0.0,0.0
2016-06-30 04:00:00,0.83,2.091724,0.3972222222222222
2016-06-30 05:00:00,0.97,84.388054,1.0
2016-06-30 06:00:00,0.98,273.58716,1.0
2016-06-30 07:00:00,0.98,487.6986,1.0
2016-06-30 08:00:00,0.97,677.66705,1.0
2016-06-30 09:00:00,0.99,814.27576,1.0
2016-06-30 10:00:00,0.97,819.7641,1.0
2016-06-30 11:00:00,0.83,806.8853,1.0
2016-06-30 12:00:00,0.95,602.4372,1.0
2016-06-30 13:00:00,0.93,508.44666,1.0
2016-06-30 14:00:00,0.88,372.35532,1.0
2016-06-30 15:00:00,0.9,397.7988,1.0
2016-06-30 16:00:00,0.82,242.27126,1.0
2016-06-30 17:00:00,0.49,205.08806,1.0
2016-06-30 18:00:00,0.7,61.714283,1.0
2016-06-30 19:00:00,0.91,3.9772115,0.5416666666666666
2016-06-30 20:00:00,0.88,0.0,0.0
2016-06-30 21:00:00,0.99,0.0,0.0
2016-06-30 22:00:00,0.98,0.0,0.0
2016-06-30 23:00:00,1.0,0.0,0.0
2016-07-01 00:00:00,1.0,0.0,0.0
2016-07-01 01:00:00,1.0,0.0,0.0
2016-07-01 02:00:00,0.99,0.0,0.0
2016-07-01 03:00:00,0.89,0.0,0.0
2016-07-01 04:00:00,0.78,2.981769,0.3888888888888889
2016-07-01 05:00:00,0.84,65.36089,1.0
2016-07-01 06:00:00,0.99,190.53812,1.0
2016-07-01 07:00:00,0.99,339.16592,1.0
2016-07-01 08:00:00,0.9,426.4053,1.0
2016-07-01 09:00:00,0.79,546.891,1.0
2016-07-01 10:00:00,0.92,502.35757,1.0
2016-07-01 11:00:00,0.97,791.2075,1.0
2016-07-01 12:00:00,0.94,625.946,1.0
2016-07-01 13:00:00,0.99,230.85086,1.0
2016-07-01 14:00:00,1.0,266.18497,1.0
2016-07-01 15:00:00,0.98,221.48782,1.0
2016-07-01 16:00:00,1.0,208.13103,1.0
2016-07-01 17:00:00,0.99,114.28443,1.0
2016-07-01 18:00:00,0.97,47.49355,1.0
2016-07-01 19:00:00,0.98,4.9696155,0.5397222222222222
2016-07-01 20:00:00,0.95,0.0,0.0
2016-07-01 21:00:00,1.0,0.0,0.0
2016-07-01 22:00:00,1.0,0.0,0.0
2016-07-01 23:00:00,0.97,0.0,0.0
2016-07-02 00:00:00,0.81,0.0,0.0
2016-07-02 01:00:00,0.82,0.0,0.0
2016-07-02 02:00:00,0.92,0.0,0.0
2016-07-02 03:00:00,0.97,0.0,0.0
2016-07-02 04:00:00,0.96,2.981769,0.38
2016-07-02 05:00:00,0.88,69.5778,1.0
2016-07-02 06:00:00,0.87,209.40749,1.0
2016-07-02 07:00:00,0.99,219.2279,1.0
2016-07-02 08:00:00,0.98,389.5068,1.0
2016-07-02 09:00:00,0.65,429.52988,1.0
2016-07-02 10:00:00,0.66,410.32083,1.0
2016-07-02 11:00:00,0.83,903.13153,1.0
2016-07-02 12:00:00,0.85,724.61743,1.0
2016-07-02 13:00:00,0.93,401.09952,1.0
2016-07-02 14:00:00,0.95,295.09824,1.0
2016-07-02 15:00:00,0.95,303.09024,1.0
2016-07-02 16:00:00,0.91,346.0973,1.0
2016-07-02 17:00:00,0.97,167.3309,1.0
2016-07-02 18:00:00,0.98,61.64523,1.0
2016-07-02 19:00:00,0.74,5.9650574,0.5375
2016-07-02 20:00:00,0.47,0.0,0.0
2016-07-02 21:00:00,0.75,0.0,0.0
2016-07-02 22:00:00,0.7,0.0,0.0
2016-07-02 23:00:00,0.64,0.0,0.0
2016-07-03 00:00:00,0.76,0.0,0.0
2016-07-03 01:00:00,0.81,0.0,0.0
2016-07-03 02:00:00,0.78,0.0,0.0
2016-07-03 03:00:00,0.94,0.0,0.0
2016-07-03 04:00:00,0.95,1.9878461,0.37083333333333335
2016-07-03 05:00:00,0.94,59.566994,1.0
2016-07-03 06:00:00,0.93,222.35435,1.0
2016-07-03 07:00:00,0.95,439.4403,1.0
2016-07-03 08:00:00,0.86,654.1219,1.0
2016-07-03 09:00:00,0.85,813.43335,1.0
2016-07-03 10:00:00,0.87,908.45154,1.0
2016-07-03 11:00:00,0.88,905.56116,1.0
2016-07-03 12:00:00,0.84,788.89465,1.0
2016-07-03 13:00:00,0.92,855.6294,1.0
2016-07-03 14:00:00,0.92,658.2959,1.0
2016-07-03 15:00:00,0.8,556.08136,1.0
2016-07-03 16:00:00,0.72,372.3922,1.0
2016-07-03 17:00:00,0.8,208.39769,1.0
2016-07-03 18:00:00,0.78,69.58375,1.0
2016-07-03 19:00:00,0.65,4.974173,0.5347222222222222
2016-07-03 20:00:00,0.42,0.0,0.0
2016-07-03 21:00:00,0.14,0.0,0.0
2016-07-03 22:00:00,0.02,0.0,0.0
2016-07-03 23:00:00,0.0,0.0,0.0
2016-07-04 00:00:00,0.0,0.0,0.0
2016-07-04 01:00:00,0.0,0.0,0.0
2016-07-04 02:00:00,0.0,0.0,0.0
2016-07-04 03:00:00,0.16,0.0,0.0
2016-07-04 04:00:00,0.4,2.0493522,0.3611111111111111
2016-07-04 05:00:00,0.09,84.858345,1.0
2016-07-04 06:00:00,0.02,279.8496,1.0
2016-07-04 07:00:00,0.0,497.8608,1.0
2016-07-04 08:00:00,0.0,700.55804,1.0
2016-07-04 09:00:00,0.25,871.843,1.0
2016-07-04 10:00:00,0.37,951.98535,1.0
2016-07-04 11:00:00,0.31,997.4264,1.0
2016-07-04 12:00:00,0.23,994.15106,1.0
2016-07-04 13:00:00,0.27,897.832,1.0
2016-07-04 14:00:00,0.66,805.3342,1.0
2016-07-04 15:00:00,0.64,615.16754,1.0
2016-07-04 16:00:00,0.67,419.2716,1.0
2016-07-04 17:00:00,0.59,247.55476,1.0
2016-07-04 18:00:00,0.67,72.8294,1.0
2016-07-04 19:00:00,0.63,4.974173,0.5313888888888889
2016-07-04 20:00:00,0.68,0.0,0.0
2016-07-04 21:00:00,0.65,0.0,0.0
2016-07-04 22:00:00,0.36,0.0,0.0
2016-07-04 23:00:00,0.07,0.0,0.0
2016-07-05 00:00:00,0.04,0.0,0.0
2016-07-05 01:00:00,0.02,0.0,0.0
2016-07-05 02:00:00,0.0,0.0,0.0
2016-07-05 03:00:00,0.24,0.0,0.0
2016-07-05 04:00:00,0.07,2.0374396,0.3511111111111111
2016-07-05 05:00:00,0.02,83.166374,1.0
2016-07-05 06:00:00,0.0,276.9926,1.0
2016-07-05 07:00:00,0.0,483.5376,1.0
2016-07-05 08:00:00,0.0,685.0196,1.0
2016-07-05 09:00:00,0.06,736.9501,1.0
2016-07-05 10:00:00,0.17,945.6877,1.0
2016-07-05 11:00:00,0.29,948.1855,1.0
2016-07-05 12:00:00,0.27,947.3183,1.0
2016-07-05 13:00:00,0.36,917.0399,1.0
2016-07-05 14:00:00,0.35,748.9951,1.0
2016-07-05 15:00:00,0.51,596.10516,1.0
2016-07-05 16:00:00,0.26,429.63873,1.0
2016-07-05 17:00:00,0.18,243.58344,1.0
2016-07-05 18:00:00,0.48,69.21375,1.0
2016-07-05 19:00:00,0.34,4.974173,0.5275
2016-07-05 20:00:00,0.37,0.0,0.0
2016-07-05 21:00:00,0.3,0.0,0.0
2016-07-05 22:00:00,0.35,0.0,0.0
2016-07-05 23:00:00,0.17,0.0,0.0
2016-07-06 00:00:00,0.17,0.0,0.0
2016-07-06 01:00:00,0.28,0.0,0.0
2016-07-06 02:00:00,0.15,0.0,0.0
2016-07-06 03:00:00,0.0,0.0,0.0
2016-07-06 04:00:00,0.0,2.0250416,0.3411111111111111
2016-07-06 05:00:00,0.01,83.91501,1.0
2016-07-06 06:00:00,0.0,281.0949,1.0
2016-07-06 07:00:00,0.0,502.4856,1.0
2016-07-06 08:00:00,0.0,710.6105,1.0
2016-07-06 09:00:00,0.3,866.40533,1.0
2016-07-06 10:00:00,0.2,935.77936,1.0
2016-07-06 11:00:00,0.35,1017.2838,1.0
2016-07-06 12:00:00,0.22,932.9412,1.0
2016-07-06 13:00:00,0.49,854.81,1.0
2016-07-06 14:00:00,0.8,559.50183,1.0
2016-07-06 15:00:00,0.83,482.54175,1.0
2016-07-06 16:00:00,0.65,372.94592,1.0
2016-07-06 17:00:00,0.39,248.09898,1.0
2016-07-06 18:00:00,0.3,74.91277,1.0
2016-07-06 19:00:00,0.0,4.974173,0.5230555555555556
2016-07-06 20:00:00,0.0,0.0,0.0
2016-07-06 21:00:00,0.0,0.0,0.0
2016-07-06 22:00:00,0.0,0.0,0.0
2016-07-06 23:00:00,0.0,0.0,0.0
2016-07-07 00:00:00,0.0,0.0,0.0
2016-07-07 01:00:00,0.0,0.0,0.0
2016-07-07 02:00:00,0.0,0.0,0.0
2016-07-07 03:00:00,0.0,0.0,0.0
2016-07-07 04:00:00,0.0,1.0181823,0.33055555555555555
2016-07-07 05:00:00,0.0,84.48087,1.0
2016-07-07 06:00:00,0.0,282.2364,1.0
2016-07-07 07:00:00,0.0,501.74124,1.0
2016-07-07 08:00:00,0.0,705.71985,1.0
2016-07-07 09:00:00,0.0,850.074,1.0
2016-07-07 10:00:00,0.31,943.5288,1.0
2016-07-07 11:00:00,0.1,998.1951,1.0
2016-07-07 12:00:00,0.59,951.10406,1.0
2016-07-07 13:00:00,0.73,911.04285,1.0
2016-07-07 14:00:00,0.76,777.32544,1.0
2016-07-07 15:00:00,0.49,619.1681,1.0
2016-07-07 16:00:00,0.61,422.64993,1.0
2016-07-07 17:00:00,0.31,245.22556,1.0
2016-07-07 18:00:00,0.43,72.1003,1.0
2016-07-07 19:00:00,0.06,4.9756923,0.5180555555555556
2016-07-07 20:00:00,0.0,0.0,0.0
2016-07-07 21:00:00,0.0,0.0,0.0
2016-07-07 22:00:00,0.0,0.0,0.0
2016-07-07 23:00:00,0.0,0.0,0.0
2016-07-08 00:00:00,0.0,0.0,0.0
2016-07-08 01:00:00,0.0,0.0,0.0
2016-07-08 02:00:00,0.0,0.0,0.0
2016-07-08 03:00:00,0.14,0.0,0.0
2016-07-08 04:00:00,0.01,1.9878461,0.31972222222222224
2016-07-08 05:00:00,0.0,79.38014,1.0
2016-07-08 06:00:00,0.0,273.44693,1.0
2016-07-08 07:00:00,0.0,495.7869,1.0
2016-07-08 08:00:00,0.0,701.8382,1.0
2016-07-08 09:00:00,0.0,870.96844,1.0
2016-07-08 10:00:00,0.19,960.04584,1.0
2016-07-08 11:00:00,0.58,1000.7938,1.0
2016-07-08 12:00:00,0.68,962.5918,1.0
2016-07-08 13:00:00,0.41,892.689,1.0
2016-07-08 14:00:00,0.4,723.8801,1.0
2016-07-08 15:00:00,0.84,554.03046,1.0
2016-07-08 16:00:00,0.59,378.38757,1.0
2016-07-08 17:00:00,0.32,188.64282,1.0
2016-07-08 18:00:00,0.44,63.601734,1.0
2016-07-08 19:00:00,0.55,4.974173,0.5125
2016-07-08 20:00:00,0.31,0.0,0.0
2016-07-08 21:00:00,0.03,0.0,0.0
2016-07-08 22:00:00,0.0,0.0,0.0
2016-07-08 23:00:00,0.0,0.0,0.0
2016-07-09 00:00:00,0.02,0.0,0.0
2016-07-09 01:00:00,0.22,0.0,0.0
2016-07-09 02:00:00,0.18,0.0,0.0
2016-07-09 03:00:00,0.08,0.0,0.0
2016-07-09 04:00:00,0.09,1.9878461,0.3086111111111111
2016-07-09 05:00:00,0.02,78.70561,1.0
2016-07-09 06:00:00,0.01,275.61157,1.0
2016-07-09 07:00:00,0.0,493.99332,1.0
2016-07-09 08:00:00,0.02,700.07477,1.0
2016-07-09 09:00:00,0.14,870.4675,1.0
2016-07-09 10:00:00,0.26,987.4449,1.0
2016-07-09 11:00:00,0.31,955.8484,1.0
2016-07-09 12:00:00,0.31,982.79083,1.0
2016-07-09 13:00:00,0.27,897.8381,1.0
2016-07-09 14:00:00,0.52,810.7197,1.0
2016-07-09 15:00:00,0.93,627.28723,1.0
2016-07-09 16:00:00,0.77,462.18146,1.0
2016-07-09 17:00:00,0.8,241.65134,1.0
2016-07-09 18:00:00,0.62,67.618774,1.0
2016-07-09 19:00:00,0.26,4.972654,0.5063888888888889
2016-07-09 20:00:00,0.31,0.0,0.0
2016-07-09 21:00:00,0.34,0.0,0.0
2016-07-09 22:00:00,0.13,0.0,0.0
2016-07-09 23:00:00,0.15,0.0,0.0
2016-07-10 00:00:00,0.54,0.0,0.0
2016-07-10 01:00:00,0.92,0.0,0.0
2016-07-10 02:00:00,0.91,0.0,0.0
2016-07-10 03:00:00,0.89,0.0,0.0
2016-07-10 04:00:00,0.86,1.9878461,0.2975
2016-07-10 05:00:00,0.91,68.96168,1.0
2016-07-10 06:00:00,0.83,259.82208,1.0
2016-07-10 07:00:00,0.5,478.68582,1.0
2016-07-10 08:00:00,0.24,694.64435,1.0
2016-07-10 09:00:00,0.04,870.85785,1.0
2016-07-10 10:00:00,0.19,947.1506,1.0
2016-07-10 11:00:00,0.1,1022.5721,1.0
2016-07-10 12:00:00,0.16,945.4776,1.0
2016-07-10 13:00:00,0.26,846.59125,1.0
2016-07-10 14:00:00,0.64,757.22034,1.0
2016-07-10 15:00:00,0.7,459.79,1.0
2016-07-10 16:00:00,0.5,382.67245,1.0
2016-07-10 17:00:00,0.41,250.38364,1.0
2016-07-10 18:00:00,0.28,72.14051,1.0
2016-07-10 19:00:00,0.02,4.974173,0.49972222222222223
2016-07-10 20:00:00,0.0,0.0,0.0
2016-07-10 21:00:00,0.0,0.0,0.0
2016-07-10 22:00:00,0.0,0.0,0.0
2016-07-10 23:00:00,0.0,0.0,0.0
2016-07-11 00:00:00,0.0,0.0,0.0
2016-07-11 01:00:00,0.0,0.0,0.0
2016-07-11 02:00:00,0.0,0.0,0.0
2016-07-11 03:00:00,0.0,0.0,0.0
2016-07-11 04:00:00,0.0,1.9878461,0.2861111111111111
2016-07-11 05:00:00,0.0,79.05289,1.0
2016-07-11 06:00:00,0.0,276.00592,1.0
2016-07-11 07:00:00,0.0,493.56946,1.0
2016-07-11 08:00:00,0.0,697.65027,1.0
2016-07-11 09:00:00,0.0,867.04175,1.0
2016-07-11 10:00:00,0.0,943.71844,1.0
2016-07-11 11:00:00,0.24,947.8335,1.0
2016-07-11 12:00:00,0.19,946.8132,1.0
2016-07-11 13:00:00,0.42,824.1215,1.0
2016-07-11 14:00:00,0.43,817.413,1.0
2016-07-11 15:00:00,0.53,627.3585,1.0
2016-07-11 16:00:00,0.28,436.7554,1.0
2016-07-11 17:00:00,0.11,251.94281,1.0
2016-07-11 18:00:00,0.16,68.90792,1.0
2016-07-11 19:00:00,0.04,4.974173,0.4925
2016-07-11 20:00:00,0.18,0.0,0.0
2016-07-11 21:00:00,0.12,0.0,0.0
2016-07-11 22:00:00,0.11,0.0,0.0
2016-07-11 23:00:00,0.0,0.0,0.0
2016-07-12 00:00:00,0.0,0.0,0.0
2016-07-12 01:00:00,0.0,0.0,0.0
2016-07-12 02:00:00,0.0,0.0,0.0
2016-07-12 03:00:00,0.0,0.0,0.0
2016-07-12 04:00:00,0.0,0.0,0.2747222222222222
2016-07-12 05:00:00,0.0,74.870605,1.0
2016-07-12 06:00:00,0.0,269.2438,1.0
2016-07-12 07:00:00,0.0,488.70346,1.0
2016-07-12 08:00:00,0.0,694.9425,1.0
2016-07-12 09:00:00,0.0,789.14856,1.0
2016-07-12 10:00:00,0.1,961.3487,1.0
2016-07-12 11:00:00,0.3,877.5706,1.0
2016-07-12 12:00:00,0.17,976.0309,1.0
2016-07-12 13:00:00,0.46,911.4341,1.0
2016-07-12 14:00:00,0.55,789.6173,1.0
2016-07-12 15:00:00,0.43,618.3607,1.0
2016-07-12 16:00:00,0.42,426.1101,1.0
2016-07-12 17:00:00,0.15,248.91983,1.0
2016-07-12 18:00:00,0.28,68.233246,1.0
2016-07-12 19:00:00,0.16,3.9802501,0.4847222222222222
2016-07-12 20:00:00,0.02,0.0,0.0
2016-07-12 21:00:00,0.0,0.0,0.0
2016-07-12 22:00:00,0.0,0.0,0.0
2016-07-12 23:00:00,0.0,0.0,0.0
2016-07-13 00:00:00,0.0,0.0,0.0
2016-07-13 01:00:00,0.0,0.0,0.0
2016-07-13 02:00:00,0.0,0.0,0.0
2016-07-13 03:00:00,0.0,0.0,0.0
2016-07-13 04:00:00,0.0,0.0,0.26305555555555554
2016-07-13 05:00:00,0.0,75.00056,1.0
2016-07-13 06:00:00,0.0,272.4711,1.0
2016-07-13 07:00:00,0.0,493.2628,1.0
2016-07-13 08:00:00,0.0,701.6808,1.0
2016-07-13 09:00:00,0.0,875.3771,1.0
2016-07-13 10:00:00,0.09,998.7828,1.0
2016-07-13 11:00:00,0.11,1053.0208,1.0
2016-07-13 12:00:00,0.4,980.564,1.0
2016-07-13 13:00:00,0.79,887.2187,1.0
2016-07-13 14:00:00,0.67,687.09863,1.0
2016-07-13 15:00:00,0.81,600.6544,1.0
2016-07-13 16:00:00,0.51,433.85397,1.0
2016-07-13 17:00:00,0.63,244.16176,1.0
2016-07-13 18:00:00,0.39,70.45593,1.0
2016-07-13 19:00:00,0.44,3.9802501,0.47638888888888886
2016-07-13 20:00:00,0.04,0.0,0.0
2016-07-13 21:00:00,0.13,0.0,0.0
2016-07-13 22:00:00,0.02,0.0,0.0
2016-07-13 23:00:00,0.0,0.0,0.0
2016-07-14 00:00:00,0.0,0.0,0.0
2016-07-14 01:00:00,0.0,0.0,0.0
2016-07-14 02:00:00,0.0,0.0,0.0
2016-07-14 03:00:00,0.0,0.0,0.0
2016-07-14 04:00:00,0.0,0.0,0.25083333333333335
2016-07-14 05:00:00,0.0,74.1476,1.0
2016-07-14 06:00:00,0.0,271.72168,1.0
2016-07-14 07:00:00,0.0,493.58994,1.0
2016-07-14 08:00:00,0.0,700.01013,1.0
2016-07-14 09:00:00,0.01,873.7346,1.0
2016-07-14 10:00:00,0.2,998.2764,1.0
2016-07-14 11:00:00,0.2,1007.23096,1.0
2016-07-14 12:00:00,0.53,958.4262,1.0
2016-07-14 13:00:00,0.57,890.2068,1.0
2016-07-14 14:00:00,0.76,670.3032,1.0
2016-07-14 15:00:00,0.68,434.8846,1.0
2016-07-14 16:00:00,0.64,399.39865,1.0
2016-07-14 17:00:00,0.68,219.76265,1.0
2016-07-14 18:00:00,0.3,70.11151,1.0
2016-07-14 19:00:00,0.02,3.9802501,0.4672222222222222
2016-07-14 20:00:00,0.01,0.0,0.0
2016-07-14 21:00:00,0.01,0.0,0.0
2016-07-14 22:00:00,0.0,0.0,0.0
2016-07-14 23:00:00,0.0,0.0,0.0
2016-07-15 00:00:00,0.0,0.0,0.0
2016-07-15 01:00:00,0.0,0.0,0.0
2016-07-15 02:00:00,0.0,0.0,0.0
2016-07-15 03:00:00,0.0,0.0,0.0
2016-07-15 04:00:00,0.0,0.0,0.23833333333333334
2016-07-15 05:00:00,0.0,72.66902,1.0
2016-07-15 06:00:00,0.0,269.99362,1.0
2016-07-15 07:00:00,0.0,492.99197,1.0
2016-07-15 08:00:00,0.0,701.5895,1.0
2016-07-15 09:00:00,0.06,738.6056,1.0
2016-07-15 10:00:00,0.36,850.004,1.0
2016-07-15 11:00:00,0.45,871.2104,1.0
2016-07-15 12:00:00,0.59,885.68756,1.0
2016-07-15 13:00:00,0.54,724.1127,1.0
2016-07-15 14:00:00,0.36,761.8099,1.0
2016-07-15 15:00:00,0.84,595.4743,1.0
2016-07-15 16:00:00,0.81,376.70056,1.0
2016-07-15 17:00:00,0.31,222.0444,1.0
2016-07-15 18:00:00,0.62,66.85168,1.0
2016-07-15 19:00:00,0.53,3.978731,0.4577777777777778
2016-07-15 20:00:00,0.41,0.0,0.0
2016-07-15 21:00:00,0.85,0.0,0.0
2016-07-15 22:00:00,0.88,0.0,0.0
2016-07-15 23:00:00,0.86,0.0,0.0
2016-07-16 00:00:00,0.53,0.0,0.0
2016-07-16 01:00:00,0.28,0.0,0.0
2016-07-16 02:00:00,0.62,0.0,0.0
2016-07-16 03:00:00,0.32,0.0,0.0
2016-07-16 04:00:00,0.4,0.0,0.22555555555555556
2016-07-16 05:00:00,0.84,63.597404,1.0
2016-07-16 06:00:00,0.92,257.16116,1.0
2016-07-16 07:00:00,0.83,456.67694,1.0
2016-07-16 08:00:00,0.13,694.9926,1.0
2016-07-16 09:00:00,0.1,816.64667,1.0
2016-07-16 10:00:00,0.25,828.1819,1.0
2016-07-16 11:00:00,0.32,987.71466,1.0
2016-07-16 12:00:00,0.28,995.1063,1.0
2016-07-16 13:00:00,0.63,870.57556,1.0
2016-07-16 14:00:00,0.73,735.8987,1.0
2016-07-16 15:00:00,0.58,538.8821,1.0
2016-07-16 16:00:00,0.59,359.01773,1.0
2016-07-16 17:00:00,0.61,225.20782,1.0
2016-07-16 18:00:00,0.5,65.32517,1.0
2016-07-16 19:00:00,0.37,2.9848075,0.4477777777777778
2016-07-16 20:00:00,0.16,0.0,0.0
2016-07-16 21:00:00,0.15,0.0,0.0
2016-07-16 22:00:00,0.36,0.0,0.0
2016-07-16 23:00:00,0.26,0.0,0.0
2016-07-17 00:00:00,0.23,0.0,0.0
2016-07-17 01:00:00,0.2,0.0,0.0
2016-07-17 02:00:00,0.08,0.0,0.0
2016-07-17 03:00:00,0.28,0.0,0.0
2016-07-17 04:00:00,0.05,0.0,0.2125
2016-07-17 05:00:00,0.0,68.54377,1.0
2016-07-17 06:00:00,0.04,260.54767,1.0
2016-07-17 07:00:00,0.0,477.1818,1.0
2016-07-17 08:00:00,0.0,681.432,1.0
2016-07-17 09:00:00,0.0,852.8964,1.0
2016-07-17 10:00:00,0.42,924.1748,1.0
2016-07-17 11:00:00,0.14,956.2731,1.0
2016-07-17 12:00:00,0.45,835.69293,1.0
2016-07-17 13:00:00,0.78,814.31757,1.0
2016-07-17 14:00:00,0.68,714.2589,1.0
2016-07-17 15:00:00,0.63,498.25992,1.0
2016-07-17 16:00:00,0.74,363.0745,1.0
2016-07-17 17:00:00,0.92,217.07191,1.0
2016-07-17 18:00:00,0.13,62.478848,1.0
2016-07-17 19:00:00,0.0,2.9848075,0.43722222222222223
2016-07-17 20:00:00,0.01,0.0,0.0
2016-07-17 21:00:00,0.01,0.0,0.0
2016-07-17 22:00:00,0.0,0.0,0.0
2016-07-17 23:00:00,0.0,0.0,0.0
2016-07-18 00:00:00,0.0,0.0,0.0
2016-07-18 01:00:00,0.0,0.0,0.0
2016-07-18 02:00:00,0.0,0.0,0.0
2016-07-18 03:00:00,0.26,0.0,0.0
2016-07-18 04:00:00,0.25,0.0,0.19916666666666666
2016-07-18 05:00:00,0.51,63.959354,1.0
2016-07-18 06:00:00,0.8,191.69174,1.0
2016-07-18 07:00:00,0.92,333.5645,1.0
2016-07-18 08:00:00,0.93,488.70203,1.0
2016-07-18 09:00:00,1.0,613.23505,1.0
2016-07-18 10:00:00,0.95,694.0001,1.0
2016-07-18 11:00:00,0.95,843.40027,1.0
2016-07-18 12:00:00,0.92,700.1715,1.0
2016-07-18 13:00:00,0.87,629.8109,1.0
2016-07-18 14:00:00,0.99,658.38184,1.0
2016-07-18 15:00:00,0.93,315.10666,1.0
2016-07-18 16:00:00,0.95,266.36172,1.0
2016-07-18 17:00:00,0.99,131.18408,1.0
2016-07-18 18:00:00,0.99,47.96536,1.0
2016-07-18 19:00:00,0.97,1.9893655,0.4261111111111111
2016-07-18 20:00:00,0.89,0.0,0.0
2016-07-18 21:00:00,0.66,0.0,0.0
2016-07-18 22:00:00,0.98,0.0,0.0
2016-07-18 23:00:00,1.0,0.0,0.0
2016-07-19 00:00:00,0.97,0.0,0.0
2016-07-19 01:00:00,0.73,0.0,0.0
2016-07-19 02:00:00,0.38,0.0,0.0
2016-07-19 03:00:00,0.91,0.0,0.0
2016-07-19 04:00:00,0.57,0.0,0.18555555555555556
2016-07-19 05:00:00,0.55,59.78731,1.0
2016-07-19 06:00:00,0.55,242.98155,1.0
2016-07-19 07:00:00,0.4,465.4701,1.0
2016-07-19 08:00:00,0.02,671.82,1.0
2016-07-19 09:00:00,0.0,837.2278,1.0
2016-07-19 10:00:00,0.04,946.63025,1.0
2016-07-19 11:00:00,0.09,960.3922,1.0
2016-07-19 12:00:00,0.14,941.6044,1.0
2016-07-19 13:00:00,0.6,627.0558,1.0
2016-07-19 14:00:00,0.98,494.20825,1.0
2016-07-19 15:00:00,0.91,422.30106,1.0
2016-07-19 16:00:00,0.98,266.61807,1.0
2016-07-19 17:00:00,1.0,132.3591,1.0
2016-07-19 18:00:00,0.99,45.281578,1.0
2016-07-19 19:00:00,0.82,2.981769,0.41444444444444445
2016-07-19 20:00:00,0.67,0.0,0.0
2016-07-19 21:00:00,0.73,0.0,0.0
2016-07-19 22:00:00,0.64,0.0,0.0
2016-07-19 23:00:00,0.5,0.0,0.0
2016-07-20 00:00:00,0.15,0.0,0.0
2016-07-20 01:00:00,0.06,0.0,0.0
2016-07-20 02:00:00,0.03,0.0,0.0
2016-07-20 03:00:00,0.01,0.0,0.0
2016-07-20 04:00:00,0.02,0.0,0.17166666666666666
2016-07-20 05:00:00,0.05,62.271214,1.0
2016-07-20 06:00:00,0.03,247.32133,1.0
2016-07-20 07:00:00,0.0,465.93878,1.0
2016-07-20 08:00:00,0.0,671.4375,1.0
2016-07-20 09:00:00,0.0,834.20715,1.0
2016-07-20 10:00:00,0.14,950.16815,1.0
2016-07-20 11:00:00,0.29,947.1043,1.0
2016-07-20 12:00:00,0.24,947.5692,1.0
2016-07-20 13:00:00,0.47,722.99567,1.0
2016-07-20 14:00:00,0.72,583.28925,1.0
2016-07-20 15:00:00,0.64,469.84073,1.0
2016-07-20 16:00:00,0.96,271.71518,1.0
2016-07-20 17:00:00,1.0,117.02238,1.0
2016-07-20 18:00:00,1.0,51.785908,1.0
2016-07-20 19:00:00,1.0,2.9832883,0.4022222222222222
2016-07-20 20:00:00,1.0,0.0,0.0
2016-07-20 21:00:00,0.97,0.0,0.0
2016-07-20 22:00:00,0.65,0.0,0.0
2016-07-20 23:00:00,0.39,0.0,0.0
2016-07-21 00:00:00,0.36,0.0,0.0
2016-07-21 01:00:00,0.38,0.0,0.0
2016-07-21 02:00:00,0.23,0.0,0.0
2016-07-21 03:00:00,0.16,0.0,0.0
2016-07-21 04:00:00,0.01,0.0,0.1575
2016-07-21 05:00:00,0.02,60.934345,1.0
2016-07-21 06:00:00,0.12,242.52829,1.0
2016-07-21 07:00:00,0.09,463.2219,1.0
2016-07-21 08:00:00,0.03,673.1327,1.0
2016-07-21 09:00:00,0.17,823.448,1.0
2016-07-21 10:00:00,0.22,948.77747,1.0
2016-07-21 11:00:00,0.29,930.8982,1.0
2016-07-21 12:00:00,0.4,909.7086,1.0
2016-07-21 13:00:00,0.51,821.9894,1.0
2016-07-21 14:00:00,0.71,642.5674,1.0
2016-07-21 15:00:00,0.94,452.08255,1.0
2016-07-21 16:00:00,0.92,346.9232,1.0
2016-07-21 17:00:00,0.89,219.58075,1.0
2016-07-21 18:00:00,0.67,56.861076,1.0
2016-07-21 19:00:00,0.88,2.981769,0.38972222222222225
2016-07-21 20:00:00,0.84,0.0,0.0
2016-07-21 21:00:00,0.77,0.0,0.0
2016-07-21 22:00:00,0.64,0.0,0.0
2016-07-21 23:00:00,0.5,0.0,0.0
2016-07-22 00:00:00,0.48,0.0,0.0
2016-07-22 01:00:00,0.48,0.0,0.0
2016-07-22 02:00:00,0.21,0.0,0.0
2016-07-22 03:00:00,0.66,0.0,0.0
2016-07-22 04:00:00,0.37,0.0,0.14333333333333334
2016-07-22 05:00:00,0.2,59.274113,1.0
2016-07-22 06:00:00,0.19,242.98529,1.0
2016-07-22 07:00:00,0.1,457.3034,1.0
2016-07-22 08:00:00,0.01,641.126,1.0
2016-07-22 09:00:00,0.01,815.55817,1.0
2016-07-22 10:00:00,0.06,930.7431,1.0
2016-07-22 11:00:00,0.32,950.37555,1.0
2016-07-22 12:00:00,0.6,783.46545,1.0
2016-07-22 13:00:00,0.75,642.21594,1.0
2016-07-22 14:00:00,0.87,437.0217,1.0
2016-07-22 15:00:00,0.96,313.65863,1.0
2016-07-22 16:00:00,0.98,263.26996,1.0
2016-07-22 17:00:00,0.99,183.50009,1.0
2016-07-22 18:00:00,0.91,44.37354,1.0
2016-07-22 19:00:00,0.89,1.9878461,0.37666666666666665
2016-07-22 20:00:00,0.96,0.0,0.0
2016-07-22 21:00:00,0.91,0.0,0.0
2016-07-22 22:00:00,0.51,0.0,0.0
2016-07-22 23:00:00,0.16,0.0,0.0
2016-07-23 00:00:00,0.06,0.0,0.0
2016-07-23 01:00:00,0.18,0.0,0.0
2016-07-23 02:00:00,0.0,0.0,0.0
2016-07-23 03:00:00,0.37,0.0,0.0
2016-07-23 04:00:00,0.16,0.0,0.1288888888888889
2016-07-23 05:00:00,0.08,57.91455,1.0
2016-07-23 06:00:00,0.16,246.44637,1.0
2016-07-23 07:00:00,0.28,464.30392,1.0
2016-07-23 08:00:00,0.32,667.66895,1.0
2016-07-23 09:00:00,0.26,838.0244,1.0
2016-07-23 10:00:00,0.17,881.42096,1.0
2016-07-23 11:00:00,0.37,953.64667,1.0
2016-07-23 12:00:00,0.56,936.4574,1.0
2016-07-23 13:00:00,0.65,903.307,1.0
2016-07-23 14:00:00,0.48,621.0527,1.0
2016-07-23 15:00:00,0.92,455.264,1.0
2016-07-23 16:00:00,0.75,275.92807,1.0
2016-07-23 17:00:00,0.76,168.42381,1.0
2016-07-23 18:00:00,0.48,54.1277,1.0
2016-07-23 19:00:00,0.42,1.9893655,0.3630555555555556
2016-07-23 20:00:00,0.86,0.0,0.0
2016-07-23 21:00:00,0.95,0.0,0.0
2016-07-23 22:00:00,0.93,0.0,0.0
2016-07-23 23:00:00,0.91,0.0,0.0
2016-07-24 00:00:00,0.16,0.0,0.0
2016-07-24 01:00:00,0.11,0.0,0.0
2016-07-24 02:00:00,0.21,0.0,0.0
2016-07-24 03:00:00,0.24,0.0,0.0
2016-07-24 04:00:00,0.2,0.0,0.11416666666666667
2016-07-24 05:00:00,0.19,55.810177,1.0
2016-07-24 06:00:00,0.09,243.76009,1.0
2016-07-24 07:00:00,0.08,459.45605,1.0
2016-07-24 08:00:00,0.1,650.68713,1.0
2016-07-24 09:00:00,0.2,810.4333,1.0
2016-07-24 10:00:00,0.28,740.7402,1.0
2016-07-24 11:00:00,0.44,955.43256,1.0
2016-07-24 12:00:00,0.41,909.91846,1.0
2016-07-24 13:00:00,0.36,743.0601,1.0
2016-07-24 14:00:00,0.82,649.89716,1.0
2016-07-24 15:00:00,0.71,467.14526,1.0
2016-07-24 16:00:00,0.14,355.9726,1.0
2016-07-24 17:00:00,0.01,230.10463,1.0
2016-07-24 18:00:00,0.01,57.06847,1.0
2016-07-24 19:00:00,0.07,1.9893655,0.3491666666666667
2016-07-24 20:00:00,0.16,0.0,0.0
2016-07-24 21:00:00,0.61,0.0,0.0
2016-07-24 22:00:00,0.95,0.0,0.0
2016-07-24 23:00:00,0.91,0.0,0.0
2016-07-25 00:00:00,0.3,0.0,0.0
2016-07-25 01:00:00,0.01,0.0,0.0
2016-07-25 02:00:00,0.22,0.0,0.0
2016-07-25 03:00:00,0.18,0.0,0.0
2016-07-25 04:00:00,0.07,0.0,0.09944444444444445
2016-07-25 05:00:00,0.39,57.709797,1.0
2016-07-25 06:00:00,0.38,245.1975,1.0
2016-07-25 07:00:00,0.26,468.6335,1.0
2016-07-25 08:00:00,0.01,672.1172,1.0
2016-07-25 09:00:00,0.01,820.832,1.0
2016-07-25 10:00:00,0.32,969.90784,1.0
2016-07-25 11:00:00,0.41,965.60345,1.0
2016-07-25 12:00:00,0.49,862.78015,1.0
2016-07-25 13:00:00,0.49,858.12665,1.0
2016-07-25 14:00:00,0.56,727.19727,1.0
2016-07-25 15:00:00,0.68,581.59106,1.0
2016-07-25 16:00:00,0.4,355.99365,1.0
2016-07-25 17:00:00,0.25,225.13034,1.0
2016-07-25 18:00:00,0.24,53.240356,1.0
2016-07-25 19:00:00,0.33,1.9893655,0.3347222222222222
2016-07-25 20:00:00,0.61,0.0,0.0
2016-07-25 21:00:00,0.58,0.0,0.0
2016-07-25 22:00:00,0.51,0.0,0.0
2016-07-25 23:00:00,0.35,0.0,0.0
2016-07-26 00:00:00,0.42,0.0,0.0
2016-07-26 01:00:00,0.94,0.0,0.0
2016-07-26 02:00:00,0.92,0.0,0.0
2016-07-26 03:00:00,0.91,0.0,0.0
2016-07-26 04:00:00,0.98,0.0,0.08472222222222223
2016-07-26 05:00:00,0.95,51.73172,1.0
2016-07-26 06:00:00,0.97,189.10535,1.0
2016-07-26 07:00:00,0.97,368.6488,1.0
2016-07-26 08:00:00,0.98,540.7695,1.0
2016-07-26 09:00:00,0.99,665.8457,1.0
2016-07-26 10:00:00,0.98,725.54425,1.0
2016-07-26 11:00:00,0.99,573.75793,1.0
2016-07-26 12:00:00,0.98,482.64166,1.0
2016-07-26 13:00:00,0.96,545.52814,1.0
2016-07-26 14:00:00,0.78,633.2835,1.0
2016-07-26 15:00:00,0.89,519.08514,1.0
2016-07-26 16:00:00,0.99,313.04074,1.0
2016-07-26 17:00:00,0.99,217.03548,1.0
2016-07-26 18:00:00,1.0,50.18805,1.0
2016-07-26 19:00:00,0.97,1.9878461,0.31972222222222224
2016-07-26 20:00:00,0.97,0.0,0.0
2016-07-26 21:00:00,0.94,0.0,0.0
2016-07-26 22:00:00,0.76,0.0,0.0
2016-07-26 23:00:00,0.51,0.0,0.0
2016-07-27 00:00:00,0.17,0.0,0.0
2016-07-27 01:00:00,0.21,0.0,0.0
2016-07-27 02:00:00,0.08,0.0,0.0
2016-07-27 03:00:00,0.54,0.0,0.0
2016-07-27 04:00:00,0.32,0.0,0.06972222222222223
2016-07-27 05:00:00,0.31,54.55985,1.0
2016-07-27 06:00:00,0.36,240.87479,1.0
2016-07-27 07:00:00,0.03,463.6006,1.0
2016-07-27 08:00:00,0.0,665.376,1.0
2016-07-27 09:00:00,0.04,843.3064,1.0
2016-07-27 10:00:00,0.39,962.52783,1.0
2016-07-27 11:00:00,0.43,918.8209,1.0
2016-07-27 12:00:00,0.34,952.947,1.0
2016-07-27 13:00:00,0.31,927.35,1.0
2016-07-27 14:00:00,0.37,748.4217,1.0
2016-07-27 15:00:00,0.47,623.6979,1.0
2016-07-27 16:00:00,0.41,422.1556,1.0
2016-07-27 17:00:00,0.17,234.17546,1.0
2016-07-27 18:00:00,0.16,50.22886,1.0
2016-07-27 19:00:00,0.13,0.99544233,0.30444444444444446
2016-07-27 20:00:00,0.09,0.0,0.0
2016-07-27 21:00:00,0.03,0.0,0.0
2016-07-27 22:00:00,0.0,0.0,0.0
2016-07-27 23:00:00,0.0,0.0,0.0
2016-07-28 00:00:00,0.0,0.0,0.0
2016-07-28 01:00:00,0.0,0.0,0.0
2016-07-28 02:00:00,0.0,0.0,0.0
2016-07-28 03:00:00,0.0,0.0,0.0
2016-07-28 04:00:00,0.0,0.0,0.05472222222222222
2016-07-28 05:00:00,0.0,53.782642,1.0
2016-07-28 06:00:00,0.0,246.53108,1.0
2016-07-28 07:00:00,0.0,471.70358,1.0
2016-07-28 08:00:00,0.02,684.0675,1.0
2016-07-28 09:00:00,0.46,841.6721,1.0
2016-07-28 10:00:00,0.03,892.9993,1.0
2016-07-28 11:00:00,0.29,982.7357,1.0
2016-07-28 12:00:00,0.48,827.55414,1.0
2016-07-28 13:00:00,0.82,838.12994,1.0
2016-07-28 14:00:00,0.67,576.4968,1.0
2016-07-28 15:00:00,0.82,550.0096,1.0
2016-07-28 16:00:00,0.82,397.4962,1.0
2016-07-28 17:00:00,0.91,211.33452,1.0
2016-07-28 18:00:00,0.78,47.183056,1.0
2016-07-28 19:00:00,1.0,0.99392307,0.28888888888888886
2016-07-28 20:00:00,0.99,0.0,0.0
2016-07-28 21:00:00,0.96,0.0,0.0
2016-07-28 22:00:00,0.94,0.0,0.0
2016-07-28 23:00:00,0.41,0.0,0.0
2016-07-29 00:00:00,0.35,0.0,0.0
2016-07-29 01:00:00,0.11,0.0,0.0
2016-07-29 02:00:00,0.12,0.0,0.0
2016-07-29 03:00:00,0.79,0.0,0.0
2016-07-29 04:00:00,0.44,0.0,0.03972222222222222
2016-07-29 05:00:00,0.65,34.518482,1.0
2016-07-29 06:00:00,0.62,173.55382,1.0
2016-07-29 07:00:00,0.64,364.55533,1.0
2016-07-29 08:00:00,0.51,588.719,1.0
2016-07-29 09:00:00,0.21,745.9088,1.0
2016-07-29 10:00:00,0.5,840.6663,1.0
2016-07-29 11:00:00,0.34,979.44073,1.0
2016-07-29 12:00:00,0.42,781.19116,1.0
2016-07-29 13:00:00,0.61,705.4581,1.0
2016-07-29 14:00:00,0.64,721.1299,1.0
2016-07-29 15:00:00,0.78,460.61124,1.0
2016-07-29 16:00:00,0.68,370.4622,1.0
2016-07-29 17:00:00,0.74,177.5386,1.0
2016-07-29 18:00:00,0.49,48.55979,1.0
2016-07-29 19:00:00,0.28,0.0,0.2727777777777778
2016-07-29 20:00:00,0.66,0.0,0.0
2016-07-29 21:00:00,0.87,0.0,0.0
2016-07-29 22:00:00,0.42,0.0,0.0
2016-07-29 23:00:00,0.13,0.0,0.0
2016-07-30 00:00:00,0.07,0.0,0.0
2016-07-30 01:00:00,0.04,0.0,0.0
2016-07-30 02:00:00,0.07,0.0,0.0
2016-07-30 03:00:00,0.29,0.0,0.0
2016-07-30 04:00:00,0.17,0.0,0.024722222222222222
2016-07-30 05:00:00,0.02,50.608704,1.0
2016-07-30 06:00:00,0.02,238.11154,1.0
2016-07-30 07:00:00,0.01,457.569,1.0
2016-07-30 08:00:00,0.0,665.5361,1.0
2016-07-30 09:00:00,0.0,849.21204,1.0
2016-07-30 10:00:00,0.11,965.8179,1.0
2016-07-30 11:00:00,0.23,983.6317,1.0
2016-07-30 12:00:00,0.43,887.3754,1.0
2016-07-30 13:00:00,0.43,801.4224,1.0
2016-07-30 14:00:00,0.57,757.7057,1.0
2016-07-30 15:00:00,0.69,553.49945,1.0
2016-07-30 16:00:00,0.79,346.0539,1.0
2016-07-30 17:00:00,0.88,207.28828,1.0
2016-07-30 18:00:00,0.69,45.148254,1.0
2016-07-30 19:00:00,0.3,0.0,0.2563888888888889
2016-07-30 20:00:00,0.31,0.0,0.0
2016-07-30 21:00:00,0.38,0.0,0.0
2016-07-30 22:00:00,0.11,0.0,0.0
2016-07-30 23:00:00,0.07,0.0,0.0
2016-07-31 00:00:00,0.07,0.0,0.0
2016-07-31 01:00:00,0.03,0.0,0.0
2016-07-31 02:00:00,0.01,0.0,0.0
2016-07-31 03:00:00,0.53,0.0,0.0
2016-07-31 04:00:00,0.43,0.0,0.009722222222222222
2016-07-31 05:00:00,0.2,48.95554,1.0
2016-07-31 06:00:00,0.06,236.71866,1.0
2016-07-31 07:00:00,0.1,458.78464,1.0
2016-07-31 08:00:00,0.2,668.96277,1.0
2016-07-31 09:00:00,0.65,834.77277,1.0
2016-07-31 10:00:00,0.9,876.4506,1.0
2016-07-31 11:00:00,0.96,846.3287,1.0
2016-07-31 12:00:00,0.92,743.40405,1.0
2016-07-31 13:00:00,0.89,560.78564,1.0
2016-07-31 14:00:00,0.9,492.28543,1.0
2016-07-31 15:00:00,0.93,270.76715,1.0
2016-07-31 16:00:00,0.9,166.33002,1.0
2016-07-31 17:00:00,0.94,89.45308,1.0
2016-07-31 18:00:00,0.99,35.186825,1.0
2016-07-31 19:00:00,0.96,0.0,0.23972222222222223
2016-07-31 20:00:00,0.9,0.0,0.0
2016-07-31 21:00:00,0.9,0.0,0.0
2016-07-31 22:00:00,0.91,0.0,0.0
2016-07-31 23:00:00,0.69,0.0,0.0
2016-08-01 00:00:00,0.48,0.0,0.0
2016-08-01 01:00:00,0.22,0.0,0.0
2016-08-01 02:00:00,0.14,0.0,0.0
2016-08-01 03:00:00,0.33,0.0,0.0
2016-08-01 04:00:00,0.12,0.0,0.0
2016-08-01 05:00:00,0.03,46.504612,0.9947222222222222
2016-08-01 06:00:00,0.06,230.0133,1.0
2016-08-01 07:00:00,0.01,436.24362,1.0
2016-08-01 08:00:00,0.07,656.81726,1.0
2016-08-01 09:00:00,0.05,827.5046,1.0
2016-08-01 10:00:00,0.01,949.5661,1.0
2016-08-01 11:00:00,0.11,1039.0403,1.0
2016-08-01 12:00:00,0.43,942.74316,1.0
2016-08-01 13:00:00,0.43,800.596,1.0
2016-08-01 14:00:00,0.34,724.18646,1.0
2016-08-01 15:00:00,0.43,573.0941,1.0
2016-08-01 16:00:00,0.57,377.05185,1.0
2016-08-01 17:00:00,0.48,189.68759,1.0
2016-08-01 18:00:00,0.22,43.101864,1.0
2016-08-01 19:00:00,0.09,0.0,0.2225
2016-08-01 20:00:00,0.03,0.0,0.0
2016-08-01 21:00:00,0.03,0.0,0.0
2016-08-01 22:00:00,0.04,0.0,0.0
2016-08-01 23:00:00,0.03,0.0,0.0
2016-08-02 00:00:00,0.02,0.0,0.0
2016-08-02 01:00:00,0.04,0.0,0.0
2016-08-02 02:00:00,0.01,0.0,0.0
2016-08-02 03:00:00,0.0,0.0,0.0
2016-08-02 04:00:00,0.01,0.0,0.0
2016-08-02 05:00:00,0.04,45.82452,0.9797222222222223
2016-08-02 06:00:00,0.34,228.35164,1.0
2016-08-02 07:00:00,0.45,451.60153,1.0
2016-08-02 08:00:00,0.2,648.30237,1.0
2016-08-02 09:00:00,0.16,757.49817,1.0
2016-08-02 10:00:00,0.29,854.2727,1.0
2016-08-02 11:00:00,0.43,933.53973,1.0
2016-08-02 12:00:00,0.61,835.3439,1.0
2016-08-02 13:00:00,0.68,670.3134,1.0
2016-08-02 14:00:00,0.88,641.83606,1.0
2016-08-02 15:00:00,0.88,506.3307,1.0
2016-08-02 16:00:00,0.94,253.47404,1.0
2016-08-02 17:00:00,0.78,166.06842,1.0
2016-08-02 18:00:00,0.35,31.774227,1.0
2016-08-02 19:00:00,0.42,0.0,0.205
2016-08-02 20:00:00,0.27,0.0,0.0
2016-08-02 21:00:00,0.23,0.0,0.0
2016-08-02 22:00:00,0.34,0.0,0.0
2016-08-02 23:00:00,0.32,0.0,0.0
2016-08-03 00:00:00,0.23,0.0,0.0
2016-08-03 01:00:00,0.0,0.0,0.0
2016-08-03 02:00:00,0.02,0.0,0.0
2016-08-03 03:00:00,0.02,0.0,0.0
2016-08-03 04:00:00,0.0,0.0,0.0
2016-08-03 05:00:00,0.0,44.147476,0.9644444444444444
2016-08-03 06:00:00,0.0,226.83244,1.0
2016-08-03 07:00:00,0.0,448.09726,1.0
2016-08-03 08:00:00,0.0,657.6853,1.0
2016-08-03 09:00:00,0.01,825.85394,1.0
2016-08-03 10:00:00,0.14,873.88995,1.0
2016-08-03 11:00:00,0.29,970.6351,1.0
2016-08-03 12:00:00,0.27,943.97565,1.0
2016-08-03 13:00:00,0.29,836.35803,1.0
2016-08-03 14:00:00,0.38,755.33374,1.0
2016-08-03 15:00:00,0.63,578.2194,1.0
2016-08-03 16:00:00,0.64,374.17105,1.0
2016-08-03 17:00:00,0.78,197.51581,1.0
2016-08-03 18:00:00,0.8,38.394753,1.0
2016-08-03 19:00:00,0.82,0.0,0.18694444444444444
2016-08-03 20:00:00,0.47,0.0,0.0
2016-08-03 21:00:00,0.87,0.0,0.0
2016-08-03 22:00:00,0.81,0.0,0.0
2016-08-03 23:00:00,0.65,0.0,0.0
2016-08-04 00:00:00,0.47,0.0,0.0
2016-08-04 01:00:00,0.93,0.0,0.0
2016-08-04 02:00:00,0.98,0.0,0.0
2016-08-04 03:00:00,0.86,0.0,0.0
2016-08-04 04:00:00,0.98,0.0,0.0
2016-08-04 05:00:00,0.99,39.27032,0.9491666666666667
2016-08-04 06:00:00,0.96,211.23833,1.0
2016-08-04 07:00:00,0.82,418.34448,1.0
2016-08-04 08:00:00,0.92,629.66766,1.0
2016-08-04 09:00:00,0.99,783.6194,1.0
2016-08-04 10:00:00,0.98,926.91425,1.0
2016-08-04 11:00:00,0.94,780.7701,1.0
2016-08-04 12:00:00,0.74,330.17783,1.0
2016-08-04 13:00:00,0.67,361.19943,1.0
2016-08-04 14:00:00,0.77,279.39035,1.0
2016-08-04 15:00:00,0.94,238.57195,1.0
2016-08-04 16:00:00,1.0,189.96481,1.0
2016-08-04 17:00:00,1.0,68.264175,1.0
2016-08-04 18:00:00,0.99,15.902769,1.0
2016-08-04 19:00:00,0.96,0.0,0.16833333333333333
2016-08-04 20:00:00,0.92,0.0,0.0
2016-08-04 21:00:00,1.0,0.0,0.0
2016-08-04 22:00:00,0.97,0.0,0.0
2016-08-04 23:00:00,0.91,0.0,0.0
2016-08-05 00:00:00,0.91,0.0,0.0
2016-08-05 01:00:00,0.83,0.0,0.0
2016-08-05 02:00:00,0.88,0.0,0.0
2016-08-05 03:00:00,0.9,0.0,0.0
2016-08-05 04:00:00,0.81,0.0,0.0
2016-08-05 05:00:00,0.89,27.775324,0.9338888888888889
2016-08-05 06:00:00,0.84,143.05081,1.0
2016-08-05 07:00:00,0.64,306.1913,1.0
2016-08-05 08:00:00,0.66,428.69586,1.0
2016-08-05 09:00:00,0.9,545.4682,1.0
2016-08-05 10:00:00,1.0,557.283,1.0
2016-08-05 11:00:00,1.0,527.5996,1.0
2016-08-05 12:00:00,0.79,550.2576,1.0
2016-08-05 13:00:00,0.96,435.36078,1.0
2016-08-05 14:00:00,0.98,250.87071,1.0
2016-08-05 15:00:00,0.65,121.86038,1.0
2016-08-05 16:00:00,0.92,68.580696,1.0
2016-08-05 17:00:00,0.99,20.872385,1.0
2016-08-05 18:00:00,1.0,8.945308,1.0
2016-08-05 19:00:00,1.0,0.0,0.14944444444444444
2016-08-05 20:00:00,1.0,0.0,0.0
2016-08-05 21:00:00,0.99,0.0,0.0
2016-08-05 22:00:00,0.99,0.0,0.0
2016-08-05 23:00:00,0.99,0.0,0.0
2016-08-06 00:00:00,1.0,0.0,0.0
2016-08-06 01:00:00,1.0,0.0,0.0
2016-08-06 02:00:00,0.99,0.0,0.0
2016-08-06 03:00:00,0.94,0.0,0.0
2016-08-06 04:00:00,0.9,0.0,0.0
2016-08-06 05:00:00,0.95,19.632542,0.9183333333333333
2016-08-06 06:00:00,0.75,114.96308,1.0
2016-08-06 07:00:00,0.84,308.69894,1.0
2016-08-06 08:00:00,0.88,501.4066,1.0
2016-08-06 09:00:00,1.0,620.6182,1.0
2016-08-06 10:00:00,1.0,730.2922,1.0
2016-08-06 11:00:00,1.0,222.08037,1.0
2016-08-06 12:00:00,0.99,387.067,1.0
2016-08-06 13:00:00,0.88,325.34497,1.0
2016-08-06 14:00:00,0.97,216.22916,1.0
2016-08-06 15:00:00,0.75,311.12274,1.0
2016-08-06 16:00:00,0.54,237.98727,1.0
2016-08-06 17:00:00,0.58,164.14491,1.0
2016-08-06 18:00:00,0.78,29.514647,1.0
2016-08-06 19:00:00,0.88,0.0,0.1297222222222222
2016-08-06 20:00:00,0.81,0.0,0.0
2016-08-06 21:00:00,0.87,0.0,0.0
2016-08-06 22:00:00,0.76,0.0,0.0
2016-08-06 23:00:00,0.54,0.0,0.0
2016-08-07 00:00:00,0.17,0.0,0.0
2016-08-07 01:00:00,0.02,0.0,0.0
2016-08-07 02:00:00,0.0,0.0,0.0
2016-08-07 03:00:00,0.0,0.0,0.0
2016-08-07 04:00:00,0.0,0.0,0.0
2016-08-07 05:00:00,0.0,38.44042,0.9027777777777778
2016-08-07 06:00:00,0.01,211.18494,1.0
2016-08-07 07:00:00,0.02,421.3783,1.0
2016-08-07 08:00:00,0.04,625.91473,1.0
2016-08-07 09:00:00,0.0,791.5772,1.0
2016-08-07 10:00:00,0.0,954.19446,1.0
2016-08-07 11:00:00,0.17,1022.7443,1.0
2016-08-07 12:00:00,0.38,895.53595,1.0
2016-08-07 13:00:00,0.55,889.1659,1.0
2016-08-07 14:00:00,0.38,710.39404,1.0
2016-08-07 15:00:00,0.82,480.5261,1.0
2016-08-07 16:00:00,0.8,272.6425,1.0
2016-08-07 17:00:00,0.8,180.23247,1.0
2016-08-07 18:00:00,0.93,32.37477,1.0
2016-08-07 19:00:00,0.74,0.0,0.11
2016-08-07 20:00:00,0.62,0.0,0.0
2016-08-07 21:00:00,0.47,0.0,0.0
2016-08-07 22:00:00,0.15,0.0,0.0
2016-08-07 23:00:00,0.03,0.0,0.0
2016-08-08 00:00:00,0.24,0.0,0.0
2016-08-08 01:00:00,0.21,0.0,0.0
2016-08-08 02:00:00,0.03,0.0,0.0
2016-08-08 03:00:00,0.09,0.0,0.0
2016-08-08 04:00:00,0.01,0.0,0.0
2016-08-08 05:00:00,0.03,37.67727,0.8872222222222222
2016-08-08 06:00:00,0.0,218.2368,1.0
2016-08-08 07:00:00,0.0,441.29355,1.0
2016-08-08 08:00:00,0.0,654.5171,1.0
2016-08-08 09:00:00,0.01,829.78827,1.0
2016-08-08 10:00:00,0.2,951.1223,1.0
2016-08-08 11:00:00,0.27,919.6858,1.0
2016-08-08 12:00:00,0.32,942.4883,1.0
2016-08-08 13:00:00,0.24,862.0889,1.0
2016-08-08 14:00:00,0.15,743.0508,1.0
2016-08-08 15:00:00,0.65,568.18677,1.0
2016-08-08 16:00:00,0.37,327.35156,1.0
2016-08-08 17:00:00,0.47,156.38203,1.0
2016-08-08 18:00:00,0.55,32.44799,1.0
2016-08-08 19:00:00,0.22,0.0,0.08944444444444444
2016-08-08 20:00:00,0.02,0.0,0.0
2016-08-08 21:00:00,0.04,0.0,0.0
2016-08-08 22:00:00,0.04,0.0,0.0
2016-08-08 23:00:00,0.05,0.0,0.0
2016-08-09 00:00:00,0.01,0.0,0.0
2016-08-09 01:00:00,0.01,0.0,0.0
2016-08-09 02:00:00,0.0,0.0,0.0
2016-08-09 03:00:00,0.0,0.0,0.0
2016-08-09 04:00:00,0.0,0.0,0.0
2016-08-09 05:00:00,0.0,37.95238,0.8713888888888889
2016-08-09 06:00:00,0.0,220.98456,1.0
2016-08-09 07:00:00,0.0,447.53137,1.0
2016-08-09 08:00:00,0.0,660.8585,1.0
2016-08-09 09:00:00,0.05,838.48944,1.0
2016-08-09 10:00:00,0.07,953.77924,1.0
2016-08-09 11:00:00,0.14,973.5487,1.0
2016-08-09 12:00:00,0.29,989.1512,1.0
2016-08-09 13:00:00,0.41,860.1809,1.0
2016-08-09 14:00:00,0.57,710.81226,1.0
2016-08-09 15:00:00,0.91,465.6035,1.0
2016-08-09 16:00:00,0.93,295.52563,1.0
2016-08-09 17:00:00,0.97,122.11317,1.0
2016-08-09 18:00:00,0.98,34.30246,1.0
2016-08-09 19:00:00,0.8,0.0,0.06888888888888889
2016-08-09 20:00:00,0.42,0.0,0.0
2016-08-09 21:00:00,0.16,0.0,0.0
2016-08-09 22:00:00,0.01,0.0,0.0
2016-08-09 23:00:00,0.08,0.0,0.0
2016-08-10 00:00:00,0.11,0.0,0.0
2016-08-10 01:00:00,0.0,0.0,0.0
2016-08-10 02:00:00,0.0,0.0,0.0
2016-08-10 03:00:00,0.2,0.0,0.0
2016-08-10 04:00:00,0.08,0.0,0.0
2016-08-10 05:00:00,0.11,35.30749,0.8558333333333333
2016-08-10 06:00:00,0.08,210.31839,1.0
2016-08-10 07:00:00,0.22,435.23044,1.0
2016-08-10 08:00:00,0.27,643.27905,1.0
2016-08-10 09:00:00,0.22,811.4412,1.0
2016-08-10 10:00:00,0.47,860.13367,1.0
2016-08-10 11:00:00,0.3,948.83093,1.0
2016-08-10 12:00:00,0.46,861.9862,1.0
2016-08-10 13:00:00,0.4,834.005,1.0
2016-08-10 14:00:00,0.21,753.72736,1.0
2016-08-10 15:00:00,0.64,573.93475,1.0
2016-08-10 16:00:00,0.96,380.87128,1.0
2016-08-10 17:00:00,0.95,164.25117,1.0
2016-08-10 18:00:00,0.62,26.16844,1.0
2016-08-10 19:00:00,0.14,0.0,0.04777777777777778
2016-08-10 20:00:00,0.27,0.0,0.0
2016-08-10 21:00:00,0.13,0.0,0.0
2016-08-10 22:00:00,0.28,0.0,0.0
2016-08-10 23:00:00,0.14,0.0,0.0
2016-08-11 00:00:00,0.4,0.0,0.0
2016-08-11 01:00:00,0.11,0.0,0.0
2016-08-11 02:00:00,0.04,0.0,0.0
2016-08-11 03:00:00,0.48,0.0,0.0
2016-08-11 04:00:00,0.74,0.0,0.0
2016-08-11 05:00:00,0.79,33.543446,0.84
2016-08-11 06:00:00,0.54,210.23154,1.0
2016-08-11 07:00:00,0.44,439.36215,1.0
2016-08-11 08:00:00,0.07,655.11505,1.0
2016-08-11 09:00:00,0.38,826.30115,1.0
2016-08-11 10:00:00,0.79,930.0748,1.0
2016-08-11 11:00:00,0.95,905.2611,1.0
2016-08-11 12:00:00,0.96,936.104,1.0
2016-08-11 13:00:00,0.66,832.63837,1.0
2016-08-11 14:00:00,0.47,695.2102,1.0
2016-08-11 15:00:00,0.57,551.18317,1.0
2016-08-11 16:00:00,0.63,311.81708,1.0
2016-08-11 17:00:00,0.46,170.6541,1.0
2016-08-11 18:00:00,0.49,28.426262,1.0
2016-08-11 19:00:00,0.5,0.0,0.02638888888888889
2016-08-11 20:00:00,0.32,0.0,0.0
2016-08-11 21:00:00,0.24,0.0,0.0
2016-08-11 22:00:00,0.29,0.0,0.0
2016-08-11 23:00:00,0.35,0.0,0.0
2016-08-12 00:00:00,0.8,0.0,0.0
2016-08-12 01:00:00,0.95,0.0,0.0
2016-08-12 02:00:00,0.65,0.0,0.0
2016-08-12 03:00:00,0.0,0.0,0.0
2016-08-12 04:00:00,0.11,0.0,0.0
2016-08-12 05:00:00,0.02,32.756214,0.8241666666666667
2016-08-12 06:00:00,0.01,201.51936,1.0
2016-08-12 07:00:00,0.0,422.08817,1.0
2016-08-12 08:00:00,0.0,623.3159,1.0
2016-08-12 09:00:00,0.0,785.25867,1.0
2016-08-12 10:00:00,0.12,879.99786,1.0
2016-08-12 11:00:00,0.32,966.24994,1.0
2016-08-12 12:00:00,0.34,917.7304,1.0
2016-08-12 13:00:00,0.46,895.9306,1.0
2016-08-12 14:00:00,0.56,598.23425,1.0
2016-08-12 15:00:00,0.72,396.93253,1.0
2016-08-12 16:00:00,0.56,365.1181,1.0
2016-08-12 17:00:00,0.16,154.85788,1.0
2016-08-12 18:00:00,0.14,26.673641,1.0
2016-08-12 19:00:00,0.06,0.0,0.004722222222222222
2016-08-12 20:00:00,0.02,0.0,0.0
2016-08-12 21:00:00,0.37,0.0,0.0
2016-08-12 22:00:00,0.77,0.0,0.0
2016-08-12 23:00:00,0.52,0.0,0.0
2016-08-13 00:00:00,0.13,0.0,0.0
2016-08-13 01:00:00,0.01,0.0,0.0
2016-08-13 02:00:00,0.0,0.0,0.0
2016-08-13 03:00:00,0.0,0.0,0.0
2016-08-13 04:00:00,0.04,0.0,0.0
2016-08-13 05:00:00,0.01,31.991539,0.8083333333333333
2016-08-13 06:00:00,0.0,213.03885,1.0
2016-08-13 07:00:00,0.0,444.5051,1.0
2016-08-13 08:00:00,0.0,662.5298,1.0
2016-08-13 09:00:00,0.11,839.8846,1.0
2016-08-13 10:00:00,0.22,944.10645,1.0
2016-08-13 11:00:00,0.47,961.0949,1.0
2016-08-13 12:00:00,0.52,951.25037,1.0
2016-08-13 13:00:00,0.42,878.07666,1.0
2016-08-13 14:00:00,0.28,732.12195,1.0
2016-08-13 15:00:00,0.77,532.26154,1.0
2016-08-13 16:00:00,0.83,376.51093,1.0
2016-08-13 17:00:00,0.01,189.683,1.0
2016-08-13 18:00:00,0.31,25.667286,0.9825
2016-08-13 19:00:00,0.2,0.0,0.0
2016-08-13 20:00:00,0.27,0.0,0.0
2016-08-13 21:00:00,0.05,0.0,0.0
2016-08-13 22:00:00,0.08,0.0,0.0
2016-08-13 23:00:00,0.02,0.0,0.0
2016-08-14 00:00:00,0.01,0.0,0.0
2016-08-14 01:00:00,0.0,0.0,0.0
2016-08-14 02:00:00,0.0,0.0,0.0
2016-08-14 03:00:00,0.01,0.0,0.0
2016-08-14 04:00:00,0.0,0.0,0.0
2016-08-14 05:00:00,0.0,31.23661,0.7925
2016-08-14 06:00:00,0.0,213.84087,1.0
2016-08-14 07:00:00,0.0,445.52985,1.0
2016-08-14 08:00:00,0.0,664.63495,1.0
2016-08-14 09:00:00,0.0,843.28723,1.0
2016-08-14 10:00:00,0.0,975.1627,1.0
2016-08-14 11:00:00,0.01,1035.8547,1.0
2016-08-14 12:00:00,0.31,989.47345,1.0
2016-08-14 13:00:00,0.27,944.25726,1.0
2016-08-14 14:00:00,0.38,801.2998,1.0
2016-08-14 15:00:00,0.39,602.39325,1.0
2016-08-14 16:00:00,0.72,387.39697,1.0
2016-08-14 17:00:00,0.75,175.73863,1.0
2016-08-14 18:00:00,0.14,24.022432,0.9602777777777778
2016-08-14 19:00:00,0.2,0.0,0.0
2016-08-14 20:00:00,0.05,0.0,0.0
2016-08-14 21:00:00,0.02,0.0,0.0
2016-08-14 22:00:00,0.0,0.0,0.0
2016-08-14 23:00:00,0.0,0.0,0.0
2016-08-15 00:00:00,0.0,0.0,0.0
2016-08-15 01:00:00,0.12,0.0,0.0
2016-08-15 02:00:00,0.09,0.0,0.0
2016-08-15 03:00:00,0.2,0.0,0.0
2016-08-15 04:00:00,0.25,0.0,0.0
2016-08-15 05:00:00,0.26,30.42424,0.7766666666666666
2016-08-15 06:00:00,0.43,211.31523,1.0
2016-08-15 07:00:00,0.48,442.07785,1.0
2016-08-15 08:00:00,0.34,659.0765,1.0
2016-08-15 09:00:00,0.27,796.75104,1.0
2016-08-15 10:00:00,0.57,864.5446,1.0
2016-08-15 11:00:00,0.68,935.93115,1.0
2016-08-15 12:00:00,0.8,916.0929,1.0
2016-08-15 13:00:00,0.94,869.6737,1.0
2016-08-15 14:00:00,0.92,716.95435,1.0
2016-08-15 15:00:00,0.94,527.56665,1.0
2016-08-15 16:00:00,0.84,312.27206,1.0
2016-08-15 17:00:00,0.85,116.05426,1.0
2016-08-15 18:00:00,0.95,18.873573,0.9377777777777778
2016-08-15 19:00:00,0.91,0.0,0.0
2016-08-15 20:00:00,0.65,0.0,0.0
2016-08-15 21:00:00,0.5,0.0,0.0
2016-08-15 22:00:00,0.38,0.0,0.0
2016-08-15 23:00:00,0.59,0.0,0.0
2016-08-16 00:00:00,0.69,0.0,0.0
2016-08-16 01:00:00,0.73,0.0,0.0
2016-08-16 02:00:00,0.65,0.0,0.0
2016-08-16 03:00:00,0.82,0.0,0.0
2016-08-16 04:00:00,0.69,0.0,0.0
2016-08-16 05:00:00,0.65,28.623095,0.7608333333333334
2016-08-16 06:00:00,0.02,203.31631,1.0
2016-08-16 07:00:00,0.0,423.4329,1.0
2016-08-16 08:00:00,0.14,645.60095,1.0
2016-08-16 09:00:00,0.01,815.7482,1.0
2016-08-16 10:00:00,0.1,941.29565,1.0
2016-08-16 11:00:00,0.58,837.4206,1.0
2016-08-16 12:00:00,0.88,744.4654,1.0
2016-08-16 13:00:00,0.99,637.46674,1.0
2016-08-16 14:00:00,1.0,440.69186,1.0
2016-08-16 15:00:00,0.99,386.68192,1.0
2016-08-16 16:00:00,1.0,280.3753,1.0
2016-08-16 17:00:00,1.0,145.70949,1.0
2016-08-16 18:00:00,1.0,26.739548,0.915
2016-08-16 19:00:00,1.0,0.0,0.0
2016-08-16 20:00:00,1.0,0.0,0.0
2016-08-16 21:00:00,1.0,0.0,0.0
2016-08-16 22:00:00,1.0,0.0,0.0
2016-08-16 23:00:00,1.0,0.0,0.0
2016-08-17 00:00:00,1.0,0.0,0.0
2016-08-17 01:00:00,1.0,0.0,0.0
2016-08-17 02:00:00,1.0,0.0,0.0
2016-08-17 03:00:00,1.0,0.0,0.0
2016-08-17 04:00:00,0.97,0.0,0.0
2016-08-17 05:00:00,0.92,24.45575,0.745
2016-08-17 06:00:00,0.85,189.60735,1.0
2016-08-17 07:00:00,0.79,422.12704,1.0
2016-08-17 08:00:00,0.77,641.2223,1.0
2016-08-17 09:00:00,0.01,820.4794,1.0
2016-08-17 10:00:00,0.1,933.1423,1.0
2016-08-17 11:00:00,0.31,959.18567,1.0
2016-08-17 12:00:00,0.4,928.4712,1.0
2016-08-17 13:00:00,0.63,786.37915,1.0
2016-08-17 14:00:00,0.73,624.37256,1.0
2016-08-17 15:00:00,0.86,525.92584,1.0
2016-08-17 16:00:00,0.9,290.51315,1.0
2016-08-17 17:00:00,0.93,143.00414,1.0
2016-08-17 18:00:00,0.93,23.85986,0.8922222222222222
2016-08-17 19:00:00,0.95,0.0,0.0
2016-08-17 20:00:00,0.91,0.0,0.0
2016-08-17 21:00:00,0.95,0.0,0.0
2016-08-17 22:00:00,0.97,0.0,0.0
2016-08-17 23:00:00,0.98,0.0,0.0
2016-08-18 00:00:00,0.94,0.0,0.0
2016-08-18 01:00:00,0.61,0.0,0.0
2016-08-18 02:00:00,0.26,0.0,0.0
2016-08-18 03:00:00,0.08,0.0,0.0
2016-08-18 04:00:00,0.17,0.0,0.0
2016-08-18 05:00:00,0.23,25.961145,0.7294444444444445
2016-08-18 06:00:00,0.13,201.71783,1.0
2016-08-18 07:00:00,0.0,427.16248,1.0
2016-08-18 08:00:00,0.04,632.7627,1.0
2016-08-18 09:00:00,0.19,756.05786,1.0
2016-08-18 10:00:00,0.38,858.5243,1.0
2016-08-18 11:00:00,0.64,735.2168,1.0
2016-08-18 12:00:00,0.69,644.20447,1.0
2016-08-18 13:00:00,0.97,413.2582,1.0
2016-08-18 14:00:00,0.78,414.24896,1.0
2016-08-18 15:00:00,0.98,337.28967,1.0
2016-08-18 16:00:00,0.97,143.05228,1.0
2016-08-18 17:00:00,0.99,92.98683,1.0
2016-08-18 18:00:00,0.95,14.606252,0.8691666666666666
2016-08-18 19:00:00,0.97,0.0,0.0
2016-08-18 20:00:00,0.96,0.0,0.0
2016-08-18 21:00:00,0.93,0.0,0.0
2016-08-18 22:00:00,0.96,0.0,0.0
2016-08-18 23:00:00,0.96,0.0,0.0
2016-08-19 00:00:00,1.0,0.0,0.0
2016-08-19 01:00:00,1.0,0.0,0.0
2016-08-19 02:00:00,1.0,0.0,0.0
2016-08-19 03:00:00,0.95,0.0,0.0
2016-08-19 04:00:00,0.8,0.0,0.0
2016-08-19 05:00:00,0.97,13.187452,0.7136111111111111
2016-08-19 06:00:00,0.85,108.49532,1.0
2016-08-19 07:00:00,0.64,241.43391,1.0
2016-08-19 08:00:00,0.29,534.00055,1.0
2016-08-19 09:00:00,0.07,732.2659,1.0
2016-08-19 10:00:00,0.28,833.6706,1.0
2016-08-19 11:00:00,0.23,929.9865,1.0
2016-08-19 12:00:00,0.11,966.9596,1.0
2016-08-19 13:00:00,0.17,877.1703,1.0
2016-08-19 14:00:00,0.69,575.42316,1.0
2016-08-19 15:00:00,0.85,374.15057,1.0
2016-08-19 16:00:00,0.91,194.16989,1.0
2016-08-19 17:00:00,0.95,106.53751,1.0
2016-08-19 18:00:00,0.99,14.0683365,0.8458333333333333
2016-08-19 19:00:00,0.96,0.0,0.0
2016-08-19 20:00:00,1.0,0.0,0.0
2016-08-19 21:00:00,0.98,0.0,0.0
2016-08-19 22:00:00,1.0,0.0,0.0
2016-08-19 23:00:00,0.95,0.0,0.0
2016-08-20 00:00:00,0.99,0.0,0.0
2016-08-20 01:00:00,0.76,0.0,0.0
2016-08-20 02:00:00,0.49,0.0,0.0
2016-08-20 03:00:00,0.53,0.0,0.0
2016-08-20 04:00:00,0.1,0.0,0.0
2016-08-20 05:00:00,0.16,22.01657,0.6980555555555555
2016-08-20 06:00:00,0.07,186.71785,1.0
2016-08-20 07:00:00,0.02,411.0854,1.0
2016-08-20 08:00:00,0.0,643.02374,1.0
2016-08-20 09:00:00,0.0,823.4869,1.0
2016-08-20 10:00:00,0.28,919.0558,1.0
2016-08-20 11:00:00,0.38,909.7731,1.0
2016-08-20 12:00:00,0.27,985.94696,1.0
2016-08-20 13:00:00,0.14,898.4162,1.0
2016-08-20 14:00:00,0.61,646.937,1.0
2016-08-20 15:00:00,0.38,513.39594,1.0
2016-08-20 16:00:00,0.58,344.37946,1.0
2016-08-20 17:00:00,0.37,142.56737,1.0
2016-08-20 18:00:00,0.14,17.157728,0.8225
2016-08-20 19:00:00,0.05,0.0,0.0
2016-08-20 20:00:00,0.08,0.0,0.0
2016-08-20 21:00:00,0.23,0.0,0.0
2016-08-20 22:00:00,0.28,0.0,0.0
2016-08-20 23:00:00,0.19,0.0,0.0
2016-08-21 00:00:00,0.05,0.0,0.0
2016-08-21 01:00:00,0.05,0.0,0.0
2016-08-21 02:00:00,0.04,0.0,0.0
2016-08-21 03:00:00,0.19,0.0,0.0
2016-08-21 04:00:00,0.14,0.0,0.0
2016-08-21 05:00:00,0.04,22.190443,0.6822222222222222
2016-08-21 06:00:00,0.03,195.28271,1.0
2016-08-21 07:00:00,0.0,426.87576,1.0
2016-08-21 08:00:00,0.0,647.8868,1.0
2016-08-21 09:00:00,0.0,830.52826,1.0
2016-08-21 10:00:00,0.0,959.7637,1.0
2016-08-21 11:00:00,0.02,1020.09265,1.0
2016-08-21 12:00:00,0.06,1003.32935,1.0
2016-08-21 13:00:00,0.17,878.9469,1.0
2016-08-21 14:00:00,0.67,738.83246,1.0
2016-08-21 15:00:00,0.76,464.1117,1.0
2016-08-21 16:00:00,0.46,301.85342,1.0
2016-08-21 17:00:00,0.37,147.14146,1.0
2016-08-21 18:00:00,0.67,16.080048,0.7988888888888889
2016-08-21 19:00:00,0.89,0.0,0.0
2016-08-21 20:00:00,0.93,0.0,0.0
2016-08-21 21:00:00,0.96,0.0,0.0
2016-08-21 22:00:00,0.97,0.0,0.0
2016-08-21 23:00:00,0.95,0.0,0.0
2016-08-22 00:00:00,0.96,0.0,0.0
2016-08-22 01:00:00,0.41,0.0,0.0
2016-08-22 02:00:00,0.24,0.0,0.0
2016-08-22 03:00:00,0.85,0.0,0.0
2016-08-22 04:00:00,0.58,0.0,0.0
2016-08-22 05:00:00,0.73,20.383625,0.6666666666666666
2016-08-22 06:00:00,0.8,178.39754,1.0
2016-08-22 07:00:00,0.92,350.69278,1.0
2016-08-22 08:00:00,0.88,535.7711,1.0
2016-08-22 09:00:00,0.86,677.36475,1.0
2016-08-22 10:00:00,0.92,782.9715,1.0
2016-08-22 11:00:00,0.92,772.4851,1.0
2016-08-22 12:00:00,0.89,706.64343,1.0
2016-08-22 13:00:00,0.9,731.58997,1.0
2016-08-22 14:00:00,0.92,504.80505,1.0
2016-08-22 15:00:00,0.92,406.72137,1.0
2016-08-22 16:00:00,0.95,337.9992,1.0
2016-08-22 17:00:00,0.99,140.48637,1.0
2016-08-22 18:00:00,1.0,16.377533,0.7752777777777777
2016-08-22 19:00:00,0.99,0.0,0.0
2016-08-22 20:00:00,1.0,0.0,0.0
2016-08-22 21:00:00,0.99,0.0,0.0
2016-08-22 22:00:00,0.97,0.0,0.0
2016-08-22 23:00:00,0.51,0.0,0.0
2016-08-23 00:00:00,0.65,0.0,0.0
2016-08-23 01:00:00,0.65,0.0,0.0
2016-08-23 02:00:00,0.74,0.0,0.0
2016-08-23 03:00:00,0.16,0.0,0.0
2016-08-23 04:00:00,0.34,0.0,0.0
2016-08-23 05:00:00,0.15,20.42004,0.6511111111111111
2016-08-23 06:00:00,0.1,186.60164,1.0
2016-08-23 07:00:00,0.12,418.08124,1.0
2016-08-23 08:00:00,0.12,636.49744,1.0
2016-08-23 09:00:00,0.13,773.3729,1.0
2016-08-23 10:00:00,0.32,805.6012,1.0
2016-08-23 11:00:00,0.6,650.11926,1.0
2016-08-23 12:00:00,0.8,693.4451,1.0
2016-08-23 13:00:00,0.94,581.1888,1.0
2016-08-23 14:00:00,0.91,384.49365,1.0
2016-08-23 15:00:00,0.96,286.44058,1.0
2016-08-23 16:00:00,1.0,119.81487,1.0
2016-08-23 17:00:00,0.99,24.848078,1.0
2016-08-23 18:00:00,1.0,4.9696155,0.7511111111111111
2016-08-23 19:00:00,1.0,0.0,0.0
2016-08-23 20:00:00,1.0,0.0,0.0
2016-08-23 21:00:00,1.0,0.0,0.0
2016-08-23 22:00:00,1.0,0.0,0.0
2016-08-23 23:00:00,0.99,0.0,0.0
2016-08-24 00:00:00,1.0,0.0,0.0
2016-08-24 01:00:00,1.0,0.0,0.0
2016-08-24 02:00:00,1.0,0.0,0.0
2016-08-24 03:00:00,1.0,0.0,0.0
2016-08-24 04:00:00,1.0,0.0,0.0
2016-08-24 05:00:00,0.97,6.9574614,0.6355555555555555
2016-08-24 06:00:00,0.86,76.11915,1.0
2016-08-24 07:00:00,0.64,126.090706,1.0
2016-08-24 08:00:00,0.9,210.82071,1.0
2016-08-24 09:00:00,0.81,254.27158,1.0
2016-08-24 10:00:00,0.99,229.58302,1.0
2016-08-24 11:00:00,0.97,406.38895,1.0
2016-08-24 12:00:00,0.99,165.98515,1.0
2016-08-24 13:00:00,1.0,318.61716,1.0
2016-08-24 14:00:00,0.99,252.82542,1.0
2016-08-24 15:00:00,0.93,193.06367,1.0
2016-08-24 16:00:00,0.97,246.10405,1.0
2016-08-24 17:00:00,0.9,112.17446,1.0
2016-08-24 18:00:00,0.87,13.139183,0.7266666666666667
2016-08-24 19:00:00,0.73,0.0,0.0
2016-08-24 20:00:00,0.72,0.0,0.0
2016-08-24 21:00:00,0.76,0.0,0.0
2016-08-24 22:00:00,0.7,0.0,0.0
2016-08-24 23:00:00,0.48,0.0,0.0
2016-08-25 00:00:00,0.35,0.0,0.0
2016-08-25 01:00:00,0.03,0.0,0.0
2016-08-25 02:00:00,0.06,0.0,0.0
2016-08-25 03:00:00,0.1,0.0,0.0
2016-08-25 04:00:00,0.35,0.0,0.0
2016-08-25 05:00:00,0.4,17.619303,0.62
2016-08-25 06:00:00,0.51,181.53383,1.0
2016-08-25 07:00:00,0.78,409.61777,1.0
2016-08-25 08:00:00,0.65,625.20416,1.0
2016-08-25 09:00:00,0.68,760.91254,1.0
2016-08-25 10:00:00,0.89,879.7886,1.0
2016-08-25 11:00:00,0.79,727.1401,1.0
2016-08-25 12:00:00,0.92,830.5625,1.0
2016-08-25 13:00:00,0.92,686.4896,1.0
2016-08-25 14:00:00,0.97,333.54163,1.0
2016-08-25 15:00:00,0.9,220.97267,1.0
2016-08-25 16:00:00,0.63,167.9563,1.0
2016-08-25 17:00:00,0.71,87.605934,1.0
2016-08-25 18:00:00,0.99,11.219205,0.7016666666666667
2016-08-25 19:00:00,0.99,0.0,0.0
2016-08-25 20:00:00,0.99,0.0,0.0
2016-08-25 21:00:00,0.98,0.0,0.0
2016-08-25 22:00:00,0.97,0.0,0.0
2016-08-25 23:00:00,0.94,0.0,0.0
2016-08-26 00:00:00,0.99,0.0,0.0
2016-08-26 01:00:00,0.98,0.0,0.0
2016-08-26 02:00:00,0.99,0.0,0.0
2016-08-26 03:00:00,0.52,0.0,0.0
2016-08-26 04:00:00,0.61,0.0,0.0
2016-08-26 05:00:00,0.72,14.185273,0.6044444444444445
2016-08-26 06:00:00,0.93,135.79654,1.0
2016-08-26 07:00:00,0.99,298.94144,1.0
2016-08-26 08:00:00,0.92,493.69235,1.0
2016-08-26 09:00:00,0.62,691.89966,1.0
2016-08-26 10:00:00,0.34,798.65204,1.0
2016-08-26 11:00:00,0.27,989.1324,1.0
2016-08-26 12:00:00,0.31,955.9388,1.0
2016-08-26 13:00:00,0.47,845.9522,1.0
2016-08-26 14:00:00,0.53,687.4155,1.0
2016-08-26 15:00:00,0.27,536.30444,1.0
2016-08-26 16:00:00,0.4,340.1869,1.0
2016-08-26 17:00:00,0.11,100.52833,1.0
2016-08-26 18:00:00,0.08,11.576844,0.6766666666666666
2016-08-26 19:00:00,0.07,0.0,0.0
2016-08-26 20:00:00,0.12,0.0,0.0
2016-08-26 21:00:00,0.04,0.0,0.0
2016-08-26 22:00:00,0.01,0.0,0.0
2016-08-26 23:00:00,0.0,0.0,0.0
2016-08-27 00:00:00,0.0,0.0,0.0
2016-08-27 01:00:00,0.0,0.0,0.0
2016-08-27 02:00:00,0.0,0.0,0.0
2016-08-27 03:00:00,0.16,0.0,0.0
2016-08-27 04:00:00,0.56,0.0,0.0
2016-08-27 05:00:00,0.3,15.536819,0.5888888888888889
2016-08-27 06:00:00,0.25,161.04343,1.0
2016-08-27 07:00:00,0.67,401.65964,1.0
2016-08-27 08:00:00,0.7,607.27515,1.0
2016-08-27 09:00:00,0.24,793.947,1.0
2016-08-27 10:00:00,0.84,891.4613,1.0
2016-08-27 11:00:00,0.7,904.0491,1.0
2016-08-27 12:00:00,0.63,920.7628,1.0
2016-08-27 13:00:00,0.47,867.9811,1.0
2016-08-27 14:00:00,0.52,689.2069,1.0
2016-08-27 15:00:00,0.84,530.72394,1.0
2016-08-27 16:00:00,0.87,303.2579,1.0
2016-08-27 17:00:00,0.96,118.79207,1.0
2016-08-27 18:00:00,0.92,12.055738,0.6511111111111111
2016-08-27 19:00:00,1.0,0.0,0.0
2016-08-27 20:00:00,1.0,0.0,0.0
2016-08-27 21:00:00,0.96,0.0,0.0
2016-08-27 22:00:00,0.95,0.0,0.0
2016-08-27 23:00:00,0.96,0.0,0.0
2016-08-28 00:00:00,0.94,0.0,0.0
2016-08-28 01:00:00,0.95,0.0,0.0
2016-08-28 02:00:00,0.97,0.0,0.0
2016-08-28 03:00:00,0.94,0.0,0.0
2016-08-28 04:00:00,0.92,0.0,0.0
2016-08-28 05:00:00,0.84,9.452771,0.5733333333333334
2016-08-28 06:00:00,0.77,114.29052,1.0
2016-08-28 07:00:00,0.44,344.66504,1.0
2016-08-28 08:00:00,0.53,560.89075,1.0
2016-08-28 09:00:00,0.49,720.2349,1.0
2016-08-28 10:00:00,0.05,803.8109,1.0
2016-08-28 11:00:00,0.06,890.6518,1.0
2016-08-28 12:00:00,0.16,879.2489,1.0
2016-08-28 13:00:00,0.32,688.4039,1.0
2016-08-28 14:00:00,0.84,516.4052,1.0
2016-08-28 15:00:00,0.63,338.35657,1.0
2016-08-28 16:00:00,0.58,224.39532,1.0
2016-08-28 17:00:00,0.7,81.42649,1.0
2016-08-28 18:00:00,0.72,10.12656,0.6255555555555555
2016-08-28 19:00:00,0.79,0.0,0.0
2016-08-28 20:00:00,0.82,0.0,0.0
2016-08-28 21:00:00,0.79,0.0,0.0
2016-08-28 22:00:00,0.64,0.0,0.0
2016-08-28 23:00:00,0.41,0.0,0.0
2016-08-29 00:00:00,0.21,0.0,0.0
2016-08-29 01:00:00,0.13,0.0,0.0
2016-08-29 02:00:00,0.23,0.0,0.0
2016-08-29 03:00:00,0.52,0.0,0.0
2016-08-29 04:00:00,0.71,0.0,0.0
2016-08-29 05:00:00,0.7,13.588235,0.5577777777777778
2016-08-29 06:00:00,0.63,170.63303,1.0
2016-08-29 07:00:00,0.81,384.98114,1.0
2016-08-29 08:00:00,0.97,547.6157,1.0
2016-08-29 09:00:00,0.92,747.8092,1.0
2016-08-29 10:00:00,0.58,861.4242,1.0
2016-08-29 11:00:00,0.48,888.1359,1.0
2016-08-29 12:00:00,0.6,750.7563,1.0
2016-08-29 13:00:00,0.88,512.28357,1.0
2016-08-29 14:00:00,0.92,509.8671,1.0
2016-08-29 15:00:00,0.93,390.45956,1.0
2016-08-29 16:00:00,0.98,260.48013,1.0
2016-08-29 17:00:00,1.0,104.05244,1.0
2016-08-29 18:00:00,1.0,7.1244693,0.5994444444444444
2016-08-29 19:00:00,0.93,0.0,0.0
2016-08-29 20:00:00,0.93,0.0,0.0
2016-08-29 21:00:00,0.87,0.0,0.0
2016-08-29 22:00:00,0.85,0.0,0.0
2016-08-29 23:00:00,0.67,0.0,0.0
2016-08-30 00:00:00,0.44,0.0,0.0
2016-08-30 01:00:00,0.51,0.0,0.0
2016-08-30 02:00:00,0.46,0.0,0.0
2016-08-30 03:00:00,0.27,0.0,0.0
2016-08-30 04:00:00,0.22,0.0,0.0
2016-08-30 05:00:00,0.1,12.43897,0.5422222222222223
2016-08-30 06:00:00,0.0,160.47113,1.0
2016-08-30 07:00:00,0.0,370.75836,1.0
2016-08-30 08:00:00,0.0,595.24634,1.0
2016-08-30 09:00:00,0.0,789.7428,1.0
2016-08-30 10:00:00,0.05,905.77954,1.0
2016-08-30 11:00:00,0.05,857.40924,1.0
2016-08-30 12:00:00,0.15,788.8966,1.0
2016-08-30 13:00:00,0.52,584.58936,1.0
2016-08-30 14:00:00,0.67,531.21045,1.0
2016-08-30 15:00:00,0.93,448.88135,1.0
2016-08-30 16:00:00,0.9,259.09393,1.0
2016-08-30 17:00:00,0.86,102.65458,1.0
2016-08-30 18:00:00,0.72,6.9790773,0.5733333333333334
2016-08-30 19:00:00,0.43,0.0,0.0
2016-08-30 20:00:00,0.47,0.0,0.0
2016-08-30 21:00:00,0.42,0.0,0.0
2016-08-30 22:00:00,0.03,0.0,0.0
2016-08-30 23:00:00,0.0,0.0,0.0
2016-08-31 00:00:00,0.01,0.0,0.0
2016-08-31 01:00:00,0.0,0.0,0.0
2016-08-31 02:00:00,0.0,0.0,0.0
2016-08-31 03:00:00,0.04,0.0,0.0
2016-08-31 04:00:00,0.18,0.0,0.0
2016-08-31 05:00:00,0.18,12.566598,0.5266666666666666
2016-08-31 06:00:00,0.16,158.688,1.0
2016-08-31 07:00:00,0.04,371.77512,1.0
2016-08-31 08:00:00,0.0,589.4153,1.0
2016-08-31 09:00:00,0.0,772.7711,1.0
2016-08-31 10:00:00,0.01,815.26025,1.0
2016-08-31 11:00:00,0.17,982.9017,1.0
2016-08-31 12:00:00,0.28,943.10187,1.0
2016-08-31 13:00:00,0.48,825.666,1.0
2016-08-31 14:00:00,0.38,685.0084,1.0
2016-08-31 15:00:00,0.59,496.0645,1.0
2016-08-31 16:00:00,0.44,306.60526,1.0
2016-08-31 17:00:00,0.69,108.68278,1.0
2016-08-31 18:00:00,0.55,5.972654,0.5472222222222223
2016-08-31 19:00:00,0.34,0.0,0.0
2016-08-31 20:00:00,0.22,0.0,0.0
2016-08-31 21:00:00,0.19,0.0,0.0
2016-08-31 22:00:00,0.15,0.0,0.0
2016-08-31 23:00:00,0.05,0.0,0.0
2016-09-01 00:00:00,0.01,0.0,0.0
2016-09-01 01:00:00,0.01,0.0,0.0
2016-09-01 02:00:00,0.0,0.0,0.0
2016-09-01 03:00:00,0.08,0.0,0.0
2016-09-01 04:00:00,0.07,0.0,0.0
2016-09-01 05:00:00,0.07,11.706829,0.5111111111111111
2016-09-01 06:00:00,0.01,168.34978,1.0
2016-09-01 07:00:00,0.01,398.02667,1.0
2016-09-01 08:00:00,0.06,617.95355,1.0
2016-09-01 09:00:00,0.2,805.313,1.0
2016-09-01 10:00:00,0.22,935.7561,1.0
2016-09-01 11:00:00,0.25,837.59546,1.0
2016-09-01 12:00:00,0.6,939.0239,1.0
2016-09-01 13:00:00,0.51,784.3209,1.0
2016-09-01 14:00:00,0.29,663.65735,1.0
2016-09-01 15:00:00,0.67,456.60745,1.0
2016-09-01 16:00:00,0.62,286.9898,1.0
2016-09-01 17:00:00,0.57,99.99419,1.0
2016-09-01 18:00:00,0.57,5.969615,0.5205555555555555
2016-09-01 19:00:00,0.76,0.0,0.0
2016-09-01 20:00:00,0.76,0.0,0.0
2016-09-01 21:00:00,0.87,0.0,0.0
2016-09-01 22:00:00,0.93,0.0,0.0
2016-09-01 23:00:00,0.93,0.0,0.0
2016-09-02 00:00:00,0.69,0.0,0.0
2016-09-02 01:00:00,0.83,0.0,0.0
2016-09-02 02:00:00,0.58,0.0,0.0
2016-09-02 03:00:00,0.44,0.0,0.0
2016-09-02 04:00:00,0.7,0.0,0.0
2016-09-02 05:00:00,0.99,10.090554,0.4955555555555556
2016-09-02 06:00:00,0.99,135.73473,1.0
2016-09-02 07:00:00,1.0,285.4894,1.0
2016-09-02 08:00:00,1.0,413.68848,1.0
2016-09-02 09:00:00,0.96,392.26175,1.0
2016-09-02 10:00:00,0.91,393.769,1.0
2016-09-02 11:00:00,0.56,777.30597,1.0
2016-09-02 12:00:00,0.27,841.22986,1.0
2016-09-02 13:00:00,0.33,786.5658,1.0
2016-09-02 14:00:00,0.34,694.63104,1.0
2016-09-02 15:00:00,0.53,429.7793,1.0
2016-09-02 16:00:00,0.52,274.54007,1.0
2016-09-02 17:00:00,0.37,106.7171,1.0
2016-09-02 18:00:00,0.14,4.9756923,0.49416666666666664
2016-09-02 19:00:00,0.0,0.0,0.0
2016-09-02 20:00:00,0.01,0.0,0.0
2016-09-02 21:00:00,0.04,0.0,0.0
2016-09-02 22:00:00,0.01,0.0,0.0
2016-09-02 23:00:00,0.02,0.0,0.0
2016-09-03 00:00:00,0.07,0.0,0.0
2016-09-03 01:00:00,0.19,0.0,0.0
2016-09-03 02:00:00,0.15,0.0,0.0
2016-09-03 03:00:00,0.08,0.0,0.0
2016-09-03 04:00:00,0.14,0.0,0.0
2016-09-03 05:00:00,0.19,10.591075,0.48
2016-09-03 06:00:00,0.3,163.0009,1.0
2016-09-03 07:00:00,0.42,392.398,1.0
2016-09-03 08:00:00,0.33,601.58673,1.0
2016-09-03 09:00:00,0.15,791.2133,1.0
2016-09-03 10:00:00,0.11,887.2915,1.0
2016-09-03 11:00:00,0.12,928.8245,1.0
2016-09-03 12:00:00,0.46,907.041,1.0
2016-09-03 13:00:00,0.76,764.53534,1.0
2016-09-03 14:00:00,0.73,516.6331,1.0
2016-09-03 15:00:00,0.69,388.7578,1.0
2016-09-03 16:00:00,0.56,247.05461,1.0
2016-09-03 17:00:00,0.83,78.53595,1.0
2016-09-03 18:00:00,0.84,3.978731,0.4675
2016-09-03 19:00:00,0.39,0.0,0.0
2016-09-03 20:00:00,0.22,0.0,0.0
2016-09-03 21:00:00,0.23,0.0,0.0
2016-09-03 22:00:00,0.17,0.0,0.0
2016-09-03 23:00:00,0.06,0.0,0.0
2016-09-04 00:00:00,0.03,0.0,0.0
2016-09-04 01:00:00,0.03,0.0,0.0
2016-09-04 02:00:00,0.38,0.0,0.0
2016-09-04 03:00:00,0.01,0.0,0.0
2016-09-04 04:00:00,0.02,0.0,0.0
2016-09-04 05:00:00,0.0,8.285633,0.46444444444444444
2016-09-04 06:00:00,0.04,146.38286,1.0
2016-09-04 07:00:00,0.26,368.1162,1.0
2016-09-04 08:00:00,0.64,590.21735,1.0
2016-09-04 09:00:00,0.36,698.10944,1.0
2016-09-04 10:00:00,0.19,795.6328,1.0
2016-09-04 11:00:00,0.24,903.48926,1.0
2016-09-04 12:00:00,0.37,852.77637,1.0
2016-09-04 13:00:00,0.51,646.24176,1.0
2016-09-04 14:00:00,0.55,586.35724,1.0
2016-09-04 15:00:00,0.75,476.25302,1.0
2016-09-04 16:00:00,0.38,262.1239,1.0
2016-09-04 17:00:00,0.15,107.23717,1.0
2016-09-04 18:00:00,0.12,3.9802501,0.44055555555555553
2016-09-04 19:00:00,0.0,0.0,0.0
2016-09-04 20:00:00,0.0,0.0,0.0
2016-09-04 21:00:00,0.0,0.0,0.0
2016-09-04 22:00:00,0.0,0.0,0.0
2016-09-04 23:00:00,0.0,0.0,0.0
2016-09-05 00:00:00,0.0,0.0,0.0
2016-09-05 01:00:00,0.0,0.0,0.0
2016-09-05 02:00:00,0.0,0.0,0.0
2016-09-05 03:00:00,0.0,0.0,0.0
2016-09-05 04:00:00,0.0,0.0,0.0
2016-09-05 05:00:00,0.0,9.854141,0.4488888888888889
2016-09-05 06:00:00,0.0,165.47649,1.0
2016-09-05 07:00:00,0.0,394.6043,1.0
2016-09-05 08:00:00,0.0,625.335,1.0
2016-09-05 09:00:00,0.0,812.5472,1.0
2016-09-05 10:00:00,0.0,937.3534,1.0
2016-09-05 11:00:00,0.0,987.92267,1.0
2016-09-05 12:00:00,0.17,960.6965,1.0
2016-09-05 13:00:00,0.34,822.7779,1.0
2016-09-05 14:00:00,0.41,669.7297,1.0
2016-09-05 15:00:00,0.53,473.5846,1.0
2016-09-05 16:00:00,0.44,301.9016,1.0
2016-09-05 17:00:00,0.23,101.9254,1.0
2016-09-05 18:00:00,0.01,2.986327,0.41388888888888886
2016-09-05 19:00:00,0.0,0.0,0.0
2016-09-05 20:00:00,0.0,0.0,0.0
2016-09-05 21:00:00,0.0,0.0,0.0
2016-09-05 22:00:00,0.0,0.0,0.0
2016-09-05 23:00:00,0.0,0.0,0.0
2016-09-06 00:00:00,0.01,0.0,0.0
2016-09-06 01:00:00,0.15,0.0,0.0
2016-09-06 02:00:00,0.64,0.0,0.0
2016-09-06 03:00:00,0.89,0.0,0.0
2016-09-06 04:00:00,0.62,0.0,0.0
2016-09-06 05:00:00,0.62,3.4922376,0.43333333333333335
2016-09-06 06:00:00,0.64,72.51833,1.0
2016-09-06 07:00:00,0.66,154.57281,1.0
2016-09-06 08:00:00,0.68,247.82455,1.0
2016-09-06 09:00:00,0.64,370.85953,1.0
2016-09-06 10:00:00,0.78,648.22424,1.0
2016-09-06 11:00:00,0.73,746.7883,1.0
2016-09-06 12:00:00,0.57,817.51917,1.0
2016-09-06 13:00:00,0.34,754.48846,1.0
2016-09-06 14:00:00,0.33,636.6389,1.0
2016-09-06 15:00:00,0.24,498.51688,1.0
2016-09-06 16:00:00,0.5,272.81,1.0
2016-09-06 17:00:00,0.18,95.69384,1.0
2016-09-06 18:00:00,0.49,2.9848075,0.38722222222222225
2016-09-06 19:00:00,0.89,0.0,0.0
2016-09-06 20:00:00,0.98,0.0,0.0
2016-09-06 21:00:00,0.98,0.0,0.0
2016-09-06 22:00:00,0.98,0.0,0.0
2016-09-06 23:00:00,1.0,0.0,0.0
2016-09-07 00:00:00,1.0,0.0,0.0
2016-09-07 01:00:00,1.0,0.0,0.0
2016-09-07 02:00:00,0.99,0.0,0.0
2016-09-07 03:00:00,1.0,0.0,0.0
2016-09-07 04:00:00,1.0,0.0,0.0
2016-09-07 05:00:00,0.97,3.9756923,0.4177777777777778
2016-09-07 06:00:00,0.94,107.19254,1.0
2016-09-07 07:00:00,0.89,276.0096,1.0
2016-09-07 08:00:00,0.36,503.11932,1.0
2016-09-07 09:00:00,0.41,635.04004,1.0
2016-09-07 10:00:00,0.66,747.22406,1.0
2016-09-07 11:00:00,0.92,814.10175,1.0
2016-09-07 12:00:00,0.98,801.33093,1.0
2016-09-07 13:00:00,0.96,761.75024,1.0
2016-09-07 14:00:00,0.95,670.11194,1.0
2016-09-07 15:00:00,0.92,468.02243,1.0
2016-09-07 16:00:00,0.94,285.74823,1.0
2016-09-07 17:00:00,0.86,93.35971,1.0
2016-09-07 18:00:00,0.74,2.9832883,0.36027777777777775
2016-09-07 19:00:00,0.97,0.0,0.0
2016-09-07 20:00:00,0.97,0.0,0.0
2016-09-07 21:00:00,1.0,0.0,0.0
2016-09-07 22:00:00,0.9,0.0,0.0
2016-09-07 23:00:00,0.02,0.0,0.0
2016-09-08 00:00:00,0.0,0.0,0.0
2016-09-08 01:00:00,0.04,0.0,0.0
2016-09-08 02:00:00,0.07,0.0,0.0
2016-09-08 03:00:00,0.02,0.0,0.0
2016-09-08 04:00:00,0.0,0.0,0.0
2016-09-08 05:00:00,0.0,7.135575,0.4022222222222222
2016-09-08 06:00:00,0.0,157.93161,1.0
2016-09-08 07:00:00,0.0,393.17123,1.0
2016-09-08 08:00:00,0.0,617.1308,1.0
2016-09-08 09:00:00,0.0,799.5947,1.0
2016-09-08 10:00:00,0.0,925.66003,1.0
2016-09-08 11:00:00,0.0,990.7645,1.0
2016-09-08 12:00:00,0.0,967.3068,1.0
2016-09-08 13:00:00,0.0,885.35474,1.0
2016-09-08 14:00:00,0.0,734.5691,1.0
2016-09-08 15:00:00,0.0,538.1985,1.0
2016-09-08 16:00:00,0.0,312.407,1.0
2016-09-08 17:00:00,0.0,93.65153,1.0
2016-09-08 18:00:00,0.0,2.9832883,0.33361111111111114
2016-09-08 19:00:00,0.0,0.0,0.0
2016-09-08 20:00:00,0.0,0.0,0.0
2016-09-08 21:00:00,0.0,0.0,0.0
2016-09-08 22:00:00,0.0,0.0,0.0
2016-09-08 23:00:00,0.0,0.0,0.0
2016-09-09 00:00:00,0.0,0.0,0.0
2016-09-09 01:00:00,0.0,0.0,0.0
2016-09-09 02:00:00,0.0,0.0,0.0
2016-09-09 03:00:00,0.0,0.0,0.0
2016-09-09 04:00:00,0.0,0.0,0.0
2016-09-09 05:00:00,0.0,6.223894,0.38666666666666666
2016-09-09 06:00:00,0.0,155.20168,1.0
2016-09-09 07:00:00,0.0,389.6975,1.0
2016-09-09 08:00:00,0.2,611.5345,1.0
2016-09-09 09:00:00,0.33,792.84033,1.0
2016-09-09 10:00:00,0.22,914.6356,1.0
2016-09-09 11:00:00,0.07,960.1596,1.0
2016-09-09 12:00:00,0.25,896.0047,1.0
2016-09-09 13:00:00,0.54,769.75824,1.0
2016-09-09 14:00:00,0.43,618.38025,1.0
2016-09-09 15:00:00,0.45,424.53436,1.0
2016-09-09 16:00:00,0.25,259.09717,1.0
2016-09-09 17:00:00,0.31,83.83309,1.0
2016-09-09 18:00:00,0.3,0.99544233,0.30694444444444446
2016-09-09 19:00:00,0.22,0.0,0.0
2016-09-09 20:00:00,0.14,0.0,0.0
2016-09-09 21:00:00,0.12,0.0,0.0
2016-09-09 22:00:00,0.06,0.0,0.0
2016-09-09 23:00:00,0.01,0.0,0.0
2016-09-10 00:00:00,0.0,0.0,0.0
2016-09-10 01:00:00,0.0,0.0,0.0
2016-09-10 02:00:00,0.0,0.0,0.0
2016-09-10 03:00:00,0.01,0.0,0.0
2016-09-10 04:00:00,0.0,0.0,0.0
2016-09-10 05:00:00,0.0,6.311087,0.3713888888888889
2016-09-10 06:00:00,0.0,153.73514,1.0
2016-09-10 07:00:00,0.0,389.58905,1.0
2016-09-10 08:00:00,0.0,613.87415,1.0
2016-09-10 09:00:00,0.0,796.47736,1.0
2016-09-10 10:00:00,0.0,922.5897,1.0
2016-09-10 11:00:00,0.0,982.1435,1.0
2016-09-10 12:00:00,0.0,964.9823,1.0
2016-09-10 13:00:00,0.0,877.8259,1.0
2016-09-10 14:00:00,0.0,726.9791,1.0
2016-09-10 15:00:00,0.0,529.5848,1.0
2016-09-10 16:00:00,0.0,301.78104,1.0
2016-09-10 17:00:00,0.0,85.12806,1.0
2016-09-10 18:00:00,0.0,0.99544233,0.2802777777777778
2016-09-10 19:00:00,0.0,0.0,0.0
2016-09-10 20:00:00,0.0,0.0,0.0
2016-09-10 21:00:00,0.0,0.0,0.0
2016-09-10 22:00:00,0.0,0.0,0.0
2016-09-10 23:00:00,0.0,0.0,0.0
2016-09-11 00:00:00,0.0,0.0,0.0
2016-09-11 01:00:00,0.0,0.0,0.0
2016-09-11 02:00:00,0.0,0.0,0.0
2016-09-11 03:00:00,0.0,0.0,0.0
2016-09-11 04:00:00,0.0,0.0,0.0
2016-09-11 05:00:00,0.0,5.4097295,0.35583333333333333
2016-09-11 06:00:00,0.0,153.5683,1.0
2016-09-11 07:00:00,0.1,360.9118,1.0
2016-09-11 08:00:00,0.42,605.7422,1.0
2016-09-11 09:00:00,0.72,740.81146,1.0
2016-09-11 10:00:00,0.65,842.38745,1.0
2016-09-11 11:00:00,0.31,971.08435,1.0
2016-09-11 12:00:00,0.03,952.7211,1.0
2016-09-11 13:00:00,0.1,788.5266,1.0
2016-09-11 14:00:00,0.77,600.0338,1.0
2016-09-11 15:00:00,0.82,428.72607,1.0
2016-09-11 16:00:00,0.8,250.91957,1.0
2016-09-11 17:00:00,0.8,71.301674,1.0
2016-09-11 18:00:00,0.49,0.0,0.2536111111111111
2016-09-11 19:00:00,0.23,0.0,0.0
2016-09-11 20:00:00,0.24,0.0,0.0
2016-09-11 21:00:00,0.46,0.0,0.0
2016-09-11 22:00:00,0.76,0.0,0.0
2016-09-11 23:00:00,0.14,0.0,0.0
2016-09-12 00:00:00,0.0,0.0,0.0
2016-09-12 01:00:00,0.0,0.0,0.0
2016-09-12 02:00:00,0.0,0.0,0.0
2016-09-12 03:00:00,0.01,0.0,0.0
2016-09-12 04:00:00,0.01,0.0,0.0
2016-09-12 05:00:00,0.05,3.7482963,0.3402777777777778
2016-09-12 06:00:00,0.03,115.93145,1.0
2016-09-12 07:00:00,0.0,370.30838,1.0
2016-09-12 08:00:00,0.0,576.86334,1.0
2016-09-12 09:00:00,0.05,680.3118,1.0
2016-09-12 10:00:00,0.1,835.28345,1.0
2016-09-12 11:00:00,0.33,900.7891,1.0
2016-09-12 12:00:00,0.8,751.4962,1.0
2016-09-12 13:00:00,0.7,657.3467,1.0
2016-09-12 14:00:00,0.94,469.7262,1.0
2016-09-12 15:00:00,0.91,297.22583,1.0
2016-09-12 16:00:00,0.91,205.19012,1.0
2016-09-12 17:00:00,0.95,63.045944,1.0
2016-09-12 18:00:00,0.59,0.0,0.22694444444444445
2016-09-12 19:00:00,0.81,0.0,0.0
2016-09-12 20:00:00,1.0,0.0,0.0
2016-09-12 21:00:00,1.0,0.0,0.0
2016-09-12 22:00:00,0.82,0.0,0.0
2016-09-12 23:00:00,1.0,0.0,0.0
2016-09-13 00:00:00,1.0,0.0,0.0
2016-09-13 01:00:00,1.0,0.0,0.0
2016-09-13 02:00:00,1.0,0.0,0.0
2016-09-13 03:00:00,1.0,0.0,0.0
2016-09-13 04:00:00,1.0,0.0,0.0
2016-09-13 05:00:00,1.0,0.99392307,0.32472222222222225
2016-09-13 06:00:00,0.97,34.826416,1.0
2016-09-13 07:00:00,0.96,137.26562,1.0
2016-09-13 08:00:00,0.85,242.83665,1.0
2016-09-13 09:00:00,0.84,423.66742,1.0
2016-09-13 10:00:00,0.57,790.9861,1.0
2016-09-13 11:00:00,0.67,825.01843,1.0
2016-09-13 12:00:00,0.75,685.6323,1.0
2016-09-13 13:00:00,0.55,520.5816,1.0
2016-09-13 14:00:00,0.68,320.00067,1.0
2016-09-13 15:00:00,0.82,328.13434,1.0
2016-09-13 16:00:00,0.85,184.18694,1.0
2016-09-13 17:00:00,0.8,54.599,1.0
2016-09-13 18:00:00,0.68,0.0,0.19972222222222222
2016-09-13 19:00:00,0.69,0.0,0.0
2016-09-13 20:00:00,0.73,0.0,0.0
2016-09-13 21:00:00,0.62,0.0,0.0
2016-09-13 22:00:00,0.41,0.0,0.0
2016-09-13 23:00:00,0.3,0.0,0.0
2016-09-14 00:00:00,0.19,0.0,0.0
2016-09-14 01:00:00,0.29,0.0,0.0
2016-09-14 02:00:00,0.74,0.0,0.0
2016-09-14 03:00:00,0.99,0.0,0.0
2016-09-14 04:00:00,0.93,0.0,0.0
2016-09-14 05:00:00,0.64,1.9878461,0.30944444444444447
2016-09-14 06:00:00,0.56,88.7275,1.0
2016-09-14 07:00:00,0.31,300.30804,1.0
2016-09-14 08:00:00,0.14,554.1494,1.0
2016-09-14 09:00:00,0.08,746.58295,1.0
2016-09-14 10:00:00,0.31,863.28485,1.0
2016-09-14 11:00:00,0.21,884.0794,1.0
2016-09-14 12:00:00,0.2,823.74817,1.0
2016-09-14 13:00:00,0.41,802.6041,1.0
2016-09-14 14:00:00,0.71,631.7501,1.0
2016-09-14 15:00:00,0.85,405.78354,1.0
2016-09-14 16:00:00,0.76,222.7684,1.0
2016-09-14 17:00:00,0.61,41.347874,1.0
2016-09-14 18:00:00,0.62,0.0,0.1725
2016-09-14 19:00:00,0.31,0.0,0.0
2016-09-14 20:00:00,0.09,0.0,0.0
2016-09-14 21:00:00,0.1,0.0,0.0
2016-09-14 22:00:00,0.0,0.0,0.0
2016-09-14 23:00:00,0.0,0.0,0.0
2016-09-15 00:00:00,0.02,0.0,0.0
2016-09-15 01:00:00,0.05,0.0,0.0
2016-09-15 02:00:00,0.0,0.0,0.0
2016-09-15 03:00:00,0.07,0.0,0.0
2016-09-15 04:00:00,0.0,0.0,0.0
2016-09-15 05:00:00,0.0,2.925857,0.29388888888888887
2016-09-15 06:00:00,0.0,137.5759,1.0
2016-09-15 07:00:00,0.0,357.43036,1.0
2016-09-15 08:00:00,0.03,569.68414,1.0
2016-09-15 09:00:00,0.35,743.1365,1.0
2016-09-15 10:00:00,0.26,853.67566,1.0
2016-09-15 11:00:00,0.21,915.26984,1.0
2016-09-15 12:00:00,0.34,789.7743,1.0
2016-09-15 13:00:00,0.57,621.32153,1.0
2016-09-15 14:00:00,0.54,606.5141,1.0
2016-09-15 15:00:00,0.52,409.28107,1.0
2016-09-15 16:00:00,0.47,224.74321,1.0
2016-09-15 17:00:00,0.36,63.2455,1.0
2016-09-15 18:00:00,0.46,0.0,0.145
2016-09-15 19:00:00,0.25,0.0,0.0
2016-09-15 20:00:00,0.01,0.0,0.0
2016-09-15 21:00:00,0.29,0.0,0.0
2016-09-15 22:00:00,0.29,0.0,0.0
2016-09-15 23:00:00,0.42,0.0,0.0
2016-09-16 00:00:00,0.41,0.0,0.0
2016-09-16 01:00:00,0.25,0.0,0.0
2016-09-16 02:00:00,0.24,0.0,0.0
2016-09-16 03:00:00,0.33,0.0,0.0
2016-09-16 04:00:00,0.45,0.0,0.0
2016-09-16 05:00:00,0.16,2.9927735,0.2783333333333333
2016-09-16 06:00:00,0.01,132.50204,1.0
2016-09-16 07:00:00,0.0,368.96353,1.0
2016-09-16 08:00:00,0.0,586.8985,1.0
2016-09-16 09:00:00,0.01,766.81445,1.0
2016-09-16 10:00:00,0.2,822.2912,1.0
2016-09-16 11:00:00,0.58,781.0262,1.0
2016-09-16 12:00:00,0.39,791.95966,1.0
2016-09-16 13:00:00,0.42,737.809,1.0
2016-09-16 14:00:00,0.48,634.48285,1.0
2016-09-16 15:00:00,0.73,436.89822,1.0
2016-09-16 16:00:00,0.71,165.68489,1.0
2016-09-16 17:00:00,0.26,61.164608,1.0
2016-09-16 18:00:00,0.21,0.0,0.1175
2016-09-16 19:00:00,0.27,0.0,0.0
2016-09-16 20:00:00,0.51,0.0,0.0
2016-09-16 21:00:00,0.57,0.0,0.0
2016-09-16 22:00:00,0.5,0.0,0.0
2016-09-16 23:00:00,0.19,0.0,0.0
2016-09-17 00:00:00,0.01,0.0,0.0
2016-09-17 01:00:00,0.0,0.0,0.0
2016-09-17 02:00:00,0.0,0.0,0.0
2016-09-17 03:00:00,0.04,0.0,0.0
2016-09-17 04:00:00,0.21,0.0,0.0
2016-09-17 05:00:00,0.19,0.0,0.2627777777777778
2016-09-17 06:00:00,0.07,132.37262,1.0
2016-09-17 07:00:00,0.0,362.73364,1.0
2016-09-17 08:00:00,0.0,586.32605,1.0
2016-09-17 09:00:00,0.04,735.4009,1.0
2016-09-17 10:00:00,0.25,840.53595,1.0
2016-09-17 11:00:00,0.3,885.77795,1.0
2016-09-17 12:00:00,0.54,871.9703,1.0
2016-09-17 13:00:00,0.6,805.35406,1.0
2016-09-17 14:00:00,0.63,596.2986,1.0
2016-09-17 15:00:00,0.6,454.05804,1.0
2016-09-17 16:00:00,0.06,266.271,1.0
2016-09-17 17:00:00,0.0,60.830177,1.0
2016-09-17 18:00:00,0.0,0.0,0.08972222222222222
2016-09-17 19:00:00,0.0,0.0,0.0
2016-09-17 20:00:00,0.0,0.0,0.0
2016-09-17 21:00:00,0.0,0.0,0.0
2016-09-17 22:00:00,0.0,0.0,0.0
2016-09-17 23:00:00,0.0,0.0,0.0
2016-09-18 00:00:00,0.0,0.0,0.0
2016-09-18 01:00:00,0.0,0.0,0.0
2016-09-18 02:00:00,0.0,0.0,0.0
2016-09-18 03:00:00,0.0,0.0,0.0
2016-09-18 04:00:00,0.0,0.0,0.0
2016-09-18 05:00:00,0.0,0.0,0.24722222222222223
2016-09-18 06:00:00,0.0,130.97224,1.0
2016-09-18 07:00:00,0.0,359.91962,1.0
2016-09-18 08:00:00,0.0,581.83997,1.0
2016-09-18 09:00:00,0.0,759.5892,1.0
2016-09-18 10:00:00,0.0,880.68256,1.0
2016-09-18 11:00:00,0.0,934.9395,1.0
2016-09-18 12:00:00,0.0,915.64874,1.0
2016-09-18 13:00:00,0.02,827.63873,1.0
2016-09-18 14:00:00,0.12,674.4422,1.0
2016-09-18 15:00:00,0.0,477.29703,1.0
2016-09-18 16:00:00,0.0,256.03522,1.0
2016-09-18 17:00:00,0.0,56.451862,1.0
2016-09-18 18:00:00,0.0,0.0,0.06222222222222222
2016-09-18 19:00:00,0.0,0.0,0.0
2016-09-18 20:00:00,0.0,0.0,0.0
2016-09-18 21:00:00,0.0,0.0,0.0
2016-09-18 22:00:00,0.0,0.0,0.0
2016-09-18 23:00:00,0.0,0.0,0.0
2016-09-19 00:00:00,0.0,0.0,0.0
2016-09-19 01:00:00,0.0,0.0,0.0
2016-09-19 02:00:00,0.0,0.0,0.0
2016-09-19 03:00:00,0.0,0.0,0.0
2016-09-19 04:00:00,0.0,0.0,0.0
2016-09-19 05:00:00,0.0,0.0,0.2313888888888889
2016-09-19 06:00:00,0.0,127.72537,1.0
2016-09-19 07:00:00,0.0,359.5465,1.0
2016-09-19 08:00:00,0.0,581.10254,1.0
2016-09-19 09:00:00,0.0,761.04,1.0
2016-09-19 10:00:00,0.0,884.3971,1.0
2016-09-19 11:00:00,0.11,936.3221,1.0
2016-09-19 12:00:00,0.23,899.14014,1.0
2016-09-19 13:00:00,0.43,794.58124,1.0
2016-09-19 14:00:00,0.46,619.5807,1.0
2016-09-19 15:00:00,0.21,408.96185,1.0
2016-09-19 16:00:00,0.12,213.90909,1.0
2016-09-19 17:00:00,0.22,51.49129,1.0
2016-09-19 18:00:00,0.27,0.0,0.034166666666666665
2016-09-19 19:00:00,0.53,0.0,0.0
2016-09-19 20:00:00,0.99,0.0,0.0
2016-09-19 21:00:00,1.0,0.0,0.0
2016-09-19 22:00:00,1.0,0.0,0.0
2016-09-19 23:00:00,1.0,0.0,0.0
2016-09-20 00:00:00,0.99,0.0,0.0
2016-09-20 01:00:00,0.98,0.0,0.0
2016-09-20 02:00:00,0.97,0.0,0.0
2016-09-20 03:00:00,1.0,0.0,0.0
2016-09-20 04:00:00,1.0,0.0,0.0
2016-09-20 05:00:00,1.0,0.0,0.21583333333333332
2016-09-20 06:00:00,1.0,53.44165,1.0
2016-09-20 07:00:00,0.99,165.30621,1.0
2016-09-20 08:00:00,1.0,323.9269,1.0
2016-09-20 09:00:00,0.99,467.6478,1.0
2016-09-20 10:00:00,1.0,528.3304,1.0
2016-09-20 11:00:00,1.0,474.45703,1.0
2016-09-20 12:00:00,1.0,533.20276,1.0
2016-09-20 13:00:00,1.0,568.90155,1.0
2016-09-20 14:00:00,1.0,449.8726,1.0
2016-09-20 15:00:00,1.0,280.52545,1.0
2016-09-20 16:00:00,1.0,145.17935,1.0
2016-09-20 17:00:00,1.0,39.203938,1.0
2016-09-20 18:00:00,1.0,0.0,0.006388888888888889
2016-09-20 19:00:00,1.0,0.0,0.0
2016-09-20 20:00:00,1.0,0.0,0.0
2016-09-20 21:00:00,1.0,0.0,0.0
2016-09-20 22:00:00,1.0,0.0,0.0
2016-09-20 23:00:00,0.76,0.0,0.0
2016-09-21 00:00:00,0.91,0.0,0.0
2016-09-21 01:00:00,1.0,0.0,0.0
2016-09-21 02:00:00,1.0,0.0,0.0
2016-09-21 03:00:00,1.0,0.0,0.0
2016-09-21 04:00:00,0.97,0.0,0.0
2016-09-21 05:00:00,0.85,0.0,0.20027777777777778
2016-09-21 06:00:00,0.51,64.91412,1.0
2016-09-21 07:00:00,0.59,238.17432,1.0
2016-09-21 08:00:00,0.79,481.9649,1.0
2016-09-21 09:00:00,0.89,580.9835,1.0
2016-09-21 10:00:00,1.0,540.5842,1.0
2016-09-21 11:00:00,0.99,512.4561,1.0
2016-09-21 12:00:00,0.96,604.882,1.0
2016-09-21 13:00:00,0.96,591.5986,1.0
2016-09-21 14:00:00,0.73,594.3189,1.0
2016-09-21 15:00:00,0.84,435.10062,1.0
2016-09-21 16:00:00,0.77,217.89604,1.0
2016-09-21 17:00:00,0.75,35.044178,0.9786111111111111
2016-09-21 18:00:00,0.46,0.0,0.0
2016-09-21 19:00:00,0.26,0.0,0.0
2016-09-21 20:00:00,0.2,0.0,0.0
2016-09-21 21:00:00,0.15,0.0,0.0
2016-09-21 22:00:00,0.04,0.0,0.0
2016-09-21 23:00:00,0.06,0.0,0.0
2016-09-22 00:00:00,0.09,0.0,0.0
2016-09-22 01:00:00,0.1,0.0,0.0
2016-09-22 02:00:00,0.05,0.0,0.0
2016-09-22 03:00:00,0.57,0.0,0.0
2016-09-22 04:00:00,0.27,0.0,0.0
2016-09-22 05:00:00,0.15,0.0,0.18444444444444444
2016-09-22 06:00:00,0.34,103.39204,1.0
2016-09-22 07:00:00,0.6,313.05374,1.0
2016-09-22 08:00:00,0.84,520.9861,1.0
2016-09-22 09:00:00,0.94,676.24664,1.0
2016-09-22 10:00:00,0.84,796.7267,1.0
2016-09-22 11:00:00,0.86,686.9969,1.0
2016-09-22 12:00:00,0.44,787.6418,1.0
2016-09-22 13:00:00,0.26,552.13385,1.0
2016-09-22 14:00:00,0.31,486.19962,1.0
2016-09-22 15:00:00,0.6,363.66165,1.0
2016-09-22 16:00:00,0.45,155.25055,1.0
2016-09-22 17:00:00,0.59,35.233078,0.9508333333333333
2016-09-22 18:00:00,0.54,0.0,0.0
2016-09-22 19:00:00,0.69,0.0,0.0
2016-09-22 20:00:00,0.62,0.0,0.0
2016-09-22 21:00:00,0.66,0.0,0.0
2016-09-22 22:00:00,0.4,0.0,0.0
2016-09-22 23:00:00,0.19,0.0,0.0
2016-09-23 00:00:00,0.1,0.0,0.0
2016-09-23 01:00:00,0.1,0.0,0.0
2016-09-23 02:00:00,0.02,0.0,0.0
2016-09-23 03:00:00,0.03,0.0,0.0
2016-09-23 04:00:00,0.11,0.0,0.0
2016-09-23 05:00:00,0.07,0.0,0.1686111111111111
2016-09-23 06:00:00,0.16,106.71086,1.0
2016-09-23 07:00:00,0.06,342.88828,1.0
2016-09-23 08:00:00,0.09,552.137,1.0
2016-09-23 09:00:00,0.24,754.6757,1.0
2016-09-23 10:00:00,0.07,876.4833,1.0
2016-09-23 11:00:00,0.09,876.7773,1.0
2016-09-23 12:00:00,0.18,765.6828,1.0
2016-09-23 13:00:00,0.23,679.20844,1.0
2016-09-23 14:00:00,0.41,498.26407,1.0
2016-09-23 15:00:00,0.32,268.02988,1.0
2016-09-23 16:00:00,0.57,191.37381,1.0
2016-09-23 17:00:00,0.47,32.49798,0.9230555555555555
2016-09-23 18:00:00,0.39,0.0,0.0
2016-09-23 19:00:00,0.42,0.0,0.0
2016-09-23 20:00:00,0.85,0.0,0.0
2016-09-23 21:00:00,0.81,0.0,0.0
2016-09-23 22:00:00,0.11,0.0,0.0
2016-09-23 23:00:00,0.28,0.0,0.0
2016-09-24 00:00:00,0.0,0.0,0.0
2016-09-24 01:00:00,0.0,0.0,0.0
2016-09-24 02:00:00,0.02,0.0,0.0
2016-09-24 03:00:00,0.57,0.0,0.0
2016-09-24 04:00:00,0.25,0.0,0.0
2016-09-24 05:00:00,0.06,0.0,0.15305555555555556
2016-09-24 06:00:00,0.0,98.5774,1.0
2016-09-24 07:00:00,0.01,349.11426,1.0
2016-09-24 08:00:00,0.03,566.6644,1.0
2016-09-24 09:00:00,0.41,714.2925,1.0
2016-09-24 10:00:00,0.75,730.76044,1.0
2016-09-24 11:00:00,0.78,585.1294,1.0
2016-09-24 12:00:00,0.46,725.14496,1.0
2016-09-24 13:00:00,0.73,571.3374,1.0
2016-09-24 14:00:00,0.78,489.2943,1.0
2016-09-24 15:00:00,0.66,392.45233,1.0
2016-09-24 16:00:00,0.35,203.68695,1.0
2016-09-24 17:00:00,0.19,37.015545,0.8955555555555555
2016-09-24 18:00:00,0.48,0.0,0.0
2016-09-24 19:00:00,0.55,0.0,0.0
2016-09-24 20:00:00,0.36,0.0,0.0
2016-09-24 21:00:00,0.25,0.0,0.0
2016-09-24 22:00:00,0.19,0.0,0.0
2016-09-24 23:00:00,0.26,0.0,0.0
2016-09-25 00:00:00,0.18,0.0,0.0
2016-09-25 01:00:00,0.03,0.0,0.0
2016-09-25 02:00:00,0.01,0.0,0.0
2016-09-25 03:00:00,0.33,0.0,0.0
2016-09-25 04:00:00,0.35,0.0,0.0
2016-09-25 05:00:00,0.46,0.0,0.13722222222222222
2016-09-25 06:00:00,0.37,101.38811,1.0
2016-09-25 07:00:00,0.12,302.69794,1.0
2016-09-25 08:00:00,0.03,551.7835,1.0
2016-09-25 09:00:00,0.0,723.47424,1.0
2016-09-25 10:00:00,0.79,832.9713,1.0
2016-09-25 11:00:00,0.54,740.3864,1.0
2016-09-25 12:00:00,0.0,881.69977,1.0
2016-09-25 13:00:00,0.0,804.3492,1.0
2016-09-25 14:00:00,0.0,650.0093,1.0
2016-09-25 15:00:00,0.01,446.87463,1.0
2016-09-25 16:00:00,0.0,222.17609,1.0
2016-09-25 17:00:00,0.0,36.31988,0.8680555555555556
2016-09-25 18:00:00,0.0,0.0,0.0
2016-09-25 19:00:00,0.0,0.0,0.0
2016-09-25 20:00:00,0.0,0.0,0.0
2016-09-25 21:00:00,0.0,0.0,0.0
2016-09-25 22:00:00,0.0,0.0,0.0
2016-09-25 23:00:00,0.0,0.0,0.0
2016-09-26 00:00:00,0.0,0.0,0.0
2016-09-26 01:00:00,0.0,0.0,0.0
2016-09-26 02:00:00,0.0,0.0,0.0
2016-09-26 03:00:00,0.0,0.0,0.0
2016-09-26 04:00:00,0.0,0.0,0.0
2016-09-26 05:00:00,0.0,0.0,0.12111111111111111
2016-09-26 06:00:00,0.0,107.87452,1.0
2016-09-26 07:00:00,0.0,338.5672,1.0
2016-09-26 08:00:00,0.0,559.2791,1.0
2016-09-26 09:00:00,0.0,737.68665,1.0
2016-09-26 10:00:00,0.0,857.84265,1.0
2016-09-26 11:00:00,0.0,907.5267,1.0
2016-09-26 12:00:00,0.0,886.12415,1.0
2016-09-26 13:00:00,0.0,793.5557,1.0
2016-09-26 14:00:00,0.0,639.28235,1.0
2016-09-26 15:00:00,0.0,432.63965,1.0
2016-09-26 16:00:00,0.01,214.78328,1.0
2016-09-26 17:00:00,0.0,33.243393,0.8405555555555555
2016-09-26 18:00:00,0.0,0.0,0.0
2016-09-26 19:00:00,0.0,0.0,0.0
2016-09-26 20:00:00,0.0,0.0,0.0
2016-09-26 21:00:00,0.0,0.0,0.0
2016-09-26 22:00:00,0.0,0.0,0.0
2016-09-26 23:00:00,0.0,0.0,0.0
2016-09-27 00:00:00,0.03,0.0,0.0
2016-09-27 01:00:00,0.08,0.0,0.0
2016-09-27 02:00:00,0.11,0.0,0.0
2016-09-27 03:00:00,0.15,0.0,0.0
2016-09-27 04:00:00,0.35,0.0,0.0
2016-09-27 05:00:00,0.03,0.0,0.10527777777777778
2016-09-27 06:00:00,0.0,107.2731,1.0
2016-09-27 07:00:00,0.0,338.75552,1.0
2016-09-27 08:00:00,0.0,560.79724,1.0
2016-09-27 09:00:00,0.0,740.19794,1.0
2016-09-27 10:00:00,0.0,860.4938,1.0
2016-09-27 11:00:00,0.0,911.40137,1.0
2016-09-27 12:00:00,0.0,889.7534,1.0
2016-09-27 13:00:00,0.0,797.05707,1.0
2016-09-27 14:00:00,0.0,643.8828,1.0
2016-09-27 15:00:00,0.01,437.07837,1.0
2016-09-27 16:00:00,0.0,205.46796,1.0
2016-09-27 17:00:00,0.0,30.88558,0.8136111111111111
2016-09-27 18:00:00,0.0,0.0,0.0
2016-09-27 19:00:00,0.0,0.0,0.0
2016-09-27 20:00:00,0.0,0.0,0.0
2016-09-27 21:00:00,0.0,0.0,0.0
2016-09-27 22:00:00,0.0,0.0,0.0
2016-09-27 23:00:00,0.0,0.0,0.0
2016-09-28 00:00:00,0.0,0.0,0.0
2016-09-28 01:00:00,0.0,0.0,0.0
2016-09-28 02:00:00,0.0,0.0,0.0
2016-09-28 03:00:00,0.0,0.0,0.0
2016-09-28 04:00:00,0.0,0.0,0.0
2016-09-28 05:00:00,0.0,0.0,0.08916666666666667
2016-09-28 06:00:00,0.0,102.542,1.0
2016-09-28 07:00:00,0.0,329.89368,1.0
2016-09-28 08:00:00,0.0,550.1303,1.0
2016-09-28 09:00:00,0.0,727.5095,1.0
2016-09-28 10:00:00,0.0,845.7261,1.0
2016-09-28 11:00:00,0.0,901.5619,1.0
2016-09-28 12:00:00,0.04,854.3898,1.0
2016-09-28 13:00:00,0.08,742.30914,1.0
2016-09-28 14:00:00,0.1,572.8237,1.0
2016-09-28 15:00:00,0.17,366.4031,1.0
2016-09-28 16:00:00,0.26,193.09764,1.0
2016-09-28 17:00:00,0.1,27.533592,0.7866666666666666
2016-09-28 18:00:00,0.04,0.0,0.0
2016-09-28 19:00:00,0.05,0.0,0.0
2016-09-28 20:00:00,0.01,0.0,0.0
2016-09-28 21:00:00,0.0,0.0,0.0
2016-09-28 22:00:00,0.03,0.0,0.0
2016-09-28 23:00:00,0.12,0.0,0.0
2016-09-29 00:00:00,0.36,0.0,0.0
2016-09-29 01:00:00,0.41,0.0,0.0
2016-09-29 02:00:00,0.49,0.0,0.0
2016-09-29 03:00:00,0.0,0.0,0.0
2016-09-29 04:00:00,0.01,0.0,0.0
2016-09-29 05:00:00,0.01,0.0,0.07333333333333333
2016-09-29 06:00:00,0.0,98.72127,1.0
2016-09-29 07:00:00,0.0,322.56345,1.0
2016-09-29 08:00:00,0.0,546.2187,1.0
2016-09-29 09:00:00,0.02,721.2902,1.0
2016-09-29 10:00:00,0.0,843.4084,1.0
2016-09-29 11:00:00,0.1,825.55365,1.0
2016-09-29 12:00:00,0.5,794.3285,1.0
2016-09-29 13:00:00,0.88,617.59705,1.0
2016-09-29 14:00:00,0.7,479.06442,1.0
2016-09-29 15:00:00,0.49,294.34225,1.0
2016-09-29 16:00:00,0.29,131.06367,1.0
2016-09-29 17:00:00,0.05,18.89373,0.76
2016-09-29 18:00:00,0.24,0.0,0.0
2016-09-29 19:00:00,0.39,0.0,0.0
2016-09-29 20:00:00,0.0,0.0,0.0
2016-09-29 21:00:00,0.11,0.0,0.0
2016-09-29 22:00:00,0.29,0.0,0.0
2016-09-29 23:00:00,0.86,0.0,0.0
2016-09-30 00:00:00,0.88,0.0,0.0
2016-09-30 01:00:00,0.88,0.0,0.0
2016-09-30 02:00:00,0.94,0.0,0.0
2016-09-30 03:00:00,0.66,0.0,0.0
2016-09-30 04:00:00,0.35,0.0,0.0
2016-09-30 05:00:00,0.53,0.0,0.05694444444444444
2016-09-30 06:00:00,0.41,27.268234,1.0
2016-09-30 07:00:00,0.24,212.26454,1.0
2016-09-30 08:00:00,0.33,388.0013,1.0
2016-09-30 09:00:00,0.44,496.61407,1.0
2016-09-30 10:00:00,0.43,602.07733,1.0
2016-09-30 11:00:00,0.65,661.75037,1.0
2016-09-30 12:00:00,0.75,337.22684,1.0
2016-09-30 13:00:00,0.85,349.75314,1.0
2016-09-30 14:00:00,0.8,273.71967,1.0
2016-09-30 15:00:00,0.79,290.0349,1.0
2016-09-30 16:00:00,0.76,137.23474,1.0
2016-09-30 17:00:00,0.72,16.718094,0.7336111111111111
2016-09-30 18:00:00,0.61,0.0,0.0
2016-09-30 19:00:00,0.4,0.0,0.0
2016-09-30 20:00:00,0.39,0.0,0.0
2016-09-30 21:00:00,0.25,0.0,0.0
2016-09-30 22:00:00,0.11,0.0,0.0
2016-09-30 23:00:00,0.0,0.0,0.0
2016-10-01 00:00:00,0.0,0.0,0.0
2016-10-01 01:00:00,0.0,0.0,0.0
2016-10-01 02:00:00,0.0,0.0,0.0
2016-10-01 03:00:00,0.1,0.0,0.0
2016-10-01 04:00:00,0.2,0.0,0.0
2016-10-01 05:00:00,0.16,0.0,0.04083333333333333
2016-10-01 06:00:00,0.19,81.73224,1.0
2016-10-01 07:00:00,0.13,293.98322,1.0
2016-10-01 08:00:00,0.07,502.72583,1.0
2016-10-01 09:00:00,0.07,663.27045,1.0
2016-10-01 10:00:00,0.19,793.6943,1.0
2016-10-01 11:00:00,0.25,732.9197,1.0
2016-10-01 12:00:00,0.29,756.70984,1.0
2016-10-01 13:00:00,0.28,651.6868,1.0
2016-10-01 14:00:00,0.32,538.13873,1.0
2016-10-01 15:00:00,0.52,367.36945,1.0
2016-10-01 16:00:00,0.65,167.46376,1.0
2016-10-01 17:00:00,0.47,19.282785,0.7072222222222222
2016-10-01 18:00:00,0.28,0.0,0.0
2016-10-01 19:00:00,0.27,0.0,0.0
2016-10-01 20:00:00,0.27,0.0,0.0
2016-10-01 21:00:00,0.22,0.0,0.0
2016-10-01 22:00:00,0.08,0.0,0.0
2016-10-01 23:00:00,0.02,0.0,0.0
2016-10-02 00:00:00,0.01,0.0,0.0
2016-10-02 01:00:00,0.0,0.0,0.0
2016-10-02 02:00:00,0.0,0.0,0.0
2016-10-02 03:00:00,0.06,0.0,0.0
2016-10-02 04:00:00,0.0,0.0,0.0
2016-10-02 05:00:00,0.06,0.0,0.024722222222222222
2016-10-02 06:00:00,0.02,86.37884,1.0
2016-10-02 07:00:00,0.02,304.23178,1.0
2016-10-02 08:00:00,0.0,532.84753,1.0
2016-10-02 09:00:00,0.0,708.7449,1.0
2016-10-02 10:00:00,0.4,831.02997,1.0
2016-10-02 11:00:00,0.43,712.64484,1.0
2016-10-02 12:00:00,0.29,762.7639,1.0
2016-10-02 13:00:00,0.26,612.0087,1.0
2016-10-02 14:00:00,0.29,502.25644,1.0
2016-10-02 15:00:00,0.44,294.86102,1.0
2016-10-02 16:00:00,0.43,135.65111,1.0
2016-10-02 17:00:00,0.2,19.123213,0.6811111111111111
2016-10-02 18:00:00,0.2,0.0,0.0
2016-10-02 19:00:00,0.05,0.0,0.0
2016-10-02 20:00:00,0.0,0.0,0.0
2016-10-02 21:00:00,0.09,0.0,0.0
2016-10-02 22:00:00,0.22,0.0,0.0
2016-10-02 23:00:00,0.0,0.0,0.0
2016-10-03 00:00:00,0.0,0.0,0.0
2016-10-03 01:00:00,0.36,0.0,0.0
2016-10-03 02:00:00,0.52,0.0,0.0
2016-10-03 03:00:00,0.55,0.0,0.0
2016-10-03 04:00:00,0.56,0.0,0.0
2016-10-03 05:00:00,0.32,0.0,0.008333333333333333
2016-10-03 06:00:00,0.03,86.19809,1.0
2016-10-03 07:00:00,0.02,311.0053,1.0
2016-10-03 08:00:00,0.0,535.3835,1.0
2016-10-03 09:00:00,0.0,695.0077,1.0
2016-10-03 10:00:00,0.02,824.249,1.0
2016-10-03 11:00:00,0.28,761.63666,1.0
2016-10-03 12:00:00,0.53,768.85065,1.0
2016-10-03 13:00:00,0.71,633.66675,1.0
2016-10-03 14:00:00,0.95,503.58304,1.0
2016-10-03 15:00:00,0.8,331.65958,1.0
2016-10-03 16:00:00,0.29,170.35876,1.0
2016-10-03 17:00:00,0.2,18.653856,0.6547222222222222
2016-10-03 18:00:00,0.03,0.0,0.0
2016-10-03 19:00:00,0.01,0.0,0.0
2016-10-03 20:00:00,0.07,0.0,0.0
2016-10-03 21:00:00,0.06,0.0,0.0
2016-10-03 22:00:00,0.03,0.0,0.0
2016-10-03 23:00:00,0.01,0.0,0.0
2016-10-04 00:00:00,0.02,0.0,0.0
2016-10-04 01:00:00,0.02,0.0,0.0
2016-10-04 02:00:00,0.07,0.0,0.0
2016-10-04 03:00:00,0.0,0.0,0.0
2016-10-04 04:00:00,0.04,0.0,0.0
2016-10-04 05:00:00,0.1,0.0,0.0
2016-10-04 06:00:00,0.13,79.637794,0.9916666666666667
2016-10-04 07:00:00,0.18,298.05142,1.0
2016-10-04 08:00:00,0.2,480.1619,1.0
2016-10-04 09:00:00,0.16,696.1912,1.0
2016-10-04 10:00:00,0.14,825.2792,1.0
2016-10-04 11:00:00,0.45,787.689,1.0
2016-10-04 12:00:00,0.69,641.769,1.0
2016-10-04 13:00:00,0.8,492.25742,1.0
2016-10-04 14:00:00,0.84,390.11157,1.0
2016-10-04 15:00:00,0.09,202.88133,1.0
2016-10-04 16:00:00,0.05,109.69738,1.0
2016-10-04 17:00:00,0.0,16.738619,0.6283333333333333
2016-10-04 18:00:00,0.0,0.0,0.0
2016-10-04 19:00:00,0.0,0.0,0.0
2016-10-04 20:00:00,0.0,0.0,0.0
2016-10-04 21:00:00,0.0,0.0,0.0
2016-10-04 22:00:00,0.0,0.0,0.0
2016-10-04 23:00:00,0.0,0.0,0.0
2016-10-05 00:00:00,0.0,0.0,0.0
2016-10-05 01:00:00,0.0,0.0,0.0
2016-10-05 02:00:00,0.0,0.0,0.0
2016-10-05 03:00:00,0.0,0.0,0.0
2016-10-05 04:00:00,0.0,0.0,0.0
2016-10-05 05:00:00,0.0,0.0,0.0
2016-10-05 06:00:00,0.01,83.513016,0.9752777777777778
2016-10-05 07:00:00,0.0,314.0868,1.0
2016-10-05 08:00:00,0.0,536.0595,1.0
2016-10-05 09:00:00,0.15,689.0818,1.0
2016-10-05 10:00:00,0.37,701.0384,1.0
2016-10-05 11:00:00,0.55,767.4821,1.0
2016-10-05 12:00:00,0.52,689.04913,1.0
2016-10-05 13:00:00,0.46,637.37634,1.0
2016-10-05 14:00:00,0.87,454.80667,1.0
2016-10-05 15:00:00,0.97,272.83832,1.0
2016-10-05 16:00:00,0.82,137.63773,1.0
2016-10-05 17:00:00,0.81,11.887207,0.6019444444444444
2016-10-05 18:00:00,0.85,0.0,0.0
2016-10-05 19:00:00,0.98,0.0,0.0
2016-10-05 20:00:00,0.99,0.0,0.0
2016-10-05 21:00:00,0.97,0.0,0.0
2016-10-05 22:00:00,0.59,0.0,0.0
2016-10-05 23:00:00,0.34,0.0,0.0
2016-10-06 00:00:00,0.3,0.0,0.0
2016-10-06 01:00:00,0.95,0.0,0.0
2016-10-06 02:00:00,1.0,0.0,0.0
2016-10-06 03:00:00,1.0,0.0,0.0
2016-10-06 04:00:00,1.0,0.0,0.0
2016-10-06 05:00:00,1.0,0.0,0.0
2016-10-06 06:00:00,0.97,10.933154,0.9586111111111111
2016-10-06 07:00:00,0.61,82.22535,1.0
2016-10-06 08:00:00,0.51,273.7342,1.0
2016-10-06 09:00:00,0.48,492.85245,1.0
2016-10-06 10:00:00,0.69,545.53577,1.0
2016-10-06 11:00:00,0.7,696.207,1.0
2016-10-06 12:00:00,0.67,581.8467,1.0
2016-10-06 13:00:00,0.66,576.6272,1.0
2016-10-06 14:00:00,0.52,410.98755,1.0
2016-10-06 15:00:00,0.4,262.8357,1.0
2016-10-06 16:00:00,0.48,106.61129,1.0
2016-10-06 17:00:00,0.52,9.146103,0.5755555555555556
2016-10-06 18:00:00,0.84,0.0,0.0
2016-10-06 19:00:00,0.82,0.0,0.0
2016-10-06 20:00:00,0.46,0.0,0.0
2016-10-06 21:00:00,0.04,0.0,0.0
2016-10-06 22:00:00,0.22,0.0,0.0
2016-10-06 23:00:00,0.28,0.0,0.0
2016-10-07 00:00:00,0.15,0.0,0.0
2016-10-07 01:00:00,0.0,0.0,0.0
2016-10-07 02:00:00,0.0,0.0,0.0
2016-10-07 03:00:00,0.0,0.0,0.0
2016-10-07 04:00:00,0.0,0.0,0.0
2016-10-07 05:00:00,0.0,0.0,0.0
2016-10-07 06:00:00,0.0,81.00604,0.9419444444444445
2016-10-07 07:00:00,0.0,315.23874,1.0
2016-10-07 08:00:00,0.0,543.57214,1.0
2016-10-07 09:00:00,0.0,718.7851,1.0
2016-10-07 10:00:00,0.02,840.8984,1.0
2016-10-07 11:00:00,0.02,888.6754,1.0
2016-10-07 12:00:00,0.0,860.11414,1.0
2016-10-07 13:00:00,0.0,760.5861,1.0
2016-10-07 14:00:00,0.0,600.2898,1.0
2016-10-07 15:00:00,0.0,394.22614,1.0
2016-10-07 16:00:00,0.0,167.54858,1.0
2016-10-07 17:00:00,0.0,12.591354,0.5491666666666667
2016-10-07 18:00:00,0.0,0.0,0.0
2016-10-07 19:00:00,0.0,0.0,0.0
2016-10-07 20:00:00,0.0,0.0,0.0
2016-10-07 21:00:00,0.0,0.0,0.0
2016-10-07 22:00:00,0.0,0.0,0.0
2016-10-07 23:00:00,0.0,0.0,0.0
2016-10-08 00:00:00,0.0,0.0,0.0
2016-10-08 01:00:00,0.01,0.0,0.0
2016-10-08 02:00:00,0.33,0.0,0.0
2016-10-08 03:00:00,0.37,0.0,0.0
2016-10-08 04:00:00,0.11,0.0,0.0
2016-10-08 05:00:00,0.0,0.0,0.0
2016-10-08 06:00:00,0.12,77.31391,0.9252777777777778
2016-10-08 07:00:00,0.48,309.0509,1.0
2016-10-08 08:00:00,0.81,532.63995,1.0
2016-10-08 09:00:00,0.11,712.3697,1.0
2016-10-08 10:00:00,0.01,828.4737,1.0
2016-10-08 11:00:00,0.01,875.5995,1.0
2016-10-08 12:00:00,0.12,846.3515,1.0
2016-10-08 13:00:00,0.48,747.6783,1.0
2016-10-08 14:00:00,0.73,578.50366,1.0
2016-10-08 15:00:00,0.82,354.68515,1.0
2016-10-08 16:00:00,0.9,137.50993,1.0
2016-10-08 17:00:00,0.95,10.395915,0.5227777777777778
2016-10-08 18:00:00,0.94,0.0,0.0
2016-10-08 19:00:00,0.87,0.0,0.0
2016-10-08 20:00:00,0.95,0.0,0.0
2016-10-08 21:00:00,0.96,0.0,0.0
2016-10-08 22:00:00,0.92,0.0,0.0
2016-10-08 23:00:00,0.94,0.0,0.0
2016-10-09 00:00:00,0.81,0.0,0.0
2016-10-09 01:00:00,0.9,0.0,0.0
2016-10-09 02:00:00,0.7,0.0,0.0
2016-10-09 03:00:00,0.68,0.0,0.0
2016-10-09 04:00:00,0.98,0.0,0.0
2016-10-09 05:00:00,0.99,0.0,0.0
2016-10-09 06:00:00,1.0,69.96041,0.9083333333333333
2016-10-09 07:00:00,1.0,289.8236,1.0
2016-10-09 08:00:00,1.0,502.1878,1.0
2016-10-09 09:00:00,0.99,682.0195,1.0
2016-10-09 10:00:00,0.98,801.3758,1.0
2016-10-09 11:00:00,0.88,830.6718,1.0
2016-10-09 12:00:00,0.77,766.1257,1.0
2016-10-09 13:00:00,0.83,645.8687,1.0
2016-10-09 14:00:00,0.86,410.2505,1.0
2016-10-09 15:00:00,0.92,276.9726,1.0
2016-10-09 16:00:00,0.96,104.51829,1.0
2016-10-09 17:00:00,0.92,7.7832055,0.49666666666666665
2016-10-09 18:00:00,0.93,0.0,0.0
2016-10-09 19:00:00,0.95,0.0,0.0
2016-10-09 20:00:00,0.93,0.0,0.0
2016-10-09 21:00:00,0.54,0.0,0.0
2016-10-09 22:00:00,0.38,0.0,0.0
2016-10-09 23:00:00,0.19,0.0,0.0
2016-10-10 00:00:00,0.01,0.0,0.0
2016-10-10 01:00:00,0.0,0.0,0.0
2016-10-10 02:00:00,0.0,0.0,0.0
2016-10-10 03:00:00,0.0,0.0,0.0
2016-10-10 04:00:00,0.0,0.0,0.0
2016-10-10 05:00:00,0.0,0.0,0.0
2016-10-10 06:00:00,0.0,67.89376,0.8913888888888889
2016-10-10 07:00:00,0.0,293.16464,1.0
2016-10-10 08:00:00,0.0,514.5148,1.0
2016-10-10 09:00:00,0.0,692.4127,1.0
2016-10-10 10:00:00,0.0,809.06854,1.0
2016-10-10 11:00:00,0.14,849.2966,1.0
2016-10-10 12:00:00,0.72,758.07513,1.0
2016-10-10 13:00:00,0.87,646.01385,1.0
2016-10-10 14:00:00,0.75,436.0846,1.0
2016-10-10 15:00:00,0.5,320.54337,1.0
2016-10-10 16:00:00,0.75,134.95695,1.0
2016-10-10 17:00:00,0.86,7.482614,0.4708333333333333
2016-10-10 18:00:00,0.91,0.0,0.0
2016-10-10 19:00:00,0.96,0.0,0.0
2016-10-10 20:00:00,0.9,0.0,0.0
2016-10-10 21:00:00,0.87,0.0,0.0
2016-10-10 22:00:00,0.96,0.0,0.0
2016-10-10 23:00:00,1.0,0.0,0.0
2016-10-11 00:00:00,0.99,0.0,0.0
2016-10-11 01:00:00,0.96,0.0,0.0
2016-10-11 02:00:00,0.97,0.0,0.0
2016-10-11 03:00:00,1.0,0.0,0.0
2016-10-11 04:00:00,0.99,0.0,0.0
2016-10-11 05:00:00,0.93,0.0,0.0
2016-10-11 06:00:00,0.73,35.796715,0.8744444444444445
2016-10-11 07:00:00,0.15,204.36142,1.0
2016-10-11 08:00:00,0.19,437.0208,1.0
2016-10-11 09:00:00,0.29,602.3992,1.0
2016-10-11 10:00:00,0.33,756.91895,1.0
2016-10-11 11:00:00,0.19,808.0728,1.0
2016-10-11 12:00:00,0.68,594.23083,1.0
2016-10-11 13:00:00,0.46,614.1436,1.0
2016-10-11 14:00:00,0.76,498.36798,1.0
2016-10-11 15:00:00,0.92,257.01083,1.0
2016-10-11 16:00:00,0.94,88.84917,1.0
2016-10-11 17:00:00,0.97,4.9696155,0.445
2016-10-11 18:00:00,0.97,0.0,0.0
2016-10-11 19:00:00,0.99,0.0,0.0
2016-10-11 20:00:00,1.0,0.0,0.0
2016-10-11 21:00:00,0.98,0.0,0.0
2016-10-11 22:00:00,0.98,0.0,0.0
2016-10-11 23:00:00,0.95,0.0,0.0
2016-10-12 00:00:00,0.37,0.0,0.0
2016-10-12 01:00:00,0.34,0.0,0.0
2016-10-12 02:00:00,0.63,0.0,0.0
2016-10-12 03:00:00,0.98,0.0,0.0
2016-10-12 04:00:00,0.71,0.0,0.0
2016-10-12 05:00:00,0.68,0.0,0.0
2016-10-12 06:00:00,0.63,25.827337,0.8575
2016-10-12 07:00:00,0.63,113.937805,1.0
2016-10-12 08:00:00,0.62,206.8302,1.0
2016-10-12 09:00:00,0.63,326.03314,1.0
2016-10-12 10:00:00,0.84,401.3314,1.0
2016-10-12 11:00:00,0.91,403.65625,1.0
2016-10-12 12:00:00,0.95,566.3373,1.0
2016-10-12 13:00:00,0.89,618.3624,1.0
2016-10-12 14:00:00,0.56,453.61594,1.0
2016-10-12 15:00:00,0.51,319.5634,1.0
2016-10-12 16:00:00,0.69,118.102036,1.0
2016-10-12 17:00:00,0.79,5.834683,0.4191666666666667
2016-10-12 18:00:00,0.0,0.0,0.0
2016-10-12 19:00:00,0.0,0.0,0.0
2016-10-12 20:00:00,0.12,0.0,0.0
2016-10-12 21:00:00,0.96,0.0,0.0
2016-10-12 22:00:00,0.96,0.0,0.0
2016-10-12 23:00:00,0.95,0.0,0.0
2016-10-13 00:00:00,0.98,0.0,0.0
2016-10-13 01:00:00,0.94,0.0,0.0
2016-10-13 02:00:00,0.97,0.0,0.0
2016-10-13 03:00:00,0.99,0.0,0.0
2016-10-13 04:00:00,0.99,0.0,0.0
2016-10-13 05:00:00,0.98,0.0,0.0
2016-10-13 06:00:00,0.97,38.013016,0.8402777777777778
2016-10-13 07:00:00,0.89,235.78305,1.0
2016-10-13 08:00:00,0.63,473.38898,1.0
2016-10-13 09:00:00,0.34,671.8021,1.0
2016-10-13 10:00:00,0.03,790.1665,1.0
2016-10-13 11:00:00,0.0,838.388,1.0
2016-10-13 12:00:00,0.05,797.69336,1.0
2016-10-13 13:00:00,0.29,702.0568,1.0
2016-10-13 14:00:00,0.22,552.12616,1.0
2016-10-13 15:00:00,0.04,319.32565,1.0
2016-10-13 16:00:00,0.02,132.01645,1.0
2016-10-13 17:00:00,0.0,4.743512,0.3938888888888889
2016-10-13 18:00:00,0.0,0.0,0.0
2016-10-13 19:00:00,0.62,0.0,0.0
2016-10-13 20:00:00,0.52,0.0,0.0
2016-10-13 21:00:00,0.3,0.0,0.0
2016-10-13 22:00:00,0.0,0.0,0.0
2016-10-13 23:00:00,0.03,0.0,0.0
2016-10-14 00:00:00,0.01,0.0,0.0
2016-10-14 01:00:00,0.0,0.0,0.0
2016-10-14 02:00:00,0.0,0.0,0.0
2016-10-14 03:00:00,0.0,0.0,0.0
2016-10-14 04:00:00,0.0,0.0,0.0
2016-10-14 05:00:00,0.0,0.0,0.0
2016-10-14 06:00:00,0.0,56.469986,0.8230555555555555
2016-10-14 07:00:00,0.03,264.45425,1.0
2016-10-14 08:00:00,0.11,468.16058,1.0
2016-10-14 09:00:00,0.31,613.97296,1.0
2016-10-14 10:00:00,0.93,674.2861,1.0
2016-10-14 11:00:00,0.91,730.01855,1.0
2016-10-14 12:00:00,0.69,704.60675,1.0
2016-10-14 13:00:00,0.64,620.7992,1.0
2016-10-14 14:00:00,0.42,510.7769,1.0
2016-10-14 15:00:00,0.92,303.49686,1.0
2016-10-14 16:00:00,0.93,93.44171,1.0
2016-10-14 17:00:00,0.96,3.9756923,0.3688888888888889
2016-10-14 18:00:00,0.96,0.0,0.0
2016-10-14 19:00:00,0.92,0.0,0.0
2016-10-14 20:00:00,0.95,0.0,0.0
2016-10-14 21:00:00,0.76,0.0,0.0
2016-10-14 22:00:00,0.54,0.0,0.0
2016-10-14 23:00:00,0.16,0.0,0.0
2016-10-15 00:00:00,0.17,0.0,0.0
2016-10-15 01:00:00,0.03,0.0,0.0
2016-10-15 02:00:00,0.01,0.0,0.0
2016-10-15 03:00:00,0.0,0.0,0.0
2016-10-15 04:00:00,0.0,0.0,0.0
2016-10-15 05:00:00,0.01,0.0,0.0
2016-10-15 06:00:00,0.14,51.25473,0.8058333333333333
2016-10-15 07:00:00,0.0,270.60278,1.0
2016-10-15 08:00:00,0.0,487.7465,1.0
2016-10-15 09:00:00,0.0,660.48676,1.0
2016-10-15 10:00:00,0.0,769.02734,1.0
2016-10-15 11:00:00,0.0,816.87195,1.0
2016-10-15 12:00:00,0.0,787.6747,1.0
2016-10-15 13:00:00,0.0,691.86896,1.0
2016-10-15 14:00:00,0.0,529.8126,1.0
2016-10-15 15:00:00,0.0,329.17108,1.0
2016-10-15 16:00:00,0.13,121.69804,1.0
2016-10-15 17:00:00,0.0,3.8994472,0.3438888888888889
2016-10-15 18:00:00,0.0,0.0,0.0
2016-10-15 19:00:00,0.0,0.0,0.0
2016-10-15 20:00:00,0.0,0.0,0.0
2016-10-15 21:00:00,0.0,0.0,0.0
2016-10-15 22:00:00,0.0,0.0,0.0
2016-10-15 23:00:00,0.0,0.0,0.0
2016-10-16 00:00:00,0.0,0.0,0.0
2016-10-16 01:00:00,0.0,0.0,0.0
2016-10-16 02:00:00,0.0,0.0,0.0
2016-10-16 03:00:00,0.0,0.0,0.0
2016-10-16 04:00:00,0.0,0.0,0.0
2016-10-16 05:00:00,0.0,0.0,0.0
2016-10-16 06:00:00,0.0,52.86828,0.7883333333333333
2016-10-16 07:00:00,0.0,270.3973,1.0
2016-10-16 08:00:00,0.0,486.81747,1.0
2016-10-16 09:00:00,0.0,658.8899,1.0
2016-10-16 10:00:00,0.0,775.922,1.0
2016-10-16 11:00:00,0.0,815.04486,1.0
2016-10-16 12:00:00,0.0,785.9877,1.0
2016-10-16 13:00:00,0.0,683.19055,1.0
2016-10-16 14:00:00,0.0,530.4955,1.0
2016-10-16 15:00:00,0.0,328.21008,1.0
2016-10-16 16:00:00,0.0,117.03378,1.0
2016-10-16 17:00:00,0.0,2.9270215,0.3194444444444444
2016-10-16 18:00:00,0.18,0.0,0.0
2016-10-16 19:00:00,0.01,0.0,0.0
2016-10-16 20:00:00,0.01,0.0,0.0
2016-10-16 21:00:00,0.0,0.0,0.0
2016-10-16 22:00:00,0.0,0.0,0.0
2016-10-16 23:00:00,0.0,0.0,0.0
2016-10-17 00:00:00,0.0,0.0,0.0
2016-10-17 01:00:00,0.0,0.0,0.0
2016-10-17 02:00:00,0.0,0.0,0.0
2016-10-17 03:00:00,0.0,0.0,0.0
2016-10-17 04:00:00,0.0,0.0,0.0
2016-10-17 05:00:00,0.0,0.0,0.0
2016-10-17 06:00:00,0.23,49.474106,0.7708333333333334
2016-10-17 07:00:00,0.02,266.7442,1.0
2016-10-17 08:00:00,0.03,480.04712,1.0
2016-10-17 09:00:00,0.1,648.0854,1.0
2016-10-17 10:00:00,0.13,742.3393,1.0
2016-10-17 11:00:00,0.15,763.229,1.0
2016-10-17 12:00:00,0.04,736.0257,1.0
2016-10-17 13:00:00,0.12,641.99316,1.0
2016-10-17 14:00:00,0.38,483.3618,1.0
2016-10-17 15:00:00,0.14,281.286,1.0
2016-10-17 16:00:00,0.16,105.80462,1.0
2016-10-17 17:00:00,0.41,1.9878461,0.29527777777777775
2016-10-17 18:00:00,0.31,0.0,0.0
2016-10-17 19:00:00,0.24,0.0,0.0
2016-10-17 20:00:00,0.0,0.0,0.0
2016-10-17 21:00:00,0.0,0.0,0.0
2016-10-17 22:00:00,0.0,0.0,0.0
2016-10-17 23:00:00,0.1,0.0,0.0
2016-10-18 00:00:00,0.07,0.0,0.0
2016-10-18 01:00:00,0.03,0.0,0.0
2016-10-18 02:00:00,0.04,0.0,0.0
2016-10-18 03:00:00,0.03,0.0,0.0
2016-10-18 04:00:00,0.07,0.0,0.0
2016-10-18 05:00:00,0.06,0.0,0.0
2016-10-18 06:00:00,0.35,42.908085,0.7533333333333333
2016-10-18 07:00:00,0.3,240.97281,1.0
2016-10-18 08:00:00,0.16,445.78012,1.0
2016-10-18 09:00:00,0.15,581.7327,1.0
2016-10-18 10:00:00,0.54,651.5354,1.0
2016-10-18 11:00:00,0.63,613.4421,1.0
2016-10-18 12:00:00,0.56,618.2329,1.0
2016-10-18 13:00:00,0.92,531.64136,1.0
2016-10-18 14:00:00,0.86,390.27914,1.0
2016-10-18 15:00:00,0.6,246.78705,1.0
2016-10-18 16:00:00,0.72,92.40307,1.0
2016-10-18 17:00:00,0.52,0.0,0.27166666666666667
2016-10-18 18:00:00,0.39,0.0,0.0
2016-10-18 19:00:00,0.79,0.0,0.0
2016-10-18 20:00:00,0.36,0.0,0.0
2016-10-18 21:00:00,0.34,0.0,0.0
2016-10-18 22:00:00,0.97,0.0,0.0
2016-10-18 23:00:00,0.96,0.0,0.0
2016-10-19 00:00:00,1.0,0.0,0.0
2016-10-19 01:00:00,1.0,0.0,0.0
2016-10-19 02:00:00,1.0,0.0,0.0
2016-10-19 03:00:00,1.0,0.0,0.0
2016-10-19 04:00:00,0.81,0.0,0.0
2016-10-19 05:00:00,0.32,0.0,0.0
2016-10-19 06:00:00,0.21,39.24625,0.7358333333333333
2016-10-19 07:00:00,0.33,199.92595,1.0
2016-10-19 08:00:00,0.37,306.08218,1.0
2016-10-19 09:00:00,0.03,581.2663,1.0
2016-10-19 10:00:00,0.27,592.13446,1.0
2016-10-19 11:00:00,0.32,731.8219,1.0
2016-10-19 12:00:00,0.36,692.5337,1.0
2016-10-19 13:00:00,0.4,466.62268,1.0
2016-10-19 14:00:00,0.28,455.1299,1.0
2016-10-19 15:00:00,0.57,280.90887,1.0
2016-10-19 16:00:00,0.03,107.11757,1.0
2016-10-19 17:00:00,0.0,0.0,0.24833333333333332
2016-10-19 18:00:00,0.0,0.0,0.0
2016-10-19 19:00:00,0.0,0.0,0.0
2016-10-19 20:00:00,0.0,0.0,0.0
2016-10-19 21:00:00,0.01,0.0,0.0
2016-10-19 22:00:00,0.0,0.0,0.0
2016-10-19 23:00:00,0.0,0.0,0.0
2016-10-20 00:00:00,0.0,0.0,0.0
2016-10-20 01:00:00,0.0,0.0,0.0
2016-10-20 02:00:00,0.0,0.0,0.0
2016-10-20 03:00:00,0.0,0.0,0.0
2016-10-20 04:00:00,0.0,0.0,0.0
2016-10-20 05:00:00,0.0,0.0,0.0
2016-10-20 06:00:00,0.0,44.011967,0.7180555555555556
2016-10-20 07:00:00,0.0,263.1238,1.0
2016-10-20 08:00:00,0.0,484.46082,1.0
2016-10-20 09:00:00,0.0,661.7345,1.0
2016-10-20 10:00:00,0.0,776.6262,1.0
2016-10-20 11:00:00,0.0,819.0642,1.0
2016-10-20 12:00:00,0.0,788.85516,1.0
2016-10-20 13:00:00,0.0,687.927,1.0
2016-10-20 14:00:00,0.01,524.7947,1.0
2016-10-20 15:00:00,0.0,318.86902,1.0
2016-10-20 16:00:00,0.0,104.71408,1.0
2016-10-20 17:00:00,0.07,0.0,0.22555555555555556
2016-10-20 18:00:00,0.0,0.0,0.0
2016-10-20 19:00:00,0.0,0.0,0.0
2016-10-20 20:00:00,0.0,0.0,0.0
2016-10-20 21:00:00,0.0,0.0,0.0
2016-10-20 22:00:00,0.05,0.0,0.0
2016-10-20 23:00:00,0.03,0.0,0.0
2016-10-21 00:00:00,0.06,0.0,0.0
2016-10-21 01:00:00,0.09,0.0,0.0
2016-10-21 02:00:00,0.15,0.0,0.0
2016-10-21 03:00:00,0.08,0.0,0.0
2016-10-21 04:00:00,0.12,0.0,0.0
2016-10-21 05:00:00,0.57,0.0,0.0
2016-10-21 06:00:00,0.86,38.064774,0.7002777777777778
2016-10-21 07:00:00,0.95,251.27806,1.0
2016-10-21 08:00:00,0.89,449.3565,1.0
2016-10-21 09:00:00,0.79,656.3254,1.0
2016-10-21 10:00:00,0.57,773.5903,1.0
2016-10-21 11:00:00,0.38,815.83496,1.0
2016-10-21 12:00:00,0.26,785.25653,1.0
2016-10-21 13:00:00,0.09,686.01025,1.0
2016-10-21 14:00:00,0.0,523.9316,1.0
2016-10-21 15:00:00,0.01,317.66846,1.0
2016-10-21 16:00:00,0.0,102.17433,1.0
2016-10-21 17:00:00,0.0,0.0,0.20305555555555554
2016-10-21 18:00:00,0.0,0.0,0.0
2016-10-21 19:00:00,0.0,0.0,0.0
2016-10-21 20:00:00,0.0,0.0,0.0
2016-10-21 21:00:00,0.0,0.0,0.0
2016-10-21 22:00:00,0.0,0.0,0.0
2016-10-21 23:00:00,0.0,0.0,0.0
2016-10-22 00:00:00,0.0,0.0,0.0
2016-10-22 01:00:00,0.0,0.0,0.0
2016-10-22 02:00:00,0.0,0.0,0.0
2016-10-22 03:00:00,0.0,0.0,0.0
2016-10-22 04:00:00,0.0,0.0,0.0
2016-10-22 05:00:00,0.0,0.0,0.0
2016-10-22 06:00:00,0.0,38.789536,0.6822222222222222
2016-10-22 07:00:00,0.0,251.61987,1.0
2016-10-22 08:00:00,0.0,470.31406,1.0
2016-10-22 09:00:00,0.0,644.4645,1.0
2016-10-22 10:00:00,0.0,757.3221,1.0
2016-10-22 11:00:00,0.0,796.4192,1.0
2016-10-22 12:00:00,0.0,766.2189,1.0
2016-10-22 13:00:00,0.0,666.7314,1.0
2016-10-22 14:00:00,0.0,507.0262,1.0
2016-10-22 15:00:00,0.0,304.14627,1.0
2016-10-22 16:00:00,0.0,95.1965,1.0
2016-10-22 17:00:00,0.0,0.0,0.18055555555555555
2016-10-22 18:00:00,0.0,0.0,0.0
2016-10-22 19:00:00,0.0,0.0,0.0
2016-10-22 20:00:00,0.0,0.0,0.0
2016-10-22 21:00:00,0.0,0.0,0.0
2016-10-22 22:00:00,0.17,0.0,0.0
2016-10-22 23:00:00,0.44,0.0,0.0
2016-10-23 00:00:00,0.48,0.0,0.0
2016-10-23 01:00:00,0.57,0.0,0.0
2016-10-23 02:00:00,0.65,0.0,0.0
2016-10-23 03:00:00,0.91,0.0,0.0
2016-10-23 04:00:00,0.76,0.0,0.0
2016-10-23 05:00:00,0.85,0.0,0.0
2016-10-23 06:00:00,0.85,30.02699,0.6641666666666667
2016-10-23 07:00:00,0.84,230.72891,1.0
2016-10-23 08:00:00,0.82,447.89322,1.0
2016-10-23 09:00:00,0.82,611.60144,1.0
2016-10-23 10:00:00,0.83,722.71826,1.0
2016-10-23 11:00:00,0.86,755.92065,1.0
2016-10-23 12:00:00,0.87,734.482,1.0
2016-10-23 13:00:00,0.85,622.4413,1.0
2016-10-23 14:00:00,0.38,479.55527,1.0
2016-10-23 15:00:00,0.23,273.6352,1.0
2016-10-23 16:00:00,0.3,76.6306,1.0
2016-10-23 17:00:00,0.04,0.0,0.15833333333333333
2016-10-23 18:00:00,0.1,0.0,0.0
2016-10-23 19:00:00,0.06,0.0,0.0
2016-10-23 20:00:00,0.12,0.0,0.0
2016-10-23 21:00:00,0.19,0.0,0.0
2016-10-23 22:00:00,0.4,0.0,0.0
2016-10-23 23:00:00,0.87,0.0,0.0
2016-10-24 00:00:00,0.72,0.0,0.0
2016-10-24 01:00:00,0.79,0.0,0.0
2016-10-24 02:00:00,0.86,0.0,0.0
2016-10-24 03:00:00,0.89,0.0,0.0
2016-10-24 04:00:00,0.93,0.0,0.0
2016-10-24 05:00:00,0.9,0.0,0.0
2016-10-24 06:00:00,0.87,19.844982,0.6461111111111111
2016-10-24 07:00:00,0.83,188.83969,1.0
2016-10-24 08:00:00,0.7,418.0501,1.0
2016-10-24 09:00:00,0.63,556.264,1.0
2016-10-24 10:00:00,0.63,670.0768,1.0
2016-10-24 11:00:00,0.46,739.0185,1.0
2016-10-24 12:00:00,0.83,657.5592,1.0
2016-10-24 13:00:00,0.95,526.2336,1.0
2016-10-24 14:00:00,0.69,474.05557,1.0
2016-10-24 15:00:00,0.35,275.86682,1.0
2016-10-24 16:00:00,0.41,75.27245,1.0
2016-10-24 17:00:00,0.18,0.0,0.1363888888888889
2016-10-24 18:00:00,0.62,0.0,0.0
2016-10-24 19:00:00,0.35,0.0,0.0
2016-10-24 20:00:00,0.44,0.0,0.0
2016-10-24 21:00:00,1.0,0.0,0.0
2016-10-24 22:00:00,1.0,0.0,0.0
2016-10-24 23:00:00,1.0,0.0,0.0
2016-10-25 00:00:00,1.0,0.0,0.0
2016-10-25 01:00:00,1.0,0.0,0.0
2016-10-25 02:00:00,0.96,0.0,0.0
2016-10-25 03:00:00,0.9,0.0,0.0
2016-10-25 04:00:00,0.91,0.0,0.0
2016-10-25 05:00:00,1.0,0.0,0.0
2016-10-25 06:00:00,1.0,8.945308,0.6277777777777778
2016-10-25 07:00:00,1.0,63.764553,1.0
2016-10-25 08:00:00,0.99,98.54565,1.0
2016-10-25 09:00:00,0.99,212.55756,1.0
2016-10-25 10:00:00,1.0,308.76752,1.0
2016-10-25 11:00:00,0.93,432.62805,1.0
2016-10-25 12:00:00,0.45,519.1317,1.0
2016-10-25 13:00:00,0.28,519.12384,1.0
2016-10-25 14:00:00,0.64,386.64914,1.0
2016-10-25 15:00:00,0.43,252.33626,1.0
2016-10-25 16:00:00,0.45,73.218956,1.0
2016-10-25 17:00:00,0.2,0.0,0.11444444444444445
2016-10-25 18:00:00,0.31,0.0,0.0
2016-10-25 19:00:00,0.14,0.0,0.0
2016-10-25 20:00:00,0.12,0.0,0.0
2016-10-25 21:00:00,0.01,0.0,0.0
2016-10-25 22:00:00,0.0,0.0,0.0
2016-10-25 23:00:00,0.0,0.0,0.0
2016-10-26 00:00:00,0.01,0.0,0.0
2016-10-26 01:00:00,0.01,0.0,0.0
2016-10-26 02:00:00,0.0,0.0,0.0
2016-10-26 03:00:00,0.0,0.0,0.0
2016-10-26 04:00:00,0.0,0.0,0.0
2016-10-26 05:00:00,0.0,0.0,0.0
2016-10-26 06:00:00,0.0,27.20319,0.6091666666666666
2016-10-26 07:00:00,0.01,224.7709,1.0
2016-10-26 08:00:00,0.52,437.81955,1.0
2016-10-26 09:00:00,0.31,611.46576,1.0
2016-10-26 10:00:00,0.3,728.81036,1.0
2016-10-26 11:00:00,0.22,770.26984,1.0
2016-10-26 12:00:00,0.07,741.64594,1.0
2016-10-26 13:00:00,0.0,643.3141,1.0
2016-10-26 14:00:00,0.0,485.6909,1.0
2016-10-26 15:00:00,0.0,284.63953,1.0
2016-10-26 16:00:00,0.06,81.01659,1.0
2016-10-26 17:00:00,0.0,0.0,0.09277777777777778
2016-10-26 18:00:00,0.28,0.0,0.0
2016-10-26 19:00:00,0.38,0.0,0.0
2016-10-26 20:00:00,0.09,0.0,0.0
2016-10-26 21:00:00,0.13,0.0,0.0
2016-10-26 22:00:00,0.13,0.0,0.0
2016-10-26 23:00:00,0.09,0.0,0.0
2016-10-27 00:00:00,0.0,0.0,0.0
2016-10-27 01:00:00,0.01,0.0,0.0
2016-10-27 02:00:00,0.11,0.0,0.0
2016-10-27 03:00:00,0.43,0.0,0.0
2016-10-27 04:00:00,0.71,0.0,0.0
2016-10-27 05:00:00,0.87,0.0,0.0
2016-10-27 06:00:00,0.04,26.635948,0.5908333333333333
2016-10-27 07:00:00,0.0,224.0026,1.0
2016-10-27 08:00:00,0.0,437.90387,1.0
2016-10-27 09:00:00,0.0,607.7095,1.0
2016-10-27 10:00:00,0.0,723.74506,1.0
2016-10-27 11:00:00,0.0,767.1896,1.0
2016-10-27 12:00:00,0.14,733.9545,1.0
2016-10-27 13:00:00,0.19,638.4253,1.0
2016-10-27 14:00:00,0.15,479.93103,1.0
2016-10-27 15:00:00,0.72,272.8969,1.0
2016-10-27 16:00:00,0.72,75.84565,1.0
2016-10-27 17:00:00,0.77,0.0,0.07138888888888889
2016-10-27 18:00:00,0.95,0.0,0.0
2016-10-27 19:00:00,0.93,0.0,0.0
2016-10-27 20:00:00,0.91,0.0,0.0
2016-10-27 21:00:00,0.88,0.0,0.0
2016-10-27 22:00:00,0.98,0.0,0.0
2016-10-27 23:00:00,0.99,0.0,0.0
2016-10-28 00:00:00,0.97,0.0,0.0
2016-10-28 01:00:00,1.0,0.0,0.0
2016-10-28 02:00:00,0.99,0.0,0.0
2016-10-28 03:00:00,1.0,0.0,0.0
2016-10-28 04:00:00,1.0,0.0,0.0
2016-10-28 05:00:00,1.0,0.0,0.0
2016-10-28 06:00:00,1.0,6.9574614,0.5719444444444445
2016-10-28 07:00:00,1.0,85.47832,1.0
2016-10-28 08:00:00,1.0,199.81818,1.0
2016-10-28 09:00:00,1.0,313.797,1.0
2016-10-28 10:00:00,1.0,469.89682,1.0
2016-10-28 11:00:00,1.0,368.9912,1.0
2016-10-28 12:00:00,1.0,453.6262,1.0
2016-10-28 13:00:00,1.0,447.48367,1.0
2016-10-28 14:00:00,1.0,378.2383,1.0
2016-10-28 15:00:00,0.89,231.93321,1.0
2016-10-28 16:00:00,0.82,61.387352,1.0
2016-10-28 17:00:00,1.0,0.0,0.050555555555555555
2016-10-28 18:00:00,1.0,0.0,0.0
2016-10-28 19:00:00,1.0,0.0,0.0
2016-10-28 20:00:00,1.0,0.0,0.0
2016-10-28 21:00:00,0.99,0.0,0.0
2016-10-28 22:00:00,0.98,0.0,0.0
2016-10-28 23:00:00,0.95,0.0,0.0
2016-10-29 00:00:00,0.39,0.0,0.0
2016-10-29 01:00:00,0.19,0.0,0.0
2016-10-29 02:00:00,0.11,0.0,0.0
2016-10-29 03:00:00,0.14,0.0,0.0
2016-10-29 04:00:00,0.2,0.0,0.0
2016-10-29 05:00:00,0.03,0.0,0.0
2016-10-29 06:00:00,0.06,19.835903,0.5533333333333333
2016-10-29 07:00:00,0.04,204.98288,1.0
2016-10-29 08:00:00,0.0,408.89532,1.0
2016-10-29 09:00:00,0.07,548.31854,1.0
2016-10-29 10:00:00,0.09,655.20087,1.0
2016-10-29 11:00:00,0.25,641.2713,1.0
2016-10-29 12:00:00,0.16,617.80133,1.0
2016-10-29 13:00:00,0.05,592.86127,1.0
2016-10-29 14:00:00,0.01,446.83203,1.0
2016-10-29 15:00:00,0.09,260.7429,1.0
2016-10-29 16:00:00,0.03,68.926956,1.0
2016-10-29 17:00:00,0.0,0.0,0.029722222222222223
2016-10-29 18:00:00,0.0,0.0,0.0
2016-10-29 19:00:00,0.0,0.0,0.0
2016-10-29 20:00:00,0.2,0.0,0.0
2016-10-29 21:00:00,0.24,0.0,0.0
2016-10-29 22:00:00,0.34,0.0,0.0
2016-10-29 23:00:00,0.34,0.0,0.0
2016-10-30 00:00:00,0.42,0.0,0.0
2016-10-30 01:00:00,0.46,0.0,0.0
2016-10-30 02:00:00,0.07,0.0,0.0
2016-10-30 03:00:00,0.01,0.0,0.0
2016-10-30 04:00:00,0.21,0.0,0.0
2016-10-30 05:00:00,0.63,0.0,0.0
2016-10-30 06:00:00,0.83,17.512218,0.5344444444444445
2016-10-30 07:00:00,0.8,178.74954,1.0
2016-10-30 08:00:00,0.93,346.29785,1.0
2016-10-30 09:00:00,0.96,479.79153,1.0
2016-10-30 10:00:00,0.95,614.3665,1.0
2016-10-30 11:00:00,1.0,561.764,1.0
2016-10-30 12:00:00,0.98,397.4869,1.0
2016-10-30 13:00:00,1.0,386.69174,1.0
2016-10-30 14:00:00,0.98,298.2844,1.0
2016-10-30 15:00:00,1.0,172.60512,1.0
2016-10-30 16:00:00,0.99,46.514107,1.0
2016-10-30 17:00:00,1.0,0.0,0.009166666666666667
2016-10-30 18:00:00,1.0,0.0,0.0
2016-10-30 19:00:00,0.95,0.0,0.0
2016-10-30 20:00:00,0.96,0.0,0.0
2016-10-30 21:00:00,0.99,0.0,0.0
2016-10-30 22:00:00,0.87,0.0,0.0
2016-10-30 23:00:00,0.47,0.0,0.0
2016-10-31 00:00:00,0.26,0.0,0.0
2016-10-31 01:00:00,0.19,0.0,0.0
2016-10-31 02:00:00,0.29,0.0,0.0
2016-10-31 03:00:00,0.14,0.0,0.0
2016-10-31 04:00:00,0.12,0.0,0.0
2016-10-31 05:00:00,0.0,0.0,0.0
2016-10-31 06:00:00,0.0,19.49079,0.5158333333333334
2016-10-31 07:00:00,0.0,204.96112,1.0
2016-10-31 08:00:00,0.0,418.70264,1.0
2016-10-31 09:00:00,0.0,581.63367,1.0
2016-10-31 10:00:00,0.0,719.5842,1.0
2016-10-31 11:00:00,0.0,746.5529,1.0
2016-10-31 12:00:00,0.02,675.5791,1.0
2016-10-31 13:00:00,0.03,548.3628,1.0
2016-10-31 14:00:00,0.03,418.302,1.0
2016-10-31 15:00:00,0.05,250.46802,1.0
2016-10-31 16:00:00,0.13,61.25093,0.9888888888888889
2016-10-31 17:00:00,0.07,0.0,0.0
2016-10-31 18:00:00,0.16,0.0,0.0
2016-10-31 19:00:00,0.22,0.0,0.0
2016-10-31 20:00:00,0.23,0.0,0.0
2016-10-31 21:00:00,0.26,0.0,0.0
2016-10-31 22:00:00,0.3,0.0,0.0
2016-10-31 23:00:00,0.42,0.0,0.0
2016-11-01 00:00:00,0.68,0.0,0.0
2016-11-01 01:00:00,0.95,0.0,0.0
2016-11-01 02:00:00,0.96,0.0,0.0
2016-11-01 03:00:00,0.94,0.0,0.0
2016-11-01 04:00:00,0.95,0.0,0.0
2016-11-01 05:00:00,0.88,0.0,0.0
2016-11-01 06:00:00,0.65,11.51602,0.49694444444444447
2016-11-01 07:00:00,0.43,142.94704,1.0
2016-11-01 08:00:00,0.13,335.4708,1.0
2016-11-01 09:00:00,0.04,499.7635,1.0
2016-11-01 10:00:00,0.33,612.6411,1.0
2016-11-01 11:00:00,0.31,696.41296,1.0
2016-11-01 12:00:00,0.53,650.5081,1.0
2016-11-01 13:00:00,0.27,551.05383,1.0
2016-11-01 14:00:00,0.45,348.28308,1.0
2016-11-01 15:00:00,0.47,221.69545,1.0
2016-11-01 16:00:00,0.33,59.4744,0.9691666666666666
2016-11-01 17:00:00,0.41,0.0,0.0
2016-11-01 18:00:00,0.42,0.0,0.0
2016-11-01 19:00:00,0.53,0.0,0.0
2016-11-01 20:00:00,0.68,0.0,0.0
2016-11-01 21:00:00,0.27,0.0,0.0
2016-11-01 22:00:00,0.28,0.0,0.0
2016-11-01 23:00:00,0.22,0.0,0.0
2016-11-02 00:00:00,0.06,0.0,0.0
2016-11-02 01:00:00,0.14,0.0,0.0
2016-11-02 02:00:00,0.28,0.0,0.0
2016-11-02 03:00:00,0.66,0.0,0.0
2016-11-02 04:00:00,0.98,0.0,0.0
2016-11-02 05:00:00,1.0,0.0,0.0
2016-11-02 06:00:00,1.0,7.821064,0.4777777777777778
2016-11-02 07:00:00,0.93,125.100365,1.0
2016-11-02 08:00:00,0.57,351.40482,1.0
2016-11-02 09:00:00,0.09,486.07175,1.0
2016-11-02 10:00:00,0.18,554.5237,1.0
2016-11-02 11:00:00,0.19,665.1095,1.0
2016-11-02 12:00:00,0.33,618.42426,1.0
2016-11-02 13:00:00,0.4,545.4999,1.0
2016-11-02 14:00:00,0.39,409.88782,1.0
2016-11-02 15:00:00,0.44,204.83041,1.0
2016-11-02 16:00:00,0.28,55.092674,0.95
2016-11-02 17:00:00,0.17,0.0,0.0
2016-11-02 18:00:00,0.06,0.0,0.0
2016-11-02 19:00:00,0.07,0.0,0.0
2016-11-02 20:00:00,0.04,0.0,0.0
2016-11-02 21:00:00,0.01,0.0,0.0
2016-11-02 22:00:00,0.01,0.0,0.0
2016-11-02 23:00:00,0.01,0.0,0.0
2016-11-03 00:00:00,0.0,0.0,0.0
2016-11-03 01:00:00,0.0,0.0,0.0
2016-11-03 02:00:00,0.0,0.0,0.0
2016-11-03 03:00:00,0.0,0.0,0.0
2016-11-03 04:00:00,0.0,0.0,0.0
2016-11-03 05:00:00,0.0,0.0,0.0
2016-11-03 06:00:00,0.0,13.763628,0.4588888888888889
2016-11-03 07:00:00,0.0,200.28366,1.0
2016-11-03 08:00:00,0.0,415.39856,1.0
2016-11-03 09:00:00,0.0,590.1416,1.0
2016-11-03 10:00:00,0.0,703.06024,1.0
2016-11-03 11:00:00,0.0,753.8919,1.0
2016-11-03 12:00:00,0.0,724.70703,1.0
2016-11-03 13:00:00,0.0,623.81757,1.0
2016-11-03 14:00:00,0.0,463.2618,1.0
2016-11-03 15:00:00,0.0,260.59924,1.0
2016-11-03 16:00:00,0.02,59.791447,0.9308333333333333
2016-11-03 17:00:00,0.07,0.0,0.0
2016-11-03 18:00:00,0.03,0.0,0.0
2016-11-03 19:00:00,0.01,0.0,0.0
2016-11-03 20:00:00,0.0,0.0,0.0
2016-11-03 21:00:00,0.0,0.0,0.0
2016-11-03 22:00:00,0.0,0.0,0.0
2016-11-03 23:00:00,0.0,0.0,0.0
2016-11-04 00:00:00,0.0,0.0,0.0
2016-11-04 01:00:00,0.0,0.0,0.0
2016-11-04 02:00:00,0.0,0.0,0.0
2016-11-04 03:00:00,0.0,0.0,0.0
2016-11-04 04:00:00,0.02,0.0,0.0
2016-11-04 05:00:00,0.01,0.0,0.0
2016-11-04 06:00:00,0.0,13.02501,0.44
2016-11-04 07:00:00,0.0,192.57474,1.0
2016-11-04 08:00:00,0.0,402.04492,1.0
2016-11-04 09:00:00,0.13,574.0791,1.0
2016-11-04 10:00:00,0.22,685.5181,1.0
2016-11-04 11:00:00,0.01,725.03046,1.0
2016-11-04 12:00:00,0.01,653.6327,1.0
2016-11-04 13:00:00,0.03,569.91174,1.0
2016-11-04 14:00:00,0.04,411.3819,1.0
2016-11-04 15:00:00,0.66,231.4616,1.0
2016-11-04 16:00:00,0.94,47.72486,0.9125
2016-11-04 17:00:00,0.96,0.0,0.0
2016-11-04 18:00:00,0.85,0.0,0.0
2016-11-04 19:00:00,0.31,0.0,0.0
2016-11-04 20:00:00,0.18,0.0,0.0
2016-11-04 21:00:00,0.11,0.0,0.0
2016-11-04 22:00:00,0.22,0.0,0.0
2016-11-04 23:00:00,0.32,0.0,0.0
2016-11-05 00:00:00,0.14,0.0,0.0
2016-11-05 01:00:00,0.09,0.0,0.0
2016-11-05 02:00:00,0.03,0.0,0.0
2016-11-05 03:00:00,0.07,0.0,0.0
2016-11-05 04:00:00,0.09,0.0,0.0
2016-11-05 05:00:00,0.28,0.0,0.0
2016-11-05 06:00:00,0.24,10.189911,0.4211111111111111
2016-11-05 07:00:00,0.54,181.39096,1.0
2016-11-05 08:00:00,0.92,355.08963,1.0
2016-11-05 09:00:00,0.98,416.0913,1.0
2016-11-05 10:00:00,0.95,441.48856,1.0
2016-11-05 11:00:00,0.9,473.81107,1.0
2016-11-05 12:00:00,0.82,338.97876,1.0
2016-11-05 13:00:00,0.71,191.67775,1.0
2016-11-05 14:00:00,0.21,232.0751,1.0
2016-11-05 15:00:00,0.78,183.90388,1.0
2016-11-05 16:00:00,0.7,36.047447,0.8944444444444445
2016-11-05 17:00:00,0.76,0.0,0.0
2016-11-05 18:00:00,0.3,0.0,0.0
2016-11-05 19:00:00,0.62,0.0,0.0
2016-11-05 20:00:00,0.5,0.0,0.0
2016-11-05 21:00:00,0.33,0.0,0.0
2016-11-05 22:00:00,0.23,0.0,0.0
2016-11-05 23:00:00,0.51,0.0,0.0
2016-11-06 00:00:00,0.65,0.0,0.0
2016-11-06 01:00:00,0.59,0.0,0.0
2016-11-06 02:00:00,0.56,0.0,0.0
2016-11-06 03:00:00,0.4,0.0,0.0
2016-11-06 04:00:00,0.27,0.0,0.0
2016-11-06 05:00:00,0.4,0.0,0.0
2016-11-06 06:00:00,0.38,9.3897085,0.4022222222222222
2016-11-06 07:00:00,0.46,183.90268,1.0
2016-11-06 08:00:00,0.46,389.8345,1.0
2016-11-06 09:00:00,0.28,529.81177,1.0
2016-11-06 10:00:00,0.24,642.44226,1.0
2016-11-06 11:00:00,0.13,647.80914,1.0
2016-11-06 12:00:00,0.19,641.18414,1.0
2016-11-06 13:00:00,0.23,547.0024,1.0
2016-11-06 14:00:00,0.25,394.39798,1.0
2016-11-06 15:00:00,0.21,220.70343,1.0
2016-11-06 16:00:00,0.45,48.182632,0.8772222222222222
2016-11-06 17:00:00,0.18,0.0,0.0
2016-11-06 18:00:00,0.06,0.0,0.0
2016-11-06 19:00:00,0.0,0.0,0.0
2016-11-06 20:00:00,0.0,0.0,0.0
2016-11-06 21:00:00,0.04,0.0,0.0
2016-11-06 22:00:00,0.08,0.0,0.0
2016-11-06 23:00:00,0.11,0.0,0.0
2016-11-07 00:00:00,0.12,0.0,0.0
2016-11-07 01:00:00,0.15,0.0,0.0
2016-11-07 02:00:00,0.14,0.0,0.0
2016-11-07 03:00:00,0.14,0.0,0.0
2016-11-07 04:00:00,0.17,0.0,0.0
2016-11-07 05:00:00,0.16,0.0,0.0
2016-11-07 06:00:00,0.01,8.603036,0.38333333333333336
2016-11-07 07:00:00,0.0,176.82327,1.0
2016-11-07 08:00:00,0.0,386.23932,1.0
2016-11-07 09:00:00,0.0,556.16113,1.0
2016-11-07 10:00:00,0.07,666.74036,1.0
2016-11-07 11:00:00,0.45,660.74786,1.0
2016-11-07 12:00:00,0.59,642.86145,1.0
2016-11-07 13:00:00,0.6,548.46106,1.0
2016-11-07 14:00:00,0.64,377.45804,1.0
2016-11-07 15:00:00,0.42,186.73016,1.0
2016-11-07 16:00:00,0.4,40.319477,0.8602777777777778
2016-11-07 17:00:00,0.26,0.0,0.0
2016-11-07 18:00:00,0.15,0.0,0.0
2016-11-07 19:00:00,0.04,0.0,0.0
2016-11-07 20:00:00,0.0,0.0,0.0
2016-11-07 21:00:00,0.0,0.0,0.0
2016-11-07 22:00:00,0.0,0.0,0.0
2016-11-07 23:00:00,0.0,0.0,0.0
2016-11-08 00:00:00,0.0,0.0,0.0
2016-11-08 01:00:00,0.0,0.0,0.0
2016-11-08 02:00:00,0.0,0.0,0.0
2016-11-08 03:00:00,0.0,0.0,0.0
2016-11-08 04:00:00,0.0,0.0,0.0
2016-11-08 05:00:00,0.0,0.0,0.0
2016-11-08 06:00:00,0.03,6.4002647,0.3647222222222222
2016-11-08 07:00:00,0.16,175.11043,1.0
2016-11-08 08:00:00,0.62,385.5995,1.0
2016-11-08 09:00:00,0.63,562.07904,1.0
2016-11-08 10:00:00,0.29,673.35645,1.0
2016-11-08 11:00:00,0.13,711.2555,1.0
2016-11-08 12:00:00,0.0,686.33527,1.0
2016-11-08 13:00:00,0.0,588.57074,1.0
2016-11-08 14:00:00,0.0,431.13046,1.0
2016-11-08 15:00:00,0.0,234.625,1.0
2016-11-08 16:00:00,0.0,45.611946,0.8438888888888889
2016-11-08 17:00:00,0.09,0.0,0.0
2016-11-08 18:00:00,0.0,0.0,0.0
2016-11-08 19:00:00,0.0,0.0,0.0
2016-11-08 20:00:00,0.14,0.0,0.0
2016-11-08 21:00:00,0.0,0.0,0.0
2016-11-08 22:00:00,0.0,0.0,0.0
2016-11-08 23:00:00,0.0,0.0,0.0
2016-11-09 00:00:00,0.0,0.0,0.0
2016-11-09 01:00:00,0.0,0.0,0.0
2016-11-09 02:00:00,0.0,0.0,0.0
2016-11-09 03:00:00,0.0,0.0,0.0
2016-11-09 04:00:00,0.0,0.0,0.0
2016-11-09 05:00:00,0.0,0.0,0.0
2016-11-09 06:00:00,0.0,5.52503,0.3461111111111111
2016-11-09 07:00:00,0.0,173.25633,1.0
2016-11-09 08:00:00,0.0,384.3179,1.0
2016-11-09 09:00:00,0.0,556.0138,1.0
2016-11-09 10:00:00,0.0,668.7511,1.0
2016-11-09 11:00:00,0.0,712.7045,1.0
2016-11-09 12:00:00,0.0,684.9989,1.0
2016-11-09 13:00:00,0.0,587.6386,1.0
2016-11-09 14:00:00,0.0,431.08682,1.0
2016-11-09 15:00:00,0.0,233.13683,1.0
2016-11-09 16:00:00,0.0,43.599857,0.8280555555555555
2016-11-09 17:00:00,0.0,0.0,0.0
2016-11-09 18:00:00,0.0,0.0,0.0
2016-11-09 19:00:00,0.0,0.0,0.0
2016-11-09 20:00:00,0.0,0.0,0.0
2016-11-09 21:00:00,0.0,0.0,0.0
2016-11-09 22:00:00,0.0,0.0,0.0
2016-11-09 23:00:00,0.0,0.0,0.0
2016-11-10 00:00:00,0.0,0.0,0.0
2016-11-10 01:00:00,0.0,0.0,0.0
2016-11-10 02:00:00,0.0,0.0,0.0
2016-11-10 03:00:00,0.0,0.0,0.0
2016-11-10 04:00:00,0.0,0.0,0.0
2016-11-10 05:00:00,0.0,0.0,0.0
2016-11-10 06:00:00,0.0,5.6532903,0.32722222222222225
2016-11-10 07:00:00,0.0,170.52707,1.0
2016-11-10 08:00:00,0.0,381.6582,1.0
2016-11-10 09:00:00,0.0,551.8973,1.0
2016-11-10 10:00:00,0.0,661.2593,1.0
2016-11-10 11:00:00,0.0,698.8322,1.0
2016-11-10 12:00:00,0.0,669.30255,1.0
2016-11-10 13:00:00,0.0,572.7373,1.0
2016-11-10 14:00:00,0.0,413.33273,1.0
2016-11-10 15:00:00,0.0,223.03596,1.0
2016-11-10 16:00:00,0.0,41.119568,0.8130555555555555
2016-11-10 17:00:00,0.0,0.0,0.0
2016-11-10 18:00:00,0.08,0.0,0.0
2016-11-10 19:00:00,0.33,0.0,0.0
2016-11-10 20:00:00,0.44,0.0,0.0
2016-11-10 21:00:00,0.7,0.0,0.0
2016-11-10 22:00:00,0.81,0.0,0.0
2016-11-10 23:00:00,0.85,0.0,0.0
2016-11-11 00:00:00,0.93,0.0,0.0
2016-11-11 01:00:00,0.89,0.0,0.0
2016-11-11 02:00:00,0.69,0.0,0.0
2016-11-11 03:00:00,0.32,0.0,0.0
2016-11-11 04:00:00,0.34,0.0,0.0
2016-11-11 05:00:00,0.32,0.0,0.0
2016-11-11 06:00:00,0.26,4.7986155,0.3086111111111111
2016-11-11 07:00:00,0.26,157.27028,1.0
2016-11-11 08:00:00,0.22,365.30753,1.0
2016-11-11 09:00:00,0.01,536.0097,1.0
2016-11-11 10:00:00,0.14,645.12915,1.0
2016-11-11 11:00:00,0.21,687.6683,1.0
2016-11-11 12:00:00,0.26,655.54724,1.0
2016-11-11 13:00:00,0.25,517.7184,1.0
2016-11-11 14:00:00,0.24,355.3846,1.0
2016-11-11 15:00:00,0.31,199.13841,1.0
2016-11-11 16:00:00,0.34,35.6718,0.7983333333333333
2016-11-11 17:00:00,0.43,0.0,0.0
2016-11-11 18:00:00,0.67,0.0,0.0
2016-11-11 19:00:00,0.8,0.0,0.0
2016-11-11 20:00:00,0.91,0.0,0.0
2016-11-11 21:00:00,0.83,0.0,0.0
2016-11-11 22:00:00,0.75,0.0,0.0
2016-11-11 23:00:00,0.7,0.0,0.0
2016-11-12 00:00:00,0.66,0.0,0.0
2016-11-12 01:00:00,0.68,0.0,0.0
2016-11-12 02:00:00,0.65,0.0,0.0
2016-11-12 03:00:00,0.0,0.0,0.0
2016-11-12 04:00:00,0.0,0.0,0.0
2016-11-12 05:00:00,0.02,0.0,0.0
2016-11-12 06:00:00,0.01,1.9878461,0.2897222222222222
2016-11-12 07:00:00,0.0,160.16995,1.0
2016-11-12 08:00:00,0.0,369.41327,1.0
2016-11-12 09:00:00,0.0,540.9609,1.0
2016-11-12 10:00:00,0.0,653.2182,1.0
2016-11-12 11:00:00,0.0,695.86346,1.0
2016-11-12 12:00:00,0.0,668.2302,1.0
2016-11-12 13:00:00,0.0,571.7633,1.0
2016-11-12 14:00:00,0.0,416.55338,1.0
2016-11-12 15:00:00,0.05,220.18106,1.0
2016-11-12 16:00:00,0.01,38.377495,0.7838888888888889
2016-11-12 17:00:00,0.0,0.0,0.0
2016-11-12 18:00:00,0.0,0.0,0.0
2016-11-12 19:00:00,0.0,0.0,0.0
2016-11-12 20:00:00,0.0,0.0,0.0
2016-11-12 21:00:00,0.0,0.0,0.0
2016-11-12 22:00:00,0.0,0.0,0.0
2016-11-12 23:00:00,0.0,0.0,0.0
2016-11-13 00:00:00,0.0,0.0,0.0
2016-11-13 01:00:00,0.0,0.0,0.0
2016-11-13 02:00:00,0.0,0.0,0.0
2016-11-13 03:00:00,0.39,0.0,0.0
2016-11-13 04:00:00,0.58,0.0,0.0
2016-11-13 05:00:00,0.58,0.0,0.0
2016-11-13 06:00:00,0.78,0.0,0.27055555555555555
2016-11-13 07:00:00,0.89,94.45121,1.0
2016-11-13 08:00:00,0.84,257.6362,1.0
2016-11-13 09:00:00,0.64,380.13272,1.0
2016-11-13 10:00:00,0.3,475.44098,1.0
2016-11-13 11:00:00,0.2,637.1292,1.0
2016-11-13 12:00:00,0.16,630.9945,1.0
2016-11-13 13:00:00,0.19,526.6624,1.0
2016-11-13 14:00:00,0.28,306.62564,1.0
2016-11-13 15:00:00,0.51,156.26907,1.0
2016-11-13 16:00:00,0.48,31.776468,0.77
2016-11-13 17:00:00,0.02,0.0,0.0
2016-11-13 18:00:00,0.0,0.0,0.0
2016-11-13 19:00:00,0.0,0.0,0.0
2016-11-13 20:00:00,0.0,0.0,0.0
2016-11-13 21:00:00,0.0,0.0,0.0
2016-11-13 22:00:00,0.0,0.0,0.0
2016-11-13 23:00:00,0.0,0.0,0.0
2016-11-14 00:00:00,0.0,0.0,0.0
2016-11-14 01:00:00,0.04,0.0,0.0
2016-11-14 02:00:00,0.24,0.0,0.0
2016-11-14 03:00:00,0.14,0.0,0.0
2016-11-14 04:00:00,0.11,0.0,0.0
2016-11-14 05:00:00,0.3,0.0,0.0
2016-11-14 06:00:00,0.94,0.0,0.25166666666666665
2016-11-14 07:00:00,0.56,116.12255,1.0
2016-11-14 08:00:00,0.06,320.17993,1.0
2016-11-14 09:00:00,0.0,471.41867,1.0
2016-11-14 10:00:00,0.0,627.1268,1.0
2016-11-14 11:00:00,0.0,679.96344,1.0
2016-11-14 12:00:00,0.04,650.93536,1.0
2016-11-14 13:00:00,0.32,553.1842,1.0
2016-11-14 14:00:00,0.75,376.40186,1.0
2016-11-14 15:00:00,0.62,199.0299,1.0
2016-11-14 16:00:00,0.09,33.559624,0.7566666666666667
2016-11-14 17:00:00,0.02,0.0,0.0
2016-11-14 18:00:00,0.53,0.0,0.0
2016-11-14 19:00:00,0.25,0.0,0.0
2016-11-14 20:00:00,0.0,0.0,0.0
2016-11-14 21:00:00,0.07,0.0,0.0
2016-11-14 22:00:00,0.0,0.0,0.0
2016-11-14 23:00:00,0.0,0.0,0.0
2016-11-15 00:00:00,0.01,0.0,0.0
2016-11-15 01:00:00,0.18,0.0,0.0
2016-11-15 02:00:00,0.29,0.0,0.0
2016-11-15 03:00:00,0.33,0.0,0.0
2016-11-15 04:00:00,0.4,0.0,0.0
2016-11-15 05:00:00,0.34,0.0,0.0
2016-11-15 06:00:00,0.3,0.0,0.2325
2016-11-15 07:00:00,0.14,150.73528,1.0
2016-11-15 08:00:00,0.0,361.69363,1.0
2016-11-15 09:00:00,0.0,534.8438,1.0
2016-11-15 10:00:00,0.0,647.2737,1.0
2016-11-15 11:00:00,0.0,688.92487,1.0
2016-11-15 12:00:00,0.0,661.20575,1.0
2016-11-15 13:00:00,0.0,564.5528,1.0
2016-11-15 14:00:00,0.0,409.98395,1.0
2016-11-15 15:00:00,0.0,214.35524,1.0
2016-11-15 16:00:00,0.0,33.85786,0.7436111111111111
2016-11-15 17:00:00,0.0,0.0,0.0
2016-11-15 18:00:00,0.0,0.0,0.0
2016-11-15 19:00:00,0.0,0.0,0.0
2016-11-15 20:00:00,0.0,0.0,0.0
2016-11-15 21:00:00,0.0,0.0,0.0
2016-11-15 22:00:00,0.0,0.0,0.0
2016-11-15 23:00:00,0.1,0.0,0.0
2016-11-16 00:00:00,0.09,0.0,0.0
2016-11-16 01:00:00,0.19,0.0,0.0
2016-11-16 02:00:00,0.4,0.0,0.0
2016-11-16 03:00:00,0.22,0.0,0.0
2016-11-16 04:00:00,0.01,0.0,0.0
2016-11-16 05:00:00,0.13,0.0,0.0
2016-11-16 06:00:00,0.46,0.0,0.21333333333333335
2016-11-16 07:00:00,0.39,146.96269,1.0
2016-11-16 08:00:00,0.59,352.88718,1.0
2016-11-16 09:00:00,0.71,517.7901,1.0
2016-11-16 10:00:00,0.79,616.84424,1.0
2016-11-16 11:00:00,0.5,666.3913,1.0
2016-11-16 12:00:00,0.02,651.19916,1.0
2016-11-16 13:00:00,0.37,546.3178,1.0
2016-11-16 14:00:00,0.82,376.99124,1.0
2016-11-16 15:00:00,0.23,196.12517,1.0
2016-11-16 16:00:00,0.12,32.056427,0.7311111111111112
2016-11-16 17:00:00,0.68,0.0,0.0
2016-11-16 18:00:00,0.3,0.0,0.0
2016-11-16 19:00:00,0.12,0.0,0.0
2016-11-16 20:00:00,0.13,0.0,0.0
2016-11-16 21:00:00,0.23,0.0,0.0
2016-11-16 22:00:00,0.2,0.0,0.0
2016-11-16 23:00:00,0.04,0.0,0.0
2016-11-17 00:00:00,0.37,0.0,0.0
2016-11-17 01:00:00,0.62,0.0,0.0
2016-11-17 02:00:00,0.88,0.0,0.0
2016-11-17 03:00:00,0.69,0.0,0.0
2016-11-17 04:00:00,0.67,0.0,0.0
2016-11-17 05:00:00,0.99,0.0,0.0
2016-11-17 06:00:00,0.9,0.0,0.19444444444444445
2016-11-17 07:00:00,0.76,78.11407,1.0
2016-11-17 08:00:00,0.78,152.29239,1.0
2016-11-17 09:00:00,0.8,229.54474,1.0
2016-11-17 10:00:00,0.97,222.17271,1.0
2016-11-17 11:00:00,0.99,203.46547,1.0
2016-11-17 12:00:00,0.99,198.42702,1.0
2016-11-17 13:00:00,0.99,185.8476,1.0
2016-11-17 14:00:00,1.0,82.886406,1.0
2016-11-17 15:00:00,1.0,35.78123,1.0
2016-11-17 16:00:00,0.96,6.9574614,0.7188888888888889
2016-11-17 17:00:00,1.0,0.0,0.0
2016-11-17 18:00:00,1.0,0.0,0.0
2016-11-17 19:00:00,1.0,0.0,0.0
2016-11-17 20:00:00,0.99,0.0,0.0
2016-11-17 21:00:00,1.0,0.0,0.0
2016-11-17 22:00:00,0.95,0.0,0.0
2016-11-17 23:00:00,0.71,0.0,0.0
2016-11-18 00:00:00,0.47,0.0,0.0
2016-11-18 01:00:00,0.49,0.0,0.0
2016-11-18 02:00:00,0.62,0.0,0.0
2016-11-18 03:00:00,0.81,0.0,0.0
2016-11-18 04:00:00,0.62,0.0,0.0
2016-11-18 05:00:00,0.52,0.0,0.0
2016-11-18 06:00:00,0.54,0.0,0.17527777777777778
2016-11-18 07:00:00,0.54,110.38049,1.0
2016-11-18 08:00:00,0.2,337.48065,1.0
2016-11-18 09:00:00,0.13,519.0547,1.0
2016-11-18 10:00:00,0.42,619.6329,1.0
2016-11-18 11:00:00,0.49,624.3006,1.0
2016-11-18 12:00:00,0.48,597.6714,1.0
2016-11-18 13:00:00,0.07,578.06445,1.0
2016-11-18 14:00:00,0.0,421.7076,1.0
2016-11-18 15:00:00,0.0,220.56102,1.0
2016-11-18 16:00:00,0.0,33.179607,0.7075
2016-11-18 17:00:00,0.0,0.0,0.0
2016-11-18 18:00:00,0.0,0.0,0.0
2016-11-18 19:00:00,0.0,0.0,0.0
2016-11-18 20:00:00,0.0,0.0,0.0
2016-11-18 21:00:00,0.0,0.0,0.0
2016-11-18 22:00:00,0.0,0.0,0.0
2016-11-18 23:00:00,0.0,0.0,0.0
2016-11-19 00:00:00,0.0,0.0,0.0
2016-11-19 01:00:00,0.0,0.0,0.0
2016-11-19 02:00:00,0.0,0.0,0.0
2016-11-19 03:00:00,0.0,0.0,0.0
2016-11-19 04:00:00,0.0,0.0,0.0
2016-11-19 05:00:00,0.28,0.0,0.0
2016-11-19 06:00:00,0.0,0.0,0.15638888888888888
2016-11-19 07:00:00,0.13,134.99486,1.0
2016-11-19 08:00:00,0.18,344.49957,1.0
2016-11-19 09:00:00,0.31,509.78705,1.0
2016-11-19 10:00:00,0.46,632.99695,1.0
2016-11-19 11:00:00,0.12,685.57446,1.0
2016-11-19 12:00:00,0.12,659.36383,1.0
2016-11-19 13:00:00,0.0,562.46277,1.0
2016-11-19 14:00:00,0.0,406.87534,1.0
2016-11-19 15:00:00,0.0,211.8666,1.0
2016-11-19 16:00:00,0.0,30.861801,0.6963888888888888
2016-11-19 17:00:00,0.0,0.0,0.0
2016-11-19 18:00:00,0.0,0.0,0.0
2016-11-19 19:00:00,0.0,0.0,0.0
2016-11-19 20:00:00,0.14,0.0,0.0
2016-11-19 21:00:00,0.54,0.0,0.0
2016-11-19 22:00:00,0.57,0.0,0.0
2016-11-19 23:00:00,0.84,0.0,0.0
2016-11-20 00:00:00,0.48,0.0,0.0
2016-11-20 01:00:00,0.26,0.0,0.0
2016-11-20 02:00:00,0.03,0.0,0.0
2016-11-20 03:00:00,0.0,0.0,0.0
2016-11-20 04:00:00,0.19,0.0,0.0
2016-11-20 05:00:00,0.0,0.0,0.0
2016-11-20 06:00:00,0.0,0.0,0.13777777777777778
2016-11-20 07:00:00,0.0,124.625885,1.0
2016-11-20 08:00:00,0.0,331.46954,1.0
2016-11-20 09:00:00,0.0,494.5708,1.0
2016-11-20 10:00:00,0.0,608.91583,1.0
2016-11-20 11:00:00,0.0,667.5217,1.0
2016-11-20 12:00:00,0.11,631.2795,1.0
2016-11-20 13:00:00,0.31,478.84485,1.0
2016-11-20 14:00:00,0.7,265.18903,1.0
2016-11-20 15:00:00,0.86,104.863625,1.0
2016-11-20 16:00:00,0.36,19.71809,0.6858333333333333
2016-11-20 17:00:00,0.39,0.0,0.0
2016-11-20 18:00:00,0.26,0.0,0.0
2016-11-20 19:00:00,1.0,0.0,0.0
2016-11-20 20:00:00,1.0,0.0,0.0
2016-11-20 21:00:00,1.0,0.0,0.0
2016-11-20 22:00:00,0.87,0.0,0.0
2016-11-20 23:00:00,0.66,0.0,0.0
2016-11-21 00:00:00,0.0,0.0,0.0
2016-11-21 01:00:00,0.07,0.0,0.0
2016-11-21 02:00:00,0.19,0.0,0.0
2016-11-21 03:00:00,0.33,0.0,0.0
2016-11-21 04:00:00,0.23,0.0,0.0
2016-11-21 05:00:00,1.0,0.0,0.0
2016-11-21 06:00:00,1.0,0.0,0.11916666666666667
2016-11-21 07:00:00,1.0,30.185913,1.0
2016-11-21 08:00:00,0.91,85.60162,1.0
2016-11-21 09:00:00,0.97,158.00456,1.0
2016-11-21 10:00:00,0.49,394.1435,1.0
2016-11-21 11:00:00,0.2,560.6029,1.0
2016-11-21 12:00:00,0.29,518.94965,1.0
2016-11-21 13:00:00,0.32,485.14264,1.0
2016-11-21 14:00:00,0.6,289.9704,1.0
2016-11-21 15:00:00,0.72,120.991585,1.0
2016-11-21 16:00:00,0.87,21.489893,0.6758333333333333
2016-11-21 17:00:00,0.93,0.0,0.0
2016-11-21 18:00:00,0.99,0.0,0.0
2016-11-21 19:00:00,1.0,0.0,0.0
2016-11-21 20:00:00,0.99,0.0,0.0
2016-11-21 21:00:00,1.0,0.0,0.0
2016-11-21 22:00:00,1.0,0.0,0.0
2016-11-21 23:00:00,1.0,0.0,0.0
2016-11-22 00:00:00,0.99,0.0,0.0
2016-11-22 01:00:00,1.0,0.0,0.0
2016-11-22 02:00:00,1.0,0.0,0.0
2016-11-22 03:00:00,1.0,0.0,0.0
2016-11-22 04:00:00,1.0,0.0,0.0
2016-11-22 05:00:00,0.99,0.0,0.0
2016-11-22 06:00:00,1.0,0.0,0.10055555555555555
2016-11-22 07:00:00,1.0,13.129979,1.0
2016-11-22 08:00:00,1.0,45.294792,1.0
2016-11-22 09:00:00,1.0,121.078354,1.0
2016-11-22 10:00:00,1.0,203.04927,1.0
2016-11-22 11:00:00,1.0,211.4168,1.0
2016-11-22 12:00:00,1.0,257.87842,1.0
2016-11-22 13:00:00,1.0,229.58914,1.0
2016-11-22 14:00:00,0.97,200.17009,1.0
2016-11-22 15:00:00,0.88,123.71582,1.0
2016-11-22 16:00:00,0.55,17.972517,0.6663888888888889
2016-11-22 17:00:00,0.67,0.0,0.0
2016-11-22 18:00:00,0.62,0.0,0.0
2016-11-22 19:00:00,0.37,0.0,0.0
2016-11-22 20:00:00,0.17,0.0,0.0
2016-11-22 21:00:00,0.17,0.0,0.0
2016-11-22 22:00:00,0.2,0.0,0.0
2016-11-22 23:00:00,0.2,0.0,0.0
2016-11-23 00:00:00,0.21,0.0,0.0
2016-11-23 01:00:00,0.16,0.0,0.0
2016-11-23 02:00:00,0.19,0.0,0.0
2016-11-23 03:00:00,0.31,0.0,0.0
2016-11-23 04:00:00,0.19,0.0,0.0
2016-11-23 05:00:00,0.15,0.0,0.0
2016-11-23 06:00:00,0.09,0.0,0.08222222222222222
2016-11-23 07:00:00,0.0,117.179855,1.0
2016-11-23 08:00:00,0.0,327.35196,1.0
2016-11-23 09:00:00,0.04,495.73938,1.0
2016-11-23 10:00:00,0.18,605.78217,1.0
2016-11-23 11:00:00,0.1,672.21405,1.0
2016-11-23 12:00:00,0.21,648.9896,1.0
2016-11-23 13:00:00,0.05,554.5731,1.0
2016-11-23 14:00:00,0.0,402.0781,1.0
2016-11-23 15:00:00,0.0,203.54439,1.0
2016-11-23 16:00:00,0.0,27.535732,0.6572222222222223
2016-11-23 17:00:00,0.0,0.0,0.0
2016-11-23 18:00:00,0.0,0.0,0.0
2016-11-23 19:00:00,0.0,0.0,0.0
2016-11-23 20:00:00,0.0,0.0,0.0
2016-11-23 21:00:00,0.0,0.0,0.0
2016-11-23 22:00:00,0.0,0.0,0.0
2016-11-23 23:00:00,0.0,0.0,0.0
2016-11-24 00:00:00,0.0,0.0,0.0
2016-11-24 01:00:00,0.0,0.0,0.0
2016-11-24 02:00:00,0.01,0.0,0.0
2016-11-24 03:00:00,0.14,0.0,0.0
2016-11-24 04:00:00,0.57,0.0,0.0
2016-11-24 05:00:00,0.5,0.0,0.0
2016-11-24 06:00:00,0.27,0.0,0.06416666666666666
2016-11-24 07:00:00,0.19,106.754845,1.0
2016-11-24 08:00:00,0.16,326.00455,1.0
2016-11-24 09:00:00,0.23,518.7868,1.0
2016-11-24 10:00:00,0.13,642.945,1.0
2016-11-24 11:00:00,0.02,678.27734,1.0
2016-11-24 12:00:00,0.0,658.29846,1.0
2016-11-24 13:00:00,0.0,562.4946,1.0
2016-11-24 14:00:00,0.0,405.59183,1.0
2016-11-24 15:00:00,0.0,207.45035,1.0
2016-11-24 16:00:00,0.0,27.75029,0.6488888888888888
2016-11-24 17:00:00,0.0,0.0,0.0
2016-11-24 18:00:00,0.0,0.0,0.0
2016-11-24 19:00:00,0.0,0.0,0.0
2016-11-24 20:00:00,0.0,0.0,0.0
2016-11-24 21:00:00,0.0,0.0,0.0
2016-11-24 22:00:00,0.0,0.0,0.0
2016-11-24 23:00:00,0.0,0.0,0.0
2016-11-25 00:00:00,0.0,0.0,0.0
2016-11-25 01:00:00,0.0,0.0,0.0
2016-11-25 02:00:00,0.0,0.0,0.0
2016-11-25 03:00:00,0.0,0.0,0.0
2016-11-25 04:00:00,0.0,0.0,0.0
2016-11-25 05:00:00,0.0,0.0,0.0
2016-11-25 06:00:00,0.0,0.0,0.04638888888888889
2016-11-25 07:00:00,0.0,116.06835,1.0
2016-11-25 08:00:00,0.0,341.459,1.0
2016-11-25 09:00:00,0.0,522.28284,1.0
2016-11-25 10:00:00,0.0,641.2745,1.0
2016-11-25 11:00:00,0.0,687.4281,1.0
2016-11-25 12:00:00,0.0,662.2403,1.0
2016-11-25 13:00:00,0.0,566.063,1.0
2016-11-25 14:00:00,0.0,408.10098,1.0
2016-11-25 15:00:00,0.0,208.24815,1.0
2016-11-25 16:00:00,0.0,26.231453,0.6411111111111111
2016-11-25 17:00:00,0.0,0.0,0.0
2016-11-25 18:00:00,0.0,0.0,0.0
2016-11-25 19:00:00,0.0,0.0,0.0
2016-11-25 20:00:00,0.0,0.0,0.0
2016-11-25 21:00:00,0.0,0.0,0.0
2016-11-25 22:00:00,0.08,0.0,0.0
2016-11-25 23:00:00,0.22,0.0,0.0
2016-11-26 00:00:00,0.3,0.0,0.0
2016-11-26 01:00:00,0.12,0.0,0.0
2016-11-26 02:00:00,0.33,0.0,0.0
2016-11-26 03:00:00,0.56,0.0,0.0
2016-11-26 04:00:00,0.75,0.0,0.0
2016-11-26 05:00:00,0.92,0.0,0.0
2016-11-26 06:00:00,0.87,0.0,0.028888888888888888
2016-11-26 07:00:00,0.92,80.09253,1.0
2016-11-26 08:00:00,0.78,255.73392,1.0
2016-11-26 09:00:00,0.5,481.35406,1.0
2016-11-26 10:00:00,0.12,610.3153,1.0
2016-11-26 11:00:00,0.0,686.6154,1.0
2016-11-26 12:00:00,0.0,662.0524,1.0
2016-11-26 13:00:00,0.0,566.07214,1.0
2016-11-26 14:00:00,0.0,409.3042,1.0
2016-11-26 15:00:00,0.0,209.40895,1.0
2016-11-26 16:00:00,0.0,26.416378,0.6341666666666667
2016-11-26 17:00:00,0.05,0.0,0.0
2016-11-26 18:00:00,0.77,0.0,0.0
2016-11-26 19:00:00,0.99,0.0,0.0
2016-11-26 20:00:00,1.0,0.0,0.0
2016-11-26 21:00:00,1.0,0.0,0.0
2016-11-26 22:00:00,1.0,0.0,0.0
2016-11-26 23:00:00,1.0,0.0,0.0
2016-11-27 00:00:00,1.0,0.0,0.0
2016-11-27 01:00:00,1.0,0.0,0.0
2016-11-27 02:00:00,1.0,0.0,0.0
2016-11-27 03:00:00,0.9,0.0,0.0
2016-11-27 04:00:00,0.98,0.0,0.0
2016-11-27 05:00:00,0.85,0.0,0.0
2016-11-27 06:00:00,0.4,0.0,0.011944444444444445
2016-11-27 07:00:00,0.09,51.085155,1.0
2016-11-27 08:00:00,0.03,161.5118,1.0
2016-11-27 09:00:00,0.17,319.72018,1.0
2016-11-27 10:00:00,0.68,448.41953,1.0
2016-11-27 11:00:00,0.76,544.72217,1.0
2016-11-27 12:00:00,0.49,538.9196,1.0
2016-11-27 13:00:00,0.58,441.01013,1.0
2016-11-27 14:00:00,0.56,306.02512,1.0
2016-11-27 15:00:00,0.46,157.29727,1.0
2016-11-27 16:00:00,0.58,17.770218,0.6275
2016-11-27 17:00:00,0.67,0.0,0.0
2016-11-27 18:00:00,0.67,0.0,0.0
2016-11-27 19:00:00,0.87,0.0,0.0
2016-11-27 20:00:00,0.98,0.0,0.0
2016-11-27 21:00:00,1.0,0.0,0.0
2016-11-27 22:00:00,1.0,0.0,0.0
2016-11-27 23:00:00,1.0,0.0,0.0
2016-11-28 00:00:00,1.0,0.0,0.0
2016-11-28 01:00:00,1.0,0.0,0.0
2016-11-28 02:00:00,0.98,0.0,0.0
2016-11-28 03:00:00,0.93,0.0,0.0
2016-11-28 04:00:00,0.72,0.0,0.0
2016-11-28 05:00:00,0.37,0.0,0.0
2016-11-28 06:00:00,0.2,0.0,0.0
2016-11-28 07:00:00,0.19,91.06125,0.995
2016-11-28 08:00:00,0.93,288.739,1.0
2016-11-28 09:00:00,0.97,412.5419,1.0
2016-11-28 10:00:00,0.96,491.67978,1.0
2016-11-28 11:00:00,0.97,422.83893,1.0
2016-11-28 12:00:00,0.97,239.54033,1.0
2016-11-28 13:00:00,1.0,289.80383,1.0
2016-11-28 14:00:00,1.0,201.77678,1.0
2016-11-28 15:00:00,0.97,85.694824,1.0
2016-11-28 16:00:00,0.91,11.721324,0.6216666666666667
2016-11-28 17:00:00,0.91,0.0,0.0
2016-11-28 18:00:00,0.96,0.0,0.0
2016-11-28 19:00:00,0.95,0.0,0.0
2016-11-28 20:00:00,0.91,0.0,0.0
2016-11-28 21:00:00,0.95,0.0,0.0
2016-11-28 22:00:00,0.97,0.0,0.0
2016-11-28 23:00:00,0.94,0.0,0.0
2016-11-29 00:00:00,0.91,0.0,0.0
2016-11-29 01:00:00,0.88,0.0,0.0
2016-11-29 02:00:00,0.75,0.0,0.0
2016-11-29 03:00:00,0.38,0.0,0.0
2016-11-29 04:00:00,0.19,0.0,0.0
2016-11-29 05:00:00,0.35,0.0,0.0
2016-11-29 06:00:00,0.79,0.0,0.0
2016-11-29 07:00:00,0.98,35.74408,0.9786111111111111
2016-11-29 08:00:00,0.98,127.9557,1.0
2016-11-29 09:00:00,0.98,241.28162,1.0
2016-11-29 10:00:00,0.97,342.22693,1.0
2016-11-29 11:00:00,0.98,372.9625,1.0
2016-11-29 12:00:00,0.99,357.73145,1.0
2016-11-29 13:00:00,0.99,313.7384,1.0
2016-11-29 14:00:00,0.97,208.23607,1.0
2016-11-29 15:00:00,0.88,108.26063,1.0
2016-11-29 16:00:00,0.77,14.340241,0.6163888888888889
2016-11-29 17:00:00,0.75,0.0,0.0
2016-11-29 18:00:00,0.87,0.0,0.0
2016-11-29 19:00:00,0.82,0.0,0.0
2016-11-29 20:00:00,0.1,0.0,0.0
2016-11-29 21:00:00,0.01,0.0,0.0
2016-11-29 22:00:00,0.1,0.0,0.0
2016-11-29 23:00:00,0.24,0.0,0.0
2016-11-30 00:00:00,0.25,0.0,0.0
2016-11-30 01:00:00,0.22,0.0,0.0
2016-11-30 02:00:00,0.24,0.0,0.0
2016-11-30 03:00:00,0.01,0.0,0.0
2016-11-30 04:00:00,0.01,0.0,0.0
2016-11-30 05:00:00,0.0,0.0,0.0
2016-11-30 06:00:00,0.0,0.0,0.0
2016-11-30 07:00:00,0.0,93.416405,0.9625
2016-11-30 08:00:00,0.0,299.2019,1.0
2016-11-30 09:00:00,0.02,478.78857,1.0
2016-11-30 10:00:00,0.03,621.5117,1.0
2016-11-30 11:00:00,0.0,660.37634,1.0
2016-11-30 12:00:00,0.0,641.9151,1.0
2016-11-30 13:00:00,0.0,549.5087,1.0
2016-11-30 14:00:00,0.0,397.271,1.0
2016-11-30 15:00:00,0.0,201.40208,1.0
2016-11-30 16:00:00,0.0,24.275095,0.6119444444444444
2016-11-30 17:00:00,0.0,0.0,0.0
2016-11-30 18:00:00,0.04,0.0,0.0
2016-11-30 19:00:00,0.14,0.0,0.0
2016-11-30 20:00:00,0.03,0.0,0.0
2016-11-30 21:00:00,0.02,0.0,0.0
2016-11-30 22:00:00,0.0,0.0,0.0
2016-11-30 23:00:00,0.0,0.0,0.0
2016-12-01 00:00:00,0.0,0.0,0.0
2016-12-01 01:00:00,0.06,0.0,0.0
2016-12-01 02:00:00,0.4,0.0,0.0
2016-12-01 03:00:00,0.66,0.0,0.0
2016-12-01 04:00:00,0.82,0.0,0.0
2016-12-01 05:00:00,0.9,0.0,0.0
2016-12-01 06:00:00,0.92,0.0,0.0
2016-12-01 07:00:00,0.95,43.409252,0.9463888888888888
2016-12-01 08:00:00,0.9,195.46533,1.0
2016-12-01 09:00:00,0.79,423.7248,1.0
2016-12-01 10:00:00,0.62,549.6967,1.0
2016-12-01 11:00:00,0.76,572.9909,1.0
2016-12-01 12:00:00,0.8,569.74023,1.0
2016-12-01 13:00:00,0.89,418.34247,1.0
2016-12-01 14:00:00,0.87,327.38104,1.0
2016-12-01 15:00:00,0.91,164.75357,1.0
2016-12-01 16:00:00,0.91,16.258501,0.6080555555555556
2016-12-01 17:00:00,1.0,0.0,0.0
2016-12-01 18:00:00,0.91,0.0,0.0
2016-12-01 19:00:00,0.92,0.0,0.0
2016-12-01 20:00:00,0.86,0.0,0.0
2016-12-01 21:00:00,0.73,0.0,0.0
2016-12-01 22:00:00,0.73,0.0,0.0
2016-12-01 23:00:00,0.73,0.0,0.0
2016-12-02 00:00:00,0.72,0.0,0.0
2016-12-02 01:00:00,0.66,0.0,0.0
2016-12-02 02:00:00,0.51,0.0,0.0
2016-12-02 03:00:00,0.74,0.0,0.0
2016-12-02 04:00:00,0.63,0.0,0.0
2016-12-02 05:00:00,0.84,0.0,0.0
2016-12-02 06:00:00,0.82,0.0,0.0
2016-12-02 07:00:00,0.97,56.802017,0.9305555555555556
2016-12-02 08:00:00,0.99,217.83029,1.0
2016-12-02 09:00:00,0.94,295.47998,1.0
2016-12-02 10:00:00,0.98,382.62247,1.0
2016-12-02 11:00:00,0.99,223.63464,1.0
2016-12-02 12:00:00,1.0,190.40852,1.0
2016-12-02 13:00:00,1.0,206.15778,1.0
2016-12-02 14:00:00,1.0,158.95325,1.0
2016-12-02 15:00:00,0.97,89.79374,1.0
2016-12-02 16:00:00,0.96,9.793348,0.6047222222222223
2016-12-02 17:00:00,0.97,0.0,0.0
2016-12-02 18:00:00,0.93,0.0,0.0
2016-12-02 19:00:00,0.58,0.0,0.0
2016-12-02 20:00:00,0.41,0.0,0.0
2016-12-02 21:00:00,0.17,0.0,0.0
2016-12-02 22:00:00,0.05,0.0,0.0
2016-12-02 23:00:00,0.06,0.0,0.0
2016-12-03 00:00:00,0.05,0.0,0.0
2016-12-03 01:00:00,0.06,0.0,0.0
2016-12-03 02:00:00,0.01,0.0,0.0
2016-12-03 03:00:00,0.04,0.0,0.0
2016-12-03 04:00:00,0.03,0.0,0.0
2016-12-03 05:00:00,0.02,0.0,0.0
2016-12-03 06:00:00,0.14,0.0,0.0
2016-12-03 07:00:00,0.2,59.148888,0.9147222222222222
2016-12-03 08:00:00,0.3,237.32217,1.0
2016-12-03 09:00:00,0.25,431.4558,1.0
2016-12-03 10:00:00,0.42,564.85095,1.0
2016-12-03 11:00:00,0.73,589.15234,1.0
2016-12-03 12:00:00,0.83,522.1897,1.0
2016-12-03 13:00:00,0.73,402.5585,1.0
2016-12-03 14:00:00,0.84,177.4777,1.0
2016-12-03 15:00:00,0.16,167.17043,1.0
2016-12-03 16:00:00,0.01,22.789106,0.6022222222222222
2016-12-03 17:00:00,0.01,0.0,0.0
2016-12-03 18:00:00,0.07,0.0,0.0
2016-12-03 19:00:00,0.13,0.0,0.0
2016-12-03 20:00:00,0.1,0.0,0.0
2016-12-03 21:00:00,0.22,0.0,0.0
2016-12-03 22:00:00,0.04,0.0,0.0
2016-12-03 23:00:00,0.0,0.0,0.0
2016-12-04 00:00:00,0.04,0.0,0.0
2016-12-04 01:00:00,0.03,0.0,0.0
2016-12-04 02:00:00,0.02,0.0,0.0
2016-12-04 03:00:00,0.02,0.0,0.0
2016-12-04 04:00:00,0.02,0.0,0.0
2016-12-04 05:00:00,0.03,0.0,0.0
2016-12-04 06:00:00,0.01,0.0,0.0
2016-12-04 07:00:00,0.01,77.21256,0.8991666666666667
2016-12-04 08:00:00,0.01,297.2878,1.0
2016-12-04 09:00:00,0.0,475.4599,1.0
2016-12-04 10:00:00,0.0,592.81445,1.0
2016-12-04 11:00:00,0.0,638.6915,1.0
2016-12-04 12:00:00,0.0,619.4194,1.0
2016-12-04 13:00:00,0.0,529.61145,1.0
2016-12-04 14:00:00,0.05,375.007,1.0
2016-12-04 15:00:00,0.41,187.04082,1.0
2016-12-04 16:00:00,0.43,21.016552,0.6005555555555555
2016-12-04 17:00:00,0.25,0.0,0.0
2016-12-04 18:00:00,0.02,0.0,0.0
2016-12-04 19:00:00,0.29,0.0,0.0
2016-12-04 20:00:00,0.21,0.0,0.0
2016-12-04 21:00:00,0.45,0.0,0.0
2016-12-04 22:00:00,0.48,0.0,0.0
2016-12-04 23:00:00,0.24,0.0,0.0
2016-12-05 00:00:00,0.17,0.0,0.0
2016-12-05 01:00:00,0.03,0.0,0.0
2016-12-05 02:00:00,0.0,0.0,0.0
2016-12-05 03:00:00,0.0,0.0,0.0
2016-12-05 04:00:00,0.28,0.0,0.0
2016-12-05 05:00:00,0.47,0.0,0.0
2016-12-05 06:00:00,0.03,0.0,0.0
2016-12-05 07:00:00,0.28,66.17284,0.8836111111111111
2016-12-05 08:00:00,0.31,234.19833,1.0
2016-12-05 09:00:00,0.29,376.2234,1.0
2016-12-05 10:00:00,0.58,516.4571,1.0
2016-12-05 11:00:00,0.29,603.8179,1.0
2016-12-05 12:00:00,0.21,605.964,1.0
2016-12-05 13:00:00,0.45,494.66275,1.0
2016-12-05 14:00:00,0.81,347.39417,1.0
2016-12-05 15:00:00,0.49,158.97476,1.0
2016-12-05 16:00:00,0.66,17.337002,0.5991666666666666
2016-12-05 17:00:00,0.74,0.0,0.0
2016-12-05 18:00:00,0.63,0.0,0.0
2016-12-05 19:00:00,0.66,0.0,0.0
2016-12-05 20:00:00,0.73,0.0,0.0
2016-12-05 21:00:00,0.83,0.0,0.0
2016-12-05 22:00:00,0.83,0.0,0.0
2016-12-05 23:00:00,0.77,0.0,0.0
2016-12-06 00:00:00,0.75,0.0,0.0
2016-12-06 01:00:00,0.59,0.0,0.0
2016-12-06 02:00:00,0.29,0.0,0.0
2016-12-06 03:00:00,0.21,0.0,0.0
2016-12-06 04:00:00,0.08,0.0,0.0
2016-12-06 05:00:00,0.05,0.0,0.0
2016-12-06 06:00:00,0.04,0.0,0.0
2016-12-06 07:00:00,0.03,72.42806,0.8686111111111111
2016-12-06 08:00:00,0.03,293.95395,1.0
2016-12-06 09:00:00,0.01,474.72937,1.0
2016-12-06 10:00:00,0.0,595.40045,1.0
2016-12-06 11:00:00,0.02,640.32947,1.0
2016-12-06 12:00:00,0.41,553.1372,1.0
2016-12-06 13:00:00,0.94,413.50064,1.0
2016-12-06 14:00:00,1.0,148.72243,1.0
2016-12-06 15:00:00,1.0,59.635384,1.0
2016-12-06 16:00:00,1.0,6.9574614,0.5986111111111111
2016-12-06 17:00:00,0.95,0.0,0.0
2016-12-06 18:00:00,0.91,0.0,0.0
2016-12-06 19:00:00,0.93,0.0,0.0
2016-12-06 20:00:00,1.0,0.0,0.0
2016-12-06 21:00:00,1.0,0.0,0.0
2016-12-06 22:00:00,1.0,0.0,0.0
2016-12-06 23:00:00,1.0,0.0,0.0
2016-12-07 00:00:00,1.0,0.0,0.0
2016-12-07 01:00:00,1.0,0.0,0.0
2016-12-07 02:00:00,1.0,0.0,0.0
2016-12-07 03:00:00,1.0,0.0,0.0
2016-12-07 04:00:00,0.99,0.0,0.0
2016-12-07 05:00:00,0.86,0.0,0.0
2016-12-07 06:00:00,0.88,0.0,0.0
2016-12-07 07:00:00,0.98,28.890871,0.8536111111111111
2016-12-07 08:00:00,1.0,91.41775,1.0
2016-12-07 09:00:00,1.0,189.40529,1.0
2016-12-07 10:00:00,1.0,310.37347,1.0
2016-12-07 11:00:00,0.97,326.4309,1.0
2016-12-07 12:00:00,0.95,347.85785,1.0
2016-12-07 13:00:00,0.94,423.7121,1.0
2016-12-07 14:00:00,0.98,259.60468,1.0
2016-12-07 15:00:00,0.91,119.65594,1.0
2016-12-07 16:00:00,0.61,13.729758,0.5986111111111111
2016-12-07 17:00:00,0.13,0.0,0.0
2016-12-07 18:00:00,0.01,0.0,0.0
2016-12-07 19:00:00,0.0,0.0,0.0
2016-12-07 20:00:00,0.02,0.0,0.0
2016-12-07 21:00:00,0.02,0.0,0.0
2016-12-07 22:00:00,0.0,0.0,0.0
2016-12-07 23:00:00,0.0,0.0,0.0
2016-12-08 00:00:00,0.0,0.0,0.0
2016-12-08 01:00:00,0.0,0.0,0.0
2016-12-08 02:00:00,0.0,0.0,0.0
2016-12-08 03:00:00,0.02,0.0,0.0
2016-12-08 04:00:00,0.06,0.0,0.0
2016-12-08 05:00:00,0.07,0.0,0.0
2016-12-08 06:00:00,0.0,0.0,0.0
2016-12-08 07:00:00,0.01,68.42123,0.8391666666666666
2016-12-08 08:00:00,0.06,279.6219,1.0
2016-12-08 09:00:00,0.22,467.74884,1.0
2016-12-08 10:00:00,0.33,597.2624,1.0
2016-12-08 11:00:00,0.02,654.6941,1.0
2016-12-08 12:00:00,0.0,637.75867,1.0
2016-12-08 13:00:00,0.0,542.2502,1.0
2016-12-08 14:00:00,0.0,391.16214,1.0
2016-12-08 15:00:00,0.1,194.29375,1.0
2016-12-08 16:00:00,0.04,20.360989,0.5991666666666666
2016-12-08 17:00:00,0.1,0.0,0.0
2016-12-08 18:00:00,0.05,0.0,0.0
2016-12-08 19:00:00,0.54,0.0,0.0
2016-12-08 20:00:00,0.66,0.0,0.0
2016-12-08 21:00:00,0.63,0.0,0.0
2016-12-08 22:00:00,0.49,0.0,0.0
2016-12-08 23:00:00,0.0,0.0,0.0
2016-12-09 00:00:00,0.23,0.0,0.0
2016-12-09 01:00:00,0.13,0.0,0.0
2016-12-09 02:00:00,0.18,0.0,0.0
2016-12-09 03:00:00,0.31,0.0,0.0
2016-12-09 04:00:00,0.28,0.0,0.0
2016-12-09 05:00:00,0.2,0.0,0.0
2016-12-09 06:00:00,0.16,0.0,0.0
2016-12-09 07:00:00,0.15,57.375328,0.8247222222222222
2016-12-09 08:00:00,0.0,254.1061,1.0
2016-12-09 09:00:00,0.0,451.07202,1.0
2016-12-09 10:00:00,0.04,576.0367,1.0
2016-12-09 11:00:00,0.19,608.79456,1.0
2016-12-09 12:00:00,0.17,594.9311,1.0
2016-12-09 13:00:00,0.29,504.8081,1.0
2016-12-09 14:00:00,0.92,349.2465,1.0
2016-12-09 15:00:00,0.9,154.51859,1.0
2016-12-09 16:00:00,0.66,21.31298,0.6002777777777778
2016-12-09 17:00:00,0.25,0.0,0.0
2016-12-09 18:00:00,0.43,0.0,0.0
2016-12-09 19:00:00,0.66,0.0,0.0
2016-12-09 20:00:00,0.69,0.0,0.0
2016-12-09 21:00:00,0.87,0.0,0.0
2016-12-09 22:00:00,0.43,0.0,0.0
2016-12-09 23:00:00,0.26,0.0,0.0
2016-12-10 00:00:00,0.21,0.0,0.0
2016-12-10 01:00:00,0.11,0.0,0.0
2016-12-10 02:00:00,0.66,0.0,0.0
2016-12-10 03:00:00,0.19,0.0,0.0
2016-12-10 04:00:00,0.04,0.0,0.0
2016-12-10 05:00:00,0.3,0.0,0.0
2016-12-10 06:00:00,0.32,0.0,0.0
2016-12-10 07:00:00,0.01,63.8828,0.8108333333333333
2016-12-10 08:00:00,0.01,239.59401,1.0
2016-12-10 09:00:00,0.51,391.53275,1.0
2016-12-10 10:00:00,0.99,523.1679,1.0
2016-12-10 11:00:00,0.99,422.00278,1.0
2016-12-10 12:00:00,0.98,530.4873,1.0
2016-12-10 13:00:00,0.94,420.5586,1.0
2016-12-10 14:00:00,0.99,274.66107,1.0
2016-12-10 15:00:00,0.96,144.71205,1.0
2016-12-10 16:00:00,0.98,17.52049,0.6022222222222222
2016-12-10 17:00:00,0.01,0.0,0.0
2016-12-10 18:00:00,0.98,0.0,0.0
2016-12-10 19:00:00,1.0,0.0,0.0
2016-12-10 20:00:00,0.93,0.0,0.0
2016-12-10 21:00:00,0.6,0.0,0.0
2016-12-10 22:00:00,0.06,0.0,0.0
2016-12-10 23:00:00,0.34,0.0,0.0
2016-12-11 00:00:00,0.54,0.0,0.0
2016-12-11 01:00:00,0.99,0.0,0.0
2016-12-11 02:00:00,0.97,0.0,0.0
2016-12-11 03:00:00,0.97,0.0,0.0
2016-12-11 04:00:00,1.0,0.0,0.0
2016-12-11 05:00:00,0.96,0.0,0.0
2016-12-11 06:00:00,1.0,0.0,0.0
2016-12-11 07:00:00,0.99,33.606865,0.7975
2016-12-11 08:00:00,0.96,127.60585,1.0
2016-12-11 09:00:00,0.28,220.56195,1.0
2016-12-11 10:00:00,0.35,429.99118,1.0
2016-12-11 11:00:00,0.38,561.17175,1.0
2016-12-11 12:00:00,0.78,556.1054,1.0
2016-12-11 13:00:00,0.68,437.83105,1.0
2016-12-11 14:00:00,0.55,335.5366,1.0
2016-12-11 15:00:00,0.25,173.5119,1.0
2016-12-11 16:00:00,0.22,18.533506,0.6044444444444445
2016-12-11 17:00:00,0.16,0.0,0.0
2016-12-11 18:00:00,0.34,0.0,0.0
2016-12-11 19:00:00,0.35,0.0,0.0
2016-12-11 20:00:00,0.27,0.0,0.0
2016-12-11 21:00:00,0.05,0.0,0.0
2016-12-11 22:00:00,0.06,0.0,0.0
2016-12-11 23:00:00,0.11,0.0,0.0
2016-12-12 00:00:00,0.13,0.0,0.0
2016-12-12 01:00:00,0.17,0.0,0.0
2016-12-12 02:00:00,0.15,0.0,0.0
2016-12-12 03:00:00,0.2,0.0,0.0
2016-12-12 04:00:00,0.24,0.0,0.0
2016-12-12 05:00:00,0.48,0.0,0.0
2016-12-12 06:00:00,0.13,0.0,0.0
2016-12-12 07:00:00,0.29,47.756653,0.7844444444444445
2016-12-12 08:00:00,0.26,226.33063,1.0
2016-12-12 09:00:00,0.18,383.70834,1.0
2016-12-12 10:00:00,0.16,540.3452,1.0
2016-12-12 11:00:00,0.04,600.7929,1.0
2016-12-12 12:00:00,0.15,550.6502,1.0
2016-12-12 13:00:00,0.11,505.2623,1.0
2016-12-12 14:00:00,0.37,359.6823,1.0
2016-12-12 15:00:00,0.49,189.80472,1.0
2016-12-12 16:00:00,0.61,21.39333,0.6075
2016-12-12 17:00:00,0.71,0.0,0.0
2016-12-12 18:00:00,0.7,0.0,0.0
2016-12-12 19:00:00,0.51,0.0,0.0
2016-12-12 20:00:00,0.37,0.0,0.0
2016-12-12 21:00:00,0.31,0.0,0.0
2016-12-12 22:00:00,0.32,0.0,0.0
2016-12-12 23:00:00,0.17,0.0,0.0
2016-12-13 00:00:00,0.04,0.0,0.0
2016-12-13 01:00:00,0.01,0.0,0.0
2016-12-13 02:00:00,0.03,0.0,0.0
2016-12-13 03:00:00,0.06,0.0,0.0
2016-12-13 04:00:00,0.06,0.0,0.0
2016-12-13 05:00:00,0.04,0.0,0.0
2016-12-13 06:00:00,0.03,0.0,0.0
2016-12-13 07:00:00,0.04,51.618515,0.7719444444444444
2016-12-13 08:00:00,0.01,245.17361,1.0
2016-12-13 09:00:00,0.02,430.81665,1.0
2016-12-13 10:00:00,0.11,552.34717,1.0
2016-12-13 11:00:00,0.08,589.9084,1.0
2016-12-13 12:00:00,0.08,572.5585,1.0
2016-12-13 13:00:00,0.27,471.08646,1.0
2016-12-13 14:00:00,0.27,353.57562,1.0
2016-12-13 15:00:00,0.02,177.70555,1.0
2016-12-13 16:00:00,0.03,20.4757,0.6108333333333333
2016-12-13 17:00:00,0.03,0.0,0.0
2016-12-13 18:00:00,0.0,0.0,0.0
2016-12-13 19:00:00,0.0,0.0,0.0
2016-12-13 20:00:00,0.0,0.0,0.0
2016-12-13 21:00:00,0.01,0.0,0.0
2016-12-13 22:00:00,0.05,0.0,0.0
2016-12-13 23:00:00,0.03,0.0,0.0
2016-12-14 00:00:00,0.05,0.0,0.0
2016-12-14 01:00:00,0.0,0.0,0.0
2016-12-14 02:00:00,0.0,0.0,0.0
2016-12-14 03:00:00,0.03,0.0,0.0
2016-12-14 04:00:00,0.78,0.0,0.0
2016-12-14 05:00:00,0.96,0.0,0.0
2016-12-14 06:00:00,0.99,0.0,0.0
2016-12-14 07:00:00,1.0,39.0269,0.76
2016-12-14 08:00:00,0.87,198.39696,1.0
2016-12-14 09:00:00,0.96,350.40237,1.0
2016-12-14 10:00:00,0.94,475.79965,1.0
2016-12-14 11:00:00,0.35,547.34424,1.0
2016-12-14 12:00:00,0.38,490.7623,1.0
2016-12-14 13:00:00,0.43,424.62357,1.0
2016-12-14 14:00:00,0.47,253.88274,1.0
2016-12-14 15:00:00,0.37,156.5122,1.0
2016-12-14 16:00:00,0.51,18.555471,0.615
2016-12-14 17:00:00,0.67,0.0,0.0
2016-12-14 18:00:00,0.38,0.0,0.0
2016-12-14 19:00:00,0.49,0.0,0.0
2016-12-14 20:00:00,0.49,0.0,0.0
2016-12-14 21:00:00,0.34,0.0,0.0
2016-12-14 22:00:00,0.33,0.0,0.0
2016-12-14 23:00:00,0.34,0.0,0.0
2016-12-15 00:00:00,0.33,0.0,0.0
2016-12-15 01:00:00,0.19,0.0,0.0
2016-12-15 02:00:00,0.51,0.0,0.0
2016-12-15 03:00:00,0.95,0.0,0.0
2016-12-15 04:00:00,0.98,0.0,0.0
2016-12-15 05:00:00,0.82,0.0,0.0
2016-12-15 06:00:00,0.35,0.0,0.0
2016-12-15 07:00:00,0.26,43.063797,0.7486111111111111
2016-12-15 08:00:00,0.0,218.51935,1.0
2016-12-15 09:00:00,0.0,410.8942,1.0
2016-12-15 10:00:00,0.24,536.4674,1.0
2016-12-15 11:00:00,0.3,628.45966,1.0
2016-12-15 12:00:00,0.55,586.6001,1.0
2016-12-15 13:00:00,0.48,514.7691,1.0
2016-12-15 14:00:00,0.06,383.58438,1.0
2016-12-15 15:00:00,0.21,196.27002,1.0
2016-12-15 16:00:00,0.34,23.320717,0.6194444444444445
2016-12-15 17:00:00,0.91,0.0,0.0
2016-12-15 18:00:00,0.61,0.0,0.0
2016-12-15 19:00:00,0.24,0.0,0.0
2016-12-15 20:00:00,0.39,0.0,0.0
2016-12-15 21:00:00,0.26,0.0,0.0
2016-12-15 22:00:00,0.87,0.0,0.0
2016-12-15 23:00:00,0.99,0.0,0.0
2016-12-16 00:00:00,0.99,0.0,0.0
2016-12-16 01:00:00,1.0,0.0,0.0
2016-12-16 02:00:00,1.0,0.0,0.0
2016-12-16 03:00:00,1.0,0.0,0.0
2016-12-16 04:00:00,1.0,0.0,0.0
2016-12-16 05:00:00,1.0,0.0,0.0
2016-12-16 06:00:00,1.0,0.0,0.0
2016-12-16 07:00:00,0.9,16.896692,0.7377777777777778
2016-12-16 08:00:00,0.71,158.67877,1.0
2016-12-16 09:00:00,0.02,404.4993,1.0
2016-12-16 10:00:00,0.4,504.73486,1.0
2016-12-16 11:00:00,1.0,443.1826,1.0
2016-12-16 12:00:00,0.93,450.7739,1.0
2016-12-16 13:00:00,0.08,436.4321,1.0
2016-12-16 14:00:00,0.2,320.34296,1.0
2016-12-16 15:00:00,0.51,146.03654,1.0
2016-12-16 16:00:00,0.57,18.541086,0.6247222222222222
2016-12-16 17:00:00,0.62,0.0,0.0
2016-12-16 18:00:00,0.77,0.0,0.0
2016-12-16 19:00:00,0.89,0.0,0.0
2016-12-16 20:00:00,0.99,0.0,0.0
2016-12-16 21:00:00,0.97,0.0,0.0
2016-12-16 22:00:00,0.98,0.0,0.0
2016-12-16 23:00:00,0.99,0.0,0.0
2016-12-17 00:00:00,0.99,0.0,0.0
2016-12-17 01:00:00,1.0,0.0,0.0
2016-12-17 02:00:00,1.0,0.0,0.0
2016-12-17 03:00:00,1.0,0.0,0.0
2016-12-17 04:00:00,1.0,0.0,0.0
2016-12-17 05:00:00,0.93,0.0,0.0
2016-12-17 06:00:00,0.94,0.0,0.0
2016-12-17 07:00:00,0.98,12.802052,0.7275
2016-12-17 08:00:00,1.0,93.35505,1.0
2016-12-17 09:00:00,1.0,182.3005,1.0
2016-12-17 10:00:00,1.0,268.50354,1.0
2016-12-17 11:00:00,0.91,505.8228,1.0
2016-12-17 12:00:00,0.88,513.4667,1.0
2016-12-17 13:00:00,0.82,411.37878,1.0
2016-12-17 14:00:00,0.41,336.1749,1.0
2016-12-17 15:00:00,0.09,194.7653,1.0
2016-12-17 16:00:00,0.08,25.19533,0.6302777777777778
2016-12-17 17:00:00,0.02,0.0,0.0
2016-12-17 18:00:00,0.0,0.0,0.0
2016-12-17 19:00:00,0.0,0.0,0.0
2016-12-17 20:00:00,0.0,0.0,0.0
2016-12-17 21:00:00,0.0,0.0,0.0
2016-12-17 22:00:00,0.0,0.0,0.0
2016-12-17 23:00:00,0.0,0.0,0.0
2016-12-18 00:00:00,0.2,0.0,0.0
2016-12-18 01:00:00,0.62,0.0,0.0
2016-12-18 02:00:00,0.63,0.0,0.0
2016-12-18 03:00:00,0.48,0.0,0.0
2016-12-18 04:00:00,0.23,0.0,0.0
2016-12-18 05:00:00,0.25,0.0,0.0
2016-12-18 06:00:00,0.01,0.0,0.0
2016-12-18 07:00:00,0.0,49.42592,0.7177777777777777
2016-12-18 08:00:00,0.0,274.57474,1.0
2016-12-18 09:00:00,0.0,469.32272,1.0
2016-12-18 10:00:00,0.0,603.7953,1.0
2016-12-18 11:00:00,0.0,660.3269,1.0
2016-12-18 12:00:00,0.0,649.60565,1.0
2016-12-18 13:00:00,0.0,563.50305,1.0
2016-12-18 14:00:00,0.0,414.07092,1.0
2016-12-18 15:00:00,0.0,216.4893,1.0
2016-12-18 16:00:00,0.0,29.0573,0.6363888888888889
2016-12-18 17:00:00,0.0,0.0,0.0
2016-12-18 18:00:00,0.0,0.0,0.0
2016-12-18 19:00:00,0.0,0.0,0.0
2016-12-18 20:00:00,0.0,0.0,0.0
2016-12-18 21:00:00,0.0,0.0,0.0
2016-12-18 22:00:00,0.0,0.0,0.0
2016-12-18 23:00:00,0.21,0.0,0.0
2016-12-19 00:00:00,0.09,0.0,0.0
2016-12-19 01:00:00,0.0,0.0,0.0
2016-12-19 02:00:00,0.0,0.0,0.0
2016-12-19 03:00:00,0.0,0.0,0.0
2016-12-19 04:00:00,0.0,0.0,0.0
2016-12-19 05:00:00,0.0,0.0,0.0
2016-12-19 06:00:00,0.0,0.0,0.0
2016-12-19 07:00:00,0.0,51.598827,0.7088888888888889
2016-12-19 08:00:00,0.0,275.87662,1.0
2016-12-19 09:00:00,0.0,468.78424,1.0
2016-12-19 10:00:00,0.0,599.96545,1.0
2016-12-19 11:00:00,0.0,656.8885,1.0
2016-12-19 12:00:00,0.0,643.2028,1.0
2016-12-19 13:00:00,0.0,558.3512,1.0
2016-12-19 14:00:00,0.0,408.73727,1.0
2016-12-19 15:00:00,0.22,213.4687,1.0
2016-12-19 16:00:00,0.17,29.004944,0.6427777777777778
2016-12-19 17:00:00,0.55,0.0,0.0
2016-12-19 18:00:00,0.5,0.0,0.0
2016-12-19 19:00:00,0.12,0.0,0.0
2016-12-19 20:00:00,0.62,0.0,0.0
2016-12-19 21:00:00,0.89,0.0,0.0
2016-12-19 22:00:00,0.87,0.0,0.0
2016-12-19 23:00:00,0.96,0.0,0.0
2016-12-20 00:00:00,1.0,0.0,0.0
2016-12-20 01:00:00,1.0,0.0,0.0
2016-12-20 02:00:00,0.99,0.0,0.0
2016-12-20 03:00:00,0.99,0.0,0.0
2016-12-20 04:00:00,1.0,0.0,0.0
2016-12-20 05:00:00,0.99,0.0,0.0
2016-12-20 06:00:00,0.96,0.0,0.0
2016-12-20 07:00:00,0.91,35.31364,0.7005555555555556
2016-12-20 08:00:00,0.93,226.10753,1.0
2016-12-20 09:00:00,0.71,423.45157,1.0
2016-12-20 10:00:00,0.61,468.6863,1.0
2016-12-20 11:00:00,0.42,589.15674,1.0
2016-12-20 12:00:00,0.15,586.50714,1.0
2016-12-20 13:00:00,0.18,472.1704,1.0
2016-12-20 14:00:00,0.21,362.69543,1.0
2016-12-20 15:00:00,0.62,192.27812,1.0
2016-12-20 16:00:00,0.4,27.040653,0.65
2016-12-20 17:00:00,0.34,0.0,0.0
2016-12-20 18:00:00,0.25,0.0,0.0
2016-12-20 19:00:00,0.25,0.0,0.0
2016-12-20 20:00:00,0.19,0.0,0.0
2016-12-20 21:00:00,0.24,0.0,0.0
2016-12-20 22:00:00,0.14,0.0,0.0
2016-12-20 23:00:00,0.16,0.0,0.0
2016-12-21 00:00:00,0.02,0.0,0.0
2016-12-21 01:00:00,0.34,0.0,0.0
2016-12-21 02:00:00,0.66,0.0,0.0
2016-12-21 03:00:00,0.55,0.0,0.0
2016-12-21 04:00:00,0.46,0.0,0.0
2016-12-21 05:00:00,0.4,0.0,0.0
2016-12-21 06:00:00,0.01,0.0,0.0
2016-12-21 07:00:00,0.67,37.400295,0.6927777777777778
2016-12-21 08:00:00,0.84,217.70985,1.0
2016-12-21 09:00:00,0.78,388.9048,1.0
2016-12-21 10:00:00,0.59,562.80035,1.0
2016-12-21 11:00:00,0.01,625.5747,1.0
2016-12-21 12:00:00,0.02,611.44366,1.0
2016-12-21 13:00:00,0.03,522.70795,1.0
2016-12-21 14:00:00,0.13,375.2952,1.0
2016-12-21 15:00:00,0.07,198.66118,1.0
2016-12-21 16:00:00,0.77,26.877462,0.6577777777777778
2016-12-21 17:00:00,0.94,0.0,0.0
2016-12-21 18:00:00,0.98,0.0,0.0
2016-12-21 19:00:00,0.9,0.0,0.0
2016-12-21 20:00:00,0.68,0.0,0.0
2016-12-21 21:00:00,0.81,0.0,0.0
2016-12-21 22:00:00,0.93,0.0,0.0
2016-12-21 23:00:00,0.91,0.0,0.0
2016-12-22 00:00:00,1.0,0.0,0.0
2016-12-22 01:00:00,1.0,0.0,0.0
2016-12-22 02:00:00,1.0,0.0,0.0
2016-12-22 03:00:00,1.0,0.0,0.0
2016-12-22 04:00:00,1.0,0.0,0.0
2016-12-22 05:00:00,1.0,0.0,0.0
2016-12-22 06:00:00,1.0,0.0,0.0
2016-12-22 07:00:00,1.0,11.927076,0.6852777777777778
2016-12-22 08:00:00,1.0,99.75892,1.0
2016-12-22 09:00:00,1.0,190.37456,1.0
2016-12-22 10:00:00,1.0,258.80566,1.0
2016-12-22 11:00:00,1.0,277.9193,1.0
2016-12-22 12:00:00,1.0,262.57742,1.0
2016-12-22 13:00:00,1.0,227.6928,1.0
2016-12-22 14:00:00,0.96,277.8088,1.0
2016-12-22 15:00:00,0.99,160.81963,1.0
2016-12-22 16:00:00,0.95,18.572798,0.6663888888888889
2016-12-22 17:00:00,0.97,0.0,0.0
2016-12-22 18:00:00,0.97,0.0,0.0
2016-12-22 19:00:00,0.85,0.0,0.0
2016-12-22 20:00:00,0.71,0.0,0.0
2016-12-22 21:00:00,0.82,0.0,0.0
2016-12-22 22:00:00,1.0,0.0,0.0
2016-12-22 23:00:00,1.0,0.0,0.0
2016-12-23 00:00:00,1.0,0.0,0.0
2016-12-23 01:00:00,0.98,0.0,0.0
2016-12-23 02:00:00,0.54,0.0,0.0
2016-12-23 03:00:00,0.45,0.0,0.0
2016-12-23 04:00:00,0.7,0.0,0.0
2016-12-23 05:00:00,0.77,0.0,0.0
2016-12-23 06:00:00,0.79,0.0,0.0
2016-12-23 07:00:00,0.68,25.793177,0.6783333333333333
2016-12-23 08:00:00,0.39,204.73747,1.0
2016-12-23 09:00:00,0.27,354.4013,1.0
2016-12-23 10:00:00,0.1,561.90753,1.0
2016-12-23 11:00:00,0.03,638.323,1.0
2016-12-23 12:00:00,0.0,629.4164,1.0
2016-12-23 13:00:00,0.0,546.6033,1.0
2016-12-23 14:00:00,0.0,405.6069,1.0
2016-12-23 15:00:00,0.01,215.7293,1.0
2016-12-23 16:00:00,0.0,32.431015,0.6758333333333333
2016-12-23 17:00:00,0.0,0.0,0.0
2016-12-23 18:00:00,0.01,0.0,0.0
2016-12-23 19:00:00,0.25,0.0,0.0
2016-12-23 20:00:00,0.83,0.0,0.0
2016-12-23 21:00:00,0.99,0.0,0.0
2016-12-23 22:00:00,0.96,0.0,0.0
2016-12-23 23:00:00,0.93,0.0,0.0
2016-12-24 00:00:00,0.9,0.0,0.0
2016-12-24 01:00:00,0.25,0.0,0.0
2016-12-24 02:00:00,0.04,0.0,0.0
2016-12-24 03:00:00,0.0,0.0,0.0
2016-12-24 04:00:00,0.0,0.0,0.0
2016-12-24 05:00:00,0.0,0.0,0.0
2016-12-24 06:00:00,0.0,0.0,0.0
2016-12-24 07:00:00,0.0,41.78687,0.6716666666666666
2016-12-24 08:00:00,0.0,255.26357,1.0
2016-12-24 09:00:00,0.0,443.34482,1.0
2016-12-24 10:00:00,0.0,573.1981,1.0
2016-12-24 11:00:00,0.0,633.2965,1.0
2016-12-24 12:00:00,0.0,623.08466,1.0
2016-12-24 13:00:00,0.0,542.8354,1.0
2016-12-24 14:00:00,0.0,401.71725,1.0
2016-12-24 15:00:00,0.0,215.37659,1.0
2016-12-24 16:00:00,0.0,33.174114,0.6855555555555556
2016-12-24 17:00:00,0.0,0.0,0.0
2016-12-24 18:00:00,0.0,0.0,0.0
2016-12-24 19:00:00,0.01,0.0,0.0
2016-12-24 20:00:00,0.01,0.0,0.0
2016-12-24 21:00:00,0.09,0.0,0.0
2016-12-24 22:00:00,0.11,0.0,0.0
2016-12-24 23:00:00,0.05,0.0,0.0
2016-12-25 00:00:00,0.04,0.0,0.0
2016-12-25 01:00:00,0.41,0.0,0.0
2016-12-25 02:00:00,0.94,0.0,0.0
2016-12-25 03:00:00,0.99,0.0,0.0
2016-12-25 04:00:00,0.94,0.0,0.0
2016-12-25 05:00:00,0.75,0.0,0.0
2016-12-25 06:00:00,0.58,0.0,0.0
2016-12-25 07:00:00,0.16,21.93009,0.6655555555555556
2016-12-25 08:00:00,0.16,123.7714,1.0
2016-12-25 09:00:00,0.54,232.99295,1.0
2016-12-25 10:00:00,0.8,207.50009,1.0
2016-12-25 11:00:00,1.0,139.17603,1.0
2016-12-25 12:00:00,1.0,193.31151,1.0
2016-12-25 13:00:00,0.99,219.47398,1.0
2016-12-25 14:00:00,0.99,178.2718,1.0
2016-12-25 15:00:00,0.99,125.9756,1.0
2016-12-25 16:00:00,0.99,26.746101,0.6961111111111111
2016-12-25 17:00:00,0.96,0.0,0.0
2016-12-25 18:00:00,0.87,0.0,0.0
2016-12-25 19:00:00,0.77,0.0,0.0
2016-12-25 20:00:00,0.37,0.0,0.0
2016-12-25 21:00:00,0.26,0.0,0.0
2016-12-25 22:00:00,0.08,0.0,0.0
2016-12-25 23:00:00,0.01,0.0,0.0
2016-12-26 00:00:00,0.0,0.0,0.0
2016-12-26 01:00:00,0.02,0.0,0.0
2016-12-26 02:00:00,0.0,0.0,0.0
2016-12-26 03:00:00,0.0,0.0,0.0
2016-12-26 04:00:00,0.02,0.0,0.0
2016-12-26 05:00:00,0.05,0.0,0.0
2016-12-26 06:00:00,0.18,0.0,0.0
2016-12-26 07:00:00,0.01,42.03628,0.66
2016-12-26 08:00:00,0.02,216.66159,1.0
2016-12-26 09:00:00,0.07,437.53302,1.0
2016-12-26 10:00:00,0.1,580.47687,1.0
2016-12-26 11:00:00,0.05,608.9304,1.0
2016-12-26 12:00:00,0.1,601.4666,1.0
2016-12-26 13:00:00,0.0,552.81433,1.0
2016-12-26 14:00:00,0.0,412.05936,1.0
2016-12-26 15:00:00,0.0,224.12169,1.0
2016-12-26 16:00:00,0.0,36.697437,0.7072222222222222
2016-12-26 17:00:00,0.0,0.0,0.0
2016-12-26 18:00:00,0.0,0.0,0.0
2016-12-26 19:00:00,0.0,0.0,0.0
2016-12-26 20:00:00,0.0,0.0,0.0
2016-12-26 21:00:00,0.0,0.0,0.0
2016-12-26 22:00:00,0.0,0.0,0.0
2016-12-26 23:00:00,0.0,0.0,0.0
2016-12-27 00:00:00,0.0,0.0,0.0
2016-12-27 01:00:00,0.0,0.0,0.0
2016-12-27 02:00:00,0.0,0.0,0.0
2016-12-27 03:00:00,0.0,0.0,0.0
2016-12-27 04:00:00,0.0,0.0,0.0
2016-12-27 05:00:00,0.0,0.0,0.0
2016-12-27 06:00:00,0.0,0.0,0.0
2016-12-27 07:00:00,0.0,42.134,0.655
2016-12-27 08:00:00,0.0,262.3963,1.0
2016-12-27 09:00:00,0.0,455.0253,1.0
2016-12-27 10:00:00,0.0,587.30664,1.0
2016-12-27 11:00:00,0.0,650.59894,1.0
2016-12-27 12:00:00,0.0,640.4758,1.0
2016-12-27 13:00:00,0.0,558.6597,1.0
2016-12-27 14:00:00,0.0,416.66122,1.0
2016-12-27 15:00:00,0.0,228.77426,1.0
2016-12-27 16:00:00,0.0,38.34706,0.7188888888888889
2016-12-27 17:00:00,0.0,0.0,0.0
2016-12-27 18:00:00,0.0,0.0,0.0
2016-12-27 19:00:00,0.0,0.0,0.0
2016-12-27 20:00:00,0.0,0.0,0.0
2016-12-27 21:00:00,0.01,0.0,0.0
2016-12-27 22:00:00,0.0,0.0,0.0
2016-12-27 23:00:00,0.0,0.0,0.0
2016-12-28 00:00:00,0.0,0.0,0.0
2016-12-28 01:00:00,0.0,0.0,0.0
2016-12-28 02:00:00,0.0,0.0,0.0
2016-12-28 03:00:00,0.18,0.0,0.0
2016-12-28 04:00:00,0.26,0.0,0.0
2016-12-28 05:00:00,0.23,0.0,0.0
2016-12-28 06:00:00,0.3,0.0,0.0
2016-12-28 07:00:00,0.31,32.145897,0.6502777777777777
2016-12-28 08:00:00,0.36,202.53769,1.0
2016-12-28 09:00:00,0.34,388.60623,1.0
2016-12-28 10:00:00,0.88,523.3678,1.0
2016-12-28 11:00:00,0.91,452.3669,1.0
2016-12-28 12:00:00,0.83,399.42105,1.0
2016-12-28 13:00:00,0.43,417.0918,1.0
2016-12-28 14:00:00,0.4,322.71338,1.0
2016-12-28 15:00:00,0.21,201.85242,1.0
2016-12-28 16:00:00,0.25,34.693237,0.7311111111111112
2016-12-28 17:00:00,0.2,0.0,0.0
2016-12-28 18:00:00,0.05,0.0,0.0
2016-12-28 19:00:00,0.05,0.0,0.0
2016-12-28 20:00:00,0.01,0.0,0.0
2016-12-28 21:00:00,0.0,0.0,0.0
2016-12-28 22:00:00,0.0,0.0,0.0
2016-12-28 23:00:00,0.0,0.0,0.0
2016-12-29 00:00:00,0.0,0.0,0.0
2016-12-29 01:00:00,0.0,0.0,0.0
2016-12-29 02:00:00,0.01,0.0,0.0
2016-12-29 03:00:00,0.13,0.0,0.0
2016-12-29 04:00:00,0.01,0.0,0.0
2016-12-29 05:00:00,0.02,0.0,0.0
2016-12-29 06:00:00,0.0,0.0,0.0
2016-12-29 07:00:00,0.01,38.247784,0.6463888888888889
2016-12-29 08:00:00,0.01,248.06012,1.0
2016-12-29 09:00:00,0.01,436.94342,1.0
2016-12-29 10:00:00,0.0,570.73346,1.0
2016-12-29 11:00:00,0.0,635.7849,1.0
2016-12-29 12:00:00,0.0,629.0878,1.0
2016-12-29 13:00:00,0.0,552.41644,1.0
2016-12-29 14:00:00,0.0,413.15884,1.0
2016-12-29 15:00:00,0.0,227.27223,1.0
2016-12-29 16:00:00,0.0,39.74306,0.7436111111111111
2016-12-29 17:00:00,0.08,0.0,0.0
2016-12-29 18:00:00,0.14,0.0,0.0
2016-12-29 19:00:00,0.1,0.0,0.0
2016-12-29 20:00:00,0.0,0.0,0.0
2016-12-29 21:00:00,0.0,0.0,0.0
2016-12-29 22:00:00,0.0,0.0,0.0
2016-12-29 23:00:00,0.0,0.0,0.0
2016-12-30 00:00:00,0.0,0.0,0.0
2016-12-30 01:00:00,0.0,0.0,0.0
2016-12-30 02:00:00,0.0,0.0,0.0
2016-12-30 03:00:00,0.0,0.0,0.0
2016-12-30 04:00:00,0.0,0.0,0.0
2016-12-30 05:00:00,0.0,0.0,0.0
2016-12-30 06:00:00,0.0,0.0,0.0
2016-12-30 07:00:00,0.0,41.315594,0.6427777777777778
2016-12-30 08:00:00,0.0,251.73515,1.0
2016-12-30 09:00:00,0.0,434.7854,1.0
2016-12-30 10:00:00,0.0,517.2229,1.0
2016-12-30 11:00:00,0.0,641.1183,1.0
2016-12-30 12:00:00,0.0,627.0457,1.0
2016-12-30 13:00:00,0.0,558.4988,1.0
2016-12-30 14:00:00,0.0,418.6108,1.0
2016-12-30 15:00:00,0.0,235.57785,1.0
2016-12-30 16:00:00,0.0,43.090168,0.7566666666666667
2016-12-30 17:00:00,0.01,0.0,0.0
2016-12-30 18:00:00,0.0,0.0,0.0
2016-12-30 19:00:00,0.21,0.0,0.0
2016-12-30 20:00:00,0.22,0.0,0.0
2016-12-30 21:00:00,0.12,0.0,0.0
2016-12-30 22:00:00,0.0,0.0,0.0
2016-12-30 23:00:00,0.0,0.0,0.0
2016-12-31 00:00:00,0.31,0.0,0.0
2016-12-31 01:00:00,0.28,0.0,0.0
2016-12-31 02:00:00,0.0,0.0,0.0
2016-12-31 03:00:00,0.04,0.0,0.0
2016-12-31 04:00:00,0.13,0.0,0.0
2016-12-31 05:00:00,0.07,0.0,0.0
2016-12-31 06:00:00,0.41,0.0,0.0
2016-12-31 07:00:00,0.01,32.22832,0.64
2016-12-31 08:00:00,0.12,227.47768,1.0
2016-12-31 09:00:00,0.0,405.20422,1.0
2016-12-31 10:00:00,0.0,522.61365,1.0
2016-12-31 11:00:00,0.0,635.7905,1.0
2016-12-31 12:00:00,0.0,628.9362,1.0
2016-12-31 13:00:00,0.0,561.24445,1.0
2016-12-31 14:00:00,0.0,423.35922,1.0
2016-12-31 15:00:00,0.0,236.93591,1.0
2016-12-31 16:00:00,0.0,39.286,0.7702777777777777
2016-12-31 17:00:00,0.0,0.0,0.0
2016-12-31 18:00:00,0.0,0.0,0.0
2016-12-31 19:00:00,0.0,0.0,0.0
2016-12-31 20:00:00,0.0,0.0,0.0
2016-12-31 21:00:00,0.0,0.0,0.0
2016-12-31 22:00:00,0.09,0.0,0.0
2016-12-31 23:00:00,0.38,0.0,0.0
2017-01-01 00:00:00,0.4,0.0,0.0
2017-01-01 01:00:00,0.21,0.0,0.0
2017-01-01 02:00:00,0.23,0.0,0.0
2017-01-01 03:00:00,0.09,0.0,0.0
2017-01-01 04:00:00,0.0,0.0,0.0
2017-01-01 05:00:00,0.19,0.0,0.0
2017-01-01 06:00:00,0.0,0.0,0.0
2017-01-01 07:00:00,0.0,35.2582,0.6377777777777778
2017-01-01 08:00:00,0.0,237.66707,1.0
2017-01-01 09:00:00,0.0,427.3847,1.0
2017-01-01 10:00:00,0.0,561.1731,1.0
2017-01-01 11:00:00,0.0,621.40466,1.0
2017-01-01 12:00:00,0.0,619.0457,1.0
2017-01-01 13:00:00,0.0,542.8744,1.0
2017-01-01 14:00:00,0.08,366.79376,1.0
2017-01-01 15:00:00,1.0,173.44388,1.0
2017-01-01 16:00:00,1.0,16.896692,0.7841666666666667
2017-01-01 17:00:00,1.0,0.0,0.0
2017-01-01 18:00:00,0.72,0.0,0.0
2017-01-01 19:00:00,0.58,0.0,0.0
2017-01-01 20:00:00,0.75,0.0,0.0
2017-01-01 21:00:00,0.9,0.0,0.0
2017-01-01 22:00:00,0.99,0.0,0.0
2017-01-01 23:00:00,0.99,0.0,0.0
2017-01-02 00:00:00,0.12,0.0,0.0
2017-01-02 01:00:00,0.02,0.0,0.0
2017-01-02 02:00:00,0.03,0.0,0.0
2017-01-02 03:00:00,0.07,0.0,0.0
2017-01-02 04:00:00,0.08,0.0,0.0
2017-01-02 05:00:00,0.02,0.0,0.0
2017-01-02 06:00:00,0.0,0.0,0.0
2017-01-02 07:00:00,0.0,37.27311,0.6358333333333334
2017-01-02 08:00:00,0.0,245.45001,1.0
2017-01-02 09:00:00,0.0,426.58255,1.0
2017-01-02 10:00:00,0.29,553.4986,1.0
2017-01-02 11:00:00,0.69,608.69135,1.0
2017-01-02 12:00:00,0.21,616.95276,1.0
2017-01-02 13:00:00,0.02,547.8399,1.0
2017-01-02 14:00:00,0.01,410.3468,1.0
2017-01-02 15:00:00,0.0,221.46494,1.0
2017-01-02 16:00:00,0.1,44.03907,0.7986111111111112
2017-01-02 17:00:00,0.13,0.0,0.0
2017-01-02 18:00:00,0.91,0.0,0.0
2017-01-02 19:00:00,0.94,0.0,0.0
2017-01-02 20:00:00,0.96,0.0,0.0
2017-01-02 21:00:00,0.92,0.0,0.0
2017-01-02 22:00:00,0.98,0.0,0.0
2017-01-02 23:00:00,0.95,0.0,0.0
2017-01-03 00:00:00,0.96,0.0,0.0
2017-01-03 01:00:00,0.98,0.0,0.0
2017-01-03 02:00:00,1.0,0.0,0.0
2017-01-03 03:00:00,1.0,0.0,0.0
2017-01-03 04:00:00,1.0,0.0,0.0
2017-01-03 05:00:00,1.0,0.0,0.0
2017-01-03 06:00:00,0.8,0.0,0.0
2017-01-03 07:00:00,0.9,14.999188,0.635
2017-01-03 08:00:00,0.89,178.07892,1.0
2017-01-03 09:00:00,0.82,313.48804,1.0
2017-01-03 10:00:00,0.69,427.46017,1.0
2017-01-03 11:00:00,0.91,516.15125,1.0
2017-01-03 12:00:00,0.02,550.0273,1.0
2017-01-03 13:00:00,0.36,473.6355,1.0
2017-01-03 14:00:00,0.81,265.4446,1.0
2017-01-03 15:00:00,0.79,142.71628,1.0
2017-01-03 16:00:00,0.83,23.545689,0.8130555555555555
2017-01-03 17:00:00,0.02,0.0,0.0
2017-01-03 18:00:00,0.14,0.0,0.0
2017-01-03 19:00:00,0.28,0.0,0.0
2017-01-03 20:00:00,0.11,0.0,0.0
2017-01-03 21:00:00,0.02,0.0,0.0
2017-01-03 22:00:00,0.01,0.0,0.0
2017-01-03 23:00:00,0.52,0.0,0.0
2017-01-04 00:00:00,1.0,0.0,0.0
2017-01-04 01:00:00,0.83,0.0,0.0
2017-01-04 02:00:00,0.85,0.0,0.0
2017-01-04 03:00:00,0.87,0.0,0.0
2017-01-04 04:00:00,0.95,0.0,0.0
2017-01-04 05:00:00,1.0,0.0,0.0
2017-01-04 06:00:00,0.57,0.0,0.0
2017-01-04 07:00:00,0.44,12.95938,0.6344444444444445
2017-01-04 08:00:00,0.6,154.45457,1.0
2017-01-04 09:00:00,0.72,302.83466,1.0
2017-01-04 10:00:00,0.92,407.26297,1.0
2017-01-04 11:00:00,0.76,437.18954,1.0
2017-01-04 12:00:00,0.92,430.66525,1.0
2017-01-04 13:00:00,1.0,254.77759,1.0
2017-01-04 14:00:00,1.0,183.5847,1.0
2017-01-04 15:00:00,1.0,57.64754,1.0
2017-01-04 16:00:00,1.0,12.094083,0.8277777777777777
2017-01-04 17:00:00,0.99,0.0,0.0
2017-01-04 18:00:00,1.0,0.0,0.0
2017-01-04 19:00:00,0.98,0.0,0.0
2017-01-04 20:00:00,0.96,0.0,0.0
2017-01-04 21:00:00,0.98,0.0,0.0
2017-01-04 22:00:00,1.0,0.0,0.0
2017-01-04 23:00:00,0.99,0.0,0.0
2017-01-05 00:00:00,1.0,0.0,0.0
2017-01-05 01:00:00,1.0,0.0,0.0
2017-01-05 02:00:00,0.98,0.0,0.0
2017-01-05 03:00:00,0.99,0.0,0.0
2017-01-05 04:00:00,1.0,0.0,0.0
2017-01-05 05:00:00,1.0,0.0,0.0
2017-01-05 06:00:00,1.0,0.0,0.0
2017-01-05 07:00:00,1.0,7.9513845,0.6347222222222222
2017-01-05 08:00:00,1.0,96.53278,1.0
2017-01-05 09:00:00,1.0,167.46329,1.0
2017-01-05 10:00:00,1.0,329.63513,1.0
2017-01-05 11:00:00,1.0,328.64963,1.0
2017-01-05 12:00:00,1.0,338.68536,1.0
2017-01-05 13:00:00,1.0,336.61472,1.0
2017-01-05 14:00:00,1.0,215.80434,1.0
2017-01-05 15:00:00,1.0,121.59274,1.0
2017-01-05 16:00:00,1.0,21.866308,0.8430555555555556
2017-01-05 17:00:00,1.0,0.0,0.0
2017-01-05 18:00:00,0.96,0.0,0.0
2017-01-05 19:00:00,0.99,0.0,0.0
2017-01-05 20:00:00,0.89,0.0,0.0
2017-01-05 21:00:00,0.99,0.0,0.0
2017-01-05 22:00:00,1.0,0.0,0.0
2017-01-05 23:00:00,0.94,0.0,0.0
2017-01-06 00:00:00,0.95,0.0,0.0
2017-01-06 01:00:00,0.84,0.0,0.0
2017-01-06 02:00:00,0.84,0.0,0.0
2017-01-06 03:00:00,0.68,0.0,0.0
2017-01-06 04:00:00,0.35,0.0,0.0
2017-01-06 05:00:00,0.05,0.0,0.0
2017-01-06 06:00:00,0.0,0.0,0.0
2017-01-06 07:00:00,0.0,40.95477,0.6355555555555555
2017-01-06 08:00:00,0.15,262.86572,1.0
2017-01-06 09:00:00,0.0,463.95883,1.0
2017-01-06 10:00:00,0.0,608.23865,1.0
2017-01-06 11:00:00,0.0,681.3982,1.0
2017-01-06 12:00:00,0.0,679.5855,1.0
2017-01-06 13:00:00,0.0,601.6872,1.0
2017-01-06 14:00:00,0.0,458.57135,1.0
2017-01-06 15:00:00,0.0,262.15567,1.0
2017-01-06 16:00:00,0.0,57.641235,0.8583333333333333
2017-01-06 17:00:00,0.0,0.0,0.0
2017-01-06 18:00:00,0.0,0.0,0.0
2017-01-06 19:00:00,0.0,0.0,0.0
2017-01-06 20:00:00,0.0,0.0,0.0
2017-01-06 21:00:00,0.0,0.0,0.0
2017-01-06 22:00:00,0.0,0.0,0.0
2017-01-06 23:00:00,0.0,0.0,0.0
2017-01-07 00:00:00,0.0,0.0,0.0
2017-01-07 01:00:00,0.0,0.0,0.0
2017-01-07 02:00:00,1.0,0.0,0.0
2017-01-07 03:00:00,0.62,0.0,0.0
2017-01-07 04:00:00,0.0,0.0,0.0
2017-01-07 05:00:00,0.28,0.0,0.0
2017-01-07 06:00:00,0.13,0.0,0.0
2017-01-07 07:00:00,0.0,40.81063,0.6372222222222222
2017-01-07 08:00:00,0.51,230.92476,1.0
2017-01-07 09:00:00,0.42,429.8783,1.0
2017-01-07 10:00:00,0.44,585.0232,1.0
2017-01-07 11:00:00,0.52,667.1814,1.0
2017-01-07 12:00:00,0.88,630.153,1.0
2017-01-07 13:00:00,0.8,556.1079,1.0
2017-01-07 14:00:00,0.94,377.39603,1.0
2017-01-07 15:00:00,0.99,191.81932,1.0
2017-01-07 16:00:00,0.92,42.859245,0.8738888888888889
2017-01-07 17:00:00,0.95,0.0,0.0
2017-01-07 18:00:00,1.0,0.0,0.0
2017-01-07 19:00:00,1.0,0.0,0.0
2017-01-07 20:00:00,0.29,0.0,0.0
2017-01-07 21:00:00,0.83,0.0,0.0
2017-01-07 22:00:00,0.74,0.0,0.0
2017-01-07 23:00:00,0.85,0.0,0.0
2017-01-08 00:00:00,0.96,0.0,0.0
2017-01-08 01:00:00,0.94,0.0,0.0
2017-01-08 02:00:00,0.46,0.0,0.0
2017-01-08 03:00:00,0.2,0.0,0.0
2017-01-08 04:00:00,0.29,0.0,0.0
2017-01-08 05:00:00,0.34,0.0,0.0
2017-01-08 06:00:00,0.43,0.0,0.0
2017-01-08 07:00:00,0.85,25.793304,0.6394444444444445
2017-01-08 08:00:00,0.97,141.08327,1.0
2017-01-08 09:00:00,0.99,307.9489,1.0
2017-01-08 10:00:00,0.97,484.3669,1.0
2017-01-08 11:00:00,0.72,606.51355,1.0
2017-01-08 12:00:00,0.31,645.55524,1.0
2017-01-08 13:00:00,0.85,558.7413,1.0
2017-01-08 14:00:00,1.0,357.4447,1.0
2017-01-08 15:00:00,1.0,166.40555,1.0
2017-01-08 16:00:00,0.8,59.83405,0.8894444444444445
2017-01-08 17:00:00,0.52,0.0,0.0
2017-01-08 18:00:00,0.54,0.0,0.0
2017-01-08 19:00:00,0.56,0.0,0.0
2017-01-08 20:00:00,0.2,0.0,0.0
2017-01-08 21:00:00,0.0,0.0,0.0
2017-01-08 22:00:00,0.54,0.0,0.0
2017-01-08 23:00:00,0.68,0.0,0.0
2017-01-09 00:00:00,0.02,0.0,0.0
2017-01-09 01:00:00,0.1,0.0,0.0
2017-01-09 02:00:00,0.04,0.0,0.0
2017-01-09 03:00:00,0.19,0.0,0.0
2017-01-09 04:00:00,0.51,0.0,0.0
2017-01-09 05:00:00,1.0,0.0,0.0
2017-01-09 06:00:00,0.53,0.0,0.0
2017-01-09 07:00:00,0.88,28.661777,0.6425
2017-01-09 08:00:00,0.17,238.0709,1.0
2017-01-09 09:00:00,0.06,418.76788,1.0
2017-01-09 10:00:00,0.05,553.003,1.0
2017-01-09 11:00:00,0.06,620.37396,1.0
2017-01-09 12:00:00,0.11,637.96,1.0
2017-01-09 13:00:00,0.29,560.3625,1.0
2017-01-09 14:00:00,0.99,403.19113,1.0
2017-01-09 15:00:00,0.0,247.44261,1.0
2017-01-09 16:00:00,0.61,52.602997,0.9052777777777777
2017-01-09 17:00:00,0.42,0.0,0.0
2017-01-09 18:00:00,0.45,0.0,0.0
2017-01-09 19:00:00,0.58,0.0,0.0
2017-01-09 20:00:00,0.79,0.0,0.0
2017-01-09 21:00:00,0.0,0.0,0.0
2017-01-09 22:00:00,0.0,0.0,0.0
2017-01-09 23:00:00,0.71,0.0,0.0
2017-01-10 00:00:00,0.96,0.0,0.0
2017-01-10 01:00:00,0.0,0.0,0.0
2017-01-10 02:00:00,0.0,0.0,0.0
2017-01-10 03:00:00,0.0,0.0,0.0
2017-01-10 04:00:00,0.0,0.0,0.0
2017-01-10 05:00:00,0.05,0.0,0.0
2017-01-10 06:00:00,0.0,0.0,0.0
2017-01-10 07:00:00,0.03,36.359726,0.6461111111111111
2017-01-10 08:00:00,0.3,228.27351,1.0
2017-01-10 09:00:00,0.04,455.16263,1.0
2017-01-10 10:00:00,0.0,575.2294,1.0
2017-01-10 11:00:00,0.46,638.5895,1.0
2017-01-10 12:00:00,0.14,652.268,1.0
2017-01-10 13:00:00,0.09,578.6385,1.0
2017-01-10 14:00:00,0.01,448.89185,1.0
2017-01-10 15:00:00,0.0,260.62192,1.0
2017-01-10 16:00:00,0.02,64.52804,0.9216666666666666
2017-01-10 17:00:00,0.0,0.0,0.0
2017-01-10 18:00:00,0.0,0.0,0.0
2017-01-10 19:00:00,0.0,0.0,0.0
2017-01-10 20:00:00,0.79,0.0,0.0
2017-01-10 21:00:00,0.26,0.0,0.0
2017-01-10 22:00:00,0.39,0.0,0.0
2017-01-10 23:00:00,0.98,0.0,0.0
2017-01-11 00:00:00,0.77,0.0,0.0
2017-01-11 01:00:00,0.31,0.0,0.0
2017-01-11 02:00:00,0.0,0.0,0.0
2017-01-11 03:00:00,0.0,0.0,0.0
2017-01-11 04:00:00,0.0,0.0,0.0
2017-01-11 05:00:00,0.4,0.0,0.0
2017-01-11 06:00:00,0.21,0.0,0.0
2017-01-11 07:00:00,0.09,37.097107,0.6502777777777777
2017-01-11 08:00:00,0.07,231.91995,1.0
2017-01-11 09:00:00,0.0,414.7208,1.0
2017-01-11 10:00:00,0.86,474.29355,1.0
2017-01-11 11:00:00,1.0,463.6769,1.0
2017-01-11 12:00:00,0.3,611.4407,1.0
2017-01-11 13:00:00,0.41,502.64346,1.0
2017-01-11 14:00:00,0.51,362.20157,1.0
2017-01-11 15:00:00,0.76,179.9172,1.0
2017-01-11 16:00:00,0.48,45.563915,0.9386111111111111
2017-01-11 17:00:00,0.75,0.0,0.0
2017-01-11 18:00:00,0.68,0.0,0.0
2017-01-11 19:00:00,0.08,0.0,0.0
2017-01-11 20:00:00,0.83,0.0,0.0
2017-01-11 21:00:00,0.0,0.0,0.0
2017-01-11 22:00:00,0.0,0.0,0.0
2017-01-11 23:00:00,0.0,0.0,0.0
2017-01-12 00:00:00,0.0,0.0,0.0
2017-01-12 01:00:00,0.0,0.0,0.0
2017-01-12 02:00:00,0.0,0.0,0.0
2017-01-12 03:00:00,0.0,0.0,0.0
2017-01-12 04:00:00,0.13,0.0,0.0
2017-01-12 05:00:00,0.78,0.0,0.0
2017-01-12 06:00:00,0.83,0.0,0.0
2017-01-12 07:00:00,0.29,38.768436,0.6552777777777777
2017-01-12 08:00:00,0.85,205.19292,1.0
2017-01-12 09:00:00,0.96,370.37094,1.0
2017-01-12 10:00:00,1.0,295.62045,1.0
2017-01-12 11:00:00,1.0,209.62859,1.0
2017-01-12 12:00:00,0.94,284.65298,1.0
2017-01-12 13:00:00,1.0,172.49672,1.0
2017-01-12 14:00:00,0.96,155.9639,1.0
2017-01-12 15:00:00,1.0,108.29804,1.0
2017-01-12 16:00:00,1.0,21.666103,0.9558333333333333
2017-01-12 17:00:00,0.96,0.0,0.0
2017-01-12 18:00:00,1.0,0.0,0.0
2017-01-12 19:00:00,1.0,0.0,0.0
2017-01-12 20:00:00,1.0,0.0,0.0
2017-01-12 21:00:00,1.0,0.0,0.0
2017-01-12 22:00:00,0.99,0.0,0.0
2017-01-12 23:00:00,1.0,0.0,0.0
2017-01-13 00:00:00,0.99,0.0,0.0
2017-01-13 01:00:00,0.94,0.0,0.0
2017-01-13 02:00:00,0.95,0.0,0.0
2017-01-13 03:00:00,0.94,0.0,0.0
2017-01-13 04:00:00,0.97,0.0,0.0
2017-01-13 05:00:00,0.96,0.0,0.0
2017-01-13 06:00:00,0.97,0.0,0.0
2017-01-13 07:00:00,0.95,7.9513845,0.6608333333333334
2017-01-13 08:00:00,0.93,121.87472,1.0
2017-01-13 09:00:00,0.37,307.12396,1.0
2017-01-13 10:00:00,0.32,461.73068,1.0
2017-01-13 11:00:00,0.37,559.957,1.0
2017-01-13 12:00:00,0.67,539.0202,1.0
2017-01-13 13:00:00,0.96,474.9325,1.0
2017-01-13 14:00:00,0.93,301.84952,1.0
2017-01-13 15:00:00,0.97,175.26813,1.0
2017-01-13 16:00:00,0.97,47.88145,0.9733333333333334
2017-01-13 17:00:00,0.46,0.0,0.0
2017-01-13 18:00:00,0.32,0.0,0.0
2017-01-13 19:00:00,0.39,0.0,0.0
2017-01-13 20:00:00,0.44,0.0,0.0
2017-01-13 21:00:00,0.3,0.0,0.0
2017-01-13 22:00:00,0.18,0.0,0.0
2017-01-13 23:00:00,0.02,0.0,0.0
2017-01-14 00:00:00,0.39,0.0,0.0
2017-01-14 01:00:00,0.17,0.0,0.0
2017-01-14 02:00:00,0.08,0.0,0.0
2017-01-14 03:00:00,0.13,0.0,0.0
2017-01-14 04:00:00,0.0,0.0,0.0
2017-01-14 05:00:00,0.0,0.0,0.0
2017-01-14 06:00:00,0.16,0.0,0.0
2017-01-14 07:00:00,1.0,23.295345,0.6666666666666666
2017-01-14 08:00:00,1.0,107.09733,1.0
2017-01-14 09:00:00,0.99,292.3008,1.0
2017-01-14 10:00:00,0.12,570.88806,1.0
2017-01-14 11:00:00,1.0,294.08035,1.0
2017-01-14 12:00:00,1.0,301.6851,1.0
2017-01-14 13:00:00,0.96,385.2883,1.0
2017-01-14 14:00:00,0.17,428.79294,1.0
2017-01-14 15:00:00,0.06,256.6292,1.0
2017-01-14 16:00:00,0.13,64.65275,0.9913888888888889
2017-01-14 17:00:00,0.11,0.0,0.0
2017-01-14 18:00:00,0.22,0.0,0.0
2017-01-14 19:00:00,0.13,0.0,0.0
2017-01-14 20:00:00,0.05,0.0,0.0
2017-01-14 21:00:00,0.0,0.0,0.0
2017-01-14 22:00:00,0.13,0.0,0.0
2017-01-14 23:00:00,0.92,0.0,0.0
2017-01-15 00:00:00,0.2,0.0,0.0
2017-01-15 01:00:00,0.97,0.0,0.0
2017-01-15 02:00:00,1.0,0.0,0.0
2017-01-15 03:00:00,0.78,0.0,0.0
2017-01-15 04:00:00,0.98,0.0,0.0
2017-01-15 05:00:00,1.0,0.0,0.0
2017-01-15 06:00:00,1.0,0.0,0.0
2017-01-15 07:00:00,1.0,14.742256,0.6733333333333333
2017-01-15 08:00:00,1.0,126.9644,1.0
2017-01-15 09:00:00,1.0,178.35558,1.0
2017-01-15 10:00:00,1.0,269.98648,1.0
2017-01-15 11:00:00,1.0,350.2293,1.0
2017-01-15 12:00:00,1.0,313.53836,1.0
2017-01-15 13:00:00,1.0,173.607,1.0
2017-01-15 14:00:00,1.0,113.02155,1.0
2017-01-15 15:00:00,1.0,53.67185,1.0
2017-01-15 16:00:00,1.0,13.914923,1.0
2017-01-15 17:00:00,1.0,0.0,0.009722222222222222
2017-01-15 18:00:00,1.0,0.0,0.0
2017-01-15 19:00:00,1.0,0.0,0.0
2017-01-15 20:00:00,1.0,0.0,0.0
2017-01-15 21:00:00,1.0,0.0,0.0
2017-01-15 22:00:00,1.0,0.0,0.0
2017-01-15 23:00:00,1.0,0.0,0.0
2017-01-16 00:00:00,1.0,0.0,0.0
2017-01-16 01:00:00,1.0,0.0,0.0
2017-01-16 02:00:00,1.0,0.0,0.0
2017-01-16 03:00:00,1.0,0.0,0.0
2017-01-16 04:00:00,1.0,0.0,0.0
2017-01-16 05:00:00,1.0,0.0,0.0
2017-01-16 06:00:00,1.0,0.0,0.0
2017-01-16 07:00:00,1.0,5.963538,0.6805555555555556
2017-01-16 08:00:00,1.0,43.732616,1.0
2017-01-16 09:00:00,1.0,100.38623,1.0
2017-01-16 10:00:00,1.0,176.00648,1.0
2017-01-16 11:00:00,1.0,221.20715,1.0
2017-01-16 12:00:00,1.0,150.36673,1.0
2017-01-16 13:00:00,1.0,174.93047,1.0
2017-01-16 14:00:00,1.0,189.8142,1.0
2017-01-16 15:00:00,1.0,93.42877,1.0
2017-01-16 16:00:00,1.0,28.972244,1.0
2017-01-16 17:00:00,1.0,0.0,0.028055555555555556
2017-01-16 18:00:00,0.99,0.0,0.0
2017-01-16 19:00:00,0.64,0.0,0.0
2017-01-16 20:00:00,0.53,0.0,0.0
2017-01-16 21:00:00,0.43,0.0,0.0
2017-01-16 22:00:00,0.03,0.0,0.0
2017-01-16 23:00:00,0.06,0.0,0.0
2017-01-17 00:00:00,0.03,0.0,0.0
2017-01-17 01:00:00,0.0,0.0,0.0
2017-01-17 02:00:00,0.0,0.0,0.0
2017-01-17 03:00:00,0.0,0.0,0.0
2017-01-17 04:00:00,0.0,0.0,0.0
2017-01-17 05:00:00,0.0,0.0,0.0
2017-01-17 06:00:00,0.0,0.0,0.0
2017-01-17 07:00:00,0.01,46.7896,0.6883333333333334
2017-01-17 08:00:00,0.0,271.1516,1.0
2017-01-17 09:00:00,0.0,473.7422,1.0
2017-01-17 10:00:00,0.0,620.9708,1.0
2017-01-17 11:00:00,0.01,700.2583,1.0
2017-01-17 12:00:00,0.0,704.60095,1.0
2017-01-17 13:00:00,0.0,633.76544,1.0
2017-01-17 14:00:00,0.0,495.39578,1.0
2017-01-17 15:00:00,0.0,302.54672,1.0
2017-01-17 16:00:00,0.0,91.93231,1.0
2017-01-17 17:00:00,0.0,0.0,0.04694444444444444
2017-01-17 18:00:00,0.0,0.0,0.0
2017-01-17 19:00:00,0.0,0.0,0.0
2017-01-17 20:00:00,0.0,0.0,0.0
2017-01-17 21:00:00,0.07,0.0,0.0
2017-01-17 22:00:00,0.0,0.0,0.0
2017-01-17 23:00:00,0.04,0.0,0.0
2017-01-18 00:00:00,0.01,0.0,0.0
2017-01-18 01:00:00,0.0,0.0,0.0
2017-01-18 02:00:00,0.0,0.0,0.0
2017-01-18 03:00:00,0.0,0.0,0.0
2017-01-18 04:00:00,0.0,0.0,0.0
2017-01-18 05:00:00,0.07,0.0,0.0
2017-01-18 06:00:00,0.0,0.0,0.0
2017-01-18 07:00:00,0.0,50.864285,0.6966666666666667
2017-01-18 08:00:00,0.0,276.79504,1.0
2017-01-18 09:00:00,0.0,479.2368,1.0
2017-01-18 10:00:00,0.0,624.5571,1.0
2017-01-18 11:00:00,0.0,701.018,1.0
2017-01-18 12:00:00,0.0,703.74164,1.0
2017-01-18 13:00:00,0.0,630.9195,1.0
2017-01-18 14:00:00,0.0,491.57806,1.0
2017-01-18 15:00:00,0.0,302.08682,1.0
2017-01-18 16:00:00,0.0,93.25999,1.0
2017-01-18 17:00:00,0.0,0.0,0.06583333333333333
2017-01-18 18:00:00,0.14,0.0,0.0
2017-01-18 19:00:00,0.23,0.0,0.0
2017-01-18 20:00:00,0.03,0.0,0.0
2017-01-18 21:00:00,0.0,0.0,0.0
2017-01-18 22:00:00,0.0,0.0,0.0
2017-01-18 23:00:00,0.0,0.0,0.0
2017-01-19 00:00:00,0.01,0.0,0.0
2017-01-19 01:00:00,0.0,0.0,0.0
2017-01-19 02:00:00,0.01,0.0,0.0
2017-01-19 03:00:00,0.01,0.0,0.0
2017-01-19 04:00:00,0.01,0.0,0.0
2017-01-19 05:00:00,0.01,0.0,0.0
2017-01-19 06:00:00,0.0,0.0,0.0
2017-01-19 07:00:00,0.0,47.70791,0.7055555555555556
2017-01-19 08:00:00,0.0,265.66064,1.0
2017-01-19 09:00:00,0.0,464.3895,1.0
2017-01-19 10:00:00,0.0,610.02704,1.0
2017-01-19 11:00:00,0.0,686.698,1.0
2017-01-19 12:00:00,0.0,688.54913,1.0
2017-01-19 13:00:00,0.0,618.04236,1.0
2017-01-19 14:00:00,0.0,480.69974,1.0
2017-01-19 15:00:00,0.0,293.72913,1.0
2017-01-19 16:00:00,0.0,92.060715,1.0
2017-01-19 17:00:00,0.0,0.0,0.08527777777777777
2017-01-19 18:00:00,0.38,0.0,0.0
2017-01-19 19:00:00,0.73,0.0,0.0
2017-01-19 20:00:00,0.21,0.0,0.0
2017-01-19 21:00:00,0.95,0.0,0.0
2017-01-19 22:00:00,0.97,0.0,0.0
2017-01-19 23:00:00,1.0,0.0,0.0
2017-01-20 00:00:00,1.0,0.0,0.0
2017-01-20 01:00:00,1.0,0.0,0.0
2017-01-20 02:00:00,1.0,0.0,0.0
2017-01-20 03:00:00,1.0,0.0,0.0
2017-01-20 04:00:00,1.0,0.0,0.0
2017-01-20 05:00:00,1.0,0.0,0.0
2017-01-20 06:00:00,1.0,0.0,0.0
2017-01-20 07:00:00,1.0,7.9513845,0.7147222222222223
2017-01-20 08:00:00,1.0,82.208145,1.0
2017-01-20 09:00:00,1.0,193.91368,1.0
2017-01-20 10:00:00,1.0,285.51437,1.0
2017-01-20 11:00:00,1.0,365.5781,1.0
2017-01-20 12:00:00,0.99,379.85684,1.0
2017-01-20 13:00:00,1.0,405.02658,1.0
2017-01-20 14:00:00,1.0,345.73688,1.0
2017-01-20 15:00:00,0.97,223.9739,1.0
2017-01-20 16:00:00,0.68,76.76587,1.0
2017-01-20 17:00:00,0.06,0.0,0.10444444444444445
2017-01-20 18:00:00,0.43,0.0,0.0
2017-01-20 19:00:00,0.21,0.0,0.0
2017-01-20 20:00:00,0.22,0.0,0.0
2017-01-20 21:00:00,0.0,0.0,0.0
2017-01-20 22:00:00,0.64,0.0,0.0
2017-01-20 23:00:00,0.94,0.0,0.0
2017-01-21 00:00:00,0.58,0.0,0.0
2017-01-21 01:00:00,0.93,0.0,0.0
2017-01-21 02:00:00,0.91,0.0,0.0
2017-01-21 03:00:00,0.81,0.0,0.0
2017-01-21 04:00:00,0.36,0.0,0.0
2017-01-21 05:00:00,0.81,0.0,0.0
2017-01-21 06:00:00,0.96,0.0,0.0
2017-01-21 07:00:00,0.86,42.552383,0.7247222222222223
2017-01-21 08:00:00,0.8,231.72055,1.0
2017-01-21 09:00:00,0.55,418.37628,1.0
2017-01-21 10:00:00,0.3,588.38837,1.0
2017-01-21 11:00:00,0.15,674.059,1.0
2017-01-21 12:00:00,0.92,590.88916,1.0
2017-01-21 13:00:00,0.85,483.33704,1.0
2017-01-21 14:00:00,0.9,311.59262,1.0
2017-01-21 15:00:00,0.94,203.69649,1.0
2017-01-21 16:00:00,0.95,84.08363,1.0
2017-01-21 17:00:00,0.77,0.0,0.1238888888888889
2017-01-21 18:00:00,1.0,0.0,0.0
2017-01-21 19:00:00,0.98,0.0,0.0
2017-01-21 20:00:00,0.99,0.0,0.0
2017-01-21 21:00:00,0.97,0.0,0.0
2017-01-21 22:00:00,0.89,0.0,0.0
2017-01-21 23:00:00,0.8,0.0,0.0
2017-01-22 00:00:00,0.54,0.0,0.0
2017-01-22 01:00:00,0.31,0.0,0.0
2017-01-22 02:00:00,0.77,0.0,0.0
2017-01-22 03:00:00,0.99,0.0,0.0
2017-01-22 04:00:00,0.84,0.0,0.0
2017-01-22 05:00:00,0.03,0.0,0.0
2017-01-22 06:00:00,0.5,0.0,0.0
2017-01-22 07:00:00,0.15,50.59178,0.735
2017-01-22 08:00:00,0.03,268.79037,1.0
2017-01-22 09:00:00,0.04,473.7294,1.0
2017-01-22 10:00:00,0.02,622.37915,1.0
2017-01-22 11:00:00,0.0,703.45795,1.0
2017-01-22 12:00:00,0.0,710.16077,1.0
2017-01-22 13:00:00,0.0,638.63336,1.0
2017-01-22 14:00:00,0.0,499.9457,1.0
2017-01-22 15:00:00,0.15,302.19775,1.0
2017-01-22 16:00:00,0.67,81.76398,1.0
2017-01-22 17:00:00,0.47,0.0,0.1436111111111111
2017-01-22 18:00:00,0.86,0.0,0.0
2017-01-22 19:00:00,0.83,0.0,0.0
2017-01-22 20:00:00,0.85,0.0,0.0
2017-01-22 21:00:00,0.82,0.0,0.0
2017-01-22 22:00:00,0.88,0.0,0.0
2017-01-22 23:00:00,0.57,0.0,0.0
2017-01-23 00:00:00,0.98,0.0,0.0
2017-01-23 01:00:00,0.75,0.0,0.0
2017-01-23 02:00:00,0.4,0.0,0.0
2017-01-23 03:00:00,0.58,0.0,0.0
2017-01-23 04:00:00,0.7,0.0,0.0
2017-01-23 05:00:00,0.74,0.0,0.0
2017-01-23 06:00:00,0.98,0.0,0.0
2017-01-23 07:00:00,0.55,44.35106,0.7458333333333333
2017-01-23 08:00:00,0.84,204.86806,1.0
2017-01-23 09:00:00,0.25,385.64935,1.0
2017-01-23 10:00:00,0.38,449.7181,1.0
2017-01-23 11:00:00,0.72,510.07614,1.0
2017-01-23 12:00:00,0.78,416.01474,1.0
2017-01-23 13:00:00,0.61,433.74088,1.0
2017-01-23 14:00:00,0.58,385.44025,1.0
2017-01-23 15:00:00,0.51,224.54338,1.0
2017-01-23 16:00:00,0.65,73.16888,1.0
2017-01-23 17:00:00,0.94,0.0,0.16305555555555556
2017-01-23 18:00:00,0.55,0.0,0.0
2017-01-23 19:00:00,0.51,0.0,0.0
2017-01-23 20:00:00,0.77,0.0,0.0
2017-01-23 21:00:00,0.55,0.0,0.0
2017-01-23 22:00:00,0.91,0.0,0.0
2017-01-23 23:00:00,0.32,0.0,0.0
2017-01-24 00:00:00,0.54,0.0,0.0
2017-01-24 01:00:00,0.93,0.0,0.0
2017-01-24 02:00:00,0.67,0.0,0.0
2017-01-24 03:00:00,0.71,0.0,0.0
2017-01-24 04:00:00,0.56,0.0,0.0
2017-01-24 05:00:00,0.5,0.0,0.0
2017-01-24 06:00:00,0.58,0.0,0.0
2017-01-24 07:00:00,0.74,48.454884,0.7572222222222222
2017-01-24 08:00:00,0.8,235.0744,1.0
2017-01-24 09:00:00,0.93,157.52063,1.0
2017-01-24 10:00:00,0.98,181.47508,1.0
2017-01-24 11:00:00,0.99,259.5459,1.0
2017-01-24 12:00:00,0.96,370.88046,1.0
2017-01-24 13:00:00,1.0,179.91565,1.0
2017-01-24 14:00:00,1.0,164.55751,1.0
2017-01-24 15:00:00,1.0,89.57482,1.0
2017-01-24 16:00:00,0.97,32.79946,1.0
2017-01-24 17:00:00,0.99,0.0,0.1827777777777778
2017-01-24 18:00:00,1.0,0.0,0.0
2017-01-24 19:00:00,0.99,0.0,0.0
2017-01-24 20:00:00,1.0,0.0,0.0
2017-01-24 21:00:00,0.99,0.0,0.0
2017-01-24 22:00:00,1.0,0.0,0.0
2017-01-24 23:00:00,0.93,0.0,0.0
2017-01-25 00:00:00,0.84,0.0,0.0
2017-01-25 01:00:00,0.57,0.0,0.0
2017-01-25 02:00:00,0.15,0.0,0.0
2017-01-25 03:00:00,1.0,0.0,0.0
2017-01-25 04:00:00,0.99,0.0,0.0
2017-01-25 05:00:00,0.98,0.0,0.0
2017-01-25 06:00:00,0.95,0.0,0.0
2017-01-25 07:00:00,1.0,35.947586,0.7691666666666667
2017-01-25 08:00:00,1.0,220.74066,1.0
2017-01-25 09:00:00,0.81,431.2856,1.0
2017-01-25 10:00:00,0.61,536.23157,1.0
2017-01-25 11:00:00,0.84,637.5682,1.0
2017-01-25 12:00:00,0.96,657.0117,1.0
2017-01-25 13:00:00,0.81,578.3822,1.0
2017-01-25 14:00:00,0.78,428.12506,1.0
2017-01-25 15:00:00,0.9,244.49,1.0
2017-01-25 16:00:00,0.56,106.97374,1.0
2017-01-25 17:00:00,0.33,0.0,0.20222222222222222
2017-01-25 18:00:00,0.59,0.0,0.0
2017-01-25 19:00:00,0.19,0.0,0.0
2017-01-25 20:00:00,0.23,0.0,0.0
2017-01-25 21:00:00,0.12,0.0,0.0
2017-01-25 22:00:00,0.05,0.0,0.0
2017-01-25 23:00:00,0.23,0.0,0.0
2017-01-26 00:00:00,0.35,0.0,0.0
2017-01-26 01:00:00,0.14,0.0,0.0
2017-01-26 02:00:00,0.06,0.0,0.0
2017-01-26 03:00:00,0.11,0.0,0.0
2017-01-26 04:00:00,0.03,0.0,0.0
2017-01-26 05:00:00,0.02,0.0,0.0
2017-01-26 06:00:00,0.0,0.0,0.0
2017-01-26 07:00:00,0.03,61.388573,0.7813888888888889
2017-01-26 08:00:00,0.0,291.84833,1.0
2017-01-26 09:00:00,0.0,494.49338,1.0
2017-01-26 10:00:00,0.02,625.57556,1.0
2017-01-26 11:00:00,0.07,689.77936,1.0
2017-01-26 12:00:00,0.18,721.9125,1.0
2017-01-26 13:00:00,0.05,641.8397,1.0
2017-01-26 14:00:00,0.28,503.37772,1.0
2017-01-26 15:00:00,0.26,325.90048,1.0
2017-01-26 16:00:00,0.36,114.99744,1.0
2017-01-26 17:00:00,0.38,0.0,0.22194444444444444
2017-01-26 18:00:00,0.18,0.0,0.0
2017-01-26 19:00:00,0.35,0.0,0.0
2017-01-26 20:00:00,0.0,0.0,0.0
2017-01-26 21:00:00,0.02,0.0,0.0
2017-01-26 22:00:00,0.02,0.0,0.0
2017-01-26 23:00:00,0.0,0.0,0.0
2017-01-27 00:00:00,0.0,0.0,0.0
2017-01-27 01:00:00,0.0,0.0,0.0
2017-01-27 02:00:00,0.0,0.0,0.0
2017-01-27 03:00:00,0.0,0.0,0.0
2017-01-27 04:00:00,0.0,0.0,0.0
2017-01-27 05:00:00,0.0,0.0,0.0
2017-01-27 06:00:00,0.0,0.0,0.0
2017-01-27 07:00:00,0.0,65.62101,0.7941666666666667
2017-01-27 08:00:00,0.0,289.57693,1.0
2017-01-27 09:00:00,0.03,487.55756,1.0
2017-01-27 10:00:00,0.07,634.05426,1.0
2017-01-27 11:00:00,0.0,711.1339,1.0
2017-01-27 12:00:00,0.0,715.3614,1.0
2017-01-27 13:00:00,0.0,649.2146,1.0
2017-01-27 14:00:00,0.0,514.7537,1.0
2017-01-27 15:00:00,0.0,328.60016,1.0
2017-01-27 16:00:00,0.18,119.49645,1.0
2017-01-27 17:00:00,0.0,0.0,0.24138888888888888
2017-01-27 18:00:00,0.14,0.0,0.0
2017-01-27 19:00:00,0.37,0.0,0.0
2017-01-27 20:00:00,0.0,0.0,0.0
2017-01-27 21:00:00,0.0,0.0,0.0
2017-01-27 22:00:00,0.0,0.0,0.0
2017-01-27 23:00:00,0.0,0.0,0.0
2017-01-28 00:00:00,0.39,0.0,0.0
2017-01-28 01:00:00,0.41,0.0,0.0
2017-01-28 02:00:00,0.59,0.0,0.0
2017-01-28 03:00:00,0.77,0.0,0.0
2017-01-28 04:00:00,0.86,0.0,0.0
2017-01-28 05:00:00,0.72,0.0,0.0
2017-01-28 06:00:00,0.61,0.0,0.0
2017-01-28 07:00:00,1.0,43.38845,0.8075
2017-01-28 08:00:00,0.94,181.62253,1.0
2017-01-28 09:00:00,0.94,286.95383,1.0
2017-01-28 10:00:00,0.51,490.38492,1.0
2017-01-28 11:00:00,0.62,618.4274,1.0
2017-01-28 12:00:00,0.89,600.71967,1.0
2017-01-28 13:00:00,0.98,476.75513,1.0
2017-01-28 14:00:00,0.88,401.25098,1.0
2017-01-28 15:00:00,0.88,249.22241,1.0
2017-01-28 16:00:00,0.37,92.33414,1.0
2017-01-28 17:00:00,0.61,0.0,0.2608333333333333
2017-01-28 18:00:00,0.85,0.0,0.0
2017-01-28 19:00:00,0.88,0.0,0.0
2017-01-28 20:00:00,0.41,0.0,0.0
2017-01-28 21:00:00,0.03,0.0,0.0
2017-01-28 22:00:00,0.01,0.0,0.0
2017-01-28 23:00:00,0.0,0.0,0.0
2017-01-29 00:00:00,0.0,0.0,0.0
2017-01-29 01:00:00,0.0,0.0,0.0
2017-01-29 02:00:00,0.01,0.0,0.0
2017-01-29 03:00:00,0.05,0.0,0.0
2017-01-29 04:00:00,0.38,0.0,0.0
2017-01-29 05:00:00,0.02,0.0,0.0
2017-01-29 06:00:00,0.09,0.0,0.0
2017-01-29 07:00:00,0.2,64.20333,0.8211111111111111
2017-01-29 08:00:00,0.0,281.73175,1.0
2017-01-29 09:00:00,0.0,480.00647,1.0
2017-01-29 10:00:00,0.18,623.9241,1.0
2017-01-29 11:00:00,0.13,704.79346,1.0
2017-01-29 12:00:00,0.01,708.739,1.0
2017-01-29 13:00:00,0.39,640.9187,1.0
2017-01-29 14:00:00,0.3,508.79837,1.0
2017-01-29 15:00:00,0.0,327.83286,1.0
2017-01-29 16:00:00,0.0,123.91898,1.0
2017-01-29 17:00:00,0.0,2.8033016,0.28
2017-01-29 18:00:00,0.56,0.0,0.0
2017-01-29 19:00:00,0.59,0.0,0.0
2017-01-29 20:00:00,0.71,0.0,0.0
2017-01-29 21:00:00,0.57,0.0,0.0
2017-01-29 22:00:00,0.54,0.0,0.0
2017-01-29 23:00:00,0.79,0.0,0.0
2017-01-30 00:00:00,0.9,0.0,0.0
2017-01-30 01:00:00,0.79,0.0,0.0
2017-01-30 02:00:00,0.67,0.0,0.0
2017-01-30 03:00:00,0.69,0.0,0.0
2017-01-30 04:00:00,0.92,0.0,0.0
2017-01-30 05:00:00,0.38,0.0,0.0
2017-01-30 06:00:00,1.0,0.0,0.0
2017-01-30 07:00:00,1.0,33.30404,0.8355555555555556
2017-01-30 08:00:00,0.88,150.9948,1.0
2017-01-30 09:00:00,1.0,404.55896,1.0
2017-01-30 10:00:00,0.99,511.77554,1.0
2017-01-30 11:00:00,0.2,705.36536,1.0
2017-01-30 12:00:00,0.88,699.9126,1.0
2017-01-30 13:00:00,1.0,620.7199,1.0
2017-01-30 14:00:00,0.93,484.11227,1.0
2017-01-30 15:00:00,1.0,307.092,1.0
2017-01-30 16:00:00,0.97,111.78291,1.0
2017-01-30 17:00:00,0.97,1.9878461,0.29944444444444446
2017-01-30 18:00:00,0.98,0.0,0.0
2017-01-30 19:00:00,1.0,0.0,0.0
2017-01-30 20:00:00,1.0,0.0,0.0
2017-01-30 21:00:00,1.0,0.0,0.0
2017-01-30 22:00:00,1.0,0.0,0.0
2017-01-30 23:00:00,1.0,0.0,0.0
2017-01-31 00:00:00,1.0,0.0,0.0
2017-01-31 01:00:00,1.0,0.0,0.0
2017-01-31 02:00:00,1.0,0.0,0.0
2017-01-31 03:00:00,0.98,0.0,0.0
2017-01-31 04:00:00,1.0,0.0,0.0
2017-01-31 05:00:00,1.0,0.0,0.0
2017-01-31 06:00:00,1.0,0.0,0.0
2017-01-31 07:00:00,1.0,56.1937,0.8505555555555555
2017-01-31 08:00:00,0.69,258.1499,1.0
2017-01-31 09:00:00,0.76,470.6854,1.0
2017-01-31 10:00:00,0.97,598.8887,1.0
2017-01-31 11:00:00,0.97,672.4586,1.0
2017-01-31 12:00:00,1.0,677.5476,1.0
2017-01-31 13:00:00,1.0,618.7489,1.0
2017-01-31 14:00:00,0.91,506.69516,1.0
2017-01-31 15:00:00,0.63,327.52765,1.0
2017-01-31 16:00:00,0.91,120.88465,1.0
2017-01-31 17:00:00,0.65,3.6813898,0.31916666666666665
2017-01-31 18:00:00,0.41,0.0,0.0
2017-01-31 19:00:00,0.47,0.0,0.0
2017-01-31 20:00:00,0.88,0.0,0.0
2017-01-31 21:00:00,0.82,0.0,0.0
2017-01-31 22:00:00,0.74,0.0,0.0
2017-01-31 23:00:00,0.62,0.0,0.0
2017-02-01 00:00:00,0.48,0.0,0.0
2017-02-01 01:00:00,0.84,0.0,0.0
2017-02-01 02:00:00,0.29,0.0,0.0
2017-02-01 03:00:00,0.4,0.0,0.0
2017-02-01 04:00:00,0.45,0.0,0.0
2017-02-01 05:00:00,0.0,0.0,0.0
2017-02-01 06:00:00,0.92,0.0,0.0
2017-02-01 07:00:00,0.98,42.844017,0.8661111111111112
2017-02-01 08:00:00,0.65,170.33328,1.0
2017-02-01 09:00:00,0.87,289.45428,1.0
2017-02-01 10:00:00,0.67,487.54315,1.0
2017-02-01 11:00:00,0.28,585.5122,1.0
2017-02-01 12:00:00,0.2,604.7203,1.0
2017-02-01 13:00:00,0.13,582.5029,1.0
2017-02-01 14:00:00,0.47,502.84573,1.0
2017-02-01 15:00:00,0.3,321.94882,1.0
2017-02-01 16:00:00,0.19,129.10027,1.0
2017-02-01 17:00:00,0.04,0.99392307,0.3388888888888889
2017-02-01 18:00:00,1.0,0.0,0.0
2017-02-01 19:00:00,1.0,0.0,0.0
2017-02-01 20:00:00,1.0,0.0,0.0
2017-02-01 21:00:00,1.0,0.0,0.0
2017-02-01 22:00:00,1.0,0.0,0.0
2017-02-01 23:00:00,1.0,0.0,0.0
2017-02-02 00:00:00,1.0,0.0,0.0
2017-02-02 01:00:00,1.0,0.0,0.0
2017-02-02 02:00:00,1.0,0.0,0.0
2017-02-02 03:00:00,1.0,0.0,0.0
2017-02-02 04:00:00,1.0,0.0,0.0
2017-02-02 05:00:00,1.0,0.0,0.0
2017-02-02 06:00:00,1.0,0.0,0.0
2017-02-02 07:00:00,1.0,29.9055,0.8822222222222222
2017-02-02 08:00:00,1.0,95.08233,1.0
2017-02-02 09:00:00,1.0,247.0533,1.0
2017-02-02 10:00:00,0.95,338.7175,1.0
2017-02-02 11:00:00,0.71,565.55396,1.0
2017-02-02 12:00:00,0.73,715.42664,1.0
2017-02-02 13:00:00,0.28,657.7787,1.0
2017-02-02 14:00:00,0.2,527.23773,1.0
2017-02-02 15:00:00,0.0,342.2024,1.0
2017-02-02 16:00:00,0.0,130.4992,1.0
2017-02-02 17:00:00,0.94,3.581385,0.3586111111111111
2017-02-02 18:00:00,0.08,0.0,0.0
2017-02-02 19:00:00,0.52,0.0,0.0
2017-02-02 20:00:00,0.36,0.0,0.0
2017-02-02 21:00:00,0.43,0.0,0.0
2017-02-02 22:00:00,0.75,0.0,0.0
2017-02-02 23:00:00,0.62,0.0,0.0
2017-02-03 00:00:00,0.66,0.0,0.0
2017-02-03 01:00:00,0.42,0.0,0.0
2017-02-03 02:00:00,0.1,0.0,0.0
2017-02-03 03:00:00,0.16,0.0,0.0
2017-02-03 04:00:00,0.76,0.0,0.0
2017-02-03 05:00:00,0.79,0.0,0.0
2017-02-03 06:00:00,0.91,0.0,0.0
2017-02-03 07:00:00,0.82,45.69851,0.8988888888888888
2017-02-03 08:00:00,0.96,207.52666,1.0
2017-02-03 09:00:00,0.98,353.14493,1.0
2017-02-03 10:00:00,0.89,491.16223,1.0
2017-02-03 11:00:00,0.92,559.7641,1.0
2017-02-03 12:00:00,0.99,555.16364,1.0
2017-02-03 13:00:00,0.97,476.98126,1.0
2017-02-03 14:00:00,0.29,523.40497,1.0
2017-02-03 15:00:00,0.0,350.92783,1.0
2017-02-03 16:00:00,0.0,142.25536,1.0
2017-02-03 17:00:00,0.02,6.0790434,0.3786111111111111
2017-02-03 18:00:00,0.0,0.0,0.0
2017-02-03 19:00:00,0.0,0.0,0.0
2017-02-03 20:00:00,0.0,0.0,0.0
2017-02-03 21:00:00,0.0,0.0,0.0
2017-02-03 22:00:00,0.0,0.0,0.0
2017-02-03 23:00:00,0.0,0.0,0.0
2017-02-04 00:00:00,0.0,0.0,0.0
2017-02-04 01:00:00,0.0,0.0,0.0
2017-02-04 02:00:00,0.0,0.0,0.0
2017-02-04 03:00:00,0.0,0.0,0.0
2017-02-04 04:00:00,0.0,0.0,0.0
2017-02-04 05:00:00,0.0,0.0,0.0
2017-02-04 06:00:00,0.0,0.0,0.0
2017-02-04 07:00:00,0.0,85.99076,0.9161111111111111
2017-02-04 08:00:00,0.0,319.52783,1.0
2017-02-04 09:00:00,0.0,518.0188,1.0
2017-02-04 10:00:00,0.0,660.5971,1.0
2017-02-04 11:00:00,0.0,738.3774,1.0
2017-02-04 12:00:00,0.0,749.2355,1.0
2017-02-04 13:00:00,0.0,677.3513,1.0
2017-02-04 14:00:00,0.0,548.8862,1.0
2017-02-04 15:00:00,0.0,359.19937,1.0
2017-02-04 16:00:00,0.0,147.55963,1.0
2017-02-04 17:00:00,0.0,7.502671,0.39861111111111114
2017-02-04 18:00:00,0.62,0.0,0.0
2017-02-04 19:00:00,0.94,0.0,0.0
2017-02-04 20:00:00,0.66,0.0,0.0
2017-02-04 21:00:00,1.0,0.0,0.0
2017-02-04 22:00:00,0.88,0.0,0.0
2017-02-04 23:00:00,1.0,0.0,0.0
2017-02-05 00:00:00,0.89,0.0,0.0
2017-02-05 01:00:00,1.0,0.0,0.0
2017-02-05 02:00:00,0.96,0.0,0.0
2017-02-05 03:00:00,0.93,0.0,0.0
2017-02-05 04:00:00,0.86,0.0,0.0
2017-02-05 05:00:00,0.51,0.0,0.0
2017-02-05 06:00:00,0.57,0.0,0.0
2017-02-05 07:00:00,0.22,81.65581,0.9336111111111111
2017-02-05 08:00:00,0.8,282.61914,1.0
2017-02-05 09:00:00,0.74,456.12604,1.0
2017-02-05 10:00:00,0.41,635.8247,1.0
2017-02-05 11:00:00,0.29,708.80054,1.0
2017-02-05 12:00:00,0.27,725.7477,1.0
2017-02-05 13:00:00,0.19,629.0756,1.0
2017-02-05 14:00:00,0.05,512.1745,1.0
2017-02-05 15:00:00,0.03,352.32797,1.0
2017-02-05 16:00:00,0.06,138.69296,1.0
2017-02-05 17:00:00,0.01,7.3856673,0.4186111111111111
2017-02-05 18:00:00,0.49,0.0,0.0
2017-02-05 19:00:00,0.64,0.0,0.0
2017-02-05 20:00:00,0.45,0.0,0.0
2017-02-05 21:00:00,0.4,0.0,0.0
2017-02-05 22:00:00,0.86,0.0,0.0
2017-02-05 23:00:00,0.47,0.0,0.0
2017-02-06 00:00:00,0.45,0.0,0.0
2017-02-06 01:00:00,0.98,0.0,0.0
2017-02-06 02:00:00,1.0,0.0,0.0
2017-02-06 03:00:00,0.78,0.0,0.0
2017-02-06 04:00:00,0.99,0.0,0.0
2017-02-06 05:00:00,1.0,0.0,0.0
2017-02-06 06:00:00,1.0,0.0,0.0
2017-02-06 07:00:00,0.97,32.209877,0.9516666666666667
2017-02-06 08:00:00,0.84,254.15186,1.0
2017-02-06 09:00:00,0.78,501.08405,1.0
2017-02-06 10:00:00,0.79,597.20135,1.0
2017-02-06 11:00:00,0.41,744.1875,1.0
2017-02-06 12:00:00,0.0,753.0259,1.0
2017-02-06 13:00:00,0.02,686.1773,1.0
2017-02-06 14:00:00,0.0,552.74896,1.0
2017-02-06 15:00:00,0.95,359.69217,1.0
2017-02-06 16:00:00,0.62,152.45761,1.0
2017-02-06 17:00:00,0.02,8.270268,0.43833333333333335
2017-02-06 18:00:00,0.02,0.0,0.0
2017-02-06 19:00:00,0.0,0.0,0.0
2017-02-06 20:00:00,1.0,0.0,0.0
2017-02-06 21:00:00,0.99,0.0,0.0
2017-02-06 22:00:00,0.46,0.0,0.0
2017-02-06 23:00:00,0.26,0.0,0.0
2017-02-07 00:00:00,0.72,0.0,0.0
2017-02-07 01:00:00,0.86,0.0,0.0
2017-02-07 02:00:00,0.72,0.0,0.0
2017-02-07 03:00:00,0.61,0.0,0.0
2017-02-07 04:00:00,0.62,0.0,0.0
2017-02-07 05:00:00,0.36,0.0,0.0
2017-02-07 06:00:00,0.69,0.0,0.0
2017-02-07 07:00:00,0.44,78.577736,0.97
2017-02-07 08:00:00,0.39,307.552,1.0
2017-02-07 09:00:00,0.31,503.73065,1.0
2017-02-07 10:00:00,0.0,677.02905,1.0
2017-02-07 11:00:00,0.4,745.54364,1.0
2017-02-07 12:00:00,0.0,758.7048,1.0
2017-02-07 13:00:00,0.35,685.82074,1.0
2017-02-07 14:00:00,0.99,377.63995,1.0
2017-02-07 15:00:00,1.0,220.35017,1.0
2017-02-07 16:00:00,0.97,69.54821,1.0
2017-02-07 17:00:00,0.51,7.764368,0.4583333333333333
2017-02-07 18:00:00,0.85,0.0,0.0
2017-02-07 19:00:00,0.92,0.0,0.0
2017-02-07 20:00:00,0.68,0.0,0.0
2017-02-07 21:00:00,0.41,0.0,0.0
2017-02-07 22:00:00,0.64,0.0,0.0
2017-02-07 23:00:00,0.1,0.0,0.0
2017-02-08 00:00:00,0.52,0.0,0.0
2017-02-08 01:00:00,0.33,0.0,0.0
2017-02-08 02:00:00,0.49,0.0,0.0
2017-02-08 03:00:00,0.53,0.0,0.0
2017-02-08 04:00:00,0.5,0.0,0.0
2017-02-08 05:00:00,0.36,0.0,0.0
2017-02-08 06:00:00,0.69,0.0,0.0
2017-02-08 07:00:00,0.3,90.03015,0.9888888888888889
2017-02-08 08:00:00,0.58,294.29062,1.0
2017-02-08 09:00:00,0.77,475.11908,1.0
2017-02-08 10:00:00,0.7,574.58075,1.0
2017-02-08 11:00:00,0.83,522.38995,1.0
2017-02-08 12:00:00,0.51,651.02893,1.0
2017-02-08 13:00:00,0.37,550.8522,1.0
2017-02-08 14:00:00,0.29,480.61694,1.0
2017-02-08 15:00:00,0.52,372.04065,1.0
2017-02-08 16:00:00,0.53,159.33261,1.0
2017-02-08 17:00:00,0.57,10.802318,0.47833333333333333
2017-02-08 18:00:00,0.44,0.0,0.0
2017-02-08 19:00:00,0.05,0.0,0.0
2017-02-08 20:00:00,0.07,0.0,0.0
2017-02-08 21:00:00,0.55,0.0,0.0
2017-02-08 22:00:00,0.3,0.0,0.0
2017-02-08 23:00:00,0.42,0.0,0.0
2017-02-09 00:00:00,0.23,0.0,0.0
2017-02-09 01:00:00,0.23,0.0,0.0
2017-02-09 02:00:00,0.53,0.0,0.0
2017-02-09 03:00:00,0.19,0.0,0.0
2017-02-09 04:00:00,0.0,0.0,0.0
2017-02-09 05:00:00,0.26,0.0,0.0
2017-02-09 06:00:00,0.97,0.0,0.008055555555555555
2017-02-09 07:00:00,0.83,89.09906,1.0
2017-02-09 08:00:00,0.71,290.65857,1.0
2017-02-09 09:00:00,0.93,472.54886,1.0
2017-02-09 10:00:00,0.95,633.2723,1.0
2017-02-09 11:00:00,0.98,665.5644,1.0
2017-02-09 12:00:00,0.98,663.8387,1.0
2017-02-09 13:00:00,1.0,643.7616,1.0
2017-02-09 14:00:00,1.0,521.36383,1.0
2017-02-09 15:00:00,0.97,339.42148,1.0
2017-02-09 16:00:00,1.0,142.75737,1.0
2017-02-09 17:00:00,1.0,9.96908,0.49833333333333335
2017-02-09 18:00:00,1.0,0.0,0.0
2017-02-09 19:00:00,1.0,0.0,0.0
2017-02-09 20:00:00,1.0,0.0,0.0
2017-02-09 21:00:00,1.0,0.0,0.0
2017-02-09 22:00:00,1.0,0.0,0.0
2017-02-09 23:00:00,1.0,0.0,0.0
2017-02-10 00:00:00,1.0,0.0,0.0
2017-02-10 01:00:00,0.9,0.0,0.0
2017-02-10 02:00:00,1.0,0.0,0.0
2017-02-10 03:00:00,1.0,0.0,0.0
2017-02-10 04:00:00,1.0,0.0,0.0
2017-02-10 05:00:00,1.0,0.0,0.0
2017-02-10 06:00:00,1.0,0.0,0.0275
2017-02-10 07:00:00,1.0,81.02792,1.0
2017-02-10 08:00:00,1.0,283.79648,1.0
2017-02-10 09:00:00,1.0,471.73044,1.0
2017-02-10 10:00:00,1.0,633.4528,1.0
2017-02-10 11:00:00,1.0,717.3927,1.0
2017-02-10 12:00:00,0.9,730.6623,1.0
2017-02-10 13:00:00,0.65,674.1684,1.0
2017-02-10 14:00:00,0.14,555.92255,1.0
2017-02-10 15:00:00,0.0,374.67102,1.0
2017-02-10 16:00:00,0.03,167.68893,1.0
2017-02-10 17:00:00,0.0,12.497499,0.5180555555555556
2017-02-10 18:00:00,0.16,0.0,0.0
2017-02-10 19:00:00,0.29,0.0,0.0
2017-02-10 20:00:00,0.27,0.0,0.0
2017-02-10 21:00:00,0.0,0.0,0.0
2017-02-10 22:00:00,0.21,0.0,0.0
2017-02-10 23:00:00,0.28,0.0,0.0
2017-02-11 00:00:00,0.28,0.0,0.0
2017-02-11 01:00:00,0.19,0.0,0.0
2017-02-11 02:00:00,0.2,0.0,0.0
2017-02-11 03:00:00,0.97,0.0,0.0
2017-02-11 04:00:00,0.25,0.0,0.0
2017-02-11 05:00:00,0.15,0.0,0.0
2017-02-11 06:00:00,0.21,0.0,0.04722222222222222
2017-02-11 07:00:00,0.33,102.00166,1.0
2017-02-11 08:00:00,0.2,309.2991,1.0
2017-02-11 09:00:00,0.25,528.2048,1.0
2017-02-11 10:00:00,0.15,670.68036,1.0
2017-02-11 11:00:00,0.02,709.7088,1.0
2017-02-11 12:00:00,0.74,502.6577,1.0
2017-02-11 13:00:00,0.95,277.93286,1.0
2017-02-11 14:00:00,0.95,197.0495,1.0
2017-02-11 15:00:00,0.96,154.9338,1.0
2017-02-11 16:00:00,1.0,39.213932,1.0
2017-02-11 17:00:00,1.0,9.803697,0.5380555555555555
2017-02-11 18:00:00,0.55,0.0,0.0
2017-02-11 19:00:00,0.87,0.0,0.0
2017-02-11 20:00:00,0.84,0.0,0.0
2017-02-11 21:00:00,1.0,0.0,0.0
2017-02-11 22:00:00,1.0,0.0,0.0
2017-02-11 23:00:00,1.0,0.0,0.0
2017-02-12 00:00:00,1.0,0.0,0.0
2017-02-12 01:00:00,1.0,0.0,0.0
2017-02-12 02:00:00,1.0,0.0,0.0
2017-02-12 03:00:00,1.0,0.0,0.0
2017-02-12 04:00:00,0.99,0.0,0.0
2017-02-12 05:00:00,1.0,0.0,0.0
2017-02-12 06:00:00,1.0,0.0,0.06722222222222222
2017-02-12 07:00:00,1.0,35.674377,1.0
2017-02-12 08:00:00,1.0,160.90779,1.0
2017-02-12 09:00:00,1.0,392.27606,1.0
2017-02-12 10:00:00,0.99,657.09814,1.0
2017-02-12 11:00:00,0.82,685.79694,1.0
2017-02-12 12:00:00,0.15,722.8804,1.0
2017-02-12 13:00:00,0.09,682.4865,1.0
2017-02-12 14:00:00,0.11,567.9919,1.0
2017-02-12 15:00:00,0.03,381.89117,1.0
2017-02-12 16:00:00,0.04,171.25706,1.0
2017-02-12 17:00:00,0.02,14.486219,0.5577777777777778
2017-02-12 18:00:00,0.99,0.0,0.0
2017-02-12 19:00:00,0.98,0.0,0.0
2017-02-12 20:00:00,1.0,0.0,0.0
2017-02-12 21:00:00,0.98,0.0,0.0
2017-02-12 22:00:00,0.99,0.0,0.0
2017-02-12 23:00:00,0.69,0.0,0.0
2017-02-13 00:00:00,1.0,0.0,0.0
2017-02-13 01:00:00,0.98,0.0,0.0
2017-02-13 02:00:00,0.99,0.0,0.0
2017-02-13 03:00:00,1.0,0.0,0.0
2017-02-13 04:00:00,1.0,0.0,0.0
2017-02-13 05:00:00,1.0,0.0,0.0
2017-02-13 06:00:00,1.0,0.0,0.08777777777777777
2017-02-13 07:00:00,1.0,49.202774,1.0
2017-02-13 08:00:00,1.0,192.48952,1.0
2017-02-13 09:00:00,0.98,359.99136,1.0
2017-02-13 10:00:00,0.97,451.997,1.0
2017-02-13 11:00:00,0.98,573.56287,1.0
2017-02-13 12:00:00,1.0,521.0429,1.0
2017-02-13 13:00:00,1.0,492.07562,1.0
2017-02-13 14:00:00,0.99,306.2914,1.0
2017-02-13 15:00:00,1.0,184.7586,1.0
2017-02-13 16:00:00,1.0,88.51752,1.0
2017-02-13 17:00:00,1.0,5.963538,0.5772222222222222
2017-02-13 18:00:00,1.0,0.0,0.0
2017-02-13 19:00:00,1.0,0.0,0.0
2017-02-13 20:00:00,1.0,0.0,0.0
2017-02-13 21:00:00,1.0,0.0,0.0
2017-02-13 22:00:00,1.0,0.0,0.0
2017-02-13 23:00:00,0.92,0.0,0.0
2017-02-14 00:00:00,0.93,0.0,0.0
2017-02-14 01:00:00,0.57,0.0,0.0
2017-02-14 02:00:00,0.02,0.0,0.0
2017-02-14 03:00:00,0.0,0.0,0.0
2017-02-14 04:00:00,0.0,0.0,0.0
2017-02-14 05:00:00,0.0,0.0,0.0
2017-02-14 06:00:00,0.0,0.0,0.10833333333333334
2017-02-14 07:00:00,0.0,122.610115,1.0
2017-02-14 08:00:00,0.0,349.6184,1.0
2017-02-14 09:00:00,0.0,551.7759,1.0
2017-02-14 10:00:00,0.0,699.1122,1.0
2017-02-14 11:00:00,0.0,781.1331,1.0
2017-02-14 12:00:00,0.0,786.9089,1.0
2017-02-14 13:00:00,0.0,718.39374,1.0
2017-02-14 14:00:00,0.1,587.40967,1.0
2017-02-14 15:00:00,0.04,403.21155,1.0
2017-02-14 16:00:00,0.3,175.15344,1.0
2017-02-14 17:00:00,0.12,19.04061,0.5966666666666667
2017-02-14 18:00:00,0.0,0.0,0.0
2017-02-14 19:00:00,0.01,0.0,0.0
2017-02-14 20:00:00,0.11,0.0,0.0
2017-02-14 21:00:00,0.18,0.0,0.0
2017-02-14 22:00:00,0.0,0.0,0.0
2017-02-14 23:00:00,0.0,0.0,0.0
2017-02-15 00:00:00,0.0,0.0,0.0
2017-02-15 01:00:00,0.0,0.0,0.0
2017-02-15 02:00:00,0.0,0.0,0.0
2017-02-15 03:00:00,0.0,0.0,0.0
2017-02-15 04:00:00,0.0,0.0,0.0
2017-02-15 05:00:00,0.0,0.0,0.0
2017-02-15 06:00:00,0.0,0.0,0.12916666666666668
2017-02-15 07:00:00,0.0,128.92088,1.0
2017-02-15 08:00:00,0.0,361.07852,1.0
2017-02-15 09:00:00,0.0,566.6149,1.0
2017-02-15 10:00:00,0.75,706.3012,1.0
2017-02-15 11:00:00,0.56,801.205,1.0
2017-02-15 12:00:00,0.0,809.51117,1.0
2017-02-15 13:00:00,0.4,731.5762,1.0
2017-02-15 14:00:00,0.42,597.29926,1.0
2017-02-15 15:00:00,0.48,396.71188,1.0
2017-02-15 16:00:00,0.36,185.56839,1.0
2017-02-15 17:00:00,0.44,20.013414,0.6161111111111112
2017-02-15 18:00:00,0.0,0.0,0.0
2017-02-15 19:00:00,0.0,0.0,0.0
2017-02-15 20:00:00,0.0,0.0,0.0
2017-02-15 21:00:00,0.0,0.0,0.0
2017-02-15 22:00:00,0.0,0.0,0.0
2017-02-15 23:00:00,0.0,0.0,0.0
2017-02-16 00:00:00,0.0,0.0,0.0
2017-02-16 01:00:00,0.0,0.0,0.0
2017-02-16 02:00:00,0.0,0.0,0.0
2017-02-16 03:00:00,0.0,0.0,0.0
2017-02-16 04:00:00,0.0,0.0,0.0
2017-02-16 05:00:00,0.0,0.0,0.0
2017-02-16 06:00:00,0.0,0.0,0.15
2017-02-16 07:00:00,0.0,136.84213,1.0
2017-02-16 08:00:00,0.0,371.29675,1.0
2017-02-16 09:00:00,0.0,578.3827,1.0
2017-02-16 10:00:00,0.0,729.8683,1.0
2017-02-16 11:00:00,0.0,812.3544,1.0
2017-02-16 12:00:00,0.0,817.8671,1.0
2017-02-16 13:00:00,0.0,749.0547,1.0
2017-02-16 14:00:00,0.0,612.69226,1.0
2017-02-16 15:00:00,0.0,421.26355,1.0
2017-02-16 16:00:00,0.0,198.35168,1.0
2017-02-16 17:00:00,0.0,21.950497,0.6352777777777778
2017-02-16 18:00:00,0.0,0.0,0.0
2017-02-16 19:00:00,0.0,0.0,0.0
2017-02-16 20:00:00,0.0,0.0,0.0
2017-02-16 21:00:00,0.0,0.0,0.0
2017-02-16 22:00:00,0.0,0.0,0.0
2017-02-16 23:00:00,0.0,0.0,0.0
2017-02-17 00:00:00,0.0,0.0,0.0
2017-02-17 01:00:00,0.0,0.0,0.0
2017-02-17 02:00:00,0.0,0.0,0.0
2017-02-17 03:00:00,0.0,0.0,0.0
2017-02-17 04:00:00,0.05,0.0,0.0
2017-02-17 05:00:00,0.96,0.0,0.0
2017-02-17 06:00:00,0.98,0.0,0.1711111111111111
2017-02-17 07:00:00,0.95,75.1852,1.0
2017-02-17 08:00:00,0.97,172.7684,1.0
2017-02-17 09:00:00,0.81,486.14468,1.0
2017-02-17 10:00:00,0.76,676.0395,1.0
2017-02-17 11:00:00,0.4,784.28204,1.0
2017-02-17 12:00:00,0.79,781.4266,1.0
2017-02-17 13:00:00,0.72,721.47925,1.0
2017-02-17 14:00:00,0.0,574.8474,1.0
2017-02-17 15:00:00,0.64,286.12534,1.0
2017-02-17 16:00:00,0.72,151.87971,1.0
2017-02-17 17:00:00,0.39,22.86635,0.6544444444444445
2017-02-17 18:00:00,0.03,0.0,0.0
2017-02-17 19:00:00,0.03,0.0,0.0
2017-02-17 20:00:00,0.07,0.0,0.0
2017-02-17 21:00:00,0.5,0.0,0.0
2017-02-17 22:00:00,0.09,0.0,0.0
2017-02-17 23:00:00,0.12,0.0,0.0
2017-02-18 00:00:00,0.32,0.0,0.0
2017-02-18 01:00:00,0.4,0.0,0.0
2017-02-18 02:00:00,0.23,0.0,0.0
2017-02-18 03:00:00,0.97,0.0,0.0
2017-02-18 04:00:00,0.92,0.0,0.0
2017-02-18 05:00:00,1.0,0.0,0.0
2017-02-18 06:00:00,1.0,0.0,0.1925
2017-02-18 07:00:00,0.95,55.92081,1.0
2017-02-18 08:00:00,0.95,197.26453,1.0
2017-02-18 09:00:00,0.97,325.74582,1.0
2017-02-18 10:00:00,0.95,492.08997,1.0
2017-02-18 11:00:00,0.96,648.00244,1.0
2017-02-18 12:00:00,0.98,569.6109,1.0
2017-02-18 13:00:00,1.0,519.04614,1.0
2017-02-18 14:00:00,1.0,312.76157,1.0
2017-02-18 15:00:00,0.63,363.40472,1.0
2017-02-18 16:00:00,0.15,187.34396,1.0
2017-02-18 17:00:00,0.83,18.700186,0.6736111111111112
2017-02-18 18:00:00,0.08,0.0,0.0
2017-02-18 19:00:00,0.15,0.0,0.0
2017-02-18 20:00:00,0.87,0.0,0.0
2017-02-18 21:00:00,0.14,0.0,0.0
2017-02-18 22:00:00,0.96,0.0,0.0
2017-02-18 23:00:00,0.72,0.0,0.0
2017-02-19 00:00:00,0.39,0.0,0.0
2017-02-19 01:00:00,0.05,0.0,0.0
2017-02-19 02:00:00,0.0,0.0,0.0
2017-02-19 03:00:00,0.23,0.0,0.0
2017-02-19 04:00:00,0.91,0.0,0.0
2017-02-19 05:00:00,0.3,0.0,0.0
2017-02-19 06:00:00,0.28,0.0,0.21444444444444444
2017-02-19 07:00:00,0.81,88.92675,1.0
2017-02-19 08:00:00,0.97,256.1515,1.0
2017-02-19 09:00:00,0.89,410.83054,1.0
2017-02-19 10:00:00,0.91,556.86115,1.0
2017-02-19 11:00:00,0.78,660.73895,1.0
2017-02-19 12:00:00,0.95,590.39325,1.0
2017-02-19 13:00:00,0.41,571.7309,1.0
2017-02-19 14:00:00,0.85,508.7556,1.0
2017-02-19 15:00:00,0.87,307.43906,1.0
2017-02-19 16:00:00,0.94,127.34017,1.0
2017-02-19 17:00:00,0.23,16.371384,0.6925
2017-02-19 18:00:00,0.46,0.0,0.0
2017-02-19 19:00:00,0.68,0.0,0.0
2017-02-19 20:00:00,0.84,0.0,0.0
2017-02-19 21:00:00,0.9,0.0,0.0
2017-02-19 22:00:00,0.97,0.0,0.0
2017-02-19 23:00:00,1.0,0.0,0.0
2017-02-20 00:00:00,1.0,0.0,0.0
2017-02-20 01:00:00,0.87,0.0,0.0
2017-02-20 02:00:00,0.32,0.0,0.0
2017-02-20 03:00:00,0.76,0.0,0.0
2017-02-20 04:00:00,0.36,0.0,0.0
2017-02-20 05:00:00,0.0,0.0,0.0
2017-02-20 06:00:00,0.0,0.0,0.23694444444444446
2017-02-20 07:00:00,0.0,156.49413,1.0
2017-02-20 08:00:00,0.0,388.97668,1.0
2017-02-20 09:00:00,0.0,595.3307,1.0
2017-02-20 10:00:00,0.0,743.7702,1.0
2017-02-20 11:00:00,0.0,824.8638,1.0
2017-02-20 12:00:00,0.0,829.1814,1.0
2017-02-20 13:00:00,0.0,761.4729,1.0
2017-02-20 14:00:00,0.0,623.0378,1.0
2017-02-20 15:00:00,0.01,430.80212,1.0
2017-02-20 16:00:00,0.0,209.89647,1.0
2017-02-20 17:00:00,0.0,26.248474,0.7113888888888888
2017-02-20 18:00:00,0.81,0.0,0.0
2017-02-20 19:00:00,0.28,0.0,0.0
2017-02-20 20:00:00,0.0,0.0,0.0
2017-02-20 21:00:00,0.0,0.0,0.0
2017-02-20 22:00:00,0.0,0.0,0.0
2017-02-20 23:00:00,0.0,0.0,0.0
2017-02-21 00:00:00,0.0,0.0,0.0
2017-02-21 01:00:00,0.0,0.0,0.0
2017-02-21 02:00:00,0.0,0.0,0.0
2017-02-21 03:00:00,0.0,0.0,0.0
2017-02-21 04:00:00,0.01,0.0,0.0
2017-02-21 05:00:00,0.03,0.0,0.0
2017-02-21 06:00:00,0.0,0.0,0.25972222222222224
2017-02-21 07:00:00,0.0,162.8955,1.0
2017-02-21 08:00:00,0.01,395.57797,1.0
2017-02-21 09:00:00,0.0,591.4427,1.0
2017-02-21 10:00:00,0.01,741.295,1.0
2017-02-21 11:00:00,0.0,820.1495,1.0
2017-02-21 12:00:00,0.0,832.26245,1.0
2017-02-21 13:00:00,0.0,758.74146,1.0
2017-02-21 14:00:00,0.51,609.24854,1.0
2017-02-21 15:00:00,0.43,410.80316,1.0
2017-02-21 16:00:00,0.61,192.44484,1.0
2017-02-21 17:00:00,0.31,29.333176,0.73
2017-02-21 18:00:00,0.28,0.0,0.0
2017-02-21 19:00:00,0.16,0.0,0.0
2017-02-21 20:00:00,0.1,0.0,0.0
2017-02-21 21:00:00,0.01,0.0,0.0
2017-02-21 22:00:00,0.0,0.0,0.0
2017-02-21 23:00:00,0.0,0.0,0.0
2017-02-22 00:00:00,0.0,0.0,0.0
2017-02-22 01:00:00,0.0,0.0,0.0
2017-02-22 02:00:00,0.0,0.0,0.0
2017-02-22 03:00:00,0.0,0.0,0.0
2017-02-22 04:00:00,0.04,0.0,0.0
2017-02-22 05:00:00,0.0,0.0,0.0
2017-02-22 06:00:00,0.01,4.2951226,0.2827777777777778
2017-02-22 07:00:00,0.0,161.1322,1.0
2017-02-22 08:00:00,0.0,393.15833,1.0
2017-02-22 09:00:00,0.0,598.1657,1.0
2017-02-22 10:00:00,0.0,745.7607,1.0
2017-02-22 11:00:00,0.01,821.40393,1.0
2017-02-22 12:00:00,0.22,810.6627,1.0
2017-02-22 13:00:00,0.22,753.14606,1.0
2017-02-22 14:00:00,0.27,570.27545,1.0
2017-02-22 15:00:00,0.79,392.29837,1.0
2017-02-22 16:00:00,0.16,181.86499,1.0
2017-02-22 17:00:00,0.13,25.659285,0.7488888888888889
2017-02-22 18:00:00,0.35,0.0,0.0
2017-02-22 19:00:00,0.42,0.0,0.0
2017-02-22 20:00:00,0.27,0.0,0.0
2017-02-22 21:00:00,0.18,0.0,0.0
2017-02-22 22:00:00,0.65,0.0,0.0
2017-02-22 23:00:00,0.29,0.0,0.0
2017-02-23 00:00:00,0.27,0.0,0.0
2017-02-23 01:00:00,0.07,0.0,0.0
2017-02-23 02:00:00,0.01,0.0,0.0
2017-02-23 03:00:00,0.11,0.0,0.0
2017-02-23 04:00:00,0.33,0.0,0.0
2017-02-23 05:00:00,0.31,0.0,0.0
2017-02-23 06:00:00,0.64,0.99392307,0.3063888888888889
2017-02-23 07:00:00,0.81,48.689777,1.0
2017-02-23 08:00:00,0.82,160.20311,1.0
2017-02-23 09:00:00,0.98,257.43848,1.0
2017-02-23 10:00:00,0.98,402.29813,1.0
2017-02-23 11:00:00,0.99,512.9031,1.0
2017-02-23 12:00:00,0.99,511.0237,1.0
2017-02-23 13:00:00,0.95,311.67743,1.0
2017-02-23 14:00:00,0.97,360.42325,1.0
2017-02-23 15:00:00,1.0,140.4607,1.0
2017-02-23 16:00:00,1.0,49.696156,1.0
2017-02-23 17:00:00,1.0,13.914923,0.7677777777777778
2017-02-23 18:00:00,0.97,0.0,0.0
2017-02-23 19:00:00,0.97,0.0,0.0
2017-02-23 20:00:00,0.94,0.0,0.0
2017-02-23 21:00:00,0.93,0.0,0.0
2017-02-23 22:00:00,0.74,0.0,0.0
2017-02-23 23:00:00,0.78,0.0,0.0
2017-02-24 00:00:00,0.89,0.0,0.0
2017-02-24 01:00:00,0.92,0.0,0.0
2017-02-24 02:00:00,0.97,0.0,0.0
2017-02-24 03:00:00,0.99,0.0,0.0
2017-02-24 04:00:00,0.97,0.0,0.0
2017-02-24 05:00:00,0.98,0.0,0.0
2017-02-24 06:00:00,1.0,1.9878461,0.3302777777777778
2017-02-24 07:00:00,1.0,75.898346,1.0
2017-02-24 08:00:00,1.0,169.63611,1.0
2017-02-24 09:00:00,1.0,422.84796,1.0
2017-02-24 10:00:00,0.99,504.9498,1.0
2017-02-24 11:00:00,1.0,543.6862,1.0
2017-02-24 12:00:00,0.96,580.29047,1.0
2017-02-24 13:00:00,0.97,496.47607,1.0
2017-02-24 14:00:00,0.96,346.32217,1.0
2017-02-24 15:00:00,0.95,276.0246,1.0
2017-02-24 16:00:00,0.93,144.40915,1.0
2017-02-24 17:00:00,0.91,25.035255,0.7863888888888889
2017-02-24 18:00:00,1.0,0.0,0.0
2017-02-24 19:00:00,0.69,0.0,0.0
2017-02-24 20:00:00,0.88,0.0,0.0
2017-02-24 21:00:00,0.88,0.0,0.0
2017-02-24 22:00:00,0.84,0.0,0.0
2017-02-24 23:00:00,0.59,0.0,0.0
2017-02-25 00:00:00,0.16,0.0,0.0
2017-02-25 01:00:00,0.12,0.0,0.0
2017-02-25 02:00:00,0.0,0.0,0.0
2017-02-25 03:00:00,0.0,0.0,0.0
2017-02-25 04:00:00,0.0,0.0,0.0
2017-02-25 05:00:00,0.02,0.0,0.0
2017-02-25 06:00:00,0.0,7.55371,0.35444444444444445
2017-02-25 07:00:00,0.48,194.21924,1.0
2017-02-25 08:00:00,0.28,417.4776,1.0
2017-02-25 09:00:00,0.29,624.78076,1.0
2017-02-25 10:00:00,0.36,796.9437,1.0
2017-02-25 11:00:00,0.34,869.14105,1.0
2017-02-25 12:00:00,0.6,878.8158,1.0
2017-02-25 13:00:00,0.23,804.07214,1.0
2017-02-25 14:00:00,0.0,671.2938,1.0
2017-02-25 15:00:00,0.58,441.70685,1.0
2017-02-25 16:00:00,0.31,242.00932,1.0
2017-02-25 17:00:00,0.32,38.278145,0.805
2017-02-25 18:00:00,0.0,0.0,0.0
2017-02-25 19:00:00,0.0,0.0,0.0
2017-02-25 20:00:00,0.0,0.0,0.0
2017-02-25 21:00:00,0.0,0.0,0.0
2017-02-25 22:00:00,0.0,0.0,0.0
2017-02-25 23:00:00,0.0,0.0,0.0
2017-02-26 00:00:00,0.02,0.0,0.0
2017-02-26 01:00:00,0.04,0.0,0.0
2017-02-26 02:00:00,0.01,0.0,0.0
2017-02-26 03:00:00,0.01,0.0,0.0
2017-02-26 04:00:00,0.0,0.0,0.0
2017-02-26 05:00:00,0.0,0.0,0.0
2017-02-26 06:00:00,0.0,8.3253145,0.3788888888888889
2017-02-26 07:00:00,0.0,196.3511,1.0
2017-02-26 08:00:00,0.0,441.0059,1.0
2017-02-26 09:00:00,0.0,653.45355,1.0
2017-02-26 10:00:00,0.0,807.78516,1.0
2017-02-26 11:00:00,0.0,890.52985,1.0
2017-02-26 12:00:00,0.0,896.5918,1.0
2017-02-26 13:00:00,0.0,824.1904,1.0
2017-02-26 14:00:00,0.0,682.531,1.0
2017-02-26 15:00:00,0.0,482.29886,1.0
2017-02-26 16:00:00,0.0,248.17702,1.0
2017-02-26 17:00:00,0.0,41.997,0.8233333333333334
2017-02-26 18:00:00,0.39,0.0,0.0
2017-02-26 19:00:00,0.0,0.0,0.0
2017-02-26 20:00:00,0.0,0.0,0.0
2017-02-26 21:00:00,0.0,0.0,0.0
2017-02-26 22:00:00,0.0,0.0,0.0
2017-02-26 23:00:00,0.0,0.0,0.0
2017-02-27 00:00:00,0.0,0.0,0.0
2017-02-27 01:00:00,0.0,0.0,0.0
2017-02-27 02:00:00,0.23,0.0,0.0
2017-02-27 03:00:00,0.0,0.0,0.0
2017-02-27 04:00:00,0.18,0.0,0.0
2017-02-27 05:00:00,0.0,0.0,0.0
2017-02-27 06:00:00,0.0,10.691912,0.4033333333333333
2017-02-27 07:00:00,0.0,197.75816,1.0
2017-02-27 08:00:00,0.02,439.59006,1.0
2017-02-27 09:00:00,0.01,646.00354,1.0
2017-02-27 10:00:00,0.02,796.4308,1.0
2017-02-27 11:00:00,0.0,878.4017,1.0
2017-02-27 12:00:00,0.0,880.684,1.0
2017-02-27 13:00:00,0.0,787.7636,1.0
2017-02-27 14:00:00,0.98,563.752,1.0
2017-02-27 15:00:00,0.83,293.46555,1.0
2017-02-27 16:00:00,0.95,185.55563,1.0
2017-02-27 17:00:00,0.99,27.817915,0.8419444444444445
2017-02-27 18:00:00,1.0,0.0,0.0
2017-02-27 19:00:00,1.0,0.0,0.0
2017-02-27 20:00:00,1.0,0.0,0.0
2017-02-27 21:00:00,0.96,0.0,0.0
2017-02-27 22:00:00,0.98,0.0,0.0
2017-02-27 23:00:00,1.0,0.0,0.0
2017-02-28 00:00:00,0.99,0.0,0.0
2017-02-28 01:00:00,0.87,0.0,0.0
2017-02-28 02:00:00,1.0,0.0,0.0
2017-02-28 03:00:00,0.15,0.0,0.0
2017-02-28 04:00:00,1.0,0.0,0.0
2017-02-28 05:00:00,1.0,0.0,0.0
2017-02-28 06:00:00,1.0,3.9756923,0.42833333333333334
2017-02-28 07:00:00,1.0,55.80059,1.0
2017-02-28 08:00:00,1.0,121.85012,1.0
2017-02-28 09:00:00,1.0,203.02533,1.0
2017-02-28 10:00:00,1.0,362.10202,1.0
2017-02-28 11:00:00,1.0,548.5367,1.0
2017-02-28 12:00:00,1.0,620.675,1.0
2017-02-28 13:00:00,0.99,360.24023,1.0
2017-02-28 14:00:00,0.99,213.44499,1.0
2017-02-28 15:00:00,0.87,195.87726,1.0
2017-02-28 16:00:00,0.97,146.50757,1.0
2017-02-28 17:00:00,0.7,39.35273,0.8602777777777778
2017-02-28 18:00:00,0.01,0.0,0.0
2017-02-28 19:00:00,0.0,0.0,0.0
2017-02-28 20:00:00,0.0,0.0,0.0
2017-02-28 21:00:00,0.0,0.0,0.0
2017-02-28 22:00:00,0.0,0.0,0.0
2017-02-28 23:00:00,0.0,0.0,0.0
2017-03-01 00:00:00,0.0,0.0,0.0
2017-03-01 01:00:00,0.09,0.0,0.0
2017-03-01 02:00:00,0.33,0.0,0.0
2017-03-01 03:00:00,0.48,0.0,0.0
2017-03-01 04:00:00,0.03,0.0,0.0
2017-03-01 05:00:00,0.01,0.0,0.0
2017-03-01 06:00:00,0.04,15.933705,0.4533333333333333
2017-03-01 07:00:00,0.05,204.51746,1.0
2017-03-01 08:00:00,0.04,456.2289,1.0
2017-03-01 09:00:00,0.03,667.49835,1.0
2017-03-01 10:00:00,0.01,824.87286,1.0
2017-03-01 11:00:00,0.0,907.6008,1.0
2017-03-01 12:00:00,0.79,897.732,1.0
2017-03-01 13:00:00,0.64,832.34766,1.0
2017-03-01 14:00:00,0.24,682.20636,1.0
2017-03-01 15:00:00,0.0,486.19955,1.0
2017-03-01 16:00:00,0.0,255.81297,1.0
2017-03-01 17:00:00,0.0,47.795124,0.8786111111111111
2017-03-01 18:00:00,0.1,0.0,0.0
2017-03-01 19:00:00,0.17,0.0,0.0
2017-03-01 20:00:00,0.29,0.0,0.0
2017-03-01 21:00:00,0.22,0.0,0.0
2017-03-01 22:00:00,0.0,0.0,0.0
2017-03-01 23:00:00,0.0,0.0,0.0
2017-03-02 00:00:00,0.0,0.0,0.0
2017-03-02 01:00:00,0.0,0.0,0.0
2017-03-02 02:00:00,0.01,0.0,0.0
2017-03-02 03:00:00,0.0,0.0,0.0
2017-03-02 04:00:00,0.0,0.0,0.0
2017-03-02 05:00:00,0.0,0.0,0.0
2017-03-02 06:00:00,0.0,16.53496,0.4786111111111111
2017-03-02 07:00:00,0.55,212.91568,1.0
2017-03-02 08:00:00,0.9,454.22943,1.0
2017-03-02 09:00:00,0.41,664.31464,1.0
2017-03-02 10:00:00,0.0,813.80035,1.0
2017-03-02 11:00:00,0.15,894.0178,1.0
2017-03-02 12:00:00,0.0,897.91296,1.0
2017-03-02 13:00:00,0.0,823.64075,1.0
2017-03-02 14:00:00,0.0,682.2424,1.0
2017-03-02 15:00:00,0.01,483.39917,1.0
2017-03-02 16:00:00,0.0,253.76845,1.0
2017-03-02 17:00:00,0.0,48.37594,0.8969444444444444
2017-03-02 18:00:00,0.0,0.0,0.0
2017-03-02 19:00:00,0.02,0.0,0.0
2017-03-02 20:00:00,0.99,0.0,0.0
2017-03-02 21:00:00,0.39,0.0,0.0
2017-03-02 22:00:00,0.07,0.0,0.0
2017-03-02 23:00:00,0.0,0.0,0.0
2017-03-03 00:00:00,0.0,0.0,0.0
2017-03-03 01:00:00,0.0,0.0,0.0
2017-03-03 02:00:00,0.0,0.0,0.0
2017-03-03 03:00:00,0.73,0.0,0.0
2017-03-03 04:00:00,1.0,0.0,0.0
2017-03-03 05:00:00,1.0,0.0,0.0
2017-03-03 06:00:00,1.0,11.438922,0.5038888888888889
2017-03-03 07:00:00,1.0,113.11527,1.0
2017-03-03 08:00:00,1.0,285.08112,1.0
2017-03-03 09:00:00,1.0,423.81833,1.0
2017-03-03 10:00:00,1.0,703.078,1.0
2017-03-03 11:00:00,1.0,667.0446,1.0
2017-03-03 12:00:00,1.0,767.9409,1.0
2017-03-03 13:00:00,0.99,734.9993,1.0
2017-03-03 14:00:00,0.22,689.6615,1.0
2017-03-03 15:00:00,0.31,498.8128,1.0
2017-03-03 16:00:00,0.15,260.63528,1.0
2017-03-03 17:00:00,0.0,50.722725,0.915
2017-03-03 18:00:00,0.0,0.0,0.0
2017-03-03 19:00:00,0.03,0.0,0.0
2017-03-03 20:00:00,0.36,0.0,0.0
2017-03-03 21:00:00,0.43,0.0,0.0
2017-03-03 22:00:00,0.04,0.0,0.0
2017-03-03 23:00:00,0.0,0.0,0.0
2017-03-04 00:00:00,0.19,0.0,0.0
2017-03-04 01:00:00,0.38,0.0,0.0
2017-03-04 02:00:00,0.75,0.0,0.0
2017-03-04 03:00:00,1.0,0.0,0.0
2017-03-04 04:00:00,0.84,0.0,0.0
2017-03-04 05:00:00,0.93,0.0,0.0
2017-03-04 06:00:00,0.61,16.646835,0.5294444444444445
2017-03-04 07:00:00,0.47,179.21143,1.0
2017-03-04 08:00:00,0.7,387.1212,1.0
2017-03-04 09:00:00,0.3,663.7986,1.0
2017-03-04 10:00:00,0.0,831.30664,1.0
2017-03-04 11:00:00,0.0,907.56903,1.0
2017-03-04 12:00:00,0.0,907.7509,1.0
2017-03-04 13:00:00,0.0,829.78674,1.0
2017-03-04 14:00:00,0.32,677.2406,1.0
2017-03-04 15:00:00,0.0,492.1993,1.0
2017-03-04 16:00:00,0.0,257.6708,1.0
2017-03-04 17:00:00,0.0,51.238655,0.9330555555555555
2017-03-04 18:00:00,0.36,0.0,0.0
2017-03-04 19:00:00,0.07,0.0,0.0
2017-03-04 20:00:00,0.0,0.0,0.0
2017-03-04 21:00:00,0.0,0.0,0.0
2017-03-04 22:00:00,0.31,0.0,0.0
2017-03-04 23:00:00,0.29,0.0,0.0
2017-03-05 00:00:00,0.34,0.0,0.0
2017-03-05 01:00:00,0.71,0.0,0.0
2017-03-05 02:00:00,0.88,0.0,0.0
2017-03-05 03:00:00,0.87,0.0,0.0
2017-03-05 04:00:00,1.0,0.0,0.0
2017-03-05 05:00:00,1.0,0.0,0.0
2017-03-05 06:00:00,0.35,22.859705,0.5547222222222222
2017-03-05 07:00:00,0.73,194.7314,1.0
2017-03-05 08:00:00,0.69,433.74384,1.0
2017-03-05 09:00:00,0.48,632.5578,1.0
2017-03-05 10:00:00,0.43,796.4556,1.0
2017-03-05 11:00:00,0.8,843.6803,1.0
2017-03-05 12:00:00,0.75,733.9194,1.0
2017-03-05 13:00:00,0.72,803.6086,1.0
2017-03-05 14:00:00,0.67,653.0238,1.0
2017-03-05 15:00:00,0.28,456.4237,1.0
2017-03-05 16:00:00,0.35,243.81189,1.0
2017-03-05 17:00:00,0.39,50.90284,0.9511111111111111
2017-03-05 18:00:00,0.23,0.0,0.0
2017-03-05 19:00:00,0.16,0.0,0.0
2017-03-05 20:00:00,0.43,0.0,0.0
2017-03-05 21:00:00,0.0,0.0,0.0
2017-03-05 22:00:00,0.0,0.0,0.0
2017-03-05 23:00:00,0.0,0.0,0.0
2017-03-06 00:00:00,0.0,0.0,0.0
2017-03-06 01:00:00,0.0,0.0,0.0
2017-03-06 02:00:00,0.01,0.0,0.0
2017-03-06 03:00:00,0.0,0.0,0.0
2017-03-06 04:00:00,0.01,0.0,0.0
2017-03-06 05:00:00,0.41,0.0,0.0
2017-03-06 06:00:00,0.88,11.06684,0.5802777777777778
2017-03-06 07:00:00,1.0,54.040184,1.0
2017-03-06 08:00:00,1.0,182.35164,1.0
2017-03-06 09:00:00,0.76,612.9069,1.0
2017-03-06 10:00:00,0.41,808.6936,1.0
2017-03-06 11:00:00,0.43,858.8705,1.0
2017-03-06 12:00:00,0.69,754.80505,1.0
2017-03-06 13:00:00,0.6,791.7192,1.0
2017-03-06 14:00:00,0.77,580.2991,1.0
2017-03-06 15:00:00,0.65,424.58136,1.0
2017-03-06 16:00:00,0.39,261.13696,1.0
2017-03-06 17:00:00,0.45,55.486393,0.9688888888888889
2017-03-06 18:00:00,0.01,0.0,0.0
2017-03-06 19:00:00,0.88,0.0,0.0
2017-03-06 20:00:00,0.0,0.0,0.0
2017-03-06 21:00:00,0.18,0.0,0.0
2017-03-06 22:00:00,0.13,0.0,0.0
2017-03-06 23:00:00,0.0,0.0,0.0
2017-03-07 00:00:00,0.05,0.0,0.0
2017-03-07 01:00:00,0.08,0.0,0.0
2017-03-07 02:00:00,0.0,0.0,0.0
2017-03-07 03:00:00,0.0,0.0,0.0
2017-03-07 04:00:00,0.0,0.0,0.0
2017-03-07 05:00:00,0.02,0.0,0.0
2017-03-07 06:00:00,0.0,28.97355,0.6058333333333333
2017-03-07 07:00:00,0.0,239.85355,1.0
2017-03-07 08:00:00,0.0,485.8497,1.0
2017-03-07 09:00:00,0.0,672.0617,1.0
2017-03-07 10:00:00,0.02,810.61774,1.0
2017-03-07 11:00:00,0.02,896.71576,1.0
2017-03-07 12:00:00,0.0,930.10974,1.0
2017-03-07 13:00:00,0.0,839.4176,1.0
2017-03-07 14:00:00,0.4,693.5941,1.0
2017-03-07 15:00:00,0.0,501.30032,1.0
2017-03-07 16:00:00,0.0,268.50024,1.0
2017-03-07 17:00:00,0.52,55.018265,0.9866666666666667
2017-03-07 18:00:00,0.91,0.0,0.0
2017-03-07 19:00:00,0.65,0.0,0.0
2017-03-07 20:00:00,0.71,0.0,0.0
2017-03-07 21:00:00,0.67,0.0,0.0
2017-03-07 22:00:00,0.37,0.0,0.0
2017-03-07 23:00:00,0.26,0.0,0.0
2017-03-08 00:00:00,0.31,0.0,0.0
2017-03-08 01:00:00,0.0,0.0,0.0
2017-03-08 02:00:00,0.0,0.0,0.0
2017-03-08 03:00:00,0.0,0.0,0.0
2017-03-08 04:00:00,0.52,0.0,0.0
2017-03-08 05:00:00,0.02,0.0,0.0
2017-03-08 06:00:00,0.35,27.470896,0.6313888888888889
2017-03-08 07:00:00,0.6,199.2583,1.0
2017-03-08 08:00:00,0.44,452.95383,1.0
2017-03-08 09:00:00,0.34,662.20197,1.0
2017-03-08 10:00:00,0.3,817.33215,1.0
2017-03-08 11:00:00,0.44,898.99347,1.0
2017-03-08 12:00:00,0.56,900.01276,1.0
2017-03-08 13:00:00,0.88,792.3169,1.0
2017-03-08 14:00:00,0.89,670.6616,1.0
2017-03-08 15:00:00,0.6,488.98065,1.0
2017-03-08 16:00:00,0.66,249.2391,1.0
2017-03-08 17:00:00,0.48,52.192253,1.0
2017-03-08 18:00:00,0.61,0.0,0.0044444444444444444
2017-03-08 19:00:00,0.75,0.0,0.0
2017-03-08 20:00:00,0.66,0.0,0.0
2017-03-08 21:00:00,0.95,0.0,0.0
2017-03-08 22:00:00,0.94,0.0,0.0
2017-03-08 23:00:00,1.0,0.0,0.0
2017-03-09 00:00:00,1.0,0.0,0.0
2017-03-09 01:00:00,1.0,0.0,0.0
2017-03-09 02:00:00,1.0,0.0,0.0
2017-03-09 03:00:00,0.77,0.0,0.0
2017-03-09 04:00:00,0.0,0.0,0.0
2017-03-09 05:00:00,0.79,0.0,0.0
2017-03-09 06:00:00,0.41,28.997726,0.6566666666666666
2017-03-09 07:00:00,0.05,240.45798,1.0
2017-03-09 08:00:00,0.04,470.79382,1.0
2017-03-09 09:00:00,0.16,680.2592,1.0
2017-03-09 10:00:00,0.0,827.2318,1.0
2017-03-09 11:00:00,0.86,897.30194,1.0
2017-03-09 12:00:00,0.76,899.60956,1.0
2017-03-09 13:00:00,0.95,824.88116,1.0
2017-03-09 14:00:00,0.98,663.1172,1.0
2017-03-09 15:00:00,0.92,436.68372,1.0
2017-03-09 16:00:00,0.99,239.29263,1.0
2017-03-09 17:00:00,0.99,55.51475,1.0
2017-03-09 18:00:00,1.0,0.0,0.021944444444444444
2017-03-09 19:00:00,1.0,0.0,0.0
2017-03-09 20:00:00,0.78,0.0,0.0
2017-03-09 21:00:00,0.77,0.0,0.0
2017-03-09 22:00:00,0.53,0.0,0.0
2017-03-09 23:00:00,0.82,0.0,0.0
2017-03-10 00:00:00,0.6,0.0,0.0
2017-03-10 01:00:00,0.7,0.0,0.0
2017-03-10 02:00:00,0.9,0.0,0.0
2017-03-10 03:00:00,0.57,0.0,0.0
2017-03-10 04:00:00,0.98,0.0,0.0
2017-03-10 05:00:00,0.82,0.0,0.0
2017-03-10 06:00:00,0.94,24.841196,0.6822222222222222
2017-03-10 07:00:00,0.97,202.02399,1.0
2017-03-10 08:00:00,0.89,427.6164,1.0
2017-03-10 09:00:00,0.6,688.2109,1.0
2017-03-10 10:00:00,0.33,828.6738,1.0
2017-03-10 11:00:00,0.45,893.72156,1.0
2017-03-10 12:00:00,0.71,896.8587,1.0
2017-03-10 13:00:00,0.22,825.4005,1.0
2017-03-10 14:00:00,0.55,690.6105,1.0
2017-03-10 15:00:00,0.83,487.35095,1.0
2017-03-10 16:00:00,0.66,264.55756,1.0
2017-03-10 17:00:00,0.82,59.537724,1.0
2017-03-10 18:00:00,0.99,0.0,0.03944444444444444
2017-03-10 19:00:00,1.0,0.0,0.0
2017-03-10 20:00:00,0.75,0.0,0.0
2017-03-10 21:00:00,0.47,0.0,0.0
2017-03-10 22:00:00,0.47,0.0,0.0
2017-03-10 23:00:00,0.48,0.0,0.0
2017-03-11 00:00:00,0.95,0.0,0.0
2017-03-11 01:00:00,0.73,0.0,0.0
2017-03-11 02:00:00,0.92,0.0,0.0
2017-03-11 03:00:00,0.94,0.0,0.0
2017-03-11 04:00:00,0.97,0.0,0.0
2017-03-11 05:00:00,1.0,0.0,0.0
2017-03-11 06:00:00,0.99,8.945308,0.7077777777777777
2017-03-11 07:00:00,0.98,102.2446,1.0
2017-03-11 08:00:00,0.94,179.14952,1.0
2017-03-11 09:00:00,1.0,187.71617,1.0
2017-03-11 10:00:00,1.0,225.016,1.0
2017-03-11 11:00:00,1.0,365.5088,1.0
2017-03-11 12:00:00,1.0,498.9044,1.0
2017-03-11 13:00:00,0.76,496.5423,1.0
2017-03-11 14:00:00,0.66,379.50693,1.0
2017-03-11 15:00:00,0.76,340.94434,1.0
2017-03-11 16:00:00,0.0,197.63318,1.0
2017-03-11 17:00:00,0.17,50.159714,1.0
2017-03-11 18:00:00,0.21,0.0,0.05694444444444444
2017-03-11 19:00:00,0.99,0.0,0.0
2017-03-11 20:00:00,1.0,0.0,0.0
2017-03-11 21:00:00,0.99,0.0,0.0
2017-03-11 22:00:00,0.91,0.0,0.0
2017-03-11 23:00:00,0.35,0.0,0.0
2017-03-12 00:00:00,0.75,0.0,0.0
2017-03-12 01:00:00,0.81,0.0,0.0
2017-03-12 02:00:00,0.52,0.0,0.0
2017-03-12 03:00:00,1.0,0.0,0.0
2017-03-12 04:00:00,1.0,0.0,0.0
2017-03-12 05:00:00,1.0,0.0,0.0
2017-03-12 06:00:00,0.18,43.82335,0.7338888888888889
2017-03-12 07:00:00,0.78,225.0305,1.0
2017-03-12 08:00:00,0.95,370.58582,1.0
2017-03-12 09:00:00,0.0,699.8139,1.0
2017-03-12 10:00:00,0.26,772.5187,1.0
2017-03-12 11:00:00,0.0,914.4842,1.0
2017-03-12 12:00:00,0.02,920.3334,1.0
2017-03-12 13:00:00,0.09,794.6803,1.0
2017-03-12 14:00:00,0.26,692.11,1.0
2017-03-12 15:00:00,0.37,479.36304,1.0
2017-03-12 16:00:00,0.53,263.47342,1.0
2017-03-12 17:00:00,0.59,66.9152,1.0
2017-03-12 18:00:00,0.39,0.0,0.07444444444444444
2017-03-12 19:00:00,0.25,0.0,0.0
2017-03-12 20:00:00,0.06,0.0,0.0
2017-03-12 21:00:00,0.74,0.0,0.0
2017-03-12 22:00:00,0.85,0.0,0.0
2017-03-12 23:00:00,0.92,0.0,0.0
2017-03-13 00:00:00,0.67,0.0,0.0
2017-03-13 01:00:00,0.34,0.0,0.0
2017-03-13 02:00:00,0.51,0.0,0.0
2017-03-13 03:00:00,0.77,0.0,0.0
2017-03-13 04:00:00,0.84,0.0,0.0
2017-03-13 05:00:00,0.47,0.0,0.0
2017-03-13 06:00:00,0.76,43.36972,0.7602777777777778
2017-03-13 07:00:00,0.52,247.49402,1.0
2017-03-13 08:00:00,0.52,431.31732,1.0
2017-03-13 09:00:00,0.47,648.2657,1.0
2017-03-13 10:00:00,0.7,798.84357,1.0
2017-03-13 11:00:00,0.88,815.2616,1.0
2017-03-13 12:00:00,0.92,734.15375,1.0
2017-03-13 13:00:00,0.94,703.8122,1.0
2017-03-13 14:00:00,0.96,606.9068,1.0
2017-03-13 15:00:00,0.85,423.12292,1.0
2017-03-13 16:00:00,0.87,243.30603,1.0
2017-03-13 17:00:00,0.94,55.400013,1.0
2017-03-13 18:00:00,0.89,0.0,0.09166666666666666
2017-03-13 19:00:00,0.96,0.0,0.0
2017-03-13 20:00:00,0.91,0.0,0.0
2017-03-13 21:00:00,1.0,0.0,0.0
2017-03-13 22:00:00,0.95,0.0,0.0
2017-03-13 23:00:00,0.96,0.0,0.0
2017-03-14 00:00:00,0.88,0.0,0.0
2017-03-14 01:00:00,0.56,0.0,0.0
2017-03-14 02:00:00,0.99,0.0,0.0
2017-03-14 03:00:00,0.98,0.0,0.0
2017-03-14 04:00:00,0.82,0.0,0.0
2017-03-14 05:00:00,0.51,0.0,0.0
2017-03-14 06:00:00,0.99,44.733864,0.7866666666666666
2017-03-14 07:00:00,0.72,224.88017,1.0
2017-03-14 08:00:00,0.72,475.84067,1.0
2017-03-14 09:00:00,0.98,686.88367,1.0
2017-03-14 10:00:00,1.0,796.2126,1.0
2017-03-14 11:00:00,1.0,892.5057,1.0
2017-03-14 12:00:00,1.0,895.38885,1.0
2017-03-14 13:00:00,1.0,825.7717,1.0
2017-03-14 14:00:00,0.9,693.4785,1.0
2017-03-14 15:00:00,0.81,501.7742,1.0
2017-03-14 16:00:00,0.7,276.37045,1.0
2017-03-14 17:00:00,0.65,69.818756,1.0
2017-03-14 18:00:00,0.21,0.0,0.10888888888888888
2017-03-14 19:00:00,0.0,0.0,0.0
2017-03-14 20:00:00,0.45,0.0,0.0
2017-03-14 21:00:00,0.45,0.0,0.0
2017-03-14 22:00:00,0.45,0.0,0.0
2017-03-14 23:00:00,0.0,0.0,0.0
2017-03-15 00:00:00,0.57,0.0,0.0
2017-03-15 01:00:00,0.0,0.0,0.0
2017-03-15 02:00:00,0.14,0.0,0.0
2017-03-15 03:00:00,0.65,0.0,0.0
2017-03-15 04:00:00,0.69,0.0,0.0
2017-03-15 05:00:00,0.0,0.0,0.0
2017-03-15 06:00:00,0.04,47.810055,0.8133333333333334
2017-03-15 07:00:00,1.0,236.24121,1.0
2017-03-15 08:00:00,1.0,469.49017,1.0
2017-03-15 09:00:00,1.0,585.6543,1.0
2017-03-15 10:00:00,1.0,725.6034,1.0
2017-03-15 11:00:00,1.0,797.672,1.0
2017-03-15 12:00:00,1.0,826.45215,1.0
2017-03-15 13:00:00,0.8,808.9131,1.0
2017-03-15 14:00:00,0.4,707.69,1.0
2017-03-15 15:00:00,0.19,518.99866,1.0
2017-03-15 16:00:00,0.29,290.81876,1.0
2017-03-15 17:00:00,0.31,75.49451,1.0
2017-03-15 18:00:00,0.0,0.0,0.12611111111111112
2017-03-15 19:00:00,0.0,0.0,0.0
2017-03-15 20:00:00,0.0,0.0,0.0
2017-03-15 21:00:00,0.0,0.0,0.0
2017-03-15 22:00:00,0.27,0.0,0.0
2017-03-15 23:00:00,0.82,0.0,0.0
2017-03-16 00:00:00,0.75,0.0,0.0
2017-03-16 01:00:00,0.36,0.0,0.0
2017-03-16 02:00:00,0.26,0.0,0.0
2017-03-16 03:00:00,0.02,0.0,0.0
2017-03-16 04:00:00,0.0,0.0,0.0
2017-03-16 05:00:00,0.24,0.0,0.0
2017-03-16 06:00:00,1.0,21.866308,0.8402777777777778
2017-03-16 07:00:00,1.0,144.29805,1.0
2017-03-16 08:00:00,1.0,358.5266,1.0
2017-03-16 09:00:00,1.0,590.2176,1.0
2017-03-16 10:00:00,1.0,790.30566,1.0
2017-03-16 11:00:00,1.0,897.0936,1.0
2017-03-16 12:00:00,1.0,896.12866,1.0
2017-03-16 13:00:00,1.0,773.81616,1.0
2017-03-16 14:00:00,1.0,642.3202,1.0
2017-03-16 15:00:00,0.79,476.93835,1.0
2017-03-16 16:00:00,1.0,272.49673,1.0
2017-03-16 17:00:00,0.71,75.53818,1.0
2017-03-16 18:00:00,0.51,0.0,0.14333333333333334
2017-03-16 19:00:00,1.0,0.0,0.0
2017-03-16 20:00:00,1.0,0.0,0.0
2017-03-16 21:00:00,1.0,0.0,0.0
2017-03-16 22:00:00,1.0,0.0,0.0
2017-03-16 23:00:00,1.0,0.0,0.0
2017-03-17 00:00:00,0.83,0.0,0.0
2017-03-17 01:00:00,0.56,0.0,0.0
2017-03-17 02:00:00,0.08,0.0,0.0
2017-03-17 03:00:00,0.0,0.0,0.0
2017-03-17 04:00:00,0.0,0.0,0.0
2017-03-17 05:00:00,0.0,0.0,0.0
2017-03-17 06:00:00,0.28,57.363766,0.8672222222222222
2017-03-17 07:00:00,0.93,269.49014,1.0
2017-03-17 08:00:00,0.25,492.88095,1.0
2017-03-17 09:00:00,0.79,549.9815,1.0
2017-03-17 10:00:00,0.82,708.74664,1.0
2017-03-17 11:00:00,0.8,752.0883,1.0
2017-03-17 12:00:00,0.66,755.0146,1.0
2017-03-17 13:00:00,0.65,653.4336,1.0
2017-03-17 14:00:00,0.79,568.5008,1.0
2017-03-17 15:00:00,0.84,388.79327,1.0
2017-03-17 16:00:00,0.87,271.7751,1.0
2017-03-17 17:00:00,0.87,75.90512,1.0
2017-03-17 18:00:00,0.85,0.0,0.16055555555555556
2017-03-17 19:00:00,0.97,0.0,0.0
2017-03-17 20:00:00,0.92,0.0,0.0
2017-03-17 21:00:00,0.85,0.0,0.0
2017-03-17 22:00:00,0.84,0.0,0.0
2017-03-17 23:00:00,0.87,0.0,0.0
2017-03-18 00:00:00,0.83,0.0,0.0
2017-03-18 01:00:00,0.76,0.0,0.0
2017-03-18 02:00:00,0.94,0.0,0.0
2017-03-18 03:00:00,0.85,0.0,0.0
2017-03-18 04:00:00,0.8,0.0,0.0
2017-03-18 05:00:00,0.25,0.0,0.0
2017-03-18 06:00:00,0.78,63.42353,0.8944444444444445
2017-03-18 07:00:00,0.64,285.11975,1.0
2017-03-18 08:00:00,0.44,524.1635,1.0
2017-03-18 09:00:00,0.4,723.1154,1.0
2017-03-18 10:00:00,0.56,861.2196,1.0
2017-03-18 11:00:00,0.65,932.346,1.0
2017-03-18 12:00:00,0.1,898.5298,1.0
2017-03-18 13:00:00,0.11,838.62115,1.0
2017-03-18 14:00:00,0.31,685.2449,1.0
2017-03-18 15:00:00,0.33,464.16888,1.0
2017-03-18 16:00:00,0.47,290.20496,1.0
2017-03-18 17:00:00,0.34,77.21639,1.0
2017-03-18 18:00:00,0.81,0.0,0.1775
2017-03-18 19:00:00,0.48,0.0,0.0
2017-03-18 20:00:00,0.32,0.0,0.0
2017-03-18 21:00:00,0.26,0.0,0.0
2017-03-18 22:00:00,0.35,0.0,0.0
2017-03-18 23:00:00,0.63,0.0,0.0
2017-03-19 00:00:00,0.75,0.0,0.0
2017-03-19 01:00:00,0.74,0.0,0.0
2017-03-19 02:00:00,0.93,0.0,0.0
2017-03-19 03:00:00,0.92,0.0,0.0
2017-03-19 04:00:00,0.93,0.0,0.0
2017-03-19 05:00:00,0.78,0.0,0.0
2017-03-19 06:00:00,0.92,58.264294,0.9216666666666666
2017-03-19 07:00:00,1.0,251.0558,1.0
2017-03-19 08:00:00,0.94,500.24524,1.0
2017-03-19 09:00:00,0.98,674.86487,1.0
2017-03-19 10:00:00,0.96,830.3546,1.0
2017-03-19 11:00:00,0.91,891.91034,1.0
2017-03-19 12:00:00,0.95,896.93756,1.0
2017-03-19 13:00:00,1.0,829.07513,1.0
2017-03-19 14:00:00,0.98,686.85956,1.0
2017-03-19 15:00:00,0.92,505.6307,1.0
2017-03-19 16:00:00,0.81,285.3052,1.0
2017-03-19 17:00:00,0.82,77.79347,1.0
2017-03-19 18:00:00,0.84,0.0,0.1947222222222222
2017-03-19 19:00:00,0.7,0.0,0.0
2017-03-19 20:00:00,0.89,0.0,0.0
2017-03-19 21:00:00,0.93,0.0,0.0
2017-03-19 22:00:00,0.93,0.0,0.0
2017-03-19 23:00:00,1.0,0.0,0.0
2017-03-20 00:00:00,1.0,0.0,0.0
2017-03-20 01:00:00,1.0,0.0,0.0
2017-03-20 02:00:00,1.0,0.0,0.0
2017-03-20 03:00:00,1.0,0.0,0.0
2017-03-20 04:00:00,0.93,0.0,0.0
2017-03-20 05:00:00,0.51,0.0,0.0
2017-03-20 06:00:00,0.0,74.828445,0.9488888888888889
2017-03-20 07:00:00,0.75,283.7298,1.0
2017-03-20 08:00:00,0.64,528.16016,1.0
2017-03-20 09:00:00,0.83,713.9498,1.0
2017-03-20 10:00:00,0.88,848.0219,1.0
2017-03-20 11:00:00,0.83,593.2204,1.0
2017-03-20 12:00:00,0.99,327.4493,1.0
2017-03-20 13:00:00,1.0,493.89102,1.0
2017-03-20 14:00:00,1.0,316.27808,1.0
2017-03-20 15:00:00,0.99,416.51364,1.0
2017-03-20 16:00:00,0.93,228.77211,1.0
2017-03-20 17:00:00,0.91,60.720116,1.0
2017-03-20 18:00:00,0.99,0.0,0.21166666666666667
2017-03-20 19:00:00,1.0,0.0,0.0
2017-03-20 20:00:00,0.96,0.0,0.0
2017-03-20 21:00:00,0.93,0.0,0.0
2017-03-20 22:00:00,0.81,0.0,0.0
2017-03-20 23:00:00,0.86,0.0,0.0
2017-03-21 00:00:00,0.48,0.0,0.0
2017-03-21 01:00:00,0.03,0.0,0.0
2017-03-21 02:00:00,0.0,0.0,0.0
2017-03-21 03:00:00,0.0,0.0,0.0
2017-03-21 04:00:00,0.54,0.0,0.0
2017-03-21 05:00:00,0.8,0.0,0.0
2017-03-21 06:00:00,0.81,55.5709,0.9761111111111112
2017-03-21 07:00:00,0.3,283.67896,1.0
2017-03-21 08:00:00,0.64,522.48944,1.0
2017-03-21 09:00:00,0.35,719.34595,1.0
2017-03-21 10:00:00,0.48,845.27203,1.0
2017-03-21 11:00:00,0.63,875.5431,1.0
2017-03-21 12:00:00,0.89,762.28357,1.0
2017-03-21 13:00:00,0.97,648.58813,1.0
2017-03-21 14:00:00,1.0,313.74063,1.0
2017-03-21 15:00:00,0.98,279.78217,1.0
2017-03-21 16:00:00,0.96,164.9396,1.0
2017-03-21 17:00:00,0.97,43.732616,1.0
2017-03-21 18:00:00,0.94,0.0,0.2286111111111111
2017-03-21 19:00:00,0.14,0.0,0.0
2017-03-21 20:00:00,0.0,0.0,0.0
2017-03-21 21:00:00,0.02,0.0,0.0
2017-03-21 22:00:00,0.0,0.0,0.0
2017-03-21 23:00:00,0.0,0.0,0.0
2017-03-22 00:00:00,0.0,0.0,0.0
2017-03-22 01:00:00,0.15,0.0,0.0
2017-03-22 02:00:00,0.37,0.0,0.0
2017-03-22 03:00:00,0.13,0.0,0.0
2017-03-22 04:00:00,0.62,0.0,0.0
2017-03-22 05:00:00,0.01,0.0,0.0030555555555555557
2017-03-22 06:00:00,0.8,42.751003,1.0
2017-03-22 07:00:00,0.8,176.16527,1.0
2017-03-22 08:00:00,0.94,425.96896,1.0
2017-03-22 09:00:00,0.51,715.94257,1.0
2017-03-22 10:00:00,0.0,870.77,1.0
2017-03-22 11:00:00,0.0,942.0065,1.0
2017-03-22 12:00:00,0.03,940.46674,1.0
2017-03-22 13:00:00,0.12,711.44135,1.0
2017-03-22 14:00:00,0.88,657.2565,1.0
2017-03-22 15:00:00,0.76,490.7001,1.0
2017-03-22 16:00:00,0.03,309.83838,1.0
2017-03-22 17:00:00,1.0,48.82256,1.0
2017-03-22 18:00:00,1.0,0.0,0.24555555555555555
2017-03-22 19:00:00,0.95,0.0,0.0
2017-03-22 20:00:00,0.95,0.0,0.0
2017-03-22 21:00:00,0.64,0.0,0.0
2017-03-22 22:00:00,0.26,0.0,0.0
2017-03-22 23:00:00,0.48,0.0,0.0
2017-03-23 00:00:00,0.1,0.0,0.0
2017-03-23 01:00:00,0.0,0.0,0.0
2017-03-23 02:00:00,0.01,0.0,0.0
2017-03-23 03:00:00,0.0,0.0,0.0
2017-03-23 04:00:00,0.0,0.0,0.0
2017-03-23 05:00:00,0.0,0.0,0.03027777777777778
2017-03-23 06:00:00,0.0,88.5137,1.0
2017-03-23 07:00:00,0.0,321.29968,1.0
2017-03-23 08:00:00,0.0,554.62506,1.0
2017-03-23 09:00:00,0.0,754.6359,1.0
2017-03-23 10:00:00,0.04,877.5919,1.0
2017-03-23 11:00:00,0.58,841.57104,1.0
2017-03-23 12:00:00,0.74,738.5048,1.0
2017-03-23 13:00:00,0.95,663.38904,1.0
2017-03-23 14:00:00,0.89,449.85913,1.0
2017-03-23 15:00:00,0.78,475.616,1.0
2017-03-23 16:00:00,0.7,228.77701,1.0
2017-03-23 17:00:00,0.86,50.69008,1.0
2017-03-23 18:00:00,1.0,0.0,0.26222222222222225
2017-03-23 19:00:00,0.98,0.0,0.0
2017-03-23 20:00:00,1.0,0.0,0.0
2017-03-23 21:00:00,0.98,0.0,0.0
2017-03-23 22:00:00,1.0,0.0,0.0
2017-03-23 23:00:00,1.0,0.0,0.0
2017-03-24 00:00:00,1.0,0.0,0.0
2017-03-24 01:00:00,1.0,0.0,0.0
2017-03-24 02:00:00,1.0,0.0,0.0
2017-03-24 03:00:00,1.0,0.0,0.0
2017-03-24 04:00:00,1.0,0.0,0.0
2017-03-24 05:00:00,1.0,0.0,0.0575
2017-03-24 06:00:00,1.0,15.902769,1.0
2017-03-24 07:00:00,1.0,84.509056,1.0
2017-03-24 08:00:00,1.0,191.86826,1.0
2017-03-24 09:00:00,1.0,341.1192,1.0
2017-03-24 10:00:00,1.0,394.72858,1.0
2017-03-24 11:00:00,1.0,432.40045,1.0
2017-03-24 12:00:00,1.0,546.4968,1.0
2017-03-24 13:00:00,0.97,840.1519,1.0
2017-03-24 14:00:00,0.98,444.6917,1.0
2017-03-24 15:00:00,0.98,442.6253,1.0
2017-03-24 16:00:00,0.21,248.74835,1.0
2017-03-24 17:00:00,0.01,74.42226,1.0
2017-03-24 18:00:00,0.09,1.9878461,0.2791666666666667
2017-03-24 19:00:00,0.07,0.0,0.0
2017-03-24 20:00:00,0.39,0.0,0.0
2017-03-24 21:00:00,0.0,0.0,0.0
2017-03-24 22:00:00,0.42,0.0,0.0
2017-03-24 23:00:00,0.0,0.0,0.0
2017-03-25 00:00:00,0.8,0.0,0.0
2017-03-25 01:00:00,0.79,0.0,0.0
2017-03-25 02:00:00,0.73,0.0,0.0
2017-03-25 03:00:00,0.58,0.0,0.0
2017-03-25 04:00:00,0.25,0.0,0.0
2017-03-25 05:00:00,0.16,0.0,0.08444444444444445
2017-03-25 06:00:00,0.04,97.67093,1.0
2017-03-25 07:00:00,0.32,327.78238,1.0
2017-03-25 08:00:00,0.36,552.60785,1.0
2017-03-25 09:00:00,0.74,748.3662,1.0
2017-03-25 10:00:00,0.8,837.9791,1.0
2017-03-25 11:00:00,0.95,819.3164,1.0
2017-03-25 12:00:00,0.94,791.90564,1.0
2017-03-25 13:00:00,0.95,762.96185,1.0
2017-03-25 14:00:00,0.95,637.53107,1.0
2017-03-25 15:00:00,0.92,461.332,1.0
2017-03-25 16:00:00,1.0,231.29121,1.0
2017-03-25 17:00:00,0.99,69.32736,1.0
2017-03-25 18:00:00,0.95,1.9878461,0.2961111111111111
2017-03-25 19:00:00,0.98,0.0,0.0
2017-03-25 20:00:00,0.94,0.0,0.0
2017-03-25 21:00:00,1.0,0.0,0.0
2017-03-25 22:00:00,0.97,0.0,0.0
2017-03-25 23:00:00,0.97,0.0,0.0
2017-03-26 00:00:00,0.98,0.0,0.0
2017-03-26 01:00:00,0.88,0.0,0.0
2017-03-26 02:00:00,0.91,0.0,0.0
2017-03-26 03:00:00,0.93,0.0,0.0
2017-03-26 04:00:00,0.96,0.0,0.0
2017-03-26 05:00:00,1.0,0.0,0.1111111111111111
2017-03-26 06:00:00,1.0,26.835924,1.0
2017-03-26 07:00:00,1.0,112.18477,1.0
2017-03-26 08:00:00,0.97,362.9465,1.0
2017-03-26 09:00:00,1.0,613.36676,1.0
2017-03-26 10:00:00,0.87,588.8014,1.0
2017-03-26 11:00:00,0.59,605.0953,1.0
2017-03-26 12:00:00,0.56,680.67554,1.0
2017-03-26 13:00:00,0.93,490.75726,1.0
2017-03-26 14:00:00,1.0,284.06577,1.0
2017-03-26 15:00:00,0.45,305.64645,1.0
2017-03-26 16:00:00,0.51,215.32007,1.0
2017-03-26 17:00:00,0.66,68.12105,1.0
2017-03-26 18:00:00,0.94,0.99392307,0.31277777777777777
2017-03-26 19:00:00,1.0,0.0,0.0
2017-03-26 20:00:00,1.0,0.0,0.0
2017-03-26 21:00:00,1.0,0.0,0.0
2017-03-26 22:00:00,1.0,0.0,0.0
2017-03-26 23:00:00,0.61,0.0,0.0
2017-03-27 00:00:00,0.43,0.0,0.0
2017-03-27 01:00:00,0.19,0.0,0.0
2017-03-27 02:00:00,0.03,0.0,0.0
2017-03-27 03:00:00,0.0,0.0,0.0
2017-03-27 04:00:00,0.0,0.0,0.0
2017-03-27 05:00:00,0.0,0.0,0.13777777777777778
2017-03-27 06:00:00,0.0,97.72915,1.0
2017-03-27 07:00:00,0.0,323.27264,1.0
2017-03-27 08:00:00,0.0,553.6054,1.0
2017-03-27 09:00:00,0.01,753.31995,1.0
2017-03-27 10:00:00,0.01,885.7544,1.0
2017-03-27 11:00:00,0.26,965.83417,1.0
2017-03-27 12:00:00,0.42,954.28784,1.0
2017-03-27 13:00:00,0.5,714.3649,1.0
2017-03-27 14:00:00,0.96,538.216,1.0
2017-03-27 15:00:00,1.0,303.03772,1.0
2017-03-27 16:00:00,0.98,109.12986,1.0
2017-03-27 17:00:00,0.84,61.375854,1.0
2017-03-27 18:00:00,0.33,0.99544233,0.32944444444444443
2017-03-27 19:00:00,0.41,0.0,0.0
2017-03-27 20:00:00,0.67,0.0,0.0
2017-03-27 21:00:00,0.87,0.0,0.0
2017-03-27 22:00:00,0.6,0.0,0.0
2017-03-27 23:00:00,0.62,0.0,0.0
2017-03-28 00:00:00,0.44,0.0,0.0
2017-03-28 01:00:00,0.68,0.0,0.0
2017-03-28 02:00:00,1.0,0.0,0.0
2017-03-28 03:00:00,1.0,0.0,0.0
2017-03-28 04:00:00,1.0,0.0,0.0
2017-03-28 05:00:00,1.0,0.0,0.16416666666666666
2017-03-28 06:00:00,1.0,46.42353,1.0
2017-03-28 07:00:00,1.0,67.72856,1.0
2017-03-28 08:00:00,1.0,125.881744,1.0
2017-03-28 09:00:00,1.0,188.95401,1.0
2017-03-28 10:00:00,1.0,254.4132,1.0
2017-03-28 11:00:00,1.0,314.7991,1.0
2017-03-28 12:00:00,1.0,452.35196,1.0
2017-03-28 13:00:00,1.0,291.4089,1.0
2017-03-28 14:00:00,0.99,279.3599,1.0
2017-03-28 15:00:00,0.97,238.56871,1.0
2017-03-28 16:00:00,0.95,104.109116,1.0
2017-03-28 17:00:00,0.96,57.748356,1.0
2017-03-28 18:00:00,0.99,1.9878461,0.3463888888888889
2017-03-28 19:00:00,1.0,0.0,0.0
2017-03-28 20:00:00,1.0,0.0,0.0
2017-03-28 21:00:00,0.99,0.0,0.0
2017-03-28 22:00:00,1.0,0.0,0.0
2017-03-28 23:00:00,0.95,0.0,0.0
2017-03-29 00:00:00,1.0,0.0,0.0
2017-03-29 01:00:00,1.0,0.0,0.0
2017-03-29 02:00:00,1.0,0.0,0.0
2017-03-29 03:00:00,1.0,0.0,0.0
2017-03-29 04:00:00,1.0,0.0,0.0
2017-03-29 05:00:00,1.0,0.0,0.19055555555555556
2017-03-29 06:00:00,1.0,12.293982,1.0
2017-03-29 07:00:00,1.0,57.09539,1.0
2017-03-29 08:00:00,0.83,434.01996,1.0
2017-03-29 09:00:00,0.72,634.8611,1.0
2017-03-29 10:00:00,0.4,754.74854,1.0
2017-03-29 11:00:00,0.74,673.79425,1.0
2017-03-29 12:00:00,0.01,678.0941,1.0
2017-03-29 13:00:00,0.0,910.4715,1.0
2017-03-29 14:00:00,0.0,756.8332,1.0
2017-03-29 15:00:00,0.0,557.23083,1.0
2017-03-29 16:00:00,0.0,325.8919,1.0
2017-03-29 17:00:00,0.0,102.11885,1.0
2017-03-29 18:00:00,0.0,2.9848075,0.3630555555555556
2017-03-29 19:00:00,0.02,0.0,0.0
2017-03-29 20:00:00,0.15,0.0,0.0
2017-03-29 21:00:00,0.12,0.0,0.0
2017-03-29 22:00:00,0.0,0.0,0.0
2017-03-29 23:00:00,0.0,0.0,0.0
2017-03-30 00:00:00,0.0,0.0,0.0
2017-03-30 01:00:00,0.0,0.0,0.0
2017-03-30 02:00:00,0.45,0.0,0.0
2017-03-30 03:00:00,0.78,0.0,0.0
2017-03-30 04:00:00,1.0,0.0,0.0
2017-03-30 05:00:00,1.0,0.0,0.21638888888888888
2017-03-30 06:00:00,1.0,56.835407,1.0
2017-03-30 07:00:00,0.94,194.43037,1.0
2017-03-30 08:00:00,0.81,394.46014,1.0
2017-03-30 09:00:00,0.9,678.86646,1.0
2017-03-30 10:00:00,0.99,761.3309,1.0
2017-03-30 11:00:00,0.94,948.07477,1.0
2017-03-30 12:00:00,0.99,836.6934,1.0
2017-03-30 13:00:00,1.0,769.18134,1.0
2017-03-30 14:00:00,0.96,576.1044,1.0
2017-03-30 15:00:00,0.65,459.62558,1.0
2017-03-30 16:00:00,0.8,236.01494,1.0
2017-03-30 17:00:00,0.59,68.28876,1.0
2017-03-30 18:00:00,0.91,2.981769,0.37972222222222224
2017-03-30 19:00:00,0.85,0.0,0.0
2017-03-30 20:00:00,0.94,0.0,0.0
2017-03-30 21:00:00,0.94,0.0,0.0
2017-03-30 22:00:00,0.98,0.0,0.0
2017-03-30 23:00:00,0.98,0.0,0.0
2017-03-31 00:00:00,0.93,0.0,0.0
2017-03-31 01:00:00,0.89,0.0,0.0
2017-03-31 02:00:00,1.0,0.0,0.0
2017-03-31 03:00:00,0.87,0.0,0.0
2017-03-31 04:00:00,0.94,0.0,0.0
2017-03-31 05:00:00,0.96,0.0,0.2427777777777778
2017-03-31 06:00:00,1.0,19.878462,1.0
2017-03-31 07:00:00,1.0,52.677925,1.0
2017-03-31 08:00:00,1.0,76.53208,1.0
2017-03-31 09:00:00,1.0,80.50777,1.0
2017-03-31 10:00:00,1.0,114.301155,1.0
2017-03-31 11:00:00,1.0,167.97299,1.0
2017-03-31 12:00:00,1.0,192.82108,1.0
2017-03-31 13:00:00,1.0,195.59273,1.0
2017-03-31 14:00:00,1.0,133.25256,1.0
2017-03-31 15:00:00,1.0,106.48357,1.0
2017-03-31 16:00:00,1.0,39.756924,1.0
2017-03-31 17:00:00,1.0,27.829845,1.0
2017-03-31 18:00:00,1.0,0.99392307,0.3963888888888889
2017-03-31 19:00:00,1.0,0.0,0.0
2017-03-31 20:00:00,0.99,0.0,0.0
2017-03-31 21:00:00,1.0,0.0,0.0
2017-03-31 22:00:00,1.0,0.0,0.0
2017-03-31 23:00:00,1.0,0.0,0.0
2017-04-01 00:00:00,1.0,0.0,0.0
2017-04-01 01:00:00,0.99,0.0,0.0
2017-04-01 02:00:00,1.0,0.0,0.0
2017-04-01 03:00:00,1.0,0.0,0.0
2017-04-01 04:00:00,0.98,0.0,0.0
2017-04-01 05:00:00,1.0,0.0,0.2688888888888889
2017-04-01 06:00:00,0.95,61.220245,1.0
2017-04-01 07:00:00,1.0,123.24647,1.0
2017-04-01 08:00:00,0.97,415.06964,1.0
2017-04-01 09:00:00,0.98,520.52203,1.0
2017-04-01 10:00:00,1.0,673.5603,1.0
2017-04-01 11:00:00,1.0,454.6869,1.0
2017-04-01 12:00:00,1.0,421.92322,1.0
2017-04-01 13:00:00,1.0,398.1081,1.0
2017-04-01 14:00:00,1.0,379.70462,1.0
2017-04-01 15:00:00,1.0,267.89697,1.0
2017-04-01 16:00:00,1.0,165.9706,1.0
2017-04-01 17:00:00,0.92,69.657005,1.0
2017-04-01 18:00:00,1.0,4.9696155,0.41305555555555556
2017-04-01 19:00:00,1.0,0.0,0.0
2017-04-01 20:00:00,0.99,0.0,0.0
2017-04-01 21:00:00,0.85,0.0,0.0
2017-04-01 22:00:00,0.08,0.0,0.0
2017-04-01 23:00:00,0.17,0.0,0.0
2017-04-02 00:00:00,0.07,0.0,0.0
2017-04-02 01:00:00,0.1,0.0,0.0
2017-04-02 02:00:00,0.11,0.0,0.0
2017-04-02 03:00:00,0.14,0.0,0.0
2017-04-02 04:00:00,0.09,0.0,0.0
2017-04-02 05:00:00,0.14,2.7283368,0.29527777777777775
2017-04-02 06:00:00,0.03,120.30152,1.0
2017-04-02 07:00:00,0.07,346.07205,1.0
2017-04-02 08:00:00,0.09,595.1418,1.0
2017-04-02 09:00:00,0.13,736.1742,1.0
2017-04-02 10:00:00,0.07,879.5384,1.0
2017-04-02 11:00:00,0.02,1008.5031,1.0
2017-04-02 12:00:00,0.01,1000.6188,1.0
2017-04-02 13:00:00,0.0,921.5689,1.0
2017-04-02 14:00:00,0.0,767.67334,1.0
2017-04-02 15:00:00,0.0,567.5098,1.0
2017-04-02 16:00:00,0.45,327.7543,1.0
2017-04-02 17:00:00,0.93,78.91773,1.0
2017-04-02 18:00:00,0.9,2.9832883,0.4297222222222222
2017-04-02 19:00:00,0.97,0.0,0.0
2017-04-02 20:00:00,0.92,0.0,0.0
2017-04-02 21:00:00,0.47,0.0,0.0
2017-04-02 22:00:00,0.33,0.0,0.0
2017-04-02 23:00:00,0.48,0.0,0.0
2017-04-03 00:00:00,0.8,0.0,0.0
2017-04-03 01:00:00,0.3,0.0,0.0
2017-04-03 02:00:00,0.09,0.0,0.0
2017-04-03 03:00:00,0.0,0.0,0.0
2017-04-03 04:00:00,0.0,0.0,0.0
2017-04-03 05:00:00,0.0,3.6527848,0.32166666666666666
2017-04-03 06:00:00,0.0,138.22914,1.0
2017-04-03 07:00:00,0.0,391.83118,1.0
2017-04-03 08:00:00,0.0,633.6165,1.0
2017-04-03 09:00:00,0.0,827.26196,1.0
2017-04-03 10:00:00,0.02,964.0377,1.0
2017-04-03 11:00:00,0.0,1040.9618,1.0
2017-04-03 12:00:00,0.17,1023.71216,1.0
2017-04-03 13:00:00,0.61,873.6555,1.0
2017-04-03 14:00:00,0.77,631.7875,1.0
2017-04-03 15:00:00,0.98,404.22968,1.0
2017-04-03 16:00:00,1.0,197.57452,1.0
2017-04-03 17:00:00,1.0,67.84797,1.0
2017-04-03 18:00:00,0.99,2.981769,0.44666666666666666
2017-04-03 19:00:00,1.0,0.0,0.0
2017-04-03 20:00:00,1.0,0.0,0.0
2017-04-03 21:00:00,0.99,0.0,0.0
2017-04-03 22:00:00,1.0,0.0,0.0
2017-04-03 23:00:00,1.0,0.0,0.0
2017-04-04 00:00:00,1.0,0.0,0.0
2017-04-04 01:00:00,1.0,0.0,0.0
2017-04-04 02:00:00,1.0,0.0,0.0
2017-04-04 03:00:00,1.0,0.0,0.0
2017-04-04 04:00:00,1.0,0.0,0.0
2017-04-04 05:00:00,1.0,0.99392307,0.34805555555555556
2017-04-04 06:00:00,1.0,27.829845,1.0
2017-04-04 07:00:00,1.0,78.51992,1.0
2017-04-04 08:00:00,1.0,153.06416,1.0
2017-04-04 09:00:00,1.0,424.7918,1.0
2017-04-04 10:00:00,1.0,605.46356,1.0
2017-04-04 11:00:00,1.0,618.2071,1.0
2017-04-04 12:00:00,1.0,838.4445,1.0
2017-04-04 13:00:00,1.0,778.8592,1.0
2017-04-04 14:00:00,0.97,688.2704,1.0
2017-04-04 15:00:00,0.99,403.49127,1.0
2017-04-04 16:00:00,1.0,237.89053,1.0
2017-04-04 17:00:00,1.0,68.101685,1.0
2017-04-04 18:00:00,1.0,2.981769,0.4633333333333333
2017-04-04 19:00:00,1.0,0.0,0.0
2017-04-04 20:00:00,1.0,0.0,0.0
2017-04-04 21:00:00,1.0,0.0,0.0
2017-04-04 22:00:00,0.94,0.0,0.0
2017-04-04 23:00:00,0.6,0.0,0.0
2017-04-05 00:00:00,1.0,0.0,0.0
2017-04-05 01:00:00,1.0,0.0,0.0
2017-04-05 02:00:00,0.16,0.0,0.0
2017-04-05 03:00:00,0.01,0.0,0.0
2017-04-05 04:00:00,0.09,0.0,0.0
2017-04-05 05:00:00,0.04,6.0790277,0.37444444444444447
2017-04-05 06:00:00,0.0,156.70578,1.0
2017-04-05 07:00:00,0.02,408.03857,1.0
2017-04-05 08:00:00,0.08,630.38403,1.0
2017-04-05 09:00:00,0.07,843.31354,1.0
2017-04-05 10:00:00,0.0,991.1077,1.0
2017-04-05 11:00:00,0.0,1062.8472,1.0
2017-04-05 12:00:00,0.0,1050.1399,1.0
2017-04-05 13:00:00,0.0,957.8871,1.0
2017-04-05 14:00:00,0.0,801.1564,1.0
2017-04-05 15:00:00,0.0,592.68964,1.0
2017-04-05 16:00:00,0.21,354.82236,1.0
2017-04-05 17:00:00,0.0,122.4391,1.0
2017-04-05 18:00:00,0.79,5.968096,0.48
2017-04-05 19:00:00,0.5,0.0,0.0
2017-04-05 20:00:00,0.72,0.0,0.0
2017-04-05 21:00:00,0.76,0.0,0.0
2017-04-05 22:00:00,0.07,0.0,0.0
2017-04-05 23:00:00,0.02,0.0,0.0
2017-04-06 00:00:00,0.03,0.0,0.0
2017-04-06 01:00:00,0.05,0.0,0.0
2017-04-06 02:00:00,0.18,0.0,0.0
2017-04-06 03:00:00,0.18,0.0,0.0
2017-04-06 04:00:00,0.07,0.0,0.0
2017-04-06 05:00:00,0.07,5.9804697,0.4008333333333333
2017-04-06 06:00:00,0.0,151.55373,1.0
2017-04-06 07:00:00,0.0,391.68964,1.0
2017-04-06 08:00:00,0.0,625.5489,1.0
2017-04-06 09:00:00,0.43,819.3207,1.0
2017-04-06 10:00:00,0.28,953.8975,1.0
2017-04-06 11:00:00,0.42,997.39746,1.0
2017-04-06 12:00:00,0.62,1006.22614,1.0
2017-04-06 13:00:00,0.33,922.3755,1.0
2017-04-06 14:00:00,0.27,771.80334,1.0
2017-04-06 15:00:00,0.37,557.912,1.0
2017-04-06 16:00:00,0.88,305.13058,1.0
2017-04-06 17:00:00,0.82,117.84849,1.0
2017-04-06 18:00:00,0.44,4.977212,0.49666666666666665
2017-04-06 19:00:00,0.34,0.0,0.0
2017-04-06 20:00:00,0.24,0.0,0.0
2017-04-06 21:00:00,0.31,0.0,0.0
2017-04-06 22:00:00,0.14,0.0,0.0
2017-04-06 23:00:00,0.46,0.0,0.0
2017-04-07 00:00:00,0.42,0.0,0.0
2017-04-07 01:00:00,0.77,0.0,0.0
2017-04-07 02:00:00,0.82,0.0,0.0
2017-04-07 03:00:00,1.0,0.0,0.0
2017-04-07 04:00:00,0.84,0.0,0.0
2017-04-07 05:00:00,0.59,6.885453,0.4272222222222222
2017-04-07 06:00:00,0.41,148.98674,1.0
2017-04-07 07:00:00,0.48,392.42047,1.0
2017-04-07 08:00:00,0.0,619.24316,1.0
2017-04-07 09:00:00,0.88,800.7293,1.0
2017-04-07 10:00:00,0.83,925.67755,1.0
2017-04-07 11:00:00,0.33,998.7826,1.0
2017-04-07 12:00:00,0.43,993.264,1.0
2017-04-07 13:00:00,0.8,888.2223,1.0
2017-04-07 14:00:00,0.62,748.2444,1.0
2017-04-07 15:00:00,0.97,549.07056,1.0
2017-04-07 16:00:00,0.86,318.54004,1.0
2017-04-07 17:00:00,0.81,115.50116,1.0
2017-04-07 18:00:00,0.68,4.9961233,0.5133333333333333
2017-04-07 19:00:00,0.46,0.0,0.0
2017-04-07 20:00:00,0.93,0.0,0.0
2017-04-07 21:00:00,0.96,0.0,0.0
2017-04-07 22:00:00,1.0,0.0,0.0
2017-04-07 23:00:00,1.0,0.0,0.0
2017-04-08 00:00:00,1.0,0.0,0.0
2017-04-08 01:00:00,1.0,0.0,0.0
2017-04-08 02:00:00,0.94,0.0,0.0
2017-04-08 03:00:00,1.0,0.0,0.0
2017-04-08 04:00:00,0.89,0.0,0.0
2017-04-08 05:00:00,1.0,5.963538,0.4533333333333333
2017-04-08 06:00:00,0.29,147.97766,1.0
2017-04-08 07:00:00,0.93,364.0419,1.0
2017-04-08 08:00:00,0.53,606.2935,1.0
2017-04-08 09:00:00,0.0,807.2945,1.0
2017-04-08 10:00:00,0.66,845.7393,1.0
2017-04-08 11:00:00,0.64,874.8426,1.0
2017-04-08 12:00:00,0.29,896.3539,1.0
2017-04-08 13:00:00,0.5,753.3878,1.0
2017-04-08 14:00:00,0.43,666.584,1.0
2017-04-08 15:00:00,0.14,537.3294,1.0
2017-04-08 16:00:00,0.18,335.32788,1.0
2017-04-08 17:00:00,0.32,116.64033,1.0
2017-04-08 18:00:00,0.24,6.0307217,0.53
2017-04-08 19:00:00,0.0,0.0,0.0
2017-04-08 20:00:00,0.0,0.0,0.0
2017-04-08 21:00:00,0.0,0.0,0.0
2017-04-08 22:00:00,0.18,0.0,0.0
2017-04-08 23:00:00,0.73,0.0,0.0
2017-04-09 00:00:00,0.29,0.0,0.0
2017-04-09 01:00:00,0.04,0.0,0.0
2017-04-09 02:00:00,0.0,0.0,0.0
2017-04-09 03:00:00,0.0,0.0,0.0
2017-04-09 04:00:00,0.0,0.0,0.0
2017-04-09 05:00:00,0.0,10.481181,0.47944444444444445
2017-04-09 06:00:00,0.0,164.79385,1.0
2017-04-09 07:00:00,0.0,406.2458,1.0
2017-04-09 08:00:00,0.02,632.594,1.0
2017-04-09 09:00:00,0.14,773.3833,1.0
2017-04-09 10:00:00,0.14,902.7898,1.0
2017-04-09 11:00:00,0.0,1053.6776,1.0
2017-04-09 12:00:00,0.0,1040.6721,1.0
2017-04-09 13:00:00,0.01,949.19214,1.0
2017-04-09 14:00:00,0.0,761.26337,1.0
2017-04-09 15:00:00,0.0,594.0702,1.0
2017-04-09 16:00:00,0.0,363.71335,1.0
2017-04-09 17:00:00,0.0,134.60689,1.0
2017-04-09 18:00:00,0.0,6.098402,0.5466666666666666
2017-04-09 19:00:00,0.0,0.0,0.0
2017-04-09 20:00:00,0.0,0.0,0.0
2017-04-09 21:00:00,0.0,0.0,0.0
2017-04-09 22:00:00,0.0,0.0,0.0
2017-04-09 23:00:00,0.0,0.0,0.0
2017-04-10 00:00:00,0.0,0.0,0.0
2017-04-10 01:00:00,0.0,0.0,0.0
2017-04-10 02:00:00,0.0,0.0,0.0
2017-04-10 03:00:00,0.0,0.0,0.0
2017-04-10 04:00:00,0.0,0.0,0.0
2017-04-10 05:00:00,0.0,11.691614,0.5055555555555555
2017-04-10 06:00:00,0.0,176.48816,1.0
2017-04-10 07:00:00,0.0,420.4573,1.0
2017-04-10 08:00:00,0.0,654.197,1.0
2017-04-10 09:00:00,0.0,846.62665,1.0
2017-04-10 10:00:00,0.0,979.7796,1.0
2017-04-10 11:00:00,0.0,1042.1366,1.0
2017-04-10 12:00:00,0.0,1027.9453,1.0
2017-04-10 13:00:00,0.04,922.4403,1.0
2017-04-10 14:00:00,0.02,789.05664,1.0
2017-04-10 15:00:00,0.29,552.2454,1.0
2017-04-10 16:00:00,0.0,355.22595,1.0
2017-04-10 17:00:00,0.15,123.69034,1.0
2017-04-10 18:00:00,0.34,8.06282,0.5633333333333334
2017-04-10 19:00:00,0.56,0.0,0.0
2017-04-10 20:00:00,0.65,0.0,0.0
2017-04-10 21:00:00,0.64,0.0,0.0
2017-04-10 22:00:00,0.52,0.0,0.0
2017-04-10 23:00:00,0.68,0.0,0.0
2017-04-11 00:00:00,0.23,0.0,0.0
2017-04-11 01:00:00,0.02,0.0,0.0
2017-04-11 02:00:00,0.0,0.0,0.0
2017-04-11 03:00:00,0.0,0.0,0.0
2017-04-11 04:00:00,0.0,0.0,0.0
2017-04-11 05:00:00,0.0,13.845797,0.5311111111111111
2017-04-11 06:00:00,0.16,177.18741,1.0
2017-04-11 07:00:00,0.0,417.5448,1.0
2017-04-11 08:00:00,0.0,647.59717,1.0
2017-04-11 09:00:00,0.0,838.1278,1.0
2017-04-11 10:00:00,0.0,970.39874,1.0
2017-04-11 11:00:00,0.09,1035.4956,1.0
2017-04-11 12:00:00,0.12,1016.7214,1.0
2017-04-11 13:00:00,0.58,906.7266,1.0
2017-04-11 14:00:00,0.86,740.72504,1.0
2017-04-11 15:00:00,0.9,552.1394,1.0
2017-04-11 16:00:00,0.31,345.5965,1.0
2017-04-11 17:00:00,0.24,99.03761,1.0
2017-04-11 18:00:00,0.97,10.9606905,0.58
2017-04-11 19:00:00,0.95,0.0,0.0
2017-04-11 20:00:00,0.98,0.0,0.0
2017-04-11 21:00:00,0.96,0.0,0.0
2017-04-11 22:00:00,1.0,0.0,0.0
2017-04-11 23:00:00,0.17,0.0,0.0
2017-04-12 00:00:00,0.37,0.0,0.0
2017-04-12 01:00:00,0.23,0.0,0.0
2017-04-12 02:00:00,0.21,0.0,0.0
2017-04-12 03:00:00,0.2,0.0,0.0
2017-04-12 04:00:00,0.0,0.0,0.0
2017-04-12 05:00:00,0.0,14.670524,0.5566666666666666
2017-04-12 06:00:00,0.21,174.0605,1.0
2017-04-12 07:00:00,0.29,407.92188,1.0
2017-04-12 08:00:00,0.0,644.01086,1.0
2017-04-12 09:00:00,0.0,829.9392,1.0
2017-04-12 10:00:00,0.0,960.0794,1.0
2017-04-12 11:00:00,0.0,1022.81635,1.0
2017-04-12 12:00:00,0.0,1011.2982,1.0
2017-04-12 13:00:00,0.0,927.78625,1.0
2017-04-12 14:00:00,0.07,721.4002,1.0
2017-04-12 15:00:00,0.1,543.0211,1.0
2017-04-12 16:00:00,0.09,334.93497,1.0
2017-04-12 17:00:00,0.09,120.32755,1.0
2017-04-12 18:00:00,0.13,8.212607,0.5969444444444445
2017-04-12 19:00:00,0.01,0.0,0.0
2017-04-12 20:00:00,0.0,0.0,0.0
2017-04-12 21:00:00,0.0,0.0,0.0
2017-04-12 22:00:00,0.0,0.0,0.0
2017-04-12 23:00:00,0.0,0.0,0.0
2017-04-13 00:00:00,0.0,0.0,0.0
2017-04-13 01:00:00,0.0,0.0,0.0
2017-04-13 02:00:00,0.0,0.0,0.0
2017-04-13 03:00:00,0.0,0.0,0.0
2017-04-13 04:00:00,0.0,0.0,0.0
2017-04-13 05:00:00,0.0,15.773998,0.5819444444444445
2017-04-13 06:00:00,0.0,182.68991,1.0
2017-04-13 07:00:00,0.0,417.93842,1.0
2017-04-13 08:00:00,0.0,643.581,1.0
2017-04-13 09:00:00,0.0,830.9671,1.0
2017-04-13 10:00:00,0.0,969.4647,1.0
2017-04-13 11:00:00,0.0,1026.2858,1.0
2017-04-13 12:00:00,0.21,899.75793,1.0
2017-04-13 13:00:00,0.12,874.9235,1.0
2017-04-13 14:00:00,0.65,581.1706,1.0
2017-04-13 15:00:00,0.9,478.07568,1.0
2017-04-13 16:00:00,0.47,308.9085,1.0
2017-04-13 17:00:00,0.49,126.43611,1.0
2017-04-13 18:00:00,0.05,9.24629,0.6136111111111111
2017-04-13 19:00:00,0.11,0.0,0.0
2017-04-13 20:00:00,0.15,0.0,0.0
2017-04-13 21:00:00,0.16,0.0,0.0
2017-04-13 22:00:00,0.0,0.0,0.0
2017-04-13 23:00:00,0.0,0.0,0.0
2017-04-14 00:00:00,0.0,0.0,0.0
2017-04-14 01:00:00,0.0,0.0,0.0
2017-04-14 02:00:00,0.0,0.0,0.0
2017-04-14 03:00:00,0.0,0.0,0.0
2017-04-14 04:00:00,0.0,0.0,0.0
2017-04-14 05:00:00,0.0,19.070704,0.6069444444444444
2017-04-14 06:00:00,0.0,193.55225,1.0
2017-04-14 07:00:00,0.0,433.98547,1.0
2017-04-14 08:00:00,0.0,662.81384,1.0
2017-04-14 09:00:00,0.0,849.69855,1.0
2017-04-14 10:00:00,0.0,976.41815,1.0
2017-04-14 11:00:00,0.0,1033.6334,1.0
2017-04-14 12:00:00,0.07,906.93335,1.0
2017-04-14 13:00:00,0.17,934.72314,1.0
2017-04-14 14:00:00,0.13,747.32806,1.0
2017-04-14 15:00:00,0.71,522.9876,1.0
2017-04-14 16:00:00,0.92,361.74686,1.0
2017-04-14 17:00:00,0.54,130.09473,1.0
2017-04-14 18:00:00,0.24,9.327581,0.6302777777777778
2017-04-14 19:00:00,0.04,0.0,0.0
2017-04-14 20:00:00,0.23,0.0,0.0
2017-04-14 21:00:00,0.05,0.0,0.0
2017-04-14 22:00:00,0.0,0.0,0.0
2017-04-14 23:00:00,0.0,0.0,0.0
2017-04-15 00:00:00,0.0,0.0,0.0
2017-04-15 01:00:00,0.0,0.0,0.0
2017-04-15 02:00:00,0.1,0.0,0.0
2017-04-15 03:00:00,0.15,0.0,0.0
2017-04-15 04:00:00,0.05,0.0,0.0
2017-04-15 05:00:00,0.0,19.864233,0.6319444444444444
2017-04-15 06:00:00,0.0,192.26497,1.0
2017-04-15 07:00:00,0.0,428.1319,1.0
2017-04-15 08:00:00,0.0,651.31866,1.0
2017-04-15 09:00:00,0.0,833.8306,1.0
2017-04-15 10:00:00,0.21,927.56213,1.0
2017-04-15 11:00:00,0.53,898.1117,1.0
2017-04-15 12:00:00,0.47,874.9714,1.0
2017-04-15 13:00:00,0.25,761.1327,1.0
2017-04-15 14:00:00,0.62,640.8965,1.0
2017-04-15 15:00:00,0.56,544.46204,1.0
2017-04-15 16:00:00,0.12,351.24515,1.0
2017-04-15 17:00:00,0.09,139.52467,1.0
2017-04-15 18:00:00,0.0,9.465019,0.6469444444444444
2017-04-15 19:00:00,0.0,0.0,0.0
2017-04-15 20:00:00,0.28,0.0,0.0
2017-04-15 21:00:00,0.62,0.0,0.0
2017-04-15 22:00:00,0.82,0.0,0.0
2017-04-15 23:00:00,0.91,0.0,0.0
2017-04-16 00:00:00,0.99,0.0,0.0
2017-04-16 01:00:00,0.92,0.0,0.0
2017-04-16 02:00:00,0.82,0.0,0.0
2017-04-16 03:00:00,0.81,0.0,0.0
2017-04-16 04:00:00,0.32,0.0,0.0
2017-04-16 05:00:00,0.63,20.870728,0.6561111111111111
2017-04-16 06:00:00,0.28,193.35464,1.0
2017-04-16 07:00:00,0.42,425.1975,1.0
2017-04-16 08:00:00,0.36,647.612,1.0
2017-04-16 09:00:00,0.51,828.7899,1.0
2017-04-16 10:00:00,0.75,912.1611,1.0
2017-04-16 11:00:00,0.82,906.014,1.0
2017-04-16 12:00:00,0.9,895.2228,1.0
2017-04-16 13:00:00,0.91,815.78644,1.0
2017-04-16 14:00:00,0.93,642.12524,1.0
2017-04-16 15:00:00,0.93,445.8259,1.0
2017-04-16 16:00:00,0.98,302.7656,1.0
2017-04-16 17:00:00,0.79,132.20186,1.0
2017-04-16 18:00:00,0.55,11.348589,0.6636111111111112
2017-04-16 19:00:00,0.56,0.0,0.0
2017-04-16 20:00:00,0.1,0.0,0.0
2017-04-16 21:00:00,0.0,0.0,0.0
2017-04-16 22:00:00,0.0,0.0,0.0
2017-04-16 23:00:00,0.0,0.0,0.0
2017-04-17 00:00:00,0.0,0.0,0.0
2017-04-17 01:00:00,0.0,0.0,0.0
2017-04-17 02:00:00,0.0,0.0,0.0
2017-04-17 03:00:00,0.0,0.0,0.0
2017-04-17 04:00:00,0.0,0.0,0.0
2017-04-17 05:00:00,0.0,22.845524,0.6802777777777778
2017-04-17 06:00:00,0.0,199.35226,1.0
2017-04-17 07:00:00,0.09,433.5464,1.0
2017-04-17 08:00:00,0.43,656.117,1.0
2017-04-17 09:00:00,0.3,838.19836,1.0
2017-04-17 10:00:00,0.92,923.89636,1.0
2017-04-17 11:00:00,1.0,894.9114,1.0
2017-04-17 12:00:00,0.97,836.61615,1.0
2017-04-17 13:00:00,1.0,681.60345,1.0
2017-04-17 14:00:00,0.87,635.38434,1.0
2017-04-17 15:00:00,0.88,507.17392,1.0
2017-04-17 16:00:00,0.86,278.812,1.0
2017-04-17 17:00:00,0.88,124.49526,1.0
2017-04-17 18:00:00,0.94,13.260398,0.6802777777777778
2017-04-17 19:00:00,0.98,0.0,0.0
2017-04-17 20:00:00,0.95,0.0,0.0
2017-04-17 21:00:00,0.86,0.0,0.0
2017-04-17 22:00:00,0.0,0.0,0.0
2017-04-17 23:00:00,0.0,0.0,0.0
2017-04-18 00:00:00,0.2,0.0,0.0
2017-04-18 01:00:00,0.53,0.0,0.0
2017-04-18 02:00:00,0.95,0.0,0.0
2017-04-18 03:00:00,0.78,0.0,0.0
2017-04-18 04:00:00,0.86,0.0,0.0
2017-04-18 05:00:00,0.43,22.002413,0.7038888888888889
2017-04-18 06:00:00,0.84,184.76308,1.0
2017-04-18 07:00:00,0.87,388.66327,1.0
2017-04-18 08:00:00,0.91,549.3222,1.0
2017-04-18 09:00:00,0.85,675.50867,1.0
2017-04-18 10:00:00,0.86,825.9464,1.0
2017-04-18 11:00:00,0.62,941.94916,1.0
2017-04-18 12:00:00,0.34,910.1214,1.0
2017-04-18 13:00:00,0.06,780.3933,1.0
2017-04-18 14:00:00,0.47,759.5779,1.0
2017-04-18 15:00:00,0.16,545.33966,1.0
2017-04-18 16:00:00,0.31,343.101,1.0
2017-04-18 17:00:00,0.66,129.63039,1.0
2017-04-18 18:00:00,0.87,13.4100275,0.6969444444444445
2017-04-18 19:00:00,0.25,0.0,0.0
2017-04-18 20:00:00,0.49,0.0,0.0
2017-04-18 21:00:00,0.15,0.0,0.0
2017-04-18 22:00:00,0.13,0.0,0.0
2017-04-18 23:00:00,0.01,0.0,0.0
2017-04-19 00:00:00,0.01,0.0,0.0
2017-04-19 01:00:00,0.0,0.0,0.0
2017-04-19 02:00:00,0.0,0.0,0.0
2017-04-19 03:00:00,0.0,0.0,0.0
2017-04-19 04:00:00,0.0,0.0,0.0
2017-04-19 05:00:00,0.0,27.866936,0.7272222222222222
2017-04-19 06:00:00,0.0,210.2594,1.0
2017-04-19 07:00:00,0.0,444.40506,1.0
2017-04-19 08:00:00,0.0,664.7837,1.0
2017-04-19 09:00:00,0.09,829.4397,1.0
2017-04-19 10:00:00,0.59,851.19464,1.0
2017-04-19 11:00:00,0.26,894.7102,1.0
2017-04-19 12:00:00,0.35,935.6581,1.0
2017-04-19 13:00:00,0.51,736.74896,1.0
2017-04-19 14:00:00,0.14,681.01666,1.0
2017-04-19 15:00:00,0.09,579.34186,1.0
2017-04-19 16:00:00,0.16,339.69083,1.0
2017-04-19 17:00:00,0.03,135.10289,1.0
2017-04-19 18:00:00,0.57,12.452223,0.7136111111111111
2017-04-19 19:00:00,0.91,0.0,0.0
2017-04-19 20:00:00,0.5,0.0,0.0
2017-04-19 21:00:00,0.36,0.0,0.0
2017-04-19 22:00:00,0.02,0.0,0.0
2017-04-19 23:00:00,0.21,0.0,0.0
2017-04-20 00:00:00,0.86,0.0,0.0
2017-04-20 01:00:00,0.94,0.0,0.0
2017-04-20 02:00:00,0.8,0.0,0.0
2017-04-20 03:00:00,0.17,0.0,0.0
2017-04-20 04:00:00,0.03,0.0,0.0
2017-04-20 05:00:00,0.0,28.767479,0.7505555555555555
2017-04-20 06:00:00,0.32,162.56532,1.0
2017-04-20 07:00:00,0.56,349.0292,1.0
2017-04-20 08:00:00,0.74,541.4681,1.0
2017-04-20 09:00:00,0.97,518.5745,1.0
2017-04-20 10:00:00,0.83,747.8353,1.0
2017-04-20 11:00:00,0.89,752.5305,1.0
2017-04-20 12:00:00,0.86,690.5216,1.0
2017-04-20 13:00:00,0.97,548.2034,1.0
2017-04-20 14:00:00,1.0,297.24457,1.0
2017-04-20 15:00:00,0.98,115.28743,1.0
2017-04-20 16:00:00,1.0,87.46523,1.0
2017-04-20 17:00:00,0.92,82.27766,1.0
2017-04-20 18:00:00,0.99,10.009276,0.7302777777777778
2017-04-20 19:00:00,0.93,0.0,0.0
2017-04-20 20:00:00,0.64,0.0,0.0
2017-04-20 21:00:00,0.75,0.0,0.0
2017-04-20 22:00:00,0.95,0.0,0.0
2017-04-20 23:00:00,1.0,0.0,0.0
2017-04-21 00:00:00,1.0,0.0,0.0
2017-04-21 01:00:00,1.0,0.0,0.0
2017-04-21 02:00:00,1.0,0.0,0.0
2017-04-21 03:00:00,0.93,0.0,0.0
2017-04-21 04:00:00,0.85,0.0,0.0
2017-04-21 05:00:00,0.92,24.877865,0.7736111111111111
2017-04-21 06:00:00,0.91,131.03944,1.0
2017-04-21 07:00:00,0.99,231.74745,1.0
2017-04-21 08:00:00,0.87,318.29413,1.0
2017-04-21 09:00:00,0.87,557.8287,1.0
2017-04-21 10:00:00,0.98,533.15424,1.0
2017-04-21 11:00:00,0.96,588.9496,1.0
2017-04-21 12:00:00,0.67,785.6874,1.0
2017-04-21 13:00:00,0.7,678.69116,1.0
2017-04-21 14:00:00,0.56,522.87537,1.0
2017-04-21 15:00:00,0.7,377.56754,1.0
2017-04-21 16:00:00,0.98,182.02756,1.0
2017-04-21 17:00:00,0.97,84.40453,1.0
2017-04-21 18:00:00,0.99,6.037875,0.7469444444444444
2017-04-21 19:00:00,0.99,0.0,0.0
2017-04-21 20:00:00,1.0,0.0,0.0
2017-04-21 21:00:00,0.97,0.0,0.0
2017-04-21 22:00:00,1.0,0.0,0.0
2017-04-21 23:00:00,0.96,0.0,0.0
2017-04-22 00:00:00,0.83,0.0,0.0
2017-04-22 01:00:00,0.78,0.0,0.0
2017-04-22 02:00:00,0.78,0.0,0.0
2017-04-22 03:00:00,0.77,0.0,0.0
2017-04-22 04:00:00,1.0,0.0,0.0
2017-04-22 05:00:00,1.0,9.939231,0.7966666666666666
2017-04-22 06:00:00,1.0,76.53208,1.0
2017-04-22 07:00:00,1.0,129.03717,1.0
2017-04-22 08:00:00,1.0,300.46774,1.0
2017-04-22 09:00:00,0.92,631.7153,1.0
2017-04-22 10:00:00,0.17,883.36566,1.0
2017-04-22 11:00:00,0.27,967.7087,1.0
2017-04-22 12:00:00,0.09,1045.3221,1.0
2017-04-22 13:00:00,0.03,932.27594,1.0
2017-04-22 14:00:00,0.02,762.9371,1.0
2017-04-22 15:00:00,0.04,594.9474,1.0
2017-04-22 16:00:00,0.0,385.22955,1.0
2017-04-22 17:00:00,0.0,154.5215,1.0
2017-04-22 18:00:00,0.03,15.093056,0.7636111111111111
2017-04-22 19:00:00,0.0,0.0,0.0
2017-04-22 20:00:00,0.0,0.0,0.0
2017-04-22 21:00:00,0.0,0.0,0.0
2017-04-22 22:00:00,0.02,0.0,0.0
2017-04-22 23:00:00,0.17,0.0,0.0
2017-04-23 00:00:00,0.44,0.0,0.0
2017-04-23 01:00:00,0.43,0.0,0.0
2017-04-23 02:00:00,0.45,0.0,0.0
2017-04-23 03:00:00,0.05,0.0,0.0
2017-04-23 04:00:00,0.0,0.0,0.0
2017-04-23 05:00:00,0.31,30.677553,0.8197222222222222
2017-04-23 06:00:00,0.84,199.17761,1.0
2017-04-23 07:00:00,1.0,383.2521,1.0
2017-04-23 08:00:00,1.0,579.7102,1.0
2017-04-23 09:00:00,1.0,750.5212,1.0
2017-04-23 10:00:00,0.92,948.2949,1.0
2017-04-23 11:00:00,1.0,953.49567,1.0
2017-04-23 12:00:00,1.0,947.57697,1.0
2017-04-23 13:00:00,1.0,819.3918,1.0
2017-04-23 14:00:00,0.94,727.2018,1.0
2017-04-23 15:00:00,0.66,570.9814,1.0
2017-04-23 16:00:00,0.61,368.4782,1.0
2017-04-23 17:00:00,0.59,145.00919,1.0
2017-04-23 18:00:00,0.77,15.983538,0.7805555555555556
2017-04-23 19:00:00,0.62,0.0,0.0
2017-04-23 20:00:00,0.74,0.0,0.0
2017-04-23 21:00:00,0.24,0.0,0.0
2017-04-23 22:00:00,0.16,0.0,0.0
2017-04-23 23:00:00,0.0,0.0,0.0
2017-04-24 00:00:00,0.69,0.0,0.0
2017-04-24 01:00:00,0.91,0.0,0.0
2017-04-24 02:00:00,0.59,0.0,0.0
2017-04-24 03:00:00,0.48,0.0,0.0
2017-04-24 04:00:00,0.0,0.0,0.0
2017-04-24 05:00:00,0.11,38.38441,0.8422222222222222
2017-04-24 06:00:00,0.37,220.7468,1.0
2017-04-24 07:00:00,0.0,459.81497,1.0
2017-04-24 08:00:00,0.23,669.081,1.0
2017-04-24 09:00:00,0.15,827.96356,1.0
2017-04-24 10:00:00,0.34,936.5185,1.0
2017-04-24 11:00:00,0.54,890.7353,1.0
2017-04-24 12:00:00,0.7,785.2213,1.0
2017-04-24 13:00:00,0.76,752.58203,1.0
2017-04-24 14:00:00,0.96,616.14124,1.0
2017-04-24 15:00:00,0.95,447.48877,1.0
2017-04-24 16:00:00,0.86,308.52,1.0
2017-04-24 17:00:00,1.0,113.16691,1.0
2017-04-24 18:00:00,0.94,18.324184,0.7975
2017-04-24 19:00:00,0.26,0.0,0.0
2017-04-24 20:00:00,0.41,0.0,0.0
2017-04-24 21:00:00,0.45,0.0,0.0
2017-04-24 22:00:00,0.49,0.0,0.0
2017-04-24 23:00:00,0.95,0.0,0.0
2017-04-25 00:00:00,0.57,0.0,0.0
2017-04-25 01:00:00,1.0,0.0,0.0
2017-04-25 02:00:00,1.0,0.0,0.0
2017-04-25 03:00:00,0.0,0.0,0.0
2017-04-25 04:00:00,0.01,0.0,0.0
2017-04-25 05:00:00,0.0,41.219604,0.8647222222222222
2017-04-25 06:00:00,0.16,235.82195,1.0
2017-04-25 07:00:00,0.41,474.38977,1.0
2017-04-25 08:00:00,1.0,623.06665,1.0
2017-04-25 09:00:00,0.86,845.2907,1.0
2017-04-25 10:00:00,0.58,966.2861,1.0
2017-04-25 11:00:00,0.44,973.0494,1.0
2017-04-25 12:00:00,0.64,846.4437,1.0
2017-04-25 13:00:00,0.81,628.99023,1.0
2017-04-25 14:00:00,0.98,370.98044,1.0
2017-04-25 15:00:00,0.99,190.68982,1.0
2017-04-25 16:00:00,1.0,164.85571,1.0
2017-04-25 17:00:00,0.99,82.713776,1.0
2017-04-25 18:00:00,1.0,10.029911,0.8141666666666667
2017-04-25 19:00:00,1.0,0.0,0.0
2017-04-25 20:00:00,1.0,0.0,0.0
2017-04-25 21:00:00,1.0,0.0,0.0
2017-04-25 22:00:00,1.0,0.0,0.0
2017-04-25 23:00:00,1.0,0.0,0.0
2017-04-26 00:00:00,0.58,0.0,0.0
2017-04-26 01:00:00,0.16,0.0,0.0
2017-04-26 02:00:00,0.02,0.0,0.0
2017-04-26 03:00:00,0.0,0.0,0.0
2017-04-26 04:00:00,0.01,0.0,0.0
2017-04-26 05:00:00,0.03,34.730736,0.8869444444444444
2017-04-26 06:00:00,0.25,225.83154,1.0
2017-04-26 07:00:00,0.15,433.77106,1.0
2017-04-26 08:00:00,0.24,613.3274,1.0
2017-04-26 09:00:00,0.0,858.03516,1.0
2017-04-26 10:00:00,0.5,975.88434,1.0
2017-04-26 11:00:00,0.54,1015.2632,1.0
2017-04-26 12:00:00,0.54,908.7243,1.0
2017-04-26 13:00:00,0.77,775.6046,1.0
2017-04-26 14:00:00,0.48,633.2999,1.0
2017-04-26 15:00:00,0.6,475.1163,1.0
2017-04-26 16:00:00,0.74,303.29648,1.0
2017-04-26 17:00:00,0.31,165.03226,1.0
2017-04-26 18:00:00,0.6,18.315365,0.8311111111111111
2017-04-26 19:00:00,0.77,0.0,0.0
2017-04-26 20:00:00,0.99,0.0,0.0
2017-04-26 21:00:00,1.0,0.0,0.0
2017-04-26 22:00:00,1.0,0.0,0.0
2017-04-26 23:00:00,1.0,0.0,0.0
2017-04-27 00:00:00,0.85,0.0,0.0
2017-04-27 01:00:00,0.99,0.0,0.0
2017-04-27 02:00:00,1.0,0.0,0.0
2017-04-27 03:00:00,1.0,0.0,0.0
2017-04-27 04:00:00,1.0,0.0,0.0
2017-04-27 05:00:00,1.0,14.908846,0.9091666666666667
2017-04-27 06:00:00,0.71,154.66142,1.0
2017-04-27 07:00:00,0.84,347.78793,1.0
2017-04-27 08:00:00,0.99,440.49704,1.0
2017-04-27 09:00:00,0.98,486.95563,1.0
2017-04-27 10:00:00,0.97,487.04602,1.0
2017-04-27 11:00:00,1.0,509.22104,1.0
2017-04-27 12:00:00,0.84,815.9659,1.0
2017-04-27 13:00:00,0.91,677.1283,1.0
2017-04-27 14:00:00,0.78,572.50104,1.0
2017-04-27 15:00:00,0.59,453.62506,1.0
2017-04-27 16:00:00,0.69,272.33246,1.0
2017-04-27 17:00:00,0.66,134.12144,1.0
2017-04-27 18:00:00,0.43,16.680271,0.8480555555555556
2017-04-27 19:00:00,0.47,0.0,0.0
2017-04-27 20:00:00,0.57,0.0,0.0
2017-04-27 21:00:00,0.45,0.0,0.0
2017-04-27 22:00:00,0.7,0.0,0.0
2017-04-27 23:00:00,0.64,0.0,0.0
2017-04-28 00:00:00,0.76,0.0,0.0
2017-04-28 01:00:00,0.9,0.0,0.0
2017-04-28 02:00:00,0.86,0.0,0.0
2017-04-28 03:00:00,0.07,0.0,0.0
2017-04-28 04:00:00,0.08,0.0,0.0
2017-04-28 05:00:00,0.04,47.463577,0.9308333333333333
2017-04-28 06:00:00,0.0,238.6164,1.0
2017-04-28 07:00:00,0.01,487.42188,1.0
2017-04-28 08:00:00,0.02,709.5036,1.0
2017-04-28 09:00:00,0.4,843.34424,1.0
2017-04-28 10:00:00,0.55,841.6771,1.0
2017-04-28 11:00:00,0.76,831.43585,1.0
2017-04-28 12:00:00,0.77,698.34296,1.0
2017-04-28 13:00:00,0.73,608.89606,1.0
2017-04-28 14:00:00,0.75,611.61633,1.0
2017-04-28 15:00:00,0.99,400.18207,1.0
2017-04-28 16:00:00,0.92,186.2391,1.0
2017-04-28 17:00:00,0.99,20.872385,1.0
2017-04-28 18:00:00,1.0,3.9756923,0.8647222222222222
2017-04-28 19:00:00,1.0,0.0,0.0
2017-04-28 20:00:00,1.0,0.0,0.0
2017-04-28 21:00:00,1.0,0.0,0.0
2017-04-28 22:00:00,1.0,0.0,0.0
2017-04-28 23:00:00,1.0,0.0,0.0
2017-04-29 00:00:00,1.0,0.0,0.0
2017-04-29 01:00:00,1.0,0.0,0.0
2017-04-29 02:00:00,1.0,0.0,0.0
2017-04-29 03:00:00,1.0,0.0,0.0
2017-04-29 04:00:00,1.0,0.0,0.0
2017-04-29 05:00:00,1.0,24.848078,0.9522222222222222
2017-04-29 06:00:00,1.0,77.526,1.0
2017-04-29 07:00:00,1.0,249.17027,1.0
2017-04-29 08:00:00,1.0,347.07584,1.0
2017-04-29 09:00:00,1.0,421.55588,1.0
2017-04-29 10:00:00,1.0,462.3573,1.0
2017-04-29 11:00:00,1.0,578.7067,1.0
2017-04-29 12:00:00,1.0,576.354,1.0
2017-04-29 13:00:00,1.0,634.14435,1.0
2017-04-29 14:00:00,1.0,442.4498,1.0
2017-04-29 15:00:00,1.0,339.88916,1.0
2017-04-29 16:00:00,1.0,273.54953,1.0
2017-04-29 17:00:00,1.0,125.669365,1.0
2017-04-29 18:00:00,1.0,25.842,0.8816666666666667
2017-04-29 19:00:00,1.0,0.0,0.0
2017-04-29 20:00:00,1.0,0.0,0.0
2017-04-29 21:00:00,1.0,0.0,0.0
2017-04-29 22:00:00,0.87,0.0,0.0
2017-04-29 23:00:00,0.22,0.0,0.0
2017-04-30 00:00:00,0.05,0.0,0.0
2017-04-30 01:00:00,0.05,0.0,0.0
2017-04-30 02:00:00,0.0,0.0,0.0
2017-04-30 03:00:00,0.0,0.0,0.0
2017-04-30 04:00:00,0.21,0.0,0.0
2017-04-30 05:00:00,0.07,53.850506,0.9733333333333334
2017-04-30 06:00:00,0.97,265.88177,1.0
2017-04-30 07:00:00,0.01,527.47925,1.0
2017-04-30 08:00:00,0.0,758.5888,1.0
2017-04-30 09:00:00,0.01,946.5149,1.0
2017-04-30 10:00:00,0.34,1066.3281,1.0
2017-04-30 11:00:00,0.53,1121.1406,1.0
2017-04-30 12:00:00,0.45,1104.2695,1.0
2017-04-30 13:00:00,0.05,1015.2894,1.0
2017-04-30 14:00:00,0.0,864.808,1.0
2017-04-30 15:00:00,0.0,666.1151,1.0
2017-04-30 16:00:00,0.0,432.53613,1.0
2017-04-30 17:00:00,0.01,196.92157,1.0
2017-04-30 18:00:00,0.01,26.483847,0.8983333333333333
2017-04-30 19:00:00,0.16,0.0,0.0
2017-04-30 20:00:00,0.0,0.0,0.0
2017-04-30 21:00:00,0.02,0.0,0.0
2017-04-30 22:00:00,0.01,0.0,0.0
2017-04-30 23:00:00,0.14,0.0,0.0
2017-05-01 00:00:00,0.79,0.0,0.0
2017-05-01 01:00:00,0.65,0.0,0.0
2017-05-01 02:00:00,0.3,0.0,0.0
2017-05-01 03:00:00,0.14,0.0,0.0
2017-05-01 04:00:00,0.13,0.0,0.0
2017-05-01 05:00:00,0.04,57.61981,0.9941666666666666
2017-05-01 06:00:00,0.12,256.45892,1.0
2017-05-01 07:00:00,0.2,436.44052,1.0
2017-05-01 08:00:00,0.25,644.23193,1.0
2017-05-01 09:00:00,0.47,768.9863,1.0
2017-05-01 10:00:00,0.45,881.0873,1.0
2017-05-01 11:00:00,0.6,966.2226,1.0
2017-05-01 12:00:00,0.73,923.3817,1.0
2017-05-01 13:00:00,0.6,875.26306,1.0
2017-05-01 14:00:00,0.81,745.5297,1.0
2017-05-01 15:00:00,0.68,514.2838,1.0
2017-05-01 16:00:00,0.5,339.65042,1.0
2017-05-01 17:00:00,0.32,161.04208,1.0
2017-05-01 18:00:00,0.24,21.915781,0.915
2017-05-01 19:00:00,0.47,0.0,0.0
2017-05-01 20:00:00,0.45,0.0,0.0
2017-05-01 21:00:00,0.02,0.0,0.0
2017-05-01 22:00:00,0.18,0.0,0.0
2017-05-01 23:00:00,0.45,0.0,0.0
2017-05-02 00:00:00,0.17,0.0,0.0
2017-05-02 01:00:00,0.13,0.0,0.0
2017-05-02 02:00:00,0.01,0.0,0.0
2017-05-02 03:00:00,0.01,0.0,0.0
2017-05-02 04:00:00,0.3,0.0,0.014722222222222222
2017-05-02 05:00:00,0.79,40.66296,1.0
2017-05-02 06:00:00,0.51,197.2531,1.0
2017-05-02 07:00:00,0.39,438.21942,1.0
2017-05-02 08:00:00,0.13,676.349,1.0
2017-05-02 09:00:00,0.62,822.71344,1.0
2017-05-02 10:00:00,0.92,734.54553,1.0
2017-05-02 11:00:00,0.97,860.4536,1.0
2017-05-02 12:00:00,0.8,726.46124,1.0
2017-05-02 13:00:00,0.86,413.79645,1.0
2017-05-02 14:00:00,0.99,356.8379,1.0
2017-05-02 15:00:00,0.93,294.261,1.0
2017-05-02 16:00:00,1.0,187.60408,1.0
2017-05-02 17:00:00,0.93,112.38536,1.0
2017-05-02 18:00:00,0.96,19.351576,0.9316666666666666
2017-05-02 19:00:00,0.9,0.0,0.0
2017-05-02 20:00:00,0.95,0.0,0.0
2017-05-02 21:00:00,0.76,0.0,0.0
2017-05-02 22:00:00,0.42,0.0,0.0
2017-05-02 23:00:00,0.04,0.0,0.0
2017-05-03 00:00:00,0.01,0.0,0.0
2017-05-03 01:00:00,0.04,0.0,0.0
2017-05-03 02:00:00,0.13,0.0,0.0
2017-05-03 03:00:00,0.39,0.0,0.0
2017-05-03 04:00:00,0.09,0.0,0.034722222222222224
2017-05-03 05:00:00,0.69,39.44895,1.0
2017-05-03 06:00:00,1.0,71.22219,1.0
2017-05-03 07:00:00,0.9,86.10225,1.0
2017-05-03 08:00:00,0.94,329.88443,1.0
2017-05-03 09:00:00,0.95,549.2234,1.0
2017-05-03 10:00:00,1.0,407.52994,1.0
2017-05-03 11:00:00,1.0,368.998,1.0
2017-05-03 12:00:00,0.65,736.51697,1.0
2017-05-03 13:00:00,0.44,804.22156,1.0
2017-05-03 14:00:00,0.05,746.2811,1.0
2017-05-03 15:00:00,0.04,575.25256,1.0
2017-05-03 16:00:00,0.0,397.61224,1.0
2017-05-03 17:00:00,0.0,168.48337,1.0
2017-05-03 18:00:00,0.05,21.258871,0.9483333333333334
2017-05-03 19:00:00,0.54,0.0,0.0
2017-05-03 20:00:00,0.54,0.0,0.0
2017-05-03 21:00:00,0.69,0.0,0.0
2017-05-03 22:00:00,0.62,0.0,0.0
2017-05-03 23:00:00,0.4,0.0,0.0
2017-05-04 00:00:00,0.48,0.0,0.0
2017-05-04 01:00:00,0.21,0.0,0.0
2017-05-04 02:00:00,0.01,0.0,0.0
2017-05-04 03:00:00,0.0,0.0,0.0
2017-05-04 04:00:00,0.0,0.0,0.05444444444444444
2017-05-04 05:00:00,0.0,56.68186,1.0
2017-05-04 06:00:00,0.0,251.1149,1.0
2017-05-04 07:00:00,0.0,480.93082,1.0
2017-05-04 08:00:00,0.0,696.3035,1.0
2017-05-04 09:00:00,0.0,872.06384,1.0
2017-05-04 10:00:00,0.0,990.719,1.0
2017-05-04 11:00:00,0.0,1043.8733,1.0
2017-05-04 12:00:00,0.0,1026.4756,1.0
2017-05-04 13:00:00,0.0,944.0654,1.0
2017-05-04 14:00:00,0.24,771.2894,1.0
2017-05-04 15:00:00,0.33,605.62036,1.0
2017-05-04 16:00:00,0.17,393.09204,1.0
2017-05-04 17:00:00,0.09,175.82529,1.0
2017-05-04 18:00:00,0.0,22.350668,0.9647222222222223
2017-05-04 19:00:00,0.0,0.0,0.0
2017-05-04 20:00:00,0.0,0.0,0.0
2017-05-04 21:00:00,0.0,0.0,0.0
2017-05-04 22:00:00,0.0,0.0,0.0
2017-05-04 23:00:00,0.0,0.0,0.0
2017-05-05 00:00:00,0.0,0.0,0.0
2017-05-05 01:00:00,0.0,0.0,0.0
2017-05-05 02:00:00,0.0,0.0,0.0
2017-05-05 03:00:00,0.0,0.0,0.0
2017-05-05 04:00:00,0.0,0.0,0.07388888888888889
2017-05-05 05:00:00,0.0,59.347404,1.0
2017-05-05 06:00:00,0.0,254.7025,1.0
2017-05-05 07:00:00,0.0,482.30972,1.0
2017-05-05 08:00:00,0.0,696.6903,1.0
2017-05-05 09:00:00,0.0,871.494,1.0
2017-05-05 10:00:00,0.0,989.1271,1.0
2017-05-05 11:00:00,0.01,1006.6412,1.0
2017-05-05 12:00:00,0.02,1025.9062,1.0
2017-05-05 13:00:00,0.11,939.99255,1.0
2017-05-05 14:00:00,0.27,769.91394,1.0
2017-05-05 15:00:00,0.07,600.4407,1.0
2017-05-05 16:00:00,0.13,391.5874,1.0
2017-05-05 17:00:00,0.02,181.52504,1.0
2017-05-05 18:00:00,0.21,23.696054,0.9811111111111112
2017-05-05 19:00:00,0.07,0.0,0.0
2017-05-05 20:00:00,0.11,0.0,0.0
2017-05-05 21:00:00,0.18,0.0,0.0
2017-05-05 22:00:00,0.04,0.0,0.0
2017-05-05 23:00:00,0.02,0.0,0.0
2017-05-06 00:00:00,0.0,0.0,0.0
2017-05-06 01:00:00,0.0,0.0,0.0
2017-05-06 02:00:00,0.0,0.0,0.0
2017-05-06 03:00:00,0.0,0.0,0.0
2017-05-06 04:00:00,0.0,0.0,0.0925
2017-05-06 05:00:00,0.0,62.963436,1.0
2017-05-06 06:00:00,0.0,259.28888,1.0
2017-05-06 07:00:00,0.0,486.8526,1.0
2017-05-06 08:00:00,0.0,698.99316,1.0
2017-05-06 09:00:00,0.0,854.72363,1.0
2017-05-06 10:00:00,0.7,932.085,1.0
2017-05-06 11:00:00,0.6,770.47034,1.0
2017-05-06 12:00:00,0.33,841.50134,1.0
2017-05-06 13:00:00,0.64,791.41223,1.0
2017-05-06 14:00:00,0.97,585.7883,1.0
2017-05-06 15:00:00,0.75,542.5302,1.0
2017-05-06 16:00:00,0.85,299.407,1.0
2017-05-06 17:00:00,0.75,160.92644,1.0
2017-05-06 18:00:00,0.36,27.723166,0.9975
2017-05-06 19:00:00,0.97,0.0,0.0
2017-05-06 20:00:00,0.98,0.0,0.0
2017-05-06 21:00:00,0.0,0.0,0.0
2017-05-06 22:00:00,0.41,0.0,0.0
2017-05-06 23:00:00,0.37,0.0,0.0
2017-05-07 00:00:00,0.84,0.0,0.0
2017-05-07 01:00:00,0.36,0.0,0.0
2017-05-07 02:00:00,0.78,0.0,0.0
2017-05-07 03:00:00,0.55,0.0,0.0
2017-05-07 04:00:00,0.69,0.0,0.11083333333333334
2017-05-07 05:00:00,0.86,52.0055,1.0
2017-05-07 06:00:00,0.99,145.12508,1.0
2017-05-07 07:00:00,1.0,254.44176,1.0
2017-05-07 08:00:00,1.0,332.463,1.0
2017-05-07 09:00:00,1.0,515.9841,1.0
2017-05-07 10:00:00,0.97,792.07574,1.0
2017-05-07 11:00:00,0.95,687.5443,1.0
2017-05-07 12:00:00,0.94,573.0259,1.0
2017-05-07 13:00:00,0.95,510.68307,1.0
2017-05-07 14:00:00,0.94,585.5658,1.0
2017-05-07 15:00:00,0.95,444.72012,1.0
2017-05-07 16:00:00,1.0,171.99904,1.0
2017-05-07 17:00:00,0.97,157.74754,1.0
2017-05-07 18:00:00,0.91,25.51855,1.0
2017-05-07 19:00:00,1.0,0.0,0.01361111111111111
2017-05-07 20:00:00,0.94,0.0,0.0
2017-05-07 21:00:00,0.87,0.0,0.0
2017-05-07 22:00:00,0.42,0.0,0.0
2017-05-07 23:00:00,0.14,0.0,0.0
2017-05-08 00:00:00,0.0,0.0,0.0
2017-05-08 01:00:00,0.0,0.0,0.0
2017-05-08 02:00:00,0.0,0.0,0.0
2017-05-08 03:00:00,0.0,0.0,0.0
2017-05-08 04:00:00,0.0,0.0,0.12861111111111112
2017-05-08 05:00:00,0.0,66.28239,1.0
2017-05-08 06:00:00,0.02,265.3257,1.0
2017-05-08 07:00:00,0.01,493.89764,1.0
2017-05-08 08:00:00,0.28,699.0926,1.0
2017-05-08 09:00:00,0.81,751.45935,1.0
2017-05-08 10:00:00,0.97,773.4652,1.0
2017-05-08 11:00:00,1.0,520.4046,1.0
2017-05-08 12:00:00,0.98,684.99115,1.0
2017-05-08 13:00:00,1.0,307.4227,1.0
2017-05-08 14:00:00,0.88,399.2114,1.0
2017-05-08 15:00:00,0.99,255.51743,1.0
2017-05-08 16:00:00,1.0,167.6224,1.0
2017-05-08 17:00:00,1.0,40.750847,1.0
2017-05-08 18:00:00,1.0,7.9513845,1.0
2017-05-08 19:00:00,1.0,0.0,0.029722222222222223
2017-05-08 20:00:00,1.0,0.0,0.0
2017-05-08 21:00:00,1.0,0.0,0.0
2017-05-08 22:00:00,0.96,0.0,0.0
2017-05-08 23:00:00,0.98,0.0,0.0
2017-05-09 00:00:00,1.0,0.0,0.0
2017-05-09 01:00:00,1.0,0.0,0.0
2017-05-09 02:00:00,1.0,0.0,0.0
2017-05-09 03:00:00,1.0,0.0,0.0
2017-05-09 04:00:00,0.98,0.0,0.1461111111111111
2017-05-09 05:00:00,0.47,53.870964,1.0
2017-05-09 06:00:00,0.97,184.43675,1.0
2017-05-09 07:00:00,1.0,371.26346,1.0
2017-05-09 08:00:00,0.94,560.40137,1.0
2017-05-09 09:00:00,0.99,753.0093,1.0
2017-05-09 10:00:00,0.97,745.2628,1.0
2017-05-09 11:00:00,0.81,900.7349,1.0
2017-05-09 12:00:00,0.93,595.2195,1.0
2017-05-09 13:00:00,0.99,413.86792,1.0
2017-05-09 14:00:00,1.0,414.49567,1.0
2017-05-09 15:00:00,0.99,479.3118,1.0
2017-05-09 16:00:00,1.0,204.30675,1.0
2017-05-09 17:00:00,1.0,93.17182,1.0
2017-05-09 18:00:00,1.0,22.860231,1.0
2017-05-09 19:00:00,1.0,0.0,0.04555555555555556
2017-05-09 20:00:00,1.0,0.0,0.0
2017-05-09 21:00:00,1.0,0.0,0.0
2017-05-09 22:00:00,0.99,0.0,0.0
2017-05-09 23:00:00,1.0,0.0,0.0
2017-05-10 00:00:00,1.0,0.0,0.0
2017-05-10 01:00:00,1.0,0.0,0.0
2017-05-10 02:00:00,1.0,0.0,0.0
2017-05-10 03:00:00,0.98,0.0,0.0
2017-05-10 04:00:00,0.08,0.0,0.16305555555555556
2017-05-10 05:00:00,0.26,45.367397,1.0
2017-05-10 06:00:00,1.0,49.696156,1.0
2017-05-10 07:00:00,0.95,97.07961,1.0
2017-05-10 08:00:00,0.99,108.337616,1.0
2017-05-10 09:00:00,1.0,185.82726,1.0
2017-05-10 10:00:00,1.0,174.23482,1.0
2017-05-10 11:00:00,1.0,198.98087,1.0
2017-05-10 12:00:00,1.0,148.09454,1.0
2017-05-10 13:00:00,1.0,244.657,1.0
2017-05-10 14:00:00,0.99,182.90337,1.0
2017-05-10 15:00:00,1.0,167.97299,1.0
2017-05-10 16:00:00,0.99,111.08081,1.0
2017-05-10 17:00:00,0.96,14.908846,1.0
2017-05-10 18:00:00,1.0,12.921,1.0
2017-05-10 19:00:00,0.99,0.0,0.06166666666666667
2017-05-10 20:00:00,1.0,0.0,0.0
2017-05-10 21:00:00,1.0,0.0,0.0
2017-05-10 22:00:00,1.0,0.0,0.0
2017-05-10 23:00:00,1.0,0.0,0.0
2017-05-11 00:00:00,1.0,0.0,0.0
2017-05-11 01:00:00,0.99,0.0,0.0
2017-05-11 02:00:00,0.95,0.0,0.0
2017-05-11 03:00:00,0.91,0.0,0.0
2017-05-11 04:00:00,1.0,0.0,0.17972222222222223
2017-05-11 05:00:00,1.0,27.096172,1.0
2017-05-11 06:00:00,0.66,93.40504,1.0
2017-05-11 07:00:00,0.49,214.59792,1.0
2017-05-11 08:00:00,0.59,213.22261,1.0
2017-05-11 09:00:00,0.48,455.919,1.0
2017-05-11 10:00:00,0.64,604.9244,1.0
2017-05-11 11:00:00,1.0,552.17694,1.0
2017-05-11 12:00:00,1.0,715.95325,1.0
2017-05-11 13:00:00,0.83,855.9829,1.0
2017-05-11 14:00:00,0.82,647.14966,1.0
2017-05-11 15:00:00,0.0,533.79407,1.0
2017-05-11 16:00:00,0.2,395.31375,1.0
2017-05-11 17:00:00,0.01,192.4327,1.0
2017-05-11 18:00:00,0.02,29.31792,1.0
2017-05-11 19:00:00,0.0,0.0,0.0775
2017-05-11 20:00:00,0.04,0.0,0.0
2017-05-11 21:00:00,0.0,0.0,0.0
2017-05-11 22:00:00,0.0,0.0,0.0
2017-05-11 23:00:00,0.0,0.0,0.0
2017-05-12 00:00:00,0.0,0.0,0.0
2017-05-12 01:00:00,0.0,0.0,0.0
2017-05-12 02:00:00,0.0,0.0,0.0
2017-05-12 03:00:00,0.0,0.0,0.0
2017-05-12 04:00:00,0.0,0.0,0.19583333333333333
2017-05-12 05:00:00,0.0,74.71828,1.0
2017-05-12 06:00:00,0.0,274.76913,1.0
2017-05-12 07:00:00,0.0,501.6063,1.0
2017-05-12 08:00:00,0.0,712.31854,1.0
2017-05-12 09:00:00,0.0,883.6839,1.0
2017-05-12 10:00:00,0.0,999.15295,1.0
2017-05-12 11:00:00,0.0,1041.0565,1.0
2017-05-12 12:00:00,0.01,978.9143,1.0
2017-05-12 13:00:00,0.51,901.5643,1.0
2017-05-12 14:00:00,0.5,688.4566,1.0
2017-05-12 15:00:00,0.61,517.9459,1.0
2017-05-12 16:00:00,0.42,369.2959,1.0
2017-05-12 17:00:00,0.45,122.61917,1.0
2017-05-12 18:00:00,0.95,32.171234,1.0
2017-05-12 19:00:00,0.5,0.0,0.09333333333333334
2017-05-12 20:00:00,0.44,0.0,0.0
2017-05-12 21:00:00,0.0,0.0,0.0
2017-05-12 22:00:00,0.04,0.0,0.0
2017-05-12 23:00:00,0.01,0.0,0.0
2017-05-13 00:00:00,0.0,0.0,0.0
2017-05-13 01:00:00,0.3,0.0,0.0
2017-05-13 02:00:00,0.43,0.0,0.0
2017-05-13 03:00:00,0.34,0.0,0.0
2017-05-13 04:00:00,0.63,0.0,0.21166666666666667
2017-05-13 05:00:00,0.26,75.5258,1.0
2017-05-13 06:00:00,0.0,274.2798,1.0
2017-05-13 07:00:00,0.0,496.8345,1.0
2017-05-13 08:00:00,0.0,704.23926,1.0
2017-05-13 09:00:00,0.0,871.1384,1.0
2017-05-13 10:00:00,0.75,881.59717,1.0
2017-05-13 11:00:00,0.35,912.65704,1.0
2017-05-13 12:00:00,0.16,956.6141,1.0
2017-05-13 13:00:00,0.17,867.06726,1.0
2017-05-13 14:00:00,0.67,666.2611,1.0
2017-05-13 15:00:00,0.68,492.68365,1.0
2017-05-13 16:00:00,0.67,362.29163,1.0
2017-05-13 17:00:00,0.64,172.78694,1.0
2017-05-13 18:00:00,0.58,31.624249,1.0
2017-05-13 19:00:00,0.01,0.0,0.10944444444444444
2017-05-13 20:00:00,0.0,0.0,0.0
2017-05-13 21:00:00,0.0,0.0,0.0
2017-05-13 22:00:00,0.0,0.0,0.0
2017-05-13 23:00:00,0.0,0.0,0.0
2017-05-14 00:00:00,0.0,0.0,0.0
2017-05-14 01:00:00,0.0,0.0,0.0
2017-05-14 02:00:00,0.0,0.0,0.0
2017-05-14 03:00:00,0.0,0.0,0.0
2017-05-14 04:00:00,0.0,0.0,0.22722222222222221
2017-05-14 05:00:00,0.0,78.79255,1.0
2017-05-14 06:00:00,0.0,281.0516,1.0
2017-05-14 07:00:00,0.0,506.75818,1.0
2017-05-14 08:00:00,0.0,716.36664,1.0
2017-05-14 09:00:00,0.0,888.5778,1.0
2017-05-14 10:00:00,0.0,981.3726,1.0
2017-05-14 11:00:00,0.21,952.12177,1.0
2017-05-14 12:00:00,0.48,929.5096,1.0
2017-05-14 13:00:00,0.54,855.2553,1.0
2017-05-14 14:00:00,0.72,710.3698,1.0
2017-05-14 15:00:00,0.51,554.8475,1.0
2017-05-14 16:00:00,0.96,314.75446,1.0
2017-05-14 17:00:00,1.0,170.01791,1.0
2017-05-14 18:00:00,0.95,38.98492,1.0
2017-05-14 19:00:00,0.55,0.0,0.12527777777777777
2017-05-14 20:00:00,0.46,0.0,0.0
2017-05-14 21:00:00,0.88,0.0,0.0
2017-05-14 22:00:00,0.58,0.0,0.0
2017-05-14 23:00:00,0.1,0.0,0.0
2017-05-15 00:00:00,0.26,0.0,0.0
2017-05-15 01:00:00,0.52,0.0,0.0
2017-05-15 02:00:00,0.74,0.0,0.0
2017-05-15 03:00:00,1.0,0.0,0.0
2017-05-15 04:00:00,1.0,0.0,0.2425
2017-05-15 05:00:00,0.91,68.69355,1.0
2017-05-15 06:00:00,0.92,214.03136,1.0
2017-05-15 07:00:00,0.96,379.07336,1.0
2017-05-15 08:00:00,0.96,576.15515,1.0
2017-05-15 09:00:00,0.75,783.50323,1.0
2017-05-15 10:00:00,0.2,971.9435,1.0
2017-05-15 11:00:00,0.46,959.6737,1.0
2017-05-15 12:00:00,0.4,917.14764,1.0
2017-05-15 13:00:00,0.36,880.3634,1.0
2017-05-15 14:00:00,0.44,743.17816,1.0
2017-05-15 15:00:00,0.49,548.12775,1.0
2017-05-15 16:00:00,0.61,339.3423,1.0
2017-05-15 17:00:00,0.28,186.37302,1.0
2017-05-15 18:00:00,0.83,38.65614,1.0
2017-05-15 19:00:00,0.0,0.0,0.14083333333333334
2017-05-15 20:00:00,0.0,0.0,0.0
2017-05-15 21:00:00,0.65,0.0,0.0
2017-05-15 22:00:00,0.05,0.0,0.0
2017-05-15 23:00:00,0.0,0.0,0.0
2017-05-16 00:00:00,0.06,0.0,0.0
2017-05-16 01:00:00,0.0,0.0,0.0
2017-05-16 02:00:00,0.0,0.0,0.0
2017-05-16 03:00:00,0.0,0.0,0.0
2017-05-16 04:00:00,0.0,0.0,0.25722222222222224
2017-05-16 05:00:00,0.0,83.70931,1.0
2017-05-16 06:00:00,0.0,290.4219,1.0
2017-05-16 07:00:00,0.0,519.28503,1.0
2017-05-16 08:00:00,0.0,714.5979,1.0
2017-05-16 09:00:00,0.12,795.7967,1.0
2017-05-16 10:00:00,0.36,864.22095,1.0
2017-05-16 11:00:00,0.54,964.04694,1.0
2017-05-16 12:00:00,0.5,720.63275,1.0
2017-05-16 13:00:00,0.68,713.16425,1.0
2017-05-16 14:00:00,0.79,612.1422,1.0
2017-05-16 15:00:00,0.91,426.14,1.0
2017-05-16 16:00:00,0.98,223.46442,1.0
2017-05-16 17:00:00,0.94,109.77611,1.0
2017-05-16 18:00:00,1.0,34.95184,1.0
2017-05-16 19:00:00,1.0,0.0,0.15666666666666668
2017-05-16 20:00:00,1.0,0.0,0.0
2017-05-16 21:00:00,1.0,0.0,0.0
2017-05-16 22:00:00,1.0,0.0,0.0
2017-05-16 23:00:00,0.99,0.0,0.0
2017-05-17 00:00:00,1.0,0.0,0.0
2017-05-17 01:00:00,0.99,0.0,0.0
2017-05-17 02:00:00,0.99,0.0,0.0
2017-05-17 03:00:00,0.92,0.0,0.0
2017-05-17 04:00:00,0.58,0.0,0.2713888888888889
2017-05-17 05:00:00,0.0,83.4259,1.0
2017-05-17 06:00:00,0.02,275.0311,1.0
2017-05-17 07:00:00,1.0,396.60837,1.0
2017-05-17 08:00:00,0.99,539.6196,1.0
2017-05-17 09:00:00,1.0,713.6454,1.0
2017-05-17 10:00:00,0.79,919.7367,1.0
2017-05-17 11:00:00,0.82,908.56287,1.0
2017-05-17 12:00:00,0.91,911.4243,1.0
2017-05-17 13:00:00,0.7,829.3335,1.0
2017-05-17 14:00:00,0.71,630.51263,1.0
2017-05-17 15:00:00,0.99,376.38654,1.0
2017-05-17 16:00:00,0.91,207.3949,1.0
2017-05-17 17:00:00,0.76,167.176,1.0
2017-05-17 18:00:00,0.89,29.508163,1.0
2017-05-17 19:00:00,0.95,0.0,0.17222222222222222
2017-05-17 20:00:00,1.0,0.0,0.0
2017-05-17 21:00:00,1.0,0.0,0.0
2017-05-17 22:00:00,1.0,0.0,0.0
2017-05-17 23:00:00,1.0,0.0,0.0
2017-05-18 00:00:00,0.99,0.0,0.0
2017-05-18 01:00:00,0.99,0.0,0.0
2017-05-18 02:00:00,1.0,0.0,0.0
2017-05-18 03:00:00,1.0,0.0,0.0
2017-05-18 04:00:00,1.0,0.0,0.2852777777777778
2017-05-18 05:00:00,1.0,4.9696155,1.0
2017-05-18 06:00:00,0.99,44.72654,1.0
2017-05-18 07:00:00,1.0,80.50777,1.0
2017-05-18 08:00:00,1.0,129.57196,1.0
2017-05-18 09:00:00,1.0,121.25862,1.0
2017-05-18 10:00:00,1.0,294.01672,1.0
2017-05-18 11:00:00,1.0,295.93112,1.0
2017-05-18 12:00:00,1.0,334.05212,1.0
2017-05-18 13:00:00,1.0,261.7573,1.0
2017-05-18 14:00:00,0.99,271.51788,1.0
2017-05-18 15:00:00,1.0,141.10298,1.0
2017-05-18 16:00:00,0.97,106.34977,1.0
2017-05-18 17:00:00,0.94,134.61887,1.0
2017-05-18 18:00:00,0.98,28.514242,1.0
2017-05-18 19:00:00,0.96,0.0,0.1875
2017-05-18 20:00:00,1.0,0.0,0.0
2017-05-18 21:00:00,0.99,0.0,0.0
2017-05-18 22:00:00,0.99,0.0,0.0
2017-05-18 23:00:00,1.0,0.0,0.0
2017-05-19 00:00:00,1.0,0.0,0.0
2017-05-19 01:00:00,0.99,0.0,0.0
2017-05-19 02:00:00,0.99,0.0,0.0
2017-05-19 03:00:00,1.0,0.0,0.0
2017-05-19 04:00:00,1.0,0.99392307,0.29888888888888887
2017-05-19 05:00:00,1.0,15.902769,1.0
2017-05-19 06:00:00,0.98,170.82086,1.0
2017-05-19 07:00:00,0.79,505.44986,1.0
2017-05-19 08:00:00,0.91,655.4763,1.0
2017-05-19 09:00:00,0.97,767.6526,1.0
2017-05-19 10:00:00,0.99,744.6657,1.0
2017-05-19 11:00:00,0.99,616.50006,1.0
2017-05-19 12:00:00,1.0,518.131,1.0
2017-05-19 13:00:00,1.0,424.743,1.0
2017-05-19 14:00:00,1.0,346.11337,1.0
2017-05-19 15:00:00,1.0,284.70837,1.0
2017-05-19 16:00:00,1.0,173.80545,1.0
2017-05-19 17:00:00,1.0,127.3892,1.0
2017-05-19 18:00:00,1.0,30.689304,1.0
2017-05-19 19:00:00,0.98,0.0,0.20277777777777778
2017-05-19 20:00:00,0.94,0.0,0.0
2017-05-19 21:00:00,0.98,0.0,0.0
2017-05-19 22:00:00,1.0,0.0,0.0
2017-05-19 23:00:00,1.0,0.0,0.0
2017-05-20 00:00:00,0.18,0.0,0.0
2017-05-20 01:00:00,0.98,0.0,0.0
2017-05-20 02:00:00,0.99,0.0,0.0
2017-05-20 03:00:00,1.0,0.0,0.0
2017-05-20 04:00:00,0.89,1.9878461,0.31166666666666665
2017-05-20 05:00:00,0.0,82.876045,1.0
2017-05-20 06:00:00,0.91,241.03218,1.0
2017-05-20 07:00:00,0.07,518.0985,1.0
2017-05-20 08:00:00,0.3,695.75183,1.0
2017-05-20 09:00:00,0.18,843.5631,1.0
2017-05-20 10:00:00,0.02,951.29987,1.0
2017-05-20 11:00:00,0.07,1076.1605,1.0
2017-05-20 12:00:00,0.04,1067.0852,1.0
2017-05-20 13:00:00,0.0,986.9121,1.0
2017-05-20 14:00:00,0.0,768.2353,1.0
2017-05-20 15:00:00,0.0,598.62555,1.0
2017-05-20 16:00:00,0.0,410.5574,1.0
2017-05-20 17:00:00,0.18,192.84044,1.0
2017-05-20 18:00:00,0.53,39.722176,1.0
2017-05-20 19:00:00,0.84,0.0,0.21777777777777776
2017-05-20 20:00:00,0.84,0.0,0.0
2017-05-20 21:00:00,0.89,0.0,0.0
2017-05-20 22:00:00,0.81,0.0,0.0
2017-05-20 23:00:00,0.3,0.0,0.0
2017-05-21 00:00:00,0.23,0.0,0.0
2017-05-21 01:00:00,0.2,0.0,0.0
2017-05-21 02:00:00,0.2,0.0,0.0
2017-05-21 03:00:00,0.12,0.0,0.0
2017-05-21 04:00:00,0.0,1.2451138,0.32416666666666666
2017-05-21 05:00:00,0.0,86.30323,1.0
2017-05-21 06:00:00,0.0,287.2085,1.0
2017-05-21 07:00:00,0.0,511.98508,1.0
2017-05-21 08:00:00,0.0,722.92615,1.0
2017-05-21 09:00:00,0.0,898.05005,1.0
2017-05-21 10:00:00,0.13,1002.62274,1.0
2017-05-21 11:00:00,0.89,1028.3586,1.0
2017-05-21 12:00:00,0.97,784.9433,1.0
2017-05-21 13:00:00,0.9,812.14996,1.0
2017-05-21 14:00:00,0.57,758.8456,1.0
2017-05-21 15:00:00,0.36,594.3379,1.0
2017-05-21 16:00:00,0.55,369.4399,1.0
2017-05-21 17:00:00,0.89,195.41823,1.0
2017-05-21 18:00:00,0.77,23.853348,1.0
2017-05-21 19:00:00,0.98,0.0,0.2325
2017-05-21 20:00:00,0.92,0.0,0.0
2017-05-21 21:00:00,0.99,0.0,0.0
2017-05-21 22:00:00,0.94,0.0,0.0
2017-05-21 23:00:00,0.99,0.0,0.0
2017-05-22 00:00:00,0.96,0.0,0.0
2017-05-22 01:00:00,1.0,0.0,0.0
2017-05-22 02:00:00,0.46,0.0,0.0
2017-05-22 03:00:00,0.1,0.0,0.0
2017-05-22 04:00:00,0.15,2.2413034,0.3363888888888889
2017-05-22 05:00:00,0.0,73.52924,1.0
2017-05-22 06:00:00,0.6,262.97418,1.0
2017-05-22 07:00:00,0.25,493.72375,1.0
2017-05-22 08:00:00,0.0,723.80994,1.0
2017-05-22 09:00:00,0.0,785.146,1.0
2017-05-22 10:00:00,0.48,1028.5309,1.0
2017-05-22 11:00:00,0.29,975.30646,1.0
2017-05-22 12:00:00,0.2,893.2537,1.0
2017-05-22 13:00:00,0.76,827.5101,1.0
2017-05-22 14:00:00,0.7,710.66797,1.0
2017-05-22 15:00:00,0.87,512.59406,1.0
2017-05-22 16:00:00,0.81,216.24054,1.0
2017-05-22 17:00:00,0.97,60.622375,1.0
2017-05-22 18:00:00,0.95,17.63159,1.0
2017-05-22 19:00:00,1.0,0.0,0.24722222222222223
2017-05-22 20:00:00,1.0,0.0,0.0
2017-05-22 21:00:00,0.04,0.0,0.0
2017-05-22 22:00:00,0.01,0.0,0.0
2017-05-22 23:00:00,0.06,0.0,0.0
2017-05-23 00:00:00,0.25,0.0,0.0
2017-05-23 01:00:00,0.01,0.0,0.0
2017-05-23 02:00:00,0.01,0.0,0.0
2017-05-23 03:00:00,0.0,0.0,0.0
2017-05-23 04:00:00,0.0,2.243048,0.3477777777777778
2017-05-23 05:00:00,0.01,89.16407,1.0
2017-05-23 06:00:00,0.26,293.37143,1.0
2017-05-23 07:00:00,0.78,512.615,1.0
2017-05-23 08:00:00,0.06,675.1368,1.0
2017-05-23 09:00:00,0.15,744.63586,1.0
2017-05-23 10:00:00,0.35,949.958,1.0
2017-05-23 11:00:00,0.01,1092.8684,1.0
2017-05-23 12:00:00,0.25,760.28796,1.0
2017-05-23 13:00:00,0.32,792.38574,1.0
2017-05-23 14:00:00,0.59,738.2623,1.0
2017-05-23 15:00:00,0.53,598.2384,1.0
2017-05-23 16:00:00,0.44,383.1364,1.0
2017-05-23 17:00:00,0.21,199.10548,1.0
2017-05-23 18:00:00,0.9,45.61277,1.0
2017-05-23 19:00:00,0.65,0.0,0.2613888888888889
2017-05-23 20:00:00,0.96,0.0,0.0
2017-05-23 21:00:00,0.96,0.0,0.0
2017-05-23 22:00:00,0.14,0.0,0.0
2017-05-23 23:00:00,0.0,0.0,0.0
2017-05-24 00:00:00,0.0,0.0,0.0
2017-05-24 01:00:00,0.0,0.0,0.0
2017-05-24 02:00:00,0.0,0.0,0.0
2017-05-24 03:00:00,0.0,0.0,0.0
2017-05-24 04:00:00,0.0,2.244474,0.35888888888888887
2017-05-24 05:00:00,0.0,90.670715,1.0
2017-05-24 06:00:00,0.0,292.1457,1.0
2017-05-24 07:00:00,0.0,515.8369,1.0
2017-05-24 08:00:00,0.0,722.6959,1.0
2017-05-24 09:00:00,0.0,890.4573,1.0
2017-05-24 10:00:00,0.0,1003.74457,1.0
2017-05-24 11:00:00,0.0,1057.09,1.0
2017-05-24 12:00:00,0.0,1047.1722,1.0
2017-05-24 13:00:00,0.0,972.2574,1.0
2017-05-24 14:00:00,0.0,832.57776,1.0
2017-05-24 15:00:00,0.0,648.0632,1.0
2017-05-24 16:00:00,0.0,434.29703,1.0
2017-05-24 17:00:00,0.02,214.83633,1.0
2017-05-24 18:00:00,0.0,42.240845,1.0
2017-05-24 19:00:00,0.0,0.0,0.27555555555555555
2017-05-24 20:00:00,0.0,0.0,0.0
2017-05-24 21:00:00,0.0,0.0,0.0
2017-05-24 22:00:00,0.0,0.0,0.0
2017-05-24 23:00:00,0.0,0.0,0.0
2017-05-25 00:00:00,0.0,0.0,0.0
2017-05-25 01:00:00,0.02,0.0,0.0
2017-05-25 02:00:00,0.0,0.0,0.0
2017-05-25 03:00:00,0.29,0.0,0.0
2017-05-25 04:00:00,0.12,2.2453823,0.36944444444444446
2017-05-25 05:00:00,0.0,93.163795,1.0
2017-05-25 06:00:00,0.0,293.83627,1.0
2017-05-25 07:00:00,0.0,513.3229,1.0
2017-05-25 08:00:00,0.0,720.1179,1.0
2017-05-25 09:00:00,0.18,845.7421,1.0
2017-05-25 10:00:00,0.69,792.6373,1.0
2017-05-25 11:00:00,0.82,854.72955,1.0
2017-05-25 12:00:00,0.91,585.38434,1.0
2017-05-25 13:00:00,0.46,876.63727,1.0
2017-05-25 14:00:00,0.83,625.30817,1.0
2017-05-25 15:00:00,0.9,323.0806,1.0
2017-05-25 16:00:00,0.94,237.19046,1.0
2017-05-25 17:00:00,0.91,165.24507,1.0
2017-05-25 18:00:00,0.98,28.82377,1.0
2017-05-25 19:00:00,0.91,0.99392307,0.2891666666666667
2017-05-25 20:00:00,1.0,0.0,0.0
2017-05-25 21:00:00,0.42,0.0,0.0
2017-05-25 22:00:00,1.0,0.0,0.0
2017-05-25 23:00:00,0.99,0.0,0.0
2017-05-26 00:00:00,0.98,0.0,0.0
2017-05-26 01:00:00,0.93,0.0,0.0
2017-05-26 02:00:00,0.14,0.0,0.0
2017-05-26 03:00:00,0.0,0.0,0.0
2017-05-26 04:00:00,0.0,3.2398288,0.3794444444444444
2017-05-26 05:00:00,0.02,39.361973,1.0
2017-05-26 06:00:00,1.0,172.5978,1.0
2017-05-26 07:00:00,0.99,363.63058,1.0
2017-05-26 08:00:00,1.0,433.06366,1.0
2017-05-26 09:00:00,1.0,709.6989,1.0
2017-05-26 10:00:00,0.5,802.44464,1.0
2017-05-26 11:00:00,0.44,848.9572,1.0
2017-05-26 12:00:00,0.64,862.82306,1.0
2017-05-26 13:00:00,0.82,641.62115,1.0
2017-05-26 14:00:00,0.59,714.576,1.0
2017-05-26 15:00:00,0.66,562.39154,1.0
2017-05-26 16:00:00,0.46,385.58948,1.0
2017-05-26 17:00:00,0.57,213.09494,1.0
2017-05-26 18:00:00,0.0,45.34214,1.0
2017-05-26 19:00:00,0.21,1.9878461,0.3025
2017-05-26 20:00:00,0.03,0.0,0.0
2017-05-26 21:00:00,0.66,0.0,0.0
2017-05-26 22:00:00,0.81,0.0,0.0
2017-05-26 23:00:00,0.68,0.0,0.0
2017-05-27 00:00:00,0.74,0.0,0.0
2017-05-27 01:00:00,0.7,0.0,0.0
2017-05-27 02:00:00,0.61,0.0,0.0
2017-05-27 03:00:00,0.47,0.0,0.0
2017-05-27 04:00:00,0.47,2.2462177,0.3888888888888889
2017-05-27 05:00:00,0.17,51.338383,1.0
2017-05-27 06:00:00,0.71,181.68994,1.0
2017-05-27 07:00:00,0.42,342.9593,1.0
2017-05-27 08:00:00,0.56,387.86386,1.0
2017-05-27 09:00:00,1.0,126.744675,1.0
2017-05-27 10:00:00,0.9,480.9982,1.0
2017-05-27 11:00:00,0.6,540.3263,1.0
2017-05-27 12:00:00,1.0,240.37553,1.0
2017-05-27 13:00:00,0.99,415.62732,1.0
2017-05-27 14:00:00,0.75,437.23703,1.0
2017-05-27 15:00:00,0.97,396.65326,1.0
2017-05-27 16:00:00,0.83,269.92764,1.0
2017-05-27 17:00:00,0.92,154.88905,1.0
2017-05-27 18:00:00,0.77,54.786674,1.0
2017-05-27 19:00:00,0.93,1.9878461,0.31555555555555553
2017-05-27 20:00:00,0.13,0.0,0.0
2017-05-27 21:00:00,0.2,0.0,0.0
2017-05-27 22:00:00,0.1,0.0,0.0
2017-05-27 23:00:00,0.0,0.0,0.0
2017-05-28 00:00:00,0.0,0.0,0.0
2017-05-28 01:00:00,0.0,0.0,0.0
2017-05-28 02:00:00,0.0,0.0,0.0
2017-05-28 03:00:00,0.0,0.0,0.0
2017-05-28 04:00:00,0.0,3.2400866,0.3977777777777778
2017-05-28 05:00:00,0.0,97.53435,1.0
2017-05-28 06:00:00,0.0,299.8422,1.0
2017-05-28 07:00:00,0.0,521.2242,1.0
2017-05-28 08:00:00,0.0,723.7664,1.0
2017-05-28 09:00:00,0.0,887.9633,1.0
2017-05-28 10:00:00,0.08,957.6444,1.0
2017-05-28 11:00:00,0.07,1026.365,1.0
2017-05-28 12:00:00,0.34,956.2447,1.0
2017-05-28 13:00:00,0.33,803.501,1.0
2017-05-28 14:00:00,0.51,774.6692,1.0
2017-05-28 15:00:00,0.53,570.2925,1.0
2017-05-28 16:00:00,0.23,400.61392,1.0
2017-05-28 17:00:00,0.44,201.56651,1.0
2017-05-28 18:00:00,0.27,49.183086,1.0
2017-05-28 19:00:00,0.41,1.9878461,0.3283333333333333
2017-05-28 20:00:00,0.33,0.0,0.0
2017-05-28 21:00:00,0.5,0.0,0.0
2017-05-28 22:00:00,0.3,0.0,0.0
2017-05-28 23:00:00,0.46,0.0,0.0
2017-05-29 00:00:00,0.01,0.0,0.0
2017-05-29 01:00:00,0.0,0.0,0.0
2017-05-29 02:00:00,0.0,0.0,0.0
2017-05-29 03:00:00,0.0,0.0,0.0
2017-05-29 04:00:00,0.0,3.2396917,0.4063888888888889
2017-05-29 05:00:00,0.0,96.56158,1.0
2017-05-29 06:00:00,0.0,294.49188,1.0
2017-05-29 07:00:00,0.04,502.93127,1.0
2017-05-29 08:00:00,0.12,701.35065,1.0
2017-05-29 09:00:00,0.14,793.6795,1.0
2017-05-29 10:00:00,0.4,844.33057,1.0
2017-05-29 11:00:00,0.38,905.7262,1.0
2017-05-29 12:00:00,0.57,808.84216,1.0
2017-05-29 13:00:00,0.53,605.3944,1.0
2017-05-29 14:00:00,0.29,709.89813,1.0
2017-05-29 15:00:00,0.66,407.22626,1.0
2017-05-29 16:00:00,0.92,239.71265,1.0
2017-05-29 17:00:00,0.83,184.64667,1.0
2017-05-29 18:00:00,0.86,39.33813,1.0
2017-05-29 19:00:00,0.63,1.9878461,0.34055555555555556
2017-05-29 20:00:00,0.2,0.0,0.0
2017-05-29 21:00:00,0.09,0.0,0.0
2017-05-29 22:00:00,0.06,0.0,0.0
2017-05-29 23:00:00,0.0,0.0,0.0
2017-05-30 00:00:00,0.01,0.0,0.0
2017-05-30 01:00:00,0.0,0.0,0.0
2017-05-30 02:00:00,0.0,0.0,0.0
2017-05-30 03:00:00,0.0,0.0,0.0
2017-05-30 04:00:00,0.0,4.2327886,0.4141666666666667
2017-05-30 05:00:00,0.0,97.446976,1.0
2017-05-30 06:00:00,0.0,298.20203,1.0
2017-05-30 07:00:00,0.0,519.348,1.0
2017-05-30 08:00:00,0.0,725.94507,1.0
2017-05-30 09:00:00,0.0,892.67694,1.0
2017-05-30 10:00:00,0.14,994.664,1.0
2017-05-30 11:00:00,0.41,1000.8777,1.0
2017-05-30 12:00:00,0.63,958.03534,1.0
2017-05-30 13:00:00,0.62,836.1937,1.0
2017-05-30 14:00:00,0.47,751.43335,1.0
2017-05-30 15:00:00,0.68,542.2946,1.0
2017-05-30 16:00:00,0.51,384.21915,1.0
2017-05-30 17:00:00,0.39,186.93542,1.0
2017-05-30 18:00:00,0.22,53.258175,1.0
2017-05-30 19:00:00,0.26,1.9893655,0.3527777777777778
2017-05-30 20:00:00,0.03,0.0,0.0
2017-05-30 21:00:00,0.01,0.0,0.0
2017-05-30 22:00:00,0.0,0.0,0.0
2017-05-30 23:00:00,0.0,0.0,0.0
2017-05-31 00:00:00,0.0,0.0,0.0
2017-05-31 01:00:00,0.0,0.0,0.0
2017-05-31 02:00:00,0.0,0.0,0.0
2017-05-31 03:00:00,0.0,0.0,0.0
2017-05-31 04:00:00,0.0,4.231585,0.42138888888888887
2017-05-31 05:00:00,0.0,97.33814,1.0
2017-05-31 06:00:00,0.0,295.9171,1.0
2017-05-31 07:00:00,0.0,514.763,1.0
2017-05-31 08:00:00,0.0,714.81976,1.0
2017-05-31 09:00:00,0.61,799.4438,1.0
2017-05-31 10:00:00,0.51,935.1937,1.0
2017-05-31 11:00:00,0.54,817.0011,1.0
2017-05-31 12:00:00,0.55,892.19086,1.0
2017-05-31 13:00:00,0.65,825.1318,1.0
2017-05-31 14:00:00,0.56,670.92633,1.0
2017-05-31 15:00:00,0.47,570.66254,1.0
2017-05-31 16:00:00,0.28,400.5532,1.0
2017-05-31 17:00:00,0.62,161.53662,1.0
2017-05-31 18:00:00,0.69,55.482147,1.0
2017-05-31 19:00:00,0.15,1.9893655,0.3647222222222222
2017-05-31 20:00:00,0.1,0.0,0.0
2017-05-31 21:00:00,0.17,0.0,0.0
2017-05-31 22:00:00,0.78,0.0,0.0
2017-05-31 23:00:00,0.86,0.0,0.0
2017-06-01 00:00:00,0.74,0.0,0.0
2017-06-01 01:00:00,0.37,0.0,0.0
2017-06-01 02:00:00,0.35,0.0,0.0
2017-06-01 03:00:00,0.16,0.0,0.0
2017-06-01 04:00:00,0.0,4.229998,0.4280555555555556
2017-06-01 05:00:00,0.0,77.90833,1.0
2017-06-01 06:00:00,0.05,264.36978,1.0
2017-06-01 07:00:00,0.04,503.57654,1.0
2017-06-01 08:00:00,0.44,700.9112,1.0
2017-06-01 09:00:00,0.97,839.8496,1.0
2017-06-01 10:00:00,0.85,865.9107,1.0
2017-06-01 11:00:00,0.91,620.35754,1.0
2017-06-01 12:00:00,1.0,473.8287,1.0
2017-06-01 13:00:00,0.96,826.0836,1.0
2017-06-01 14:00:00,0.95,611.39496,1.0
2017-06-01 15:00:00,0.61,547.9899,1.0
2017-06-01 16:00:00,0.86,335.27597,1.0
2017-06-01 17:00:00,0.73,227.10498,1.0
2017-06-01 18:00:00,0.96,50.463417,1.0
2017-06-01 19:00:00,0.71,2.981769,0.3763888888888889
2017-06-01 20:00:00,0.82,0.0,0.0
2017-06-01 21:00:00,1.0,0.0,0.0
2017-06-01 22:00:00,0.87,0.0,0.0
2017-06-01 23:00:00,0.21,0.0,0.0
2017-06-02 00:00:00,0.58,0.0,0.0
2017-06-02 01:00:00,0.83,0.0,0.0
2017-06-02 02:00:00,0.95,0.0,0.0
2017-06-02 03:00:00,0.96,0.0,0.0
2017-06-02 04:00:00,0.95,3.9756923,0.43416666666666665
2017-06-02 05:00:00,0.89,69.496185,1.0
2017-06-02 06:00:00,0.92,206.55484,1.0
2017-06-02 07:00:00,0.92,427.60715,1.0
2017-06-02 08:00:00,0.87,645.4741,1.0
2017-06-02 09:00:00,0.82,757.71954,1.0
2017-06-02 10:00:00,0.43,822.0891,1.0
2017-06-02 11:00:00,0.7,776.249,1.0
2017-06-02 12:00:00,0.98,510.83713,1.0
2017-06-02 13:00:00,0.73,511.6387,1.0
2017-06-02 14:00:00,0.61,610.1927,1.0
2017-06-02 15:00:00,0.52,513.70294,1.0
2017-06-02 16:00:00,0.71,324.77243,1.0
2017-06-02 17:00:00,0.82,200.06708,1.0
2017-06-02 18:00:00,0.57,59.855133,1.0
2017-06-02 19:00:00,0.68,2.9832883,0.38805555555555554
2017-06-02 20:00:00,0.34,0.0,0.0
2017-06-02 21:00:00,0.44,0.0,0.0
2017-06-02 22:00:00,0.05,0.0,0.0
2017-06-02 23:00:00,0.02,0.0,0.0
2017-06-03 00:00:00,0.1,0.0,0.0
2017-06-03 01:00:00,0.0,0.0,0.0
2017-06-03 02:00:00,0.0,0.0,0.0
2017-06-03 03:00:00,0.0,0.0,0.0
2017-06-03 04:00:00,0.0,4.225797,0.43972222222222224
2017-06-03 05:00:00,0.0,97.01186,1.0
2017-06-03 06:00:00,0.02,281.07275,1.0
2017-06-03 07:00:00,0.11,438.85452,1.0
2017-06-03 08:00:00,0.28,525.1673,1.0
2017-06-03 09:00:00,0.53,627.8597,1.0
2017-06-03 10:00:00,0.54,683.3064,1.0
2017-06-03 11:00:00,0.52,864.8048,1.0
2017-06-03 12:00:00,0.25,764.5561,1.0
2017-06-03 13:00:00,0.36,789.4597,1.0
2017-06-03 14:00:00,0.22,686.07153,1.0
2017-06-03 15:00:00,0.28,538.9029,1.0
2017-06-03 16:00:00,0.15,395.58414,1.0
2017-06-03 17:00:00,0.02,191.71416,1.0
2017-06-03 18:00:00,0.2,56.08753,1.0
2017-06-03 19:00:00,0.07,2.9832883,0.39944444444444444
2017-06-03 20:00:00,0.08,0.0,0.0
2017-06-03 21:00:00,0.01,0.0,0.0
2017-06-03 22:00:00,0.0,0.0,0.0
2017-06-03 23:00:00,0.0,0.0,0.0
2017-06-04 00:00:00,0.0,0.0,0.0
2017-06-04 01:00:00,0.0,0.0,0.0
2017-06-04 02:00:00,0.0,0.0,0.0
2017-06-04 03:00:00,0.0,0.0,0.0
2017-06-04 04:00:00,0.0,3.4768052,0.44472222222222224
2017-06-04 05:00:00,0.0,98.75065,1.0
2017-06-04 06:00:00,0.0,294.86978,1.0
2017-06-04 07:00:00,0.0,511.41263,1.0
2017-06-04 08:00:00,0.0,711.4608,1.0
2017-06-04 09:00:00,0.0,873.8954,1.0
2017-06-04 10:00:00,0.0,977.57935,1.0
2017-06-04 11:00:00,0.1,944.8267,1.0
2017-06-04 12:00:00,0.31,947.8964,1.0
2017-06-04 13:00:00,0.26,865.62476,1.0
2017-06-04 14:00:00,0.69,654.63837,1.0
2017-06-04 15:00:00,0.81,574.20044,1.0
2017-06-04 16:00:00,0.57,417.88586,1.0
2017-06-04 17:00:00,0.33,227.84148,1.0
2017-06-04 18:00:00,0.01,56.263264,1.0
2017-06-04 19:00:00,0.0,2.9832883,0.41055555555555556
2017-06-04 20:00:00,0.03,0.0,0.0
2017-06-04 21:00:00,0.01,0.0,0.0
2017-06-04 22:00:00,0.04,0.0,0.0
2017-06-04 23:00:00,0.0,0.0,0.0
2017-06-05 00:00:00,0.0,0.0,0.0
2017-06-05 01:00:00,0.0,0.0,0.0
2017-06-05 02:00:00,0.0,0.0,0.0
2017-06-05 03:00:00,0.0,0.0,0.0
2017-06-05 04:00:00,0.0,4.465129,0.44916666666666666
2017-06-05 05:00:00,0.0,93.81873,1.0
2017-06-05 06:00:00,0.32,273.56702,1.0
2017-06-05 07:00:00,0.37,492.81137,1.0
2017-06-05 08:00:00,0.34,674.9012,1.0
2017-06-05 09:00:00,0.38,819.49896,1.0
2017-06-05 10:00:00,0.76,809.50104,1.0
2017-06-05 11:00:00,0.49,910.872,1.0
2017-06-05 12:00:00,0.6,687.3861,1.0
2017-06-05 13:00:00,0.6,740.1793,1.0
2017-06-05 14:00:00,0.38,696.85254,1.0
2017-06-05 15:00:00,0.91,417.0803,1.0
2017-06-05 16:00:00,0.48,323.90207,1.0
2017-06-05 17:00:00,0.43,153.83759,1.0
2017-06-05 18:00:00,0.62,60.07226,1.0
2017-06-05 19:00:00,0.12,3.9772115,0.4211111111111111
2017-06-05 20:00:00,0.09,0.0,0.0
2017-06-05 21:00:00,0.46,0.0,0.0
2017-06-05 22:00:00,0.73,0.0,0.0
2017-06-05 23:00:00,0.54,0.0,0.0
2017-06-06 00:00:00,0.0,0.0,0.0
2017-06-06 01:00:00,0.32,0.0,0.0
2017-06-06 02:00:00,0.71,0.0,0.0
2017-06-06 03:00:00,0.85,0.0,0.0
2017-06-06 04:00:00,0.77,4.217328,0.4533333333333333
2017-06-06 05:00:00,0.91,96.689644,1.0
2017-06-06 06:00:00,0.35,275.40378,1.0
2017-06-06 07:00:00,0.12,467.48453,1.0
2017-06-06 08:00:00,0.17,690.55273,1.0
2017-06-06 09:00:00,0.76,828.5358,1.0
2017-06-06 10:00:00,0.82,910.4027,1.0
2017-06-06 11:00:00,0.85,839.209,1.0
2017-06-06 12:00:00,0.9,685.8327,1.0
2017-06-06 13:00:00,0.85,533.47015,1.0
2017-06-06 14:00:00,0.86,497.8405,1.0
2017-06-06 15:00:00,0.91,354.52524,1.0
2017-06-06 16:00:00,1.0,264.15723,1.0
2017-06-06 17:00:00,0.87,130.34308,1.0
2017-06-06 18:00:00,0.92,60.0243,1.0
2017-06-06 19:00:00,0.81,3.9772115,0.43166666666666664
2017-06-06 20:00:00,0.83,0.0,0.0
2017-06-06 21:00:00,0.52,0.0,0.0
2017-06-06 22:00:00,0.11,0.0,0.0
2017-06-06 23:00:00,0.06,0.0,0.0
2017-06-07 00:00:00,0.02,0.0,0.0
2017-06-07 01:00:00,0.14,0.0,0.0
2017-06-07 02:00:00,0.01,0.0,0.0
2017-06-07 03:00:00,0.0,0.0,0.0
2017-06-07 04:00:00,0.0,4.4523664,0.45666666666666667
2017-06-07 05:00:00,0.0,97.57797,1.0
2017-06-07 06:00:00,0.01,291.20172,1.0
2017-06-07 07:00:00,0.0,502.28537,1.0
2017-06-07 08:00:00,0.0,700.12415,1.0
2017-06-07 09:00:00,0.0,864.5098,1.0
2017-06-07 10:00:00,0.06,934.34283,1.0
2017-06-07 11:00:00,0.15,962.07666,1.0
2017-06-07 12:00:00,0.69,861.678,1.0
2017-06-07 13:00:00,0.56,766.2353,1.0
2017-06-07 14:00:00,0.95,535.60486,1.0
2017-06-07 15:00:00,0.42,599.9242,1.0
2017-06-07 16:00:00,0.33,416.44016,1.0
2017-06-07 17:00:00,0.71,225.75058,1.0
2017-06-07 18:00:00,0.34,59.45645,1.0
2017-06-07 19:00:00,0.09,3.9772115,0.44166666666666665
2017-06-07 20:00:00,0.53,0.0,0.0
2017-06-07 21:00:00,0.2,0.0,0.0
2017-06-07 22:00:00,0.02,0.0,0.0
2017-06-07 23:00:00,0.0,0.0,0.0
2017-06-08 00:00:00,0.0,0.0,0.0
2017-06-08 01:00:00,0.0,0.0,0.0
2017-06-08 02:00:00,0.0,0.0,0.0
2017-06-08 03:00:00,0.0,0.0,0.0
2017-06-08 04:00:00,0.0,4.4453707,0.4597222222222222
2017-06-08 05:00:00,0.0,100.01336,1.0
2017-06-08 06:00:00,0.0,293.99634,1.0
2017-06-08 07:00:00,0.0,509.33752,1.0
2017-06-08 08:00:00,0.0,708.316,1.0
2017-06-08 09:00:00,0.0,864.3084,1.0
2017-06-08 10:00:00,0.09,959.9292,1.0
2017-06-08 11:00:00,0.31,938.2325,1.0
2017-06-08 12:00:00,0.59,882.70197,1.0
2017-06-08 13:00:00,0.6,763.9137,1.0
2017-06-08 14:00:00,0.72,618.4864,1.0
2017-06-08 15:00:00,0.52,553.3119,1.0
2017-06-08 16:00:00,0.93,335.3499,1.0
2017-06-08 17:00:00,0.63,138.08557,1.0
2017-06-08 18:00:00,0.65,62.53199,1.0
2017-06-08 19:00:00,0.42,3.9772115,0.4513888888888889
2017-06-08 20:00:00,0.33,0.0,0.0
2017-06-08 21:00:00,0.7,0.0,0.0
2017-06-08 22:00:00,0.55,0.0,0.0
2017-06-08 23:00:00,0.26,0.0,0.0
2017-06-09 00:00:00,0.29,0.0,0.0
2017-06-09 01:00:00,0.8,0.0,0.0
2017-06-09 02:00:00,0.8,0.0,0.0
2017-06-09 03:00:00,0.58,0.0,0.0
2017-06-09 04:00:00,0.4,4.4379845,0.4622222222222222
2017-06-09 05:00:00,0.28,105.273865,1.0
2017-06-09 06:00:00,0.47,307.74075,1.0
2017-06-09 07:00:00,0.63,526.2935,1.0
2017-06-09 08:00:00,0.8,735.01404,1.0
2017-06-09 09:00:00,0.72,901.88586,1.0
2017-06-09 10:00:00,0.67,988.57605,1.0
2017-06-09 11:00:00,0.84,933.1987,1.0
2017-06-09 12:00:00,0.93,877.92,1.0
2017-06-09 13:00:00,0.94,860.1072,1.0
2017-06-09 14:00:00,0.06,847.52496,1.0
2017-06-09 15:00:00,0.0,664.71375,1.0
2017-06-09 16:00:00,0.0,456.6662,1.0
2017-06-09 17:00:00,0.0,244.8193,1.0
2017-06-09 18:00:00,0.0,64.15874,1.0
2017-06-09 19:00:00,0.0,3.978731,0.46055555555555555
2017-06-09 20:00:00,0.0,0.0,0.0
2017-06-09 21:00:00,0.0,0.0,0.0
2017-06-09 22:00:00,0.0,0.0,0.0
2017-06-09 23:00:00,0.0,0.0,0.0
2017-06-10 00:00:00,0.62,0.0,0.0
2017-06-10 01:00:00,0.82,0.0,0.0
2017-06-10 02:00:00,0.9,0.0,0.0
2017-06-10 03:00:00,1.0,0.0,0.0
2017-06-10 04:00:00,1.0,5.196879,0.46416666666666667
2017-06-10 05:00:00,0.86,97.68713,1.0
2017-06-10 06:00:00,0.91,292.5963,1.0
2017-06-10 07:00:00,0.38,516.79913,1.0
2017-06-10 08:00:00,0.78,715.35846,1.0
2017-06-10 09:00:00,0.69,867.49207,1.0
2017-06-10 10:00:00,0.74,979.20953,1.0
2017-06-10 11:00:00,0.79,1041.0364,1.0
2017-06-10 12:00:00,0.72,1031.6042,1.0
2017-06-10 13:00:00,0.99,920.3389,1.0
2017-06-10 14:00:00,0.93,810.09503,1.0
2017-06-10 15:00:00,0.53,637.0507,1.0
2017-06-10 16:00:00,0.35,426.60617,1.0
2017-06-10 17:00:00,0.66,199.29253,1.0
2017-06-10 18:00:00,0.19,65.23579,1.0
2017-06-10 19:00:00,0.0,3.978731,0.46944444444444444
2017-06-10 20:00:00,0.0,0.0,0.0
2017-06-10 21:00:00,0.0,0.0,0.0
2017-06-10 22:00:00,0.0,0.0,0.0
2017-06-10 23:00:00,0.27,0.0,0.0
2017-06-11 00:00:00,0.44,0.0,0.0
2017-06-11 01:00:00,0.37,0.0,0.0
2017-06-11 02:00:00,0.87,0.0,0.0
2017-06-11 03:00:00,0.62,0.0,0.0
2017-06-11 04:00:00,0.0,4.4221315,0.46555555555555556
2017-06-11 05:00:00,0.0,103.90603,1.0
2017-06-11 06:00:00,0.73,292.4345,1.0
2017-06-11 07:00:00,1.0,368.91614,1.0
2017-06-11 08:00:00,1.0,576.9729,1.0
2017-06-11 09:00:00,0.26,856.2958,1.0
2017-06-11 10:00:00,0.42,951.14343,1.0
2017-06-11 11:00:00,0.99,850.92114,1.0
2017-06-11 12:00:00,0.99,804.6473,1.0
2017-06-11 13:00:00,0.95,823.5609,1.0
2017-06-11 14:00:00,0.8,534.7883,1.0
2017-06-11 15:00:00,0.48,541.3969,1.0
2017-06-11 16:00:00,0.62,393.20355,1.0
2017-06-11 17:00:00,0.4,191.18623,1.0
2017-06-11 18:00:00,0.35,46.862667,1.0
2017-06-11 19:00:00,0.04,4.9711347,0.4777777777777778
2017-06-11 20:00:00,0.03,0.0,0.0
2017-06-11 21:00:00,0.22,0.0,0.0
2017-06-11 22:00:00,0.09,0.0,0.0
2017-06-11 23:00:00,0.55,0.0,0.0
2017-06-12 00:00:00,1.0,0.0,0.0
2017-06-12 01:00:00,0.09,0.0,0.0
2017-06-12 02:00:00,0.02,0.0,0.0
2017-06-12 03:00:00,0.0,0.0,0.0
2017-06-12 04:00:00,0.0,4.413782,0.4666666666666667
2017-06-12 05:00:00,0.0,99.59378,1.0
2017-06-12 06:00:00,0.0,302.23633,1.0
2017-06-12 07:00:00,0.0,517.9317,1.0
2017-06-12 08:00:00,0.0,713.6805,1.0
2017-06-12 09:00:00,0.0,878.35016,1.0
2017-06-12 10:00:00,0.0,993.82544,1.0
2017-06-12 11:00:00,0.12,969.82367,1.0
2017-06-12 12:00:00,0.21,981.305,1.0
2017-06-12 13:00:00,0.1,914.23224,1.0
2017-06-12 14:00:00,0.31,773.4247,1.0
2017-06-12 15:00:00,0.28,573.7974,1.0
2017-06-12 16:00:00,0.08,404.28577,1.0
2017-06-12 17:00:00,0.0,250.13538,1.0
2017-06-12 18:00:00,0.0,68.6803,1.0
2017-06-12 19:00:00,0.0,4.972654,0.48583333333333334
2017-06-12 20:00:00,0.0,0.0,0.0
2017-06-12 21:00:00,0.0,0.0,0.0
2017-06-12 22:00:00,0.0,0.0,0.0
2017-06-12 23:00:00,0.0,0.0,0.0
2017-06-13 00:00:00,0.0,0.0,0.0
2017-06-13 01:00:00,0.0,0.0,0.0
2017-06-13 02:00:00,0.0,0.0,0.0
2017-06-13 03:00:00,0.0,0.0,0.0
2017-06-13 04:00:00,0.0,5.3990955,0.46694444444444444
2017-06-13 05:00:00,0.0,102.851,1.0
2017-06-13 06:00:00,0.0,302.08118,1.0
2017-06-13 07:00:00,0.0,522.8083,1.0
2017-06-13 08:00:00,0.0,727.18146,1.0
2017-06-13 09:00:00,0.0,899.09094,1.0
2017-06-13 10:00:00,0.0,992.9567,1.0
2017-06-13 11:00:00,0.0,1032.9331,1.0
2017-06-13 12:00:00,0.0,1072.4905,1.0
2017-06-13 13:00:00,0.0,997.62915,1.0
2017-06-13 14:00:00,0.0,833.43835,1.0
2017-06-13 15:00:00,0.58,543.90924,1.0
2017-06-13 16:00:00,0.64,451.6336,1.0
2017-06-13 17:00:00,0.99,201.11743,1.0
2017-06-13 18:00:00,0.73,67.42723,1.0
2017-06-13 19:00:00,0.57,4.9711347,0.4930555555555556
2017-06-13 20:00:00,0.0,0.0,0.0
2017-06-13 21:00:00,0.0,0.0,0.0
2017-06-13 22:00:00,0.0,0.0,0.0
2017-06-13 23:00:00,0.0,0.0,0.0
2017-06-14 00:00:00,0.0,0.0,0.0
2017-06-14 01:00:00,0.0,0.0,0.0
2017-06-14 02:00:00,0.0,0.0,0.0
2017-06-14 03:00:00,0.0,0.0,0.0
2017-06-14 04:00:00,0.0,4.3963165,0.46694444444444444
2017-06-14 05:00:00,0.0,102.066765,1.0
2017-06-14 06:00:00,0.0,298.96027,1.0
2017-06-14 07:00:00,0.0,516.41296,1.0
2017-06-14 08:00:00,0.0,718.5933,1.0
2017-06-14 09:00:00,0.0,884.1723,1.0
2017-06-14 10:00:00,0.0,997.6219,1.0
2017-06-14 11:00:00,0.0,1053.5475,1.0
2017-06-14 12:00:00,0.62,1007.41077,1.0
2017-06-14 13:00:00,0.47,878.1619,1.0
2017-06-14 14:00:00,0.58,649.46185,1.0
2017-06-14 15:00:00,1.0,497.8968,1.0
2017-06-14 16:00:00,0.39,397.64404,1.0
2017-06-14 17:00:00,0.8,214.34299,1.0
2017-06-14 18:00:00,0.2,74.12307,1.0
2017-06-14 19:00:00,0.43,4.972654,0.5
2017-06-14 20:00:00,0.01,0.0,0.0
2017-06-14 21:00:00,0.0,0.0,0.0
2017-06-14 22:00:00,0.0,0.0,0.0
2017-06-14 23:00:00,0.0,0.0,0.0
2017-06-15 00:00:00,0.0,0.0,0.0
2017-06-15 01:00:00,0.0,0.0,0.0
2017-06-15 02:00:00,0.0,0.0,0.0
2017-06-15 03:00:00,0.0,0.0,0.0
2017-06-15 04:00:00,0.0,4.3872714,0.4666666666666667
2017-06-15 05:00:00,0.0,101.97007,1.0
2017-06-15 06:00:00,0.0,299.82687,1.0
2017-06-15 07:00:00,0.0,516.31635,1.0
2017-06-15 08:00:00,0.5,717.2531,1.0
2017-06-15 09:00:00,0.66,878.70844,1.0
2017-06-15 10:00:00,0.57,999.169,1.0
2017-06-15 11:00:00,0.42,1023.98047,1.0
2017-06-15 12:00:00,0.71,895.72614,1.0
2017-06-15 13:00:00,0.43,882.90564,1.0
2017-06-15 14:00:00,0.49,775.2541,1.0
2017-06-15 15:00:00,0.61,555.6199,1.0
2017-06-15 16:00:00,0.8,388.02158,1.0
2017-06-15 17:00:00,1.0,180.58821,1.0
2017-06-15 18:00:00,0.24,69.482445,1.0
2017-06-15 19:00:00,0.12,5.9665766,0.5063888888888889
2017-06-15 20:00:00,0.11,0.0,0.0
2017-06-15 21:00:00,0.15,0.0,0.0
2017-06-15 22:00:00,0.09,0.0,0.0
2017-06-15 23:00:00,0.13,0.0,0.0
2017-06-16 00:00:00,0.04,0.0,0.0
2017-06-16 01:00:00,0.0,0.0,0.0
2017-06-16 02:00:00,0.0,0.0,0.0
2017-06-16 03:00:00,0.0,0.0,0.0
2017-06-16 04:00:00,0.05,4.3779564,0.4658333333333333
2017-06-16 05:00:00,0.0,99.37097,1.0
2017-06-16 06:00:00,0.0,291.7768,1.0
2017-06-16 07:00:00,0.89,487.18985,1.0
2017-06-16 08:00:00,0.65,687.08405,1.0
2017-06-16 09:00:00,1.0,850.1034,1.0
2017-06-16 10:00:00,0.63,980.2061,1.0
2017-06-16 11:00:00,0.65,1033.8967,1.0
2017-06-16 12:00:00,0.87,1000.4902,1.0
2017-06-16 13:00:00,0.71,867.0322,1.0
2017-06-16 14:00:00,0.66,722.1548,1.0
2017-06-16 15:00:00,1.0,515.5818,1.0
2017-06-16 16:00:00,1.0,377.2383,1.0
2017-06-16 17:00:00,1.0,157.61678,1.0
2017-06-16 18:00:00,0.73,71.03989,1.0
2017-06-16 19:00:00,1.0,5.9650574,0.5122222222222222
2017-06-16 20:00:00,1.0,0.0,0.0
2017-06-16 21:00:00,1.0,0.0,0.0
2017-06-16 22:00:00,1.0,0.0,0.0
2017-06-16 23:00:00,1.0,0.0,0.0
2017-06-17 00:00:00,1.0,0.0,0.0
2017-06-17 01:00:00,1.0,0.0,0.0
2017-06-17 02:00:00,1.0,0.0,0.0
2017-06-17 03:00:00,1.0,0.0,0.0
2017-06-17 04:00:00,1.0,4.9696155,0.46444444444444444
2017-06-17 05:00:00,1.0,95.75522,1.0
2017-06-17 06:00:00,1.0,242.13281,1.0
2017-06-17 07:00:00,1.0,458.22394,1.0
2017-06-17 08:00:00,0.93,653.84015,1.0
2017-06-17 09:00:00,0.96,821.6665,1.0
2017-06-17 10:00:00,1.0,880.4088,1.0
2017-06-17 11:00:00,0.98,843.89014,1.0
2017-06-17 12:00:00,1.0,719.3193,1.0
2017-06-17 13:00:00,1.0,765.49365,1.0
2017-06-17 14:00:00,1.0,584.8673,1.0
2017-06-17 15:00:00,0.99,333.37952,1.0
2017-06-17 16:00:00,0.91,236.9503,1.0
2017-06-17 17:00:00,0.97,170.16417,1.0
2017-06-17 18:00:00,1.0,53.228477,1.0
2017-06-17 19:00:00,1.0,2.9832883,0.5175
2017-06-17 20:00:00,1.0,0.0,0.0
2017-06-17 21:00:00,0.98,0.0,0.0
2017-06-17 22:00:00,0.99,0.0,0.0
2017-06-17 23:00:00,1.0,0.0,0.0
2017-06-18 00:00:00,0.96,0.0,0.0
2017-06-18 01:00:00,0.68,0.0,0.0
2017-06-18 02:00:00,0.48,0.0,0.0
2017-06-18 03:00:00,0.26,0.0,0.0
2017-06-18 04:00:00,0.34,2.1794674,0.4625
2017-06-18 05:00:00,0.18,63.395084,1.0
2017-06-18 06:00:00,0.19,253.96051,1.0
2017-06-18 07:00:00,0.07,465.16635,1.0
2017-06-18 08:00:00,0.01,696.2021,1.0
2017-06-18 09:00:00,0.03,839.17615,1.0
2017-06-18 10:00:00,0.0,949.65155,1.0
2017-06-18 11:00:00,0.0,1030.4645,1.0
2017-06-18 12:00:00,0.03,1019.367,1.0
2017-06-18 13:00:00,0.13,945.4471,1.0
2017-06-18 14:00:00,0.21,787.8846,1.0
2017-06-18 15:00:00,0.36,566.53033,1.0
2017-06-18 16:00:00,0.02,434.70737,1.0
2017-06-18 17:00:00,0.14,245.54097,1.0
2017-06-18 18:00:00,0.19,69.65583,1.0
2017-06-18 19:00:00,0.54,4.974173,0.5219444444444444
2017-06-18 20:00:00,0.04,0.0,0.0
2017-06-18 21:00:00,0.22,0.0,0.0
2017-06-18 22:00:00,0.0,0.0,0.0
2017-06-18 23:00:00,0.0,0.0,0.0
2017-06-19 00:00:00,0.0,0.0,0.0
2017-06-19 01:00:00,0.0,0.0,0.0
2017-06-19 02:00:00,0.0,0.0,0.0
2017-06-19 03:00:00,0.0,0.0,0.0
2017-06-19 04:00:00,0.0,4.3485346,0.46
2017-06-19 05:00:00,0.43,95.95362,1.0
2017-06-19 06:00:00,0.62,283.6154,1.0
2017-06-19 07:00:00,0.55,497.10568,1.0
2017-06-19 08:00:00,0.63,696.8821,1.0
2017-06-19 09:00:00,0.27,864.7986,1.0
2017-06-19 10:00:00,0.36,979.18134,1.0
2017-06-19 11:00:00,0.41,1027.3113,1.0
2017-06-19 12:00:00,0.61,1016.36017,1.0
2017-06-19 13:00:00,0.53,943.0539,1.0
2017-06-19 14:00:00,0.62,815.7397,1.0
2017-06-19 15:00:00,0.93,596.5007,1.0
2017-06-19 16:00:00,0.97,419.73407,1.0
2017-06-19 17:00:00,0.74,241.14252,1.0
2017-06-19 18:00:00,0.6,73.8858,1.0
2017-06-19 19:00:00,0.64,5.9665766,0.5261111111111111
2017-06-19 20:00:00,0.0,0.0,0.0
2017-06-19 21:00:00,0.0,0.0,0.0
2017-06-19 22:00:00,0.0,0.0,0.0
2017-06-19 23:00:00,0.0,0.0,0.0
2017-06-20 00:00:00,0.02,0.0,0.0
2017-06-20 01:00:00,0.71,0.0,0.0
2017-06-20 02:00:00,0.93,0.0,0.0
2017-06-20 03:00:00,0.95,0.0,0.0
2017-06-20 04:00:00,0.99,4.9696155,0.45694444444444443
2017-06-20 05:00:00,0.91,90.21446,1.0
2017-06-20 06:00:00,0.13,277.64224,1.0
2017-06-20 07:00:00,0.41,493.54446,1.0
2017-06-20 08:00:00,0.0,703.2872,1.0
2017-06-20 09:00:00,0.0,869.15094,1.0
2017-06-20 10:00:00,0.29,969.85126,1.0
2017-06-20 11:00:00,0.49,912.0976,1.0
2017-06-20 12:00:00,0.86,881.92285,1.0
2017-06-20 13:00:00,0.94,556.4245,1.0
2017-06-20 14:00:00,0.94,532.61316,1.0
2017-06-20 15:00:00,0.98,418.23434,1.0
2017-06-20 16:00:00,0.08,453.03317,1.0
2017-06-20 17:00:00,0.11,169.63185,1.0
2017-06-20 18:00:00,0.82,74.70481,1.0
2017-06-20 19:00:00,0.22,4.974173,0.53
2017-06-20 20:00:00,0.56,0.0,0.0
2017-06-20 21:00:00,0.89,0.0,0.0
2017-06-20 22:00:00,1.0,0.0,0.0
2017-06-20 23:00:00,0.85,0.0,0.0
2017-06-21 00:00:00,0.02,0.0,0.0
2017-06-21 01:00:00,0.04,0.0,0.0
2017-06-21 02:00:00,0.0,0.0,0.0
2017-06-21 03:00:00,0.0,0.0,0.0
2017-06-21 04:00:00,0.37,4.150543,0.4533333333333333
2017-06-21 05:00:00,0.7,85.017296,1.0
2017-06-21 06:00:00,0.36,269.6475,1.0
2017-06-21 07:00:00,0.0,499.39642,1.0
2017-06-21 08:00:00,0.0,699.29803,1.0
2017-06-21 09:00:00,0.0,868.2159,1.0
2017-06-21 10:00:00,0.43,734.75433,1.0
2017-06-21 11:00:00,0.62,880.4066,1.0
2017-06-21 12:00:00,0.58,934.9322,1.0
2017-06-21 13:00:00,0.76,758.7151,1.0
2017-06-21 14:00:00,0.9,588.80646,1.0
2017-06-21 15:00:00,0.14,595.2359,1.0
2017-06-21 16:00:00,0.75,405.69183,1.0
2017-06-21 17:00:00,0.95,235.44191,1.0
2017-06-21 18:00:00,0.46,68.51529,1.0
2017-06-21 19:00:00,0.05,5.968096,0.5333333333333333
2017-06-21 20:00:00,0.0,0.0,0.0
2017-06-21 21:00:00,0.0,0.0,0.0
2017-06-21 22:00:00,0.48,0.0,0.0
2017-06-21 23:00:00,1.0,0.0,0.0
2017-06-22 00:00:00,1.0,0.0,0.0
2017-06-22 01:00:00,1.0,0.0,0.0
2017-06-22 02:00:00,0.27,0.0,0.0
2017-06-22 03:00:00,0.13,0.0,0.0
2017-06-22 04:00:00,0.0,3.3186297,0.44916666666666666
2017-06-22 05:00:00,0.0,95.87633,1.0
2017-06-22 06:00:00,0.62,277.561,1.0
2017-06-22 07:00:00,0.96,350.77,1.0
2017-06-22 08:00:00,0.36,639.9472,1.0
2017-06-22 09:00:00,0.48,796.4344,1.0
2017-06-22 10:00:00,0.54,908.1258,1.0
2017-06-22 11:00:00,0.54,737.34753,1.0
2017-06-22 12:00:00,0.83,739.1529,1.0
2017-06-22 13:00:00,0.69,639.7952,1.0
2017-06-22 14:00:00,0.6,633.2508,1.0
2017-06-22 15:00:00,0.27,641.6523,1.0
2017-06-22 16:00:00,0.82,266.77032,1.0
2017-06-22 17:00:00,0.59,77.526,1.0
2017-06-22 18:00:00,1.0,26.835924,1.0
2017-06-22 19:00:00,0.98,3.9756923,0.5363888888888889
2017-06-22 20:00:00,1.0,0.0,0.0
2017-06-22 21:00:00,0.93,0.0,0.0
2017-06-22 22:00:00,0.0,0.0,0.0
2017-06-22 23:00:00,0.01,0.0,0.0
2017-06-23 00:00:00,0.02,0.0,0.0
2017-06-23 01:00:00,0.22,0.0,0.0
2017-06-23 02:00:00,1.0,0.0,0.0
2017-06-23 03:00:00,1.0,0.0,0.0
2017-06-23 04:00:00,1.0,0.99392307,0.4444444444444444
2017-06-23 05:00:00,1.0,13.914923,1.0
2017-06-23 06:00:00,1.0,51.680054,1.0
2017-06-23 07:00:00,1.0,65.59892,1.0
2017-06-23 08:00:00,1.0,247.85521,1.0
2017-06-23 09:00:00,1.0,418.8369,1.0
2017-06-23 10:00:00,1.0,353.06064,1.0
2017-06-23 11:00:00,1.0,480.99637,1.0
2017-06-23 12:00:00,0.79,702.40656,1.0
2017-06-23 13:00:00,0.63,608.362,1.0
2017-06-23 14:00:00,0.56,534.8294,1.0
2017-06-23 15:00:00,0.81,507.61398,1.0
2017-06-23 16:00:00,0.53,359.85413,1.0
2017-06-23 17:00:00,0.33,111.11185,1.0
2017-06-23 18:00:00,0.22,47.42643,1.0
2017-06-23 19:00:00,0.57,2.9832883,0.5388888888888889
2017-06-23 20:00:00,0.19,0.0,0.0
2017-06-23 21:00:00,0.26,0.0,0.0
2017-06-23 22:00:00,0.61,0.0,0.0
2017-06-23 23:00:00,0.24,0.0,0.0
2017-06-24 00:00:00,0.48,0.0,0.0
2017-06-24 01:00:00,0.62,0.0,0.0
2017-06-24 02:00:00,0.38,0.0,0.0
2017-06-24 03:00:00,0.12,0.0,0.0
2017-06-24 04:00:00,0.22,3.136296,0.43916666666666665
2017-06-24 05:00:00,0.75,67.81324,1.0
2017-06-24 06:00:00,1.0,158.7726,1.0
2017-06-24 07:00:00,1.0,277.04797,1.0
2017-06-24 08:00:00,1.0,455.84634,1.0
2017-06-24 09:00:00,1.0,608.44025,1.0
2017-06-24 10:00:00,1.0,636.4798,1.0
2017-06-24 11:00:00,1.0,703.4274,1.0
2017-06-24 12:00:00,0.93,658.5124,1.0
2017-06-24 13:00:00,0.88,632.96783,1.0
2017-06-24 14:00:00,0.74,505.9197,1.0
2017-06-24 15:00:00,0.22,291.64304,1.0
2017-06-24 16:00:00,0.57,190.1805,1.0
2017-06-24 17:00:00,0.47,200.18394,1.0
2017-06-24 18:00:00,0.27,48.900143,1.0
2017-06-24 19:00:00,0.23,3.978731,0.5408333333333334
2017-06-24 20:00:00,0.37,0.0,0.0
2017-06-24 21:00:00,0.45,0.0,0.0
2017-06-24 22:00:00,0.49,0.0,0.0
2017-06-24 23:00:00,0.35,0.0,0.0
2017-06-25 00:00:00,0.3,0.0,0.0
2017-06-25 01:00:00,0.31,0.0,0.0
2017-06-25 02:00:00,0.14,0.0,0.0
2017-06-25 03:00:00,0.0,0.0,0.0
2017-06-25 04:00:00,0.0,4.122656,0.43333333333333335
2017-06-25 05:00:00,0.0,92.657326,1.0
2017-06-25 06:00:00,0.03,280.39056,1.0
2017-06-25 07:00:00,0.01,492.01306,1.0
2017-06-25 08:00:00,0.0,673.45465,1.0
2017-06-25 09:00:00,0.12,756.45496,1.0
2017-06-25 10:00:00,0.08,882.73785,1.0
2017-06-25 11:00:00,0.87,842.7085,1.0
2017-06-25 12:00:00,0.63,856.3116,1.0
2017-06-25 13:00:00,0.66,831.6433,1.0
2017-06-25 14:00:00,0.72,766.97534,1.0
2017-06-25 15:00:00,0.87,551.39813,1.0
2017-06-25 16:00:00,0.04,417.12256,1.0
2017-06-25 17:00:00,0.28,235.75024,1.0
2017-06-25 18:00:00,0.19,55.6044,1.0
2017-06-25 19:00:00,0.22,2.9832883,0.5425
2017-06-25 20:00:00,0.97,0.0,0.0
2017-06-25 21:00:00,0.53,0.0,0.0
2017-06-25 22:00:00,0.42,0.0,0.0
2017-06-25 23:00:00,0.74,0.0,0.0
2017-06-26 00:00:00,0.32,0.0,0.0
2017-06-26 01:00:00,0.12,0.0,0.0
2017-06-26 02:00:00,0.05,0.0,0.0
2017-06-26 03:00:00,0.01,0.0,0.0
2017-06-26 04:00:00,0.0,4.1147676,0.4272222222222222
2017-06-26 05:00:00,0.0,92.23493,1.0
2017-06-26 06:00:00,0.01,282.3781,1.0
2017-06-26 07:00:00,0.0,497.29636,1.0
2017-06-26 08:00:00,0.0,699.51,1.0
2017-06-26 09:00:00,0.0,866.26013,1.0
2017-06-26 10:00:00,0.04,989.6805,1.0
2017-06-26 11:00:00,0.78,788.00964,1.0
2017-06-26 12:00:00,0.4,877.3409,1.0
2017-06-26 13:00:00,0.39,774.4835,1.0
2017-06-26 14:00:00,1.0,643.812,1.0
2017-06-26 15:00:00,0.89,558.22687,1.0
2017-06-26 16:00:00,0.96,341.0933,1.0
2017-06-26 17:00:00,0.43,229.83786,1.0
2017-06-26 18:00:00,0.37,73.83922,1.0
2017-06-26 19:00:00,0.05,5.9665766,0.5436111111111112
2017-06-26 20:00:00,0.0,0.0,0.0
2017-06-26 21:00:00,0.0,0.0,0.0
2017-06-26 22:00:00,0.0,0.0,0.0
2017-06-26 23:00:00,0.0,0.0,0.0
2017-06-27 00:00:00,0.11,0.0,0.0
2017-06-27 01:00:00,0.11,0.0,0.0
2017-06-27 02:00:00,0.15,0.0,0.0
2017-06-27 03:00:00,0.14,0.0,0.0
2017-06-27 04:00:00,0.25,4.1064796,0.42055555555555557
2017-06-27 05:00:00,0.2,92.97456,1.0
2017-06-27 06:00:00,0.28,254.75769,1.0
2017-06-27 07:00:00,0.48,465.0867,1.0
2017-06-27 08:00:00,0.24,625.3825,1.0
2017-06-27 09:00:00,0.62,779.2012,1.0
2017-06-27 10:00:00,0.08,880.2574,1.0
2017-06-27 11:00:00,0.75,898.9804,1.0
2017-06-27 12:00:00,0.7,741.5532,1.0
2017-06-27 13:00:00,0.96,644.1332,1.0
2017-06-27 14:00:00,1.0,580.5783,1.0
2017-06-27 15:00:00,0.56,424.12772,1.0
2017-06-27 16:00:00,0.38,430.73273,1.0
2017-06-27 17:00:00,0.06,220.13087,1.0
2017-06-27 18:00:00,0.55,71.33402,1.0
2017-06-27 19:00:00,0.14,4.9756923,0.5441666666666667
2017-06-27 20:00:00,0.0,0.0,0.0
2017-06-27 21:00:00,0.46,0.0,0.0
2017-06-27 22:00:00,0.0,0.0,0.0
2017-06-27 23:00:00,0.0,0.0,0.0
2017-06-28 00:00:00,0.0,0.0,0.0
2017-06-28 01:00:00,0.0,0.0,0.0
2017-06-28 02:00:00,0.0,0.0,0.0
2017-06-28 03:00:00,0.0,0.0,0.0
2017-06-28 04:00:00,0.0,3.1038601,0.41333333333333333
2017-06-28 05:00:00,0.0,85.26113,1.0
2017-06-28 06:00:00,0.0,281.4135,1.0
2017-06-28 07:00:00,0.0,489.1019,1.0
2017-06-28 08:00:00,0.33,642.60297,1.0
2017-06-28 09:00:00,0.11,802.87317,1.0
2017-06-28 10:00:00,0.63,792.80743,1.0
2017-06-28 11:00:00,0.38,856.902,1.0
2017-06-28 12:00:00,0.52,805.07733,1.0
2017-06-28 13:00:00,0.69,750.9099,1.0
2017-06-28 14:00:00,0.68,614.204,1.0
2017-06-28 15:00:00,0.65,478.15665,1.0
2017-06-28 16:00:00,0.79,412.5231,1.0
2017-06-28 17:00:00,0.36,219.07126,1.0
2017-06-28 18:00:00,0.18,70.870186,1.0
2017-06-28 19:00:00,0.24,5.9665766,0.5441666666666667
2017-06-28 20:00:00,0.02,0.0,0.0
2017-06-28 21:00:00,0.71,0.0,0.0
2017-06-28 22:00:00,0.08,0.0,0.0
2017-06-28 23:00:00,0.01,0.0,0.0
2017-06-29 00:00:00,0.0,0.0,0.0
2017-06-29 01:00:00,0.0,0.0,0.0
2017-06-29 02:00:00,0.0,0.0,0.0
2017-06-29 03:00:00,0.0,0.0,0.0
2017-06-29 04:00:00,0.0,3.094859,0.4058333333333333
2017-06-29 05:00:00,0.0,90.99887,1.0
2017-06-29 06:00:00,0.0,284.41806,1.0
2017-06-29 07:00:00,0.0,499.7553,1.0
2017-06-29 08:00:00,0.0,698.9199,1.0
2017-06-29 09:00:00,0.29,816.3914,1.0
2017-06-29 10:00:00,0.51,858.70703,1.0
2017-06-29 11:00:00,0.59,771.5932,1.0
2017-06-29 12:00:00,0.12,984.8541,1.0
2017-06-29 13:00:00,0.95,708.747,1.0
2017-06-29 14:00:00,0.96,462.75208,1.0
2017-06-29 15:00:00,0.95,380.0271,1.0
2017-06-29 16:00:00,0.97,315.05356,1.0
2017-06-29 17:00:00,0.89,188.899,1.0
2017-06-29 18:00:00,0.86,51.336143,1.0
2017-06-29 19:00:00,0.84,5.9665766,0.5438888888888889
2017-06-29 20:00:00,0.27,0.0,0.0
2017-06-29 21:00:00,0.31,0.0,0.0
2017-06-29 22:00:00,0.44,0.0,0.0
2017-06-29 23:00:00,0.13,0.0,0.0
2017-06-30 00:00:00,0.92,0.0,0.0
2017-06-30 01:00:00,1.0,0.0,0.0
2017-06-30 02:00:00,1.0,0.0,0.0
2017-06-30 03:00:00,1.0,0.0,0.0
2017-06-30 04:00:00,1.0,0.99392307,0.3977777777777778
2017-06-30 05:00:00,1.0,74.98222,1.0
2017-06-30 06:00:00,0.18,276.5279,1.0
2017-06-30 07:00:00,0.13,473.9658,1.0
2017-06-30 08:00:00,0.67,568.98694,1.0
2017-06-30 09:00:00,0.61,688.312,1.0
2017-06-30 10:00:00,0.51,691.4948,1.0
2017-06-30 11:00:00,0.69,660.44763,1.0
2017-06-30 12:00:00,0.45,684.2289,1.0
2017-06-30 13:00:00,0.74,776.4803,1.0
2017-06-30 14:00:00,0.31,678.62506,1.0
2017-06-30 15:00:00,0.42,590.7619,1.0
2017-06-30 16:00:00,0.24,438.2861,1.0
2017-06-30 17:00:00,0.25,224.70973,1.0
2017-06-30 18:00:00,0.28,69.35527,1.0
2017-06-30 19:00:00,0.32,4.972654,0.5427777777777778
2017-06-30 20:00:00,0.41,0.0,0.0
2017-06-30 21:00:00,0.18,0.0,0.0
2017-06-30 22:00:00,0.08,0.0,0.0
2017-06-30 23:00:00,0.03,0.0,0.0
2017-07-01 00:00:00,0.0,0.0,0.0
2017-07-01 01:00:00,0.0,0.0,0.0
2017-07-01 02:00:00,0.0,0.0,0.0
2017-07-01 03:00:00,0.0,0.0,0.0
2017-07-01 04:00:00,0.0,3.075682,0.38972222222222225
2017-07-01 05:00:00,0.0,90.84499,1.0
2017-07-01 06:00:00,0.0,285.51517,1.0
2017-07-01 07:00:00,0.0,503.0602,1.0
2017-07-01 08:00:00,0.0,707.5772,1.0
2017-07-01 09:00:00,0.0,875.5974,1.0
2017-07-01 10:00:00,0.0,993.4554,1.0
2017-07-01 11:00:00,0.0,1048.6309,1.0
2017-07-01 12:00:00,0.02,1037.5869,1.0
2017-07-01 13:00:00,0.14,926.33075,1.0
2017-07-01 14:00:00,0.41,755.04095,1.0
2017-07-01 15:00:00,0.52,609.38806,1.0
2017-07-01 16:00:00,0.48,443.4214,1.0
2017-07-01 17:00:00,0.28,238.66559,1.0
2017-07-01 18:00:00,0.37,74.07228,1.0
2017-07-01 19:00:00,0.0,5.968096,0.5413888888888889
2017-07-01 20:00:00,0.02,0.0,0.0
2017-07-01 21:00:00,0.02,0.0,0.0
2017-07-01 22:00:00,0.0,0.0,0.0
2017-07-01 23:00:00,0.0,0.0,0.0
2017-07-02 00:00:00,0.0,0.0,0.0
2017-07-02 01:00:00,0.0,0.0,0.0
2017-07-02 02:00:00,0.0,0.0,0.0
2017-07-02 03:00:00,0.0,0.0,0.0
2017-07-02 04:00:00,0.22,3.0655057,0.3811111111111111
2017-07-02 05:00:00,0.54,88.14672,1.0
2017-07-02 06:00:00,0.0,284.5969,1.0
2017-07-02 07:00:00,0.21,501.06177,1.0
2017-07-02 08:00:00,0.77,687.1584,1.0
2017-07-02 09:00:00,0.9,842.63324,1.0
2017-07-02 10:00:00,0.79,880.8343,1.0
2017-07-02 11:00:00,0.75,741.2878,1.0
2017-07-02 12:00:00,1.0,620.20605,1.0
2017-07-02 13:00:00,0.99,615.6325,1.0
2017-07-02 14:00:00,0.95,632.438,1.0
2017-07-02 15:00:00,0.96,470.51114,1.0
2017-07-02 16:00:00,0.99,319.3068,1.0
2017-07-02 17:00:00,0.99,214.86159,1.0
2017-07-02 18:00:00,0.98,79.3126,1.0
2017-07-02 19:00:00,0.94,6.9605,0.5391666666666667
2017-07-02 20:00:00,0.98,0.0,0.0
2017-07-02 21:00:00,0.97,0.0,0.0
2017-07-02 22:00:00,0.98,0.0,0.0
2017-07-02 23:00:00,0.98,0.0,0.0
2017-07-03 00:00:00,1.0,0.0,0.0
2017-07-03 01:00:00,0.97,0.0,0.0
2017-07-03 02:00:00,0.92,0.0,0.0
2017-07-03 03:00:00,0.88,0.0,0.0
2017-07-03 04:00:00,0.86,2.981769,0.37194444444444447
2017-07-03 05:00:00,0.93,85.99442,1.0
2017-07-03 06:00:00,0.3,245.07098,1.0
2017-07-03 07:00:00,0.92,421.65952,1.0
2017-07-03 08:00:00,0.6,599.1651,1.0
2017-07-03 09:00:00,0.46,826.5892,1.0
2017-07-03 10:00:00,0.8,727.0192,1.0
2017-07-03 11:00:00,0.79,706.19507,1.0
2017-07-03 12:00:00,0.72,684.25977,1.0
2017-07-03 13:00:00,0.51,721.1707,1.0
2017-07-03 14:00:00,0.28,738.6135,1.0
2017-07-03 15:00:00,0.74,534.5189,1.0
2017-07-03 16:00:00,0.58,386.327,1.0
2017-07-03 17:00:00,0.26,208.94336,1.0
2017-07-03 18:00:00,0.24,69.52271,1.0
2017-07-03 19:00:00,0.18,5.9665766,0.5363888888888889
2017-07-03 20:00:00,0.13,0.0,0.0
2017-07-03 21:00:00,0.05,0.0,0.0
2017-07-03 22:00:00,0.05,0.0,0.0
2017-07-03 23:00:00,0.0,0.0,0.0
2017-07-04 00:00:00,0.01,0.0,0.0
2017-07-04 01:00:00,0.02,0.0,0.0
2017-07-04 02:00:00,0.37,0.0,0.0
2017-07-04 03:00:00,0.78,0.0,0.0
2017-07-04 04:00:00,0.7,2.981769,0.36277777777777775
2017-07-04 05:00:00,0.06,85.392555,1.0
2017-07-04 06:00:00,0.06,268.92648,1.0
2017-07-04 07:00:00,0.15,474.69034,1.0
2017-07-04 08:00:00,0.19,668.79114,1.0
2017-07-04 09:00:00,0.12,851.224,1.0
2017-07-04 10:00:00,0.86,847.7476,1.0
2017-07-04 11:00:00,0.66,729.5408,1.0
2017-07-04 12:00:00,0.66,998.33636,1.0
2017-07-04 13:00:00,0.69,708.3695,1.0
2017-07-04 14:00:00,0.95,585.07294,1.0
2017-07-04 15:00:00,0.72,451.16266,1.0
2017-07-04 16:00:00,0.92,368.01608,1.0
2017-07-04 17:00:00,0.94,180.9963,1.0
2017-07-04 18:00:00,1.0,59.387512,1.0
2017-07-04 19:00:00,0.83,5.9650574,0.5333333333333333
2017-07-04 20:00:00,0.73,0.0,0.0
2017-07-04 21:00:00,0.02,0.0,0.0
2017-07-04 22:00:00,0.0,0.0,0.0
2017-07-04 23:00:00,0.17,0.0,0.0
2017-07-05 00:00:00,0.0,0.0,0.0
2017-07-05 01:00:00,0.0,0.0,0.0
2017-07-05 02:00:00,0.0,0.0,0.0
2017-07-05 03:00:00,0.0,0.0,0.0
2017-07-05 04:00:00,0.0,2.0391722,0.35333333333333333
2017-07-05 05:00:00,0.0,83.708336,1.0
2017-07-05 06:00:00,0.0,274.97092,1.0
2017-07-05 07:00:00,0.0,489.3501,1.0
2017-07-05 08:00:00,0.0,692.7793,1.0
2017-07-05 09:00:00,0.0,855.1833,1.0
2017-07-05 10:00:00,0.0,977.651,1.0
2017-07-05 11:00:00,0.93,883.942,1.0
2017-07-05 12:00:00,0.73,918.4145,1.0
2017-07-05 13:00:00,0.84,743.1565,1.0
2017-07-05 14:00:00,1.0,617.00665,1.0
2017-07-05 15:00:00,0.79,566.131,1.0
2017-07-05 16:00:00,0.74,392.38254,1.0
2017-07-05 17:00:00,0.92,189.75014,1.0
2017-07-05 18:00:00,1.0,49.83479,1.0
2017-07-05 19:00:00,0.99,4.9711347,0.5294444444444445
2017-07-05 20:00:00,0.6,0.0,0.0
2017-07-05 21:00:00,0.5,0.0,0.0
2017-07-05 22:00:00,0.5,0.0,0.0
2017-07-05 23:00:00,0.12,0.0,0.0
2017-07-06 00:00:00,0.0,0.0,0.0
2017-07-06 01:00:00,0.0,0.0,0.0
2017-07-06 02:00:00,0.0,0.0,0.0
2017-07-06 03:00:00,0.0,0.0,0.0
2017-07-06 04:00:00,0.0,2.0275362,0.3436111111111111
2017-07-06 05:00:00,0.0,82.66084,1.0
2017-07-06 06:00:00,0.0,275.09363,1.0
2017-07-06 07:00:00,0.0,488.5268,1.0
2017-07-06 08:00:00,0.0,692.10504,1.0
2017-07-06 09:00:00,0.05,855.6515,1.0
2017-07-06 10:00:00,0.15,901.4373,1.0
2017-07-06 11:00:00,0.31,981.074,1.0
2017-07-06 12:00:00,0.88,762.49005,1.0
2017-07-06 13:00:00,0.81,616.1858,1.0
2017-07-06 14:00:00,1.0,362.75214,1.0
2017-07-06 15:00:00,0.96,502.47086,1.0
2017-07-06 16:00:00,0.97,281.4962,1.0
2017-07-06 17:00:00,0.76,123.04679,1.0
2017-07-06 18:00:00,0.62,73.91148,1.0
2017-07-06 19:00:00,0.35,4.972654,0.525
2017-07-06 20:00:00,0.17,0.0,0.0
2017-07-06 21:00:00,0.01,0.0,0.0
2017-07-06 22:00:00,0.0,0.0,0.0
2017-07-06 23:00:00,0.0,0.0,0.0
2017-07-07 00:00:00,0.0,0.0,0.0
2017-07-07 01:00:00,0.0,0.0,0.0
2017-07-07 02:00:00,0.0,0.0,0.0
2017-07-07 03:00:00,0.0,0.0,0.0
2017-07-07 04:00:00,0.0,2.0157053,0.3338888888888889
2017-07-07 05:00:00,0.0,77.48777,1.0
2017-07-07 06:00:00,0.15,262.31696,1.0
2017-07-07 07:00:00,0.17,473.86957,1.0
2017-07-07 08:00:00,0.4,653.7526,1.0
2017-07-07 09:00:00,0.4,818.37885,1.0
2017-07-07 10:00:00,0.66,811.6992,1.0
2017-07-07 11:00:00,0.58,823.3231,1.0
2017-07-07 12:00:00,0.88,930.508,1.0
2017-07-07 13:00:00,0.72,607.14514,1.0
2017-07-07 14:00:00,0.9,544.6664,1.0
2017-07-07 15:00:00,0.94,408.16138,1.0
2017-07-07 16:00:00,0.82,379.11444,1.0
2017-07-07 17:00:00,0.71,89.45308,1.0
2017-07-07 18:00:00,0.99,62.086452,1.0
2017-07-07 19:00:00,0.0,4.974173,0.52
2017-07-07 20:00:00,0.0,0.0,0.0
2017-07-07 21:00:00,0.1,0.0,0.0
2017-07-07 22:00:00,0.0,0.0,0.0
2017-07-07 23:00:00,0.0,0.0,0.0
2017-07-08 00:00:00,0.09,0.0,0.0
2017-07-08 01:00:00,0.12,0.0,0.0
2017-07-08 02:00:00,0.07,0.0,0.0
2017-07-08 03:00:00,0.12,0.0,0.0
2017-07-08 04:00:00,0.19,1.9878461,0.3236111111111111
2017-07-08 05:00:00,0.02,69.97826,1.0
2017-07-08 06:00:00,0.38,226.66245,1.0
2017-07-08 07:00:00,0.33,435.44907,1.0
2017-07-08 08:00:00,0.03,678.08966,1.0
2017-07-08 09:00:00,0.05,827.02924,1.0
2017-07-08 10:00:00,0.17,910.7616,1.0
2017-07-08 11:00:00,0.31,954.2873,1.0
2017-07-08 12:00:00,0.71,601.9979,1.0
2017-07-08 13:00:00,0.64,742.8434,1.0
2017-07-08 14:00:00,0.87,645.2334,1.0
2017-07-08 15:00:00,0.86,476.76187,1.0
2017-07-08 16:00:00,0.66,341.46164,1.0
2017-07-08 17:00:00,0.54,209.80956,1.0
2017-07-08 18:00:00,0.05,71.9541,1.0
2017-07-08 19:00:00,0.39,4.972654,0.5141666666666667
2017-07-08 20:00:00,0.27,0.0,0.0
2017-07-08 21:00:00,0.09,0.0,0.0
2017-07-08 22:00:00,0.01,0.0,0.0
2017-07-08 23:00:00,0.0,0.0,0.0
2017-07-09 00:00:00,0.0,0.0,0.0
2017-07-09 01:00:00,0.0,0.0,0.0
2017-07-09 02:00:00,0.0,0.0,0.0
2017-07-09 03:00:00,0.0,0.0,0.0
2017-07-09 04:00:00,0.0,1.9878461,0.31305555555555553
2017-07-09 05:00:00,0.0,78.29416,1.0
2017-07-09 06:00:00,0.0,266.5959,1.0
2017-07-09 07:00:00,0.0,481.01416,1.0
2017-07-09 08:00:00,0.0,683.4922,1.0
2017-07-09 09:00:00,0.0,852.664,1.0
2017-07-09 10:00:00,0.0,959.5796,1.0
2017-07-09 11:00:00,0.56,1001.4305,1.0
2017-07-09 12:00:00,0.17,861.6776,1.0
2017-07-09 13:00:00,0.79,676.3123,1.0
2017-07-09 14:00:00,0.79,644.3698,1.0
2017-07-09 15:00:00,0.49,605.59045,1.0
2017-07-09 16:00:00,0.52,450.96378,1.0
2017-07-09 17:00:00,0.32,246.13152,1.0
2017-07-09 18:00:00,0.13,71.37895,1.0
2017-07-09 19:00:00,0.03,4.974173,0.5080555555555556
2017-07-09 20:00:00,0.01,0.0,0.0
2017-07-09 21:00:00,0.03,0.0,0.0
2017-07-09 22:00:00,0.0,0.0,0.0
2017-07-09 23:00:00,0.0,0.0,0.0
2017-07-10 00:00:00,0.0,0.0,0.0
2017-07-10 01:00:00,0.21,0.0,0.0
2017-07-10 02:00:00,0.69,0.0,0.0
2017-07-10 03:00:00,0.82,0.0,0.0
2017-07-10 04:00:00,0.08,1.9878461,0.30194444444444446
2017-07-10 05:00:00,0.0,71.78825,1.0
2017-07-10 06:00:00,0.13,251.81781,1.0
2017-07-10 07:00:00,0.13,460.0452,1.0
2017-07-10 08:00:00,0.52,677.4609,1.0
2017-07-10 09:00:00,0.74,844.34686,1.0
2017-07-10 10:00:00,0.67,757.62103,1.0
2017-07-10 11:00:00,0.64,869.3793,1.0
2017-07-10 12:00:00,0.76,795.8877,1.0
2017-07-10 13:00:00,0.98,573.9226,1.0
2017-07-10 14:00:00,0.87,567.8615,1.0
2017-07-10 15:00:00,0.9,430.34888,1.0
2017-07-10 16:00:00,0.94,306.92838,1.0
2017-07-10 17:00:00,0.99,138.23714,1.0
2017-07-10 18:00:00,0.55,68.300934,1.0
2017-07-10 19:00:00,0.75,4.9711347,0.5013888888888889
2017-07-10 20:00:00,0.92,0.0,0.0
2017-07-10 21:00:00,0.88,0.0,0.0
2017-07-10 22:00:00,0.33,0.0,0.0
2017-07-10 23:00:00,0.83,0.0,0.0
2017-07-11 00:00:00,0.96,0.0,0.0
2017-07-11 01:00:00,0.79,0.0,0.0
2017-07-11 02:00:00,0.18,0.0,0.0
2017-07-11 03:00:00,0.29,0.0,0.0
2017-07-11 04:00:00,0.17,1.9878461,0.29055555555555557
2017-07-11 05:00:00,0.12,69.519516,1.0
2017-07-11 06:00:00,0.26,218.05525,1.0
2017-07-11 07:00:00,0.81,268.79315,1.0
2017-07-11 08:00:00,0.95,456.60666,1.0
2017-07-11 09:00:00,0.9,680.66693,1.0
2017-07-11 10:00:00,0.97,671.64075,1.0
2017-07-11 11:00:00,0.93,869.9231,1.0
2017-07-11 12:00:00,0.92,869.693,1.0
2017-07-11 13:00:00,0.96,798.0814,1.0
2017-07-11 14:00:00,0.95,482.35394,1.0
2017-07-11 15:00:00,0.99,365.6558,1.0
2017-07-11 16:00:00,1.0,288.67386,1.0
2017-07-11 17:00:00,1.0,157.49683,1.0
2017-07-11 18:00:00,0.99,38.53015,1.0
2017-07-11 19:00:00,0.99,3.9756923,0.4938888888888889
2017-07-11 20:00:00,1.0,0.0,0.0
2017-07-11 21:00:00,1.0,0.0,0.0
2017-07-11 22:00:00,1.0,0.0,0.0
2017-07-11 23:00:00,1.0,0.0,0.0
2017-07-12 00:00:00,1.0,0.0,0.0
2017-07-12 01:00:00,0.98,0.0,0.0
2017-07-12 02:00:00,0.85,0.0,0.0
2017-07-12 03:00:00,0.7,0.0,0.0
2017-07-12 04:00:00,0.64,0.0,0.2786111111111111
2017-07-12 05:00:00,0.88,40.004826,1.0
2017-07-12 06:00:00,0.99,144.30525,1.0
2017-07-12 07:00:00,1.0,193.80005,1.0
2017-07-12 08:00:00,0.97,275.11697,1.0
2017-07-12 09:00:00,0.98,360.27905,1.0
2017-07-12 10:00:00,0.96,579.92377,1.0
2017-07-12 11:00:00,0.98,270.9202,1.0
2017-07-12 12:00:00,0.98,418.79578,1.0
2017-07-12 13:00:00,0.88,508.11404,1.0
2017-07-12 14:00:00,0.91,283.40363,1.0
2017-07-12 15:00:00,1.0,122.18554,1.0
2017-07-12 16:00:00,0.99,178.02057,1.0
2017-07-12 17:00:00,1.0,136.12486,1.0
2017-07-12 18:00:00,1.0,16.896692,1.0
2017-07-12 19:00:00,0.99,0.99392307,0.4861111111111111
2017-07-12 20:00:00,1.0,0.0,0.0
2017-07-12 21:00:00,1.0,0.0,0.0
2017-07-12 22:00:00,1.0,0.0,0.0
2017-07-12 23:00:00,0.98,0.0,0.0
2017-07-13 00:00:00,0.98,0.0,0.0
2017-07-13 01:00:00,0.98,0.0,0.0
2017-07-13 02:00:00,0.96,0.0,0.0
2017-07-13 03:00:00,0.91,0.0,0.0
2017-07-13 04:00:00,0.17,0.0,0.2663888888888889
2017-07-13 05:00:00,0.07,65.555695,1.0
2017-07-13 06:00:00,0.13,240.36357,1.0
2017-07-13 07:00:00,0.21,449.20175,1.0
2017-07-13 08:00:00,0.27,632.80835,1.0
2017-07-13 09:00:00,0.28,794.5347,1.0
2017-07-13 10:00:00,0.22,914.6478,1.0
2017-07-13 11:00:00,0.07,929.34503,1.0
2017-07-13 12:00:00,0.13,909.02875,1.0
2017-07-13 13:00:00,0.52,667.7865,1.0
2017-07-13 14:00:00,0.68,501.71558,1.0
2017-07-13 15:00:00,0.73,353.60513,1.0
2017-07-13 16:00:00,0.76,356.72964,1.0
2017-07-13 17:00:00,0.56,163.85576,1.0
2017-07-13 18:00:00,0.78,43.78752,1.0
2017-07-13 19:00:00,0.97,4.9696155,0.4777777777777778
2017-07-13 20:00:00,0.78,0.0,0.0
2017-07-13 21:00:00,0.65,0.0,0.0
2017-07-13 22:00:00,0.37,0.0,0.0
2017-07-13 23:00:00,0.45,0.0,0.0
2017-07-14 00:00:00,0.43,0.0,0.0
2017-07-14 01:00:00,0.47,0.0,0.0
2017-07-14 02:00:00,0.4,0.0,0.0
2017-07-14 03:00:00,0.36,0.0,0.0
2017-07-14 04:00:00,0.0,0.0,0.2538888888888889
2017-07-14 05:00:00,0.0,65.64894,1.0
2017-07-14 06:00:00,0.07,226.56134,1.0
2017-07-14 07:00:00,0.21,426.45767,1.0
2017-07-14 08:00:00,0.09,581.726,1.0
2017-07-14 09:00:00,0.21,724.78955,1.0
2017-07-14 10:00:00,0.15,777.5319,1.0
2017-07-14 11:00:00,0.34,737.4351,1.0
2017-07-14 12:00:00,0.51,642.31964,1.0
2017-07-14 13:00:00,0.61,588.283,1.0
2017-07-14 14:00:00,0.79,451.06415,1.0
2017-07-14 15:00:00,0.9,334.0798,1.0
2017-07-14 16:00:00,0.93,185.66037,1.0
2017-07-14 17:00:00,0.89,130.4247,1.0
2017-07-14 18:00:00,1.0,20.872385,1.0
2017-07-14 19:00:00,1.0,1.9878461,0.4688888888888889
2017-07-14 20:00:00,1.0,0.0,0.0
2017-07-14 21:00:00,1.0,0.0,0.0
2017-07-14 22:00:00,1.0,0.0,0.0
2017-07-14 23:00:00,0.71,0.0,0.0
2017-07-15 00:00:00,0.36,0.0,0.0
2017-07-15 01:00:00,0.56,0.0,0.0
2017-07-15 02:00:00,0.94,0.0,0.0
2017-07-15 03:00:00,0.93,0.0,0.0
2017-07-15 04:00:00,0.9,0.0,0.2411111111111111
2017-07-15 05:00:00,0.93,18.884539,1.0
2017-07-15 06:00:00,1.0,160.43971,1.0
2017-07-15 07:00:00,0.88,357.43167,1.0
2017-07-15 08:00:00,0.94,334.91513,1.0
2017-07-15 09:00:00,0.99,483.9889,1.0
2017-07-15 10:00:00,1.0,669.6861,1.0
2017-07-15 11:00:00,0.78,823.36395,1.0
2017-07-15 12:00:00,0.63,832.9447,1.0
2017-07-15 13:00:00,0.26,740.1752,1.0
2017-07-15 14:00:00,0.5,471.20044,1.0
2017-07-15 15:00:00,0.63,473.8947,1.0
2017-07-15 16:00:00,0.24,383.4269,1.0
2017-07-15 17:00:00,0.32,145.48024,1.0
2017-07-15 18:00:00,0.55,48.85055,1.0
2017-07-15 19:00:00,0.32,2.9832883,0.45944444444444443
2017-07-15 20:00:00,0.16,0.0,0.0
2017-07-15 21:00:00,0.0,0.0,0.0
2017-07-15 22:00:00,0.0,0.0,0.0
2017-07-15 23:00:00,0.0,0.0,0.0
2017-07-16 00:00:00,0.0,0.0,0.0
2017-07-16 01:00:00,0.0,0.0,0.0
2017-07-16 02:00:00,0.0,0.0,0.0
2017-07-16 03:00:00,0.0,0.0,0.0
2017-07-16 04:00:00,0.0,0.0,0.22805555555555557
2017-07-16 05:00:00,0.0,64.50962,1.0
2017-07-16 06:00:00,0.0,226.90749,1.0
2017-07-16 07:00:00,0.0,461.3763,1.0
2017-07-16 08:00:00,0.0,650.88055,1.0
2017-07-16 09:00:00,0.01,811.3161,1.0
2017-07-16 10:00:00,0.02,921.6974,1.0
2017-07-16 11:00:00,0.01,1009.1791,1.0
2017-07-16 12:00:00,0.02,955.67035,1.0
2017-07-16 13:00:00,0.25,827.5447,1.0
2017-07-16 14:00:00,0.44,735.05963,1.0
2017-07-16 15:00:00,0.64,506.2296,1.0
2017-07-16 16:00:00,0.14,415.34955,1.0
2017-07-16 17:00:00,0.05,225.61687,1.0
2017-07-16 18:00:00,0.54,63.17195,1.0
2017-07-16 19:00:00,0.82,3.9772115,0.4494444444444444
2017-07-16 20:00:00,0.43,0.0,0.0
2017-07-16 21:00:00,0.3,0.0,0.0
2017-07-16 22:00:00,0.01,0.0,0.0
2017-07-16 23:00:00,0.0,0.0,0.0
2017-07-17 00:00:00,0.0,0.0,0.0
2017-07-17 01:00:00,0.0,0.0,0.0
2017-07-17 02:00:00,0.0,0.0,0.0
2017-07-17 03:00:00,0.0,0.0,0.0
2017-07-17 04:00:00,0.0,0.0,0.21472222222222223
2017-07-17 05:00:00,0.0,63.636024,1.0
2017-07-17 06:00:00,0.0,240.28448,1.0
2017-07-17 07:00:00,0.0,447.93253,1.0
2017-07-17 08:00:00,0.0,648.15607,1.0
2017-07-17 09:00:00,0.0,779.4656,1.0
2017-07-17 10:00:00,0.21,824.2488,1.0
2017-07-17 11:00:00,0.1,910.2281,1.0
2017-07-17 12:00:00,0.81,585.4625,1.0
2017-07-17 13:00:00,0.71,645.3602,1.0
2017-07-17 14:00:00,0.46,789.5409,1.0
2017-07-17 15:00:00,0.25,603.44324,1.0
2017-07-17 16:00:00,0.2,387.2121,1.0
2017-07-17 17:00:00,0.54,216.25433,1.0
2017-07-17 18:00:00,0.12,51.718533,1.0
2017-07-17 19:00:00,0.57,2.9832883,0.43916666666666665
2017-07-17 20:00:00,0.45,0.0,0.0
2017-07-17 21:00:00,0.12,0.0,0.0
2017-07-17 22:00:00,0.0,0.0,0.0
2017-07-17 23:00:00,0.03,0.0,0.0
2017-07-18 00:00:00,0.0,0.0,0.0
2017-07-18 01:00:00,0.0,0.0,0.0
2017-07-18 02:00:00,0.0,0.0,0.0
2017-07-18 03:00:00,0.0,0.0,0.0
2017-07-18 04:00:00,0.0,0.0,0.2013888888888889
2017-07-18 05:00:00,0.0,57.997406,1.0
2017-07-18 06:00:00,0.0,235.49986,1.0
2017-07-18 07:00:00,0.01,441.89053,1.0
2017-07-18 08:00:00,0.02,635.20996,1.0
2017-07-18 09:00:00,0.0,772.8247,1.0
2017-07-18 10:00:00,0.44,706.8875,1.0
2017-07-18 11:00:00,0.3,858.4885,1.0
2017-07-18 12:00:00,0.74,681.2851,1.0
2017-07-18 13:00:00,0.53,751.9186,1.0
2017-07-18 14:00:00,0.79,443.45993,1.0
2017-07-18 15:00:00,0.84,434.37964,1.0
2017-07-18 16:00:00,0.62,320.01025,1.0
2017-07-18 17:00:00,0.75,27.829845,1.0
2017-07-18 18:00:00,1.0,42.099907,1.0
2017-07-18 19:00:00,1.0,2.981769,0.42833333333333334
2017-07-18 20:00:00,0.98,0.0,0.0
2017-07-18 21:00:00,0.98,0.0,0.0
2017-07-18 22:00:00,1.0,0.0,0.0
2017-07-18 23:00:00,1.0,0.0,0.0
2017-07-19 00:00:00,0.97,0.0,0.0
2017-07-19 01:00:00,0.92,0.0,0.0
2017-07-19 02:00:00,0.96,0.0,0.0
2017-07-19 03:00:00,0.94,0.0,0.0
2017-07-19 04:00:00,0.91,0.0,0.1875
2017-07-19 05:00:00,0.92,55.801003,1.0
2017-07-19 06:00:00,0.91,230.67165,1.0
2017-07-19 07:00:00,0.33,428.8194,1.0
2017-07-19 08:00:00,0.38,624.2266,1.0
2017-07-19 09:00:00,0.6,790.7424,1.0
2017-07-19 10:00:00,0.94,711.3839,1.0
2017-07-19 11:00:00,0.97,638.9494,1.0
2017-07-19 12:00:00,0.93,788.9176,1.0
2017-07-19 13:00:00,0.72,557.5278,1.0
2017-07-19 14:00:00,0.87,550.34924,1.0
2017-07-19 15:00:00,0.93,506.14575,1.0
2017-07-19 16:00:00,0.93,311.3405,1.0
2017-07-19 17:00:00,0.99,100.29938,1.0
2017-07-19 18:00:00,1.0,32.79946,1.0
2017-07-19 19:00:00,1.0,1.9878461,0.41694444444444445
2017-07-19 20:00:00,1.0,0.0,0.0
2017-07-19 21:00:00,0.99,0.0,0.0
2017-07-19 22:00:00,0.79,0.0,0.0
2017-07-19 23:00:00,0.69,0.0,0.0
2017-07-20 00:00:00,0.9,0.0,0.0
2017-07-20 01:00:00,0.63,0.0,0.0
2017-07-20 02:00:00,0.54,0.0,0.0
2017-07-20 03:00:00,0.25,0.0,0.0
2017-07-20 04:00:00,0.2,0.0,0.1736111111111111
2017-07-20 05:00:00,0.22,57.56067,1.0
2017-07-20 06:00:00,0.08,228.97057,1.0
2017-07-20 07:00:00,0.05,436.51517,1.0
2017-07-20 08:00:00,0.0,634.6882,1.0
2017-07-20 09:00:00,0.0,803.98083,1.0
2017-07-20 10:00:00,0.0,914.66296,1.0
2017-07-20 11:00:00,0.08,917.31134,1.0
2017-07-20 12:00:00,0.31,904.70905,1.0
2017-07-20 13:00:00,0.63,495.61337,1.0
2017-07-20 14:00:00,0.52,618.85504,1.0
2017-07-20 15:00:00,0.67,384.05576,1.0
2017-07-20 16:00:00,0.69,306.74814,1.0
2017-07-20 17:00:00,0.67,11.927076,1.0
2017-07-20 18:00:00,1.0,28.174206,1.0
2017-07-20 19:00:00,1.0,1.9878461,0.405
2017-07-20 20:00:00,1.0,0.0,0.0
2017-07-20 21:00:00,1.0,0.0,0.0
2017-07-20 22:00:00,1.0,0.0,0.0
2017-07-20 23:00:00,0.98,0.0,0.0
2017-07-21 00:00:00,0.95,0.0,0.0
2017-07-21 01:00:00,0.96,0.0,0.0
2017-07-21 02:00:00,0.82,0.0,0.0
2017-07-21 03:00:00,0.23,0.0,0.0
2017-07-21 04:00:00,0.0,0.0,0.15944444444444444
2017-07-21 05:00:00,0.0,46.35076,1.0
2017-07-21 06:00:00,0.21,211.95581,1.0
2017-07-21 07:00:00,0.29,435.77643,1.0
2017-07-21 08:00:00,0.0,639.63544,1.0
2017-07-21 09:00:00,0.0,807.92096,1.0
2017-07-21 10:00:00,0.04,904.2157,1.0
2017-07-21 11:00:00,0.79,647.6334,1.0
2017-07-21 12:00:00,0.84,565.79315,1.0
2017-07-21 13:00:00,0.82,662.36066,1.0
2017-07-21 14:00:00,0.97,440.80978,1.0
2017-07-21 15:00:00,0.95,364.61508,1.0
2017-07-21 16:00:00,0.98,232.49234,1.0
2017-07-21 17:00:00,0.98,66.59285,1.0
2017-07-21 18:00:00,1.0,23.854153,1.0
2017-07-21 19:00:00,1.0,0.99392307,0.3927777777777778
2017-07-21 20:00:00,1.0,0.0,0.0
2017-07-21 21:00:00,1.0,0.0,0.0
2017-07-21 22:00:00,1.0,0.0,0.0
2017-07-21 23:00:00,1.0,0.0,0.0
2017-07-22 00:00:00,1.0,0.0,0.0
2017-07-22 01:00:00,1.0,0.0,0.0
2017-07-22 02:00:00,1.0,0.0,0.0
2017-07-22 03:00:00,0.57,0.0,0.0
2017-07-22 04:00:00,0.46,0.0,0.14527777777777778
2017-07-22 05:00:00,0.78,55.81543,1.0
2017-07-22 06:00:00,0.89,177.57346,1.0
2017-07-22 07:00:00,0.78,338.82663,1.0
2017-07-22 08:00:00,0.31,531.54474,1.0
2017-07-22 09:00:00,0.5,713.2958,1.0
2017-07-22 10:00:00,0.26,785.66785,1.0
2017-07-22 11:00:00,0.24,905.534,1.0
2017-07-22 12:00:00,0.24,758.7839,1.0
2017-07-22 13:00:00,0.55,786.7884,1.0
2017-07-22 14:00:00,0.26,682.3218,1.0
2017-07-22 15:00:00,0.47,490.36923,1.0
2017-07-22 16:00:00,0.2,413.32138,1.0
2017-07-22 17:00:00,0.71,187.57668,1.0
2017-07-22 18:00:00,0.76,54.351185,1.0
2017-07-22 19:00:00,0.61,2.981769,0.38
2017-07-22 20:00:00,1.0,0.0,0.0
2017-07-22 21:00:00,1.0,0.0,0.0
2017-07-22 22:00:00,0.94,0.0,0.0
2017-07-22 23:00:00,0.86,0.0,0.0
2017-07-23 00:00:00,0.13,0.0,0.0
2017-07-23 01:00:00,0.55,0.0,0.0
2017-07-23 02:00:00,0.48,0.0,0.0
2017-07-23 03:00:00,0.02,0.0,0.0
2017-07-23 04:00:00,0.0,0.0,0.13111111111111112
2017-07-23 05:00:00,0.0,47.756687,1.0
2017-07-23 06:00:00,0.16,204.46527,1.0
2017-07-23 07:00:00,0.2,428.0673,1.0
2017-07-23 08:00:00,0.06,633.8331,1.0
2017-07-23 09:00:00,0.06,742.47076,1.0
2017-07-23 10:00:00,0.3,840.0871,1.0
2017-07-23 11:00:00,0.23,924.7157,1.0
2017-07-23 12:00:00,0.49,823.1784,1.0
2017-07-23 13:00:00,0.66,598.5859,1.0
2017-07-23 14:00:00,0.75,531.39954,1.0
2017-07-23 15:00:00,0.71,463.0403,1.0
2017-07-23 16:00:00,0.56,331.76022,1.0
2017-07-23 17:00:00,0.42,180.11632,1.0
2017-07-23 18:00:00,0.36,56.691017,1.0
2017-07-23 19:00:00,0.06,1.9893655,0.36694444444444446
2017-07-23 20:00:00,0.0,0.0,0.0
2017-07-23 21:00:00,0.0,0.0,0.0
2017-07-23 22:00:00,0.0,0.0,0.0
2017-07-23 23:00:00,0.23,0.0,0.0
2017-07-24 00:00:00,0.0,0.0,0.0
2017-07-24 01:00:00,0.0,0.0,0.0
2017-07-24 02:00:00,0.0,0.0,0.0
2017-07-24 03:00:00,0.0,0.0,0.0
2017-07-24 04:00:00,0.0,0.0,0.11666666666666667
2017-07-24 05:00:00,0.0,54.65126,1.0
2017-07-24 06:00:00,0.0,230.2358,1.0
2017-07-24 07:00:00,0.0,442.8088,1.0
2017-07-24 08:00:00,0.0,646.7885,1.0
2017-07-24 09:00:00,0.05,792.03186,1.0
2017-07-24 10:00:00,0.42,865.2775,1.0
2017-07-24 11:00:00,0.44,887.7691,1.0
2017-07-24 12:00:00,0.23,836.04285,1.0
2017-07-24 13:00:00,0.35,838.8707,1.0
2017-07-24 14:00:00,0.37,785.66315,1.0
2017-07-24 15:00:00,0.33,553.83624,1.0
2017-07-24 16:00:00,0.89,344.76306,1.0
2017-07-24 17:00:00,0.89,216.69467,1.0
2017-07-24 18:00:00,0.84,36.599995,1.0
2017-07-24 19:00:00,0.82,1.9878461,0.35333333333333333
2017-07-24 20:00:00,0.95,0.0,0.0
2017-07-24 21:00:00,0.98,0.0,0.0
2017-07-24 22:00:00,0.98,0.0,0.0
2017-07-24 23:00:00,0.97,0.0,0.0
2017-07-25 00:00:00,0.98,0.0,0.0
2017-07-25 01:00:00,1.0,0.0,0.0
2017-07-25 02:00:00,0.99,0.0,0.0
2017-07-25 03:00:00,0.94,0.0,0.0
2017-07-25 04:00:00,0.84,0.0,0.10222222222222223
2017-07-25 05:00:00,0.19,38.05347,1.0
2017-07-25 06:00:00,0.99,102.58999,1.0
2017-07-25 07:00:00,1.0,111.31938,1.0
2017-07-25 08:00:00,1.0,154.05807,1.0
2017-07-25 09:00:00,0.99,271.5385,1.0
2017-07-25 10:00:00,0.87,730.6464,1.0
2017-07-25 11:00:00,0.96,340.0375,1.0
2017-07-25 12:00:00,0.96,581.16724,1.0
2017-07-25 13:00:00,0.96,587.01276,1.0
2017-07-25 14:00:00,0.98,428.945,1.0
2017-07-25 15:00:00,1.0,138.1553,1.0
2017-07-25 16:00:00,0.99,211.71667,1.0
2017-07-25 17:00:00,0.95,13.914923,1.0
2017-07-25 18:00:00,1.0,32.353176,1.0
2017-07-25 19:00:00,1.0,0.99392307,0.33916666666666667
2017-07-25 20:00:00,0.98,0.0,0.0
2017-07-25 21:00:00,0.77,0.0,0.0
2017-07-25 22:00:00,0.69,0.0,0.0
2017-07-25 23:00:00,0.5,0.0,0.0
2017-07-26 00:00:00,0.32,0.0,0.0
2017-07-26 01:00:00,0.06,0.0,0.0
2017-07-26 02:00:00,0.04,0.0,0.0
2017-07-26 03:00:00,0.46,0.0,0.0
2017-07-26 04:00:00,0.28,0.0,0.08777777777777777
2017-07-26 05:00:00,0.02,21.627337,1.0
2017-07-26 06:00:00,1.0,84.429886,1.0
2017-07-26 07:00:00,1.0,170.8037,1.0
2017-07-26 08:00:00,0.96,253.3106,1.0
2017-07-26 09:00:00,0.46,436.43845,1.0
2017-07-26 10:00:00,0.79,546.94226,1.0
2017-07-26 11:00:00,0.73,577.3578,1.0
2017-07-26 12:00:00,0.86,498.20193,1.0
2017-07-26 13:00:00,0.87,439.2064,1.0
2017-07-26 14:00:00,1.0,305.11774,1.0
2017-07-26 15:00:00,0.93,203.84123,1.0
2017-07-26 16:00:00,0.85,208.28328,1.0
2017-07-26 17:00:00,0.99,131.29553,1.0
2017-07-26 18:00:00,0.81,35.898384,1.0
2017-07-26 19:00:00,0.8,0.99392307,0.32472222222222225
2017-07-26 20:00:00,0.65,0.0,0.0
2017-07-26 21:00:00,0.59,0.0,0.0
2017-07-26 22:00:00,0.73,0.0,0.0
2017-07-26 23:00:00,0.41,0.0,0.0
2017-07-27 00:00:00,0.27,0.0,0.0
2017-07-27 01:00:00,1.0,0.0,0.0
2017-07-27 02:00:00,0.96,0.0,0.0
2017-07-27 03:00:00,0.49,0.0,0.0
2017-07-27 04:00:00,0.57,0.0,0.07333333333333333
2017-07-27 05:00:00,0.32,46.13669,1.0
2017-07-27 06:00:00,0.01,214.76443,1.0
2017-07-27 07:00:00,0.06,374.4205,1.0
2017-07-27 08:00:00,0.44,609.8283,1.0
2017-07-27 09:00:00,0.59,677.57996,1.0
2017-07-27 10:00:00,0.62,713.5931,1.0
2017-07-27 11:00:00,0.24,862.6938,1.0
2017-07-27 12:00:00,0.25,851.292,1.0
2017-07-27 13:00:00,0.71,702.2917,1.0
2017-07-27 14:00:00,0.39,580.1441,1.0
2017-07-27 15:00:00,0.48,461.71048,1.0
2017-07-27 16:00:00,0.53,341.65952,1.0
2017-07-27 17:00:00,0.53,171.49127,1.0
2017-07-27 18:00:00,0.84,31.629667,1.0
2017-07-27 19:00:00,0.43,1.9878461,0.30972222222222223
2017-07-27 20:00:00,0.27,0.0,0.0
2017-07-27 21:00:00,0.02,0.0,0.0
2017-07-27 22:00:00,0.1,0.0,0.0
2017-07-27 23:00:00,0.14,0.0,0.0
2017-07-28 00:00:00,0.21,0.0,0.0
2017-07-28 01:00:00,0.15,0.0,0.0
2017-07-28 02:00:00,0.18,0.0,0.0
2017-07-28 03:00:00,0.64,0.0,0.0
2017-07-28 04:00:00,0.85,0.0,0.058888888888888886
2017-07-28 05:00:00,0.15,48.14415,1.0
2017-07-28 06:00:00,0.33,175.30307,1.0
2017-07-28 07:00:00,0.79,293.46265,1.0
2017-07-28 08:00:00,0.41,530.653,1.0
2017-07-28 09:00:00,0.57,653.55304,1.0
2017-07-28 10:00:00,0.52,811.0771,1.0
2017-07-28 11:00:00,0.36,944.1278,1.0
2017-07-28 12:00:00,0.55,843.85614,1.0
2017-07-28 13:00:00,0.61,524.38794,1.0
2017-07-28 14:00:00,0.6,650.79126,1.0
2017-07-28 15:00:00,0.94,420.53583,1.0
2017-07-28 16:00:00,0.95,204.6952,1.0
2017-07-28 17:00:00,0.99,56.00545,1.0
2017-07-28 18:00:00,1.0,26.835924,1.0
2017-07-28 19:00:00,1.0,0.99392307,0.2941666666666667
2017-07-28 20:00:00,0.99,0.0,0.0
2017-07-28 21:00:00,1.0,0.0,0.0
2017-07-28 22:00:00,1.0,0.0,0.0
2017-07-28 23:00:00,1.0,0.0,0.0
2017-07-29 00:00:00,1.0,0.0,0.0
2017-07-29 01:00:00,1.0,0.0,0.0
2017-07-29 02:00:00,1.0,0.0,0.0
2017-07-29 03:00:00,1.0,0.0,0.0
2017-07-29 04:00:00,1.0,0.0,0.04416666666666667
2017-07-29 05:00:00,0.97,24.244513,1.0
2017-07-29 06:00:00,0.97,74.046585,1.0
2017-07-29 07:00:00,0.84,208.60529,1.0
2017-07-29 08:00:00,0.96,362.01175,1.0
2017-07-29 09:00:00,0.96,362.98804,1.0
2017-07-29 10:00:00,1.0,515.8565,1.0
2017-07-29 11:00:00,0.94,466.68213,1.0
2017-07-29 12:00:00,0.92,296.05963,1.0
2017-07-29 13:00:00,0.9,564.5135,1.0
2017-07-29 14:00:00,0.72,476.9694,1.0
2017-07-29 15:00:00,1.0,207.43082,1.0
2017-07-29 16:00:00,0.99,160.57736,1.0
2017-07-29 17:00:00,0.89,124.36097,1.0
2017-07-29 18:00:00,0.99,16.173384,1.0
2017-07-29 19:00:00,0.9,0.0,0.2783333333333333
2017-07-29 20:00:00,0.86,0.0,0.0
2017-07-29 21:00:00,0.93,0.0,0.0
2017-07-29 22:00:00,0.87,0.0,0.0
2017-07-29 23:00:00,0.66,0.0,0.0
2017-07-30 00:00:00,0.63,0.0,0.0
2017-07-30 01:00:00,0.83,0.0,0.0
2017-07-30 02:00:00,0.81,0.0,0.0
2017-07-30 03:00:00,0.42,0.0,0.0
2017-07-30 04:00:00,0.31,0.0,0.029166666666666667
2017-07-30 05:00:00,0.29,32.761192,1.0
2017-07-30 06:00:00,0.9,157.51074,1.0
2017-07-30 07:00:00,0.91,351.75305,1.0
2017-07-30 08:00:00,0.9,506.23483,1.0
2017-07-30 09:00:00,0.85,624.3265,1.0
2017-07-30 10:00:00,0.91,690.5776,1.0
2017-07-30 11:00:00,0.91,643.1185,1.0
2017-07-30 12:00:00,0.74,665.56415,1.0
2017-07-30 13:00:00,0.58,488.1493,1.0
2017-07-30 14:00:00,0.65,619.1677,1.0
2017-07-30 15:00:00,0.61,419.7607,1.0
2017-07-30 16:00:00,0.62,317.52322,1.0
2017-07-30 17:00:00,0.67,158.08371,1.0
2017-07-30 18:00:00,0.7,26.269894,1.0
2017-07-30 19:00:00,0.84,0.0,0.2619444444444444
2017-07-30 20:00:00,0.47,0.0,0.0
2017-07-30 21:00:00,0.14,0.0,0.0
2017-07-30 22:00:00,0.45,0.0,0.0
2017-07-30 23:00:00,0.33,0.0,0.0
2017-07-31 00:00:00,0.01,0.0,0.0
2017-07-31 01:00:00,0.04,0.0,0.0
2017-07-31 02:00:00,0.0,0.0,0.0
2017-07-31 03:00:00,0.12,0.0,0.0
2017-07-31 04:00:00,0.73,0.0,0.014166666666666666
2017-07-31 05:00:00,0.24,40.46346,1.0
2017-07-31 06:00:00,0.11,210.14893,1.0
2017-07-31 07:00:00,0.15,419.39987,1.0
2017-07-31 08:00:00,0.24,600.2814,1.0
2017-07-31 09:00:00,0.61,624.0676,1.0
2017-07-31 10:00:00,0.16,810.75824,1.0
2017-07-31 11:00:00,0.41,790.2246,1.0
2017-07-31 12:00:00,0.32,758.145,1.0
2017-07-31 13:00:00,0.39,831.4894,1.0
2017-07-31 14:00:00,0.29,625.7653,1.0
2017-07-31 15:00:00,0.34,525.03107,1.0
2017-07-31 16:00:00,0.26,390.51526,1.0
2017-07-31 17:00:00,0.18,193.10498,1.0
2017-07-31 18:00:00,0.17,39.925896,1.0
2017-07-31 19:00:00,0.09,0.0,0.245
2017-07-31 20:00:00,0.31,0.0,0.0
2017-07-31 21:00:00,0.43,0.0,0.0
2017-07-31 22:00:00,0.39,0.0,0.0
2017-07-31 23:00:00,0.05,0.0,0.0
2017-08-01 00:00:00,0.01,0.0,0.0
2017-08-01 01:00:00,0.0,0.0,0.0
2017-08-01 02:00:00,0.0,0.0,0.0
2017-08-01 03:00:00,0.0,0.0,0.0
2017-08-01 04:00:00,0.0,0.0,0.0
2017-08-01 05:00:00,0.0,43.969166,0.9988888888888889
2017-08-01 06:00:00,0.0,216.95798,1.0
2017-08-01 07:00:00,0.0,429.22852,1.0
2017-08-01 08:00:00,0.0,635.7383,1.0
2017-08-01 09:00:00,0.03,732.3929,1.0
2017-08-01 10:00:00,0.04,864.21783,1.0
2017-08-01 11:00:00,0.51,726.57574,1.0
2017-08-01 12:00:00,0.6,690.5195,1.0
2017-08-01 13:00:00,0.54,723.40027,1.0
2017-08-01 14:00:00,0.5,654.25415,1.0
2017-08-01 15:00:00,0.59,517.5792,1.0
2017-08-01 16:00:00,0.56,404.8045,1.0
2017-08-01 17:00:00,0.56,200.82451,1.0
2017-08-01 18:00:00,0.13,43.33482,1.0
2017-08-01 19:00:00,0.0,0.0,0.2275
2017-08-01 20:00:00,0.0,0.0,0.0
2017-08-01 21:00:00,0.0,0.0,0.0
2017-08-01 22:00:00,0.0,0.0,0.0
2017-08-01 23:00:00,0.0,0.0,0.0
2017-08-02 00:00:00,0.0,0.0,0.0
2017-08-02 01:00:00,0.34,0.0,0.0
2017-08-02 02:00:00,0.05,0.0,0.0
2017-08-02 03:00:00,0.53,0.0,0.0
2017-08-02 04:00:00,0.0,0.0,0.0
2017-08-02 05:00:00,0.4,38.762745,0.9836111111111111
2017-08-02 06:00:00,0.47,169.25992,1.0
2017-08-02 07:00:00,0.31,400.9718,1.0
2017-08-02 08:00:00,0.36,607.00714,1.0
2017-08-02 09:00:00,0.1,772.5525,1.0
2017-08-02 10:00:00,0.05,881.637,1.0
2017-08-02 11:00:00,0.49,799.72614,1.0
2017-08-02 12:00:00,0.23,933.97595,1.0
2017-08-02 13:00:00,0.46,734.6606,1.0
2017-08-02 14:00:00,0.39,621.63947,1.0
2017-08-02 15:00:00,0.81,404.5688,1.0
2017-08-02 16:00:00,0.44,330.23804,1.0
2017-08-02 17:00:00,0.28,169.89381,1.0
2017-08-02 18:00:00,0.51,37.63392,1.0
2017-08-02 19:00:00,0.51,0.0,0.20944444444444443
2017-08-02 20:00:00,0.4,0.0,0.0
2017-08-02 21:00:00,0.2,0.0,0.0
2017-08-02 22:00:00,0.37,0.0,0.0
2017-08-02 23:00:00,1.0,0.0,0.0
2017-08-03 00:00:00,0.63,0.0,0.0
2017-08-03 01:00:00,0.77,0.0,0.0
2017-08-03 02:00:00,0.93,0.0,0.0
2017-08-03 03:00:00,0.26,0.0,0.0
2017-08-03 04:00:00,0.49,0.0,0.0
2017-08-03 05:00:00,0.91,18.884539,0.9683333333333334
2017-08-03 06:00:00,1.0,89.01768,1.0
2017-08-03 07:00:00,0.61,296.20743,1.0
2017-08-03 08:00:00,0.06,635.1893,1.0
2017-08-03 09:00:00,0.18,775.0109,1.0
2017-08-03 10:00:00,0.22,790.76074,1.0
2017-08-03 11:00:00,0.98,833.30383,1.0
2017-08-03 12:00:00,0.67,650.41754,1.0
2017-08-03 13:00:00,0.92,561.40625,1.0
2017-08-03 14:00:00,0.6,496.9613,1.0
2017-08-03 15:00:00,0.87,353.23975,1.0
2017-08-03 16:00:00,0.62,294.48386,1.0
2017-08-03 17:00:00,0.8,160.2908,1.0
2017-08-03 18:00:00,1.0,29.668123,1.0
2017-08-03 19:00:00,0.67,0.0,0.19111111111111112
2017-08-03 20:00:00,1.0,0.0,0.0
2017-08-03 21:00:00,1.0,0.0,0.0
2017-08-03 22:00:00,1.0,0.0,0.0
2017-08-03 23:00:00,1.0,0.0,0.0
2017-08-04 00:00:00,1.0,0.0,0.0
2017-08-04 01:00:00,0.14,0.0,0.0
2017-08-04 02:00:00,0.08,0.0,0.0
2017-08-04 03:00:00,0.02,0.0,0.0
2017-08-04 04:00:00,0.09,0.0,0.0
2017-08-04 05:00:00,0.17,33.592754,0.9527777777777777
2017-08-04 06:00:00,0.39,164.28915,1.0
2017-08-04 07:00:00,0.03,408.83615,1.0
2017-08-04 08:00:00,0.0,650.8182,1.0
2017-08-04 09:00:00,0.0,793.6512,1.0
2017-08-04 10:00:00,0.06,904.9275,1.0
2017-08-04 11:00:00,0.4,823.4415,1.0
2017-08-04 12:00:00,0.48,866.63477,1.0
2017-08-04 13:00:00,0.4,691.1573,1.0
2017-08-04 14:00:00,0.94,592.9747,1.0
2017-08-04 15:00:00,0.67,367.52942,1.0
2017-08-04 16:00:00,0.96,315.9737,1.0
2017-08-04 17:00:00,0.99,163.84048,1.0
2017-08-04 18:00:00,0.66,35.663574,1.0
2017-08-04 19:00:00,0.93,0.0,0.17222222222222222
2017-08-04 20:00:00,1.0,0.0,0.0
2017-08-04 21:00:00,0.99,0.0,0.0
2017-08-04 22:00:00,1.0,0.0,0.0
2017-08-04 23:00:00,0.97,0.0,0.0
2017-08-05 00:00:00,0.61,0.0,0.0
2017-08-05 01:00:00,0.88,0.0,0.0
2017-08-05 02:00:00,0.7,0.0,0.0
2017-08-05 03:00:00,0.68,0.0,0.0
2017-08-05 04:00:00,0.96,0.0,0.0
2017-08-05 05:00:00,0.95,35.84447,0.9372222222222222
2017-08-05 06:00:00,0.87,192.63507,1.0
2017-08-05 07:00:00,0.97,384.89203,1.0
2017-08-05 08:00:00,0.8,561.1481,1.0
2017-08-05 09:00:00,0.43,764.2812,1.0
2017-08-05 10:00:00,0.73,857.86176,1.0
2017-08-05 11:00:00,0.93,848.1818,1.0
2017-08-05 12:00:00,0.49,843.0941,1.0
2017-08-05 13:00:00,0.77,573.27356,1.0
2017-08-05 14:00:00,0.95,602.901,1.0
2017-08-05 15:00:00,0.97,384.52048,1.0
2017-08-05 16:00:00,0.96,208.86517,1.0
2017-08-05 17:00:00,1.0,120.62021,1.0
2017-08-05 18:00:00,0.96,40.542984,1.0
2017-08-05 19:00:00,0.16,0.0,0.15305555555555556
2017-08-05 20:00:00,0.27,0.0,0.0
2017-08-05 21:00:00,0.27,0.0,0.0
2017-08-05 22:00:00,0.47,0.0,0.0
2017-08-05 23:00:00,0.36,0.0,0.0
2017-08-06 00:00:00,0.13,0.0,0.0
2017-08-06 01:00:00,0.23,0.0,0.0
2017-08-06 02:00:00,0.05,0.0,0.0
2017-08-06 03:00:00,0.01,0.0,0.0
2017-08-06 04:00:00,0.0,0.0,0.0
2017-08-06 05:00:00,0.0,24.21627,0.9216666666666666
2017-08-06 06:00:00,1.0,43.732616,1.0
2017-08-06 07:00:00,1.0,95.41661,1.0
2017-08-06 08:00:00,1.0,160.02162,1.0
2017-08-06 09:00:00,1.0,314.5355,1.0
2017-08-06 10:00:00,1.0,706.0364,1.0
2017-08-06 11:00:00,1.0,595.04047,1.0
2017-08-06 12:00:00,1.0,499.75226,1.0
2017-08-06 13:00:00,0.57,347.341,1.0
2017-08-06 14:00:00,0.51,572.7404,1.0
2017-08-06 15:00:00,0.94,312.01535,1.0
2017-08-06 16:00:00,0.96,170.28433,1.0
2017-08-06 17:00:00,1.0,43.732616,1.0
2017-08-06 18:00:00,0.34,34.00695,1.0
2017-08-06 19:00:00,0.99,0.0,0.13361111111111112
2017-08-06 20:00:00,1.0,0.0,0.0
2017-08-06 21:00:00,0.95,0.0,0.0
2017-08-06 22:00:00,1.0,0.0,0.0
2017-08-06 23:00:00,1.0,0.0,0.0
2017-08-07 00:00:00,1.0,0.0,0.0
2017-08-07 01:00:00,1.0,0.0,0.0
2017-08-07 02:00:00,1.0,0.0,0.0
2017-08-07 03:00:00,1.0,0.0,0.0
2017-08-07 04:00:00,1.0,0.0,0.0
2017-08-07 05:00:00,0.99,8.89091,0.9058333333333334
2017-08-07 06:00:00,1.0,15.902769,1.0
2017-08-07 07:00:00,1.0,5.963538,1.0
2017-08-07 08:00:00,1.0,13.914923,1.0
2017-08-07 09:00:00,0.98,122.25254,1.0
2017-08-07 10:00:00,1.0,181.05763,1.0
2017-08-07 11:00:00,1.0,374.83633,1.0
2017-08-07 12:00:00,0.98,428.5615,1.0
2017-08-07 13:00:00,0.84,363.4357,1.0
2017-08-07 14:00:00,0.91,247.8864,1.0
2017-08-07 15:00:00,0.97,157.03984,1.0
2017-08-07 16:00:00,0.81,207.23909,1.0
2017-08-07 17:00:00,0.96,84.16489,1.0
2017-08-07 18:00:00,1.0,6.9574614,1.0
2017-08-07 19:00:00,1.0,0.0,0.11361111111111111
2017-08-07 20:00:00,0.99,0.0,0.0
2017-08-07 21:00:00,1.0,0.0,0.0
2017-08-07 22:00:00,0.87,0.0,0.0
2017-08-07 23:00:00,0.76,0.0,0.0
2017-08-08 00:00:00,0.08,0.0,0.0
2017-08-08 01:00:00,0.14,0.0,0.0
2017-08-08 02:00:00,0.08,0.0,0.0
2017-08-08 03:00:00,0.0,0.0,0.0
2017-08-08 04:00:00,0.0,0.0,0.0
2017-08-08 05:00:00,0.01,23.537525,0.8902777777777777
2017-08-08 06:00:00,0.22,167.65347,1.0
2017-08-08 07:00:00,0.31,384.5782,1.0
2017-08-08 08:00:00,0.57,566.5825,1.0
2017-08-08 09:00:00,0.44,755.5492,1.0
2017-08-08 10:00:00,0.34,823.9502,1.0
2017-08-08 11:00:00,0.58,832.79816,1.0
2017-08-08 12:00:00,1.0,683.8133,1.0
2017-08-08 13:00:00,0.91,517.9341,1.0
2017-08-08 14:00:00,0.85,357.40625,1.0
2017-08-08 15:00:00,0.91,347.84402,1.0
2017-08-08 16:00:00,0.97,262.5213,1.0
2017-08-08 17:00:00,0.96,155.62321,1.0
2017-08-08 18:00:00,0.67,27.389835,1.0
2017-08-08 19:00:00,0.89,0.0,0.09361111111111112
2017-08-08 20:00:00,0.92,0.0,0.0
2017-08-08 21:00:00,0.18,0.0,0.0
2017-08-08 22:00:00,0.37,0.0,0.0
2017-08-08 23:00:00,0.32,0.0,0.0
2017-08-09 00:00:00,0.11,0.0,0.0
2017-08-09 01:00:00,0.06,0.0,0.0
2017-08-09 02:00:00,0.25,0.0,0.0
2017-08-09 03:00:00,0.49,0.0,0.0
2017-08-09 04:00:00,0.36,0.0,0.0
2017-08-09 05:00:00,0.37,28.359978,0.8744444444444445
2017-08-09 06:00:00,0.41,159.24734,1.0
2017-08-09 07:00:00,0.65,353.66998,1.0
2017-08-09 08:00:00,0.41,411.91046,1.0
2017-08-09 09:00:00,0.23,688.9251,1.0
2017-08-09 10:00:00,0.41,751.23346,1.0
2017-08-09 11:00:00,0.3,804.33826,1.0
2017-08-09 12:00:00,0.59,726.5704,1.0
2017-08-09 13:00:00,0.43,789.2105,1.0
2017-08-09 14:00:00,0.71,476.43777,1.0
2017-08-09 15:00:00,0.92,290.59067,1.0
2017-08-09 16:00:00,0.67,316.31244,1.0
2017-08-09 17:00:00,0.81,156.88423,1.0
2017-08-09 18:00:00,0.73,26.659393,1.0
2017-08-09 19:00:00,0.7,0.0,0.07305555555555555
2017-08-09 20:00:00,0.22,0.0,0.0
2017-08-09 21:00:00,0.07,0.0,0.0
2017-08-09 22:00:00,0.26,0.0,0.0
2017-08-09 23:00:00,0.3,0.0,0.0
2017-08-10 00:00:00,0.08,0.0,0.0
2017-08-10 01:00:00,0.0,0.0,0.0
2017-08-10 02:00:00,0.0,0.0,0.0
2017-08-10 03:00:00,0.01,0.0,0.0
2017-08-10 04:00:00,0.21,0.0,0.0
2017-08-10 05:00:00,0.01,16.870975,0.8586111111111111
2017-08-10 06:00:00,1.0,111.978966,1.0
2017-08-10 07:00:00,0.41,372.5687,1.0
2017-08-10 08:00:00,0.53,514.3911,1.0
2017-08-10 09:00:00,0.0,791.02606,1.0
2017-08-10 10:00:00,0.27,811.3952,1.0
2017-08-10 11:00:00,0.47,743.76825,1.0
2017-08-10 12:00:00,0.51,592.6996,1.0
2017-08-10 13:00:00,0.29,775.9522,1.0
2017-08-10 14:00:00,0.41,548.3734,1.0
2017-08-10 15:00:00,0.98,314.88663,1.0
2017-08-10 16:00:00,1.0,209.5721,1.0
2017-08-10 17:00:00,0.48,92.622086,1.0
2017-08-10 18:00:00,0.96,11.927076,1.0
2017-08-10 19:00:00,0.78,0.0,0.052222222222222225
2017-08-10 20:00:00,0.43,0.0,0.0
2017-08-10 21:00:00,0.19,0.0,0.0
2017-08-10 22:00:00,0.11,0.0,0.0
2017-08-10 23:00:00,0.02,0.0,0.0
2017-08-11 00:00:00,0.0,0.0,0.0
2017-08-11 01:00:00,0.0,0.0,0.0
2017-08-11 02:00:00,0.0,0.0,0.0
2017-08-11 03:00:00,0.0,0.0,0.0
2017-08-11 04:00:00,0.0,0.0,0.0
2017-08-11 05:00:00,0.0,24.694601,0.8427777777777777
2017-08-11 06:00:00,0.69,124.36713,1.0
2017-08-11 07:00:00,0.77,229.05562,1.0
2017-08-11 08:00:00,0.8,326.56662,1.0
2017-08-11 09:00:00,0.73,569.13574,1.0
2017-08-11 10:00:00,0.89,706.29736,1.0
2017-08-11 11:00:00,0.5,785.2954,1.0
2017-08-11 12:00:00,0.27,810.0091,1.0
2017-08-11 13:00:00,0.62,709.00073,1.0
2017-08-11 14:00:00,0.63,666.93634,1.0
2017-08-11 15:00:00,0.48,458.8193,1.0
2017-08-11 16:00:00,0.21,376.0272,1.0
2017-08-11 17:00:00,0.27,147.35588,1.0
2017-08-11 18:00:00,0.26,26.561625,1.0
2017-08-11 19:00:00,0.14,0.0,0.03111111111111111
2017-08-11 20:00:00,0.0,0.0,0.0
2017-08-11 21:00:00,0.0,0.0,0.0
2017-08-11 22:00:00,0.02,0.0,0.0
2017-08-11 23:00:00,0.02,0.0,0.0
2017-08-12 00:00:00,0.35,0.0,0.0
2017-08-12 01:00:00,0.03,0.0,0.0
2017-08-12 02:00:00,0.0,0.0,0.0
2017-08-12 03:00:00,0.0,0.0,0.0
2017-08-12 04:00:00,0.0,0.0,0.0
2017-08-12 05:00:00,0.0,17.85873,0.8269444444444445
2017-08-12 06:00:00,0.23,168.63335,1.0
2017-08-12 07:00:00,0.0,393.89404,1.0
2017-08-12 08:00:00,0.0,621.85284,1.0
2017-08-12 09:00:00,0.02,798.79236,1.0
2017-08-12 10:00:00,0.27,855.0042,1.0
2017-08-12 11:00:00,0.31,898.26337,1.0
2017-08-12 12:00:00,0.22,895.4436,1.0
2017-08-12 13:00:00,0.14,850.7766,1.0
2017-08-12 14:00:00,0.72,670.75964,1.0
2017-08-12 15:00:00,0.87,345.5512,1.0
2017-08-12 16:00:00,0.49,376.01425,1.0
2017-08-12 17:00:00,0.73,182.5211,1.0
2017-08-12 18:00:00,0.6,27.43835,1.0
2017-08-12 19:00:00,0.25,0.0,0.009722222222222222
2017-08-12 20:00:00,0.82,0.0,0.0
2017-08-12 21:00:00,0.82,0.0,0.0
2017-08-12 22:00:00,0.87,0.0,0.0
2017-08-12 23:00:00,0.89,0.0,0.0
2017-08-13 00:00:00,0.32,0.0,0.0
2017-08-13 01:00:00,0.01,0.0,0.0
2017-08-13 02:00:00,0.42,0.0,0.0
2017-08-13 03:00:00,0.86,0.0,0.0
2017-08-13 04:00:00,0.93,0.0,0.0
2017-08-13 05:00:00,0.96,26.915981,0.8113888888888889
2017-08-13 06:00:00,0.01,193.7879,1.0
2017-08-13 07:00:00,0.05,416.96872,1.0
2017-08-13 08:00:00,0.0,622.0296,1.0
2017-08-13 09:00:00,0.01,736.4917,1.0
2017-08-13 10:00:00,0.07,888.69116,1.0
2017-08-13 11:00:00,0.68,663.3325,1.0
2017-08-13 12:00:00,0.61,888.2074,1.0
2017-08-13 13:00:00,0.84,737.9182,1.0
2017-08-13 14:00:00,0.92,519.02167,1.0
2017-08-13 15:00:00,0.48,552.7216,1.0
2017-08-13 16:00:00,0.73,229.84613,1.0
2017-08-13 17:00:00,0.31,137.52815,1.0
2017-08-13 18:00:00,0.97,31.368683,0.9880555555555556
2017-08-13 19:00:00,0.0,0.0,0.0
2017-08-13 20:00:00,0.08,0.0,0.0
2017-08-13 21:00:00,0.01,0.0,0.0
2017-08-13 22:00:00,0.0,0.0,0.0
2017-08-13 23:00:00,0.02,0.0,0.0
2017-08-14 00:00:00,0.44,0.0,0.0
2017-08-14 01:00:00,0.32,0.0,0.0
2017-08-14 02:00:00,0.2,0.0,0.0
2017-08-14 03:00:00,0.01,0.0,0.0
2017-08-14 04:00:00,0.15,0.0,0.0
2017-08-14 05:00:00,0.02,28.06831,0.7955555555555556
2017-08-14 06:00:00,0.21,193.1958,1.0
2017-08-14 07:00:00,0.15,410.79938,1.0
2017-08-14 08:00:00,0.21,615.93994,1.0
2017-08-14 09:00:00,0.34,733.7417,1.0
2017-08-14 10:00:00,0.49,872.22217,1.0
2017-08-14 11:00:00,0.31,777.6868,1.0
2017-08-14 12:00:00,0.2,885.7318,1.0
2017-08-14 13:00:00,0.4,697.2329,1.0
2017-08-14 14:00:00,0.15,636.1417,1.0
2017-08-14 15:00:00,0.8,448.93356,1.0
2017-08-14 16:00:00,0.94,213.74338,1.0
2017-08-14 17:00:00,0.93,60.40349,1.0
2017-08-14 18:00:00,1.0,17.890615,0.9663888888888889
2017-08-14 19:00:00,0.92,0.0,0.0
2017-08-14 20:00:00,0.29,0.0,0.0
2017-08-14 21:00:00,0.01,0.0,0.0
2017-08-14 22:00:00,0.0,0.0,0.0
2017-08-14 23:00:00,0.0,0.0,0.0
2017-08-15 00:00:00,0.0,0.0,0.0
2017-08-15 01:00:00,0.07,0.0,0.0
2017-08-15 02:00:00,0.34,0.0,0.0
2017-08-15 03:00:00,0.12,0.0,0.0
2017-08-15 04:00:00,0.0,0.0,0.0
2017-08-15 05:00:00,0.0,27.262543,0.78
2017-08-15 06:00:00,0.23,193.97195,1.0
2017-08-15 07:00:00,0.03,415.10873,1.0
2017-08-15 08:00:00,0.0,627.7389,1.0
2017-08-15 09:00:00,0.01,777.2487,1.0
2017-08-15 10:00:00,0.33,863.487,1.0
2017-08-15 11:00:00,0.51,915.12933,1.0
2017-08-15 12:00:00,0.68,763.1814,1.0
2017-08-15 13:00:00,0.96,745.76245,1.0
2017-08-15 14:00:00,0.88,679.3237,1.0
2017-08-15 15:00:00,0.09,455.0249,1.0
2017-08-15 16:00:00,0.96,345.73697,1.0
2017-08-15 17:00:00,0.94,108.40197,1.0
2017-08-15 18:00:00,0.92,24.848078,0.9441666666666667
2017-08-15 19:00:00,0.94,0.0,0.0
2017-08-15 20:00:00,0.85,0.0,0.0
2017-08-15 21:00:00,0.8,0.0,0.0
2017-08-15 22:00:00,0.86,0.0,0.0
2017-08-15 23:00:00,0.91,0.0,0.0
2017-08-16 00:00:00,1.0,0.0,0.0
2017-08-16 01:00:00,0.91,0.0,0.0
2017-08-16 02:00:00,0.87,0.0,0.0
2017-08-16 03:00:00,0.8,0.0,0.0
2017-08-16 04:00:00,0.77,0.0,0.0
2017-08-16 05:00:00,0.96,22.210886,0.7644444444444445
2017-08-16 06:00:00,0.84,130.35391,1.0
2017-08-16 07:00:00,0.91,354.1935,1.0
2017-08-16 08:00:00,0.77,567.378,1.0
2017-08-16 09:00:00,0.13,671.51965,1.0
2017-08-16 10:00:00,0.24,782.03107,1.0
2017-08-16 11:00:00,0.44,713.4958,1.0
2017-08-16 12:00:00,0.47,701.5197,1.0
2017-08-16 13:00:00,0.32,736.0753,1.0
2017-08-16 14:00:00,0.44,668.40295,1.0
2017-08-16 15:00:00,0.39,504.78366,1.0
2017-08-16 16:00:00,0.24,318.45288,1.0
2017-08-16 17:00:00,0.33,126.85305,1.0
2017-08-16 18:00:00,0.24,20.962812,0.9222222222222223
2017-08-16 19:00:00,0.28,0.0,0.0
2017-08-16 20:00:00,0.0,0.0,0.0
2017-08-16 21:00:00,0.0,0.0,0.0
2017-08-16 22:00:00,0.04,0.0,0.0
2017-08-16 23:00:00,0.0,0.0,0.0
2017-08-17 00:00:00,0.0,0.0,0.0
2017-08-17 01:00:00,0.0,0.0,0.0
2017-08-17 02:00:00,0.0,0.0,0.0
2017-08-17 03:00:00,0.0,0.0,0.0
2017-08-17 04:00:00,0.0,0.0,0.0
2017-08-17 05:00:00,0.0,25.578363,0.7488888888888889
2017-08-17 06:00:00,0.01,186.23949,1.0
2017-08-17 07:00:00,0.06,395.26743,1.0
2017-08-17 08:00:00,0.01,618.74603,1.0
2017-08-17 09:00:00,0.02,754.7469,1.0
2017-08-17 10:00:00,0.26,602.29083,1.0
2017-08-17 11:00:00,0.45,751.56573,1.0
2017-08-17 12:00:00,0.26,804.7312,1.0
2017-08-17 13:00:00,0.22,830.87024,1.0
2017-08-17 14:00:00,0.63,671.99054,1.0
2017-08-17 15:00:00,0.75,396.40298,1.0
2017-08-17 16:00:00,0.09,326.7353,1.0
2017-08-17 17:00:00,0.63,133.80705,1.0
2017-08-17 18:00:00,0.26,22.019585,0.8997222222222222
2017-08-17 19:00:00,0.18,0.0,0.0
2017-08-17 20:00:00,0.05,0.0,0.0
2017-08-17 21:00:00,0.04,0.0,0.0
2017-08-17 22:00:00,0.12,0.0,0.0
2017-08-17 23:00:00,0.0,0.0,0.0
2017-08-18 00:00:00,0.03,0.0,0.0
2017-08-18 01:00:00,0.24,0.0,0.0
2017-08-18 02:00:00,0.11,0.0,0.0
2017-08-18 03:00:00,0.0,0.0,0.0
2017-08-18 04:00:00,0.0,0.0,0.0
2017-08-18 05:00:00,0.0,24.69311,0.7330555555555556
2017-08-18 06:00:00,0.0,188.3864,1.0
2017-08-18 07:00:00,0.0,411.13623,1.0
2017-08-18 08:00:00,0.0,623.6488,1.0
2017-08-18 09:00:00,0.0,803.01746,1.0
2017-08-18 10:00:00,0.09,884.2682,1.0
2017-08-18 11:00:00,0.22,897.10297,1.0
2017-08-18 12:00:00,0.5,844.5259,1.0
2017-08-18 13:00:00,0.5,825.8883,1.0
2017-08-18 14:00:00,0.44,658.1509,1.0
2017-08-18 15:00:00,0.4,475.87216,1.0
2017-08-18 16:00:00,0.83,321.38687,1.0
2017-08-18 17:00:00,0.32,135.46861,1.0
2017-08-18 18:00:00,0.04,20.244434,0.8769444444444444
2017-08-18 19:00:00,0.01,0.0,0.0
2017-08-18 20:00:00,0.01,0.0,0.0
2017-08-18 21:00:00,0.0,0.0,0.0
2017-08-18 22:00:00,0.0,0.0,0.0
2017-08-18 23:00:00,0.0,0.0,0.0
2017-08-19 00:00:00,0.0,0.0,0.0
2017-08-19 01:00:00,0.0,0.0,0.0
2017-08-19 02:00:00,0.0,0.0,0.0
2017-08-19 03:00:00,0.0,0.0,0.0
2017-08-19 04:00:00,0.0,0.0,0.0
2017-08-19 05:00:00,0.0,23.872091,0.7175
2017-08-19 06:00:00,0.0,189.27554,1.0
2017-08-19 07:00:00,0.0,412.25046,1.0
2017-08-19 08:00:00,0.0,627.1699,1.0
2017-08-19 09:00:00,0.0,807.749,1.0
2017-08-19 10:00:00,0.4,835.62115,1.0
2017-08-19 11:00:00,0.75,805.718,1.0
2017-08-19 12:00:00,0.8,781.68677,1.0
2017-08-19 13:00:00,0.47,666.70306,1.0
2017-08-19 14:00:00,0.7,591.7336,1.0
2017-08-19 15:00:00,0.72,501.04895,1.0
2017-08-19 16:00:00,0.68,270.9684,1.0
2017-08-19 17:00:00,0.37,152.85492,1.0
2017-08-19 18:00:00,0.46,17.911013,0.8536111111111111
2017-08-19 19:00:00,0.21,0.0,0.0
2017-08-19 20:00:00,0.02,0.0,0.0
2017-08-19 21:00:00,0.18,0.0,0.0
2017-08-19 22:00:00,0.08,0.0,0.0
2017-08-19 23:00:00,0.02,0.0,0.0
2017-08-20 00:00:00,0.0,0.0,0.0
2017-08-20 01:00:00,0.0,0.0,0.0
2017-08-20 02:00:00,0.0,0.0,0.0
2017-08-20 03:00:00,0.0,0.0,0.0
2017-08-20 04:00:00,0.0,0.0,0.0
2017-08-20 05:00:00,0.0,22.860613,0.7019444444444445
2017-08-20 06:00:00,0.21,186.39534,1.0
2017-08-20 07:00:00,0.05,411.81204,1.0
2017-08-20 08:00:00,0.13,618.18585,1.0
2017-08-20 09:00:00,0.11,762.94836,1.0
2017-08-20 10:00:00,0.44,850.76105,1.0
2017-08-20 11:00:00,0.38,938.9741,1.0
2017-08-20 12:00:00,0.22,870.4042,1.0
2017-08-20 13:00:00,0.2,803.48816,1.0
2017-08-20 14:00:00,0.9,603.2563,1.0
2017-08-20 15:00:00,0.99,484.58356,1.0
2017-08-20 16:00:00,0.96,258.4336,1.0
2017-08-20 17:00:00,0.96,136.54665,1.0
2017-08-20 18:00:00,1.0,21.661463,0.83
2017-08-20 19:00:00,1.0,0.0,0.0
2017-08-20 20:00:00,1.0,0.0,0.0
2017-08-20 21:00:00,1.0,0.0,0.0
2017-08-20 22:00:00,1.0,0.0,0.0
2017-08-20 23:00:00,1.0,0.0,0.0
2017-08-21 00:00:00,0.94,0.0,0.0
2017-08-21 01:00:00,0.67,0.0,0.0
2017-08-21 02:00:00,0.05,0.0,0.0
2017-08-21 03:00:00,0.06,0.0,0.0
2017-08-21 04:00:00,0.32,0.0,0.0
2017-08-21 05:00:00,0.0,20.80056,0.6863888888888889
2017-08-21 06:00:00,0.53,150.15527,1.0
2017-08-21 07:00:00,0.47,382.40768,1.0
2017-08-21 08:00:00,0.2,605.74927,1.0
2017-08-21 09:00:00,0.0,775.4063,1.0
2017-08-21 10:00:00,0.25,865.4454,1.0
2017-08-21 11:00:00,0.51,826.023,1.0
2017-08-21 12:00:00,0.58,760.3684,1.0
2017-08-21 13:00:00,0.67,624.8531,1.0
2017-08-21 14:00:00,0.66,606.95374,1.0
2017-08-21 15:00:00,0.73,422.28995,1.0
2017-08-21 16:00:00,0.65,308.17865,1.0
2017-08-21 17:00:00,0.66,115.27934,1.0
2017-08-21 18:00:00,0.65,18.224646,0.8058333333333333
2017-08-21 19:00:00,0.67,0.0,0.0
2017-08-21 20:00:00,0.77,0.0,0.0
2017-08-21 21:00:00,0.58,0.0,0.0
2017-08-21 22:00:00,0.58,0.0,0.0
2017-08-21 23:00:00,0.24,0.0,0.0
2017-08-22 00:00:00,0.31,0.0,0.0
2017-08-22 01:00:00,0.31,0.0,0.0
2017-08-22 02:00:00,0.42,0.0,0.0
2017-08-22 03:00:00,0.45,0.0,0.0
2017-08-22 04:00:00,0.53,0.0,0.0
2017-08-22 05:00:00,0.62,17.68779,0.6705555555555556
2017-08-22 06:00:00,0.63,173.45166,1.0
2017-08-22 07:00:00,0.07,391.1844,1.0
2017-08-22 08:00:00,0.2,608.4333,1.0
2017-08-22 09:00:00,0.32,788.1158,1.0
2017-08-22 10:00:00,0.61,870.56305,1.0
2017-08-22 11:00:00,0.82,898.1024,1.0
2017-08-22 12:00:00,0.88,905.21893,1.0
2017-08-22 13:00:00,0.87,755.2664,1.0
2017-08-22 14:00:00,0.87,607.00055,1.0
2017-08-22 15:00:00,0.69,439.49716,1.0
2017-08-22 16:00:00,0.64,307.89365,1.0
2017-08-22 17:00:00,0.31,121.19112,1.0
2017-08-22 18:00:00,0.65,17.852175,0.7816666666666666
2017-08-22 19:00:00,0.8,0.0,0.0
2017-08-22 20:00:00,0.1,0.0,0.0
2017-08-22 21:00:00,0.89,0.0,0.0
2017-08-22 22:00:00,0.93,0.0,0.0
2017-08-22 23:00:00,0.93,0.0,0.0
2017-08-23 00:00:00,0.65,0.0,0.0
2017-08-23 01:00:00,0.21,0.0,0.0
2017-08-23 02:00:00,0.17,0.0,0.0
2017-08-23 03:00:00,0.15,0.0,0.0
2017-08-23 04:00:00,0.12,0.0,0.0
2017-08-23 05:00:00,0.19,11.231594,0.655
2017-08-23 06:00:00,1.0,55.352394,1.0
2017-08-23 07:00:00,1.0,226.86092,1.0
2017-08-23 08:00:00,0.98,419.11456,1.0
2017-08-23 09:00:00,0.64,610.302,1.0
2017-08-23 10:00:00,0.07,745.4958,1.0
2017-08-23 11:00:00,0.71,730.16565,1.0
2017-08-23 12:00:00,0.73,737.11255,1.0
2017-08-23 13:00:00,0.55,684.7359,1.0
2017-08-23 14:00:00,0.61,585.4997,1.0
2017-08-23 15:00:00,0.74,393.02127,1.0
2017-08-23 16:00:00,0.78,265.38635,1.0
2017-08-23 17:00:00,0.65,70.12045,1.0
2017-08-23 18:00:00,0.58,7.7051535,0.7569444444444444
2017-08-23 19:00:00,0.06,0.0,0.0
2017-08-23 20:00:00,0.03,0.0,0.0
2017-08-23 21:00:00,0.03,0.0,0.0
2017-08-23 22:00:00,0.08,0.0,0.0
2017-08-23 23:00:00,0.87,0.0,0.0
2017-08-24 00:00:00,1.0,0.0,0.0
2017-08-24 01:00:00,1.0,0.0,0.0
2017-08-24 02:00:00,1.0,0.0,0.0
2017-08-24 03:00:00,1.0,0.0,0.0
2017-08-24 04:00:00,1.0,0.0,0.0
2017-08-24 05:00:00,1.0,14.24975,0.6391666666666667
2017-08-24 06:00:00,1.0,133.70331,1.0
2017-08-24 07:00:00,0.97,273.66385,1.0
2017-08-24 08:00:00,0.94,520.4952,1.0
2017-08-24 09:00:00,0.8,674.943,1.0
2017-08-24 10:00:00,0.74,809.296,1.0
2017-08-24 11:00:00,0.47,885.88995,1.0
2017-08-24 12:00:00,0.93,776.2503,1.0
2017-08-24 13:00:00,0.94,602.48676,1.0
2017-08-24 14:00:00,0.9,607.3845,1.0
2017-08-24 15:00:00,0.89,411.13892,1.0
2017-08-24 16:00:00,0.86,220.6401,1.0
2017-08-24 17:00:00,0.94,84.784904,1.0
2017-08-24 18:00:00,0.88,14.474014,0.7319444444444444
2017-08-24 19:00:00,0.61,0.0,0.0
2017-08-24 20:00:00,0.81,0.0,0.0
2017-08-24 21:00:00,0.98,0.0,0.0
2017-08-24 22:00:00,0.37,0.0,0.0
2017-08-24 23:00:00,0.0,0.0,0.0
2017-08-25 00:00:00,0.04,0.0,0.0
2017-08-25 01:00:00,0.56,0.0,0.0
2017-08-25 02:00:00,0.0,0.0,0.0
2017-08-25 03:00:00,0.0,0.0,0.0
2017-08-25 04:00:00,0.0,0.0,0.0
2017-08-25 05:00:00,0.0,17.394508,0.6236111111111111
2017-08-25 06:00:00,0.0,172.44075,1.0
2017-08-25 07:00:00,0.0,393.23584,1.0
2017-08-25 08:00:00,0.0,606.5704,1.0
2017-08-25 09:00:00,0.02,774.6072,1.0
2017-08-25 10:00:00,0.17,852.8749,1.0
2017-08-25 11:00:00,0.47,849.78253,1.0
2017-08-25 12:00:00,0.38,711.6995,1.0
2017-08-25 13:00:00,0.18,853.4998,1.0
2017-08-25 14:00:00,0.08,691.0377,1.0
2017-08-25 15:00:00,0.35,517.6515,1.0
2017-08-25 16:00:00,0.3,298.99826,1.0
2017-08-25 17:00:00,0.33,106.188,1.0
2017-08-25 18:00:00,0.01,11.913611,0.7069444444444445
2017-08-25 19:00:00,0.02,0.0,0.0
2017-08-25 20:00:00,0.01,0.0,0.0
2017-08-25 21:00:00,0.0,0.0,0.0
2017-08-25 22:00:00,0.0,0.0,0.0
2017-08-25 23:00:00,0.0,0.0,0.0
2017-08-26 00:00:00,0.0,0.0,0.0
2017-08-26 01:00:00,0.0,0.0,0.0
2017-08-26 02:00:00,0.0,0.0,0.0
2017-08-26 03:00:00,0.0,0.0,0.0
2017-08-26 04:00:00,0.0,0.0,0.0
2017-08-26 05:00:00,0.0,16.353752,0.6080555555555556
2017-08-26 06:00:00,0.0,172.19884,1.0
2017-08-26 07:00:00,0.14,391.8071,1.0
2017-08-26 08:00:00,0.15,602.148,1.0
2017-08-26 09:00:00,0.19,742.033,1.0
2017-08-26 10:00:00,0.5,814.4969,1.0
2017-08-26 11:00:00,0.31,871.7787,1.0
2017-08-26 12:00:00,0.63,829.69714,1.0
2017-08-26 13:00:00,0.58,750.9661,1.0
2017-08-26 14:00:00,0.33,658.1679,1.0
2017-08-26 15:00:00,0.22,535.0893,1.0
2017-08-26 16:00:00,0.65,291.55725,1.0
2017-08-26 17:00:00,0.1,130.50221,1.0
2017-08-26 18:00:00,0.28,10.6049,0.6816666666666666
2017-08-26 19:00:00,0.3,0.0,0.0
2017-08-26 20:00:00,0.17,0.0,0.0
2017-08-26 21:00:00,0.05,0.0,0.0
2017-08-26 22:00:00,0.1,0.0,0.0
2017-08-26 23:00:00,0.02,0.0,0.0
2017-08-27 00:00:00,0.0,0.0,0.0
2017-08-27 01:00:00,0.01,0.0,0.0
2017-08-27 02:00:00,0.0,0.0,0.0
2017-08-27 03:00:00,0.0,0.0,0.0
2017-08-27 04:00:00,0.0,0.0,0.0
2017-08-27 05:00:00,0.0,15.506055,0.5922222222222222
2017-08-27 06:00:00,0.14,159.74208,1.0
2017-08-27 07:00:00,0.11,366.1081,1.0
2017-08-27 08:00:00,0.0,593.62036,1.0
2017-08-27 09:00:00,0.0,781.07697,1.0
2017-08-27 10:00:00,0.0,895.06903,1.0
2017-08-27 11:00:00,0.07,950.1537,1.0
2017-08-27 12:00:00,0.47,863.13794,1.0
2017-08-27 13:00:00,0.48,825.3224,1.0
2017-08-27 14:00:00,0.38,607.5505,1.0
2017-08-27 15:00:00,0.48,520.57465,1.0
2017-08-27 16:00:00,0.41,309.13443,1.0
2017-08-27 17:00:00,0.53,119.068146,1.0
2017-08-27 18:00:00,0.4,10.409707,0.6561111111111111
2017-08-27 19:00:00,0.26,0.0,0.0
2017-08-27 20:00:00,0.4,0.0,0.0
2017-08-27 21:00:00,0.05,0.0,0.0
2017-08-27 22:00:00,0.0,0.0,0.0
2017-08-27 23:00:00,0.0,0.0,0.0
2017-08-28 00:00:00,0.0,0.0,0.0
2017-08-28 01:00:00,0.0,0.0,0.0
2017-08-28 02:00:00,0.0,0.0,0.0
2017-08-28 03:00:00,0.0,0.0,0.0
2017-08-28 04:00:00,0.0,0.0,0.0
2017-08-28 05:00:00,0.0,14.416114,0.5766666666666667
2017-08-28 06:00:00,0.0,165.6234,1.0
2017-08-28 07:00:00,0.0,385.96594,1.0
2017-08-28 08:00:00,0.0,598.5892,1.0
2017-08-28 09:00:00,0.0,776.2822,1.0
2017-08-28 10:00:00,0.0,881.1708,1.0
2017-08-28 11:00:00,0.0,945.9586,1.0
2017-08-28 12:00:00,0.02,823.49054,1.0
2017-08-28 13:00:00,0.91,745.4486,1.0
2017-08-28 14:00:00,0.8,502.76007,1.0
2017-08-28 15:00:00,0.72,439.31598,1.0
2017-08-28 16:00:00,0.67,316.66125,1.0
2017-08-28 17:00:00,0.14,116.157684,1.0
2017-08-28 18:00:00,0.44,9.295126,0.6302777777777778
2017-08-28 19:00:00,0.0,0.0,0.0
2017-08-28 20:00:00,0.0,0.0,0.0
2017-08-28 21:00:00,0.0,0.0,0.0
2017-08-28 22:00:00,0.0,0.0,0.0
2017-08-28 23:00:00,0.0,0.0,0.0
2017-08-29 00:00:00,0.0,0.0,0.0
2017-08-29 01:00:00,0.0,0.0,0.0
2017-08-29 02:00:00,0.0,0.0,0.0
2017-08-29 03:00:00,0.0,0.0,0.0
2017-08-29 04:00:00,0.0,0.0,0.0
2017-08-29 05:00:00,0.0,13.287617,0.5611111111111111
2017-08-29 06:00:00,0.15,154.94586,1.0
2017-08-29 07:00:00,0.15,384.53372,1.0
2017-08-29 08:00:00,0.06,598.29486,1.0
2017-08-29 09:00:00,0.09,721.94934,1.0
2017-08-29 10:00:00,0.25,851.62994,1.0
2017-08-29 11:00:00,0.23,911.41974,1.0
2017-08-29 12:00:00,0.78,508.35278,1.0
2017-08-29 13:00:00,0.75,722.5982,1.0
2017-08-29 14:00:00,0.67,680.1926,1.0
2017-08-29 15:00:00,0.54,425.9432,1.0
2017-08-29 16:00:00,0.77,288.50354,1.0
2017-08-29 17:00:00,0.56,101.37083,1.0
2017-08-29 18:00:00,0.53,7.0828414,0.6044444444444445
2017-08-29 19:00:00,0.27,0.0,0.0
2017-08-29 20:00:00,0.25,0.0,0.0
2017-08-29 21:00:00,0.0,0.0,0.0
2017-08-29 22:00:00,0.0,0.0,0.0
2017-08-29 23:00:00,0.0,0.0,0.0
2017-08-30 00:00:00,0.0,0.0,0.0
2017-08-30 01:00:00,0.0,0.0,0.0
2017-08-30 02:00:00,0.0,0.0,0.0
2017-08-30 03:00:00,0.02,0.0,0.0
2017-08-30 04:00:00,0.0,0.0,0.0
2017-08-30 05:00:00,0.0,13.407722,0.5455555555555556
2017-08-30 06:00:00,0.08,157.38666,1.0
2017-08-30 07:00:00,0.15,372.7065,1.0
2017-08-30 08:00:00,0.48,582.80664,1.0
2017-08-30 09:00:00,0.65,760.56525,1.0
2017-08-30 10:00:00,0.51,811.1892,1.0
2017-08-30 11:00:00,0.27,911.87683,1.0
2017-08-30 12:00:00,0.71,846.561,1.0
2017-08-30 13:00:00,0.9,469.21207,1.0
2017-08-30 14:00:00,0.43,606.16144,1.0
2017-08-30 15:00:00,0.71,405.10706,1.0
2017-08-30 16:00:00,0.49,261.3271,1.0
2017-08-30 17:00:00,0.49,80.520355,1.0
2017-08-30 18:00:00,0.35,8.007471,0.5786111111111111
2017-08-30 19:00:00,0.37,0.0,0.0
2017-08-30 20:00:00,0.36,0.0,0.0
2017-08-30 21:00:00,0.21,0.0,0.0
2017-08-30 22:00:00,0.05,0.0,0.0
2017-08-30 23:00:00,0.11,0.0,0.0
2017-08-31 00:00:00,0.5,0.0,0.0
2017-08-31 01:00:00,0.33,0.0,0.0
2017-08-31 02:00:00,0.04,0.0,0.0
2017-08-31 03:00:00,0.32,0.0,0.0
2017-08-31 04:00:00,0.01,0.0,0.0
2017-08-31 05:00:00,0.84,11.224472,0.53
2017-08-31 06:00:00,0.33,145.85399,1.0
2017-08-31 07:00:00,0.44,316.7891,1.0
2017-08-31 08:00:00,0.62,533.5228,1.0
2017-08-31 09:00:00,0.74,681.0646,1.0
2017-08-31 10:00:00,0.95,692.86316,1.0
2017-08-31 11:00:00,0.94,704.30237,1.0
2017-08-31 12:00:00,0.9,656.82446,1.0
2017-08-31 13:00:00,0.97,681.8921,1.0
2017-08-31 14:00:00,0.73,386.7898,1.0
2017-08-31 15:00:00,0.85,330.833,1.0
2017-08-31 16:00:00,0.78,176.96396,1.0
2017-08-31 17:00:00,0.88,85.26318,1.0
2017-08-31 18:00:00,0.96,6.9589806,0.5525
2017-08-31 19:00:00,0.75,0.0,0.0
2017-08-31 20:00:00,0.87,0.0,0.0
2017-08-31 21:00:00,0.97,0.0,0.0
2017-08-31 22:00:00,0.78,0.0,0.0
2017-08-31 23:00:00,0.39,0.0,0.0
2017-09-01 00:00:00,0.04,0.0,0.0
2017-09-01 01:00:00,0.51,0.0,0.0
2017-09-01 02:00:00,0.76,0.0,0.0
2017-09-01 03:00:00,0.51,0.0,0.0
2017-09-01 04:00:00,0.9,0.0,0.0
2017-09-01 05:00:00,1.0,4.9696155,0.5141666666666667
2017-09-01 06:00:00,1.0,115.356964,1.0
2017-09-01 07:00:00,0.06,317.03445,1.0
2017-09-01 08:00:00,0.18,499.3868,1.0
2017-09-01 09:00:00,0.66,529.90576,1.0
2017-09-01 10:00:00,0.7,626.24786,1.0
2017-09-01 11:00:00,0.41,761.72144,1.0
2017-09-01 12:00:00,0.9,398.08282,1.0
2017-09-01 13:00:00,0.62,698.1539,1.0
2017-09-01 14:00:00,0.51,564.57184,1.0
2017-09-01 15:00:00,0.26,431.5,1.0
2017-09-01 16:00:00,0.23,294.2814,1.0
2017-09-01 17:00:00,0.01,112.80697,1.0
2017-09-01 18:00:00,0.02,5.969615,0.5263888888888889
2017-09-01 19:00:00,0.08,0.0,0.0
2017-09-01 20:00:00,0.01,0.0,0.0
2017-09-01 21:00:00,0.0,0.0,0.0
2017-09-01 22:00:00,0.0,0.0,0.0
2017-09-01 23:00:00,0.0,0.0,0.0
2017-09-02 00:00:00,0.0,0.0,0.0
2017-09-02 01:00:00,0.0,0.0,0.0
2017-09-02 02:00:00,0.0,0.0,0.0
2017-09-02 03:00:00,0.0,0.0,0.0
2017-09-02 04:00:00,0.0,0.0,0.0
2017-09-02 05:00:00,0.0,10.447059,0.4986111111111111
2017-09-02 06:00:00,0.0,154.75806,1.0
2017-09-02 07:00:00,0.0,375.28595,1.0
2017-09-02 08:00:00,0.0,589.89404,1.0
2017-09-02 09:00:00,0.0,767.76105,1.0
2017-09-02 10:00:00,0.0,890.4039,1.0
2017-09-02 11:00:00,0.0,950.2663,1.0
2017-09-02 12:00:00,0.04,903.9204,1.0
2017-09-02 13:00:00,0.29,794.83014,1.0
2017-09-02 14:00:00,0.62,628.9483,1.0
2017-09-02 15:00:00,0.65,399.02786,1.0
2017-09-02 16:00:00,0.83,271.2885,1.0
2017-09-02 17:00:00,0.4,103.635345,1.0
2017-09-02 18:00:00,0.1,5.968096,0.5002777777777778
2017-09-02 19:00:00,0.25,0.0,0.0
2017-09-02 20:00:00,0.01,0.0,0.0
2017-09-02 21:00:00,0.0,0.0,0.0
2017-09-02 22:00:00,0.0,0.0,0.0
2017-09-02 23:00:00,0.0,0.0,0.0
2017-09-03 00:00:00,0.0,0.0,0.0
2017-09-03 01:00:00,0.0,0.0,0.0
2017-09-03 02:00:00,0.0,0.0,0.0
2017-09-03 03:00:00,0.0,0.0,0.0
2017-09-03 04:00:00,0.0,0.0,0.0
2017-09-03 05:00:00,0.0,10.563458,0.48333333333333334
2017-09-03 06:00:00,0.0,157.0305,1.0
2017-09-03 07:00:00,0.0,383.64386,1.0
2017-09-03 08:00:00,0.0,601.6015,1.0
2017-09-03 09:00:00,0.0,780.5964,1.0
2017-09-03 10:00:00,0.0,905.8185,1.0
2017-09-03 11:00:00,0.0,963.62177,1.0
2017-09-03 12:00:00,0.0,951.35645,1.0
2017-09-03 13:00:00,0.0,878.7328,1.0
2017-09-03 14:00:00,0.1,714.81903,1.0
2017-09-03 15:00:00,0.19,513.6686,1.0
2017-09-03 16:00:00,0.61,276.8504,1.0
2017-09-03 17:00:00,0.42,94.50073,1.0
2017-09-03 18:00:00,0.57,4.974173,0.4741666666666667
2017-09-03 19:00:00,0.1,0.0,0.0
2017-09-03 20:00:00,0.41,0.0,0.0
2017-09-03 21:00:00,0.1,0.0,0.0
2017-09-03 22:00:00,0.0,0.0,0.0
2017-09-03 23:00:00,0.0,0.0,0.0
2017-09-04 00:00:00,0.0,0.0,0.0
2017-09-04 01:00:00,0.0,0.0,0.0
2017-09-04 02:00:00,0.0,0.0,0.0
2017-09-04 03:00:00,0.0,0.0,0.0
2017-09-04 04:00:00,0.0,0.0,0.0
2017-09-04 05:00:00,0.0,9.256731,0.4677777777777778
2017-09-04 06:00:00,0.11,147.41653,1.0
2017-09-04 07:00:00,0.09,378.914,1.0
2017-09-04 08:00:00,0.0,599.96356,1.0
2017-09-04 09:00:00,0.01,745.6402,1.0
2017-09-04 10:00:00,0.28,827.161,1.0
2017-09-04 11:00:00,0.6,869.6023,1.0
2017-09-04 12:00:00,0.72,679.9801,1.0
2017-09-04 13:00:00,0.32,505.07166,1.0
2017-09-04 14:00:00,0.9,514.65686,1.0
2017-09-04 15:00:00,0.59,442.48932,1.0
2017-09-04 16:00:00,0.45,271.21793,1.0
2017-09-04 17:00:00,0.87,99.200424,1.0
2017-09-04 18:00:00,0.12,3.978731,0.4477777777777778
2017-09-04 19:00:00,0.01,0.0,0.0
2017-09-04 20:00:00,0.18,0.0,0.0
2017-09-04 21:00:00,0.3,0.0,0.0
2017-09-04 22:00:00,0.41,0.0,0.0
2017-09-04 23:00:00,0.37,0.0,0.0
2017-09-05 00:00:00,0.33,0.0,0.0
2017-09-05 01:00:00,0.37,0.0,0.0
2017-09-05 02:00:00,0.35,0.0,0.0
2017-09-05 03:00:00,0.52,0.0,0.0
2017-09-05 04:00:00,0.94,0.0,0.0
2017-09-05 05:00:00,0.65,1.9878461,0.45222222222222225
2017-09-05 06:00:00,1.0,32.79946,1.0
2017-09-05 07:00:00,1.0,82.49562,1.0
2017-09-05 08:00:00,1.0,176.9183,1.0
2017-09-05 09:00:00,1.0,436.67538,1.0
2017-09-05 10:00:00,0.87,587.9847,1.0
2017-09-05 11:00:00,0.86,660.6719,1.0
2017-09-05 12:00:00,0.83,804.3875,1.0
2017-09-05 13:00:00,0.72,745.60706,1.0
2017-09-05 14:00:00,0.02,684.6668,1.0
2017-09-05 15:00:00,0.0,499.7529,1.0
2017-09-05 16:00:00,0.02,267.18906,1.0
2017-09-05 17:00:00,0.01,87.21716,1.0
2017-09-05 18:00:00,0.23,2.9848075,0.42194444444444446
2017-09-05 19:00:00,0.2,0.0,0.0
2017-09-05 20:00:00,0.05,0.0,0.0
2017-09-05 21:00:00,0.03,0.0,0.0
2017-09-05 22:00:00,0.02,0.0,0.0
2017-09-05 23:00:00,0.02,0.0,0.0
2017-09-06 00:00:00,0.01,0.0,0.0
2017-09-06 01:00:00,0.0,0.0,0.0
2017-09-06 02:00:00,0.0,0.0,0.0
2017-09-06 03:00:00,0.0,0.0,0.0
2017-09-06 04:00:00,0.0,0.0,0.0
2017-09-06 05:00:00,0.0,8.460916,0.43666666666666665
2017-09-06 06:00:00,0.0,148.56494,1.0
2017-09-06 07:00:00,0.0,372.72842,1.0
2017-09-06 08:00:00,0.0,589.99475,1.0
2017-09-06 09:00:00,0.0,768.17926,1.0
2017-09-06 10:00:00,0.0,890.10376,1.0
2017-09-06 11:00:00,0.0,947.044,1.0
2017-09-06 12:00:00,0.0,932.87836,1.0
2017-09-06 13:00:00,0.0,824.27136,1.0
2017-09-06 14:00:00,0.01,700.7145,1.0
2017-09-06 15:00:00,0.01,510.76822,1.0
2017-09-06 16:00:00,0.01,294.34543,1.0
2017-09-06 17:00:00,0.06,94.56266,1.0
2017-09-06 18:00:00,0.0,2.9848075,0.39555555555555555
2017-09-06 19:00:00,0.0,0.0,0.0
2017-09-06 20:00:00,0.2,0.0,0.0
2017-09-06 21:00:00,0.34,0.0,0.0
2017-09-06 22:00:00,0.86,0.0,0.0
2017-09-06 23:00:00,0.96,0.0,0.0
2017-09-07 00:00:00,0.97,0.0,0.0
2017-09-07 01:00:00,0.98,0.0,0.0
2017-09-07 02:00:00,0.83,0.0,0.0
2017-09-07 03:00:00,0.88,0.0,0.0
2017-09-07 04:00:00,0.87,0.0,0.0
2017-09-07 05:00:00,0.81,7.037709,0.42138888888888887
2017-09-07 06:00:00,0.29,144.17206,1.0
2017-09-07 07:00:00,0.18,368.7543,1.0
2017-09-07 08:00:00,0.0,589.0567,1.0
2017-09-07 09:00:00,0.0,774.50867,1.0
2017-09-07 10:00:00,0.32,803.77075,1.0
2017-09-07 11:00:00,0.3,841.6995,1.0
2017-09-07 12:00:00,0.47,768.2947,1.0
2017-09-07 13:00:00,0.47,741.94226,1.0
2017-09-07 14:00:00,0.78,536.15643,1.0
2017-09-07 15:00:00,0.46,444.87915,1.0
2017-09-07 16:00:00,0.42,268.98877,1.0
2017-09-07 17:00:00,0.36,89.54956,1.0
2017-09-07 18:00:00,0.22,2.9832883,0.36916666666666664
2017-09-07 19:00:00,0.1,0.0,0.0
2017-09-07 20:00:00,0.28,0.0,0.0
2017-09-07 21:00:00,0.03,0.0,0.0
2017-09-07 22:00:00,0.0,0.0,0.0
2017-09-07 23:00:00,0.0,0.0,0.0
2017-09-08 00:00:00,0.0,0.0,0.0
2017-09-08 01:00:00,0.0,0.0,0.0
2017-09-08 02:00:00,0.0,0.0,0.0
2017-09-08 03:00:00,0.0,0.0,0.0
2017-09-08 04:00:00,0.0,0.0,0.0
2017-09-08 05:00:00,0.0,6.1201525,0.4058333333333333
2017-09-08 06:00:00,0.0,143.60345,1.0
2017-09-08 07:00:00,0.0,365.69952,1.0
2017-09-08 08:00:00,0.0,582.04785,1.0
2017-09-08 09:00:00,0.04,690.5962,1.0
2017-09-08 10:00:00,0.39,806.71954,1.0
2017-09-08 11:00:00,0.33,849.7526,1.0
2017-09-08 12:00:00,0.56,889.74,1.0
2017-09-08 13:00:00,0.68,543.27454,1.0
2017-09-08 14:00:00,0.95,337.0621,1.0
2017-09-08 15:00:00,0.93,307.31485,1.0
2017-09-08 16:00:00,0.55,238.48895,1.0
2017-09-08 17:00:00,0.8,83.60987,1.0
2017-09-08 18:00:00,0.75,1.9878461,0.3425
2017-09-08 19:00:00,0.78,0.0,0.0
2017-09-08 20:00:00,0.5,0.0,0.0
2017-09-08 21:00:00,0.37,0.0,0.0
2017-09-08 22:00:00,0.27,0.0,0.0
2017-09-08 23:00:00,0.34,0.0,0.0
2017-09-09 00:00:00,0.39,0.0,0.0
2017-09-09 01:00:00,0.09,0.0,0.0
2017-09-09 02:00:00,0.12,0.0,0.0
2017-09-09 03:00:00,0.0,0.0,0.0
2017-09-09 04:00:00,0.0,0.0,0.0
2017-09-09 05:00:00,0.0,6.201294,0.3902777777777778
2017-09-09 06:00:00,0.01,136.58714,1.0
2017-09-09 07:00:00,0.0,358.32523,1.0
2017-09-09 08:00:00,0.02,571.5467,1.0
2017-09-09 09:00:00,0.04,746.04785,1.0
2017-09-09 10:00:00,0.3,769.59784,1.0
2017-09-09 11:00:00,0.74,790.51556,1.0
2017-09-09 12:00:00,0.65,507.7975,1.0
2017-09-09 13:00:00,0.55,634.1126,1.0
2017-09-09 14:00:00,0.63,560.78784,1.0
2017-09-09 15:00:00,0.82,361.10507,1.0
2017-09-09 16:00:00,0.59,203.43182,1.0
2017-09-09 17:00:00,0.44,68.2881,1.0
2017-09-09 18:00:00,0.86,0.99392307,0.31555555555555553
2017-09-09 19:00:00,0.65,0.0,0.0
2017-09-09 20:00:00,0.54,0.0,0.0
2017-09-09 21:00:00,0.42,0.0,0.0
2017-09-09 22:00:00,0.0,0.0,0.0
2017-09-09 23:00:00,0.0,0.0,0.0
2017-09-10 00:00:00,0.14,0.0,0.0
2017-09-10 01:00:00,0.24,0.0,0.0
2017-09-10 02:00:00,0.11,0.0,0.0
2017-09-10 03:00:00,0.07,0.0,0.0
2017-09-10 04:00:00,0.04,0.0,0.0
2017-09-10 05:00:00,0.13,4.6348085,0.37472222222222223
2017-09-10 06:00:00,0.44,132.02426,1.0
2017-09-10 07:00:00,0.5,343.1567,1.0
2017-09-10 08:00:00,0.52,540.13635,1.0
2017-09-10 09:00:00,0.85,721.1182,1.0
2017-09-10 10:00:00,0.87,840.80524,1.0
2017-09-10 11:00:00,0.92,717.4647,1.0
2017-09-10 12:00:00,0.94,521.5033,1.0
2017-09-10 13:00:00,0.88,643.80383,1.0
2017-09-10 14:00:00,0.9,497.4935,1.0
2017-09-10 15:00:00,0.98,314.60034,1.0
2017-09-10 16:00:00,0.98,171.52724,1.0
2017-09-10 17:00:00,1.0,50.85251,1.0
2017-09-10 18:00:00,1.0,0.99392307,0.28833333333333333
2017-09-10 19:00:00,0.98,0.0,0.0
2017-09-10 20:00:00,0.99,0.0,0.0
2017-09-10 21:00:00,0.99,0.0,0.0
2017-09-10 22:00:00,0.96,0.0,0.0
2017-09-10 23:00:00,0.97,0.0,0.0
2017-09-11 00:00:00,0.98,0.0,0.0
2017-09-11 01:00:00,0.87,0.0,0.0
2017-09-11 02:00:00,0.86,0.0,0.0
2017-09-11 03:00:00,0.88,0.0,0.0
2017-09-11 04:00:00,0.87,0.0,0.0
2017-09-11 05:00:00,0.73,2.981769,0.35944444444444446
2017-09-11 06:00:00,0.64,84.40627,1.0
2017-09-11 07:00:00,0.43,258.17734,1.0
2017-09-11 08:00:00,0.51,499.8649,1.0
2017-09-11 09:00:00,0.6,666.0656,1.0
2017-09-11 10:00:00,0.22,768.75024,1.0
2017-09-11 11:00:00,0.29,785.3116,1.0
2017-09-11 12:00:00,0.81,441.58084,1.0
2017-09-11 13:00:00,0.94,535.94543,1.0
2017-09-11 14:00:00,0.97,337.18997,1.0
2017-09-11 15:00:00,0.96,169.78764,1.0
2017-09-11 16:00:00,0.99,127.581276,1.0
2017-09-11 17:00:00,1.0,59.732773,1.0
2017-09-11 18:00:00,0.88,0.0,0.2611111111111111
2017-09-11 19:00:00,0.92,0.0,0.0
2017-09-11 20:00:00,1.0,0.0,0.0
2017-09-11 21:00:00,0.97,0.0,0.0
2017-09-11 22:00:00,0.94,0.0,0.0
2017-09-11 23:00:00,0.94,0.0,0.0
2017-09-12 00:00:00,0.91,0.0,0.0
2017-09-12 01:00:00,0.88,0.0,0.0
2017-09-12 02:00:00,0.0,0.0,0.0
2017-09-12 03:00:00,0.01,0.0,0.0
2017-09-12 04:00:00,0.1,0.0,0.0
2017-09-12 05:00:00,0.15,3.7361279,0.3438888888888889
2017-09-12 06:00:00,0.01,129.50206,1.0
2017-09-12 07:00:00,0.19,345.15,1.0
2017-09-12 08:00:00,0.16,506.43677,1.0
2017-09-12 09:00:00,0.01,720.144,1.0
2017-09-12 10:00:00,0.04,839.9182,1.0
2017-09-12 11:00:00,0.66,822.5255,1.0
2017-09-12 12:00:00,0.81,788.04895,1.0
2017-09-12 13:00:00,0.31,748.1719,1.0
2017-09-12 14:00:00,0.44,655.0629,1.0
2017-09-12 15:00:00,0.46,433.32773,1.0
2017-09-12 16:00:00,0.48,201.47481,1.0
2017-09-12 17:00:00,0.81,71.0157,1.0
2017-09-12 18:00:00,0.09,0.0,0.2336111111111111
2017-09-12 19:00:00,0.04,0.0,0.0
2017-09-12 20:00:00,0.07,0.0,0.0
2017-09-12 21:00:00,0.23,0.0,0.0
2017-09-12 22:00:00,0.0,0.0,0.0
2017-09-12 23:00:00,0.0,0.0,0.0
2017-09-13 00:00:00,0.0,0.0,0.0
2017-09-13 01:00:00,0.0,0.0,0.0
2017-09-13 02:00:00,0.0,0.0,0.0
2017-09-13 03:00:00,0.0,0.0,0.0
2017-09-13 04:00:00,0.0,0.0,0.0
2017-09-13 05:00:00,0.0,3.7887685,0.3283333333333333
2017-09-13 06:00:00,0.0,129.44095,1.0
2017-09-13 07:00:00,0.06,337.4133,1.0
2017-09-13 08:00:00,0.12,521.5904,1.0
2017-09-13 09:00:00,0.19,708.4421,1.0
2017-09-13 10:00:00,0.36,676.83185,1.0
2017-09-13 11:00:00,0.5,691.5507,1.0
2017-09-13 12:00:00,0.75,681.38794,1.0
2017-09-13 13:00:00,0.58,576.5947,1.0
2017-09-13 14:00:00,0.48,384.2161,1.0
2017-09-13 15:00:00,0.74,361.93774,1.0
2017-09-13 16:00:00,0.15,232.5056,1.0
2017-09-13 17:00:00,0.24,66.75645,1.0
2017-09-13 18:00:00,0.01,0.0,0.2061111111111111
2017-09-13 19:00:00,0.32,0.0,0.0
2017-09-13 20:00:00,0.37,0.0,0.0
2017-09-13 21:00:00,0.0,0.0,0.0
2017-09-13 22:00:00,0.0,0.0,0.0
2017-09-13 23:00:00,0.0,0.0,0.0
2017-09-14 00:00:00,0.0,0.0,0.0
2017-09-14 01:00:00,0.0,0.0,0.0
2017-09-14 02:00:00,0.0,0.0,0.0
2017-09-14 03:00:00,0.0,0.0,0.0
2017-09-14 04:00:00,0.0,0.0,0.0
2017-09-14 05:00:00,0.08,3.8451746,0.31277777777777777
2017-09-14 06:00:00,0.19,105.20035,1.0
2017-09-14 07:00:00,0.8,283.22803,1.0
2017-09-14 08:00:00,0.76,536.9808,1.0
2017-09-14 09:00:00,0.59,501.13376,1.0
2017-09-14 10:00:00,0.98,644.6014,1.0
2017-09-14 11:00:00,0.52,740.7963,1.0
2017-09-14 12:00:00,0.3,722.3746,1.0
2017-09-14 13:00:00,0.9,459.53876,1.0
2017-09-14 14:00:00,0.64,502.23273,1.0
2017-09-14 15:00:00,0.83,275.92993,1.0
2017-09-14 16:00:00,0.94,141.39778,1.0
2017-09-14 17:00:00,0.72,48.990307,1.0
2017-09-14 18:00:00,1.0,0.0,0.17833333333333334
2017-09-14 19:00:00,1.0,0.0,0.0
2017-09-14 20:00:00,0.96,0.0,0.0
2017-09-14 21:00:00,1.0,0.0,0.0
2017-09-14 22:00:00,1.0,0.0,0.0
2017-09-14 23:00:00,0.91,0.0,0.0
2017-09-15 00:00:00,1.0,0.0,0.0
2017-09-15 01:00:00,1.0,0.0,0.0
2017-09-15 02:00:00,0.99,0.0,0.0
2017-09-15 03:00:00,0.87,0.0,0.0
2017-09-15 04:00:00,0.0,0.0,0.0
2017-09-15 05:00:00,0.01,2.911971,0.2972222222222222
2017-09-15 06:00:00,0.0,126.36726,1.0
2017-09-15 07:00:00,0.0,347.8538,1.0
2017-09-15 08:00:00,0.0,565.6072,1.0
2017-09-15 09:00:00,0.0,745.79034,1.0
2017-09-15 10:00:00,0.0,869.4282,1.0
2017-09-15 11:00:00,0.0,926.36414,1.0
2017-09-15 12:00:00,0.62,852.83276,1.0
2017-09-15 13:00:00,0.63,588.4964,1.0
2017-09-15 14:00:00,0.82,512.18896,1.0
2017-09-15 15:00:00,0.8,338.0904,1.0
2017-09-15 16:00:00,0.87,192.74715,1.0
2017-09-15 17:00:00,0.7,42.669575,1.0
2017-09-15 18:00:00,0.26,0.0,0.15055555555555555
2017-09-15 19:00:00,0.26,0.0,0.0
2017-09-15 20:00:00,0.48,0.0,0.0
2017-09-15 21:00:00,0.38,0.0,0.0
2017-09-15 22:00:00,0.46,0.0,0.0
2017-09-15 23:00:00,0.1,0.0,0.0
2017-09-16 00:00:00,0.07,0.0,0.0
2017-09-16 01:00:00,0.32,0.0,0.0
2017-09-16 02:00:00,0.28,0.0,0.0
2017-09-16 03:00:00,0.28,0.0,0.0
2017-09-16 04:00:00,0.2,0.0,0.0
2017-09-16 05:00:00,0.3,0.99392307,0.2816666666666667
2017-09-16 06:00:00,0.92,81.84459,1.0
2017-09-16 07:00:00,1.0,55.65969,1.0
2017-09-16 08:00:00,1.0,139.21773,1.0
2017-09-16 09:00:00,1.0,475.88498,1.0
2017-09-16 10:00:00,1.0,255.20015,1.0
2017-09-16 11:00:00,0.74,563.5665,1.0
2017-09-16 12:00:00,0.52,768.08026,1.0
2017-09-16 13:00:00,0.12,766.7062,1.0
2017-09-16 14:00:00,0.14,578.47406,1.0
2017-09-16 15:00:00,0.1,421.66214,1.0
2017-09-16 16:00:00,0.08,244.09879,1.0
2017-09-16 17:00:00,0.13,46.252335,1.0
2017-09-16 18:00:00,0.14,0.0,0.12277777777777778
2017-09-16 19:00:00,0.47,0.0,0.0
2017-09-16 20:00:00,0.5,0.0,0.0
2017-09-16 21:00:00,0.42,0.0,0.0
2017-09-16 22:00:00,0.36,0.0,0.0
2017-09-16 23:00:00,0.31,0.0,0.0
2017-09-17 00:00:00,0.27,0.0,0.0
2017-09-17 01:00:00,0.06,0.0,0.0
2017-09-17 02:00:00,0.28,0.0,0.0
2017-09-17 03:00:00,0.37,0.0,0.0
2017-09-17 04:00:00,0.64,0.0,0.0
2017-09-17 05:00:00,0.74,0.0,0.26611111111111113
2017-09-17 06:00:00,0.75,80.0221,1.0
2017-09-17 07:00:00,0.76,245.78186,1.0
2017-09-17 08:00:00,0.59,432.1587,1.0
2017-09-17 09:00:00,0.58,606.01624,1.0
2017-09-17 10:00:00,0.3,720.41724,1.0
2017-09-17 11:00:00,0.48,758.88495,1.0
2017-09-17 12:00:00,0.24,737.20044,1.0
2017-09-17 13:00:00,0.78,561.07587,1.0
2017-09-17 14:00:00,0.92,356.5066,1.0
2017-09-17 15:00:00,0.98,256.49936,1.0
2017-09-17 16:00:00,0.45,189.82462,1.0
2017-09-17 17:00:00,0.95,54.52393,1.0
2017-09-17 18:00:00,0.96,0.0,0.095
2017-09-17 19:00:00,0.97,0.0,0.0
2017-09-17 20:00:00,0.87,0.0,0.0
2017-09-17 21:00:00,0.71,0.0,0.0
2017-09-17 22:00:00,0.21,0.0,0.0
2017-09-17 23:00:00,0.76,0.0,0.0
2017-09-18 00:00:00,0.07,0.0,0.0
2017-09-18 01:00:00,0.11,0.0,0.0
2017-09-18 02:00:00,0.03,0.0,0.0
2017-09-18 03:00:00,0.0,0.0,0.0
2017-09-18 04:00:00,0.0,0.0,0.0
2017-09-18 05:00:00,0.0,0.0,0.25055555555555553
2017-09-18 06:00:00,0.0,122.12379,1.0
2017-09-18 07:00:00,0.0,344.65002,1.0
2017-09-18 08:00:00,0.0,564.0585,1.0
2017-09-18 09:00:00,0.0,744.5741,1.0
2017-09-18 10:00:00,0.0,869.6545,1.0
2017-09-18 11:00:00,0.0,918.45276,1.0
2017-09-18 12:00:00,0.0,900.19977,1.0
2017-09-18 13:00:00,0.01,774.8342,1.0
2017-09-18 14:00:00,0.29,594.2458,1.0
2017-09-18 15:00:00,0.05,428.85648,1.0
2017-09-18 16:00:00,0.04,236.31111,1.0
2017-09-18 17:00:00,0.02,54.463745,1.0
2017-09-18 18:00:00,0.01,0.0,0.06722222222222222
2017-09-18 19:00:00,0.01,0.0,0.0
2017-09-18 20:00:00,0.0,0.0,0.0
2017-09-18 21:00:00,0.0,0.0,0.0
2017-09-18 22:00:00,0.0,0.0,0.0
2017-09-18 23:00:00,0.0,0.0,0.0
2017-09-19 00:00:00,0.13,0.0,0.0
2017-09-19 01:00:00,0.31,0.0,0.0
2017-09-19 02:00:00,0.25,0.0,0.0
2017-09-19 03:00:00,0.78,0.0,0.0
2017-09-19 04:00:00,0.26,0.0,0.0
2017-09-19 05:00:00,0.77,0.0,0.235
2017-09-19 06:00:00,1.0,104.1989,1.0
2017-09-19 07:00:00,1.0,272.33395,1.0
2017-09-19 08:00:00,0.98,507.92343,1.0
2017-09-19 09:00:00,0.98,704.57526,1.0
2017-09-19 10:00:00,1.0,840.8492,1.0
2017-09-19 11:00:00,1.0,852.7646,1.0
2017-09-19 12:00:00,1.0,889.49384,1.0
2017-09-19 13:00:00,0.93,805.6656,1.0
2017-09-19 14:00:00,0.21,662.2171,1.0
2017-09-19 15:00:00,0.0,467.16574,1.0
2017-09-19 16:00:00,0.0,245.97061,1.0
2017-09-19 17:00:00,0.01,51.88559,1.0
2017-09-19 18:00:00,0.01,0.0,0.03944444444444444
2017-09-19 19:00:00,0.0,0.0,0.0
2017-09-19 20:00:00,0.0,0.0,0.0
2017-09-19 21:00:00,0.0,0.0,0.0
2017-09-19 22:00:00,0.0,0.0,0.0
2017-09-19 23:00:00,0.0,0.0,0.0
2017-09-20 00:00:00,0.0,0.0,0.0
2017-09-20 01:00:00,0.0,0.0,0.0
2017-09-20 02:00:00,0.0,0.0,0.0
2017-09-20 03:00:00,0.0,0.0,0.0
2017-09-20 04:00:00,0.0,0.0,0.0
2017-09-20 05:00:00,0.0,0.0,0.21944444444444444
2017-09-20 06:00:00,0.06,112.8948,1.0
2017-09-20 07:00:00,0.0,333.27707,1.0
2017-09-20 08:00:00,0.0,555.87885,1.0
2017-09-20 09:00:00,0.0,733.06464,1.0
2017-09-20 10:00:00,0.0,797.50995,1.0
2017-09-20 11:00:00,0.09,904.6475,1.0
2017-09-20 12:00:00,0.33,860.9605,1.0
2017-09-20 13:00:00,0.0,785.11,1.0
2017-09-20 14:00:00,0.0,640.4263,1.0
2017-09-20 15:00:00,0.0,452.36334,1.0
2017-09-20 16:00:00,0.0,228.09225,1.0
2017-09-20 17:00:00,0.02,47.03036,1.0
2017-09-20 18:00:00,0.01,0.0,0.011944444444444445
2017-09-20 19:00:00,0.0,0.0,0.0
2017-09-20 20:00:00,0.0,0.0,0.0
2017-09-20 21:00:00,0.0,0.0,0.0
2017-09-20 22:00:00,0.0,0.0,0.0
2017-09-20 23:00:00,0.0,0.0,0.0
2017-09-21 00:00:00,0.0,0.0,0.0
2017-09-21 01:00:00,0.0,0.0,0.0
2017-09-21 02:00:00,0.0,0.0,0.0
2017-09-21 03:00:00,0.0,0.0,0.0
2017-09-21 04:00:00,0.0,0.0,0.0
2017-09-21 05:00:00,0.0,0.0,0.2036111111111111
2017-09-21 06:00:00,0.0,118.94921,1.0
2017-09-21 07:00:00,0.0,345.54587,1.0
2017-09-21 08:00:00,0.0,566.20154,1.0
2017-09-21 09:00:00,0.0,745.45935,1.0
2017-09-21 10:00:00,0.0,864.3689,1.0
2017-09-21 11:00:00,0.0,914.4352,1.0
2017-09-21 12:00:00,0.0,894.4646,1.0
2017-09-21 13:00:00,0.0,805.5501,1.0
2017-09-21 14:00:00,0.0,655.1684,1.0
2017-09-21 15:00:00,0.0,455.29425,1.0
2017-09-21 16:00:00,0.0,231.29948,1.0
2017-09-21 17:00:00,0.0,45.86251,0.9844444444444445
2017-09-21 18:00:00,0.0,0.0,0.0
2017-09-21 19:00:00,0.0,0.0,0.0
2017-09-21 20:00:00,0.0,0.0,0.0
2017-09-21 21:00:00,0.0,0.0,0.0
2017-09-21 22:00:00,0.0,0.0,0.0
2017-09-21 23:00:00,0.0,0.0,0.0
2017-09-22 00:00:00,0.0,0.0,0.0
2017-09-22 01:00:00,0.0,0.0,0.0
2017-09-22 02:00:00,0.0,0.0,0.0
2017-09-22 03:00:00,0.0,0.0,0.0
2017-09-22 04:00:00,0.0,0.0,0.0
2017-09-22 05:00:00,0.0,0.0,0.18805555555555556
2017-09-22 06:00:00,0.0,114.021614,1.0
2017-09-22 07:00:00,0.0,335.3287,1.0
2017-09-22 08:00:00,0.0,551.8397,1.0
2017-09-22 09:00:00,0.0,728.0161,1.0
2017-09-22 10:00:00,0.0,848.69556,1.0
2017-09-22 11:00:00,0.0,895.26416,1.0
2017-09-22 12:00:00,0.42,831.3525,1.0
2017-09-22 13:00:00,0.55,712.51117,1.0
2017-09-22 14:00:00,0.64,564.0068,1.0
2017-09-22 15:00:00,0.64,287.28226,1.0
2017-09-22 16:00:00,0.26,166.52368,1.0
2017-09-22 17:00:00,0.08,36.37644,0.9569444444444445
2017-09-22 18:00:00,0.31,0.0,0.0
2017-09-22 19:00:00,0.06,0.0,0.0
2017-09-22 20:00:00,0.35,0.0,0.0
2017-09-22 21:00:00,0.87,0.0,0.0
2017-09-22 22:00:00,0.74,0.0,0.0
2017-09-22 23:00:00,0.91,0.0,0.0
2017-09-23 00:00:00,0.56,0.0,0.0
2017-09-23 01:00:00,0.27,0.0,0.0
2017-09-23 02:00:00,1.0,0.0,0.0
2017-09-23 03:00:00,0.24,0.0,0.0
2017-09-23 04:00:00,0.4,0.0,0.0
2017-09-23 05:00:00,0.21,0.0,0.17222222222222222
2017-09-23 06:00:00,1.0,49.025837,1.0
2017-09-23 07:00:00,1.0,116.174484,1.0
2017-09-23 08:00:00,1.0,269.41467,1.0
2017-09-23 09:00:00,1.0,347.37003,1.0
2017-09-23 10:00:00,1.0,366.55496,1.0
2017-09-23 11:00:00,1.0,334.82526,1.0
2017-09-23 12:00:00,0.99,419.42896,1.0
2017-09-23 13:00:00,0.61,514.40686,1.0
2017-09-23 14:00:00,0.64,393.38,1.0
2017-09-23 15:00:00,0.82,136.13889,1.0
2017-09-23 16:00:00,1.0,21.866308,1.0
2017-09-23 17:00:00,1.0,2.981769,0.93
2017-09-23 18:00:00,1.0,0.0,0.0
2017-09-23 19:00:00,1.0,0.0,0.0
2017-09-23 20:00:00,1.0,0.0,0.0
2017-09-23 21:00:00,1.0,0.0,0.0
2017-09-23 22:00:00,1.0,0.0,0.0
2017-09-23 23:00:00,1.0,0.0,0.0
2017-09-24 00:00:00,1.0,0.0,0.0
2017-09-24 01:00:00,0.97,0.0,0.0
2017-09-24 02:00:00,0.92,0.0,0.0
2017-09-24 03:00:00,0.8,0.0,0.0
2017-09-24 04:00:00,0.8,0.0,0.0
2017-09-24 05:00:00,1.0,0.0,0.15638888888888888
2017-09-24 06:00:00,1.0,7.9513845,1.0
2017-09-24 07:00:00,1.0,34.787308,1.0
2017-09-24 08:00:00,1.0,64.604996,1.0
2017-09-24 09:00:00,1.0,102.37408,1.0
2017-09-24 10:00:00,1.0,111.31938,1.0
2017-09-24 11:00:00,1.0,132.19177,1.0
2017-09-24 12:00:00,1.0,104.36192,1.0
2017-09-24 13:00:00,1.0,102.37408,1.0
2017-09-24 14:00:00,1.0,141.13708,1.0
2017-09-24 15:00:00,1.0,69.574615,1.0
2017-09-24 16:00:00,1.0,30.811617,1.0
2017-09-24 17:00:00,1.0,5.963538,0.9027777777777778
2017-09-24 18:00:00,1.0,0.0,0.0
2017-09-24 19:00:00,1.0,0.0,0.0
2017-09-24 20:00:00,1.0,0.0,0.0
2017-09-24 21:00:00,1.0,0.0,0.0
2017-09-24 22:00:00,1.0,0.0,0.0
2017-09-24 23:00:00,1.0,0.0,0.0
2017-09-25 00:00:00,1.0,0.0,0.0
2017-09-25 01:00:00,1.0,0.0,0.0
2017-09-25 02:00:00,1.0,0.0,0.0
2017-09-25 03:00:00,1.0,0.0,0.0
2017-09-25 04:00:00,0.99,0.0,0.0
2017-09-25 05:00:00,1.0,0.0,0.14055555555555554
2017-09-25 06:00:00,1.0,13.914923,1.0
2017-09-25 07:00:00,1.0,65.29104,1.0
2017-09-25 08:00:00,1.0,146.71237,1.0
2017-09-25 09:00:00,1.0,199.18567,1.0
2017-09-25 10:00:00,0.99,371.1524,1.0
2017-09-25 11:00:00,0.82,391.05695,1.0
2017-09-25 12:00:00,0.62,443.1062,1.0
2017-09-25 13:00:00,0.53,251.37901,1.0
2017-09-25 14:00:00,0.93,275.73392,1.0
2017-09-25 15:00:00,0.98,206.84795,1.0
2017-09-25 16:00:00,1.0,58.64146,1.0
2017-09-25 17:00:00,0.32,31.268147,0.8761111111111111
2017-09-25 18:00:00,0.72,0.0,0.0
2017-09-25 19:00:00,1.0,0.0,0.0
2017-09-25 20:00:00,0.92,0.0,0.0
2017-09-25 21:00:00,1.0,0.0,0.0
2017-09-25 22:00:00,0.22,0.0,0.0
2017-09-25 23:00:00,0.43,0.0,0.0
2017-09-26 00:00:00,1.0,0.0,0.0
2017-09-26 01:00:00,1.0,0.0,0.0
2017-09-26 02:00:00,1.0,0.0,0.0
2017-09-26 03:00:00,1.0,0.0,0.0
2017-09-26 04:00:00,1.0,0.0,0.0
2017-09-26 05:00:00,1.0,0.0,0.12472222222222222
2017-09-26 06:00:00,1.0,25.571562,1.0
2017-09-26 07:00:00,1.0,92.50185,1.0
2017-09-26 08:00:00,1.0,232.00513,1.0
2017-09-26 09:00:00,1.0,336.1622,1.0
2017-09-26 10:00:00,1.0,401.69275,1.0
2017-09-26 11:00:00,0.62,533.3659,1.0
2017-09-26 12:00:00,1.0,399.3673,1.0
2017-09-26 13:00:00,0.52,408.93744,1.0
2017-09-26 14:00:00,0.43,195.76959,1.0
2017-09-26 15:00:00,1.0,141.78554,1.0
2017-09-26 16:00:00,0.86,98.08048,1.0
2017-09-26 17:00:00,0.82,13.863648,0.8494444444444444
2017-09-26 18:00:00,0.92,0.0,0.0
2017-09-26 19:00:00,0.98,0.0,0.0
2017-09-26 20:00:00,1.0,0.0,0.0
2017-09-26 21:00:00,1.0,0.0,0.0
2017-09-26 22:00:00,1.0,0.0,0.0
2017-09-26 23:00:00,0.96,0.0,0.0
2017-09-27 00:00:00,1.0,0.0,0.0
2017-09-27 01:00:00,1.0,0.0,0.0
2017-09-27 02:00:00,1.0,0.0,0.0
2017-09-27 03:00:00,0.99,0.0,0.0
2017-09-27 04:00:00,0.96,0.0,0.0
2017-09-27 05:00:00,0.95,0.0,0.10861111111111112
2017-09-27 06:00:00,0.98,18.436869,1.0
2017-09-27 07:00:00,1.0,55.65969,1.0
2017-09-27 08:00:00,1.0,73.55031,1.0
2017-09-27 09:00:00,1.0,84.48347,1.0
2017-09-27 10:00:00,1.0,122.7495,1.0
2017-09-27 11:00:00,1.0,125.23431,1.0
2017-09-27 12:00:00,1.0,167.97299,1.0
2017-09-27 13:00:00,1.0,151.77174,1.0
2017-09-27 14:00:00,1.0,87.46523,1.0
2017-09-27 15:00:00,1.0,42.738693,1.0
2017-09-27 16:00:00,1.0,18.884539,1.0
2017-09-27 17:00:00,1.0,4.9696155,0.8227777777777778
2017-09-27 18:00:00,1.0,0.0,0.0
2017-09-27 19:00:00,1.0,0.0,0.0
2017-09-27 20:00:00,1.0,0.0,0.0
2017-09-27 21:00:00,1.0,0.0,0.0
2017-09-27 22:00:00,1.0,0.0,0.0
2017-09-27 23:00:00,1.0,0.0,0.0
2017-09-28 00:00:00,1.0,0.0,0.0
2017-09-28 01:00:00,1.0,0.0,0.0
2017-09-28 02:00:00,1.0,0.0,0.0
2017-09-28 03:00:00,1.0,0.0,0.0
2017-09-28 04:00:00,1.0,0.0,0.0
2017-09-28 05:00:00,1.0,0.0,0.09277777777777778
2017-09-28 06:00:00,1.0,8.945308,1.0
2017-09-28 07:00:00,1.0,43.54257,1.0
2017-09-28 08:00:00,1.0,252.05484,1.0
2017-09-28 09:00:00,0.55,306.6811,1.0
2017-09-28 10:00:00,1.0,453.20544,1.0
2017-09-28 11:00:00,1.0,475.20547,1.0
2017-09-28 12:00:00,1.0,402.5649,1.0
2017-09-28 13:00:00,1.0,347.3153,1.0
2017-09-28 14:00:00,1.0,383.34177,1.0
2017-09-28 15:00:00,1.0,191.34726,1.0
2017-09-28 16:00:00,0.65,110.97554,1.0
2017-09-28 17:00:00,1.0,12.654137,0.7958333333333333
2017-09-28 18:00:00,1.0,0.0,0.0
2017-09-28 19:00:00,1.0,0.0,0.0
2017-09-28 20:00:00,1.0,0.0,0.0
2017-09-28 21:00:00,0.97,0.0,0.0
2017-09-28 22:00:00,1.0,0.0,0.0
2017-09-28 23:00:00,1.0,0.0,0.0
2017-09-29 00:00:00,0.85,0.0,0.0
2017-09-29 01:00:00,0.85,0.0,0.0
2017-09-29 02:00:00,1.0,0.0,0.0
2017-09-29 03:00:00,1.0,0.0,0.0
2017-09-29 04:00:00,1.0,0.0,0.0
2017-09-29 05:00:00,1.0,0.0,0.07666666666666666
2017-09-29 06:00:00,1.0,53.452263,1.0
2017-09-29 07:00:00,0.98,161.50743,1.0
2017-09-29 08:00:00,1.0,191.52081,1.0
2017-09-29 09:00:00,1.0,282.68347,1.0
2017-09-29 10:00:00,1.0,592.86346,1.0
2017-09-29 11:00:00,0.7,730.5491,1.0
2017-09-29 12:00:00,0.17,825.5789,1.0
2017-09-29 13:00:00,0.23,668.6079,1.0
2017-09-29 14:00:00,0.4,499.547,1.0
2017-09-29 15:00:00,0.76,264.90988,1.0
2017-09-29 16:00:00,0.47,159.76517,1.0
2017-09-29 17:00:00,0.35,16.407766,0.7688888888888888
2017-09-29 18:00:00,0.47,0.0,0.0
2017-09-29 19:00:00,0.79,0.0,0.0
2017-09-29 20:00:00,0.54,0.0,0.0
2017-09-29 21:00:00,0.06,0.0,0.0
2017-09-29 22:00:00,0.0,0.0,0.0
2017-09-29 23:00:00,0.0,0.0,0.0
2017-09-30 00:00:00,0.0,0.0,0.0
2017-09-30 01:00:00,0.01,0.0,0.0
2017-09-30 02:00:00,0.01,0.0,0.0
2017-09-30 03:00:00,0.1,0.0,0.0
2017-09-30 04:00:00,0.01,0.0,0.0
2017-09-30 05:00:00,0.0,0.0,0.06055555555555556
2017-09-30 06:00:00,0.0,89.21636,1.0
2017-09-30 07:00:00,0.0,301.2144,1.0
2017-09-30 08:00:00,0.0,524.5055,1.0
2017-09-30 09:00:00,0.2,702.62476,1.0
2017-09-30 10:00:00,0.47,820.3293,1.0
2017-09-30 11:00:00,0.97,728.5041,1.0
2017-09-30 12:00:00,0.96,571.4665,1.0
2017-09-30 13:00:00,0.95,525.0724,1.0
2017-09-30 14:00:00,0.99,354.45264,1.0
2017-09-30 15:00:00,0.98,228.70125,1.0
2017-09-30 16:00:00,0.76,126.24112,1.0
2017-09-30 17:00:00,0.58,11.443512,0.7419444444444444
2017-09-30 18:00:00,0.69,0.0,0.0
2017-09-30 19:00:00,0.0,0.0,0.0
2017-09-30 20:00:00,0.0,0.0,0.0
2017-09-30 21:00:00,0.0,0.0,0.0
2017-09-30 22:00:00,0.06,0.0,0.0
2017-09-30 23:00:00,0.47,0.0,0.0
2017-10-01 00:00:00,0.59,0.0,0.0
2017-10-01 01:00:00,0.63,0.0,0.0
2017-10-01 02:00:00,0.32,0.0,0.0
2017-10-01 03:00:00,0.91,0.0,0.0
2017-10-01 04:00:00,0.87,0.0,0.0
2017-10-01 05:00:00,0.76,0.0,0.04416666666666667
2017-10-01 06:00:00,0.16,82.92848,1.0
2017-10-01 07:00:00,0.09,292.41577,1.0
2017-10-01 08:00:00,0.13,497.0011,1.0
2017-10-01 09:00:00,0.25,672.07465,1.0
2017-10-01 10:00:00,0.68,750.3119,1.0
2017-10-01 11:00:00,0.92,628.4778,1.0
2017-10-01 12:00:00,0.92,565.0434,1.0
2017-10-01 13:00:00,0.92,494.07675,1.0
2017-10-01 14:00:00,0.96,386.8566,1.0
2017-10-01 15:00:00,0.95,220.75732,1.0
2017-10-01 16:00:00,0.96,73.58732,1.0
2017-10-01 17:00:00,0.95,9.939231,0.7147222222222223
2017-10-01 18:00:00,0.94,0.0,0.0
2017-10-01 19:00:00,1.0,0.0,0.0
2017-10-01 20:00:00,1.0,0.0,0.0
2017-10-01 21:00:00,1.0,0.0,0.0
2017-10-01 22:00:00,1.0,0.0,0.0
2017-10-01 23:00:00,1.0,0.0,0.0
2017-10-02 00:00:00,1.0,0.0,0.0
2017-10-02 01:00:00,1.0,0.0,0.0
2017-10-02 02:00:00,1.0,0.0,0.0
2017-10-02 03:00:00,1.0,0.0,0.0
2017-10-02 04:00:00,1.0,0.0,0.0
2017-10-02 05:00:00,1.0,0.0,0.028055555555555556
2017-10-02 06:00:00,1.0,8.945308,1.0
2017-10-02 07:00:00,1.0,80.7733,1.0
2017-10-02 08:00:00,1.0,171.14774,1.0
2017-10-02 09:00:00,0.88,190.3421,1.0
2017-10-02 10:00:00,1.0,195.80284,1.0
2017-10-02 11:00:00,0.99,204.89894,1.0
2017-10-02 12:00:00,1.0,244.65591,1.0
2017-10-02 13:00:00,1.0,210.9802,1.0
2017-10-02 14:00:00,1.0,172.98274,1.0
2017-10-02 15:00:00,0.98,96.11959,1.0
2017-10-02 16:00:00,1.0,64.66329,1.0
2017-10-02 17:00:00,1.0,1.9878461,0.6877777777777778
2017-10-02 18:00:00,1.0,0.0,0.0
2017-10-02 19:00:00,1.0,0.0,0.0
2017-10-02 20:00:00,1.0,0.0,0.0
2017-10-02 21:00:00,1.0,0.0,0.0
2017-10-02 22:00:00,0.89,0.0,0.0
2017-10-02 23:00:00,0.73,0.0,0.0
2017-10-03 00:00:00,1.0,0.0,0.0
2017-10-03 01:00:00,0.95,0.0,0.0
2017-10-03 02:00:00,0.55,0.0,0.0
2017-10-03 03:00:00,0.62,0.0,0.0
2017-10-03 04:00:00,0.32,0.0,0.0
2017-10-03 05:00:00,0.35,0.0,0.011666666666666667
2017-10-03 06:00:00,0.69,30.44953,1.0
2017-10-03 07:00:00,0.75,93.232475,1.0
2017-10-03 08:00:00,0.65,231.34624,1.0
2017-10-03 09:00:00,0.63,392.87915,1.0
2017-10-03 10:00:00,0.87,554.7558,1.0
2017-10-03 11:00:00,1.0,591.3581,1.0
2017-10-03 12:00:00,1.0,475.28696,1.0
2017-10-03 13:00:00,1.0,380.4259,1.0
2017-10-03 14:00:00,0.99,396.1418,1.0
2017-10-03 15:00:00,0.05,279.78485,1.0
2017-10-03 16:00:00,0.39,137.0968,1.0
2017-10-03 17:00:00,0.38,10.486582,0.6608333333333334
2017-10-03 18:00:00,0.4,0.0,0.0
2017-10-03 19:00:00,1.0,0.0,0.0
2017-10-03 20:00:00,0.94,0.0,0.0
2017-10-03 21:00:00,0.74,0.0,0.0
2017-10-03 22:00:00,0.37,0.0,0.0
2017-10-03 23:00:00,0.15,0.0,0.0
2017-10-04 00:00:00,0.22,0.0,0.0
2017-10-04 01:00:00,0.38,0.0,0.0
2017-10-04 02:00:00,0.36,0.0,0.0
2017-10-04 03:00:00,0.29,0.0,0.0
2017-10-04 04:00:00,0.14,0.0,0.0
2017-10-04 05:00:00,0.04,0.0,0.0
2017-10-04 06:00:00,0.11,57.710888,0.9952777777777778
2017-10-04 07:00:00,0.39,202.62256,1.0
2017-10-04 08:00:00,0.55,382.15503,1.0
2017-10-04 09:00:00,0.05,653.4148,1.0
2017-10-04 10:00:00,0.0,783.3625,1.0
2017-10-04 11:00:00,0.0,845.76953,1.0
2017-10-04 12:00:00,0.0,813.90454,1.0
2017-10-04 13:00:00,0.18,671.0283,1.0
2017-10-04 14:00:00,0.1,530.5727,1.0
2017-10-04 15:00:00,0.05,336.6143,1.0
2017-10-04 16:00:00,0.04,157.67078,1.0
2017-10-04 17:00:00,0.01,12.834131,0.6338888888888888
2017-10-04 18:00:00,0.17,0.0,0.0
2017-10-04 19:00:00,0.05,0.0,0.0
2017-10-04 20:00:00,0.07,0.0,0.0
2017-10-04 21:00:00,0.03,0.0,0.0
2017-10-04 22:00:00,0.02,0.0,0.0
2017-10-04 23:00:00,0.01,0.0,0.0
2017-10-05 00:00:00,0.0,0.0,0.0
2017-10-05 01:00:00,0.0,0.0,0.0
2017-10-05 02:00:00,0.0,0.0,0.0
2017-10-05 03:00:00,0.01,0.0,0.0
2017-10-05 04:00:00,0.05,0.0,0.0
2017-10-05 05:00:00,0.15,0.0,0.0
2017-10-05 06:00:00,0.09,50.992924,0.9788888888888889
2017-10-05 07:00:00,0.31,212.86923,1.0
2017-10-05 08:00:00,0.16,384.8194,1.0
2017-10-05 09:00:00,0.01,615.95,1.0
2017-10-05 10:00:00,0.02,741.176,1.0
2017-10-05 11:00:00,0.07,747.20026,1.0
2017-10-05 12:00:00,0.22,715.3304,1.0
2017-10-05 13:00:00,0.14,649.2549,1.0
2017-10-05 14:00:00,0.2,507.7204,1.0
2017-10-05 15:00:00,0.21,339.51807,1.0
2017-10-05 16:00:00,0.2,138.83568,1.0
2017-10-05 17:00:00,0.28,10.307744,0.6072222222222222
2017-10-05 18:00:00,0.79,0.0,0.0
2017-10-05 19:00:00,0.73,0.0,0.0
2017-10-05 20:00:00,0.14,0.0,0.0
2017-10-05 21:00:00,0.15,0.0,0.0
2017-10-05 22:00:00,0.17,0.0,0.0
2017-10-05 23:00:00,0.11,0.0,0.0
2017-10-06 00:00:00,0.2,0.0,0.0
2017-10-06 01:00:00,0.21,0.0,0.0
2017-10-06 02:00:00,0.29,0.0,0.0
2017-10-06 03:00:00,0.38,0.0,0.0
2017-10-06 04:00:00,1.0,0.0,0.0
2017-10-06 05:00:00,1.0,0.0,0.0
2017-10-06 06:00:00,0.98,40.687283,0.9622222222222222
2017-10-06 07:00:00,0.34,155.51273,1.0
2017-10-06 08:00:00,0.23,298.1936,1.0
2017-10-06 09:00:00,0.33,425.03802,1.0
2017-10-06 10:00:00,0.66,620.02014,1.0
2017-10-06 11:00:00,0.48,667.1483,1.0
2017-10-06 12:00:00,0.58,649.90936,1.0
2017-10-06 13:00:00,0.75,569.3913,1.0
2017-10-06 14:00:00,0.81,450.21286,1.0
2017-10-06 15:00:00,0.6,313.2241,1.0
2017-10-06 16:00:00,0.55,125.755646,1.0
2017-10-06 17:00:00,0.82,13.7079935,0.5805555555555556
2017-10-06 18:00:00,0.0,0.0,0.0
2017-10-06 19:00:00,0.01,0.0,0.0
2017-10-06 20:00:00,0.02,0.0,0.0
2017-10-06 21:00:00,0.0,0.0,0.0
2017-10-06 22:00:00,0.01,0.0,0.0
2017-10-06 23:00:00,0.01,0.0,0.0
2017-10-07 00:00:00,0.02,0.0,0.0
2017-10-07 01:00:00,0.02,0.0,0.0
2017-10-07 02:00:00,0.03,0.0,0.0
2017-10-07 03:00:00,0.01,0.0,0.0
2017-10-07 04:00:00,0.0,0.0,0.0
2017-10-07 05:00:00,0.0,0.0,0.0
2017-10-07 06:00:00,0.0,76.36029,0.9455555555555556
2017-10-07 07:00:00,0.0,298.55466,1.0
2017-10-07 08:00:00,0.0,515.33386,1.0
2017-10-07 09:00:00,0.0,689.19,1.0
2017-10-07 10:00:00,0.0,805.8857,1.0
2017-10-07 11:00:00,0.0,845.9429,1.0
2017-10-07 12:00:00,0.0,781.80725,1.0
2017-10-07 13:00:00,0.0,723.0396,1.0
2017-10-07 14:00:00,0.29,570.01935,1.0
2017-10-07 15:00:00,0.32,360.02023,1.0
2017-10-07 16:00:00,0.0,155.10442,1.0
2017-10-07 17:00:00,0.0,11.583163,0.5538888888888889
2017-10-07 18:00:00,0.0,0.0,0.0
2017-10-07 19:00:00,0.0,0.0,0.0
2017-10-07 20:00:00,0.0,0.0,0.0
2017-10-07 21:00:00,0.0,0.0,0.0
2017-10-07 22:00:00,0.17,0.0,0.0
2017-10-07 23:00:00,0.32,0.0,0.0
2017-10-08 00:00:00,0.03,0.0,0.0
2017-10-08 01:00:00,0.0,0.0,0.0
2017-10-08 02:00:00,0.0,0.0,0.0
2017-10-08 03:00:00,0.0,0.0,0.0
2017-10-08 04:00:00,0.0,0.0,0.0
2017-10-08 05:00:00,0.0,0.0,0.0
2017-10-08 06:00:00,0.24,70.30831,0.9288888888888889
2017-10-08 07:00:00,0.0,297.3681,1.0
2017-10-08 08:00:00,0.0,515.6491,1.0
2017-10-08 09:00:00,0.0,689.75696,1.0
2017-10-08 10:00:00,0.0,802.67816,1.0
2017-10-08 11:00:00,0.0,843.77386,1.0
2017-10-08 12:00:00,0.0,813.56537,1.0
2017-10-08 13:00:00,0.02,698.2696,1.0
2017-10-08 14:00:00,0.0,556.8021,1.0
2017-10-08 15:00:00,0.0,359.8829,1.0
2017-10-08 16:00:00,0.01,143.30696,1.0
2017-10-08 17:00:00,0.02,10.207908,0.5275
2017-10-08 18:00:00,0.2,0.0,0.0
2017-10-08 19:00:00,0.95,0.0,0.0
2017-10-08 20:00:00,1.0,0.0,0.0
2017-10-08 21:00:00,1.0,0.0,0.0
2017-10-08 22:00:00,1.0,0.0,0.0
2017-10-08 23:00:00,1.0,0.0,0.0
2017-10-09 00:00:00,1.0,0.0,0.0
2017-10-09 01:00:00,1.0,0.0,0.0
2017-10-09 02:00:00,0.97,0.0,0.0
2017-10-09 03:00:00,1.0,0.0,0.0
2017-10-09 04:00:00,1.0,0.0,0.0
2017-10-09 05:00:00,1.0,0.0,0.0
2017-10-09 06:00:00,1.0,8.945308,0.9122222222222223
2017-10-09 07:00:00,1.0,52.677925,1.0
2017-10-09 08:00:00,1.0,136.71036,1.0
2017-10-09 09:00:00,1.0,208.72385,1.0
2017-10-09 10:00:00,0.99,295.19516,1.0
2017-10-09 11:00:00,1.0,435.59595,1.0
2017-10-09 12:00:00,0.99,417.7631,1.0
2017-10-09 13:00:00,0.97,434.77777,1.0
2017-10-09 14:00:00,0.89,357.97824,1.0
2017-10-09 15:00:00,0.87,300.8235,1.0
2017-10-09 16:00:00,0.64,104.83226,1.0
2017-10-09 17:00:00,0.46,9.427313,0.5013888888888889
2017-10-09 18:00:00,0.41,0.0,0.0
2017-10-09 19:00:00,0.75,0.0,0.0
2017-10-09 20:00:00,0.02,0.0,0.0
2017-10-09 21:00:00,0.01,0.0,0.0
2017-10-09 22:00:00,0.01,0.0,0.0
2017-10-09 23:00:00,0.02,0.0,0.0
2017-10-10 00:00:00,0.01,0.0,0.0
2017-10-10 01:00:00,0.01,0.0,0.0
2017-10-10 02:00:00,0.01,0.0,0.0
2017-10-10 03:00:00,0.01,0.0,0.0
2017-10-10 04:00:00,0.0,0.0,0.0
2017-10-10 05:00:00,0.0,0.0,0.0
2017-10-10 06:00:00,0.0,73.52908,0.8952777777777777
2017-10-10 07:00:00,0.0,312.0983,1.0
2017-10-10 08:00:00,0.0,547.5219,1.0
2017-10-10 09:00:00,0.0,735.71655,1.0
2017-10-10 10:00:00,0.03,859.02435,1.0
2017-10-10 11:00:00,0.56,907.04614,1.0
2017-10-10 12:00:00,0.64,876.12164,1.0
2017-10-10 13:00:00,0.53,772.9987,1.0
2017-10-10 14:00:00,0.0,605.2886,1.0
2017-10-10 15:00:00,0.0,387.36923,1.0
2017-10-10 16:00:00,0.0,155.52672,1.0
2017-10-10 17:00:00,0.0,9.303272,0.47555555555555556
2017-10-10 18:00:00,0.0,0.0,0.0
2017-10-10 19:00:00,0.0,0.0,0.0
2017-10-10 20:00:00,0.0,0.0,0.0
2017-10-10 21:00:00,0.0,0.0,0.0
2017-10-10 22:00:00,0.0,0.0,0.0
2017-10-10 23:00:00,0.0,0.0,0.0
2017-10-11 00:00:00,0.0,0.0,0.0
2017-10-11 01:00:00,0.0,0.0,0.0
2017-10-11 02:00:00,0.0,0.0,0.0
2017-10-11 03:00:00,0.0,0.0,0.0
2017-10-11 04:00:00,0.0,0.0,0.0
2017-10-11 05:00:00,0.0,0.0,0.0
2017-10-11 06:00:00,0.0,71.45805,0.8783333333333333
2017-10-11 07:00:00,0.0,307.75156,1.0
2017-10-11 08:00:00,0.43,516.66907,1.0
2017-10-11 09:00:00,0.87,668.17914,1.0
2017-10-11 10:00:00,0.79,802.6968,1.0
2017-10-11 11:00:00,0.81,854.5416,1.0
2017-10-11 12:00:00,0.41,842.7596,1.0
2017-10-11 13:00:00,0.6,724.6942,1.0
2017-10-11 14:00:00,0.59,546.6682,1.0
2017-10-11 15:00:00,0.0,353.7665,1.0
2017-10-11 16:00:00,0.23,129.97191,1.0
2017-10-11 17:00:00,0.0,6.518713,0.45
2017-10-11 18:00:00,0.0,0.0,0.0
2017-10-11 19:00:00,0.0,0.0,0.0
2017-10-11 20:00:00,0.0,0.0,0.0
2017-10-11 21:00:00,0.0,0.0,0.0
2017-10-11 22:00:00,0.0,0.0,0.0
2017-10-11 23:00:00,0.0,0.0,0.0
2017-10-12 00:00:00,0.17,0.0,0.0
2017-10-12 01:00:00,0.0,0.0,0.0
2017-10-12 02:00:00,0.0,0.0,0.0
2017-10-12 03:00:00,0.0,0.0,0.0
2017-10-12 04:00:00,0.0,0.0,0.0
2017-10-12 05:00:00,0.0,0.0,0.0
2017-10-12 06:00:00,0.0,62.638035,0.8613888888888889
2017-10-12 07:00:00,0.0,281.81598,1.0
2017-10-12 08:00:00,0.0,504.11444,1.0
2017-10-12 09:00:00,0.0,683.04144,1.0
2017-10-12 10:00:00,0.0,800.71875,1.0
2017-10-12 11:00:00,0.0,843.2646,1.0
2017-10-12 12:00:00,0.0,811.00916,1.0
2017-10-12 13:00:00,0.0,708.9614,1.0
2017-10-12 14:00:00,0.0,546.2865,1.0
2017-10-12 15:00:00,0.01,335.30136,1.0
2017-10-12 16:00:00,0.02,127.07777,1.0
2017-10-12 17:00:00,0.01,5.5666485,0.4247222222222222
2017-10-12 18:00:00,0.01,0.0,0.0
2017-10-12 19:00:00,0.03,0.0,0.0
2017-10-12 20:00:00,0.01,0.0,0.0
2017-10-12 21:00:00,0.0,0.0,0.0
2017-10-12 22:00:00,0.06,0.0,0.0
2017-10-12 23:00:00,0.59,0.0,0.0
2017-10-13 00:00:00,1.0,0.0,0.0
2017-10-13 01:00:00,1.0,0.0,0.0
2017-10-13 02:00:00,0.94,0.0,0.0
2017-10-13 03:00:00,0.75,0.0,0.0
2017-10-13 04:00:00,0.08,0.0,0.0
2017-10-13 05:00:00,0.0,0.0,0.0
2017-10-13 06:00:00,0.38,47.078686,0.8444444444444444
2017-10-13 07:00:00,0.34,224.13335,1.0
2017-10-13 08:00:00,0.22,421.66953,1.0
2017-10-13 09:00:00,0.02,628.81824,1.0
2017-10-13 10:00:00,0.01,757.8857,1.0
2017-10-13 11:00:00,0.0,823.4906,1.0
2017-10-13 12:00:00,0.0,791.21454,1.0
2017-10-13 13:00:00,0.0,688.9802,1.0
2017-10-13 14:00:00,0.01,529.5392,1.0
2017-10-13 15:00:00,0.01,329.82623,1.0
2017-10-13 16:00:00,0.0,121.30197,1.0
2017-10-13 17:00:00,0.0,4.73563,0.3997222222222222
2017-10-13 18:00:00,0.0,0.0,0.0
2017-10-13 19:00:00,0.0,0.0,0.0
2017-10-13 20:00:00,0.0,0.0,0.0
2017-10-13 21:00:00,0.0,0.0,0.0
2017-10-13 22:00:00,0.0,0.0,0.0
2017-10-13 23:00:00,0.0,0.0,0.0
2017-10-14 00:00:00,0.0,0.0,0.0
2017-10-14 01:00:00,0.0,0.0,0.0
2017-10-14 02:00:00,0.0,0.0,0.0
2017-10-14 03:00:00,0.0,0.0,0.0
2017-10-14 04:00:00,0.0,0.0,0.0
2017-10-14 05:00:00,0.0,0.0,0.0
2017-10-14 06:00:00,0.0,56.306458,0.8272222222222222
2017-10-14 07:00:00,0.0,272.08292,1.0
2017-10-14 08:00:00,0.01,490.07278,1.0
2017-10-14 09:00:00,0.0,667.65436,1.0
2017-10-14 10:00:00,0.0,772.6381,1.0
2017-10-14 11:00:00,0.27,797.33466,1.0
2017-10-14 12:00:00,0.27,654.5058,1.0
2017-10-14 13:00:00,0.73,564.30206,1.0
2017-10-14 14:00:00,0.63,413.30368,1.0
2017-10-14 15:00:00,0.05,327.6787,1.0
2017-10-14 16:00:00,0.02,130.36523,1.0
2017-10-14 17:00:00,0.0,4.769335,0.37527777777777777
2017-10-14 18:00:00,0.0,0.0,0.0
2017-10-14 19:00:00,0.0,0.0,0.0
2017-10-14 20:00:00,0.0,0.0,0.0
2017-10-14 21:00:00,0.0,0.0,0.0
2017-10-14 22:00:00,0.0,0.0,0.0
2017-10-14 23:00:00,0.0,0.0,0.0
2017-10-15 00:00:00,0.0,0.0,0.0
2017-10-15 01:00:00,0.0,0.0,0.0
2017-10-15 02:00:00,0.0,0.0,0.0
2017-10-15 03:00:00,0.0,0.0,0.0
2017-10-15 04:00:00,0.0,0.0,0.0
2017-10-15 05:00:00,0.0,0.0,0.0
2017-10-15 06:00:00,0.0,55.01549,0.81
2017-10-15 07:00:00,0.0,271.2655,1.0
2017-10-15 08:00:00,0.0,489.09164,1.0
2017-10-15 09:00:00,0.0,665.5338,1.0
2017-10-15 10:00:00,0.0,779.0267,1.0
2017-10-15 11:00:00,0.0,820.2985,1.0
2017-10-15 12:00:00,0.0,791.3904,1.0
2017-10-15 13:00:00,0.0,693.5342,1.0
2017-10-15 14:00:00,0.0,534.5885,1.0
2017-10-15 15:00:00,0.0,331.99866,1.0
2017-10-15 16:00:00,0.0,119.385735,1.0
2017-10-15 17:00:00,0.0,3.8940918,0.3511111111111111
2017-10-15 18:00:00,0.0,0.0,0.0
2017-10-15 19:00:00,0.0,0.0,0.0
2017-10-15 20:00:00,0.0,0.0,0.0
2017-10-15 21:00:00,0.0,0.0,0.0
2017-10-15 22:00:00,0.0,0.0,0.0
2017-10-15 23:00:00,0.0,0.0,0.0
2017-10-16 00:00:00,0.0,0.0,0.0
2017-10-16 01:00:00,0.0,0.0,0.0
2017-10-16 02:00:00,0.83,0.0,0.0
2017-10-16 03:00:00,0.77,0.0,0.0
2017-10-16 04:00:00,1.0,0.0,0.0
2017-10-16 05:00:00,1.0,0.0,0.0
2017-10-16 06:00:00,1.0,23.856445,0.7927777777777778
2017-10-16 07:00:00,1.0,133.80707,1.0
2017-10-16 08:00:00,1.0,319.18356,1.0
2017-10-16 09:00:00,1.0,456.65158,1.0
2017-10-16 10:00:00,1.0,558.2682,1.0
2017-10-16 11:00:00,0.99,622.93726,1.0
2017-10-16 12:00:00,1.0,706.6552,1.0
2017-10-16 13:00:00,0.81,680.3566,1.0
2017-10-16 14:00:00,0.73,493.4568,1.0
2017-10-16 15:00:00,0.67,330.00198,1.0
2017-10-16 16:00:00,0.66,113.02219,1.0
2017-10-16 17:00:00,0.95,2.9207752,0.3275
2017-10-16 18:00:00,1.0,0.0,0.0
2017-10-16 19:00:00,1.0,0.0,0.0
2017-10-16 20:00:00,0.9,0.0,0.0
2017-10-16 21:00:00,0.01,0.0,0.0
2017-10-16 22:00:00,0.0,0.0,0.0
2017-10-16 23:00:00,0.0,0.0,0.0
2017-10-17 00:00:00,0.0,0.0,0.0
2017-10-17 01:00:00,0.0,0.0,0.0
2017-10-17 02:00:00,0.0,0.0,0.0
2017-10-17 03:00:00,0.0,0.0,0.0
2017-10-17 04:00:00,0.0,0.0,0.0
2017-10-17 05:00:00,0.0,0.0,0.0
2017-10-17 06:00:00,0.0,51.328304,0.7752777777777777
2017-10-17 07:00:00,0.0,268.31454,1.0
2017-10-17 08:00:00,0.0,487.1507,1.0
2017-10-17 09:00:00,0.0,662.783,1.0
2017-10-17 10:00:00,0.0,775.1132,1.0
2017-10-17 11:00:00,0.0,817.3722,1.0
2017-10-17 12:00:00,0.03,787.0727,1.0
2017-10-17 13:00:00,0.42,686.6762,1.0
2017-10-17 14:00:00,0.72,516.8503,1.0
2017-10-17 15:00:00,0.62,309.10303,1.0
2017-10-17 16:00:00,0.33,107.15307,1.0
2017-10-17 17:00:00,0.34,1.9498775,0.3036111111111111
2017-10-17 18:00:00,0.03,0.0,0.0
2017-10-17 19:00:00,0.0,0.0,0.0
2017-10-17 20:00:00,0.63,0.0,0.0
2017-10-17 21:00:00,0.93,0.0,0.0
2017-10-17 22:00:00,0.85,0.0,0.0
2017-10-17 23:00:00,0.04,0.0,0.0
2017-10-18 00:00:00,0.77,0.0,0.0
2017-10-18 01:00:00,0.78,0.0,0.0
2017-10-18 02:00:00,0.76,0.0,0.0
2017-10-18 03:00:00,0.99,0.0,0.0
2017-10-18 04:00:00,1.0,0.0,0.0
2017-10-18 05:00:00,0.95,0.0,0.0
2017-10-18 06:00:00,1.0,16.96462,0.7575
2017-10-18 07:00:00,1.0,117.30896,1.0
2017-10-18 08:00:00,1.0,275.3721,1.0
2017-10-18 09:00:00,1.0,581.90784,1.0
2017-10-18 10:00:00,0.0,772.6244,1.0
2017-10-18 11:00:00,0.0,809.77136,1.0
2017-10-18 12:00:00,0.0,780.8556,1.0
2017-10-18 13:00:00,0.0,682.74194,1.0
2017-10-18 14:00:00,0.0,522.434,1.0
2017-10-18 15:00:00,0.0,318.306,1.0
2017-10-18 16:00:00,0.0,108.42232,1.0
2017-10-18 17:00:00,0.0,97.02475,0.28
2017-10-18 18:00:00,0.0,0.0,0.0
2017-10-18 19:00:00,0.0,0.0,0.0
2017-10-18 20:00:00,0.0,0.0,0.0
2017-10-18 21:00:00,0.0,0.0,0.0
2017-10-18 22:00:00,0.0,0.0,0.0
2017-10-18 23:00:00,0.0,0.0,0.0
2017-10-19 00:00:00,0.0,0.0,0.0
2017-10-19 01:00:00,0.15,0.0,0.0
2017-10-19 02:00:00,0.39,0.0,0.0
2017-10-19 03:00:00,0.58,0.0,0.0
2017-10-19 04:00:00,0.19,0.0,0.0
2017-10-19 05:00:00,0.09,0.0,0.0
2017-10-19 06:00:00,0.78,42.20465,0.74
2017-10-19 07:00:00,0.86,245.58936,1.0
2017-10-19 08:00:00,0.87,453.78406,1.0
2017-10-19 09:00:00,0.93,597.33,1.0
2017-10-19 10:00:00,0.91,637.43274,1.0
2017-10-19 11:00:00,0.98,636.1294,1.0
2017-10-19 12:00:00,0.89,642.3417,1.0
2017-10-19 13:00:00,0.95,564.21185,1.0
2017-10-19 14:00:00,0.95,419.29712,1.0
2017-10-19 15:00:00,0.98,220.37135,1.0
2017-10-19 16:00:00,0.92,87.97979,1.0
2017-10-19 17:00:00,0.51,0.0,0.2563888888888889
2017-10-19 18:00:00,0.29,0.0,0.0
2017-10-19 19:00:00,0.56,0.0,0.0
2017-10-19 20:00:00,0.63,0.0,0.0
2017-10-19 21:00:00,0.49,0.0,0.0
2017-10-19 22:00:00,0.88,0.0,0.0
2017-10-19 23:00:00,0.93,0.0,0.0
2017-10-20 00:00:00,0.67,0.0,0.0
2017-10-20 01:00:00,0.02,0.0,0.0
2017-10-20 02:00:00,0.7,0.0,0.0
2017-10-20 03:00:00,0.0,0.0,0.0
2017-10-20 04:00:00,0.0,0.0,0.0
2017-10-20 05:00:00,0.0,0.0,0.0
2017-10-20 06:00:00,0.0,40.74308,0.7219444444444445
2017-10-20 07:00:00,0.0,243.21387,1.0
2017-10-20 08:00:00,0.0,452.9933,1.0
2017-10-20 09:00:00,0.0,624.1437,1.0
2017-10-20 10:00:00,0.0,740.63727,1.0
2017-10-20 11:00:00,0.0,780.795,1.0
2017-10-20 12:00:00,0.0,756.9046,1.0
2017-10-20 13:00:00,0.0,658.4158,1.0
2017-10-20 14:00:00,0.7,405.4875,1.0
2017-10-20 15:00:00,0.57,230.91028,1.0
2017-10-20 16:00:00,0.08,92.111595,1.0
2017-10-20 17:00:00,0.32,0.0,0.23305555555555554
2017-10-20 18:00:00,1.0,0.0,0.0
2017-10-20 19:00:00,0.21,0.0,0.0
2017-10-20 20:00:00,0.01,0.0,0.0
2017-10-20 21:00:00,0.0,0.0,0.0
2017-10-20 22:00:00,0.0,0.0,0.0
2017-10-20 23:00:00,0.45,0.0,0.0
2017-10-21 00:00:00,0.87,0.0,0.0
2017-10-21 01:00:00,0.87,0.0,0.0
2017-10-21 02:00:00,1.0,0.0,0.0
2017-10-21 03:00:00,1.0,0.0,0.0
2017-10-21 04:00:00,0.91,0.0,0.0
2017-10-21 05:00:00,0.85,0.0,0.0
2017-10-21 06:00:00,0.41,24.126019,0.7041666666666667
2017-10-21 07:00:00,1.0,190.43866,1.0
2017-10-21 08:00:00,0.01,437.37466,1.0
2017-10-21 09:00:00,0.01,660.1465,1.0
2017-10-21 10:00:00,0.0,744.98926,1.0
2017-10-21 11:00:00,0.32,776.64764,1.0
2017-10-21 12:00:00,0.72,755.12555,1.0
2017-10-21 13:00:00,0.66,654.8039,1.0
2017-10-21 14:00:00,0.06,513.55597,1.0
2017-10-21 15:00:00,0.07,312.3649,1.0
2017-10-21 16:00:00,0.0,100.73219,1.0
2017-10-21 17:00:00,0.01,0.0,0.20972222222222223
2017-10-21 18:00:00,0.0,0.0,0.0
2017-10-21 19:00:00,0.0,0.0,0.0
2017-10-21 20:00:00,0.0,0.0,0.0
2017-10-21 21:00:00,0.0,0.0,0.0
2017-10-21 22:00:00,0.0,0.0,0.0
2017-10-21 23:00:00,0.0,0.0,0.0
2017-10-22 00:00:00,0.0,0.0,0.0
2017-10-22 01:00:00,0.0,0.0,0.0
2017-10-22 02:00:00,0.0,0.0,0.0
2017-10-22 03:00:00,0.01,0.0,0.0
2017-10-22 04:00:00,0.0,0.0,0.0
2017-10-22 05:00:00,0.0,0.0,0.0
2017-10-22 06:00:00,0.99,26.402737,0.6861111111111111
2017-10-22 07:00:00,1.0,86.13088,1.0
2017-10-22 08:00:00,1.0,226.84132,1.0
2017-10-22 09:00:00,0.47,588.0248,1.0
2017-10-22 10:00:00,0.53,686.25134,1.0
2017-10-22 11:00:00,0.57,701.62024,1.0
2017-10-22 12:00:00,0.42,605.17993,1.0
2017-10-22 13:00:00,0.85,531.8692,1.0
2017-10-22 14:00:00,0.82,373.95956,1.0
2017-10-22 15:00:00,0.89,233.3923,1.0
2017-10-22 16:00:00,0.85,66.95027,1.0
2017-10-22 17:00:00,1.0,0.0,0.18666666666666668
2017-10-22 18:00:00,0.83,0.0,0.0
2017-10-22 19:00:00,0.25,0.0,0.0
2017-10-22 20:00:00,0.65,0.0,0.0
2017-10-22 21:00:00,0.87,0.0,0.0
2017-10-22 22:00:00,1.0,0.0,0.0
2017-10-22 23:00:00,0.93,0.0,0.0
2017-10-23 00:00:00,0.42,0.0,0.0
2017-10-23 01:00:00,0.0,0.0,0.0
2017-10-23 02:00:00,0.83,0.0,0.0
2017-10-23 03:00:00,0.89,0.0,0.0
2017-10-23 04:00:00,0.98,0.0,0.0
2017-10-23 05:00:00,0.78,0.0,0.0
2017-10-23 06:00:00,0.99,15.439626,0.6677777777777778
2017-10-23 07:00:00,0.99,79.05971,1.0
2017-10-23 08:00:00,1.0,170.34233,1.0
2017-10-23 09:00:00,0.98,280.72476,1.0
2017-10-23 10:00:00,0.8,543.3038,1.0
2017-10-23 11:00:00,0.44,735.7986,1.0
2017-10-23 12:00:00,0.44,663.29224,1.0
2017-10-23 13:00:00,0.73,558.9741,1.0
2017-10-23 14:00:00,0.87,384.82715,1.0
2017-10-23 15:00:00,0.89,241.2107,1.0
2017-10-23 16:00:00,0.7,81.60571,1.0
2017-10-23 17:00:00,0.68,0.0,0.1638888888888889
2017-10-23 18:00:00,0.9,0.0,0.0
2017-10-23 19:00:00,0.81,0.0,0.0
2017-10-23 20:00:00,0.2,0.0,0.0
2017-10-23 21:00:00,0.67,0.0,0.0
2017-10-23 22:00:00,0.72,0.0,0.0
2017-10-23 23:00:00,0.69,0.0,0.0
2017-10-24 00:00:00,0.56,0.0,0.0
2017-10-24 01:00:00,0.02,0.0,0.0
2017-10-24 02:00:00,0.46,0.0,0.0
2017-10-24 03:00:00,0.77,0.0,0.0
2017-10-24 04:00:00,0.33,0.0,0.0
2017-10-24 05:00:00,0.18,0.0,0.0
2017-10-24 06:00:00,0.24,34.230778,0.6494444444444445
2017-10-24 07:00:00,0.43,232.7184,1.0
2017-10-24 08:00:00,0.05,446.9091,1.0
2017-10-24 09:00:00,0.16,618.2137,1.0
2017-10-24 10:00:00,0.11,729.31915,1.0
2017-10-24 11:00:00,0.0,768.8182,1.0
2017-10-24 12:00:00,0.0,739.03314,1.0
2017-10-24 13:00:00,0.0,639.9803,1.0
2017-10-24 14:00:00,0.0,482.8599,1.0
2017-10-24 15:00:00,0.35,284.76923,1.0
2017-10-24 16:00:00,0.0,84.9846,1.0
2017-10-24 17:00:00,0.0,0.0,0.1413888888888889
2017-10-24 18:00:00,0.25,0.0,0.0
2017-10-24 19:00:00,0.42,0.0,0.0
2017-10-24 20:00:00,0.0,0.0,0.0
2017-10-24 21:00:00,0.06,0.0,0.0
2017-10-24 22:00:00,0.0,0.0,0.0
2017-10-24 23:00:00,0.0,0.0,0.0
2017-10-25 00:00:00,0.0,0.0,0.0
2017-10-25 01:00:00,0.0,0.0,0.0
2017-10-25 02:00:00,0.0,0.0,0.0
2017-10-25 03:00:00,0.0,0.0,0.0
2017-10-25 04:00:00,0.0,0.0,0.0
2017-10-25 05:00:00,0.0,0.0,0.0
2017-10-25 06:00:00,0.0,32.409237,0.6311111111111111
2017-10-25 07:00:00,0.0,235.05035,1.0
2017-10-25 08:00:00,0.0,451.6525,1.0
2017-10-25 09:00:00,0.0,627.7648,1.0
2017-10-25 10:00:00,0.0,741.2442,1.0
2017-10-25 11:00:00,0.0,783.06024,1.0
2017-10-25 12:00:00,0.0,750.60315,1.0
2017-10-25 13:00:00,0.0,649.9631,1.0
2017-10-25 14:00:00,0.0,490.2994,1.0
2017-10-25 15:00:00,0.0,288.48367,1.0
2017-10-25 16:00:00,0.0,84.61675,1.0
2017-10-25 17:00:00,0.0,0.0,0.11888888888888889
2017-10-25 18:00:00,0.0,0.0,0.0
2017-10-25 19:00:00,0.0,0.0,0.0
2017-10-25 20:00:00,0.0,0.0,0.0
2017-10-25 21:00:00,0.0,0.0,0.0
2017-10-25 22:00:00,0.0,0.0,0.0
2017-10-25 23:00:00,0.0,0.0,0.0
2017-10-26 00:00:00,0.0,0.0,0.0
2017-10-26 01:00:00,0.89,0.0,0.0
2017-10-26 02:00:00,0.34,0.0,0.0
2017-10-26 03:00:00,0.81,0.0,0.0
2017-10-26 04:00:00,1.0,0.0,0.0
2017-10-26 05:00:00,1.0,0.0,0.0
2017-10-26 06:00:00,0.95,16.13503,0.6127777777777778
2017-10-26 07:00:00,1.0,103.51697,1.0
2017-10-26 08:00:00,0.32,405.62598,1.0
2017-10-26 09:00:00,0.93,436.01688,1.0
2017-10-26 10:00:00,0.52,488.8156,1.0
2017-10-26 11:00:00,1.0,219.68376,1.0
2017-10-26 12:00:00,1.0,256.2592,1.0
2017-10-26 13:00:00,0.98,132.56544,1.0
2017-10-26 14:00:00,1.0,156.09589,1.0
2017-10-26 15:00:00,0.98,69.75028,1.0
2017-10-26 16:00:00,0.98,17.674643,1.0
2017-10-26 17:00:00,1.0,0.0,0.09694444444444444
2017-10-26 18:00:00,1.0,0.0,0.0
2017-10-26 19:00:00,1.0,0.0,0.0
2017-10-26 20:00:00,0.99,0.0,0.0
2017-10-26 21:00:00,0.93,0.0,0.0
2017-10-26 22:00:00,0.98,0.0,0.0
2017-10-26 23:00:00,0.94,0.0,0.0
2017-10-27 00:00:00,0.87,0.0,0.0
2017-10-27 01:00:00,0.14,0.0,0.0
2017-10-27 02:00:00,0.2,0.0,0.0
2017-10-27 03:00:00,0.19,0.0,0.0
2017-10-27 04:00:00,0.14,0.0,0.0
2017-10-27 05:00:00,0.09,0.0,0.0
2017-10-27 06:00:00,0.26,27.546234,0.5944444444444444
2017-10-27 07:00:00,0.64,208.45248,1.0
2017-10-27 08:00:00,0.88,354.8466,1.0
2017-10-27 09:00:00,0.88,547.975,1.0
2017-10-27 10:00:00,0.95,584.11615,1.0
2017-10-27 11:00:00,0.95,620.39465,1.0
2017-10-27 12:00:00,0.67,690.66846,1.0
2017-10-27 13:00:00,0.78,549.49664,1.0
2017-10-27 14:00:00,0.8,411.5904,1.0
2017-10-27 15:00:00,0.55,211.75928,1.0
2017-10-27 16:00:00,0.79,46.84956,1.0
2017-10-27 17:00:00,0.84,0.0,0.07527777777777778
2017-10-27 18:00:00,0.85,0.0,0.0
2017-10-27 19:00:00,0.73,0.0,0.0
2017-10-27 20:00:00,0.86,0.0,0.0
2017-10-27 21:00:00,0.72,0.0,0.0
2017-10-27 22:00:00,0.9,0.0,0.0
2017-10-27 23:00:00,0.99,0.0,0.0
2017-10-28 00:00:00,0.97,0.0,0.0
2017-10-28 01:00:00,0.98,0.0,0.0
2017-10-28 02:00:00,0.93,0.0,0.0
2017-10-28 03:00:00,0.94,0.0,0.0
2017-10-28 04:00:00,0.95,0.0,0.0
2017-10-28 05:00:00,0.94,0.0,0.0
2017-10-28 06:00:00,0.94,11.967354,0.5758333333333333
2017-10-28 07:00:00,0.91,124.49158,1.0
2017-10-28 08:00:00,0.9,247.90276,1.0
2017-10-28 09:00:00,0.73,493.6254,1.0
2017-10-28 10:00:00,0.82,382.34726,1.0
2017-10-28 11:00:00,0.99,313.78085,1.0
2017-10-28 12:00:00,0.69,408.13257,1.0
2017-10-28 13:00:00,0.48,486.37347,1.0
2017-10-28 14:00:00,0.77,437.3661,1.0
2017-10-28 15:00:00,0.71,174.23141,1.0
2017-10-28 16:00:00,0.73,47.39004,1.0
2017-10-28 17:00:00,0.26,0.0,0.05388888888888889
2017-10-28 18:00:00,0.0,0.0,0.0
2017-10-28 19:00:00,0.01,0.0,0.0
2017-10-28 20:00:00,0.02,0.0,0.0
2017-10-28 21:00:00,0.01,0.0,0.0
2017-10-28 22:00:00,0.0,0.0,0.0
2017-10-28 23:00:00,0.0,0.0,0.0
2017-10-29 00:00:00,0.0,0.0,0.0
2017-10-29 01:00:00,0.0,0.0,0.0
2017-10-29 02:00:00,0.0,0.0,0.0
2017-10-29 03:00:00,0.0,0.0,0.0
2017-10-29 04:00:00,0.0,0.0,0.0
2017-10-29 05:00:00,0.0,0.0,0.0
2017-10-29 06:00:00,0.0,23.908155,0.5572222222222222
2017-10-29 07:00:00,0.0,216.04097,1.0
2017-10-29 08:00:00,0.01,427.34158,1.0
2017-10-29 09:00:00,0.0,599.41864,1.0
2017-10-29 10:00:00,0.0,709.7433,1.0
2017-10-29 11:00:00,0.0,750.84216,1.0
2017-10-29 12:00:00,0.0,720.81335,1.0
2017-10-29 13:00:00,0.01,620.3694,1.0
2017-10-29 14:00:00,0.0,461.79883,1.0
2017-10-29 15:00:00,0.0,263.72278,1.0
2017-10-29 16:00:00,0.0,67.59325,1.0
2017-10-29 17:00:00,0.0,0.0,0.03305555555555555
2017-10-29 18:00:00,0.16,0.0,0.0
2017-10-29 19:00:00,0.0,0.0,0.0
2017-10-29 20:00:00,0.16,0.0,0.0
2017-10-29 21:00:00,0.84,0.0,0.0
2017-10-29 22:00:00,0.87,0.0,0.0
2017-10-29 23:00:00,0.96,0.0,0.0
2017-10-30 00:00:00,0.95,0.0,0.0
2017-10-30 01:00:00,0.96,0.0,0.0
2017-10-30 02:00:00,0.98,0.0,0.0
2017-10-30 03:00:00,1.0,0.0,0.0
2017-10-30 04:00:00,1.0,0.0,0.0
2017-10-30 05:00:00,1.0,0.0,0.0
2017-10-30 06:00:00,1.0,3.9756923,0.5386111111111112
2017-10-30 07:00:00,1.0,33.793385,1.0
2017-10-30 08:00:00,1.0,105.24008,1.0
2017-10-30 09:00:00,0.99,208.82802,1.0
2017-10-30 10:00:00,1.0,91.74101,1.0
2017-10-30 11:00:00,0.98,161.30399,1.0
2017-10-30 12:00:00,0.98,233.85536,1.0
2017-10-30 13:00:00,0.97,149.48505,1.0
2017-10-30 14:00:00,0.99,132.13455,1.0
2017-10-30 15:00:00,1.0,108.336784,1.0
2017-10-30 16:00:00,1.0,35.79363,1.0
2017-10-30 17:00:00,0.98,0.0,0.0125
2017-10-30 18:00:00,0.99,0.0,0.0
2017-10-30 19:00:00,0.99,0.0,0.0
2017-10-30 20:00:00,0.96,0.0,0.0
2017-10-30 21:00:00,0.99,0.0,0.0
2017-10-30 22:00:00,0.98,0.0,0.0
2017-10-30 23:00:00,0.99,0.0,0.0
2017-10-31 00:00:00,0.96,0.0,0.0
2017-10-31 01:00:00,0.89,0.0,0.0
2017-10-31 02:00:00,0.92,0.0,0.0
2017-10-31 03:00:00,0.93,0.0,0.0
2017-10-31 04:00:00,0.94,0.0,0.0
2017-10-31 05:00:00,0.89,0.0,0.0
2017-10-31 06:00:00,0.5,13.041338,0.52
2017-10-31 07:00:00,0.81,79.31273,1.0
2017-10-31 08:00:00,0.97,120.16425,1.0
2017-10-31 09:00:00,0.93,221.76599,1.0
2017-10-31 10:00:00,0.91,402.26282,1.0
2017-10-31 11:00:00,0.67,533.9734,1.0
2017-10-31 12:00:00,0.78,666.50867,1.0
2017-10-31 13:00:00,0.99,506.24442,1.0
2017-10-31 14:00:00,0.97,310.2722,1.0
2017-10-31 15:00:00,0.85,202.30815,1.0
2017-10-31 16:00:00,0.75,59.364605,0.9925
2017-10-31 17:00:00,0.05,0.0,0.0
2017-10-31 18:00:00,0.62,0.0,0.0
2017-10-31 19:00:00,0.48,0.0,0.0
2017-10-31 20:00:00,0.51,0.0,0.0
2017-10-31 21:00:00,0.77,0.0,0.0
2017-10-31 22:00:00,0.99,0.0,0.0
2017-10-31 23:00:00,1.0,0.0,0.0
2017-11-01 00:00:00,1.0,0.0,0.0
2017-11-01 01:00:00,0.97,0.0,0.0
2017-11-01 02:00:00,0.6,0.0,0.0
2017-11-01 03:00:00,0.43,0.0,0.0
2017-11-01 04:00:00,0.81,0.0,0.0
2017-11-01 05:00:00,0.89,0.0,0.0
2017-11-01 06:00:00,0.94,7.7291813,0.5013888888888889
2017-11-01 07:00:00,1.0,136.16493,1.0
2017-11-01 08:00:00,0.86,326.25037,1.0
2017-11-01 09:00:00,0.96,487.70874,1.0
2017-11-01 10:00:00,0.93,606.97076,1.0
2017-11-01 11:00:00,0.95,666.59174,1.0
2017-11-01 12:00:00,0.94,546.61755,1.0
2017-11-01 13:00:00,1.0,543.2374,1.0
2017-11-01 14:00:00,0.66,395.6177,1.0
2017-11-01 15:00:00,0.64,216.237,1.0
2017-11-01 16:00:00,0.65,44.51714,0.9730555555555556
2017-11-01 17:00:00,0.63,0.0,0.0
2017-11-01 18:00:00,0.18,0.0,0.0
2017-11-01 19:00:00,0.57,0.0,0.0
2017-11-01 20:00:00,0.58,0.0,0.0
2017-11-01 21:00:00,0.58,0.0,0.0
2017-11-01 22:00:00,0.56,0.0,0.0
2017-11-01 23:00:00,0.52,0.0,0.0
2017-11-02 00:00:00,0.43,0.0,0.0
2017-11-02 01:00:00,0.01,0.0,0.0
2017-11-02 02:00:00,0.0,0.0,0.0
2017-11-02 03:00:00,0.01,0.0,0.0
2017-11-02 04:00:00,0.02,0.0,0.0
2017-11-02 05:00:00,0.12,0.0,0.0
2017-11-02 06:00:00,0.13,10.634727,0.48277777777777775
2017-11-02 07:00:00,0.82,123.35325,1.0
2017-11-02 08:00:00,1.0,237.16542,1.0
2017-11-02 09:00:00,0.99,338.54462,1.0
2017-11-02 10:00:00,0.34,535.1823,1.0
2017-11-02 11:00:00,0.28,660.7012,1.0
2017-11-02 12:00:00,0.24,664.609,1.0
2017-11-02 13:00:00,0.1,584.745,1.0
2017-11-02 14:00:00,0.0,438.8646,1.0
2017-11-02 15:00:00,0.27,211.02467,1.0
2017-11-02 16:00:00,0.12,51.41568,0.9538888888888889
2017-11-02 17:00:00,0.0,0.0,0.0
2017-11-02 18:00:00,0.01,0.0,0.0
2017-11-02 19:00:00,0.01,0.0,0.0
2017-11-02 20:00:00,0.01,0.0,0.0
2017-11-02 21:00:00,0.04,0.0,0.0
2017-11-02 22:00:00,0.01,0.0,0.0
2017-11-02 23:00:00,0.01,0.0,0.0
2017-11-03 00:00:00,0.02,0.0,0.0
2017-11-03 01:00:00,0.08,0.0,0.0
2017-11-03 02:00:00,0.11,0.0,0.0
2017-11-03 03:00:00,0.2,0.0,0.0
2017-11-03 04:00:00,0.14,0.0,0.0
2017-11-03 05:00:00,0.99,0.0,0.0
2017-11-03 06:00:00,1.0,3.9756923,0.46416666666666667
2017-11-03 07:00:00,0.97,72.42835,1.0
2017-11-03 08:00:00,0.94,232.15729,1.0
2017-11-03 09:00:00,0.73,433.8289,1.0
2017-11-03 10:00:00,0.54,647.9983,1.0
2017-11-03 11:00:00,0.02,714.1658,1.0
2017-11-03 12:00:00,0.01,691.19025,1.0
2017-11-03 13:00:00,0.01,595.69354,1.0
2017-11-03 14:00:00,0.14,438.63083,1.0
2017-11-03 15:00:00,0.01,246.4725,1.0
2017-11-03 16:00:00,0.0,54.74785,0.9352777777777778
2017-11-03 17:00:00,0.03,0.0,0.0
2017-11-03 18:00:00,0.0,0.0,0.0
2017-11-03 19:00:00,0.02,0.0,0.0
2017-11-03 20:00:00,0.01,0.0,0.0
2017-11-03 21:00:00,0.0,0.0,0.0
2017-11-03 22:00:00,0.0,0.0,0.0
2017-11-03 23:00:00,0.0,0.0,0.0
2017-11-04 00:00:00,0.0,0.0,0.0
2017-11-04 01:00:00,0.02,0.0,0.0
2017-11-04 02:00:00,0.02,0.0,0.0
2017-11-04 03:00:00,0.05,0.0,0.0
2017-11-04 04:00:00,0.35,0.0,0.0
2017-11-04 05:00:00,0.6,0.0,0.0
2017-11-04 06:00:00,0.04,12.951686,0.44555555555555554
2017-11-04 07:00:00,0.18,166.32625,1.0
2017-11-04 08:00:00,0.04,380.71054,1.0
2017-11-04 09:00:00,0.04,557.9796,1.0
2017-11-04 10:00:00,0.01,665.4086,1.0
2017-11-04 11:00:00,0.0,677.0817,1.0
2017-11-04 12:00:00,0.5,620.631,1.0
2017-11-04 13:00:00,0.09,591.5852,1.0
2017-11-04 14:00:00,0.45,390.0257,1.0
2017-11-04 15:00:00,0.13,216.35681,1.0
2017-11-04 16:00:00,0.01,52.571117,0.9175
2017-11-04 17:00:00,0.18,0.0,0.0
2017-11-04 18:00:00,0.03,0.0,0.0
2017-11-04 19:00:00,0.01,0.0,0.0
2017-11-04 20:00:00,0.02,0.0,0.0
2017-11-04 21:00:00,0.66,0.0,0.0
2017-11-04 22:00:00,0.5,0.0,0.0
2017-11-04 23:00:00,0.51,0.0,0.0
2017-11-05 00:00:00,0.21,0.0,0.0
2017-11-05 01:00:00,0.1,0.0,0.0
2017-11-05 02:00:00,0.02,0.0,0.0
2017-11-05 03:00:00,0.08,0.0,0.0
2017-11-05 04:00:00,0.02,0.0,0.0
2017-11-05 05:00:00,0.03,0.0,0.0
2017-11-05 06:00:00,1.0,2.981769,0.42694444444444446
2017-11-05 07:00:00,1.0,83.69112,1.0
2017-11-05 08:00:00,1.0,212.46765,1.0
2017-11-05 09:00:00,1.0,321.7494,1.0
2017-11-05 10:00:00,1.0,513.4003,1.0
2017-11-05 11:00:00,0.74,572.72174,1.0
2017-11-05 12:00:00,0.09,526.6434,1.0
2017-11-05 13:00:00,0.54,445.1978,1.0
2017-11-05 14:00:00,0.39,334.26437,1.0
2017-11-05 15:00:00,0.37,162.31802,1.0
2017-11-05 16:00:00,0.22,38.64348,0.9
2017-11-05 17:00:00,0.19,0.0,0.0
2017-11-05 18:00:00,0.24,0.0,0.0
2017-11-05 19:00:00,0.18,0.0,0.0
2017-11-05 20:00:00,0.03,0.0,0.0
2017-11-05 21:00:00,0.01,0.0,0.0
2017-11-05 22:00:00,0.0,0.0,0.0
2017-11-05 23:00:00,0.06,0.0,0.0
2017-11-06 00:00:00,0.12,0.0,0.0
2017-11-06 01:00:00,0.75,0.0,0.0
2017-11-06 02:00:00,1.0,0.0,0.0
2017-11-06 03:00:00,1.0,0.0,0.0
2017-11-06 04:00:00,1.0,0.0,0.0
2017-11-06 05:00:00,1.0,0.0,0.0
2017-11-06 06:00:00,1.0,5.161119,0.40805555555555556
2017-11-06 07:00:00,1.0,89.85386,1.0
2017-11-06 08:00:00,1.0,190.18544,1.0
2017-11-06 09:00:00,1.0,292.95093,1.0
2017-11-06 10:00:00,1.0,396.6146,1.0
2017-11-06 11:00:00,0.67,507.7451,1.0
2017-11-06 12:00:00,0.36,507.92508,1.0
2017-11-06 13:00:00,0.41,415.16956,1.0
2017-11-06 14:00:00,0.54,280.8009,1.0
2017-11-06 15:00:00,0.52,179.65733,1.0
2017-11-06 16:00:00,0.67,41.912212,0.8830555555555556
2017-11-06 17:00:00,0.42,0.0,0.0
2017-11-06 18:00:00,0.11,0.0,0.0
2017-11-06 19:00:00,0.15,0.0,0.0
2017-11-06 20:00:00,0.08,0.0,0.0
2017-11-06 21:00:00,0.89,0.0,0.0
2017-11-06 22:00:00,1.0,0.0,0.0
2017-11-06 23:00:00,0.99,0.0,0.0
2017-11-07 00:00:00,1.0,0.0,0.0
2017-11-07 01:00:00,1.0,0.0,0.0
2017-11-07 02:00:00,0.99,0.0,0.0
2017-11-07 03:00:00,0.99,0.0,0.0
2017-11-07 04:00:00,1.0,0.0,0.0
2017-11-07 05:00:00,0.99,0.0,0.0
2017-11-07 06:00:00,0.97,1.9878461,0.38916666666666666
2017-11-07 07:00:00,0.88,99.00311,1.0
2017-11-07 08:00:00,1.0,258.35056,1.0
2017-11-07 09:00:00,0.75,424.1008,1.0
2017-11-07 10:00:00,0.9,437.44482,1.0
2017-11-07 11:00:00,0.97,377.3449,1.0
2017-11-07 12:00:00,1.0,409.7364,1.0
2017-11-07 13:00:00,0.76,291.62048,1.0
2017-11-07 14:00:00,0.73,135.67056,1.0
2017-11-07 15:00:00,0.73,130.23807,1.0
2017-11-07 16:00:00,0.97,17.274677,0.8661111111111112
2017-11-07 17:00:00,0.99,0.0,0.0
2017-11-07 18:00:00,1.0,0.0,0.0
2017-11-07 19:00:00,0.99,0.0,0.0
2017-11-07 20:00:00,0.97,0.0,0.0
2017-11-07 21:00:00,0.98,0.0,0.0
2017-11-07 22:00:00,0.99,0.0,0.0
2017-11-07 23:00:00,1.0,0.0,0.0
2017-11-08 00:00:00,0.99,0.0,0.0
2017-11-08 01:00:00,0.01,0.0,0.0
2017-11-08 02:00:00,0.0,0.0,0.0
2017-11-08 03:00:00,0.01,0.0,0.0
2017-11-08 04:00:00,0.02,0.0,0.0
2017-11-08 05:00:00,0.01,0.0,0.0
2017-11-08 06:00:00,0.03,5.3722553,0.37
2017-11-08 07:00:00,0.02,139.93507,1.0
2017-11-08 08:00:00,0.04,377.99725,1.0
2017-11-08 09:00:00,0.02,572.48224,1.0
2017-11-08 10:00:00,0.01,697.8623,1.0
2017-11-08 11:00:00,0.0,745.65686,1.0
2017-11-08 12:00:00,0.0,714.6096,1.0
2017-11-08 13:00:00,0.0,612.36957,1.0
2017-11-08 14:00:00,0.0,447.10355,1.0
2017-11-08 15:00:00,0.0,242.97589,1.0
2017-11-08 16:00:00,0.0,47.469887,0.8497222222222223
2017-11-08 17:00:00,0.09,0.0,0.0
2017-11-08 18:00:00,0.83,0.0,0.0
2017-11-08 19:00:00,1.0,0.0,0.0
2017-11-08 20:00:00,1.0,0.0,0.0
2017-11-08 21:00:00,1.0,0.0,0.0
2017-11-08 22:00:00,1.0,0.0,0.0
2017-11-08 23:00:00,1.0,0.0,0.0
2017-11-09 00:00:00,0.96,0.0,0.0
2017-11-09 01:00:00,0.94,0.0,0.0
2017-11-09 02:00:00,0.93,0.0,0.0
2017-11-09 03:00:00,0.91,0.0,0.0
2017-11-09 04:00:00,0.95,0.0,0.0
2017-11-09 05:00:00,0.96,0.0,0.0
2017-11-09 06:00:00,0.97,2.981769,0.35083333333333333
2017-11-09 07:00:00,0.96,86.987144,1.0
2017-11-09 08:00:00,0.72,318.00568,1.0
2017-11-09 09:00:00,0.88,364.15707,1.0
2017-11-09 10:00:00,0.63,558.19226,1.0
2017-11-09 11:00:00,0.0,709.09625,1.0
2017-11-09 12:00:00,0.19,690.16455,1.0
2017-11-09 13:00:00,0.41,578.3964,1.0
2017-11-09 14:00:00,0.0,429.70248,1.0
2017-11-09 15:00:00,0.0,230.18338,1.0
2017-11-09 16:00:00,0.0,44.06064,0.8338888888888889
2017-11-09 17:00:00,0.0,0.0,0.0
2017-11-09 18:00:00,0.0,0.0,0.0
2017-11-09 19:00:00,0.0,0.0,0.0
2017-11-09 20:00:00,0.15,0.0,0.0
2017-11-09 21:00:00,0.4,0.0,0.0
2017-11-09 22:00:00,0.73,0.0,0.0
2017-11-09 23:00:00,0.93,0.0,0.0
2017-11-10 00:00:00,0.0,0.0,0.0
2017-11-10 01:00:00,0.52,0.0,0.0
2017-11-10 02:00:00,0.27,0.0,0.0
2017-11-10 03:00:00,0.61,0.0,0.0
2017-11-10 04:00:00,0.8,0.0,0.0
2017-11-10 05:00:00,0.64,0.0,0.0
2017-11-10 06:00:00,0.18,2.981769,0.33166666666666667
2017-11-10 07:00:00,0.29,132.71149,1.0
2017-11-10 08:00:00,0.27,345.95612,1.0
2017-11-10 09:00:00,0.29,506.82712,1.0
2017-11-10 10:00:00,0.13,640.3027,1.0
2017-11-10 11:00:00,0.49,689.84564,1.0
2017-11-10 12:00:00,0.79,607.91125,1.0
2017-11-10 13:00:00,0.89,469.16077,1.0
2017-11-10 14:00:00,0.74,371.3663,1.0
2017-11-10 15:00:00,0.66,211.20357,1.0
2017-11-10 16:00:00,0.85,32.71693,0.8180555555555555
2017-11-10 17:00:00,0.88,0.0,0.0
2017-11-10 18:00:00,0.82,0.0,0.0
2017-11-10 19:00:00,0.81,0.0,0.0
2017-11-10 20:00:00,0.0,0.0,0.0
2017-11-10 21:00:00,0.0,0.0,0.0
2017-11-10 22:00:00,0.0,0.0,0.0
2017-11-10 23:00:00,0.0,0.0,0.0
2017-11-11 00:00:00,0.0,0.0,0.0
2017-11-11 01:00:00,0.0,0.0,0.0
2017-11-11 02:00:00,0.0,0.0,0.0
2017-11-11 03:00:00,0.0,0.0,0.0
2017-11-11 04:00:00,0.0,0.0,0.0
2017-11-11 05:00:00,0.01,0.0,0.0
2017-11-11 06:00:00,0.0,5.7608013,0.3125
2017-11-11 07:00:00,0.0,167.51239,1.0
2017-11-11 08:00:00,0.0,377.267,1.0
2017-11-11 09:00:00,0.0,548.9087,1.0
2017-11-11 10:00:00,0.0,662.4348,1.0
2017-11-11 11:00:00,0.0,706.05414,1.0
2017-11-11 12:00:00,0.03,668.8778,1.0
2017-11-11 13:00:00,0.19,558.37415,1.0
2017-11-11 14:00:00,0.39,398.23575,1.0
2017-11-11 15:00:00,0.02,222.37225,1.0
2017-11-11 16:00:00,0.05,38.48813,0.8027777777777778
2017-11-11 17:00:00,0.04,0.0,0.0
2017-11-11 18:00:00,0.01,0.0,0.0
2017-11-11 19:00:00,0.03,0.0,0.0
2017-11-11 20:00:00,0.08,0.0,0.0
2017-11-11 21:00:00,0.06,0.0,0.0
2017-11-11 22:00:00,0.02,0.0,0.0
2017-11-11 23:00:00,0.02,0.0,0.0
2017-11-12 00:00:00,0.0,0.0,0.0
2017-11-12 01:00:00,0.0,0.0,0.0
2017-11-12 02:00:00,0.0,0.0,0.0
2017-11-12 03:00:00,0.0,0.0,0.0
2017-11-12 04:00:00,0.0,0.0,0.0
2017-11-12 05:00:00,0.0,0.0,0.0
2017-11-12 06:00:00,0.02,4.9212737,0.29333333333333333
2017-11-12 07:00:00,0.02,161.77011,1.0
2017-11-12 08:00:00,0.01,370.62582,1.0
2017-11-12 09:00:00,0.0,543.4657,1.0
2017-11-12 10:00:00,0.0,656.78156,1.0
2017-11-12 11:00:00,0.0,698.6701,1.0
2017-11-12 12:00:00,0.24,662.50916,1.0
2017-11-12 13:00:00,0.0,568.859,1.0
2017-11-12 14:00:00,0.0,414.33807,1.0
2017-11-12 15:00:00,0.92,198.32748,1.0
2017-11-12 16:00:00,0.99,31.074005,0.7880555555555555
2017-11-12 17:00:00,0.99,0.0,0.0
2017-11-12 18:00:00,0.98,0.0,0.0
2017-11-12 19:00:00,0.98,0.0,0.0
2017-11-12 20:00:00,0.99,0.0,0.0
2017-11-12 21:00:00,0.95,0.0,0.0
2017-11-12 22:00:00,0.99,0.0,0.0
2017-11-12 23:00:00,0.97,0.0,0.0
2017-11-13 00:00:00,0.97,0.0,0.0
2017-11-13 01:00:00,0.76,0.0,0.0
2017-11-13 02:00:00,0.46,0.0,0.0
2017-11-13 03:00:00,0.76,0.0,0.0
2017-11-13 04:00:00,0.0,0.0,0.0
2017-11-13 05:00:00,0.0,0.0,0.0
2017-11-13 06:00:00,0.0,0.0,0.2738888888888889
2017-11-13 07:00:00,0.0,155.8738,1.0
2017-11-13 08:00:00,0.0,361.94415,1.0
2017-11-13 09:00:00,0.0,530.53015,1.0
2017-11-13 10:00:00,0.0,640.7598,1.0
2017-11-13 11:00:00,0.0,684.2145,1.0
2017-11-13 12:00:00,0.0,654.85913,1.0
2017-11-13 13:00:00,0.0,558.7027,1.0
2017-11-13 14:00:00,0.0,404.79224,1.0
2017-11-13 15:00:00,0.0,212.35466,1.0
2017-11-13 16:00:00,0.0,35.678516,0.7736111111111111
2017-11-13 17:00:00,0.0,0.0,0.0
2017-11-13 18:00:00,0.06,0.0,0.0
2017-11-13 19:00:00,0.16,0.0,0.0
2017-11-13 20:00:00,0.0,0.0,0.0
2017-11-13 21:00:00,0.0,0.0,0.0
2017-11-13 22:00:00,0.0,0.0,0.0
2017-11-13 23:00:00,0.0,0.0,0.0
2017-11-14 00:00:00,0.08,0.0,0.0
2017-11-14 01:00:00,0.85,0.0,0.0
2017-11-14 02:00:00,1.0,0.0,0.0
2017-11-14 03:00:00,1.0,0.0,0.0
2017-11-14 04:00:00,0.25,0.0,0.0
2017-11-14 05:00:00,0.0,0.0,0.0
2017-11-14 06:00:00,0.18,0.0,0.25472222222222224
2017-11-14 07:00:00,0.32,151.17715,1.0
2017-11-14 08:00:00,0.58,348.24335,1.0
2017-11-14 09:00:00,0.67,507.909,1.0
2017-11-14 10:00:00,0.86,590.0813,1.0
2017-11-14 11:00:00,0.77,610.0941,1.0
2017-11-14 12:00:00,0.66,630.91754,1.0
2017-11-14 13:00:00,0.2,559.6664,1.0
2017-11-14 14:00:00,0.0,404.9017,1.0
2017-11-14 15:00:00,0.01,210.71136,1.0
2017-11-14 16:00:00,0.0,33.49882,0.7597222222222222
2017-11-14 17:00:00,0.0,0.0,0.0
2017-11-14 18:00:00,0.55,0.0,0.0
2017-11-14 19:00:00,0.0,0.0,0.0
2017-11-14 20:00:00,0.0,0.0,0.0
2017-11-14 21:00:00,0.0,0.0,0.0
2017-11-14 22:00:00,0.0,0.0,0.0
2017-11-14 23:00:00,0.0,0.0,0.0
2017-11-15 00:00:00,0.0,0.0,0.0
2017-11-15 01:00:00,0.0,0.0,0.0
2017-11-15 02:00:00,0.0,0.0,0.0
2017-11-15 03:00:00,0.0,0.0,0.0
2017-11-15 04:00:00,0.0,0.0,0.0
2017-11-15 05:00:00,0.0,0.0,0.0
2017-11-15 06:00:00,0.09,0.0,0.23555555555555555
2017-11-15 07:00:00,0.27,139.2182,1.0
2017-11-15 08:00:00,0.32,353.85898,1.0
2017-11-15 09:00:00,0.4,522.364,1.0
2017-11-15 10:00:00,0.45,630.4981,1.0
2017-11-15 11:00:00,0.39,669.74176,1.0
2017-11-15 12:00:00,0.77,604.802,1.0
2017-11-15 13:00:00,0.9,449.73132,1.0
2017-11-15 14:00:00,0.62,370.07324,1.0
2017-11-15 15:00:00,0.07,200.0077,1.0
2017-11-15 16:00:00,0.0,32.27624,0.7463888888888889
2017-11-15 17:00:00,0.0,0.0,0.0
2017-11-15 18:00:00,0.0,0.0,0.0
2017-11-15 19:00:00,0.0,0.0,0.0
2017-11-15 20:00:00,0.0,0.0,0.0
2017-11-15 21:00:00,0.0,0.0,0.0
2017-11-15 22:00:00,0.0,0.0,0.0
2017-11-15 23:00:00,0.0,0.0,0.0
2017-11-16 00:00:00,0.0,0.0,0.0
2017-11-16 01:00:00,0.0,0.0,0.0
2017-11-16 02:00:00,0.0,0.0,0.0
2017-11-16 03:00:00,0.0,0.0,0.0
2017-11-16 04:00:00,0.0,0.0,0.0
2017-11-16 05:00:00,0.0,0.0,0.0
2017-11-16 06:00:00,0.0,0.0,0.21638888888888888
2017-11-16 07:00:00,0.0,143.64488,1.0
2017-11-16 08:00:00,0.24,347.5406,1.0
2017-11-16 09:00:00,0.0,518.2839,1.0
2017-11-16 10:00:00,0.0,629.69714,1.0
2017-11-16 11:00:00,0.29,673.179,1.0
2017-11-16 12:00:00,0.0,644.73004,1.0
2017-11-16 13:00:00,0.0,548.1267,1.0
2017-11-16 14:00:00,0.2,391.7935,1.0
2017-11-16 15:00:00,0.26,197.55798,1.0
2017-11-16 16:00:00,0.31,31.015696,0.7336111111111111
2017-11-16 17:00:00,0.01,0.0,0.0
2017-11-16 18:00:00,0.14,0.0,0.0
2017-11-16 19:00:00,0.0,0.0,0.0
2017-11-16 20:00:00,0.08,0.0,0.0
2017-11-16 21:00:00,0.02,0.0,0.0
2017-11-16 22:00:00,0.0,0.0,0.0
2017-11-16 23:00:00,0.0,0.0,0.0
2017-11-17 00:00:00,0.33,0.0,0.0
2017-11-17 01:00:00,0.09,0.0,0.0
2017-11-17 02:00:00,0.07,0.0,0.0
2017-11-17 03:00:00,0.02,0.0,0.0
2017-11-17 04:00:00,0.12,0.0,0.0
2017-11-17 05:00:00,0.15,0.0,0.0
2017-11-17 06:00:00,0.56,0.0,0.1975
2017-11-17 07:00:00,0.25,106.43302,1.0
2017-11-17 08:00:00,0.58,279.18127,1.0
2017-11-17 09:00:00,0.83,377.48416,1.0
2017-11-17 10:00:00,0.65,510.0784,1.0
2017-11-17 11:00:00,0.53,487.95267,1.0
2017-11-17 12:00:00,0.81,474.53275,1.0
2017-11-17 13:00:00,0.89,409.5431,1.0
2017-11-17 14:00:00,0.45,261.8206,1.0
2017-11-17 15:00:00,0.5,149.49664,1.0
2017-11-17 16:00:00,0.49,24.448957,0.7211111111111111
2017-11-17 17:00:00,0.47,0.0,0.0
2017-11-17 18:00:00,0.93,0.0,0.0
2017-11-17 19:00:00,1.0,0.0,0.0
2017-11-17 20:00:00,1.0,0.0,0.0
2017-11-17 21:00:00,1.0,0.0,0.0
2017-11-17 22:00:00,1.0,0.0,0.0
2017-11-17 23:00:00,0.94,0.0,0.0
2017-11-18 00:00:00,0.45,0.0,0.0
2017-11-18 01:00:00,0.0,0.0,0.0
2017-11-18 02:00:00,0.8,0.0,0.0
2017-11-18 03:00:00,0.33,0.0,0.0
2017-11-18 04:00:00,0.02,0.0,0.0
2017-11-18 05:00:00,0.4,0.0,0.0
2017-11-18 06:00:00,0.32,0.0,0.1786111111111111
2017-11-18 07:00:00,0.24,125.34692,1.0
2017-11-18 08:00:00,0.18,315.76218,1.0
2017-11-18 09:00:00,0.12,488.40283,1.0
2017-11-18 10:00:00,0.08,611.28265,1.0
2017-11-18 11:00:00,0.01,675.53766,1.0
2017-11-18 12:00:00,0.0,653.48895,1.0
2017-11-18 13:00:00,0.0,556.93506,1.0
2017-11-18 14:00:00,0.0,400.96268,1.0
2017-11-18 15:00:00,0.0,206.17258,1.0
2017-11-18 16:00:00,0.0,30.553288,0.7091666666666666
2017-11-18 17:00:00,0.0,0.0,0.0
2017-11-18 18:00:00,0.0,0.0,0.0
2017-11-18 19:00:00,0.0,0.0,0.0
2017-11-18 20:00:00,0.0,0.0,0.0
2017-11-18 21:00:00,0.0,0.0,0.0
2017-11-18 22:00:00,0.27,0.0,0.0
2017-11-18 23:00:00,0.13,0.0,0.0
2017-11-19 00:00:00,0.0,0.0,0.0
2017-11-19 01:00:00,0.0,0.0,0.0
2017-11-19 02:00:00,0.0,0.0,0.0
2017-11-19 03:00:00,0.94,0.0,0.0
2017-11-19 04:00:00,0.94,0.0,0.0
2017-11-19 05:00:00,1.0,0.0,0.0
2017-11-19 06:00:00,0.99,0.0,0.1597222222222222
2017-11-19 07:00:00,1.0,88.50161,1.0
2017-11-19 08:00:00,0.92,283.2828,1.0
2017-11-19 09:00:00,0.89,456.69116,1.0
2017-11-19 10:00:00,0.24,634.5743,1.0
2017-11-19 11:00:00,0.06,682.2304,1.0
2017-11-19 12:00:00,0.29,645.3082,1.0
2017-11-19 13:00:00,0.36,537.8992,1.0
2017-11-19 14:00:00,0.77,336.10245,1.0
2017-11-19 15:00:00,1.0,123.40973,1.0
2017-11-19 16:00:00,1.0,12.921,0.6980555555555555
2017-11-19 17:00:00,1.0,0.0,0.0
2017-11-19 18:00:00,1.0,0.0,0.0
2017-11-19 19:00:00,1.0,0.0,0.0
2017-11-19 20:00:00,1.0,0.0,0.0
2017-11-19 21:00:00,0.01,0.0,0.0
2017-11-19 22:00:00,0.0,0.0,0.0
2017-11-19 23:00:00,0.0,0.0,0.0
2017-11-20 00:00:00,0.0,0.0,0.0
2017-11-20 01:00:00,0.0,0.0,0.0
2017-11-20 02:00:00,0.0,0.0,0.0
2017-11-20 03:00:00,0.01,0.0,0.0
2017-11-20 04:00:00,0.18,0.0,0.0
2017-11-20 05:00:00,0.42,0.0,0.0
2017-11-20 06:00:00,1.0,0.0,0.1413888888888889
2017-11-20 07:00:00,1.0,72.74094,1.0
2017-11-20 08:00:00,1.0,197.61737,1.0
2017-11-20 09:00:00,0.99,317.74326,1.0
2017-11-20 10:00:00,0.99,477.35117,1.0
2017-11-20 11:00:00,0.98,522.3869,1.0
2017-11-20 12:00:00,1.0,556.0892,1.0
2017-11-20 13:00:00,0.64,512.56696,1.0
2017-11-20 14:00:00,0.58,362.15787,1.0
2017-11-20 15:00:00,0.78,188.15404,1.0
2017-11-20 16:00:00,0.32,26.836308,0.6872222222222222
2017-11-20 17:00:00,0.42,0.0,0.0
2017-11-20 18:00:00,0.67,0.0,0.0
2017-11-20 19:00:00,0.84,0.0,0.0
2017-11-20 20:00:00,0.94,0.0,0.0
2017-11-20 21:00:00,0.98,0.0,0.0
2017-11-20 22:00:00,0.99,0.0,0.0
2017-11-20 23:00:00,0.98,0.0,0.0
2017-11-21 00:00:00,0.99,0.0,0.0
2017-11-21 01:00:00,0.9,0.0,0.0
2017-11-21 02:00:00,0.93,0.0,0.0
2017-11-21 03:00:00,0.73,0.0,0.0
2017-11-21 04:00:00,1.0,0.0,0.0
2017-11-21 05:00:00,0.96,0.0,0.0
2017-11-21 06:00:00,0.69,0.0,0.12305555555555556
2017-11-21 07:00:00,0.75,69.00274,1.0
2017-11-21 08:00:00,0.73,129.87485,1.0
2017-11-21 09:00:00,1.0,87.80285,1.0
2017-11-21 10:00:00,1.0,156.25049,1.0
2017-11-21 11:00:00,0.97,413.75668,1.0
2017-11-21 12:00:00,1.0,438.71814,1.0
2017-11-21 13:00:00,1.0,362.5209,1.0
2017-11-21 14:00:00,0.92,264.06992,1.0
2017-11-21 15:00:00,0.8,98.351944,1.0
2017-11-21 16:00:00,0.71,20.471245,0.6769444444444445
2017-11-21 17:00:00,0.65,0.0,0.0
2017-11-21 18:00:00,0.67,0.0,0.0
2017-11-21 19:00:00,0.48,0.0,0.0
2017-11-21 20:00:00,0.55,0.0,0.0
2017-11-21 21:00:00,0.61,0.0,0.0
2017-11-21 22:00:00,0.41,0.0,0.0
2017-11-21 23:00:00,0.61,0.0,0.0
2017-11-22 00:00:00,0.9,0.0,0.0
2017-11-22 01:00:00,0.95,0.0,0.0
2017-11-22 02:00:00,0.9,0.0,0.0
2017-11-22 03:00:00,0.76,0.0,0.0
2017-11-22 04:00:00,0.83,0.0,0.0
2017-11-22 05:00:00,0.66,0.0,0.0
2017-11-22 06:00:00,0.92,0.0,0.105
2017-11-22 07:00:00,0.55,85.411804,1.0
2017-11-22 08:00:00,0.47,253.80779,1.0
2017-11-22 09:00:00,0.44,337.64328,1.0
2017-11-22 10:00:00,0.47,444.9085,1.0
2017-11-22 11:00:00,0.35,491.71103,1.0
2017-11-22 12:00:00,0.39,476.9897,1.0
2017-11-22 13:00:00,0.28,426.42465,1.0
2017-11-22 14:00:00,0.21,311.83374,1.0
2017-11-22 15:00:00,0.14,158.30649,1.0
2017-11-22 16:00:00,0.36,18.62224,0.6675
2017-11-22 17:00:00,0.45,0.0,0.0
2017-11-22 18:00:00,0.14,0.0,0.0
2017-11-22 19:00:00,0.31,0.0,0.0
2017-11-22 20:00:00,0.29,0.0,0.0
2017-11-22 21:00:00,0.49,0.0,0.0
2017-11-22 22:00:00,0.36,0.0,0.0
2017-11-22 23:00:00,0.45,0.0,0.0
2017-11-23 00:00:00,0.48,0.0,0.0
2017-11-23 01:00:00,0.53,0.0,0.0
2017-11-23 02:00:00,0.24,0.0,0.0
2017-11-23 03:00:00,0.98,0.0,0.0
2017-11-23 04:00:00,1.0,0.0,0.0
2017-11-23 05:00:00,0.97,0.0,0.0
2017-11-23 06:00:00,0.91,0.0,0.08722222222222223
2017-11-23 07:00:00,0.91,80.54987,1.0
2017-11-23 08:00:00,0.99,215.9738,1.0
2017-11-23 09:00:00,0.98,389.56473,1.0
2017-11-23 10:00:00,0.93,521.9529,1.0
2017-11-23 11:00:00,0.94,499.66605,1.0
2017-11-23 12:00:00,0.94,538.4828,1.0
2017-11-23 13:00:00,0.97,363.97458,1.0
2017-11-23 14:00:00,1.0,218.80502,1.0
2017-11-23 15:00:00,1.0,66.59285,1.0
2017-11-23 16:00:00,1.0,10.631134,0.6586111111111111
2017-11-23 17:00:00,1.0,0.0,0.0
2017-11-23 18:00:00,1.0,0.0,0.0
2017-11-23 19:00:00,1.0,0.0,0.0
2017-11-23 20:00:00,0.91,0.0,0.0
2017-11-23 21:00:00,0.42,0.0,0.0
2017-11-23 22:00:00,0.47,0.0,0.0
2017-11-23 23:00:00,0.85,0.0,0.0
2017-11-24 00:00:00,0.39,0.0,0.0
2017-11-24 01:00:00,0.93,0.0,0.0
2017-11-24 02:00:00,0.86,0.0,0.0
2017-11-24 03:00:00,0.83,0.0,0.0
2017-11-24 04:00:00,0.99,0.0,0.0
2017-11-24 05:00:00,0.5,0.0,0.0
2017-11-24 06:00:00,0.91,0.0,0.06972222222222223
2017-11-24 07:00:00,0.68,96.53574,1.0
2017-11-24 08:00:00,0.43,280.0376,1.0
2017-11-24 09:00:00,0.19,482.8017,1.0
2017-11-24 10:00:00,0.0,592.43134,1.0
2017-11-24 11:00:00,0.09,609.2404,1.0
2017-11-24 12:00:00,0.11,581.01556,1.0
2017-11-24 13:00:00,0.44,353.02078,1.0
2017-11-24 14:00:00,0.61,258.72583,1.0
2017-11-24 15:00:00,0.27,157.21452,1.0
2017-11-24 16:00:00,0.04,21.589424,0.6502777777777777
2017-11-24 17:00:00,0.0,0.0,0.0
2017-11-24 18:00:00,0.78,0.0,0.0
2017-11-24 19:00:00,0.01,0.0,0.0
2017-11-24 20:00:00,0.0,0.0,0.0
2017-11-24 21:00:00,0.0,0.0,0.0
2017-11-24 22:00:00,0.0,0.0,0.0
2017-11-24 23:00:00,0.08,0.0,0.0
2017-11-25 00:00:00,0.38,0.0,0.0
2017-11-25 01:00:00,0.87,0.0,0.0
2017-11-25 02:00:00,0.94,0.0,0.0
2017-11-25 03:00:00,0.51,0.0,0.0
2017-11-25 04:00:00,0.93,0.0,0.0
2017-11-25 05:00:00,0.89,0.0,0.0
2017-11-25 06:00:00,0.06,0.0,0.0525
2017-11-25 07:00:00,0.04,103.4071,1.0
2017-11-25 08:00:00,0.0,309.36972,1.0
2017-11-25 09:00:00,0.0,480.8736,1.0
2017-11-25 10:00:00,0.0,596.60114,1.0
2017-11-25 11:00:00,0.0,643.97766,1.0
2017-11-25 12:00:00,0.0,619.4204,1.0
2017-11-25 13:00:00,0.01,525.6725,1.0
2017-11-25 14:00:00,0.36,370.9085,1.0
2017-11-25 15:00:00,0.94,150.29724,1.0
2017-11-25 16:00:00,0.97,13.650307,0.6427777777777778
2017-11-25 17:00:00,0.92,0.0,0.0
2017-11-25 18:00:00,0.8,0.0,0.0
2017-11-25 19:00:00,0.99,0.0,0.0
2017-11-25 20:00:00,0.85,0.0,0.0
2017-11-25 21:00:00,0.34,0.0,0.0
2017-11-25 22:00:00,1.0,0.0,0.0
2017-11-25 23:00:00,0.96,0.0,0.0
2017-11-26 00:00:00,0.99,0.0,0.0
2017-11-26 01:00:00,0.99,0.0,0.0
2017-11-26 02:00:00,1.0,0.0,0.0
2017-11-26 03:00:00,0.92,0.0,0.0
2017-11-26 04:00:00,0.96,0.0,0.0
2017-11-26 05:00:00,0.72,0.0,0.0
2017-11-26 06:00:00,0.96,0.0,0.035277777777777776
2017-11-26 07:00:00,1.0,48.140182,1.0
2017-11-26 08:00:00,0.9,214.33784,1.0
2017-11-26 09:00:00,0.99,353.15115,1.0
2017-11-26 10:00:00,0.99,382.65872,1.0
2017-11-26 11:00:00,0.98,504.1728,1.0
2017-11-26 12:00:00,0.97,462.37317,1.0
2017-11-26 13:00:00,1.0,250.34946,1.0
2017-11-26 14:00:00,0.98,154.24963,1.0
2017-11-26 15:00:00,0.99,120.13223,1.0
2017-11-26 16:00:00,0.93,13.421804,0.6358333333333334
2017-11-26 17:00:00,0.87,0.0,0.0
2017-11-26 18:00:00,1.0,0.0,0.0
2017-11-26 19:00:00,1.0,0.0,0.0
2017-11-26 20:00:00,1.0,0.0,0.0
2017-11-26 21:00:00,1.0,0.0,0.0
2017-11-26 22:00:00,1.0,0.0,0.0
2017-11-26 23:00:00,1.0,0.0,0.0
2017-11-27 00:00:00,1.0,0.0,0.0
2017-11-27 01:00:00,1.0,0.0,0.0
2017-11-27 02:00:00,1.0,0.0,0.0
2017-11-27 03:00:00,1.0,0.0,0.0
2017-11-27 04:00:00,0.95,0.0,0.0
2017-11-27 05:00:00,0.43,0.0,0.0
2017-11-27 06:00:00,0.0,0.0,0.018055555555555554
2017-11-27 07:00:00,0.0,103.259514,1.0
2017-11-27 08:00:00,0.0,311.35223,1.0
2017-11-27 09:00:00,0.0,485.27463,1.0
2017-11-27 10:00:00,0.0,601.948,1.0
2017-11-27 11:00:00,0.0,648.0244,1.0
2017-11-27 12:00:00,0.87,614.00494,1.0
2017-11-27 13:00:00,0.95,495.3908,1.0
2017-11-27 14:00:00,0.61,357.5252,1.0
2017-11-27 15:00:00,0.39,185.76022,1.0
2017-11-27 16:00:00,0.2,22.022345,0.6294444444444445
2017-11-27 17:00:00,0.25,0.0,0.0
2017-11-27 18:00:00,0.43,0.0,0.0
2017-11-27 19:00:00,0.03,0.0,0.0
2017-11-27 20:00:00,0.0,0.0,0.0
2017-11-27 21:00:00,0.0,0.0,0.0
2017-11-27 22:00:00,0.0,0.0,0.0
2017-11-27 23:00:00,0.0,0.0,0.0
2017-11-28 00:00:00,0.02,0.0,0.0
2017-11-28 01:00:00,0.05,0.0,0.0
2017-11-28 02:00:00,0.29,0.0,0.0
2017-11-28 03:00:00,0.23,0.0,0.0
2017-11-28 04:00:00,0.6,0.0,0.0
2017-11-28 05:00:00,0.98,0.0,0.0
2017-11-28 06:00:00,0.87,0.0,0.0008333333333333334
2017-11-28 07:00:00,0.95,15.618091,1.0
2017-11-28 08:00:00,1.0,62.11785,1.0
2017-11-28 09:00:00,0.89,166.66771,1.0
2017-11-28 10:00:00,0.75,326.31802,1.0
2017-11-28 11:00:00,0.91,266.8755,1.0
2017-11-28 12:00:00,0.91,378.79947,1.0
2017-11-28 13:00:00,0.9,351.7388,1.0
2017-11-28 14:00:00,0.39,356.35367,1.0
2017-11-28 15:00:00,0.0,176.25356,1.0
2017-11-28 16:00:00,0.0,20.382809,0.6238888888888889
2017-11-28 17:00:00,0.0,0.0,0.0
2017-11-28 18:00:00,0.0,0.0,0.0
2017-11-28 19:00:00,0.0,0.0,0.0
2017-11-28 20:00:00,0.0,0.0,0.0
2017-11-28 21:00:00,0.0,0.0,0.0
2017-11-28 22:00:00,0.0,0.0,0.0
2017-11-28 23:00:00,0.0,0.0,0.0
2017-11-29 00:00:00,0.0,0.0,0.0
2017-11-29 01:00:00,0.0,0.0,0.0
2017-11-29 02:00:00,0.54,0.0,0.0
2017-11-29 03:00:00,0.88,0.0,0.0
2017-11-29 04:00:00,0.96,0.0,0.0
2017-11-29 05:00:00,0.98,0.0,0.0
2017-11-29 06:00:00,1.0,0.0,0.0
2017-11-29 07:00:00,1.0,52.516533,0.9838888888888889
2017-11-29 08:00:00,0.92,191.85764,1.0
2017-11-29 09:00:00,0.82,379.38397,1.0
2017-11-29 10:00:00,0.91,491.6535,1.0
2017-11-29 11:00:00,0.92,591.0813,1.0
2017-11-29 12:00:00,0.33,554.7331,1.0
2017-11-29 13:00:00,0.0,523.3644,1.0
2017-11-29 14:00:00,0.0,379.89972,1.0
2017-11-29 15:00:00,0.63,134.4346,1.0
2017-11-29 16:00:00,0.72,16.114656,0.6186111111111111
2017-11-29 17:00:00,0.81,0.0,0.0
2017-11-29 18:00:00,0.71,0.0,0.0
2017-11-29 19:00:00,0.43,0.0,0.0
2017-11-29 20:00:00,0.0,0.0,0.0
2017-11-29 21:00:00,0.0,0.0,0.0
2017-11-29 22:00:00,0.0,0.0,0.0
2017-11-29 23:00:00,0.0,0.0,0.0
2017-11-30 00:00:00,0.0,0.0,0.0
2017-11-30 01:00:00,0.04,0.0,0.0
2017-11-30 02:00:00,0.74,0.0,0.0
2017-11-30 03:00:00,0.01,0.0,0.0
2017-11-30 04:00:00,0.0,0.0,0.0
2017-11-30 05:00:00,0.0,0.0,0.0
2017-11-30 06:00:00,0.0,0.0,0.0
2017-11-30 07:00:00,0.0,87.38947,0.9669444444444445
2017-11-30 08:00:00,0.0,293.0667,1.0
2017-11-30 09:00:00,0.0,465.27182,1.0
2017-11-30 10:00:00,0.0,581.13696,1.0
2017-11-30 11:00:00,0.38,628.3141,1.0
2017-11-30 12:00:00,0.24,600.9116,1.0
2017-11-30 13:00:00,0.29,497.78665,1.0
2017-11-30 14:00:00,0.2,322.69788,1.0
2017-11-30 15:00:00,0.2,170.5147,1.0
2017-11-30 16:00:00,0.0,20.60777,0.6141666666666666
2017-11-30 17:00:00,0.0,0.0,0.0
2017-11-30 18:00:00,0.0,0.0,0.0
2017-11-30 19:00:00,0.0,0.0,0.0
2017-11-30 20:00:00,0.22,0.0,0.0
2017-11-30 21:00:00,0.33,0.0,0.0
2017-11-30 22:00:00,0.65,0.0,0.0
2017-11-30 23:00:00,1.0,0.0,0.0
2017-12-01 00:00:00,0.98,0.0,0.0
2017-12-01 01:00:00,0.5,0.0,0.0
2017-12-01 02:00:00,0.61,0.0,0.0
2017-12-01 03:00:00,0.66,0.0,0.0
2017-12-01 04:00:00,0.3,0.0,0.0
2017-12-01 05:00:00,0.28,0.0,0.0
2017-12-01 06:00:00,0.0,0.0,0.0
2017-12-01 07:00:00,0.27,80.918106,0.95
2017-12-01 08:00:00,0.01,280.04086,1.0
2017-12-01 09:00:00,0.03,438.37717,1.0
2017-12-01 10:00:00,0.06,555.14087,1.0
2017-12-01 11:00:00,0.14,590.7696,1.0
2017-12-01 12:00:00,0.62,559.2115,1.0
2017-12-01 13:00:00,0.63,432.9802,1.0
2017-12-01 14:00:00,0.48,335.1577,1.0
2017-12-01 15:00:00,0.5,152.52608,1.0
2017-12-01 16:00:00,0.19,19.71863,0.6102777777777778
2017-12-01 17:00:00,0.23,0.0,0.0
2017-12-01 18:00:00,0.26,0.0,0.0
2017-12-01 19:00:00,0.67,0.0,0.0
2017-12-01 20:00:00,0.02,0.0,0.0
2017-12-01 21:00:00,0.0,0.0,0.0
2017-12-01 22:00:00,0.0,0.0,0.0
2017-12-01 23:00:00,0.0,0.0,0.0
2017-12-02 00:00:00,0.0,0.0,0.0
2017-12-02 01:00:00,0.0,0.0,0.0
2017-12-02 02:00:00,0.0,0.0,0.0
2017-12-02 03:00:00,0.0,0.0,0.0
2017-12-02 04:00:00,0.2,0.0,0.0
2017-12-02 05:00:00,0.32,0.0,0.0
2017-12-02 06:00:00,0.31,0.0,0.0
2017-12-02 07:00:00,0.27,77.20555,0.9336111111111111
2017-12-02 08:00:00,0.07,279.3771,1.0
2017-12-02 09:00:00,0.0,451.84103,1.0
2017-12-02 10:00:00,0.21,566.64764,1.0
2017-12-02 11:00:00,0.34,615.4652,1.0
2017-12-02 12:00:00,0.54,588.5059,1.0
2017-12-02 13:00:00,0.82,462.60632,1.0
2017-12-02 14:00:00,0.33,346.92273,1.0
2017-12-02 15:00:00,0.17,175.94342,1.0
2017-12-02 16:00:00,0.2,19.817587,0.6069444444444444
2017-12-02 17:00:00,0.19,0.0,0.0
2017-12-02 18:00:00,0.51,0.0,0.0
2017-12-02 19:00:00,0.59,0.0,0.0
2017-12-02 20:00:00,0.43,0.0,0.0
2017-12-02 21:00:00,0.69,0.0,0.0
2017-12-02 22:00:00,0.77,0.0,0.0
2017-12-02 23:00:00,0.7,0.0,0.0
2017-12-03 00:00:00,0.85,0.0,0.0
2017-12-03 01:00:00,0.99,0.0,0.0
2017-12-03 02:00:00,0.43,0.0,0.0
2017-12-03 03:00:00,0.28,0.0,0.0
2017-12-03 04:00:00,0.29,0.0,0.0
2017-12-03 05:00:00,0.83,0.0,0.0
2017-12-03 06:00:00,0.42,0.0,0.0
2017-12-03 07:00:00,0.58,67.00522,0.9172222222222223
2017-12-03 08:00:00,0.87,241.07741,1.0
2017-12-03 09:00:00,0.93,381.66116,1.0
2017-12-03 10:00:00,0.83,519.259,1.0
2017-12-03 11:00:00,0.81,568.2417,1.0
2017-12-03 12:00:00,0.74,569.4193,1.0
2017-12-03 13:00:00,0.73,484.44876,1.0
2017-12-03 14:00:00,0.49,364.74854,1.0
2017-12-03 15:00:00,0.24,181.07596,1.0
2017-12-03 16:00:00,0.0,20.766962,0.6041666666666666
2017-12-03 17:00:00,0.0,0.0,0.0
2017-12-03 18:00:00,0.0,0.0,0.0
2017-12-03 19:00:00,0.0,0.0,0.0
2017-12-03 20:00:00,0.03,0.0,0.0
2017-12-03 21:00:00,0.05,0.0,0.0
2017-12-03 22:00:00,0.47,0.0,0.0
2017-12-03 23:00:00,0.51,0.0,0.0
2017-12-04 00:00:00,0.49,0.0,0.0
2017-12-04 01:00:00,0.37,0.0,0.0
2017-12-04 02:00:00,0.32,0.0,0.0
2017-12-04 03:00:00,0.45,0.0,0.0
2017-12-04 04:00:00,0.14,0.0,0.0
2017-12-04 05:00:00,0.0,0.0,0.0
2017-12-04 06:00:00,0.0,0.0,0.0
2017-12-04 07:00:00,0.0,81.132,0.9011111111111111
2017-12-04 08:00:00,0.01,278.6813,1.0
2017-12-04 09:00:00,0.13,390.06055,1.0
2017-12-04 10:00:00,0.06,518.14124,1.0
2017-12-04 11:00:00,0.34,610.07684,1.0
2017-12-04 12:00:00,0.5,537.46326,1.0
2017-12-04 13:00:00,0.82,342.3163,1.0
2017-12-04 14:00:00,0.39,347.04526,1.0
2017-12-04 15:00:00,0.15,166.43289,1.0
2017-12-04 16:00:00,0.23,18.13386,0.6022222222222222
2017-12-04 17:00:00,0.58,0.0,0.0
2017-12-04 18:00:00,0.02,0.0,0.0
2017-12-04 19:00:00,0.02,0.0,0.0
2017-12-04 20:00:00,0.0,0.0,0.0
2017-12-04 21:00:00,0.0,0.0,0.0
2017-12-04 22:00:00,0.0,0.0,0.0
2017-12-04 23:00:00,0.0,0.0,0.0
2017-12-05 00:00:00,0.01,0.0,0.0
2017-12-05 01:00:00,0.0,0.0,0.0
2017-12-05 02:00:00,0.0,0.0,0.0
2017-12-05 03:00:00,0.05,0.0,0.0
2017-12-05 04:00:00,0.16,0.0,0.0
2017-12-05 05:00:00,0.02,0.0,0.0
2017-12-05 06:00:00,0.01,0.0,0.0
2017-12-05 07:00:00,0.01,75.80634,0.8852777777777778
2017-12-05 08:00:00,0.0,285.401,1.0
2017-12-05 09:00:00,0.0,459.92245,1.0
2017-12-05 10:00:00,0.0,577.3922,1.0
2017-12-05 11:00:00,0.0,628.177,1.0
2017-12-05 12:00:00,0.0,608.27716,1.0
2017-12-05 13:00:00,0.0,518.8076,1.0
2017-12-05 14:00:00,0.0,370.78265,1.0
2017-12-05 15:00:00,0.0,183.79652,1.0
2017-12-05 16:00:00,0.0,20.956165,0.6005555555555555
2017-12-05 17:00:00,0.0,0.0,0.0
2017-12-05 18:00:00,0.0,0.0,0.0
2017-12-05 19:00:00,0.0,0.0,0.0
2017-12-05 20:00:00,0.0,0.0,0.0
2017-12-05 21:00:00,0.0,0.0,0.0
2017-12-05 22:00:00,0.0,0.0,0.0
2017-12-05 23:00:00,0.0,0.0,0.0
2017-12-06 00:00:00,0.38,0.0,0.0
2017-12-06 01:00:00,0.02,0.0,0.0
2017-12-06 02:00:00,0.04,0.0,0.0
2017-12-06 03:00:00,0.03,0.0,0.0
2017-12-06 04:00:00,0.02,0.0,0.0
2017-12-06 05:00:00,0.18,0.0,0.0
2017-12-06 06:00:00,0.45,0.0,0.0
2017-12-06 07:00:00,0.18,63.66374,0.87
2017-12-06 08:00:00,0.0,285.04446,1.0
2017-12-06 09:00:00,0.0,461.9015,1.0
2017-12-06 10:00:00,0.06,568.2934,1.0
2017-12-06 11:00:00,0.76,608.95654,1.0
2017-12-06 12:00:00,1.0,557.0731,1.0
2017-12-06 13:00:00,0.91,457.25946,1.0
2017-12-06 14:00:00,0.67,262.94415,1.0
2017-12-06 15:00:00,1.0,154.88786,1.0
2017-12-06 16:00:00,0.48,16.482637,0.5997222222222223
2017-12-06 17:00:00,0.68,0.0,0.0
2017-12-06 18:00:00,0.48,0.0,0.0
2017-12-06 19:00:00,0.93,0.0,0.0
2017-12-06 20:00:00,0.93,0.0,0.0
2017-12-06 21:00:00,0.94,0.0,0.0
2017-12-06 22:00:00,0.81,0.0,0.0
2017-12-06 23:00:00,0.07,0.0,0.0
2017-12-07 00:00:00,0.0,0.0,0.0
2017-12-07 01:00:00,0.01,0.0,0.0
2017-12-07 02:00:00,0.04,0.0,0.0
2017-12-07 03:00:00,0.07,0.0,0.0
2017-12-07 04:00:00,0.05,0.0,0.0
2017-12-07 05:00:00,0.06,0.0,0.0
2017-12-07 06:00:00,0.03,0.0,0.0
2017-12-07 07:00:00,0.02,70.99702,0.855
2017-12-07 08:00:00,0.02,283.65994,1.0
2017-12-07 09:00:00,0.01,461.02365,1.0
2017-12-07 10:00:00,0.72,547.35657,1.0
2017-12-07 11:00:00,0.82,559.0355,1.0
2017-12-07 12:00:00,0.86,373.81378,1.0
2017-12-07 13:00:00,0.99,168.73354,1.0
2017-12-07 14:00:00,1.0,99.003044,1.0
2017-12-07 15:00:00,1.0,64.146164,1.0
2017-12-07 16:00:00,0.99,6.9574614,0.5991666666666666
2017-12-07 17:00:00,0.98,0.0,0.0
2017-12-07 18:00:00,1.0,0.0,0.0
2017-12-07 19:00:00,1.0,0.0,0.0
2017-12-07 20:00:00,0.97,0.0,0.0
2017-12-07 21:00:00,0.88,0.0,0.0
2017-12-07 22:00:00,0.98,0.0,0.0
2017-12-07 23:00:00,1.0,0.0,0.0
2017-12-08 00:00:00,0.98,0.0,0.0
2017-12-08 01:00:00,0.93,0.0,0.0
2017-12-08 02:00:00,0.91,0.0,0.0
2017-12-08 03:00:00,0.96,0.0,0.0
2017-12-08 04:00:00,0.75,0.0,0.0
2017-12-08 05:00:00,0.77,0.0,0.0
2017-12-08 06:00:00,0.86,0.0,0.0
2017-12-08 07:00:00,0.91,21.78414,0.8402777777777778
2017-12-08 08:00:00,0.73,195.14798,1.0
2017-12-08 09:00:00,0.52,421.9951,1.0
2017-12-08 10:00:00,0.83,516.3016,1.0
2017-12-08 11:00:00,0.95,487.74213,1.0
2017-12-08 12:00:00,0.72,474.27875,1.0
2017-12-08 13:00:00,0.74,355.81213,1.0
2017-12-08 14:00:00,0.88,243.50609,1.0
2017-12-08 15:00:00,0.08,180.55336,1.0
2017-12-08 16:00:00,0.05,20.26795,0.5994444444444444
2017-12-08 17:00:00,0.39,0.0,0.0
2017-12-08 18:00:00,0.41,0.0,0.0
2017-12-08 19:00:00,0.24,0.0,0.0
2017-12-08 20:00:00,0.07,0.0,0.0
2017-12-08 21:00:00,0.0,0.0,0.0
2017-12-08 22:00:00,0.01,0.0,0.0
2017-12-08 23:00:00,0.0,0.0,0.0
2017-12-09 00:00:00,0.0,0.0,0.0
2017-12-09 01:00:00,0.0,0.0,0.0
2017-12-09 02:00:00,0.0,0.0,0.0
2017-12-09 03:00:00,0.0,0.0,0.0
2017-12-09 04:00:00,0.0,0.0,0.0
2017-12-09 05:00:00,0.0,0.0,0.0
2017-12-09 06:00:00,0.0,0.0,0.0
2017-12-09 07:00:00,0.0,65.94597,0.8263888888888888
2017-12-09 08:00:00,0.0,277.6064,1.0
2017-12-09 09:00:00,0.0,456.1403,1.0
2017-12-09 10:00:00,0.0,577.0985,1.0
2017-12-09 11:00:00,0.0,630.17346,1.0
2017-12-09 12:00:00,0.0,610.9118,1.0
2017-12-09 13:00:00,0.34,523.3765,1.0
2017-12-09 14:00:00,0.75,364.07535,1.0
2017-12-09 15:00:00,0.04,175.37805,1.0
2017-12-09 16:00:00,0.0,22.224121,0.6002777777777778
2017-12-09 17:00:00,0.0,0.0,0.0
2017-12-09 18:00:00,0.0,0.0,0.0
2017-12-09 19:00:00,0.0,0.0,0.0
2017-12-09 20:00:00,0.0,0.0,0.0
2017-12-09 21:00:00,0.0,0.0,0.0
2017-12-09 22:00:00,0.0,0.0,0.0
2017-12-09 23:00:00,0.0,0.0,0.0
2017-12-10 00:00:00,0.0,0.0,0.0
2017-12-10 01:00:00,0.0,0.0,0.0
2017-12-10 02:00:00,0.0,0.0,0.0
2017-12-10 03:00:00,0.0,0.0,0.0
2017-12-10 04:00:00,0.0,0.0,0.0
2017-12-10 05:00:00,0.0,0.0,0.0
2017-12-10 06:00:00,0.0,0.0,0.0
2017-12-10 07:00:00,0.0,62.82847,0.8125
2017-12-10 08:00:00,0.0,272.61404,1.0
2017-12-10 09:00:00,0.0,452.65048,1.0
2017-12-10 10:00:00,0.0,574.7374,1.0
2017-12-10 11:00:00,0.0,629.4968,1.0
2017-12-10 12:00:00,0.0,610.1679,1.0
2017-12-10 13:00:00,0.0,523.16077,1.0
2017-12-10 14:00:00,0.0,375.69232,1.0
2017-12-10 15:00:00,0.0,186.83241,1.0
2017-12-10 16:00:00,0.0,22.26897,0.6013888888888889
2017-12-10 17:00:00,0.0,0.0,0.0
2017-12-10 18:00:00,0.0,0.0,0.0
2017-12-10 19:00:00,0.0,0.0,0.0
2017-12-10 20:00:00,0.0,0.0,0.0
2017-12-10 21:00:00,0.0,0.0,0.0
2017-12-10 22:00:00,0.0,0.0,0.0
2017-12-10 23:00:00,0.0,0.0,0.0
2017-12-11 00:00:00,0.0,0.0,0.0
2017-12-11 01:00:00,0.0,0.0,0.0
2017-12-11 02:00:00,0.0,0.0,0.0
2017-12-11 03:00:00,0.0,0.0,0.0
2017-12-11 04:00:00,0.0,0.0,0.0
2017-12-11 05:00:00,0.0,0.0,0.0
2017-12-11 06:00:00,0.0,0.0,0.0
2017-12-11 07:00:00,0.0,60.63954,0.7994444444444444
2017-12-11 08:00:00,0.0,268.5296,1.0
2017-12-11 09:00:00,0.0,446.15854,1.0
2017-12-11 10:00:00,0.0,567.2086,1.0
2017-12-11 11:00:00,0.0,619.8235,1.0
2017-12-11 12:00:00,0.0,602.54834,1.0
2017-12-11 13:00:00,0.0,515.4776,1.0
2017-12-11 14:00:00,0.0,369.39615,1.0
2017-12-11 15:00:00,0.0,184.1514,1.0
2017-12-11 16:00:00,0.0,20.385984,0.6033333333333334
2017-12-11 17:00:00,0.0,0.0,0.0
2017-12-11 18:00:00,0.0,0.0,0.0
2017-12-11 19:00:00,0.0,0.0,0.0
2017-12-11 20:00:00,0.0,0.0,0.0
2017-12-11 21:00:00,0.0,0.0,0.0
2017-12-11 22:00:00,0.0,0.0,0.0
2017-12-11 23:00:00,0.0,0.0,0.0
2017-12-12 00:00:00,0.0,0.0,0.0
2017-12-12 01:00:00,0.0,0.0,0.0
2017-12-12 02:00:00,0.0,0.0,0.0
2017-12-12 03:00:00,0.0,0.0,0.0
2017-12-12 04:00:00,0.0,0.0,0.0
2017-12-12 05:00:00,0.0,0.0,0.0
2017-12-12 06:00:00,0.0,0.0,0.0
2017-12-12 07:00:00,0.0,55.652164,0.7869444444444444
2017-12-12 08:00:00,0.0,254.64694,1.0
2017-12-12 09:00:00,0.0,426.81427,1.0
2017-12-12 10:00:00,0.0,544.11255,1.0
2017-12-12 11:00:00,0.39,597.1404,1.0
2017-12-12 12:00:00,0.55,580.5124,1.0
2017-12-12 13:00:00,0.5,484.5342,1.0
2017-12-12 14:00:00,0.29,363.04507,1.0
2017-12-12 15:00:00,0.01,181.42326,1.0
2017-12-12 16:00:00,0.54,20.408075,0.6058333333333333
2017-12-12 17:00:00,0.0,0.0,0.0
2017-12-12 18:00:00,0.0,0.0,0.0
2017-12-12 19:00:00,0.0,0.0,0.0
2017-12-12 20:00:00,0.0,0.0,0.0
2017-12-12 21:00:00,0.0,0.0,0.0
2017-12-12 22:00:00,0.0,0.0,0.0
2017-12-12 23:00:00,0.0,0.0,0.0
2017-12-13 00:00:00,0.0,0.0,0.0
2017-12-13 01:00:00,0.79,0.0,0.0
2017-12-13 02:00:00,0.14,0.0,0.0
2017-12-13 03:00:00,0.0,0.0,0.0
2017-12-13 04:00:00,0.5,0.0,0.0
2017-12-13 05:00:00,0.93,0.0,0.0
2017-12-13 06:00:00,1.0,0.0,0.0
2017-12-13 07:00:00,1.0,9.939231,0.775
2017-12-13 08:00:00,0.98,162.22954,1.0
2017-12-13 09:00:00,0.79,343.6943,1.0
2017-12-13 10:00:00,0.3,461.20728,1.0
2017-12-13 11:00:00,0.18,572.67194,1.0
2017-12-13 12:00:00,0.05,579.2894,1.0
2017-12-13 13:00:00,0.28,495.7142,1.0
2017-12-13 14:00:00,0.39,353.6371,1.0
2017-12-13 15:00:00,0.69,157.3005,1.0
2017-12-13 16:00:00,0.7,17.568468,0.6088888888888889
2017-12-13 17:00:00,0.66,0.0,0.0
2017-12-13 18:00:00,0.78,0.0,0.0
2017-12-13 19:00:00,0.97,0.0,0.0
2017-12-13 20:00:00,0.83,0.0,0.0
2017-12-13 21:00:00,1.0,0.0,0.0
2017-12-13 22:00:00,1.0,0.0,0.0
2017-12-13 23:00:00,1.0,0.0,0.0
2017-12-14 00:00:00,1.0,0.0,0.0
2017-12-14 01:00:00,1.0,0.0,0.0
2017-12-14 02:00:00,1.0,0.0,0.0
2017-12-14 03:00:00,1.0,0.0,0.0
2017-12-14 04:00:00,1.0,0.0,0.0
2017-12-14 05:00:00,0.98,0.0,0.0
2017-12-14 06:00:00,0.95,0.0,0.0
2017-12-14 07:00:00,0.43,32.403812,0.7636111111111111
2017-12-14 08:00:00,0.13,222.70525,1.0
2017-12-14 09:00:00,0.34,340.66333,1.0
2017-12-14 10:00:00,0.43,497.5829,1.0
2017-12-14 11:00:00,0.33,506.2179,1.0
2017-12-14 12:00:00,0.25,470.2411,1.0
2017-12-14 13:00:00,0.45,452.0955,1.0
2017-12-14 14:00:00,0.38,330.8296,1.0
2017-12-14 15:00:00,0.68,129.31512,1.0
2017-12-14 16:00:00,0.44,19.495623,0.6125
2017-12-14 17:00:00,0.03,0.0,0.0
2017-12-14 18:00:00,0.29,0.0,0.0
2017-12-14 19:00:00,0.08,0.0,0.0
2017-12-14 20:00:00,0.0,0.0,0.0
2017-12-14 21:00:00,0.0,0.0,0.0
2017-12-14 22:00:00,0.0,0.0,0.0
2017-12-14 23:00:00,0.0,0.0,0.0
2017-12-15 00:00:00,0.0,0.0,0.0
2017-12-15 01:00:00,0.0,0.0,0.0
2017-12-15 02:00:00,0.0,0.0,0.0
2017-12-15 03:00:00,0.11,0.0,0.0
2017-12-15 04:00:00,0.43,0.0,0.0
2017-12-15 05:00:00,0.08,0.0,0.0
2017-12-15 06:00:00,0.0,0.0,0.0
2017-12-15 07:00:00,0.0,50.23038,0.7527777777777778
2017-12-15 08:00:00,0.0,243.44833,1.0
2017-12-15 09:00:00,0.0,418.9733,1.0
2017-12-15 10:00:00,0.0,546.8935,1.0
2017-12-15 11:00:00,0.0,600.7315,1.0
2017-12-15 12:00:00,0.0,588.46454,1.0
2017-12-15 13:00:00,0.0,503.4215,1.0
2017-12-15 14:00:00,0.0,365.6228,1.0
2017-12-15 15:00:00,0.0,184.10414,1.0
2017-12-15 16:00:00,0.0,22.344215,0.6166666666666667
2017-12-15 17:00:00,0.0,0.0,0.0
2017-12-15 18:00:00,0.0,0.0,0.0
2017-12-15 19:00:00,0.07,0.0,0.0
2017-12-15 20:00:00,0.12,0.0,0.0
2017-12-15 21:00:00,0.96,0.0,0.0
2017-12-15 22:00:00,0.99,0.0,0.0
2017-12-15 23:00:00,0.96,0.0,0.0
2017-12-16 00:00:00,1.0,0.0,0.0
2017-12-16 01:00:00,1.0,0.0,0.0
2017-12-16 02:00:00,1.0,0.0,0.0
2017-12-16 03:00:00,1.0,0.0,0.0
2017-12-16 04:00:00,1.0,0.0,0.0
2017-12-16 05:00:00,1.0,0.0,0.0
2017-12-16 06:00:00,1.0,0.0,0.0
2017-12-16 07:00:00,1.0,10.933154,0.7422222222222222
2017-12-16 08:00:00,1.0,83.62096,1.0
2017-12-16 09:00:00,1.0,234.0528,1.0
2017-12-16 10:00:00,0.96,444.1023,1.0
2017-12-16 11:00:00,0.86,578.32715,1.0
2017-12-16 12:00:00,0.92,564.8023,1.0
2017-12-16 13:00:00,0.47,492.97748,1.0
2017-12-16 14:00:00,0.37,318.02484,1.0
2017-12-16 15:00:00,0.59,153.21426,1.0
2017-12-16 16:00:00,0.6,16.630394,0.6216666666666667
2017-12-16 17:00:00,0.35,0.0,0.0
2017-12-16 18:00:00,0.47,0.0,0.0
2017-12-16 19:00:00,0.78,0.0,0.0
2017-12-16 20:00:00,0.91,0.0,0.0
2017-12-16 21:00:00,0.89,0.0,0.0
2017-12-16 22:00:00,0.86,0.0,0.0
2017-12-16 23:00:00,0.72,0.0,0.0
2017-12-17 00:00:00,0.84,0.0,0.0
2017-12-17 01:00:00,0.94,0.0,0.0
2017-12-17 02:00:00,0.85,0.0,0.0
2017-12-17 03:00:00,0.41,0.0,0.0
2017-12-17 04:00:00,0.21,0.0,0.0
2017-12-17 05:00:00,0.83,0.0,0.0
2017-12-17 06:00:00,0.98,0.0,0.0
2017-12-17 07:00:00,0.98,14.779577,0.7322222222222222
2017-12-17 08:00:00,0.9,132.24852,1.0
2017-12-17 09:00:00,0.9,275.67368,1.0
2017-12-17 10:00:00,0.91,410.8712,1.0
2017-12-17 11:00:00,0.7,496.12164,1.0
2017-12-17 12:00:00,0.59,525.83496,1.0
2017-12-17 13:00:00,0.48,497.3483,1.0
2017-12-17 14:00:00,0.07,365.4669,1.0
2017-12-17 15:00:00,0.24,184.59668,1.0
2017-12-17 16:00:00,0.0,23.29483,0.6272222222222222
2017-12-17 17:00:00,0.0,0.0,0.0
2017-12-17 18:00:00,0.0,0.0,0.0
2017-12-17 19:00:00,0.0,0.0,0.0
2017-12-17 20:00:00,0.0,0.0,0.0
2017-12-17 21:00:00,0.33,0.0,0.0
2017-12-17 22:00:00,0.0,0.0,0.0
2017-12-17 23:00:00,0.0,0.0,0.0
2017-12-18 00:00:00,0.0,0.0,0.0
2017-12-18 01:00:00,0.03,0.0,0.0
2017-12-18 02:00:00,0.2,0.0,0.0
2017-12-18 03:00:00,0.0,0.0,0.0
2017-12-18 04:00:00,0.24,0.0,0.0
2017-12-18 05:00:00,0.0,0.0,0.0
2017-12-18 06:00:00,0.0,0.0,0.0
2017-12-18 07:00:00,0.63,40.669632,0.7222222222222222
2017-12-18 08:00:00,0.82,236.91264,1.0
2017-12-18 09:00:00,0.58,416.01605,1.0
2017-12-18 10:00:00,0.6,540.1533,1.0
2017-12-18 11:00:00,0.11,598.9763,1.0
2017-12-18 12:00:00,0.25,585.8338,1.0
2017-12-18 13:00:00,0.36,501.25522,1.0
2017-12-18 14:00:00,0.11,364.50177,1.0
2017-12-18 15:00:00,0.0,185.419,1.0
2017-12-18 16:00:00,0.0,23.25851,0.6336111111111111
2017-12-18 17:00:00,0.0,0.0,0.0
2017-12-18 18:00:00,0.0,0.0,0.0
2017-12-18 19:00:00,0.0,0.0,0.0
2017-12-18 20:00:00,0.25,0.0,0.0
2017-12-18 21:00:00,0.15,0.0,0.0
2017-12-18 22:00:00,0.0,0.0,0.0
2017-12-18 23:00:00,0.0,0.0,0.0
2017-12-19 00:00:00,0.16,0.0,0.0
2017-12-19 01:00:00,0.0,0.0,0.0
2017-12-19 02:00:00,0.0,0.0,0.0
2017-12-19 03:00:00,0.48,0.0,0.0
2017-12-19 04:00:00,0.79,0.0,0.0
2017-12-19 05:00:00,0.29,0.0,0.0
2017-12-19 06:00:00,0.36,0.0,0.0
2017-12-19 07:00:00,0.61,36.989223,0.7127777777777777
2017-12-19 08:00:00,0.24,206.88602,1.0
2017-12-19 09:00:00,1.0,345.03574,1.0
2017-12-19 10:00:00,0.91,520.3522,1.0
2017-12-19 11:00:00,0.39,588.838,1.0
2017-12-19 12:00:00,0.19,582.0424,1.0
2017-12-19 13:00:00,0.0,502.57062,1.0
2017-12-19 14:00:00,0.0,364.8278,1.0
2017-12-19 15:00:00,0.0,184.84422,1.0
2017-12-19 16:00:00,0.0,23.212387,0.6405555555555555
2017-12-19 17:00:00,0.0,0.0,0.0
2017-12-19 18:00:00,0.0,0.0,0.0
2017-12-19 19:00:00,0.0,0.0,0.0
2017-12-19 20:00:00,0.31,0.0,0.0
2017-12-19 21:00:00,0.88,0.0,0.0
2017-12-19 22:00:00,0.99,0.0,0.0
2017-12-19 23:00:00,1.0,0.0,0.0
2017-12-20 00:00:00,0.91,0.0,0.0
2017-12-20 01:00:00,1.0,0.0,0.0
2017-12-20 02:00:00,1.0,0.0,0.0
2017-12-20 03:00:00,0.99,0.0,0.0
2017-12-20 04:00:00,0.92,0.0,0.0
2017-12-20 05:00:00,0.49,0.0,0.0
2017-12-20 06:00:00,0.0,0.0,0.0
2017-12-20 07:00:00,0.0,42.0051,0.7038888888888889
2017-12-20 08:00:00,0.0,239.34326,1.0
2017-12-20 09:00:00,0.0,417.80933,1.0
2017-12-20 10:00:00,0.0,540.88617,1.0
2017-12-20 11:00:00,0.0,598.70404,1.0
2017-12-20 12:00:00,0.0,586.6993,1.0
2017-12-20 13:00:00,0.0,506.82773,1.0
2017-12-20 14:00:00,0.0,367.77594,1.0
2017-12-20 15:00:00,0.0,188.02335,1.0
2017-12-20 16:00:00,0.0,24.06455,0.6483333333333333
2017-12-20 17:00:00,0.0,0.0,0.0
2017-12-20 18:00:00,0.04,0.0,0.0
2017-12-20 19:00:00,0.07,0.0,0.0
2017-12-20 20:00:00,0.0,0.0,0.0
2017-12-20 21:00:00,0.0,0.0,0.0
2017-12-20 22:00:00,0.0,0.0,0.0
2017-12-20 23:00:00,0.0,0.0,0.0
2017-12-21 00:00:00,0.0,0.0,0.0
2017-12-21 01:00:00,0.04,0.0,0.0
2017-12-21 02:00:00,0.33,0.0,0.0
2017-12-21 03:00:00,0.99,0.0,0.0
2017-12-21 04:00:00,1.0,0.0,0.0
2017-12-21 05:00:00,1.0,0.0,0.0
2017-12-21 06:00:00,1.0,0.0,0.0
2017-12-21 07:00:00,1.0,4.9696155,0.6952777777777778
2017-12-21 08:00:00,0.99,65.03984,1.0
2017-12-21 09:00:00,0.99,140.15341,1.0
2017-12-21 10:00:00,0.91,260.87646,1.0
2017-12-21 11:00:00,0.87,266.03305,1.0
2017-12-21 12:00:00,0.88,369.6876,1.0
2017-12-21 13:00:00,0.94,242.51668,1.0
2017-12-21 14:00:00,0.97,162.79633,1.0
2017-12-21 15:00:00,1.0,81.65573,1.0
2017-12-21 16:00:00,0.99,11.832182,0.6566666666666666
2017-12-21 17:00:00,0.99,0.0,0.0
2017-12-21 18:00:00,0.97,0.0,0.0
2017-12-21 19:00:00,0.99,0.0,0.0
2017-12-21 20:00:00,0.81,0.0,0.0
2017-12-21 21:00:00,0.85,0.0,0.0
2017-12-21 22:00:00,0.85,0.0,0.0
2017-12-21 23:00:00,0.02,0.0,0.0
2017-12-22 00:00:00,0.0,0.0,0.0
2017-12-22 01:00:00,0.0,0.0,0.0
2017-12-22 02:00:00,0.0,0.0,0.0
2017-12-22 03:00:00,0.0,0.0,0.0
2017-12-22 04:00:00,0.0,0.0,0.0
2017-12-22 05:00:00,0.0,0.0,0.0
2017-12-22 06:00:00,0.01,0.0,0.0
2017-12-22 07:00:00,0.01,43.37163,0.6872222222222222
2017-12-22 08:00:00,0.01,245.03351,1.0
2017-12-22 09:00:00,0.01,424.91248,1.0
2017-12-22 10:00:00,0.01,549.79346,1.0
2017-12-22 11:00:00,0.01,607.54565,1.0
2017-12-22 12:00:00,0.01,595.0323,1.0
2017-12-22 13:00:00,0.01,514.02704,1.0
2017-12-22 14:00:00,0.0,373.85535,1.0
2017-12-22 15:00:00,0.0,192.45848,1.0
2017-12-22 16:00:00,0.0,26.793367,0.6655555555555556
2017-12-22 17:00:00,0.0,0.0,0.0
2017-12-22 18:00:00,0.45,0.0,0.0
2017-12-22 19:00:00,0.3,0.0,0.0
2017-12-22 20:00:00,0.8,0.0,0.0
2017-12-22 21:00:00,0.28,0.0,0.0
2017-12-22 22:00:00,0.4,0.0,0.0
2017-12-22 23:00:00,0.17,0.0,0.0
2017-12-23 00:00:00,0.51,0.0,0.0
2017-12-23 01:00:00,0.23,0.0,0.0
2017-12-23 02:00:00,0.94,0.0,0.0
2017-12-23 03:00:00,0.72,0.0,0.0
2017-12-23 04:00:00,0.84,0.0,0.0
2017-12-23 05:00:00,0.47,0.0,0.0
2017-12-23 06:00:00,0.91,0.0,0.0
2017-12-23 07:00:00,0.97,23.799366,0.6797222222222222
2017-12-23 08:00:00,0.72,148.59662,1.0
2017-12-23 09:00:00,0.6,364.83508,1.0
2017-12-23 10:00:00,0.2,537.27014,1.0
2017-12-23 11:00:00,0.18,611.24756,1.0
2017-12-23 12:00:00,0.0,615.2393,1.0
2017-12-23 13:00:00,0.0,513.1117,1.0
2017-12-23 14:00:00,0.47,324.70065,1.0
2017-12-23 15:00:00,0.0,150.50284,1.0
2017-12-23 16:00:00,0.98,18.431427,0.675
2017-12-23 17:00:00,0.95,0.0,0.0
2017-12-23 18:00:00,0.89,0.0,0.0
2017-12-23 19:00:00,1.0,0.0,0.0
2017-12-23 20:00:00,1.0,0.0,0.0
2017-12-23 21:00:00,0.99,0.0,0.0
2017-12-23 22:00:00,1.0,0.0,0.0
2017-12-23 23:00:00,1.0,0.0,0.0
2017-12-24 00:00:00,0.84,0.0,0.0
2017-12-24 01:00:00,0.64,0.0,0.0
2017-12-24 02:00:00,0.52,0.0,0.0
2017-12-24 03:00:00,0.58,0.0,0.0
2017-12-24 04:00:00,0.52,0.0,0.0
2017-12-24 05:00:00,0.48,0.0,0.0
2017-12-24 06:00:00,0.04,0.0,0.0
2017-12-24 07:00:00,0.02,41.758938,0.6725
2017-12-24 08:00:00,0.02,243.47763,1.0
2017-12-24 09:00:00,0.02,429.8328,1.0
2017-12-24 10:00:00,0.01,563.88416,1.0
2017-12-24 11:00:00,0.0,629.89545,1.0
2017-12-24 12:00:00,0.0,620.1788,1.0
2017-12-24 13:00:00,0.0,539.2814,1.0
2017-12-24 14:00:00,0.88,362.12833,1.0
2017-12-24 15:00:00,0.72,191.34813,1.0
2017-12-24 16:00:00,0.41,25.846691,0.685
2017-12-24 17:00:00,0.89,0.0,0.0
2017-12-24 18:00:00,0.8,0.0,0.0
2017-12-24 19:00:00,0.97,0.0,0.0
2017-12-24 20:00:00,0.98,0.0,0.0
2017-12-24 21:00:00,0.94,0.0,0.0
2017-12-24 22:00:00,0.94,0.0,0.0
2017-12-24 23:00:00,0.97,0.0,0.0
2017-12-25 00:00:00,0.92,0.0,0.0
2017-12-25 01:00:00,0.82,0.0,0.0
2017-12-25 02:00:00,0.85,0.0,0.0
2017-12-25 03:00:00,0.99,0.0,0.0
2017-12-25 04:00:00,0.99,0.0,0.0
2017-12-25 05:00:00,0.91,0.0,0.0
2017-12-25 06:00:00,0.98,0.0,0.0
2017-12-25 07:00:00,0.88,25.915716,0.6661111111111111
2017-12-25 08:00:00,0.63,187.03706,1.0
2017-12-25 09:00:00,0.0,370.61218,1.0
2017-12-25 10:00:00,0.01,489.56546,1.0
2017-12-25 11:00:00,0.13,556.1971,1.0
2017-12-25 12:00:00,0.19,521.86554,1.0
2017-12-25 13:00:00,0.02,479.80832,1.0
2017-12-25 14:00:00,0.04,355.95407,1.0
2017-12-25 15:00:00,0.0,176.41756,1.0
2017-12-25 16:00:00,0.11,28.470245,0.6955555555555556
2017-12-25 17:00:00,0.11,0.0,0.0
2017-12-25 18:00:00,0.97,0.0,0.0
2017-12-25 19:00:00,0.74,0.0,0.0
2017-12-25 20:00:00,0.84,0.0,0.0
2017-12-25 21:00:00,0.73,0.0,0.0
2017-12-25 22:00:00,0.61,0.0,0.0
2017-12-25 23:00:00,0.4,0.0,0.0
2017-12-26 00:00:00,0.42,0.0,0.0
2017-12-26 01:00:00,0.77,0.0,0.0
2017-12-26 02:00:00,0.87,0.0,0.0
2017-12-26 03:00:00,1.0,0.0,0.0
2017-12-26 04:00:00,1.0,0.0,0.0
2017-12-26 05:00:00,1.0,0.0,0.0
2017-12-26 06:00:00,0.85,0.0,0.0
2017-12-26 07:00:00,0.86,16.976326,0.66
2017-12-26 08:00:00,0.77,126.15181,1.0
2017-12-26 09:00:00,0.87,259.968,1.0
2017-12-26 10:00:00,0.96,355.1342,1.0
2017-12-26 11:00:00,0.92,427.48782,1.0
2017-12-26 12:00:00,0.8,519.5428,1.0
2017-12-26 13:00:00,0.34,490.4921,1.0
2017-12-26 14:00:00,0.14,377.61148,1.0
2017-12-26 15:00:00,0.03,197.47371,1.0
2017-12-26 16:00:00,0.01,29.20041,0.7063888888888888
2017-12-26 17:00:00,0.0,0.0,0.0
2017-12-26 18:00:00,0.99,0.0,0.0
2017-12-26 19:00:00,0.84,0.0,0.0
2017-12-26 20:00:00,1.0,0.0,0.0
2017-12-26 21:00:00,0.57,0.0,0.0
2017-12-26 22:00:00,0.35,0.0,0.0
2017-12-26 23:00:00,0.16,0.0,0.0
2017-12-27 00:00:00,0.07,0.0,0.0
2017-12-27 01:00:00,0.04,0.0,0.0
2017-12-27 02:00:00,0.01,0.0,0.0
2017-12-27 03:00:00,0.01,0.0,0.0
2017-12-27 04:00:00,0.0,0.0,0.0
2017-12-27 05:00:00,0.0,0.0,0.0
2017-12-27 06:00:00,0.0,0.0,0.0
2017-12-27 07:00:00,0.01,38.13469,0.6547222222222222
2017-12-27 08:00:00,0.0,236.76314,1.0
2017-12-27 09:00:00,0.01,422.16296,1.0
2017-12-27 10:00:00,0.01,551.1547,1.0
2017-12-27 11:00:00,0.24,616.6082,1.0
2017-12-27 12:00:00,0.11,594.34485,1.0
2017-12-27 13:00:00,0.1,518.1915,1.0
2017-12-27 14:00:00,0.05,375.64746,1.0
2017-12-27 15:00:00,0.05,199.07024,1.0
2017-12-27 16:00:00,0.07,30.894552,0.7177777777777777
2017-12-27 17:00:00,0.56,0.0,0.0
2017-12-27 18:00:00,0.49,0.0,0.0
2017-12-27 19:00:00,0.83,0.0,0.0
2017-12-27 20:00:00,0.98,0.0,0.0
2017-12-27 21:00:00,0.4,0.0,0.0
2017-12-27 22:00:00,0.37,0.0,0.0
2017-12-27 23:00:00,0.7,0.0,0.0
2017-12-28 00:00:00,0.27,0.0,0.0
2017-12-28 01:00:00,0.26,0.0,0.0
2017-12-28 02:00:00,0.78,0.0,0.0
2017-12-28 03:00:00,0.94,0.0,0.0
2017-12-28 04:00:00,0.83,0.0,0.0
2017-12-28 05:00:00,0.2,0.0,0.0
2017-12-28 06:00:00,0.5,0.0,0.0
2017-12-28 07:00:00,0.94,35.18972,0.6497222222222222
2017-12-28 08:00:00,0.51,234.28539,1.0
2017-12-28 09:00:00,0.5,414.66318,1.0
2017-12-28 10:00:00,0.91,508.0486,1.0
2017-12-28 11:00:00,0.83,615.74506,1.0
2017-12-28 12:00:00,0.33,602.80304,1.0
2017-12-28 13:00:00,0.15,525.6548,1.0
2017-12-28 14:00:00,0.49,387.2189,1.0
2017-12-28 15:00:00,0.0,206.1818,1.0
2017-12-28 16:00:00,0.0,33.55174,0.7297222222222223
2017-12-28 17:00:00,0.02,0.0,0.0
2017-12-28 18:00:00,0.0,0.0,0.0
2017-12-28 19:00:00,0.64,0.0,0.0
2017-12-28 20:00:00,0.69,0.0,0.0
2017-12-28 21:00:00,0.84,0.0,0.0
2017-12-28 22:00:00,0.97,0.0,0.0
2017-12-28 23:00:00,0.89,0.0,0.0
2017-12-29 00:00:00,0.94,0.0,0.0
2017-12-29 01:00:00,1.0,0.0,0.0
2017-12-29 02:00:00,1.0,0.0,0.0
2017-12-29 03:00:00,1.0,0.0,0.0
2017-12-29 04:00:00,0.99,0.0,0.0
2017-12-29 05:00:00,0.99,0.0,0.0
2017-12-29 06:00:00,0.8,0.0,0.0
2017-12-29 07:00:00,0.92,21.025085,0.6455555555555555
2017-12-29 08:00:00,0.91,169.96655,1.0
2017-12-29 09:00:00,1.0,280.25742,1.0
2017-12-29 10:00:00,0.96,391.05417,1.0
2017-12-29 11:00:00,1.0,522.1813,1.0
2017-12-29 12:00:00,1.0,492.1062,1.0
2017-12-29 13:00:00,0.67,530.91016,1.0
2017-12-29 14:00:00,0.9,366.39865,1.0
2017-12-29 15:00:00,1.0,176.61392,1.0
2017-12-29 16:00:00,0.87,29.14963,0.7419444444444444
2017-12-29 17:00:00,0.94,0.0,0.0
2017-12-29 18:00:00,0.91,0.0,0.0
2017-12-29 19:00:00,0.6,0.0,0.0
2017-12-29 20:00:00,0.59,0.0,0.0
2017-12-29 21:00:00,1.0,0.0,0.0
2017-12-29 22:00:00,0.96,0.0,0.0
2017-12-29 23:00:00,1.0,0.0,0.0
2017-12-30 00:00:00,1.0,0.0,0.0
2017-12-30 01:00:00,1.0,0.0,0.0
2017-12-30 02:00:00,1.0,0.0,0.0
2017-12-30 03:00:00,1.0,0.0,0.0
2017-12-30 04:00:00,1.0,0.0,0.0
2017-12-30 05:00:00,0.96,0.0,0.0
2017-12-30 06:00:00,0.8,0.0,0.0
2017-12-30 07:00:00,0.72,22.086245,0.6419444444444444
2017-12-30 08:00:00,0.8,144.4514,1.0
2017-12-30 09:00:00,0.68,340.09583,1.0
2017-12-30 10:00:00,0.33,505.7849,1.0
2017-12-30 11:00:00,0.04,623.9309,1.0
2017-12-30 12:00:00,0.0,610.98083,1.0
2017-12-30 13:00:00,0.0,533.06976,1.0
2017-12-30 14:00:00,0.0,395.66223,1.0
2017-12-30 15:00:00,0.0,210.46913,1.0
2017-12-30 16:00:00,0.0,35.988018,0.7547222222222222
2017-12-30 17:00:00,0.0,0.0,0.0
2017-12-30 18:00:00,0.06,0.0,0.0
2017-12-30 19:00:00,0.68,0.0,0.0
2017-12-30 20:00:00,0.85,0.0,0.0
2017-12-30 21:00:00,0.7,0.0,0.0
2017-12-30 22:00:00,0.56,0.0,0.0
2017-12-30 23:00:00,0.73,0.0,0.0
2017-12-31 00:00:00,0.65,0.0,0.0
2017-12-31 01:00:00,0.46,0.0,0.0
2017-12-31 02:00:00,0.6,0.0,0.0
2017-12-31 03:00:00,0.68,0.0,0.0
2017-12-31 04:00:00,0.52,0.0,0.0
2017-12-31 05:00:00,0.7,0.0,0.0
2017-12-31 06:00:00,0.41,0.0,0.0
2017-12-31 07:00:00,0.58,23.1448,0.6391666666666667
2017-12-31 08:00:00,0.44,155.23282,1.0
2017-12-31 09:00:00,0.27,283.2717,1.0
2017-12-31 10:00:00,0.56,445.14474,1.0
2017-12-31 11:00:00,0.61,577.1793,1.0
2017-12-31 12:00:00,0.67,577.32935,1.0
2017-12-31 13:00:00,0.41,506.3676,1.0
2017-12-31 14:00:00,0.09,379.44543,1.0
2017-12-31 15:00:00,0.24,202.84065,1.0
2017-12-31 16:00:00,0.7,32.454437,0.7675
2017-12-31 17:00:00,0.03,0.0,0.0
2017-12-31 18:00:00,0.03,0.0,0.0
2017-12-31 19:00:00,0.05,0.0,0.0
2017-12-31 20:00:00,0.05,0.0,0.0
2017-12-31 21:00:00,0.03,0.0,0.0
2017-12-31 22:00:00,0.02,0.0,0.0
2017-12-31 23:00:00,0.23,0.0,0.0
2018-01-01 00:00:00,0.32,0.0,0.0
2018-01-01 01:00:00,0.1,0.0,0.0
2018-01-01 02:00:00,0.17,0.0,0.0
2018-01-01 03:00:00,0.28,0.0,0.0
2018-01-01 04:00:00,0.53,0.0,0.0
2018-01-01 05:00:00,0.46,0.0,0.0
2018-01-01 06:00:00,0.6,0.0,0.0
2018-01-01 07:00:00,0.49,18.060377,0.6369444444444444
2018-01-01 08:00:00,0.64,133.61652,1.0
2018-01-01 09:00:00,0.8,287.0344,1.0
2018-01-01 10:00:00,0.73,397.15057,1.0
2018-01-01 11:00:00,0.73,538.5383,1.0
2018-01-01 12:00:00,0.33,535.33655,1.0
2018-01-01 13:00:00,0.2,490.6302,1.0
2018-01-01 14:00:00,0.12,357.31763,1.0
2018-01-01 15:00:00,0.28,178.68658,1.0
2018-01-01 16:00:00,0.4,35.82258,0.7808333333333334
2018-01-01 17:00:00,0.03,0.0,0.0
2018-01-01 18:00:00,0.03,0.0,0.0
2018-01-01 19:00:00,0.01,0.0,0.0
2018-01-01 20:00:00,0.01,0.0,0.0
2018-01-01 21:00:00,0.01,0.0,0.0
2018-01-01 22:00:00,0.13,0.0,0.0
2018-01-01 23:00:00,0.27,0.0,0.0
2018-01-02 00:00:00,0.37,0.0,0.0
2018-01-02 01:00:00,0.49,0.0,0.0
2018-01-02 02:00:00,0.46,0.0,0.0
2018-01-02 03:00:00,0.24,0.0,0.0
2018-01-02 04:00:00,0.18,0.0,0.0
2018-01-02 05:00:00,0.13,0.0,0.0
2018-01-02 06:00:00,0.13,0.0,0.0
2018-01-02 07:00:00,0.08,32.23678,0.6352777777777778
2018-01-02 08:00:00,0.03,231.68219,1.0
2018-01-02 09:00:00,0.01,427.23645,1.0
2018-01-02 10:00:00,0.01,567.9232,1.0
2018-01-02 11:00:00,0.0,639.75104,1.0
2018-01-02 12:00:00,0.0,639.1223,1.0
2018-01-02 13:00:00,0.0,562.5596,1.0
2018-01-02 14:00:00,0.0,420.17328,1.0
2018-01-02 15:00:00,0.0,230.84201,1.0
2018-01-02 16:00:00,0.0,43.379642,0.7941666666666667
2018-01-02 17:00:00,0.0,0.0,0.0
2018-01-02 18:00:00,0.0,0.0,0.0
2018-01-02 19:00:00,0.0,0.0,0.0
2018-01-02 20:00:00,0.0,0.0,0.0
2018-01-02 21:00:00,0.0,0.0,0.0
2018-01-02 22:00:00,0.0,0.0,0.0
2018-01-02 23:00:00,0.0,0.0,0.0
2018-01-03 00:00:00,0.0,0.0,0.0
2018-01-03 01:00:00,0.0,0.0,0.0
2018-01-03 02:00:00,0.0,0.0,0.0
2018-01-03 03:00:00,0.0,0.0,0.0
2018-01-03 04:00:00,0.0,0.0,0.0
2018-01-03 05:00:00,0.0,0.0,0.0
2018-01-03 06:00:00,0.0,0.0,0.0
2018-01-03 07:00:00,0.0,35.22753,0.6347222222222222
2018-01-03 08:00:00,0.0,234.10512,1.0
2018-01-03 09:00:00,0.0,423.41122,1.0
2018-01-03 10:00:00,0.53,553.92303,1.0
2018-01-03 11:00:00,0.47,597.7186,1.0
2018-01-03 12:00:00,0.0,590.9726,1.0
2018-01-03 13:00:00,0.03,522.39276,1.0
2018-01-03 14:00:00,0.99,353.73087,1.0
2018-01-03 15:00:00,0.98,150.95471,1.0
2018-01-03 16:00:00,1.0,25.306223,0.8080555555555555
2018-01-03 17:00:00,0.93,0.0,0.0
2018-01-03 18:00:00,0.57,0.0,0.0
2018-01-03 19:00:00,0.71,0.0,0.0
2018-01-03 20:00:00,0.82,0.0,0.0
2018-01-03 21:00:00,0.98,0.0,0.0
2018-01-03 22:00:00,0.99,0.0,0.0
2018-01-03 23:00:00,0.9,0.0,0.0
2018-01-04 00:00:00,0.82,0.0,0.0
2018-01-04 01:00:00,0.97,0.0,0.0
2018-01-04 02:00:00,0.73,0.0,0.0
2018-01-04 03:00:00,0.69,0.0,0.0
2018-01-04 04:00:00,0.63,0.0,0.0
2018-01-04 05:00:00,0.0,0.0,0.0
2018-01-04 06:00:00,0.02,0.0,0.0
2018-01-04 07:00:00,0.01,34.16768,0.6344444444444445
2018-01-04 08:00:00,0.0,230.16936,1.0
2018-01-04 09:00:00,0.0,419.0364,1.0
2018-01-04 10:00:00,0.0,554.01434,1.0
2018-01-04 11:00:00,0.0,621.84906,1.0
2018-01-04 12:00:00,0.0,619.15735,1.0
2018-01-04 13:00:00,0.0,543.61694,1.0
2018-01-04 14:00:00,0.0,407.5043,1.0
2018-01-04 15:00:00,0.0,226.38507,1.0
2018-01-04 16:00:00,0.0,45.565754,0.8222222222222222
2018-01-04 17:00:00,0.0,0.0,0.0
2018-01-04 18:00:00,0.0,0.0,0.0
2018-01-04 19:00:00,0.0,0.0,0.0
2018-01-04 20:00:00,0.03,0.0,0.0
2018-01-04 21:00:00,0.19,0.0,0.0
2018-01-04 22:00:00,0.32,0.0,0.0
2018-01-04 23:00:00,0.65,0.0,0.0
2018-01-05 00:00:00,0.44,0.0,0.0
2018-01-05 01:00:00,0.18,0.0,0.0
2018-01-05 02:00:00,0.57,0.0,0.0
2018-01-05 03:00:00,0.02,0.0,0.0
2018-01-05 04:00:00,0.95,0.0,0.0
2018-01-05 05:00:00,1.0,0.0,0.0
2018-01-05 06:00:00,1.0,0.0,0.0
2018-01-05 07:00:00,0.99,21.000635,0.635
2018-01-05 08:00:00,1.0,153.51825,1.0
2018-01-05 09:00:00,1.0,194.70123,1.0
2018-01-05 10:00:00,1.0,228.56364,1.0
2018-01-05 11:00:00,1.0,257.43323,1.0
2018-01-05 12:00:00,1.0,253.14302,1.0
2018-01-05 13:00:00,1.0,273.13702,1.0
2018-01-05 14:00:00,1.0,233.70932,1.0
2018-01-05 15:00:00,0.46,174.2486,1.0
2018-01-05 16:00:00,0.91,31.514719,0.8366666666666667
2018-01-05 17:00:00,0.52,0.0,0.0
2018-01-05 18:00:00,0.63,0.0,0.0
2018-01-05 19:00:00,0.55,0.0,0.0
2018-01-05 20:00:00,0.02,0.0,0.0
2018-01-05 21:00:00,0.0,0.0,0.0
2018-01-05 22:00:00,0.0,0.0,0.0
2018-01-05 23:00:00,0.74,0.0,0.0
2018-01-06 00:00:00,0.94,0.0,0.0
2018-01-06 01:00:00,0.95,0.0,0.0
2018-01-06 02:00:00,0.92,0.0,0.0
2018-01-06 03:00:00,0.95,0.0,0.0
2018-01-06 04:00:00,0.98,0.0,0.0
2018-01-06 05:00:00,0.99,0.0,0.0
2018-01-06 06:00:00,0.98,0.0,0.0
2018-01-06 07:00:00,0.97,13.935432,0.6361111111111111
2018-01-06 08:00:00,0.99,88.03384,1.0
2018-01-06 09:00:00,0.96,206.95224,1.0
2018-01-06 10:00:00,0.95,361.0354,1.0
2018-01-06 11:00:00,0.95,438.43405,1.0
2018-01-06 12:00:00,0.95,428.86658,1.0
2018-01-06 13:00:00,0.87,357.60986,1.0
2018-01-06 14:00:00,0.89,322.16388,1.0
2018-01-06 15:00:00,0.55,166.09622,1.0
2018-01-06 16:00:00,0.29,40.22273,0.8519444444444444
2018-01-06 17:00:00,0.69,0.0,0.0
2018-01-06 18:00:00,0.62,0.0,0.0
2018-01-06 19:00:00,0.9,0.0,0.0
2018-01-06 20:00:00,1.0,0.0,0.0
2018-01-06 21:00:00,1.0,0.0,0.0
2018-01-06 22:00:00,0.97,0.0,0.0
2018-01-06 23:00:00,0.93,0.0,0.0
2018-01-07 00:00:00,0.95,0.0,0.0
2018-01-07 01:00:00,0.26,0.0,0.0
2018-01-07 02:00:00,0.32,0.0,0.0
2018-01-07 03:00:00,0.53,0.0,0.0
2018-01-07 04:00:00,0.63,0.0,0.0
2018-01-07 05:00:00,0.19,0.0,0.0
2018-01-07 06:00:00,0.02,0.0,0.0
2018-01-07 07:00:00,0.48,21.901215,0.6377777777777778
2018-01-07 08:00:00,0.52,129.41411,1.0
2018-01-07 09:00:00,0.88,275.8451,1.0
2018-01-07 10:00:00,0.79,450.09558,1.0
2018-01-07 11:00:00,0.33,587.34845,1.0
2018-01-07 12:00:00,0.08,588.7659,1.0
2018-01-07 13:00:00,0.04,526.8202,1.0
2018-01-07 14:00:00,0.02,399.314,1.0
2018-01-07 15:00:00,0.01,226.46497,1.0
2018-01-07 16:00:00,0.03,49.02578,0.8675
2018-01-07 17:00:00,0.03,0.0,0.0
2018-01-07 18:00:00,0.03,0.0,0.0
2018-01-07 19:00:00,0.02,0.0,0.0
2018-01-07 20:00:00,0.01,0.0,0.0
2018-01-07 21:00:00,0.01,0.0,0.0
2018-01-07 22:00:00,0.01,0.0,0.0
2018-01-07 23:00:00,0.0,0.0,0.0
2018-01-08 00:00:00,0.0,0.0,0.0
2018-01-08 01:00:00,0.0,0.0,0.0
2018-01-08 02:00:00,0.0,0.0,0.0
2018-01-08 03:00:00,0.0,0.0,0.0
2018-01-08 04:00:00,0.0,0.0,0.0
2018-01-08 05:00:00,0.0,0.0,0.0
2018-01-08 06:00:00,0.72,0.0,0.0
2018-01-08 07:00:00,0.95,21.832327,0.6402777777777777
2018-01-08 08:00:00,1.0,102.11346,1.0
2018-01-08 09:00:00,0.99,212.29454,1.0
2018-01-08 10:00:00,0.99,282.96152,1.0
2018-01-08 11:00:00,1.0,383.44626,1.0
2018-01-08 12:00:00,1.0,290.45572,1.0
2018-01-08 13:00:00,1.0,206.15604,1.0
2018-01-08 14:00:00,1.0,113.307236,1.0
2018-01-08 15:00:00,1.0,61.00193,1.0
2018-01-08 16:00:00,1.0,13.582006,0.8838888888888888
2018-01-08 17:00:00,1.0,0.0,0.0
2018-01-08 18:00:00,0.57,0.0,0.0
2018-01-08 19:00:00,0.49,0.0,0.0
2018-01-08 20:00:00,0.98,0.0,0.0
2018-01-08 21:00:00,0.99,0.0,0.0
2018-01-08 22:00:00,0.98,0.0,0.0
2018-01-08 23:00:00,0.99,0.0,0.0
2018-01-09 00:00:00,0.93,0.0,0.0
2018-01-09 01:00:00,0.52,0.0,0.0
2018-01-09 02:00:00,0.24,0.0,0.0
2018-01-09 03:00:00,0.25,0.0,0.0
2018-01-09 04:00:00,0.09,0.0,0.0
2018-01-09 05:00:00,0.02,0.0,0.0
2018-01-09 06:00:00,0.0,0.0,0.0
2018-01-09 07:00:00,0.11,28.643433,0.6430555555555556
2018-01-09 08:00:00,0.04,200.66975,1.0
2018-01-09 09:00:00,0.24,397.51593,1.0
2018-01-09 10:00:00,0.0,531.55774,1.0
2018-01-09 11:00:00,0.01,598.8588,1.0
2018-01-09 12:00:00,0.47,550.37604,1.0
2018-01-09 13:00:00,0.0,531.9978,1.0
2018-01-09 14:00:00,0.07,384.98883,1.0
2018-01-09 15:00:00,0.35,194.20624,1.0
2018-01-09 16:00:00,0.21,46.71995,0.9002777777777777
2018-01-09 17:00:00,0.03,0.0,0.0
2018-01-09 18:00:00,0.0,0.0,0.0
2018-01-09 19:00:00,0.0,0.0,0.0
2018-01-09 20:00:00,0.0,0.0,0.0
2018-01-09 21:00:00,0.01,0.0,0.0
2018-01-09 22:00:00,0.0,0.0,0.0
2018-01-09 23:00:00,0.21,0.0,0.0
2018-01-10 00:00:00,0.0,0.0,0.0
2018-01-10 01:00:00,0.51,0.0,0.0
2018-01-10 02:00:00,0.4,0.0,0.0
2018-01-10 03:00:00,0.8,0.0,0.0
2018-01-10 04:00:00,0.99,0.0,0.0
2018-01-10 05:00:00,1.0,0.0,0.0
2018-01-10 06:00:00,0.92,0.0,0.0
2018-01-10 07:00:00,0.91,12.876257,0.6463888888888889
2018-01-10 08:00:00,0.96,98.98275,1.0
2018-01-10 09:00:00,0.98,258.16803,1.0
2018-01-10 10:00:00,0.94,472.0817,1.0
2018-01-10 11:00:00,0.92,518.1407,1.0
2018-01-10 12:00:00,0.99,559.38873,1.0
2018-01-10 13:00:00,0.97,433.74042,1.0
2018-01-10 14:00:00,0.97,190.11354,1.0
2018-01-10 15:00:00,0.99,73.4578,1.0
2018-01-10 16:00:00,1.0,10.569622,0.9172222222222223
2018-01-10 17:00:00,1.0,0.0,0.0
2018-01-10 18:00:00,1.0,0.0,0.0
2018-01-10 19:00:00,1.0,0.0,0.0
2018-01-10 20:00:00,1.0,0.0,0.0
2018-01-10 21:00:00,1.0,0.0,0.0
2018-01-10 22:00:00,1.0,0.0,0.0
2018-01-10 23:00:00,0.73,0.0,0.0
2018-01-11 00:00:00,0.43,0.0,0.0
2018-01-11 01:00:00,0.3,0.0,0.0
2018-01-11 02:00:00,0.51,0.0,0.0
2018-01-11 03:00:00,0.2,0.0,0.0
2018-01-11 04:00:00,0.39,0.0,0.0
2018-01-11 05:00:00,0.49,0.0,0.0
2018-01-11 06:00:00,0.66,0.0,0.0
2018-01-11 07:00:00,0.81,21.539454,0.6505555555555556
2018-01-11 08:00:00,0.69,137.19856,1.0
2018-01-11 09:00:00,0.59,328.32745,1.0
2018-01-11 10:00:00,0.39,457.84937,1.0
2018-01-11 11:00:00,0.22,554.0718,1.0
2018-01-11 12:00:00,0.12,598.4329,1.0
2018-01-11 13:00:00,0.01,560.58453,1.0
2018-01-11 14:00:00,0.0,428.90692,1.0
2018-01-11 15:00:00,0.01,247.39867,1.0
2018-01-11 16:00:00,0.01,60.32348,0.9347222222222222
2018-01-11 17:00:00,0.24,0.0,0.0
2018-01-11 18:00:00,0.02,0.0,0.0
2018-01-11 19:00:00,0.02,0.0,0.0
2018-01-11 20:00:00,0.09,0.0,0.0
2018-01-11 21:00:00,0.56,0.0,0.0
2018-01-11 22:00:00,0.25,0.0,0.0
2018-01-11 23:00:00,0.42,0.0,0.0
2018-01-12 00:00:00,0.21,0.0,0.0
2018-01-12 01:00:00,0.45,0.0,0.0
2018-01-12 02:00:00,0.0,0.0,0.0
2018-01-12 03:00:00,0.0,0.0,0.0
2018-01-12 04:00:00,0.01,0.0,0.0
2018-01-12 05:00:00,0.0,0.0,0.0
2018-01-12 06:00:00,0.05,0.0,0.0
2018-01-12 07:00:00,0.03,32.099327,0.655
2018-01-12 08:00:00,0.52,200.51132,1.0
2018-01-12 09:00:00,0.42,353.42328,1.0
2018-01-12 10:00:00,0.85,482.4283,1.0
2018-01-12 11:00:00,0.79,515.2185,1.0
2018-01-12 12:00:00,0.83,527.7331,1.0
2018-01-12 13:00:00,0.62,501.21628,1.0
2018-01-12 14:00:00,0.11,414.27582,1.0
2018-01-12 15:00:00,0.15,232.69324,1.0
2018-01-12 16:00:00,0.22,51.93283,0.9522222222222222
2018-01-12 17:00:00,0.11,0.0,0.0
2018-01-12 18:00:00,0.62,0.0,0.0
2018-01-12 19:00:00,0.93,0.0,0.0
2018-01-12 20:00:00,0.7,0.0,0.0
2018-01-12 21:00:00,0.77,0.0,0.0
2018-01-12 22:00:00,0.78,0.0,0.0
2018-01-12 23:00:00,0.18,0.0,0.0
2018-01-13 00:00:00,0.52,0.0,0.0
2018-01-13 01:00:00,0.58,0.0,0.0
2018-01-13 02:00:00,0.5,0.0,0.0
2018-01-13 03:00:00,0.39,0.0,0.0
2018-01-13 04:00:00,0.26,0.0,0.0
2018-01-13 05:00:00,0.32,0.0,0.0
2018-01-13 06:00:00,0.11,0.0,0.0
2018-01-13 07:00:00,0.33,22.304945,0.6602777777777777
2018-01-13 08:00:00,0.78,125.22114,1.0
2018-01-13 09:00:00,0.95,249.98032,1.0
2018-01-13 10:00:00,0.89,336.17032,1.0
2018-01-13 11:00:00,0.31,578.8446,1.0
2018-01-13 12:00:00,0.59,511.74368,1.0
2018-01-13 13:00:00,0.78,382.51328,1.0
2018-01-13 14:00:00,0.9,299.35483,1.0
2018-01-13 15:00:00,0.83,156.67258,1.0
2018-01-13 16:00:00,0.52,46.101086,0.9702777777777778
2018-01-13 17:00:00,0.5,0.0,0.0
2018-01-13 18:00:00,0.9,0.0,0.0
2018-01-13 19:00:00,0.65,0.0,0.0
2018-01-13 20:00:00,0.03,0.0,0.0
2018-01-13 21:00:00,0.27,0.0,0.0
2018-01-13 22:00:00,0.38,0.0,0.0
2018-01-13 23:00:00,0.44,0.0,0.0
2018-01-14 00:00:00,0.42,0.0,0.0
2018-01-14 01:00:00,0.36,0.0,0.0
2018-01-14 02:00:00,0.33,0.0,0.0
2018-01-14 03:00:00,0.29,0.0,0.0
2018-01-14 04:00:00,0.25,0.0,0.0
2018-01-14 05:00:00,0.17,0.0,0.0
2018-01-14 06:00:00,0.18,0.0,0.0
2018-01-14 07:00:00,0.12,30.718243,0.6658333333333334
2018-01-14 08:00:00,0.57,217.82608,1.0
2018-01-14 09:00:00,0.3,402.48114,1.0
2018-01-14 10:00:00,0.03,540.95374,1.0
2018-01-14 11:00:00,0.02,621.35144,1.0
2018-01-14 12:00:00,0.34,625.69385,1.0
2018-01-14 13:00:00,0.58,560.60846,1.0
2018-01-14 14:00:00,0.69,418.24103,1.0
2018-01-14 15:00:00,0.67,245.74509,1.0
2018-01-14 16:00:00,0.6,60.89561,0.9883333333333333
2018-01-14 17:00:00,0.0,0.0,0.0
2018-01-14 18:00:00,0.0,0.0,0.0
2018-01-14 19:00:00,0.42,0.0,0.0
2018-01-14 20:00:00,0.56,0.0,0.0
2018-01-14 21:00:00,0.34,0.0,0.0
2018-01-14 22:00:00,0.81,0.0,0.0
2018-01-14 23:00:00,0.89,0.0,0.0
2018-01-15 00:00:00,0.21,0.0,0.0
2018-01-15 01:00:00,0.57,0.0,0.0
2018-01-15 02:00:00,1.0,0.0,0.0
2018-01-15 03:00:00,1.0,0.0,0.0
2018-01-15 04:00:00,1.0,0.0,0.0
2018-01-15 05:00:00,1.0,0.0,0.0
2018-01-15 06:00:00,1.0,0.0,0.0
2018-01-15 07:00:00,1.0,3.9756923,0.6722222222222223
2018-01-15 08:00:00,1.0,54.94634,1.0
2018-01-15 09:00:00,1.0,94.818375,1.0
2018-01-15 10:00:00,1.0,128.49129,1.0
2018-01-15 11:00:00,1.0,170.1622,1.0
2018-01-15 12:00:00,1.0,205.09807,1.0
2018-01-15 13:00:00,0.98,286.68967,1.0
2018-01-15 14:00:00,1.0,218.53354,1.0
2018-01-15 15:00:00,0.98,119.28477,1.0
2018-01-15 16:00:00,0.93,41.960728,1.0
2018-01-15 17:00:00,0.39,0.0,0.006944444444444444
2018-01-15 18:00:00,0.99,0.0,0.0
2018-01-15 19:00:00,1.0,0.0,0.0
2018-01-15 20:00:00,0.4,0.0,0.0
2018-01-15 21:00:00,0.33,0.0,0.0
2018-01-15 22:00:00,0.21,0.0,0.0
2018-01-15 23:00:00,0.13,0.0,0.0
2018-01-16 00:00:00,0.07,0.0,0.0
2018-01-16 01:00:00,0.03,0.0,0.0
2018-01-16 02:00:00,0.01,0.0,0.0
2018-01-16 03:00:00,0.0,0.0,0.0
2018-01-16 04:00:00,0.0,0.0,0.0
2018-01-16 05:00:00,0.0,0.0,0.0
2018-01-16 06:00:00,0.0,0.0,0.0
2018-01-16 07:00:00,0.0,40.659073,0.6788888888888889
2018-01-16 08:00:00,0.17,247.70657,1.0
2018-01-16 09:00:00,0.0,444.88617,1.0
2018-01-16 10:00:00,0.0,588.3616,1.0
2018-01-16 11:00:00,0.0,664.8635,1.0
2018-01-16 12:00:00,0.0,667.41125,1.0
2018-01-16 13:00:00,0.0,597.49384,1.0
2018-01-16 14:00:00,0.0,461.2395,1.0
2018-01-16 15:00:00,0.0,276.73245,1.0
2018-01-16 16:00:00,0.0,77.49944,1.0
2018-01-16 17:00:00,0.0,0.0,0.025555555555555557
2018-01-16 18:00:00,0.0,0.0,0.0
2018-01-16 19:00:00,0.0,0.0,0.0
2018-01-16 20:00:00,0.0,0.0,0.0
2018-01-16 21:00:00,0.0,0.0,0.0
2018-01-16 22:00:00,0.0,0.0,0.0
2018-01-16 23:00:00,0.0,0.0,0.0
2018-01-17 00:00:00,0.0,0.0,0.0
2018-01-17 01:00:00,0.0,0.0,0.0
2018-01-17 02:00:00,0.0,0.0,0.0
2018-01-17 03:00:00,0.0,0.0,0.0
2018-01-17 04:00:00,0.0,0.0,0.0
2018-01-17 05:00:00,0.0,0.0,0.0
2018-01-17 06:00:00,0.0,0.0,0.0
2018-01-17 07:00:00,0.0,42.12077,0.6863888888888889
2018-01-17 08:00:00,0.0,248.3819,1.0
2018-01-17 09:00:00,0.0,442.8373,1.0
2018-01-17 10:00:00,0.0,584.95984,1.0
2018-01-17 11:00:00,0.0,658.59955,1.0
2018-01-17 12:00:00,0.0,661.5382,1.0
2018-01-17 13:00:00,0.0,591.937,1.0
2018-01-17 14:00:00,0.0,457.95648,1.0
2018-01-17 15:00:00,0.0,274.75275,1.0
2018-01-17 16:00:00,0.0,78.45811,1.0
2018-01-17 17:00:00,0.0,0.0,0.04416666666666667
2018-01-17 18:00:00,0.0,0.0,0.0
2018-01-17 19:00:00,0.0,0.0,0.0
2018-01-17 20:00:00,0.0,0.0,0.0
2018-01-17 21:00:00,0.0,0.0,0.0
2018-01-17 22:00:00,0.0,0.0,0.0
2018-01-17 23:00:00,0.0,0.0,0.0
2018-01-18 00:00:00,0.01,0.0,0.0
2018-01-18 01:00:00,0.0,0.0,0.0
2018-01-18 02:00:00,0.0,0.0,0.0
2018-01-18 03:00:00,0.0,0.0,0.0
2018-01-18 04:00:00,0.0,0.0,0.0
2018-01-18 05:00:00,0.0,0.0,0.0
2018-01-18 06:00:00,0.0,0.0,0.0
2018-01-18 07:00:00,0.0,41.773365,0.6941666666666667
2018-01-18 08:00:00,0.42,236.48273,1.0
2018-01-18 09:00:00,0.35,432.63123,1.0
2018-01-18 10:00:00,0.06,568.70294,1.0
2018-01-18 11:00:00,0.19,638.41876,1.0
2018-01-18 12:00:00,0.05,628.93195,1.0
2018-01-18 13:00:00,0.75,544.0097,1.0
2018-01-18 14:00:00,0.92,392.1481,1.0
2018-01-18 15:00:00,0.0,269.53412,1.0
2018-01-18 16:00:00,0.03,78.88895,1.0
2018-01-18 17:00:00,0.5,0.0,0.06305555555555556
2018-01-18 18:00:00,0.39,0.0,0.0
2018-01-18 19:00:00,0.81,0.0,0.0
2018-01-18 20:00:00,0.9,0.0,0.0
2018-01-18 21:00:00,0.85,0.0,0.0
2018-01-18 22:00:00,0.9,0.0,0.0
2018-01-18 23:00:00,0.9,0.0,0.0
2018-01-19 00:00:00,0.91,0.0,0.0
2018-01-19 01:00:00,0.95,0.0,0.0
2018-01-19 02:00:00,1.0,0.0,0.0
2018-01-19 03:00:00,1.0,0.0,0.0
2018-01-19 04:00:00,1.0,0.0,0.0
2018-01-19 05:00:00,1.0,0.0,0.0
2018-01-19 06:00:00,1.0,0.0,0.0
2018-01-19 07:00:00,1.0,17.339087,0.7025
2018-01-19 08:00:00,1.0,121.07292,1.0
2018-01-19 09:00:00,1.0,250.33289,1.0
2018-01-19 10:00:00,1.0,308.85474,1.0
2018-01-19 11:00:00,1.0,411.46576,1.0
2018-01-19 12:00:00,1.0,470.0754,1.0
2018-01-19 13:00:00,1.0,434.79196,1.0
2018-01-19 14:00:00,0.99,336.38,1.0
2018-01-19 15:00:00,1.0,231.66684,1.0
2018-01-19 16:00:00,0.83,67.96247,1.0
2018-01-19 17:00:00,0.99,0.0,0.08194444444444444
2018-01-19 18:00:00,0.9,0.0,0.0
2018-01-19 19:00:00,0.9,0.0,0.0
2018-01-19 20:00:00,0.65,0.0,0.0
2018-01-19 21:00:00,0.57,0.0,0.0
2018-01-19 22:00:00,0.61,0.0,0.0
2018-01-19 23:00:00,0.5,0.0,0.0
2018-01-20 00:00:00,0.39,0.0,0.0
2018-01-20 01:00:00,0.53,0.0,0.0
2018-01-20 02:00:00,0.68,0.0,0.0
2018-01-20 03:00:00,0.82,0.0,0.0
2018-01-20 04:00:00,0.48,0.0,0.0
2018-01-20 05:00:00,0.23,0.0,0.0
2018-01-20 06:00:00,0.0,0.0,0.0
2018-01-20 07:00:00,0.0,42.047226,0.7116666666666667
2018-01-20 08:00:00,0.01,238.18597,1.0
2018-01-20 09:00:00,0.0,425.13757,1.0
2018-01-20 10:00:00,0.07,562.5147,1.0
2018-01-20 11:00:00,0.26,635.9103,1.0
2018-01-20 12:00:00,0.25,641.80054,1.0
2018-01-20 13:00:00,0.17,578.6977,1.0
2018-01-20 14:00:00,0.13,433.16406,1.0
2018-01-20 15:00:00,0.14,265.74344,1.0
2018-01-20 16:00:00,0.18,79.81799,1.0
2018-01-20 17:00:00,0.36,0.0,0.10111111111111111
2018-01-20 18:00:00,0.7,0.0,0.0
2018-01-20 19:00:00,0.91,0.0,0.0
2018-01-20 20:00:00,0.96,0.0,0.0
2018-01-20 21:00:00,0.99,0.0,0.0
2018-01-20 22:00:00,0.99,0.0,0.0
2018-01-20 23:00:00,0.97,0.0,0.0
2018-01-21 00:00:00,0.99,0.0,0.0
2018-01-21 01:00:00,1.0,0.0,0.0
2018-01-21 02:00:00,0.92,0.0,0.0
2018-01-21 03:00:00,0.97,0.0,0.0
2018-01-21 04:00:00,1.0,0.0,0.0
2018-01-21 05:00:00,1.0,0.0,0.0
2018-01-21 06:00:00,1.0,0.0,0.0
2018-01-21 07:00:00,1.0,5.963538,0.7211111111111111
2018-01-21 08:00:00,1.0,41.74477,1.0
2018-01-21 09:00:00,1.0,87.46523,1.0
2018-01-21 10:00:00,1.0,151.46066,1.0
2018-01-21 11:00:00,1.0,175.9244,1.0
2018-01-21 12:00:00,1.0,183.15477,1.0
2018-01-21 13:00:00,1.0,183.87576,1.0
2018-01-21 14:00:00,1.0,160.02162,1.0
2018-01-21 15:00:00,1.0,116.58626,1.0
2018-01-21 16:00:00,1.0,41.214615,1.0
2018-01-21 17:00:00,1.0,0.0,0.12
2018-01-21 18:00:00,1.0,0.0,0.0
2018-01-21 19:00:00,1.0,0.0,0.0
2018-01-21 20:00:00,1.0,0.0,0.0
2018-01-21 21:00:00,1.0,0.0,0.0
2018-01-21 22:00:00,0.98,0.0,0.0
2018-01-21 23:00:00,0.99,0.0,0.0
2018-01-22 00:00:00,0.95,0.0,0.0
2018-01-22 01:00:00,0.82,0.0,0.0
2018-01-22 02:00:00,0.71,0.0,0.0
2018-01-22 03:00:00,0.65,0.0,0.0
2018-01-22 04:00:00,0.21,0.0,0.0
2018-01-22 05:00:00,0.02,0.0,0.0
2018-01-22 06:00:00,0.06,0.0,0.0
2018-01-22 07:00:00,0.04,48.515377,0.7311111111111112
2018-01-22 08:00:00,0.02,263.95825,1.0
2018-01-22 09:00:00,0.0,472.61096,1.0
2018-01-22 10:00:00,0.01,619.5478,1.0
2018-01-22 11:00:00,0.01,703.0016,1.0
2018-01-22 12:00:00,0.0,709.2774,1.0
2018-01-22 13:00:00,0.0,641.0295,1.0
2018-01-22 14:00:00,0.0,503.58832,1.0
2018-01-22 15:00:00,0.0,311.44272,1.0
2018-01-22 16:00:00,0.0,101.020256,1.0
2018-01-22 17:00:00,0.0,0.0,0.1388888888888889
2018-01-22 18:00:00,1.0,0.0,0.0
2018-01-22 19:00:00,1.0,0.0,0.0
2018-01-22 20:00:00,0.99,0.0,0.0
2018-01-22 21:00:00,1.0,0.0,0.0
2018-01-22 22:00:00,0.99,0.0,0.0
2018-01-22 23:00:00,0.87,0.0,0.0
2018-01-23 00:00:00,0.17,0.0,0.0
2018-01-23 01:00:00,0.26,0.0,0.0
2018-01-23 02:00:00,0.14,0.0,0.0
2018-01-23 03:00:00,0.24,0.0,0.0
2018-01-23 04:00:00,0.02,0.0,0.0
2018-01-23 05:00:00,0.01,0.0,0.0
2018-01-23 06:00:00,0.01,0.0,0.0
2018-01-23 07:00:00,0.0,48.072346,0.7416666666666667
2018-01-23 08:00:00,0.02,260.0727,1.0
2018-01-23 09:00:00,0.01,468.23282,1.0
2018-01-23 10:00:00,0.14,580.6812,1.0
2018-01-23 11:00:00,0.08,664.5219,1.0
2018-01-23 12:00:00,0.07,671.52625,1.0
2018-01-23 13:00:00,0.05,606.57227,1.0
2018-01-23 14:00:00,0.03,488.18396,1.0
2018-01-23 15:00:00,0.0,306.5469,1.0
2018-01-23 16:00:00,0.0,101.34037,1.0
2018-01-23 17:00:00,0.0,0.0,0.15777777777777777
2018-01-23 18:00:00,0.0,0.0,0.0
2018-01-23 19:00:00,0.0,0.0,0.0
2018-01-23 20:00:00,0.0,0.0,0.0
2018-01-23 21:00:00,0.08,0.0,0.0
2018-01-23 22:00:00,0.05,0.0,0.0
2018-01-23 23:00:00,0.0,0.0,0.0
2018-01-24 00:00:00,0.0,0.0,0.0
2018-01-24 01:00:00,0.0,0.0,0.0
2018-01-24 02:00:00,0.0,0.0,0.0
2018-01-24 03:00:00,0.0,0.0,0.0
2018-01-24 04:00:00,0.0,0.0,0.0
2018-01-24 05:00:00,1.0,0.0,0.0
2018-01-24 06:00:00,1.0,0.0,0.0
2018-01-24 07:00:00,0.99,37.857075,0.7527777777777778
2018-01-24 08:00:00,0.92,231.76636,1.0
2018-01-24 09:00:00,0.97,336.0149,1.0
2018-01-24 10:00:00,1.0,367.02383,1.0
2018-01-24 11:00:00,1.0,405.88965,1.0
2018-01-24 12:00:00,1.0,456.4525,1.0
2018-01-24 13:00:00,1.0,353.7372,1.0
2018-01-24 14:00:00,1.0,316.9832,1.0
2018-01-24 15:00:00,1.0,184.90782,1.0
2018-01-24 16:00:00,1.0,73.06966,1.0
2018-01-24 17:00:00,1.0,0.0,0.17666666666666667
2018-01-24 18:00:00,1.0,0.0,0.0
2018-01-24 19:00:00,1.0,0.0,0.0
2018-01-24 20:00:00,1.0,0.0,0.0
2018-01-24 21:00:00,1.0,0.0,0.0
2018-01-24 22:00:00,1.0,0.0,0.0
2018-01-24 23:00:00,1.0,0.0,0.0
2018-01-25 00:00:00,1.0,0.0,0.0
2018-01-25 01:00:00,0.99,0.0,0.0
2018-01-25 02:00:00,1.0,0.0,0.0
2018-01-25 03:00:00,0.83,0.0,0.0
2018-01-25 04:00:00,0.86,0.0,0.0
2018-01-25 05:00:00,0.01,0.0,0.0
2018-01-25 06:00:00,0.52,0.0,0.0
2018-01-25 07:00:00,1.0,24.912954,0.7647222222222222
2018-01-25 08:00:00,0.99,172.06274,1.0
2018-01-25 09:00:00,1.0,367.9364,1.0
2018-01-25 10:00:00,1.0,462.27438,1.0
2018-01-25 11:00:00,1.0,545.0509,1.0
2018-01-25 12:00:00,1.0,496.1145,1.0
2018-01-25 13:00:00,1.0,464.79993,1.0
2018-01-25 14:00:00,0.83,399.49432,1.0
2018-01-25 15:00:00,0.79,300.90366,1.0
2018-01-25 16:00:00,0.64,101.766975,1.0
2018-01-25 17:00:00,0.0,0.0,0.19583333333333333
2018-01-25 18:00:00,0.0,0.0,0.0
2018-01-25 19:00:00,0.0,0.0,0.0
2018-01-25 20:00:00,0.0,0.0,0.0
2018-01-25 21:00:00,0.0,0.0,0.0
2018-01-25 22:00:00,0.0,0.0,0.0
2018-01-25 23:00:00,0.0,0.0,0.0
2018-01-26 00:00:00,0.0,0.0,0.0
2018-01-26 01:00:00,0.0,0.0,0.0
2018-01-26 02:00:00,0.0,0.0,0.0
2018-01-26 03:00:00,0.0,0.0,0.0
2018-01-26 04:00:00,0.26,0.0,0.0
2018-01-26 05:00:00,0.74,0.0,0.0
2018-01-26 06:00:00,0.0,0.0,0.0
2018-01-26 07:00:00,0.17,48.694904,0.7772222222222223
2018-01-26 08:00:00,0.26,243.69571,1.0
2018-01-26 09:00:00,0.37,366.82928,1.0
2018-01-26 10:00:00,0.92,465.88742,1.0
2018-01-26 11:00:00,0.86,454.696,1.0
2018-01-26 12:00:00,0.01,706.5994,1.0
2018-01-26 13:00:00,0.0,638.2787,1.0
2018-01-26 14:00:00,0.86,487.39017,1.0
2018-01-26 15:00:00,0.76,306.1768,1.0
2018-01-26 16:00:00,0.03,113.46927,1.0
2018-01-26 17:00:00,0.0,0.0,0.2152777777777778
2018-01-26 18:00:00,0.0,0.0,0.0
2018-01-26 19:00:00,0.0,0.0,0.0
2018-01-26 20:00:00,0.0,0.0,0.0
2018-01-26 21:00:00,0.0,0.0,0.0
2018-01-26 22:00:00,0.0,0.0,0.0
2018-01-26 23:00:00,0.0,0.0,0.0
2018-01-27 00:00:00,0.57,0.0,0.0
2018-01-27 01:00:00,0.45,0.0,0.0
2018-01-27 02:00:00,0.18,0.0,0.0
2018-01-27 03:00:00,0.0,0.0,0.0
2018-01-27 04:00:00,0.0,0.0,0.0
2018-01-27 05:00:00,0.39,0.0,0.0
2018-01-27 06:00:00,1.0,0.0,0.0
2018-01-27 07:00:00,0.94,42.40115,0.7902777777777777
2018-01-27 08:00:00,0.78,258.7567,1.0
2018-01-27 09:00:00,0.88,423.52756,1.0
2018-01-27 10:00:00,1.0,512.63855,1.0
2018-01-27 11:00:00,1.0,541.9661,1.0
2018-01-27 12:00:00,1.0,591.6668,1.0
2018-01-27 13:00:00,1.0,575.7991,1.0
2018-01-27 14:00:00,1.0,457.95392,1.0
2018-01-27 15:00:00,0.58,288.71915,1.0
2018-01-27 16:00:00,0.42,105.82854,1.0
2018-01-27 17:00:00,0.03,0.0,0.23472222222222222
2018-01-27 18:00:00,0.67,0.0,0.0
2018-01-27 19:00:00,0.67,0.0,0.0
2018-01-27 20:00:00,0.91,0.0,0.0
2018-01-27 21:00:00,0.82,0.0,0.0
2018-01-27 22:00:00,0.12,0.0,0.0
2018-01-27 23:00:00,0.06,0.0,0.0
2018-01-28 00:00:00,0.08,0.0,0.0
2018-01-28 01:00:00,0.04,0.0,0.0
2018-01-28 02:00:00,0.55,0.0,0.0
2018-01-28 03:00:00,0.33,0.0,0.0
2018-01-28 04:00:00,0.39,0.0,0.0
2018-01-28 05:00:00,0.3,0.0,0.0
2018-01-28 06:00:00,0.11,0.0,0.0
2018-01-28 07:00:00,0.95,43.921116,0.8038888888888889
2018-01-28 08:00:00,0.86,201.5117,1.0
2018-01-28 09:00:00,0.35,365.2345,1.0
2018-01-28 10:00:00,0.69,480.0758,1.0
2018-01-28 11:00:00,0.7,558.34564,1.0
2018-01-28 12:00:00,0.89,553.4413,1.0
2018-01-28 13:00:00,0.94,519.1236,1.0
2018-01-28 14:00:00,0.85,437.76413,1.0
2018-01-28 15:00:00,0.66,255.61116,1.0
2018-01-28 16:00:00,0.51,93.61876,1.0
2018-01-28 17:00:00,0.97,0.0,0.2544444444444444
2018-01-28 18:00:00,0.25,0.0,0.0
2018-01-28 19:00:00,0.21,0.0,0.0
2018-01-28 20:00:00,0.62,0.0,0.0
2018-01-28 21:00:00,0.21,0.0,0.0
2018-01-28 22:00:00,0.11,0.0,0.0
2018-01-28 23:00:00,0.06,0.0,0.0
2018-01-29 00:00:00,0.09,0.0,0.0
2018-01-29 01:00:00,0.09,0.0,0.0
2018-01-29 02:00:00,0.2,0.0,0.0
2018-01-29 03:00:00,0.52,0.0,0.0
2018-01-29 04:00:00,0.39,0.0,0.0
2018-01-29 05:00:00,0.21,0.0,0.0
2018-01-29 06:00:00,0.84,0.0,0.0
2018-01-29 07:00:00,0.41,54.448284,0.8180555555555555
2018-01-29 08:00:00,0.01,260.94275,1.0
2018-01-29 09:00:00,0.75,457.28885,1.0
2018-01-29 10:00:00,0.81,592.96533,1.0
2018-01-29 11:00:00,1.0,650.811,1.0
2018-01-29 12:00:00,0.63,688.845,1.0
2018-01-29 13:00:00,0.0,619.9696,1.0
2018-01-29 14:00:00,0.99,486.21454,1.0
2018-01-29 15:00:00,0.51,280.8093,1.0
2018-01-29 16:00:00,1.0,67.9135,1.0
2018-01-29 17:00:00,1.0,1.9878461,0.27416666666666667
2018-01-29 18:00:00,1.0,0.0,0.0
2018-01-29 19:00:00,1.0,0.0,0.0
2018-01-29 20:00:00,0.99,0.0,0.0
2018-01-29 21:00:00,1.0,0.0,0.0
2018-01-29 22:00:00,1.0,0.0,0.0
2018-01-29 23:00:00,1.0,0.0,0.0
2018-01-30 00:00:00,1.0,0.0,0.0
2018-01-30 01:00:00,1.0,0.0,0.0
2018-01-30 02:00:00,1.0,0.0,0.0
2018-01-30 03:00:00,1.0,0.0,0.0
2018-01-30 04:00:00,1.0,0.0,0.0
2018-01-30 05:00:00,1.0,0.0,0.0
2018-01-30 06:00:00,1.0,0.0,0.0
2018-01-30 07:00:00,1.0,19.878462,0.8327777777777777
2018-01-30 08:00:00,1.0,120.34245,1.0
2018-01-30 09:00:00,1.0,197.3453,1.0
2018-01-30 10:00:00,1.0,269.16986,1.0
2018-01-30 11:00:00,1.0,378.74747,1.0
2018-01-30 12:00:00,1.0,400.46973,1.0
2018-01-30 13:00:00,1.0,523.5143,1.0
2018-01-30 14:00:00,1.0,435.25784,1.0
2018-01-30 15:00:00,1.0,283.73077,1.0
2018-01-30 16:00:00,1.0,106.24563,1.0
2018-01-30 17:00:00,1.0,1.9878461,0.2941666666666667
2018-01-30 18:00:00,1.0,0.0,0.0
2018-01-30 19:00:00,1.0,0.0,0.0
2018-01-30 20:00:00,1.0,0.0,0.0
2018-01-30 21:00:00,0.98,0.0,0.0
2018-01-30 22:00:00,0.92,0.0,0.0
2018-01-30 23:00:00,0.82,0.0,0.0
2018-01-31 00:00:00,0.85,0.0,0.0
2018-01-31 01:00:00,1.0,0.0,0.0
2018-01-31 02:00:00,1.0,0.0,0.0
2018-01-31 03:00:00,1.0,0.0,0.0
2018-01-31 04:00:00,0.96,0.0,0.0
2018-01-31 05:00:00,0.49,0.0,0.0
2018-01-31 06:00:00,0.44,0.0,0.0
2018-01-31 07:00:00,0.6,57.626514,0.8477777777777777
2018-01-31 08:00:00,0.27,269.52332,1.0
2018-01-31 09:00:00,0.48,466.543,1.0
2018-01-31 10:00:00,0.3,631.1871,1.0
2018-01-31 11:00:00,0.37,705.8664,1.0
2018-01-31 12:00:00,0.55,680.7742,1.0
2018-01-31 13:00:00,0.68,578.4064,1.0
2018-01-31 14:00:00,0.79,447.1368,1.0
2018-01-31 15:00:00,0.72,263.8781,1.0
2018-01-31 16:00:00,0.97,84.750534,1.0
2018-01-31 17:00:00,0.9,3.694076,0.31416666666666665
2018-01-31 18:00:00,0.46,0.0,0.0
2018-01-31 19:00:00,0.42,0.0,0.0
2018-01-31 20:00:00,0.95,0.0,0.0
2018-01-31 21:00:00,0.99,0.0,0.0
2018-01-31 22:00:00,1.0,0.0,0.0
2018-01-31 23:00:00,1.0,0.0,0.0
2018-02-01 00:00:00,0.98,0.0,0.0
2018-02-01 01:00:00,1.0,0.0,0.0
2018-02-01 02:00:00,1.0,0.0,0.0
2018-02-01 03:00:00,0.98,0.0,0.0
2018-02-01 04:00:00,0.99,0.0,0.0
2018-02-01 05:00:00,0.99,0.0,0.0
2018-02-01 06:00:00,0.99,0.0,0.0
2018-02-01 07:00:00,0.99,14.509653,0.8636111111111111
2018-02-01 08:00:00,0.99,71.47566,1.0
2018-02-01 09:00:00,0.99,163.78935,1.0
2018-02-01 10:00:00,0.97,271.6193,1.0
2018-02-01 11:00:00,0.94,475.43225,1.0
2018-02-01 12:00:00,0.86,508.16965,1.0
2018-02-01 13:00:00,0.65,480.72665,1.0
2018-02-01 14:00:00,0.72,353.76947,1.0
2018-02-01 15:00:00,0.8,269.32062,1.0
2018-02-01 16:00:00,0.77,86.30355,1.0
2018-02-01 17:00:00,0.49,1.9878461,0.33416666666666667
2018-02-01 18:00:00,0.68,0.0,0.0
2018-02-01 19:00:00,0.51,0.0,0.0
2018-02-01 20:00:00,0.51,0.0,0.0
2018-02-01 21:00:00,0.5,0.0,0.0
2018-02-01 22:00:00,0.99,0.0,0.0
2018-02-01 23:00:00,0.62,0.0,0.0
2018-02-02 00:00:00,0.61,0.0,0.0
2018-02-02 01:00:00,0.69,0.0,0.0
2018-02-02 02:00:00,0.74,0.0,0.0
2018-02-02 03:00:00,0.74,0.0,0.0
2018-02-02 04:00:00,0.79,0.0,0.0
2018-02-02 05:00:00,0.8,0.0,0.0
2018-02-02 06:00:00,0.79,0.0,0.0
2018-02-02 07:00:00,0.46,41.67757,0.8797222222222222
2018-02-02 08:00:00,0.82,215.09778,1.0
2018-02-02 09:00:00,0.89,358.53458,1.0
2018-02-02 10:00:00,0.8,540.0325,1.0
2018-02-02 11:00:00,0.75,621.7623,1.0
2018-02-02 12:00:00,0.39,619.21533,1.0
2018-02-02 13:00:00,0.34,600.44763,1.0
2018-02-02 14:00:00,1.0,405.9759,1.0
2018-02-02 15:00:00,1.0,222.44502,1.0
2018-02-02 16:00:00,0.98,67.96524,1.0
2018-02-02 17:00:00,0.94,2.981769,0.35444444444444445
2018-02-02 18:00:00,0.89,0.0,0.0
2018-02-02 19:00:00,1.0,0.0,0.0
2018-02-02 20:00:00,0.86,0.0,0.0
2018-02-02 21:00:00,0.43,0.0,0.0
2018-02-02 22:00:00,0.19,0.0,0.0
2018-02-02 23:00:00,0.1,0.0,0.0
2018-02-03 00:00:00,0.34,0.0,0.0
2018-02-03 01:00:00,0.34,0.0,0.0
2018-02-03 02:00:00,0.33,0.0,0.0
2018-02-03 03:00:00,0.61,0.0,0.0
2018-02-03 04:00:00,0.04,0.0,0.0
2018-02-03 05:00:00,0.0,0.0,0.0
2018-02-03 06:00:00,0.07,0.0,0.0
2018-02-03 07:00:00,0.03,58.859913,0.8963888888888889
2018-02-03 08:00:00,0.86,173.90215,1.0
2018-02-03 09:00:00,0.12,453.1075,1.0
2018-02-03 10:00:00,0.26,542.5214,1.0
2018-02-03 11:00:00,0.27,654.1839,1.0
2018-02-03 12:00:00,0.21,636.4536,1.0
2018-02-03 13:00:00,0.39,630.71497,1.0
2018-02-03 14:00:00,0.33,494.42218,1.0
2018-02-03 15:00:00,0.29,277.21484,1.0
2018-02-03 16:00:00,0.4,100.23475,1.0
2018-02-03 17:00:00,0.22,2.981769,0.37444444444444447
2018-02-03 18:00:00,0.63,0.0,0.0
2018-02-03 19:00:00,0.79,0.0,0.0
2018-02-03 20:00:00,0.63,0.0,0.0
2018-02-03 21:00:00,0.83,0.0,0.0
2018-02-03 22:00:00,0.58,0.0,0.0
2018-02-03 23:00:00,0.63,0.0,0.0
2018-02-04 00:00:00,0.79,0.0,0.0
2018-02-04 01:00:00,0.62,0.0,0.0
2018-02-04 02:00:00,0.56,0.0,0.0
2018-02-04 03:00:00,0.65,0.0,0.0
2018-02-04 04:00:00,0.56,0.0,0.0
2018-02-04 05:00:00,0.42,0.0,0.0
2018-02-04 06:00:00,1.0,0.0,0.0
2018-02-04 07:00:00,1.0,18.495226,0.9133333333333333
2018-02-04 08:00:00,1.0,89.3358,1.0
2018-02-04 09:00:00,1.0,290.83316,1.0
2018-02-04 10:00:00,1.0,465.30103,1.0
2018-02-04 11:00:00,0.98,605.31903,1.0
2018-02-04 12:00:00,0.17,708.19977,1.0
2018-02-04 13:00:00,0.0,648.2018,1.0
2018-02-04 14:00:00,0.26,482.30948,1.0
2018-02-04 15:00:00,0.39,333.53012,1.0
2018-02-04 16:00:00,0.66,133.54698,1.0
2018-02-04 17:00:00,0.95,5.4902186,0.39444444444444443
2018-02-04 18:00:00,0.62,0.0,0.0
2018-02-04 19:00:00,0.64,0.0,0.0
2018-02-04 20:00:00,0.6,0.0,0.0
2018-02-04 21:00:00,0.84,0.0,0.0
2018-02-04 22:00:00,0.93,0.0,0.0
2018-02-04 23:00:00,0.98,0.0,0.0
2018-02-05 00:00:00,1.0,0.0,0.0
2018-02-05 01:00:00,0.89,0.0,0.0
2018-02-05 02:00:00,0.82,0.0,0.0
2018-02-05 03:00:00,0.9,0.0,0.0
2018-02-05 04:00:00,0.78,0.0,0.0
2018-02-05 05:00:00,0.07,0.0,0.0
2018-02-05 06:00:00,0.0,0.0,0.0
2018-02-05 07:00:00,0.03,65.206116,0.9305555555555556
2018-02-05 08:00:00,0.07,256.61017,1.0
2018-02-05 09:00:00,0.24,442.7156,1.0
2018-02-05 10:00:00,0.38,606.5542,1.0
2018-02-05 11:00:00,0.21,708.2203,1.0
2018-02-05 12:00:00,0.11,708.6239,1.0
2018-02-05 13:00:00,0.04,637.4051,1.0
2018-02-05 14:00:00,0.08,523.5654,1.0
2018-02-05 15:00:00,0.03,335.65402,1.0
2018-02-05 16:00:00,0.09,127.66255,1.0
2018-02-05 17:00:00,0.36,2.981769,0.4147222222222222
2018-02-05 18:00:00,0.77,0.0,0.0
2018-02-05 19:00:00,0.83,0.0,0.0
2018-02-05 20:00:00,0.99,0.0,0.0
2018-02-05 21:00:00,0.98,0.0,0.0
2018-02-05 22:00:00,0.96,0.0,0.0
2018-02-05 23:00:00,0.99,0.0,0.0
2018-02-06 00:00:00,0.92,0.0,0.0
2018-02-06 01:00:00,1.0,0.0,0.0
2018-02-06 02:00:00,1.0,0.0,0.0
2018-02-06 03:00:00,0.99,0.0,0.0
2018-02-06 04:00:00,1.0,0.0,0.0
2018-02-06 05:00:00,0.96,0.0,0.0
2018-02-06 06:00:00,0.97,0.0,0.0
2018-02-06 07:00:00,0.93,30.238579,0.9483333333333334
2018-02-06 08:00:00,1.0,125.72137,1.0
2018-02-06 09:00:00,1.0,236.73068,1.0
2018-02-06 10:00:00,1.0,398.67358,1.0
2018-02-06 11:00:00,0.31,668.73425,1.0
2018-02-06 12:00:00,0.32,664.8504,1.0
2018-02-06 13:00:00,0.32,644.5072,1.0
2018-02-06 14:00:00,0.53,530.5822,1.0
2018-02-06 15:00:00,0.28,321.887,1.0
2018-02-06 16:00:00,0.1,136.3995,1.0
2018-02-06 17:00:00,0.02,6.8520947,0.43472222222222223
2018-02-06 18:00:00,0.03,0.0,0.0
2018-02-06 19:00:00,0.0,0.0,0.0
2018-02-06 20:00:00,0.01,0.0,0.0
2018-02-06 21:00:00,0.0,0.0,0.0
2018-02-06 22:00:00,0.02,0.0,0.0
2018-02-06 23:00:00,0.05,0.0,0.0
2018-02-07 00:00:00,0.06,0.0,0.0
2018-02-07 01:00:00,0.75,0.0,0.0
2018-02-07 02:00:00,0.42,0.0,0.0
2018-02-07 03:00:00,0.15,0.0,0.0
2018-02-07 04:00:00,0.33,0.0,0.0
2018-02-07 05:00:00,0.37,0.0,0.0
2018-02-07 06:00:00,0.14,0.0,0.0
2018-02-07 07:00:00,0.16,75.54238,0.9663888888888889
2018-02-07 08:00:00,0.56,290.29205,1.0
2018-02-07 09:00:00,0.29,492.5833,1.0
2018-02-07 10:00:00,0.67,623.55853,1.0
2018-02-07 11:00:00,0.78,702.79156,1.0
2018-02-07 12:00:00,0.61,703.2323,1.0
2018-02-07 13:00:00,0.32,646.27985,1.0
2018-02-07 14:00:00,0.16,523.2796,1.0
2018-02-07 15:00:00,0.61,289.15146,1.0
2018-02-07 16:00:00,0.67,121.99735,1.0
2018-02-07 17:00:00,0.43,7.7773113,0.45472222222222225
2018-02-07 18:00:00,0.18,0.0,0.0
2018-02-07 19:00:00,0.13,0.0,0.0
2018-02-07 20:00:00,0.04,0.0,0.0
2018-02-07 21:00:00,0.02,0.0,0.0
2018-02-07 22:00:00,0.65,0.0,0.0
2018-02-07 23:00:00,0.56,0.0,0.0
2018-02-08 00:00:00,0.95,0.0,0.0
2018-02-08 01:00:00,0.98,0.0,0.0
2018-02-08 02:00:00,0.82,0.0,0.0
2018-02-08 03:00:00,0.63,0.0,0.0
2018-02-08 04:00:00,0.08,0.0,0.0
2018-02-08 05:00:00,1.0,0.0,0.0
2018-02-08 06:00:00,0.51,0.0,0.0
2018-02-08 07:00:00,0.7,67.311325,0.9847222222222223
2018-02-08 08:00:00,0.98,269.16718,1.0
2018-02-08 09:00:00,1.0,470.97058,1.0
2018-02-08 10:00:00,1.0,614.73456,1.0
2018-02-08 11:00:00,0.93,716.24445,1.0
2018-02-08 12:00:00,0.95,726.4734,1.0
2018-02-08 13:00:00,0.96,661.17993,1.0
2018-02-08 14:00:00,0.9,508.01996,1.0
2018-02-08 15:00:00,1.0,286.8768,1.0
2018-02-08 16:00:00,1.0,95.062454,1.0
2018-02-08 17:00:00,0.87,8.706992,0.47444444444444445
2018-02-08 18:00:00,0.83,0.0,0.0
2018-02-08 19:00:00,0.79,0.0,0.0
2018-02-08 20:00:00,0.9,0.0,0.0
2018-02-08 21:00:00,0.81,0.0,0.0
2018-02-08 22:00:00,0.5,0.0,0.0
2018-02-08 23:00:00,0.47,0.0,0.0
2018-02-09 00:00:00,0.85,0.0,0.0
2018-02-09 01:00:00,0.9,0.0,0.0
2018-02-09 02:00:00,0.9,0.0,0.0
2018-02-09 03:00:00,0.96,0.0,0.0
2018-02-09 04:00:00,1.0,0.0,0.0
2018-02-09 05:00:00,0.96,0.0,0.0
2018-02-09 06:00:00,0.64,0.0,0.0033333333333333335
2018-02-09 07:00:00,0.86,32.17775,1.0
2018-02-09 08:00:00,1.0,163.25113,1.0
2018-02-09 09:00:00,0.71,302.3338,1.0
2018-02-09 10:00:00,0.07,556.211,1.0
2018-02-09 11:00:00,0.17,707.3591,1.0
2018-02-09 12:00:00,0.21,739.30023,1.0
2018-02-09 13:00:00,0.12,666.0442,1.0
2018-02-09 14:00:00,0.0,541.31665,1.0
2018-02-09 15:00:00,0.0,360.12064,1.0
2018-02-09 16:00:00,0.02,152.57059,1.0
2018-02-09 17:00:00,0.31,7.6528788,0.49444444444444446
2018-02-09 18:00:00,1.0,0.0,0.0
2018-02-09 19:00:00,0.95,0.0,0.0
2018-02-09 20:00:00,1.0,0.0,0.0
2018-02-09 21:00:00,1.0,0.0,0.0
2018-02-09 22:00:00,0.99,0.0,0.0
2018-02-09 23:00:00,0.88,0.0,0.0
2018-02-10 00:00:00,0.98,0.0,0.0
2018-02-10 01:00:00,1.0,0.0,0.0
2018-02-10 02:00:00,1.0,0.0,0.0
2018-02-10 03:00:00,1.0,0.0,0.0
2018-02-10 04:00:00,0.95,0.0,0.0
2018-02-10 05:00:00,1.0,0.0,0.0
2018-02-10 06:00:00,1.0,0.0,0.022222222222222223
2018-02-10 07:00:00,0.99,22.860231,1.0
2018-02-10 08:00:00,1.0,78.97402,1.0
2018-02-10 09:00:00,0.99,189.23375,1.0
2018-02-10 10:00:00,1.0,170.4503,1.0
2018-02-10 11:00:00,1.0,177.61052,1.0
2018-02-10 12:00:00,1.0,158.03378,1.0
2018-02-10 13:00:00,1.0,212.93253,1.0
2018-02-10 14:00:00,1.0,172.73096,1.0
2018-02-10 15:00:00,1.0,86.66523,1.0
2018-02-10 16:00:00,1.0,41.74477,1.0
2018-02-10 17:00:00,1.0,4.9696155,0.5138888888888888
2018-02-10 18:00:00,0.98,0.0,0.0
2018-02-10 19:00:00,1.0,0.0,0.0
2018-02-10 20:00:00,0.98,0.0,0.0
2018-02-10 21:00:00,0.7,0.0,0.0
2018-02-10 22:00:00,0.26,0.0,0.0
2018-02-10 23:00:00,0.03,0.0,0.0
2018-02-11 00:00:00,0.02,0.0,0.0
2018-02-11 01:00:00,0.0,0.0,0.0
2018-02-11 02:00:00,0.0,0.0,0.0
2018-02-11 03:00:00,0.0,0.0,0.0
2018-02-11 04:00:00,0.0,0.0,0.0
2018-02-11 05:00:00,0.0,0.0,0.0
2018-02-11 06:00:00,0.11,0.0,0.04138888888888889
2018-02-11 07:00:00,0.1,96.35587,1.0
2018-02-11 08:00:00,0.09,320.2401,1.0
2018-02-11 09:00:00,0.07,538.28845,1.0
2018-02-11 10:00:00,0.03,692.6354,1.0
2018-02-11 11:00:00,0.01,777.41,1.0
2018-02-11 12:00:00,0.01,784.18494,1.0
2018-02-11 13:00:00,0.34,711.34314,1.0
2018-02-11 14:00:00,0.66,544.36176,1.0
2018-02-11 15:00:00,0.03,378.4827,1.0
2018-02-11 16:00:00,0.14,167.27878,1.0
2018-02-11 17:00:00,0.0,13.684245,0.5336111111111111
2018-02-11 18:00:00,0.0,0.0,0.0
2018-02-11 19:00:00,0.58,0.0,0.0
2018-02-11 20:00:00,0.34,0.0,0.0
2018-02-11 21:00:00,0.42,0.0,0.0
2018-02-11 22:00:00,1.0,0.0,0.0
2018-02-11 23:00:00,1.0,0.0,0.0
2018-02-12 00:00:00,1.0,0.0,0.0
2018-02-12 01:00:00,0.56,0.0,0.0
2018-02-12 02:00:00,0.98,0.0,0.0
2018-02-12 03:00:00,0.98,0.0,0.0
2018-02-12 04:00:00,0.95,0.0,0.0
2018-02-12 05:00:00,1.0,0.0,0.0
2018-02-12 06:00:00,1.0,0.0,0.060833333333333336
2018-02-12 07:00:00,0.98,36.664215,1.0
2018-02-12 08:00:00,1.0,136.94807,1.0
2018-02-12 09:00:00,0.82,300.2856,1.0
2018-02-12 10:00:00,0.98,509.6331,1.0
2018-02-12 11:00:00,0.99,591.8992,1.0
2018-02-12 12:00:00,0.97,525.0166,1.0
2018-02-12 13:00:00,0.29,670.36206,1.0
2018-02-12 14:00:00,0.17,560.868,1.0
2018-02-12 15:00:00,0.0,382.56403,1.0
2018-02-12 16:00:00,0.03,165.79755,1.0
2018-02-12 17:00:00,0.22,12.998405,0.5530555555555555
2018-02-12 18:00:00,0.98,0.0,0.0
2018-02-12 19:00:00,1.0,0.0,0.0
2018-02-12 20:00:00,1.0,0.0,0.0
2018-02-12 21:00:00,1.0,0.0,0.0
2018-02-12 22:00:00,0.99,0.0,0.0
2018-02-12 23:00:00,0.85,0.0,0.0
2018-02-13 00:00:00,0.47,0.0,0.0
2018-02-13 01:00:00,0.24,0.0,0.0
2018-02-13 02:00:00,0.09,0.0,0.0
2018-02-13 03:00:00,0.05,0.0,0.0
2018-02-13 04:00:00,0.01,0.0,0.0
2018-02-13 05:00:00,0.02,0.0,0.0
2018-02-13 06:00:00,0.0,0.0,0.08055555555555556
2018-02-13 07:00:00,0.0,105.10295,1.0
2018-02-13 08:00:00,0.0,328.7975,1.0
2018-02-13 09:00:00,0.0,533.8648,1.0
2018-02-13 10:00:00,0.0,683.6467,1.0
2018-02-13 11:00:00,0.0,767.27954,1.0
2018-02-13 12:00:00,0.02,772.42535,1.0
2018-02-13 13:00:00,0.01,702.73895,1.0
2018-02-13 14:00:00,0.0,567.60114,1.0
2018-02-13 15:00:00,0.0,384.11722,1.0
2018-02-13 16:00:00,0.0,170.4459,1.0
2018-02-13 17:00:00,0.0,15.623471,0.5722222222222222
2018-02-13 18:00:00,0.0,0.0,0.0
2018-02-13 19:00:00,0.0,0.0,0.0
2018-02-13 20:00:00,0.0,0.0,0.0
2018-02-13 21:00:00,0.01,0.0,0.0
2018-02-13 22:00:00,0.0,0.0,0.0
2018-02-13 23:00:00,0.0,0.0,0.0
2018-02-14 00:00:00,0.0,0.0,0.0
2018-02-14 01:00:00,0.0,0.0,0.0
2018-02-14 02:00:00,0.34,0.0,0.0
2018-02-14 03:00:00,0.63,0.0,0.0
2018-02-14 04:00:00,0.32,0.0,0.0
2018-02-14 05:00:00,0.31,0.0,0.0
2018-02-14 06:00:00,0.25,0.0,0.10083333333333333
2018-02-14 07:00:00,0.41,105.11546,1.0
2018-02-14 08:00:00,0.86,315.50134,1.0
2018-02-14 09:00:00,0.46,529.26013,1.0
2018-02-14 10:00:00,0.32,674.1031,1.0
2018-02-14 11:00:00,0.73,704.8348,1.0
2018-02-14 12:00:00,0.95,672.97485,1.0
2018-02-14 13:00:00,0.41,695.8159,1.0
2018-02-14 14:00:00,0.14,551.9668,1.0
2018-02-14 15:00:00,0.02,386.81522,1.0
2018-02-14 16:00:00,0.58,150.69293,1.0
2018-02-14 17:00:00,0.98,12.369788,0.5913888888888889
2018-02-14 18:00:00,0.99,0.0,0.0
2018-02-14 19:00:00,0.99,0.0,0.0
2018-02-14 20:00:00,1.0,0.0,0.0
2018-02-14 21:00:00,0.96,0.0,0.0
2018-02-14 22:00:00,0.86,0.0,0.0
2018-02-14 23:00:00,0.62,0.0,0.0
2018-02-15 00:00:00,0.76,0.0,0.0
2018-02-15 01:00:00,0.88,0.0,0.0
2018-02-15 02:00:00,0.92,0.0,0.0
2018-02-15 03:00:00,0.53,0.0,0.0
2018-02-15 04:00:00,0.42,0.0,0.0
2018-02-15 05:00:00,0.54,0.0,0.0
2018-02-15 06:00:00,0.6,0.0,0.12166666666666667
2018-02-15 07:00:00,0.32,94.985344,1.0
2018-02-15 08:00:00,0.32,306.4541,1.0
2018-02-15 09:00:00,0.6,495.0113,1.0
2018-02-15 10:00:00,0.64,613.03564,1.0
2018-02-15 11:00:00,0.81,426.72015,1.0
2018-02-15 12:00:00,0.47,520.12555,1.0
2018-02-15 13:00:00,0.33,475.53735,1.0
2018-02-15 14:00:00,0.31,478.8188,1.0
2018-02-15 15:00:00,0.86,261.92355,1.0
2018-02-15 16:00:00,0.9,124.783195,1.0
2018-02-15 17:00:00,0.57,9.14493,0.6108333333333333
2018-02-15 18:00:00,0.57,0.0,0.0
2018-02-15 19:00:00,0.27,0.0,0.0
2018-02-15 20:00:00,0.96,0.0,0.0
2018-02-15 21:00:00,1.0,0.0,0.0
2018-02-15 22:00:00,0.99,0.0,0.0
2018-02-15 23:00:00,1.0,0.0,0.0
2018-02-16 00:00:00,0.95,0.0,0.0
2018-02-16 01:00:00,0.8,0.0,0.0
2018-02-16 02:00:00,1.0,0.0,0.0
2018-02-16 03:00:00,0.99,0.0,0.0
2018-02-16 04:00:00,1.0,0.0,0.0
2018-02-16 05:00:00,1.0,0.0,0.0
2018-02-16 06:00:00,0.0,0.0,0.14305555555555555
2018-02-16 07:00:00,0.0,121.82459,1.0
2018-02-16 08:00:00,0.0,351.2334,1.0
2018-02-16 09:00:00,0.0,558.1444,1.0
2018-02-16 10:00:00,0.0,715.3646,1.0
2018-02-16 11:00:00,0.02,801.34436,1.0
2018-02-16 12:00:00,0.58,795.5177,1.0
2018-02-16 13:00:00,0.9,729.1601,1.0
2018-02-16 14:00:00,0.72,591.1143,1.0
2018-02-16 15:00:00,0.33,401.53607,1.0
2018-02-16 16:00:00,0.41,187.75136,1.0
2018-02-16 17:00:00,0.47,19.142305,0.63
2018-02-16 18:00:00,0.49,0.0,0.0
2018-02-16 19:00:00,0.01,0.0,0.0
2018-02-16 20:00:00,0.0,0.0,0.0
2018-02-16 21:00:00,0.0,0.0,0.0
2018-02-16 22:00:00,0.02,0.0,0.0
2018-02-16 23:00:00,0.0,0.0,0.0
2018-02-17 00:00:00,0.13,0.0,0.0
2018-02-17 01:00:00,0.3,0.0,0.0
2018-02-17 02:00:00,0.15,0.0,0.0
2018-02-17 03:00:00,0.13,0.0,0.0
2018-02-17 04:00:00,0.11,0.0,0.0
2018-02-17 05:00:00,0.08,0.0,0.0
2018-02-17 06:00:00,0.04,0.0,0.16472222222222221
2018-02-17 07:00:00,0.1,115.11995,1.0
2018-02-17 08:00:00,0.11,333.7705,1.0
2018-02-17 09:00:00,0.06,549.9697,1.0
2018-02-17 10:00:00,0.03,709.6538,1.0
2018-02-17 11:00:00,0.01,791.39404,1.0
2018-02-17 12:00:00,0.0,798.7871,1.0
2018-02-17 13:00:00,0.0,731.4793,1.0
2018-02-17 14:00:00,0.0,596.88495,1.0
2018-02-17 15:00:00,0.0,407.64075,1.0
2018-02-17 16:00:00,0.0,189.31361,1.0
2018-02-17 17:00:00,0.0,21.626148,0.6491666666666667
2018-02-17 18:00:00,0.0,0.0,0.0
2018-02-17 19:00:00,0.0,0.0,0.0
2018-02-17 20:00:00,0.0,0.0,0.0
2018-02-17 21:00:00,0.0,0.0,0.0
2018-02-17 22:00:00,0.0,0.0,0.0
2018-02-17 23:00:00,0.0,0.0,0.0
2018-02-18 00:00:00,0.0,0.0,0.0
2018-02-18 01:00:00,0.0,0.0,0.0
2018-02-18 02:00:00,0.0,0.0,0.0
2018-02-18 03:00:00,0.0,0.0,0.0
2018-02-18 04:00:00,0.0,0.0,0.0
2018-02-18 05:00:00,0.28,0.0,0.0
2018-02-18 06:00:00,0.9,0.0,0.18666666666666668
2018-02-18 07:00:00,1.0,123.607704,1.0
2018-02-18 08:00:00,0.83,350.89835,1.0
2018-02-18 09:00:00,0.88,557.9811,1.0
2018-02-18 10:00:00,0.0,716.8818,1.0
2018-02-18 11:00:00,0.0,794.0347,1.0
2018-02-18 12:00:00,0.0,797.8028,1.0
2018-02-18 13:00:00,0.0,727.0092,1.0
2018-02-18 14:00:00,0.0,592.5301,1.0
2018-02-18 15:00:00,0.0,405.4432,1.0
2018-02-18 16:00:00,0.0,191.85114,1.0
2018-02-18 17:00:00,0.0,22.549677,0.6683333333333333
2018-02-18 18:00:00,0.0,0.0,0.0
2018-02-18 19:00:00,0.0,0.0,0.0
2018-02-18 20:00:00,0.0,0.0,0.0
2018-02-18 21:00:00,0.02,0.0,0.0
2018-02-18 22:00:00,0.31,0.0,0.0
2018-02-18 23:00:00,0.82,0.0,0.0
2018-02-19 00:00:00,0.95,0.0,0.0
2018-02-19 01:00:00,0.99,0.0,0.0
2018-02-19 02:00:00,0.98,0.0,0.0
2018-02-19 03:00:00,1.0,0.0,0.0
2018-02-19 04:00:00,1.0,0.0,0.0
2018-02-19 05:00:00,1.0,0.0,0.0
2018-02-19 06:00:00,1.0,0.0,0.20916666666666667
2018-02-19 07:00:00,1.0,32.79946,1.0
2018-02-19 08:00:00,1.0,121.299736,1.0
2018-02-19 09:00:00,1.0,335.10883,1.0
2018-02-19 10:00:00,1.0,509.87744,1.0
2018-02-19 11:00:00,0.97,615.5496,1.0
2018-02-19 12:00:00,0.36,649.9168,1.0
2018-02-19 13:00:00,0.11,697.9472,1.0
2018-02-19 14:00:00,0.87,364.15125,1.0
2018-02-19 15:00:00,0.77,273.95972,1.0
2018-02-19 16:00:00,0.85,99.69949,1.0
2018-02-19 17:00:00,0.82,2.981769,0.6875
2018-02-19 18:00:00,0.97,0.0,0.0
2018-02-19 19:00:00,0.95,0.0,0.0
2018-02-19 20:00:00,1.0,0.0,0.0
2018-02-19 21:00:00,1.0,0.0,0.0
2018-02-19 22:00:00,1.0,0.0,0.0
2018-02-19 23:00:00,1.0,0.0,0.0
2018-02-20 00:00:00,1.0,0.0,0.0
2018-02-20 01:00:00,1.0,0.0,0.0
2018-02-20 02:00:00,1.0,0.0,0.0
2018-02-20 03:00:00,1.0,0.0,0.0
2018-02-20 04:00:00,0.9,0.0,0.0
2018-02-20 05:00:00,0.41,0.0,0.0
2018-02-20 06:00:00,0.79,0.0,0.23194444444444445
2018-02-20 07:00:00,0.83,96.750725,1.0
2018-02-20 08:00:00,0.73,326.16187,1.0
2018-02-20 09:00:00,0.45,520.6063,1.0
2018-02-20 10:00:00,0.73,626.8381,1.0
2018-02-20 11:00:00,1.0,577.66626,1.0
2018-02-20 12:00:00,0.99,635.6997,1.0
2018-02-20 13:00:00,0.97,599.91736,1.0
2018-02-20 14:00:00,0.99,450.9867,1.0
2018-02-20 15:00:00,1.0,295.93677,1.0
2018-02-20 16:00:00,0.99,136.99725,1.0
2018-02-20 17:00:00,0.9,24.788906,0.7063888888888888
2018-02-20 18:00:00,0.31,0.0,0.0
2018-02-20 19:00:00,0.31,0.0,0.0
2018-02-20 20:00:00,0.51,0.0,0.0
2018-02-20 21:00:00,0.57,0.0,0.0
2018-02-20 22:00:00,0.17,0.0,0.0
2018-02-20 23:00:00,0.0,0.0,0.0
2018-02-21 00:00:00,0.0,0.0,0.0
2018-02-21 01:00:00,0.0,0.0,0.0
2018-02-21 02:00:00,0.0,0.0,0.0
2018-02-21 03:00:00,0.0,0.0,0.0
2018-02-21 04:00:00,0.0,0.0,0.0
2018-02-21 05:00:00,0.0,0.0,0.0
2018-02-21 06:00:00,0.26,0.0,0.25527777777777777
2018-02-21 07:00:00,0.15,134.74574,1.0
2018-02-21 08:00:00,0.06,369.7295,1.0
2018-02-21 09:00:00,0.06,601.6403,1.0
2018-02-21 10:00:00,0.03,767.23505,1.0
2018-02-21 11:00:00,0.0,850.4936,1.0
2018-02-21 12:00:00,0.0,852.2546,1.0
2018-02-21 13:00:00,0.0,778.9741,1.0
2018-02-21 14:00:00,0.0,636.73456,1.0
2018-02-21 15:00:00,0.0,438.92264,1.0
2018-02-21 16:00:00,0.0,211.29074,1.0
2018-02-21 17:00:00,0.02,27.966696,0.7252777777777778
2018-02-21 18:00:00,0.15,0.0,0.0
2018-02-21 19:00:00,0.0,0.0,0.0
2018-02-21 20:00:00,0.01,0.0,0.0
2018-02-21 21:00:00,0.0,0.0,0.0
2018-02-21 22:00:00,0.01,0.0,0.0
2018-02-21 23:00:00,0.9,0.0,0.0
2018-02-22 00:00:00,0.99,0.0,0.0
2018-02-22 01:00:00,0.95,0.0,0.0
2018-02-22 02:00:00,0.93,0.0,0.0
2018-02-22 03:00:00,0.61,0.0,0.0
2018-02-22 04:00:00,0.46,0.0,0.0
2018-02-22 05:00:00,0.91,0.0,0.0
2018-02-22 06:00:00,0.97,0.0,0.2786111111111111
2018-02-22 07:00:00,0.96,64.28046,1.0
2018-02-22 08:00:00,0.98,204.15479,1.0
2018-02-22 09:00:00,0.94,461.92722,1.0
2018-02-22 10:00:00,0.86,599.7067,1.0
2018-02-22 11:00:00,0.64,735.9441,1.0
2018-02-22 12:00:00,0.58,764.61383,1.0
2018-02-22 13:00:00,0.55,685.25934,1.0
2018-02-22 14:00:00,0.72,479.3943,1.0
2018-02-22 15:00:00,0.83,312.78024,1.0
2018-02-22 16:00:00,0.72,120.223755,1.0
2018-02-22 17:00:00,0.91,9.939231,0.7441666666666666
2018-02-22 18:00:00,1.0,0.0,0.0
2018-02-22 19:00:00,1.0,0.0,0.0
2018-02-22 20:00:00,0.9,0.0,0.0
2018-02-22 21:00:00,0.8,0.0,0.0
2018-02-22 22:00:00,0.84,0.0,0.0
2018-02-22 23:00:00,0.21,0.0,0.0
2018-02-23 00:00:00,0.26,0.0,0.0
2018-02-23 01:00:00,0.06,0.0,0.0
2018-02-23 02:00:00,0.04,0.0,0.0
2018-02-23 03:00:00,0.01,0.0,0.0
2018-02-23 04:00:00,0.0,0.0,0.0
2018-02-23 05:00:00,0.0,0.0,0.0
2018-02-23 06:00:00,0.26,1.9878461,0.3022222222222222
2018-02-23 07:00:00,0.23,101.13662,1.0
2018-02-23 08:00:00,0.07,277.10532,1.0
2018-02-23 09:00:00,0.05,447.02637,1.0
2018-02-23 10:00:00,0.01,690.7938,1.0
2018-02-23 11:00:00,0.04,801.17596,1.0
2018-02-23 12:00:00,0.05,836.2583,1.0
2018-02-23 13:00:00,0.01,776.07916,1.0
2018-02-23 14:00:00,0.02,639.91626,1.0
2018-02-23 15:00:00,0.87,424.97845,1.0
2018-02-23 16:00:00,0.5,203.19879,1.0
2018-02-23 17:00:00,0.82,21.14831,0.7630555555555556
2018-02-23 18:00:00,0.7,0.0,0.0
2018-02-23 19:00:00,0.67,0.0,0.0
2018-02-23 20:00:00,0.43,0.0,0.0
2018-02-23 21:00:00,0.45,0.0,0.0
2018-02-23 22:00:00,0.56,0.0,0.0
2018-02-23 23:00:00,0.78,0.0,0.0
2018-02-24 00:00:00,0.65,0.0,0.0
2018-02-24 01:00:00,0.82,0.0,0.0
2018-02-24 02:00:00,0.91,0.0,0.0
2018-02-24 03:00:00,0.51,0.0,0.0
2018-02-24 04:00:00,0.49,0.0,0.0
2018-02-24 05:00:00,0.25,0.0,0.0
2018-02-24 06:00:00,0.01,4.915867,0.32611111111111113
2018-02-24 07:00:00,0.0,177.5821,1.0
2018-02-24 08:00:00,0.0,412.2922,1.0
2018-02-24 09:00:00,0.0,638.72906,1.0
2018-02-24 10:00:00,0.0,790.0425,1.0
2018-02-24 11:00:00,0.01,881.74927,1.0
2018-02-24 12:00:00,0.02,890.08563,1.0
2018-02-24 13:00:00,0.02,812.2127,1.0
2018-02-24 14:00:00,0.03,662.5395,1.0
2018-02-24 15:00:00,0.68,454.02505,1.0
2018-02-24 16:00:00,0.28,233.9174,1.0
2018-02-24 17:00:00,0.39,36.505,0.7819444444444444
2018-02-24 18:00:00,0.25,0.0,0.0
2018-02-24 19:00:00,0.35,0.0,0.0
2018-02-24 20:00:00,0.2,0.0,0.0
2018-02-24 21:00:00,0.19,0.0,0.0
2018-02-24 22:00:00,0.4,0.0,0.0
2018-02-24 23:00:00,0.19,0.0,0.0
2018-02-25 00:00:00,0.01,0.0,0.0
2018-02-25 01:00:00,0.0,0.0,0.0
2018-02-25 02:00:00,0.0,0.0,0.0
2018-02-25 03:00:00,0.0,0.0,0.0
2018-02-25 04:00:00,0.0,0.0,0.0
2018-02-25 05:00:00,0.0,0.0,0.0
2018-02-25 06:00:00,0.01,5.78537,0.3502777777777778
2018-02-25 07:00:00,0.0,177.81145,1.0
2018-02-25 08:00:00,0.01,417.90628,1.0
2018-02-25 09:00:00,0.0,608.86566,1.0
2018-02-25 10:00:00,0.64,663.0415,1.0
2018-02-25 11:00:00,0.66,759.8644,1.0
2018-02-25 12:00:00,0.3,825.6825,1.0
2018-02-25 13:00:00,0.09,772.65936,1.0
2018-02-25 14:00:00,0.01,662.73425,1.0
2018-02-25 15:00:00,0.0,469.20563,1.0
2018-02-25 16:00:00,0.0,237.75069,1.0
2018-02-25 17:00:00,0.35,38.31104,0.8005555555555556
2018-02-25 18:00:00,0.0,0.0,0.0
2018-02-25 19:00:00,0.04,0.0,0.0
2018-02-25 20:00:00,0.0,0.0,0.0
2018-02-25 21:00:00,0.34,0.0,0.0
2018-02-25 22:00:00,0.0,0.0,0.0
2018-02-25 23:00:00,0.0,0.0,0.0
2018-02-26 00:00:00,0.0,0.0,0.0
2018-02-26 01:00:00,0.0,0.0,0.0
2018-02-26 02:00:00,0.0,0.0,0.0
2018-02-26 03:00:00,0.0,0.0,0.0
2018-02-26 04:00:00,0.0,0.0,0.0
2018-02-26 05:00:00,0.0,0.0,0.0
2018-02-26 06:00:00,0.0,8.363404,0.37444444444444447
2018-02-26 07:00:00,0.0,180.9294,1.0
2018-02-26 08:00:00,0.0,423.5236,1.0
2018-02-26 09:00:00,0.0,634.7486,1.0
2018-02-26 10:00:00,0.0,788.6018,1.0
2018-02-26 11:00:00,0.0,872.12976,1.0
2018-02-26 12:00:00,0.0,877.7557,1.0
2018-02-26 13:00:00,0.0,805.9791,1.0
2018-02-26 14:00:00,0.0,664.35474,1.0
2018-02-26 15:00:00,0.0,466.12943,1.0
2018-02-26 16:00:00,0.0,237.0587,1.0
2018-02-26 17:00:00,0.0,39.01409,0.8191666666666667
2018-02-26 18:00:00,0.0,0.0,0.0
2018-02-26 19:00:00,0.0,0.0,0.0
2018-02-26 20:00:00,0.0,0.0,0.0
2018-02-26 21:00:00,0.0,0.0,0.0
2018-02-26 22:00:00,0.0,0.0,0.0
2018-02-26 23:00:00,0.0,0.0,0.0
2018-02-27 00:00:00,0.0,0.0,0.0
2018-02-27 01:00:00,0.0,0.0,0.0
2018-02-27 02:00:00,0.0,0.0,0.0
2018-02-27 03:00:00,0.0,0.0,0.0
2018-02-27 04:00:00,0.0,0.0,0.0
2018-02-27 05:00:00,0.0,0.0,0.0
2018-02-27 06:00:00,0.0,9.152264,0.3988888888888889
2018-02-27 07:00:00,0.0,185.3111,1.0
2018-02-27 08:00:00,0.0,427.30963,1.0
2018-02-27 09:00:00,0.0,637.4612,1.0
2018-02-27 10:00:00,0.0,788.7142,1.0
2018-02-27 11:00:00,0.0,869.63934,1.0
2018-02-27 12:00:00,0.0,871.9932,1.0
2018-02-27 13:00:00,0.0,798.18256,1.0
2018-02-27 14:00:00,0.0,656.4262,1.0
2018-02-27 15:00:00,0.0,445.5187,1.0
2018-02-27 16:00:00,0.0,231.92836,1.0
2018-02-27 17:00:00,0.01,35.76071,0.8377777777777777
2018-02-27 18:00:00,0.02,0.0,0.0
2018-02-27 19:00:00,0.0,0.0,0.0
2018-02-27 20:00:00,0.0,0.0,0.0
2018-02-27 21:00:00,0.01,0.0,0.0
2018-02-27 22:00:00,0.0,0.0,0.0
2018-02-27 23:00:00,0.39,0.0,0.0
2018-02-28 00:00:00,0.0,0.0,0.0
2018-02-28 01:00:00,0.48,0.0,0.0
2018-02-28 02:00:00,0.8,0.0,0.0
2018-02-28 03:00:00,0.74,0.0,0.0
2018-02-28 04:00:00,0.81,0.0,0.0
2018-02-28 05:00:00,0.72,0.0,0.0
2018-02-28 06:00:00,0.02,8.96532,0.42333333333333334
2018-02-28 07:00:00,0.2,173.2426,1.0
2018-02-28 08:00:00,0.64,303.01736,1.0
2018-02-28 09:00:00,0.6,523.9554,1.0
2018-02-28 10:00:00,0.35,717.5773,1.0
2018-02-28 11:00:00,0.35,816.3092,1.0
2018-02-28 12:00:00,0.52,781.13684,1.0
2018-02-28 13:00:00,0.64,670.02856,1.0
2018-02-28 14:00:00,0.61,614.7078,1.0
2018-02-28 15:00:00,0.32,429.94522,1.0
2018-02-28 16:00:00,0.05,217.41321,1.0
2018-02-28 17:00:00,0.59,31.621044,0.8561111111111112
2018-02-28 18:00:00,0.56,0.0,0.0
2018-02-28 19:00:00,0.42,0.0,0.0
2018-02-28 20:00:00,0.52,0.0,0.0
2018-02-28 21:00:00,0.9,0.0,0.0
2018-02-28 22:00:00,0.29,0.0,0.0
2018-02-28 23:00:00,0.14,0.0,0.0
2018-03-01 00:00:00,0.07,0.0,0.0
2018-03-01 01:00:00,0.13,0.0,0.0
2018-03-01 02:00:00,0.0,0.0,0.0
2018-03-01 03:00:00,0.0,0.0,0.0
2018-03-01 04:00:00,0.0,0.0,0.0
2018-03-01 05:00:00,0.0,0.0,0.0
2018-03-01 06:00:00,0.0,11.203443,0.44805555555555554
2018-03-01 07:00:00,0.0,182.06557,1.0
2018-03-01 08:00:00,0.0,417.6909,1.0
2018-03-01 09:00:00,0.0,626.92676,1.0
2018-03-01 10:00:00,0.38,766.6912,1.0
2018-03-01 11:00:00,0.19,843.1786,1.0
2018-03-01 12:00:00,0.0,855.71735,1.0
2018-03-01 13:00:00,0.0,784.9687,1.0
2018-03-01 14:00:00,0.2,643.36957,1.0
2018-03-01 15:00:00,0.33,438.65244,1.0
2018-03-01 16:00:00,0.64,212.98634,1.0
2018-03-01 17:00:00,0.3,37.371094,0.8744444444444445
2018-03-01 18:00:00,0.03,0.0,0.0
2018-03-01 19:00:00,0.0,0.0,0.0
2018-03-01 20:00:00,0.01,0.0,0.0
2018-03-01 21:00:00,0.0,0.0,0.0
2018-03-01 22:00:00,0.0,0.0,0.0
2018-03-01 23:00:00,0.0,0.0,0.0
2018-03-02 00:00:00,0.0,0.0,0.0
2018-03-02 01:00:00,0.0,0.0,0.0
2018-03-02 02:00:00,0.0,0.0,0.0
2018-03-02 03:00:00,0.0,0.0,0.0
2018-03-02 04:00:00,0.0,0.0,0.0
2018-03-02 05:00:00,0.0,0.0,0.0
2018-03-02 06:00:00,0.0,13.298519,0.4725
2018-03-02 07:00:00,0.0,192.56229,1.0
2018-03-02 08:00:00,0.0,427.28824,1.0
2018-03-02 09:00:00,0.0,634.32874,1.0
2018-03-02 10:00:00,0.0,784.4973,1.0
2018-03-02 11:00:00,0.0,864.48,1.0
2018-03-02 12:00:00,0.0,866.7974,1.0
2018-03-02 13:00:00,0.0,793.1934,1.0
2018-03-02 14:00:00,0.0,652.5681,1.0
2018-03-02 15:00:00,0.0,456.86902,1.0
2018-03-02 16:00:00,0.01,233.56662,1.0
2018-03-02 17:00:00,0.01,42.695503,0.8925
2018-03-02 18:00:00,0.01,0.0,0.0
2018-03-02 19:00:00,0.0,0.0,0.0
2018-03-02 20:00:00,0.0,0.0,0.0
2018-03-02 21:00:00,0.0,0.0,0.0
2018-03-02 22:00:00,0.0,0.0,0.0
2018-03-02 23:00:00,0.0,0.0,0.0
2018-03-03 00:00:00,0.0,0.0,0.0
2018-03-03 01:00:00,0.0,0.0,0.0
2018-03-03 02:00:00,0.0,0.0,0.0
2018-03-03 03:00:00,0.0,0.0,0.0
2018-03-03 04:00:00,0.0,0.0,0.0
2018-03-03 05:00:00,0.0,0.0,0.0
2018-03-03 06:00:00,0.0,14.003781,0.49722222222222223
2018-03-03 07:00:00,0.0,193.23218,1.0
2018-03-03 08:00:00,0.0,426.4113,1.0
2018-03-03 09:00:00,0.0,632.5396,1.0
2018-03-03 10:00:00,0.0,781.6263,1.0
2018-03-03 11:00:00,0.0,861.396,1.0
2018-03-03 12:00:00,0.0,863.7362,1.0
2018-03-03 13:00:00,0.0,792.1655,1.0
2018-03-03 14:00:00,0.0,651.48663,1.0
2018-03-03 15:00:00,0.0,457.9252,1.0
2018-03-03 16:00:00,0.0,234.86852,1.0
2018-03-03 17:00:00,0.0,44.3248,0.9105555555555556
2018-03-03 18:00:00,0.0,0.0,0.0
2018-03-03 19:00:00,0.0,0.0,0.0
2018-03-03 20:00:00,0.0,0.0,0.0
2018-03-03 21:00:00,0.0,0.0,0.0
2018-03-03 22:00:00,0.0,0.0,0.0
2018-03-03 23:00:00,0.0,0.0,0.0
2018-03-04 00:00:00,0.19,0.0,0.0
2018-03-04 01:00:00,0.32,0.0,0.0
2018-03-04 02:00:00,0.33,0.0,0.0
2018-03-04 03:00:00,0.58,0.0,0.0
2018-03-04 04:00:00,0.4,0.0,0.0
2018-03-04 05:00:00,0.0,0.0,0.0
2018-03-04 06:00:00,0.0,16.923601,0.5219444444444444
2018-03-04 07:00:00,0.0,201.33638,1.0
2018-03-04 08:00:00,0.0,439.88025,1.0
2018-03-04 09:00:00,0.0,648.02905,1.0
2018-03-04 10:00:00,0.35,793.4849,1.0
2018-03-04 11:00:00,0.09,873.6748,1.0
2018-03-04 12:00:00,0.0,877.3752,1.0
2018-03-04 13:00:00,0.0,806.5503,1.0
2018-03-04 14:00:00,0.12,647.22144,1.0
2018-03-04 15:00:00,0.95,334.98163,1.0
2018-03-04 16:00:00,0.72,189.45248,1.0
2018-03-04 17:00:00,0.19,40.649426,0.9286111111111112
2018-03-04 18:00:00,0.79,0.0,0.0
2018-03-04 19:00:00,0.83,0.0,0.0
2018-03-04 20:00:00,0.02,0.0,0.0
2018-03-04 21:00:00,0.0,0.0,0.0
2018-03-04 22:00:00,0.01,0.0,0.0
2018-03-04 23:00:00,0.02,0.0,0.0
2018-03-05 00:00:00,0.0,0.0,0.0
2018-03-05 01:00:00,0.01,0.0,0.0
2018-03-05 02:00:00,0.0,0.0,0.0
2018-03-05 03:00:00,0.0,0.0,0.0
2018-03-05 04:00:00,0.19,0.0,0.0
2018-03-05 05:00:00,0.01,0.0,0.0
2018-03-05 06:00:00,0.0,19.73997,0.5466666666666666
2018-03-05 07:00:00,0.0,209.36964,1.0
2018-03-05 08:00:00,0.0,448.21332,1.0
2018-03-05 09:00:00,0.0,653.755,1.0
2018-03-05 10:00:00,0.0,802.3352,1.0
2018-03-05 11:00:00,0.0,886.02576,1.0
2018-03-05 12:00:00,0.0,894.78174,1.0
2018-03-05 13:00:00,0.01,817.54926,1.0
2018-03-05 14:00:00,0.04,665.2332,1.0
2018-03-05 15:00:00,0.0,479.10318,1.0
2018-03-05 16:00:00,0.0,255.4491,1.0
2018-03-05 17:00:00,0.0,51.239853,0.9463888888888888
2018-03-05 18:00:00,0.0,0.0,0.0
2018-03-05 19:00:00,0.0,0.0,0.0
2018-03-05 20:00:00,0.0,0.0,0.0
2018-03-05 21:00:00,1.0,0.0,0.0
2018-03-05 22:00:00,0.0,0.0,0.0
2018-03-05 23:00:00,0.0,0.0,0.0
2018-03-06 00:00:00,0.0,0.0,0.0
2018-03-06 01:00:00,0.0,0.0,0.0
2018-03-06 02:00:00,0.03,0.0,0.0
2018-03-06 03:00:00,0.07,0.0,0.0
2018-03-06 04:00:00,0.07,0.0,0.0
2018-03-06 05:00:00,0.08,0.0,0.0
2018-03-06 06:00:00,0.09,19.393446,0.5716666666666667
2018-03-06 07:00:00,0.06,204.65103,1.0
2018-03-06 08:00:00,0.04,435.46423,1.0
2018-03-06 09:00:00,0.03,647.7363,1.0
2018-03-06 10:00:00,0.01,804.0032,1.0
2018-03-06 11:00:00,0.0,885.95807,1.0
2018-03-06 12:00:00,0.0,886.91254,1.0
2018-03-06 13:00:00,0.0,812.80304,1.0
2018-03-06 14:00:00,0.0,669.7762,1.0
2018-03-06 15:00:00,0.0,474.17096,1.0
2018-03-06 16:00:00,0.0,250.18718,1.0
2018-03-06 17:00:00,0.0,50.885525,0.9644444444444444
2018-03-06 18:00:00,0.0,0.0,0.0
2018-03-06 19:00:00,0.0,0.0,0.0
2018-03-06 20:00:00,0.0,0.0,0.0
2018-03-06 21:00:00,0.0,0.0,0.0
2018-03-06 22:00:00,0.06,0.0,0.0
2018-03-06 23:00:00,0.2,0.0,0.0
2018-03-07 00:00:00,0.26,0.0,0.0
2018-03-07 01:00:00,0.0,0.0,0.0
2018-03-07 02:00:00,0.0,0.0,0.0
2018-03-07 03:00:00,0.43,0.0,0.0
2018-03-07 04:00:00,0.0,0.0,0.0
2018-03-07 05:00:00,0.0,0.0,0.0
2018-03-07 06:00:00,0.0,24.098938,0.5972222222222222
2018-03-07 07:00:00,0.0,221.63004,1.0
2018-03-07 08:00:00,0.0,459.84387,1.0
2018-03-07 09:00:00,0.0,665.7367,1.0
2018-03-07 10:00:00,0.0,814.9714,1.0
2018-03-07 11:00:00,0.0,893.28894,1.0
2018-03-07 12:00:00,0.0,896.51385,1.0
2018-03-07 13:00:00,0.0,822.2335,1.0
2018-03-07 14:00:00,0.0,680.6994,1.0
2018-03-07 15:00:00,0.38,482.25623,1.0
2018-03-07 16:00:00,0.29,253.22453,1.0
2018-03-07 17:00:00,0.63,51.092415,0.9819444444444444
2018-03-07 18:00:00,0.9,0.0,0.0
2018-03-07 19:00:00,0.98,0.0,0.0
2018-03-07 20:00:00,0.99,0.0,0.0
2018-03-07 21:00:00,0.88,0.0,0.0
2018-03-07 22:00:00,0.96,0.0,0.0
2018-03-07 23:00:00,0.97,0.0,0.0
2018-03-08 00:00:00,0.99,0.0,0.0
2018-03-08 01:00:00,0.99,0.0,0.0
2018-03-08 02:00:00,0.99,0.0,0.0
2018-03-08 03:00:00,1.0,0.0,0.0
2018-03-08 04:00:00,0.99,0.0,0.0
2018-03-08 05:00:00,1.0,0.0,0.0
2018-03-08 06:00:00,1.0,6.9574614,0.6227777777777778
2018-03-08 07:00:00,1.0,61.22747,1.0
2018-03-08 08:00:00,0.95,258.41962,1.0
2018-03-08 09:00:00,0.03,654.3488,1.0
2018-03-08 10:00:00,0.0,798.8409,1.0
2018-03-08 11:00:00,0.0,877.8334,1.0
2018-03-08 12:00:00,0.0,880.1704,1.0
2018-03-08 13:00:00,0.15,808.16943,1.0
2018-03-08 14:00:00,0.7,659.5006,1.0
2018-03-08 15:00:00,0.0,476.9374,1.0
2018-03-08 16:00:00,0.0,250.18394,1.0
2018-03-08 17:00:00,0.7,54.177944,0.9997222222222222
2018-03-08 18:00:00,0.57,0.0,0.0
2018-03-08 19:00:00,0.98,0.0,0.0
2018-03-08 20:00:00,0.98,0.0,0.0
2018-03-08 21:00:00,0.77,0.0,0.0
2018-03-08 22:00:00,0.42,0.0,0.0
2018-03-08 23:00:00,0.27,0.0,0.0
2018-03-09 00:00:00,0.24,0.0,0.0
2018-03-09 01:00:00,0.23,0.0,0.0
2018-03-09 02:00:00,0.25,0.0,0.0
2018-03-09 03:00:00,0.27,0.0,0.0
2018-03-09 04:00:00,0.2,0.0,0.0
2018-03-09 05:00:00,0.0,0.0,0.0
2018-03-09 06:00:00,0.28,27.215557,0.6488888888888888
2018-03-09 07:00:00,0.42,218.7852,1.0
2018-03-09 08:00:00,0.46,449.57532,1.0
2018-03-09 09:00:00,0.34,648.5702,1.0
2018-03-09 10:00:00,0.46,792.1202,1.0
2018-03-09 11:00:00,0.72,850.1036,1.0
2018-03-09 12:00:00,0.77,848.4135,1.0
2018-03-09 13:00:00,0.68,788.9571,1.0
2018-03-09 14:00:00,0.85,650.69604,1.0
2018-03-09 15:00:00,0.93,395.95465,1.0
2018-03-09 16:00:00,0.49,225.3513,1.0
2018-03-09 17:00:00,0.85,51.76085,1.0
2018-03-09 18:00:00,0.57,0.0,0.0175
2018-03-09 19:00:00,0.6,0.0,0.0
2018-03-09 20:00:00,0.55,0.0,0.0
2018-03-09 21:00:00,0.57,0.0,0.0
2018-03-09 22:00:00,0.1,0.0,0.0
2018-03-09 23:00:00,0.24,0.0,0.0
2018-03-10 00:00:00,0.98,0.0,0.0
2018-03-10 01:00:00,0.98,0.0,0.0
2018-03-10 02:00:00,0.98,0.0,0.0
2018-03-10 03:00:00,0.87,0.0,0.0
2018-03-10 04:00:00,0.83,0.0,0.0
2018-03-10 05:00:00,0.38,0.0,0.0
2018-03-10 06:00:00,0.42,26.923351,0.675
2018-03-10 07:00:00,0.11,198.20137,1.0
2018-03-10 08:00:00,0.03,437.02844,1.0
2018-03-10 09:00:00,0.12,652.78906,1.0
2018-03-10 10:00:00,0.14,727.5922,1.0
2018-03-10 11:00:00,0.54,683.2434,1.0
2018-03-10 12:00:00,0.74,735.4242,1.0
2018-03-10 13:00:00,0.46,739.733,1.0
2018-03-10 14:00:00,0.25,596.8183,1.0
2018-03-10 15:00:00,0.01,467.19052,1.0
2018-03-10 16:00:00,0.0,267.52402,1.0
2018-03-10 17:00:00,0.0,58.01269,1.0
2018-03-10 18:00:00,0.0,0.0,0.035
2018-03-10 19:00:00,0.0,0.0,0.0
2018-03-10 20:00:00,0.03,0.0,0.0
2018-03-10 21:00:00,0.0,0.0,0.0
2018-03-10 22:00:00,0.0,0.0,0.0
2018-03-10 23:00:00,0.0,0.0,0.0
2018-03-11 00:00:00,0.13,0.0,0.0
2018-03-11 01:00:00,0.01,0.0,0.0
2018-03-11 02:00:00,0.56,0.0,0.0
2018-03-11 03:00:00,0.95,0.0,0.0
2018-03-11 04:00:00,0.96,0.0,0.0
2018-03-11 05:00:00,0.96,0.0,0.0
2018-03-11 06:00:00,0.93,27.733793,0.7013888888888888
2018-03-11 07:00:00,0.94,225.50894,1.0
2018-03-11 08:00:00,0.15,471.0069,1.0
2018-03-11 09:00:00,0.16,677.3545,1.0
2018-03-11 10:00:00,0.39,825.72656,1.0
2018-03-11 11:00:00,0.4,903.0995,1.0
2018-03-11 12:00:00,0.46,902.7354,1.0
2018-03-11 13:00:00,0.29,831.4174,1.0
2018-03-11 14:00:00,0.0,691.32056,1.0
2018-03-11 15:00:00,0.1,493.66138,1.0
2018-03-11 16:00:00,0.49,266.42953,1.0
2018-03-11 17:00:00,0.11,61.508194,1.0
2018-03-11 18:00:00,0.56,0.0,0.0525
2018-03-11 19:00:00,0.77,0.0,0.0
2018-03-11 20:00:00,0.9,0.0,0.0
2018-03-11 21:00:00,0.9,0.0,0.0
2018-03-11 22:00:00,0.77,0.0,0.0
2018-03-11 23:00:00,0.02,0.0,0.0
2018-03-12 00:00:00,0.0,0.0,0.0
2018-03-12 01:00:00,0.0,0.0,0.0
2018-03-12 02:00:00,0.0,0.0,0.0
2018-03-12 03:00:00,0.0,0.0,0.0
2018-03-12 04:00:00,0.0,0.0,0.0
2018-03-12 05:00:00,0.0,0.0,0.0
2018-03-12 06:00:00,0.0,35.22567,0.7280555555555556
2018-03-12 07:00:00,0.0,226.86488,1.0
2018-03-12 08:00:00,0.43,474.32544,1.0
2018-03-12 09:00:00,0.56,666.4107,1.0
2018-03-12 10:00:00,0.26,801.84143,1.0
2018-03-12 11:00:00,0.25,765.3653,1.0
2018-03-12 12:00:00,0.81,727.68085,1.0
2018-03-12 13:00:00,0.9,620.93555,1.0
2018-03-12 14:00:00,0.92,484.96075,1.0
2018-03-12 15:00:00,0.57,383.75818,1.0
2018-03-12 16:00:00,0.34,220.09761,1.0
2018-03-12 17:00:00,0.06,58.455223,1.0
2018-03-12 18:00:00,0.22,0.0,0.07
2018-03-12 19:00:00,0.41,0.0,0.0
2018-03-12 20:00:00,0.33,0.0,0.0
2018-03-12 21:00:00,0.21,0.0,0.0
2018-03-12 22:00:00,0.14,0.0,0.0
2018-03-12 23:00:00,0.01,0.0,0.0
2018-03-13 00:00:00,0.17,0.0,0.0
2018-03-13 01:00:00,0.04,0.0,0.0
2018-03-13 02:00:00,0.01,0.0,0.0
2018-03-13 03:00:00,0.0,0.0,0.0
2018-03-13 04:00:00,0.0,0.0,0.0
2018-03-13 05:00:00,0.0,0.0,0.0
2018-03-13 06:00:00,0.1,36.7243,0.7547222222222222
2018-03-13 07:00:00,0.05,234.84897,1.0
2018-03-13 08:00:00,0.04,459.95294,1.0
2018-03-13 09:00:00,0.04,661.9868,1.0
2018-03-13 10:00:00,0.03,821.14905,1.0
2018-03-13 11:00:00,0.11,861.6711,1.0
2018-03-13 12:00:00,0.64,798.19403,1.0
2018-03-13 13:00:00,0.73,751.4554,1.0
2018-03-13 14:00:00,0.6,576.4383,1.0
2018-03-13 15:00:00,0.58,452.41388,1.0
2018-03-13 16:00:00,0.19,206.22981,1.0
2018-03-13 17:00:00,0.39,52.210903,1.0
2018-03-13 18:00:00,0.49,0.0,0.08722222222222223
2018-03-13 19:00:00,0.09,0.0,0.0
2018-03-13 20:00:00,0.0,0.0,0.0
2018-03-13 21:00:00,0.0,0.0,0.0
2018-03-13 22:00:00,0.0,0.0,0.0
2018-03-13 23:00:00,0.0,0.0,0.0
2018-03-14 00:00:00,0.0,0.0,0.0
2018-03-14 01:00:00,0.0,0.0,0.0
2018-03-14 02:00:00,0.0,0.0,0.0
2018-03-14 03:00:00,0.0,0.0,0.0
2018-03-14 04:00:00,0.0,0.0,0.0
2018-03-14 05:00:00,0.33,0.0,0.0
2018-03-14 06:00:00,0.01,41.420197,0.7816666666666666
2018-03-14 07:00:00,0.0,245.77042,1.0
2018-03-14 08:00:00,0.08,476.42218,1.0
2018-03-14 09:00:00,0.02,676.08575,1.0
2018-03-14 10:00:00,0.0,818.5886,1.0
2018-03-14 11:00:00,0.39,891.5277,1.0
2018-03-14 12:00:00,0.9,862.24915,1.0
2018-03-14 13:00:00,0.93,774.0119,1.0
2018-03-14 14:00:00,0.93,569.37915,1.0
2018-03-14 15:00:00,0.95,390.2624,1.0
2018-03-14 16:00:00,0.93,189.21033,1.0
2018-03-14 17:00:00,0.88,50.48545,1.0
2018-03-14 18:00:00,0.79,0.0,0.10444444444444445
2018-03-14 19:00:00,0.33,0.0,0.0
2018-03-14 20:00:00,0.36,0.0,0.0
2018-03-14 21:00:00,0.52,0.0,0.0
2018-03-14 22:00:00,0.64,0.0,0.0
2018-03-14 23:00:00,0.5,0.0,0.0
2018-03-15 00:00:00,0.0,0.0,0.0
2018-03-15 01:00:00,0.08,0.0,0.0
2018-03-15 02:00:00,0.0,0.0,0.0
2018-03-15 03:00:00,0.0,0.0,0.0
2018-03-15 04:00:00,0.01,0.0,0.0
2018-03-15 05:00:00,0.0,0.0,0.0
2018-03-15 06:00:00,0.47,42.87233,0.8086111111111111
2018-03-15 07:00:00,0.16,243.18536,1.0
2018-03-15 08:00:00,0.01,457.1057,1.0
2018-03-15 09:00:00,0.19,619.531,1.0
2018-03-15 10:00:00,0.39,729.53107,1.0
2018-03-15 11:00:00,0.27,791.3508,1.0
2018-03-15 12:00:00,0.32,749.1518,1.0
2018-03-15 13:00:00,0.51,711.29803,1.0
2018-03-15 14:00:00,1.0,333.32492,1.0
2018-03-15 15:00:00,1.0,184.66151,1.0
2018-03-15 16:00:00,0.98,123.5118,1.0
2018-03-15 17:00:00,0.85,15.737874,1.0
2018-03-15 18:00:00,1.0,0.0,0.12194444444444444
2018-03-15 19:00:00,1.0,0.0,0.0
2018-03-15 20:00:00,0.98,0.0,0.0
2018-03-15 21:00:00,1.0,0.0,0.0
2018-03-15 22:00:00,1.0,0.0,0.0
2018-03-15 23:00:00,1.0,0.0,0.0
2018-03-16 00:00:00,1.0,0.0,0.0
2018-03-16 01:00:00,1.0,0.0,0.0
2018-03-16 02:00:00,1.0,0.0,0.0
2018-03-16 03:00:00,0.99,0.0,0.0
2018-03-16 04:00:00,1.0,0.0,0.0
2018-03-16 05:00:00,0.99,0.0,0.0
2018-03-16 06:00:00,0.9,35.424385,0.8355555555555556
2018-03-16 07:00:00,0.85,202.75826,1.0
2018-03-16 08:00:00,0.07,459.52808,1.0
2018-03-16 09:00:00,0.02,657.8074,1.0
2018-03-16 10:00:00,0.01,821.1998,1.0
2018-03-16 11:00:00,0.0,925.12695,1.0
2018-03-16 12:00:00,0.0,923.76843,1.0
2018-03-16 13:00:00,0.0,857.96796,1.0
2018-03-16 14:00:00,0.0,713.2646,1.0
2018-03-16 15:00:00,0.0,514.911,1.0
2018-03-16 16:00:00,0.0,286.9126,1.0
2018-03-16 17:00:00,0.0,73.32863,1.0
2018-03-16 18:00:00,0.0,0.0,0.13916666666666666
2018-03-16 19:00:00,0.0,0.0,0.0
2018-03-16 20:00:00,0.0,0.0,0.0
2018-03-16 21:00:00,0.0,0.0,0.0
2018-03-16 22:00:00,0.0,0.0,0.0
2018-03-16 23:00:00,0.0,0.0,0.0
2018-03-17 00:00:00,0.0,0.0,0.0
2018-03-17 01:00:00,0.0,0.0,0.0
2018-03-17 02:00:00,0.0,0.0,0.0
2018-03-17 03:00:00,0.0,0.0,0.0
2018-03-17 04:00:00,0.75,0.0,0.0
2018-03-17 05:00:00,0.42,0.0,0.0
2018-03-17 06:00:00,0.28,51.997078,0.8625
2018-03-17 07:00:00,0.0,265.5439,1.0
2018-03-17 08:00:00,0.0,499.53125,1.0
2018-03-17 09:00:00,0.0,699.66016,1.0
2018-03-17 10:00:00,0.0,844.1585,1.0
2018-03-17 11:00:00,0.0,916.7598,1.0
2018-03-17 12:00:00,0.0,917.8659,1.0
2018-03-17 13:00:00,0.0,833.01636,1.0
2018-03-17 14:00:00,0.54,686.1906,1.0
2018-03-17 15:00:00,0.29,461.17264,1.0
2018-03-17 16:00:00,0.4,261.64307,1.0
2018-03-17 17:00:00,0.29,67.40279,1.0
2018-03-17 18:00:00,0.44,0.0,0.15611111111111112
2018-03-17 19:00:00,0.26,0.0,0.0
2018-03-17 20:00:00,0.13,0.0,0.0
2018-03-17 21:00:00,0.0,0.0,0.0
2018-03-17 22:00:00,0.0,0.0,0.0
2018-03-17 23:00:00,0.0,0.0,0.0
2018-03-18 00:00:00,0.0,0.0,0.0
2018-03-18 01:00:00,0.0,0.0,0.0
2018-03-18 02:00:00,0.0,0.0,0.0
2018-03-18 03:00:00,0.0,0.0,0.0
2018-03-18 04:00:00,0.31,0.0,0.0
2018-03-18 05:00:00,0.67,0.0,0.0
2018-03-18 06:00:00,0.27,52.789906,0.8897222222222222
2018-03-18 07:00:00,0.19,251.8808,1.0
2018-03-18 08:00:00,0.0,499.90164,1.0
2018-03-18 09:00:00,0.01,691.8088,1.0
2018-03-18 10:00:00,0.36,805.19653,1.0
2018-03-18 11:00:00,0.21,771.9308,1.0
2018-03-18 12:00:00,0.41,781.76575,1.0
2018-03-18 13:00:00,0.82,353.93204,1.0
2018-03-18 14:00:00,0.91,433.57874,1.0
2018-03-18 15:00:00,0.92,328.7987,1.0
2018-03-18 16:00:00,0.95,124.399605,1.0
2018-03-18 17:00:00,0.99,11.927076,1.0
2018-03-18 18:00:00,1.0,0.0,0.17333333333333334
2018-03-18 19:00:00,1.0,0.0,0.0
2018-03-18 20:00:00,1.0,0.0,0.0
2018-03-18 21:00:00,1.0,0.0,0.0
2018-03-18 22:00:00,1.0,0.0,0.0
2018-03-18 23:00:00,1.0,0.0,0.0
2018-03-19 00:00:00,0.98,0.0,0.0
2018-03-19 01:00:00,0.87,0.0,0.0
2018-03-19 02:00:00,0.65,0.0,0.0
2018-03-19 03:00:00,0.13,0.0,0.0
2018-03-19 04:00:00,0.02,0.0,0.0
2018-03-19 05:00:00,0.42,0.0,0.0
2018-03-19 06:00:00,0.89,37.24484,0.9166666666666666
2018-03-19 07:00:00,0.95,184.68008,1.0
2018-03-19 08:00:00,0.83,377.05853,1.0
2018-03-19 09:00:00,0.1,604.10077,1.0
2018-03-19 10:00:00,0.11,815.2443,1.0
2018-03-19 11:00:00,0.39,867.7616,1.0
2018-03-19 12:00:00,0.45,823.60315,1.0
2018-03-19 13:00:00,0.45,693.8854,1.0
2018-03-19 14:00:00,0.51,644.8385,1.0
2018-03-19 15:00:00,0.6,387.1828,1.0
2018-03-19 16:00:00,0.37,263.40933,1.0
2018-03-19 17:00:00,0.21,78.24568,1.0
2018-03-19 18:00:00,0.52,0.0,0.19055555555555556
2018-03-19 19:00:00,0.33,0.0,0.0
2018-03-19 20:00:00,0.0,0.0,0.0
2018-03-19 21:00:00,0.0,0.0,0.0
2018-03-19 22:00:00,0.0,0.0,0.0
2018-03-19 23:00:00,0.0,0.0,0.0
2018-03-20 00:00:00,0.0,0.0,0.0
2018-03-20 01:00:00,0.0,0.0,0.0
2018-03-20 02:00:00,0.31,0.0,0.0
2018-03-20 03:00:00,0.19,0.0,0.0
2018-03-20 04:00:00,0.23,0.0,0.0
2018-03-20 05:00:00,0.24,0.0,0.0
2018-03-20 06:00:00,0.2,61.45716,0.9433333333333334
2018-03-20 07:00:00,0.6,262.5652,1.0
2018-03-20 08:00:00,0.53,460.8992,1.0
2018-03-20 09:00:00,0.49,694.5847,1.0
2018-03-20 10:00:00,0.31,852.1585,1.0
2018-03-20 11:00:00,0.35,935.7075,1.0
2018-03-20 12:00:00,0.31,942.98553,1.0
2018-03-20 13:00:00,0.02,844.6299,1.0
2018-03-20 14:00:00,0.02,707.7921,1.0
2018-03-20 15:00:00,0.0,518.47894,1.0
2018-03-20 16:00:00,0.02,292.7088,1.0
2018-03-20 17:00:00,0.0,82.64621,1.0
2018-03-20 18:00:00,0.57,0.0,0.2075
2018-03-20 19:00:00,0.6,0.0,0.0
2018-03-20 20:00:00,0.73,0.0,0.0
2018-03-20 21:00:00,0.85,0.0,0.0
2018-03-20 22:00:00,1.0,0.0,0.0
2018-03-20 23:00:00,0.28,0.0,0.0
2018-03-21 00:00:00,0.25,0.0,0.0
2018-03-21 01:00:00,0.22,0.0,0.0
2018-03-21 02:00:00,0.0,0.0,0.0
2018-03-21 03:00:00,0.0,0.0,0.0
2018-03-21 04:00:00,0.0,0.0,0.0
2018-03-21 05:00:00,0.0,0.0,0.0
2018-03-21 06:00:00,0.34,62.84637,0.9702777777777778
2018-03-21 07:00:00,0.1,281.87292,1.0
2018-03-21 08:00:00,0.19,512.1937,1.0
2018-03-21 09:00:00,0.0,720.76154,1.0
2018-03-21 10:00:00,0.25,849.27515,1.0
2018-03-21 11:00:00,0.71,902.5349,1.0
2018-03-21 12:00:00,0.66,823.5383,1.0
2018-03-21 13:00:00,0.99,776.35724,1.0
2018-03-21 14:00:00,1.0,618.428,1.0
2018-03-21 15:00:00,1.0,358.2812,1.0
2018-03-21 16:00:00,0.87,248.33919,1.0
2018-03-21 17:00:00,0.31,81.51353,1.0
2018-03-21 18:00:00,0.52,0.0,0.22444444444444445
2018-03-21 19:00:00,0.98,0.0,0.0
2018-03-21 20:00:00,0.93,0.0,0.0
2018-03-21 21:00:00,0.96,0.0,0.0
2018-03-21 22:00:00,0.55,0.0,0.0
2018-03-21 23:00:00,0.36,0.0,0.0
2018-03-22 00:00:00,0.6,0.0,0.0
2018-03-22 01:00:00,0.51,0.0,0.0
2018-03-22 02:00:00,0.3,0.0,0.0
2018-03-22 03:00:00,0.39,0.0,0.0
2018-03-22 04:00:00,0.0,0.0,0.0
2018-03-22 05:00:00,0.0,0.0,0.0
2018-03-22 06:00:00,0.0,68.77125,0.9969444444444444
2018-03-22 07:00:00,0.06,267.57248,1.0
2018-03-22 08:00:00,0.0,507.79434,1.0
2018-03-22 09:00:00,0.0,705.2602,1.0
2018-03-22 10:00:00,0.49,805.8264,1.0
2018-03-22 11:00:00,0.25,905.1973,1.0
2018-03-22 12:00:00,0.56,718.4637,1.0
2018-03-22 13:00:00,0.73,552.34357,1.0
2018-03-22 14:00:00,0.99,164.32292,1.0
2018-03-22 15:00:00,0.91,232.14159,1.0
2018-03-22 16:00:00,0.9,113.19151,1.0
2018-03-22 17:00:00,0.83,64.49829,1.0
2018-03-22 18:00:00,0.84,0.0,0.24138888888888888
2018-03-22 19:00:00,0.37,0.0,0.0
2018-03-22 20:00:00,0.4,0.0,0.0
2018-03-22 21:00:00,0.95,0.0,0.0
2018-03-22 22:00:00,0.91,0.0,0.0
2018-03-22 23:00:00,0.95,0.0,0.0
2018-03-23 00:00:00,0.42,0.0,0.0
2018-03-23 01:00:00,0.21,0.0,0.0
2018-03-23 02:00:00,0.12,0.0,0.0
2018-03-23 03:00:00,0.47,0.0,0.0
2018-03-23 04:00:00,0.72,0.0,0.0
2018-03-23 05:00:00,0.13,0.0,0.023333333333333334
2018-03-23 06:00:00,0.0,74.02845,1.0
2018-03-23 07:00:00,0.0,291.64932,1.0
2018-03-23 08:00:00,0.0,521.7334,1.0
2018-03-23 09:00:00,0.05,708.57666,1.0
2018-03-23 10:00:00,0.39,744.7781,1.0
2018-03-23 11:00:00,0.74,668.40735,1.0
2018-03-23 12:00:00,0.05,860.26605,1.0
2018-03-23 13:00:00,0.0,859.67065,1.0
2018-03-23 14:00:00,0.03,723.9991,1.0
2018-03-23 15:00:00,0.03,523.1008,1.0
2018-03-23 16:00:00,0.01,302.40598,1.0
2018-03-23 17:00:00,0.0,85.868385,1.0
2018-03-23 18:00:00,0.03,0.0,0.25833333333333336
2018-03-23 19:00:00,0.09,0.0,0.0
2018-03-23 20:00:00,0.11,0.0,0.0
2018-03-23 21:00:00,0.2,0.0,0.0
2018-03-23 22:00:00,0.01,0.0,0.0
2018-03-23 23:00:00,0.0,0.0,0.0
2018-03-24 00:00:00,0.04,0.0,0.0
2018-03-24 01:00:00,0.01,0.0,0.0
2018-03-24 02:00:00,0.01,0.0,0.0
2018-03-24 03:00:00,0.02,0.0,0.0
2018-03-24 04:00:00,0.0,0.0,0.0
2018-03-24 05:00:00,0.0,0.0,0.04972222222222222
2018-03-24 06:00:00,0.01,81.14333,1.0
2018-03-24 07:00:00,0.3,303.99408,1.0
2018-03-24 08:00:00,0.32,529.59686,1.0
2018-03-24 09:00:00,0.64,716.732,1.0
2018-03-24 10:00:00,0.55,869.0872,1.0
2018-03-24 11:00:00,0.55,925.17737,1.0
2018-03-24 12:00:00,0.81,910.9154,1.0
2018-03-24 13:00:00,0.49,859.4667,1.0
2018-03-24 14:00:00,0.45,625.08716,1.0
2018-03-24 15:00:00,0.41,463.5196,1.0
2018-03-24 16:00:00,0.68,166.6374,1.0
2018-03-24 17:00:00,0.97,43.732616,1.0
2018-03-24 18:00:00,1.0,0.99392307,0.2752777777777778
2018-03-24 19:00:00,0.55,0.0,0.0
2018-03-24 20:00:00,0.06,0.0,0.0
2018-03-24 21:00:00,0.17,0.0,0.0
2018-03-24 22:00:00,0.0,0.0,0.0
2018-03-24 23:00:00,0.0,0.0,0.0
2018-03-25 00:00:00,0.0,0.0,0.0
2018-03-25 01:00:00,0.0,0.0,0.0
2018-03-25 02:00:00,0.0,0.0,0.0
2018-03-25 03:00:00,0.0,0.0,0.0
2018-03-25 04:00:00,0.0,0.0,0.0
2018-03-25 05:00:00,0.0,0.0,0.07583333333333334
2018-03-25 06:00:00,0.0,84.27107,1.0
2018-03-25 07:00:00,0.01,302.86725,1.0
2018-03-25 08:00:00,0.16,527.7523,1.0
2018-03-25 09:00:00,0.4,715.32904,1.0
2018-03-25 10:00:00,0.31,853.47815,1.0
2018-03-25 11:00:00,0.32,851.1482,1.0
2018-03-25 12:00:00,0.5,858.3119,1.0
2018-03-25 13:00:00,0.48,774.45844,1.0
2018-03-25 14:00:00,0.7,571.4204,1.0
2018-03-25 15:00:00,0.33,340.0554,1.0
2018-03-25 16:00:00,0.6,256.47046,1.0
2018-03-25 17:00:00,0.37,75.37562,1.0
2018-03-25 18:00:00,0.86,1.9878461,0.29194444444444445
2018-03-25 19:00:00,0.6,0.0,0.0
2018-03-25 20:00:00,0.51,0.0,0.0
2018-03-25 21:00:00,0.52,0.0,0.0
2018-03-25 22:00:00,0.62,0.0,0.0
2018-03-25 23:00:00,0.69,0.0,0.0
2018-03-26 00:00:00,0.96,0.0,0.0
2018-03-26 01:00:00,0.99,0.0,0.0
2018-03-26 02:00:00,1.0,0.0,0.0
2018-03-26 03:00:00,1.0,0.0,0.0
2018-03-26 04:00:00,1.0,0.0,0.0
2018-03-26 05:00:00,1.0,0.0,0.10222222222222223
2018-03-26 06:00:00,1.0,54.6099,1.0
2018-03-26 07:00:00,1.0,179.4983,1.0
2018-03-26 08:00:00,0.95,358.1668,1.0
2018-03-26 09:00:00,0.6,610.64996,1.0
2018-03-26 10:00:00,0.25,735.8369,1.0
2018-03-26 11:00:00,0.38,788.93933,1.0
2018-03-26 12:00:00,0.55,721.8802,1.0
2018-03-26 13:00:00,0.7,622.3972,1.0
2018-03-26 14:00:00,0.6,490.69406,1.0
2018-03-26 15:00:00,0.6,409.2164,1.0
2018-03-26 16:00:00,1.0,165.72339,1.0
2018-03-26 17:00:00,0.93,40.287876,1.0
2018-03-26 18:00:00,1.0,0.99392307,0.3088888888888889
2018-03-26 19:00:00,1.0,0.0,0.0
2018-03-26 20:00:00,1.0,0.0,0.0
2018-03-26 21:00:00,1.0,0.0,0.0
2018-03-26 22:00:00,1.0,0.0,0.0
2018-03-26 23:00:00,1.0,0.0,0.0
2018-03-27 00:00:00,1.0,0.0,0.0
2018-03-27 01:00:00,0.99,0.0,0.0
2018-03-27 02:00:00,1.0,0.0,0.0
2018-03-27 03:00:00,0.99,0.0,0.0
2018-03-27 04:00:00,0.92,0.0,0.0
2018-03-27 05:00:00,0.93,0.0,0.1288888888888889
2018-03-27 06:00:00,0.82,62.328926,1.0
2018-03-27 07:00:00,0.2,294.38565,1.0
2018-03-27 08:00:00,0.26,484.20047,1.0
2018-03-27 09:00:00,0.49,582.74854,1.0
2018-03-27 10:00:00,0.78,842.45703,1.0
2018-03-27 11:00:00,1.0,860.81464,1.0
2018-03-27 12:00:00,0.88,945.16174,1.0
2018-03-27 13:00:00,0.95,891.49915,1.0
2018-03-27 14:00:00,0.54,738.6003,1.0
2018-03-27 15:00:00,0.37,538.34076,1.0
2018-03-27 16:00:00,0.2,296.34058,1.0
2018-03-27 17:00:00,0.06,92.64864,1.0
2018-03-27 18:00:00,0.0,1.9893655,0.32555555555555554
2018-03-27 19:00:00,0.0,0.0,0.0
2018-03-27 20:00:00,0.0,0.0,0.0
2018-03-27 21:00:00,0.0,0.0,0.0
2018-03-27 22:00:00,0.0,0.0,0.0
2018-03-27 23:00:00,0.0,0.0,0.0
2018-03-28 00:00:00,0.0,0.0,0.0
2018-03-28 01:00:00,0.0,0.0,0.0
2018-03-28 02:00:00,0.0,0.0,0.0
2018-03-28 03:00:00,0.0,0.0,0.0
2018-03-28 04:00:00,0.0,0.0,0.0
2018-03-28 05:00:00,0.4,0.0,0.15555555555555556
2018-03-28 06:00:00,0.67,82.77175,1.0
2018-03-28 07:00:00,0.86,139.36519,1.0
2018-03-28 08:00:00,0.73,395.17636,1.0
2018-03-28 09:00:00,0.86,581.346,1.0
2018-03-28 10:00:00,0.46,610.43915,1.0
2018-03-28 11:00:00,0.7,736.01306,1.0
2018-03-28 12:00:00,0.87,687.7784,1.0
2018-03-28 13:00:00,0.83,567.1511,1.0
2018-03-28 14:00:00,0.69,450.65164,1.0
2018-03-28 15:00:00,0.55,374.40677,1.0
2018-03-28 16:00:00,0.83,154.0143,1.0
2018-03-28 17:00:00,0.78,39.756924,1.0
2018-03-28 18:00:00,0.93,1.9878461,0.3422222222222222
2018-03-28 19:00:00,0.8,0.0,0.0
2018-03-28 20:00:00,0.94,0.0,0.0
2018-03-28 21:00:00,0.72,0.0,0.0
2018-03-28 22:00:00,0.67,0.0,0.0
2018-03-28 23:00:00,0.25,0.0,0.0
2018-03-29 00:00:00,0.17,0.0,0.0
2018-03-29 01:00:00,0.13,0.0,0.0
2018-03-29 02:00:00,0.08,0.0,0.0
2018-03-29 03:00:00,0.04,0.0,0.0
2018-03-29 04:00:00,0.0,0.0,0.0
2018-03-29 05:00:00,0.01,0.0,0.18222222222222223
2018-03-29 06:00:00,0.04,101.69773,1.0
2018-03-29 07:00:00,0.11,298.72888,1.0
2018-03-29 08:00:00,0.27,472.02136,1.0
2018-03-29 09:00:00,0.68,479.07175,1.0
2018-03-29 10:00:00,0.26,821.9968,1.0
2018-03-29 11:00:00,0.36,841.76556,1.0
2018-03-29 12:00:00,0.55,790.07635,1.0
2018-03-29 13:00:00,0.62,766.18427,1.0
2018-03-29 14:00:00,0.68,582.04047,1.0
2018-03-29 15:00:00,0.43,481.4971,1.0
2018-03-29 16:00:00,0.46,257.46884,1.0
2018-03-29 17:00:00,0.27,49.36488,1.0
2018-03-29 18:00:00,0.91,1.9878461,0.3591666666666667
2018-03-29 19:00:00,0.97,0.0,0.0
2018-03-29 20:00:00,0.87,0.0,0.0
2018-03-29 21:00:00,0.76,0.0,0.0
2018-03-29 22:00:00,0.43,0.0,0.0
2018-03-29 23:00:00,0.0,0.0,0.0
2018-03-30 00:00:00,0.01,0.0,0.0
2018-03-30 01:00:00,0.0,0.0,0.0
2018-03-30 02:00:00,0.0,0.0,0.0
2018-03-30 03:00:00,0.02,0.0,0.0
2018-03-30 04:00:00,0.0,0.0,0.0
2018-03-30 05:00:00,0.0,0.0,0.20916666666666667
2018-03-30 06:00:00,0.0,105.32261,1.0
2018-03-30 07:00:00,0.25,321.25262,1.0
2018-03-30 08:00:00,0.35,546.7058,1.0
2018-03-30 09:00:00,0.42,759.38824,1.0
2018-03-30 10:00:00,0.85,891.149,1.0
2018-03-30 11:00:00,0.83,947.94885,1.0
2018-03-30 12:00:00,0.57,953.8094,1.0
2018-03-30 13:00:00,0.63,874.55615,1.0
2018-03-30 14:00:00,0.79,728.7702,1.0
2018-03-30 15:00:00,0.64,529.7478,1.0
2018-03-30 16:00:00,0.48,303.79877,1.0
2018-03-30 17:00:00,0.36,93.52438,1.0
2018-03-30 18:00:00,0.88,2.9832883,0.37583333333333335
2018-03-30 19:00:00,0.9,0.0,0.0
2018-03-30 20:00:00,0.94,0.0,0.0
2018-03-30 21:00:00,0.76,0.0,0.0
2018-03-30 22:00:00,0.43,0.0,0.0
2018-03-30 23:00:00,0.42,0.0,0.0
2018-03-31 00:00:00,0.53,0.0,0.0
2018-03-31 01:00:00,0.55,0.0,0.0
2018-03-31 02:00:00,0.29,0.0,0.0
2018-03-31 03:00:00,0.26,0.0,0.0
2018-03-31 04:00:00,0.0,0.0,0.0
2018-03-31 05:00:00,0.0,0.0,0.23583333333333334
2018-03-31 06:00:00,0.15,100.82238,1.0
2018-03-31 07:00:00,0.22,283.26935,1.0
2018-03-31 08:00:00,0.37,414.83276,1.0
2018-03-31 09:00:00,0.62,466.38412,1.0
2018-03-31 10:00:00,0.74,607.879,1.0
2018-03-31 11:00:00,0.46,836.64886,1.0
2018-03-31 12:00:00,0.55,851.99493,1.0
2018-03-31 13:00:00,0.64,819.8331,1.0
2018-03-31 14:00:00,0.25,659.1337,1.0
2018-03-31 15:00:00,0.58,499.74402,1.0
2018-03-31 16:00:00,0.81,282.71112,1.0
2018-03-31 17:00:00,0.75,92.645164,1.0
2018-03-31 18:00:00,0.21,3.9772115,0.3925
2018-03-31 19:00:00,0.64,0.0,0.0
2018-03-31 20:00:00,0.96,0.0,0.0
2018-03-31 21:00:00,1.0,0.0,0.0
2018-03-31 22:00:00,1.0,0.0,0.0
2018-03-31 23:00:00,1.0,0.0,0.0
2018-04-01 00:00:00,1.0,0.0,0.0
2018-04-01 01:00:00,1.0,0.0,0.0
2018-04-01 02:00:00,1.0,0.0,0.0
2018-04-01 03:00:00,1.0,0.0,0.0
2018-04-01 04:00:00,0.99,0.0,0.0
2018-04-01 05:00:00,1.0,0.0,0.2627777777777778
2018-04-01 06:00:00,1.0,51.992878,1.0
2018-04-01 07:00:00,0.05,349.0519,1.0
2018-04-01 08:00:00,0.01,574.65985,1.0
2018-04-01 09:00:00,0.0,775.451,1.0
2018-04-01 10:00:00,0.0,902.9832,1.0
2018-04-01 11:00:00,0.0,979.1211,1.0
2018-04-01 12:00:00,0.0,967.4501,1.0
2018-04-01 13:00:00,0.0,879.06805,1.0
2018-04-01 14:00:00,0.0,723.80554,1.0
2018-04-01 15:00:00,0.0,533.45355,1.0
2018-04-01 16:00:00,0.0,314.73584,1.0
2018-04-01 17:00:00,0.0,102.43515,1.0
2018-04-01 18:00:00,0.13,3.978731,0.4091666666666667
2018-04-01 19:00:00,0.06,0.0,0.0
2018-04-01 20:00:00,0.07,0.0,0.0
2018-04-01 21:00:00,0.0,0.0,0.0
2018-04-01 22:00:00,0.0,0.0,0.0
2018-04-01 23:00:00,0.0,0.0,0.0
2018-04-02 00:00:00,0.0,0.0,0.0
2018-04-02 01:00:00,0.0,0.0,0.0
2018-04-02 02:00:00,0.0,0.0,0.0
2018-04-02 03:00:00,0.0,0.0,0.0
2018-04-02 04:00:00,0.15,0.0,0.0
2018-04-02 05:00:00,0.0,1.9878461,0.2897222222222222
2018-04-02 06:00:00,0.0,120.23433,1.0
2018-04-02 07:00:00,0.0,348.72992,1.0
2018-04-02 08:00:00,0.05,574.9313,1.0
2018-04-02 09:00:00,0.8,752.998,1.0
2018-04-02 10:00:00,1.0,879.77844,1.0
2018-04-02 11:00:00,0.91,943.9033,1.0
2018-04-02 12:00:00,0.53,959.1143,1.0
2018-04-02 13:00:00,0.87,687.1777,1.0
2018-04-02 14:00:00,0.99,577.4641,1.0
2018-04-02 15:00:00,0.98,329.95456,1.0
2018-04-02 16:00:00,0.83,225.03575,1.0
2018-04-02 17:00:00,0.79,103.29379,1.0
2018-04-02 18:00:00,0.2,4.972654,0.42583333333333334
2018-04-02 19:00:00,0.48,0.0,0.0
2018-04-02 20:00:00,0.16,0.0,0.0
2018-04-02 21:00:00,0.0,0.0,0.0
2018-04-02 22:00:00,0.0,0.0,0.0
2018-04-02 23:00:00,0.22,0.0,0.0
2018-04-03 00:00:00,0.82,0.0,0.0
2018-04-03 01:00:00,0.02,0.0,0.0
2018-04-03 02:00:00,0.34,0.0,0.0
2018-04-03 03:00:00,0.02,0.0,0.0
2018-04-03 04:00:00,0.01,0.0,0.0
2018-04-03 05:00:00,0.0,1.9878461,0.3163888888888889
2018-04-03 06:00:00,0.0,130.58356,1.0
2018-04-03 07:00:00,0.0,368.44586,1.0
2018-04-03 08:00:00,0.0,616.4915,1.0
2018-04-03 09:00:00,0.0,810.09326,1.0
2018-04-03 10:00:00,0.0,944.72266,1.0
2018-04-03 11:00:00,0.0,1010.47504,1.0
2018-04-03 12:00:00,0.0,1003.4039,1.0
2018-04-03 13:00:00,0.0,923.0089,1.0
2018-04-03 14:00:00,0.0,773.5691,1.0
2018-04-03 15:00:00,0.2,570.4328,1.0
2018-04-03 16:00:00,0.0,338.368,1.0
2018-04-03 17:00:00,0.0,113.20054,1.0
2018-04-03 18:00:00,0.0,3.9802501,0.4425
2018-04-03 19:00:00,0.0,0.0,0.0
2018-04-03 20:00:00,0.06,0.0,0.0
2018-04-03 21:00:00,0.3,0.0,0.0
2018-04-03 22:00:00,0.26,0.0,0.0
2018-04-03 23:00:00,0.71,0.0,0.0
2018-04-04 00:00:00,0.69,0.0,0.0
2018-04-04 01:00:00,0.41,0.0,0.0
2018-04-04 02:00:00,0.16,0.0,0.0
2018-04-04 03:00:00,0.0,0.0,0.0
2018-04-04 04:00:00,0.0,0.0,0.0
2018-04-04 05:00:00,0.1,3.6031284,0.34305555555555556
2018-04-04 06:00:00,0.41,112.31144,1.0
2018-04-04 07:00:00,0.45,334.66495,1.0
2018-04-04 08:00:00,0.13,595.59955,1.0
2018-04-04 09:00:00,0.51,788.1938,1.0
2018-04-04 10:00:00,0.57,927.5674,1.0
2018-04-04 11:00:00,0.36,986.2478,1.0
2018-04-04 12:00:00,0.36,978.07635,1.0
2018-04-04 13:00:00,0.9,864.20197,1.0
2018-04-04 14:00:00,0.9,733.8398,1.0
2018-04-04 15:00:00,0.88,479.9323,1.0
2018-04-04 16:00:00,0.98,228.73206,1.0
2018-04-04 17:00:00,1.0,100.740654,1.0
2018-04-04 18:00:00,0.84,4.972654,0.45944444444444443
2018-04-04 19:00:00,0.79,0.0,0.0
2018-04-04 20:00:00,0.79,0.0,0.0
2018-04-04 21:00:00,0.71,0.0,0.0
2018-04-04 22:00:00,0.96,0.0,0.0
2018-04-04 23:00:00,0.94,0.0,0.0
2018-04-05 00:00:00,0.61,0.0,0.0
2018-04-05 01:00:00,0.0,0.0,0.0
2018-04-05 02:00:00,0.0,0.0,0.0
2018-04-05 03:00:00,0.01,0.0,0.0
2018-04-05 04:00:00,0.44,0.0,0.0
2018-04-05 05:00:00,0.67,4.540662,0.36972222222222223
2018-04-05 06:00:00,0.79,127.22197,1.0
2018-04-05 07:00:00,0.95,333.46988,1.0
2018-04-05 08:00:00,1.0,529.4683,1.0
2018-04-05 09:00:00,0.99,677.3185,1.0
2018-04-05 10:00:00,1.0,830.7502,1.0
2018-04-05 11:00:00,1.0,784.32745,1.0
2018-04-05 12:00:00,0.96,701.0602,1.0
2018-04-05 13:00:00,0.99,723.2545,1.0
2018-04-05 14:00:00,0.95,532.47864,1.0
2018-04-05 15:00:00,0.99,374.15024,1.0
2018-04-05 16:00:00,0.99,160.8887,1.0
2018-04-05 17:00:00,0.99,39.510223,1.0
2018-04-05 18:00:00,1.0,3.9756923,0.4761111111111111
2018-04-05 19:00:00,0.99,0.0,0.0
2018-04-05 20:00:00,1.0,0.0,0.0
2018-04-05 21:00:00,0.6,0.0,0.0
2018-04-05 22:00:00,1.0,0.0,0.0
2018-04-05 23:00:00,1.0,0.0,0.0
2018-04-06 00:00:00,1.0,0.0,0.0
2018-04-06 01:00:00,1.0,0.0,0.0
2018-04-06 02:00:00,0.06,0.0,0.0
2018-04-06 03:00:00,0.83,0.0,0.0
2018-04-06 04:00:00,0.77,0.0,0.0
2018-04-06 05:00:00,0.97,3.9756923,0.39611111111111114
2018-04-06 06:00:00,1.0,68.84948,1.0
2018-04-06 07:00:00,0.99,186.11647,1.0
2018-04-06 08:00:00,1.0,168.41978,1.0
2018-04-06 09:00:00,1.0,154.05807,1.0
2018-04-06 10:00:00,1.0,272.81616,1.0
2018-04-06 11:00:00,1.0,327.76886,1.0
2018-04-06 12:00:00,1.0,258.29028,1.0
2018-04-06 13:00:00,1.0,303.652,1.0
2018-04-06 14:00:00,1.0,287.14774,1.0
2018-04-06 15:00:00,1.0,183.03027,1.0
2018-04-06 16:00:00,0.99,141.44876,1.0
2018-04-06 17:00:00,0.99,32.79946,1.0
2018-04-06 18:00:00,1.0,2.981769,0.49277777777777776
2018-04-06 19:00:00,1.0,0.0,0.0
2018-04-06 20:00:00,0.99,0.0,0.0
2018-04-06 21:00:00,0.99,0.0,0.0
2018-04-06 22:00:00,0.99,0.0,0.0
2018-04-06 23:00:00,1.0,0.0,0.0
2018-04-07 00:00:00,0.99,0.0,0.0
2018-04-07 01:00:00,0.99,0.0,0.0
2018-04-07 02:00:00,0.99,0.0,0.0
2018-04-07 03:00:00,0.99,0.0,0.0
2018-04-07 04:00:00,1.0,0.0,0.0
2018-04-07 05:00:00,1.0,2.981769,0.4225
2018-04-07 06:00:00,0.95,48.38288,1.0
2018-04-07 07:00:00,0.91,208.2546,1.0
2018-04-07 08:00:00,0.94,415.4061,1.0
2018-04-07 09:00:00,0.97,639.7707,1.0
2018-04-07 10:00:00,0.22,850.9804,1.0
2018-04-07 11:00:00,0.57,908.6185,1.0
2018-04-07 12:00:00,0.8,825.9481,1.0
2018-04-07 13:00:00,0.67,789.76996,1.0
2018-04-07 14:00:00,0.97,557.63464,1.0
2018-04-07 15:00:00,0.95,362.7759,1.0
2018-04-07 16:00:00,0.94,197.66548,1.0
2018-04-07 17:00:00,0.85,66.090996,1.0
2018-04-07 18:00:00,0.9,5.969513,0.5094444444444445
2018-04-07 19:00:00,1.0,0.0,0.0
2018-04-07 20:00:00,0.99,0.0,0.0
2018-04-07 21:00:00,0.99,0.0,0.0
2018-04-07 22:00:00,1.0,0.0,0.0
2018-04-07 23:00:00,0.73,0.0,0.0
2018-04-08 00:00:00,0.97,0.0,0.0
2018-04-08 01:00:00,0.33,0.0,0.0
2018-04-08 02:00:00,0.04,0.0,0.0
2018-04-08 03:00:00,0.3,0.0,0.0
2018-04-08 04:00:00,0.98,0.0,0.0
2018-04-08 05:00:00,0.96,5.3979077,0.4486111111111111
2018-04-08 06:00:00,0.01,151.69572,1.0
2018-04-08 07:00:00,0.0,381.3906,1.0
2018-04-08 08:00:00,0.01,599.68335,1.0
2018-04-08 09:00:00,0.01,803.55457,1.0
2018-04-08 10:00:00,0.02,937.07513,1.0
2018-04-08 11:00:00,0.01,986.52313,1.0
2018-04-08 12:00:00,0.38,977.13763,1.0
2018-04-08 13:00:00,0.35,896.76587,1.0
2018-04-08 14:00:00,0.12,718.7677,1.0
2018-04-08 15:00:00,0.6,503.26926,1.0
2018-04-08 16:00:00,0.09,321.14374,1.0
2018-04-08 17:00:00,0.02,117.64356,1.0
2018-04-08 18:00:00,0.26,6.9843903,0.5261111111111111
2018-04-08 19:00:00,0.39,0.0,0.0
2018-04-08 20:00:00,0.67,0.0,0.0
2018-04-08 21:00:00,0.45,0.0,0.0
2018-04-08 22:00:00,0.82,0.0,0.0
2018-04-08 23:00:00,0.9,0.0,0.0
2018-04-09 00:00:00,0.87,0.0,0.0
2018-04-09 01:00:00,0.38,0.0,0.0
2018-04-09 02:00:00,0.21,0.0,0.0
2018-04-09 03:00:00,0.52,0.0,0.0
2018-04-09 04:00:00,0.61,0.0,0.0
2018-04-09 05:00:00,0.72,7.73985,0.47444444444444445
2018-04-09 06:00:00,0.93,96.2339,1.0
2018-04-09 07:00:00,1.0,155.6459,1.0
2018-04-09 08:00:00,0.96,352.3379,1.0
2018-04-09 09:00:00,0.96,605.85693,1.0
2018-04-09 10:00:00,0.68,850.508,1.0
2018-04-09 11:00:00,0.17,942.03107,1.0
2018-04-09 12:00:00,0.65,908.83575,1.0
2018-04-09 13:00:00,0.21,839.3205,1.0
2018-04-09 14:00:00,0.13,760.3304,1.0
2018-04-09 15:00:00,0.33,509.56857,1.0
2018-04-09 16:00:00,0.09,307.3463,1.0
2018-04-09 17:00:00,0.2,111.855194,1.0
2018-04-09 18:00:00,0.06,7.016642,0.5425
2018-04-09 19:00:00,0.03,0.0,0.0
2018-04-09 20:00:00,0.01,0.0,0.0
2018-04-09 21:00:00,0.03,0.0,0.0
2018-04-09 22:00:00,0.02,0.0,0.0
2018-04-09 23:00:00,0.02,0.0,0.0
2018-04-10 00:00:00,0.0,0.0,0.0
2018-04-10 01:00:00,0.0,0.0,0.0
2018-04-10 02:00:00,0.01,0.0,0.0
2018-04-10 03:00:00,0.01,0.0,0.0
2018-04-10 04:00:00,0.06,0.0,0.0
2018-04-10 05:00:00,0.06,10.017577,0.5
2018-04-10 06:00:00,0.18,156.88518,1.0
2018-04-10 07:00:00,0.59,387.69064,1.0
2018-04-10 08:00:00,0.76,592.6932,1.0
2018-04-10 09:00:00,0.76,772.8413,1.0
2018-04-10 10:00:00,0.56,933.11633,1.0
2018-04-10 11:00:00,0.71,999.7194,1.0
2018-04-10 12:00:00,0.65,984.37396,1.0
2018-04-10 13:00:00,0.93,825.1724,1.0
2018-04-10 14:00:00,0.97,515.7608,1.0
2018-04-10 15:00:00,1.0,356.17343,1.0
2018-04-10 16:00:00,1.0,248.556,1.0
2018-04-10 17:00:00,1.0,56.13661,1.0
2018-04-10 18:00:00,1.0,3.9961443,0.5591666666666667
2018-04-10 19:00:00,1.0,0.0,0.0
2018-04-10 20:00:00,1.0,0.0,0.0
2018-04-10 21:00:00,1.0,0.0,0.0
2018-04-10 22:00:00,1.0,0.0,0.0
2018-04-10 23:00:00,1.0,0.0,0.0
2018-04-11 00:00:00,1.0,0.0,0.0
2018-04-11 01:00:00,1.0,0.0,0.0
2018-04-11 02:00:00,1.0,0.0,0.0
2018-04-11 03:00:00,1.0,0.0,0.0
2018-04-11 04:00:00,1.0,0.0,0.0
2018-04-11 05:00:00,1.0,9.598442,0.5255555555555556
2018-04-11 06:00:00,1.0,144.74287,1.0
2018-04-11 07:00:00,0.66,384.8115,1.0
2018-04-11 08:00:00,0.43,609.4635,1.0
2018-04-11 09:00:00,0.04,789.16595,1.0
2018-04-11 10:00:00,0.02,923.01935,1.0
2018-04-11 11:00:00,0.0,996.7136,1.0
2018-04-11 12:00:00,0.0,994.1442,1.0
2018-04-11 13:00:00,0.0,918.976,1.0
2018-04-11 14:00:00,0.01,768.8826,1.0
2018-04-11 15:00:00,0.0,572.0415,1.0
2018-04-11 16:00:00,0.0,348.5123,1.0
2018-04-11 17:00:00,0.33,128.54356,1.0
2018-04-11 18:00:00,0.31,9.049151,0.5758333333333333
2018-04-11 19:00:00,0.71,0.0,0.0
2018-04-11 20:00:00,0.41,0.0,0.0
2018-04-11 21:00:00,0.24,0.0,0.0
2018-04-11 22:00:00,0.09,0.0,0.0
2018-04-11 23:00:00,0.0,0.0,0.0
2018-04-12 00:00:00,0.25,0.0,0.0
2018-04-12 01:00:00,0.21,0.0,0.0
2018-04-12 02:00:00,0.74,0.0,0.0
2018-04-12 03:00:00,0.25,0.0,0.0
2018-04-12 04:00:00,0.45,0.0,0.0
2018-04-12 05:00:00,0.52,12.126233,0.5505555555555556
2018-04-12 06:00:00,0.53,160.60663,1.0
2018-04-12 07:00:00,0.43,396.8285,1.0
2018-04-12 08:00:00,0.62,605.1528,1.0
2018-04-12 09:00:00,0.77,773.2064,1.0
2018-04-12 10:00:00,0.76,903.88776,1.0
2018-04-12 11:00:00,0.36,989.8993,1.0
2018-04-12 12:00:00,0.15,946.0703,1.0
2018-04-12 13:00:00,0.22,860.1667,1.0
2018-04-12 14:00:00,0.08,774.09265,1.0
2018-04-12 15:00:00,0.17,559.96185,1.0
2018-04-12 16:00:00,0.13,334.48782,1.0
2018-04-12 17:00:00,0.43,108.8257,1.0
2018-04-12 18:00:00,0.92,7.982746,0.5925
2018-04-12 19:00:00,0.88,0.0,0.0
2018-04-12 20:00:00,0.37,0.0,0.0
2018-04-12 21:00:00,0.5,0.0,0.0
2018-04-12 22:00:00,0.94,0.0,0.0
2018-04-12 23:00:00,0.93,0.0,0.0
2018-04-13 00:00:00,0.79,0.0,0.0
2018-04-13 01:00:00,0.86,0.0,0.0
2018-04-13 02:00:00,0.68,0.0,0.0
2018-04-13 03:00:00,0.99,0.0,0.0
2018-04-13 04:00:00,0.98,0.0,0.0
2018-04-13 05:00:00,1.0,11.477666,0.575
2018-04-13 06:00:00,0.97,109.29271,1.0
2018-04-13 07:00:00,0.97,248.0334,1.0
2018-04-13 08:00:00,0.99,320.73822,1.0
2018-04-13 09:00:00,1.0,431.82684,1.0
2018-04-13 10:00:00,1.0,512.32336,1.0
2018-04-13 11:00:00,1.0,510.24225,1.0
2018-04-13 12:00:00,1.0,490.3781,1.0
2018-04-13 13:00:00,1.0,463.18362,1.0
2018-04-13 14:00:00,1.0,451.9527,1.0
2018-04-13 15:00:00,1.0,285.77887,1.0
2018-04-13 16:00:00,1.0,127.491425,1.0
2018-04-13 17:00:00,0.98,76.97411,1.0
2018-04-13 18:00:00,1.0,6.9574614,0.6091666666666666
2018-04-13 19:00:00,1.0,0.0,0.0
2018-04-13 20:00:00,0.98,0.0,0.0
2018-04-13 21:00:00,0.96,0.0,0.0
2018-04-13 22:00:00,1.0,0.0,0.0
2018-04-13 23:00:00,0.93,0.0,0.0
2018-04-14 00:00:00,0.83,0.0,0.0
2018-04-14 01:00:00,0.64,0.0,0.0
2018-04-14 02:00:00,0.43,0.0,0.0
2018-04-14 03:00:00,0.08,0.0,0.0
2018-04-14 04:00:00,0.32,0.0,0.0
2018-04-14 05:00:00,0.38,9.441743,0.5994444444444444
2018-04-14 06:00:00,0.45,117.53999,1.0
2018-04-14 07:00:00,0.18,340.71887,1.0
2018-04-14 08:00:00,0.06,603.4539,1.0
2018-04-14 09:00:00,0.48,785.20715,1.0
2018-04-14 10:00:00,0.64,694.4212,1.0
2018-04-14 11:00:00,1.0,858.11444,1.0
2018-04-14 12:00:00,1.0,919.91534,1.0
2018-04-14 13:00:00,0.9,858.6867,1.0
2018-04-14 14:00:00,1.0,674.9575,1.0
2018-04-14 15:00:00,0.84,487.8768,1.0
2018-04-14 16:00:00,1.0,194.17877,1.0
2018-04-14 17:00:00,1.0,91.96156,1.0
2018-04-14 18:00:00,1.0,10.064661,0.6258333333333334
2018-04-14 19:00:00,0.22,0.0,0.0
2018-04-14 20:00:00,0.28,0.0,0.0
2018-04-14 21:00:00,0.63,0.0,0.0
2018-04-14 22:00:00,0.47,0.0,0.0
2018-04-14 23:00:00,0.42,0.0,0.0
2018-04-15 00:00:00,0.58,0.0,0.0
2018-04-15 01:00:00,0.57,0.0,0.0
2018-04-15 02:00:00,0.04,0.0,0.0
2018-04-15 03:00:00,0.01,0.0,0.0
2018-04-15 04:00:00,0.02,0.0,0.0
2018-04-15 05:00:00,0.0,14.049879,0.6238888888888889
2018-04-15 06:00:00,0.41,155.03033,1.0
2018-04-15 07:00:00,0.51,260.25436,1.0
2018-04-15 08:00:00,0.05,542.67975,1.0
2018-04-15 09:00:00,0.02,750.70166,1.0
2018-04-15 10:00:00,0.03,899.98505,1.0
2018-04-15 11:00:00,0.18,954.34607,1.0
2018-04-15 12:00:00,0.41,851.8697,1.0
2018-04-15 13:00:00,0.37,808.8184,1.0
2018-04-15 14:00:00,0.43,598.5487,1.0
2018-04-15 15:00:00,0.61,509.6713,1.0
2018-04-15 16:00:00,0.9,235.65596,1.0
2018-04-15 17:00:00,0.61,79.27526,1.0
2018-04-15 18:00:00,0.93,11.120285,0.6425
2018-04-15 19:00:00,0.0,0.0,0.0
2018-04-15 20:00:00,0.49,0.0,0.0
2018-04-15 21:00:00,0.67,0.0,0.0
2018-04-15 22:00:00,0.1,0.0,0.0
2018-04-15 23:00:00,0.37,0.0,0.0
2018-04-16 00:00:00,0.24,0.0,0.0
2018-04-16 01:00:00,0.2,0.0,0.0
2018-04-16 02:00:00,0.04,0.0,0.0
2018-04-16 03:00:00,0.0,0.0,0.0
2018-04-16 04:00:00,0.36,0.0,0.0
2018-04-16 05:00:00,0.17,18.125256,0.6480555555555556
2018-04-16 06:00:00,0.42,160.28139,1.0
2018-04-16 07:00:00,0.87,355.50653,1.0
2018-04-16 08:00:00,0.71,569.3525,1.0
2018-04-16 09:00:00,0.26,794.4563,1.0
2018-04-16 10:00:00,0.16,936.2927,1.0
2018-04-16 11:00:00,0.67,955.8846,1.0
2018-04-16 12:00:00,0.99,799.8303,1.0
2018-04-16 13:00:00,0.99,634.78735,1.0
2018-04-16 14:00:00,1.0,521.4592,1.0
2018-04-16 15:00:00,1.0,372.05707,1.0
2018-04-16 16:00:00,0.98,230.94421,1.0
2018-04-16 17:00:00,0.93,107.62627,1.0
2018-04-16 18:00:00,0.89,13.024194,0.6591666666666667
2018-04-16 19:00:00,0.82,0.0,0.0
2018-04-16 20:00:00,0.81,0.0,0.0
2018-04-16 21:00:00,0.64,0.0,0.0
2018-04-16 22:00:00,0.56,0.0,0.0
2018-04-16 23:00:00,0.47,0.0,0.0
2018-04-17 00:00:00,0.2,0.0,0.0
2018-04-17 01:00:00,0.0,0.0,0.0
2018-04-17 02:00:00,0.0,0.0,0.0
2018-04-17 03:00:00,0.0,0.0,0.0
2018-04-17 04:00:00,0.0,0.0,0.0
2018-04-17 05:00:00,0.0,21.543877,0.6725
2018-04-17 06:00:00,0.0,191.86014,1.0
2018-04-17 07:00:00,0.0,425.7684,1.0
2018-04-17 08:00:00,0.0,657.2203,1.0
2018-04-17 09:00:00,0.51,823.7581,1.0
2018-04-17 10:00:00,0.38,923.90576,1.0
2018-04-17 11:00:00,0.73,785.45374,1.0
2018-04-17 12:00:00,1.0,844.4214,1.0
2018-04-17 13:00:00,0.3,879.5029,1.0
2018-04-17 14:00:00,0.46,707.9788,1.0
2018-04-17 15:00:00,0.81,478.44266,1.0
2018-04-17 16:00:00,0.39,289.33105,1.0
2018-04-17 17:00:00,0.25,143.77652,1.0
2018-04-17 18:00:00,0.32,12.37709,0.6761111111111111
2018-04-17 19:00:00,0.0,0.0,0.0
2018-04-17 20:00:00,0.0,0.0,0.0
2018-04-17 21:00:00,0.0,0.0,0.0
2018-04-17 22:00:00,0.0,0.0,0.0
2018-04-17 23:00:00,0.0,0.0,0.0
2018-04-18 00:00:00,0.0,0.0,0.0
2018-04-18 01:00:00,0.0,0.0,0.0
2018-04-18 02:00:00,0.0,0.0,0.0
2018-04-18 03:00:00,0.0,0.0,0.0
2018-04-18 04:00:00,0.0,0.0,0.0
2018-04-18 05:00:00,0.0,23.531641,0.6963888888888888
2018-04-18 06:00:00,0.0,197.60701,1.0
2018-04-18 07:00:00,0.0,433.33838,1.0
2018-04-18 08:00:00,0.0,658.17664,1.0
2018-04-18 09:00:00,0.0,842.6402,1.0
2018-04-18 10:00:00,0.0,969.26245,1.0
2018-04-18 11:00:00,0.0,1027.8479,1.0
2018-04-18 12:00:00,0.02,1016.76685,1.0
2018-04-18 13:00:00,0.0,936.13806,1.0
2018-04-18 14:00:00,0.0,787.82587,1.0
2018-04-18 15:00:00,0.0,590.2486,1.0
2018-04-18 16:00:00,0.05,367.02615,1.0
2018-04-18 17:00:00,0.07,146.13101,1.0
2018-04-18 18:00:00,0.07,12.534889,0.6927777777777778
2018-04-18 19:00:00,0.0,0.0,0.0
2018-04-18 20:00:00,0.01,0.0,0.0
2018-04-18 21:00:00,0.01,0.0,0.0
2018-04-18 22:00:00,0.0,0.0,0.0
2018-04-18 23:00:00,0.0,0.0,0.0
2018-04-19 00:00:00,0.0,0.0,0.0
2018-04-19 01:00:00,0.0,0.0,0.0
2018-04-19 02:00:00,0.0,0.0,0.0
2018-04-19 03:00:00,0.0,0.0,0.0
2018-04-19 04:00:00,0.0,0.0,0.0
2018-04-19 05:00:00,0.03,24.351383,0.7205555555555555
2018-04-19 06:00:00,0.68,183.75023,1.0
2018-04-19 07:00:00,0.46,402.45312,1.0
2018-04-19 08:00:00,0.79,624.10406,1.0
2018-04-19 09:00:00,0.76,788.67816,1.0
2018-04-19 10:00:00,0.77,927.7632,1.0
2018-04-19 11:00:00,0.83,980.0637,1.0
2018-04-19 12:00:00,0.68,977.06366,1.0
2018-04-19 13:00:00,0.49,921.01575,1.0
2018-04-19 14:00:00,0.89,746.5127,1.0
2018-04-19 15:00:00,0.8,563.73334,1.0
2018-04-19 16:00:00,0.95,340.94968,1.0
2018-04-19 17:00:00,0.84,134.81905,1.0
2018-04-19 18:00:00,0.85,15.299939,0.7097222222222223
2018-04-19 19:00:00,0.32,0.0,0.0
2018-04-19 20:00:00,0.75,0.0,0.0
2018-04-19 21:00:00,0.68,0.0,0.0
2018-04-19 22:00:00,0.8,0.0,0.0
2018-04-19 23:00:00,0.65,0.0,0.0
2018-04-20 00:00:00,0.92,0.0,0.0
2018-04-20 01:00:00,0.98,0.0,0.0
2018-04-20 02:00:00,0.97,0.0,0.0
2018-04-20 03:00:00,0.24,0.0,0.0
2018-04-20 04:00:00,0.19,0.0,0.0
2018-04-20 05:00:00,0.43,23.921898,0.7444444444444445
2018-04-20 06:00:00,0.74,139.63246,1.0
2018-04-20 07:00:00,0.5,377.65808,1.0
2018-04-20 08:00:00,0.93,445.0013,1.0
2018-04-20 09:00:00,0.96,581.302,1.0
2018-04-20 10:00:00,0.69,930.7118,1.0
2018-04-20 11:00:00,0.57,890.73566,1.0
2018-04-20 12:00:00,0.91,671.8583,1.0
2018-04-20 13:00:00,0.55,604.7316,1.0
2018-04-20 14:00:00,0.89,525.3281,1.0
2018-04-20 15:00:00,0.98,278.97656,1.0
2018-04-20 16:00:00,0.93,241.12837,1.0
2018-04-20 17:00:00,0.83,42.738693,1.0
2018-04-20 18:00:00,0.87,14.123339,0.7263888888888889
2018-04-20 19:00:00,0.98,0.0,0.0
2018-04-20 20:00:00,1.0,0.0,0.0
2018-04-20 21:00:00,1.0,0.0,0.0
2018-04-20 22:00:00,1.0,0.0,0.0
2018-04-20 23:00:00,1.0,0.0,0.0
2018-04-21 00:00:00,1.0,0.0,0.0
2018-04-21 01:00:00,1.0,0.0,0.0
2018-04-21 02:00:00,0.99,0.0,0.0
2018-04-21 03:00:00,1.0,0.0,0.0
2018-04-21 04:00:00,1.0,0.0,0.0
2018-04-21 05:00:00,1.0,3.9756923,0.7680555555555556
2018-04-21 06:00:00,1.0,34.91212,1.0
2018-04-21 07:00:00,1.0,134.27455,1.0
2018-04-21 08:00:00,1.0,212.6948,1.0
2018-04-21 09:00:00,1.0,322.41373,1.0
2018-04-21 10:00:00,1.0,187.22295,1.0
2018-04-21 11:00:00,1.0,262.92117,1.0
2018-04-21 12:00:00,0.98,350.4551,1.0
2018-04-21 13:00:00,1.0,479.18283,1.0
2018-04-21 14:00:00,0.9,437.46646,1.0
2018-04-21 15:00:00,0.81,251.26402,1.0
2018-04-21 16:00:00,0.78,150.18341,1.0
2018-04-21 17:00:00,0.76,54.886627,1.0
2018-04-21 18:00:00,0.89,8.319665,0.7433333333333333
2018-04-21 19:00:00,0.5,0.0,0.0
2018-04-21 20:00:00,0.1,0.0,0.0
2018-04-21 21:00:00,0.04,0.0,0.0
2018-04-21 22:00:00,0.01,0.0,0.0
2018-04-21 23:00:00,0.0,0.0,0.0
2018-04-22 00:00:00,0.0,0.0,0.0
2018-04-22 01:00:00,0.0,0.0,0.0
2018-04-22 02:00:00,0.0,0.0,0.0
2018-04-22 03:00:00,0.0,0.0,0.0
2018-04-22 04:00:00,0.0,0.0,0.0
2018-04-22 05:00:00,0.0,29.163921,0.7913888888888889
2018-04-22 06:00:00,0.02,204.12079,1.0
2018-04-22 07:00:00,0.01,432.0295,1.0
2018-04-22 08:00:00,0.01,647.8698,1.0
2018-04-22 09:00:00,0.01,826.23175,1.0
2018-04-22 10:00:00,0.02,951.77563,1.0
2018-04-22 11:00:00,0.02,1016.42096,1.0
2018-04-22 12:00:00,0.0,1005.84375,1.0
2018-04-22 13:00:00,0.0,919.1257,1.0
2018-04-22 14:00:00,0.01,787.5353,1.0
2018-04-22 15:00:00,0.03,586.24243,1.0
2018-04-22 16:00:00,0.03,366.5203,1.0
2018-04-22 17:00:00,0.08,147.46951,1.0
2018-04-22 18:00:00,0.04,14.770234,0.7602777777777778
2018-04-22 19:00:00,0.05,0.0,0.0
2018-04-22 20:00:00,0.31,0.0,0.0
2018-04-22 21:00:00,0.3,0.0,0.0
2018-04-22 22:00:00,0.52,0.0,0.0
2018-04-22 23:00:00,0.62,0.0,0.0
2018-04-23 00:00:00,0.77,0.0,0.0
2018-04-23 01:00:00,0.7,0.0,0.0
2018-04-23 02:00:00,0.47,0.0,0.0
2018-04-23 03:00:00,0.48,0.0,0.0
2018-04-23 04:00:00,0.32,0.0,0.0
2018-04-23 05:00:00,0.15,30.06708,0.8147222222222222
2018-04-23 06:00:00,0.14,202.11441,1.0
2018-04-23 07:00:00,0.13,427.56265,1.0
2018-04-23 08:00:00,0.16,645.86285,1.0
2018-04-23 09:00:00,0.69,783.3065,1.0
2018-04-23 10:00:00,0.6,884.1636,1.0
2018-04-23 11:00:00,0.43,907.17163,1.0
2018-04-23 12:00:00,0.42,914.25946,1.0
2018-04-23 13:00:00,0.67,794.8854,1.0
2018-04-23 14:00:00,0.7,493.90817,1.0
2018-04-23 15:00:00,0.58,458.89597,1.0
2018-04-23 16:00:00,0.3,321.11514,1.0
2018-04-23 17:00:00,0.43,141.74869,1.0
2018-04-23 18:00:00,0.86,16.229841,0.7769444444444444
2018-04-23 19:00:00,0.92,0.0,0.0
2018-04-23 20:00:00,0.84,0.0,0.0
2018-04-23 21:00:00,0.83,0.0,0.0
2018-04-23 22:00:00,0.8,0.0,0.0
2018-04-23 23:00:00,1.0,0.0,0.0
2018-04-24 00:00:00,1.0,0.0,0.0
2018-04-24 01:00:00,1.0,0.0,0.0
2018-04-24 02:00:00,1.0,0.0,0.0
2018-04-24 03:00:00,1.0,0.0,0.0
2018-04-24 04:00:00,1.0,0.0,0.0
2018-04-24 05:00:00,1.0,6.9574614,0.8377777777777777
2018-04-24 06:00:00,0.98,46.714386,1.0
2018-04-24 07:00:00,1.0,65.59892,1.0
2018-04-24 08:00:00,1.0,133.1857,1.0
2018-04-24 09:00:00,1.0,196.79678,1.0
2018-04-24 10:00:00,1.0,281.2802,1.0
2018-04-24 11:00:00,0.99,423.3671,1.0
2018-04-24 12:00:00,0.98,429.9092,1.0
2018-04-24 13:00:00,0.92,536.5458,1.0
2018-04-24 14:00:00,1.0,308.94202,1.0
2018-04-24 15:00:00,1.0,299.58392,1.0
2018-04-24 16:00:00,1.0,135.61453,1.0
2018-04-24 17:00:00,1.0,101.95574,1.0
2018-04-24 18:00:00,0.91,11.018859,0.7938888888888889
2018-04-24 19:00:00,0.89,0.0,0.0
2018-04-24 20:00:00,0.76,0.0,0.0
2018-04-24 21:00:00,0.87,0.0,0.0
2018-04-24 22:00:00,0.46,0.0,0.0
2018-04-24 23:00:00,0.09,0.0,0.0
2018-04-25 00:00:00,0.16,0.0,0.0
2018-04-25 01:00:00,0.02,0.0,0.0
2018-04-25 02:00:00,0.0,0.0,0.0
2018-04-25 03:00:00,0.0,0.0,0.0
2018-04-25 04:00:00,0.0,0.0,0.0
2018-04-25 05:00:00,0.0,35.927532,0.8605555555555555
2018-04-25 06:00:00,0.0,220.86528,1.0
2018-04-25 07:00:00,0.0,460.3754,1.0
2018-04-25 08:00:00,0.0,688.33466,1.0
2018-04-25 09:00:00,0.0,875.44025,1.0
2018-04-25 10:00:00,0.0,1005.0316,1.0
2018-04-25 11:00:00,0.0,1064.4392,1.0
2018-04-25 12:00:00,0.0,1049.9835,1.0
2018-04-25 13:00:00,0.0,961.8667,1.0
2018-04-25 14:00:00,0.0,809.7222,1.0
2018-04-25 15:00:00,0.0,612.60785,1.0
2018-04-25 16:00:00,0.0,385.77673,1.0
2018-04-25 17:00:00,0.0,160.5853,1.0
2018-04-25 18:00:00,0.0,17.33605,0.8105555555555556
2018-04-25 19:00:00,0.52,0.0,0.0
2018-04-25 20:00:00,0.64,0.0,0.0
2018-04-25 21:00:00,0.84,0.0,0.0
2018-04-25 22:00:00,0.82,0.0,0.0
2018-04-25 23:00:00,0.23,0.0,0.0
2018-04-26 00:00:00,0.95,0.0,0.0
2018-04-26 01:00:00,0.98,0.0,0.0
2018-04-26 02:00:00,1.0,0.0,0.0
2018-04-26 03:00:00,0.26,0.0,0.0
2018-04-26 04:00:00,0.93,0.0,0.0
2018-04-26 05:00:00,0.5,23.27303,0.8830555555555556
2018-04-26 06:00:00,0.8,99.604324,1.0
2018-04-26 07:00:00,0.72,258.83105,1.0
2018-04-26 08:00:00,1.0,237.5348,1.0
2018-04-26 09:00:00,0.67,469.28397,1.0
2018-04-26 10:00:00,1.0,348.1603,1.0
2018-04-26 11:00:00,0.94,453.31116,1.0
2018-04-26 12:00:00,0.65,842.68195,1.0
2018-04-26 13:00:00,0.14,909.3806,1.0
2018-04-26 14:00:00,0.0,792.61035,1.0
2018-04-26 15:00:00,0.0,596.1977,1.0
2018-04-26 16:00:00,0.0,376.27545,1.0
2018-04-26 17:00:00,0.0,158.14253,1.0
2018-04-26 18:00:00,0.0,17.397167,0.8275
2018-04-26 19:00:00,0.0,0.0,0.0
2018-04-26 20:00:00,0.0,0.0,0.0
2018-04-26 21:00:00,0.0,0.0,0.0
2018-04-26 22:00:00,0.0,0.0,0.0
2018-04-26 23:00:00,0.0,0.0,0.0
2018-04-27 00:00:00,0.0,0.0,0.0
2018-04-27 01:00:00,0.0,0.0,0.0
2018-04-27 02:00:00,0.0,0.0,0.0
2018-04-27 03:00:00,0.0,0.0,0.0
2018-04-27 04:00:00,0.0,0.0,0.0
2018-04-27 05:00:00,0.0,40.64687,0.9052777777777777
2018-04-27 06:00:00,0.0,227.37741,1.0
2018-04-27 07:00:00,0.0,462.2832,1.0
2018-04-27 08:00:00,0.0,682.72876,1.0
2018-04-27 09:00:00,0.0,864.3453,1.0
2018-04-27 10:00:00,0.0,989.6667,1.0
2018-04-27 11:00:00,0.0,1046.9979,1.0
2018-04-27 12:00:00,0.0,1029.4286,1.0
2018-04-27 13:00:00,0.0,941.49725,1.0
2018-04-27 14:00:00,0.0,793.8351,1.0
2018-04-27 15:00:00,0.01,599.41956,1.0
2018-04-27 16:00:00,0.05,377.9144,1.0
2018-04-27 17:00:00,0.42,161.32825,1.0
2018-04-27 18:00:00,0.0,19.445164,0.8441666666666666
2018-04-27 19:00:00,0.39,0.0,0.0
2018-04-27 20:00:00,0.23,0.0,0.0
2018-04-27 21:00:00,0.0,0.0,0.0
2018-04-27 22:00:00,0.31,0.0,0.0
2018-04-27 23:00:00,0.39,0.0,0.0
2018-04-28 00:00:00,0.0,0.0,0.0
2018-04-28 01:00:00,0.0,0.0,0.0
2018-04-28 02:00:00,0.0,0.0,0.0
2018-04-28 03:00:00,0.0,0.0,0.0
2018-04-28 04:00:00,0.0,0.0,0.0
2018-04-28 05:00:00,0.03,41.40775,0.9269444444444445
2018-04-28 06:00:00,0.03,224.19449,1.0
2018-04-28 07:00:00,0.1,449.94208,1.0
2018-04-28 08:00:00,0.15,663.423,1.0
2018-04-28 09:00:00,0.0,825.82,1.0
2018-04-28 10:00:00,0.25,890.83325,1.0
2018-04-28 11:00:00,0.62,881.03503,1.0
2018-04-28 12:00:00,0.81,825.81036,1.0
2018-04-28 13:00:00,0.8,672.06854,1.0
2018-04-28 14:00:00,0.95,651.4783,1.0
2018-04-28 15:00:00,0.9,402.3582,1.0
2018-04-28 16:00:00,0.66,310.53055,1.0
2018-04-28 17:00:00,0.43,84.917595,1.0
2018-04-28 18:00:00,0.93,23.263763,0.8608333333333333
2018-04-28 19:00:00,0.91,0.0,0.0
2018-04-28 20:00:00,0.96,0.0,0.0
2018-04-28 21:00:00,1.0,0.0,0.0
2018-04-28 22:00:00,0.99,0.0,0.0
2018-04-28 23:00:00,0.9,0.0,0.0
2018-04-29 00:00:00,0.98,0.0,0.0
2018-04-29 01:00:00,1.0,0.0,0.0
2018-04-29 02:00:00,0.65,0.0,0.0
2018-04-29 03:00:00,0.15,0.0,0.0
2018-04-29 04:00:00,0.0,0.0,0.0
2018-04-29 05:00:00,0.71,40.113117,0.9483333333333334
2018-04-29 06:00:00,1.0,145.33092,1.0
2018-04-29 07:00:00,1.0,358.93854,1.0
2018-04-29 08:00:00,0.22,670.4456,1.0
2018-04-29 09:00:00,0.0,850.4148,1.0
2018-04-29 10:00:00,0.26,969.7711,1.0
2018-04-29 11:00:00,0.93,893.2248,1.0
2018-04-29 12:00:00,0.84,764.6062,1.0
2018-04-29 13:00:00,0.68,823.2785,1.0
2018-04-29 14:00:00,1.0,556.6971,1.0
2018-04-29 15:00:00,0.94,432.03378,1.0
2018-04-29 16:00:00,0.85,290.15274,1.0
2018-04-29 17:00:00,0.85,161.36017,1.0
2018-04-29 18:00:00,0.83,18.83165,0.8775
2018-04-29 19:00:00,0.96,0.0,0.0
2018-04-29 20:00:00,0.95,0.0,0.0
2018-04-29 21:00:00,0.58,0.0,0.0
2018-04-29 22:00:00,0.29,0.0,0.0
2018-04-29 23:00:00,0.0,0.0,0.0
2018-04-30 00:00:00,0.23,0.0,0.0
2018-04-30 01:00:00,0.31,0.0,0.0
2018-04-30 02:00:00,0.23,0.0,0.0
2018-04-30 03:00:00,0.34,0.0,0.0
2018-04-30 04:00:00,0.84,0.0,0.0
2018-04-30 05:00:00,0.95,39.869183,0.9694444444444444
2018-04-30 06:00:00,0.0,234.62404,1.0
2018-04-30 07:00:00,0.01,456.9615,1.0
2018-04-30 08:00:00,0.51,676.17194,1.0
2018-04-30 09:00:00,0.0,827.02893,1.0
2018-04-30 10:00:00,0.17,868.33,1.0
2018-04-30 11:00:00,0.39,968.67584,1.0
2018-04-30 12:00:00,0.09,1014.1964,1.0
2018-04-30 13:00:00,0.28,817.39624,1.0
2018-04-30 14:00:00,0.93,640.29126,1.0
2018-04-30 15:00:00,0.97,385.48874,1.0
2018-04-30 16:00:00,1.0,231.38782,1.0
2018-04-30 17:00:00,0.95,111.66992,1.0
2018-04-30 18:00:00,0.77,19.533823,0.8941666666666667
2018-04-30 19:00:00,0.62,0.0,0.0
2018-04-30 20:00:00,0.01,0.0,0.0
2018-04-30 21:00:00,0.0,0.0,0.0
2018-04-30 22:00:00,0.99,0.0,0.0
2018-04-30 23:00:00,1.0,0.0,0.0
2018-05-01 00:00:00,1.0,0.0,0.0
2018-05-01 01:00:00,0.97,0.0,0.0
2018-05-01 02:00:00,1.0,0.0,0.0
2018-05-01 03:00:00,1.0,0.0,0.0
2018-05-01 04:00:00,0.99,0.0,0.0
2018-05-01 05:00:00,1.0,8.945308,0.99
2018-05-01 06:00:00,1.0,77.48602,1.0
2018-05-01 07:00:00,0.93,224.3552,1.0
2018-05-01 08:00:00,0.69,365.0561,1.0
2018-05-01 09:00:00,0.45,546.1587,1.0
2018-05-01 10:00:00,0.21,726.2842,1.0
2018-05-01 11:00:00,0.14,861.4756,1.0
2018-05-01 12:00:00,0.19,828.5318,1.0
2018-05-01 13:00:00,0.54,716.6352,1.0
2018-05-01 14:00:00,0.34,563.1193,1.0
2018-05-01 15:00:00,0.51,478.6325,1.0
2018-05-01 16:00:00,0.56,260.86072,1.0
2018-05-01 17:00:00,0.7,152.32568,1.0
2018-05-01 18:00:00,0.7,13.480177,0.9108333333333334
2018-05-01 19:00:00,1.0,0.0,0.0
2018-05-01 20:00:00,1.0,0.0,0.0
2018-05-01 21:00:00,1.0,0.0,0.0
2018-05-01 22:00:00,1.0,0.0,0.0
2018-05-01 23:00:00,1.0,0.0,0.0
2018-05-02 00:00:00,1.0,0.0,0.0
2018-05-02 01:00:00,1.0,0.0,0.0
2018-05-02 02:00:00,1.0,0.0,0.0
2018-05-02 03:00:00,1.0,0.0,0.0
2018-05-02 04:00:00,0.99,0.0,0.010277777777777778
2018-05-02 05:00:00,0.99,13.914923,1.0
2018-05-02 06:00:00,1.0,68.73258,1.0
2018-05-02 07:00:00,1.0,103.55206,1.0
2018-05-02 08:00:00,0.98,273.3179,1.0
2018-05-02 09:00:00,0.56,499.85062,1.0
2018-05-02 10:00:00,0.92,623.2397,1.0
2018-05-02 11:00:00,0.89,713.7946,1.0
2018-05-02 12:00:00,0.82,655.5743,1.0
2018-05-02 13:00:00,0.91,438.26596,1.0
2018-05-02 14:00:00,1.0,361.35086,1.0
2018-05-02 15:00:00,1.0,148.77473,1.0
2018-05-02 16:00:00,1.0,132.57448,1.0
2018-05-02 17:00:00,1.0,26.835924,1.0
2018-05-02 18:00:00,1.0,10.054662,0.9272222222222222
2018-05-02 19:00:00,0.98,0.0,0.0
2018-05-02 20:00:00,0.97,0.0,0.0
2018-05-02 21:00:00,0.76,0.0,0.0
2018-05-02 22:00:00,0.99,0.0,0.0
2018-05-02 23:00:00,1.0,0.0,0.0
2018-05-03 00:00:00,1.0,0.0,0.0
2018-05-03 01:00:00,1.0,0.0,0.0
2018-05-03 02:00:00,0.72,0.0,0.0
2018-05-03 03:00:00,0.99,0.0,0.0
2018-05-03 04:00:00,1.0,0.0,0.029722222222222223
2018-05-03 05:00:00,0.99,5.963538,1.0
2018-05-03 06:00:00,1.0,23.854153,1.0
2018-05-03 07:00:00,0.99,66.772545,1.0
2018-05-03 08:00:00,1.0,63.611076,1.0
2018-05-03 09:00:00,1.0,199.75975,1.0
2018-05-03 10:00:00,1.0,192.48552,1.0
2018-05-03 11:00:00,1.0,179.56482,1.0
2018-05-03 12:00:00,1.0,171.25647,1.0
2018-05-03 13:00:00,1.0,405.14133,1.0
2018-05-03 14:00:00,0.84,504.0694,1.0
2018-05-03 15:00:00,0.32,531.1231,1.0
2018-05-03 16:00:00,0.78,218.58412,1.0
2018-05-03 17:00:00,0.81,110.51891,1.0
2018-05-03 18:00:00,0.81,12.522157,0.9436111111111111
2018-05-03 19:00:00,0.94,0.0,0.0
2018-05-03 20:00:00,0.71,0.0,0.0
2018-05-03 21:00:00,0.14,0.0,0.0
2018-05-03 22:00:00,0.02,0.0,0.0
2018-05-03 23:00:00,0.0,0.0,0.0
2018-05-04 00:00:00,0.0,0.0,0.0
2018-05-04 01:00:00,0.0,0.0,0.0
2018-05-04 02:00:00,0.0,0.0,0.0
2018-05-04 03:00:00,0.0,0.0,0.0
2018-05-04 04:00:00,0.0,0.0,0.049166666666666664
2018-05-04 05:00:00,0.0,42.286224,1.0
2018-05-04 06:00:00,0.05,239.3162,1.0
2018-05-04 07:00:00,0.02,464.409,1.0
2018-05-04 08:00:00,0.02,679.39197,1.0
2018-05-04 09:00:00,0.0,860.4707,1.0
2018-05-04 10:00:00,0.0,984.4764,1.0
2018-05-04 11:00:00,0.09,1040.9213,1.0
2018-05-04 12:00:00,0.0,1022.5,1.0
2018-05-04 13:00:00,0.09,938.33325,1.0
2018-05-04 14:00:00,0.1,784.3432,1.0
2018-05-04 15:00:00,0.45,568.3496,1.0
2018-05-04 16:00:00,0.23,369.1124,1.0
2018-05-04 17:00:00,0.02,165.88858,1.0
2018-05-04 18:00:00,0.01,22.820908,0.9597222222222223
2018-05-04 19:00:00,0.01,0.0,0.0
2018-05-04 20:00:00,0.0,0.0,0.0
2018-05-04 21:00:00,0.06,0.0,0.0
2018-05-04 22:00:00,0.0,0.0,0.0
2018-05-04 23:00:00,0.0,0.0,0.0
2018-05-05 00:00:00,0.0,0.0,0.0
2018-05-05 01:00:00,0.0,0.0,0.0
2018-05-05 02:00:00,0.0,0.0,0.0
2018-05-05 03:00:00,0.0,0.0,0.0
2018-05-05 04:00:00,0.21,0.0,0.06805555555555555
2018-05-05 05:00:00,0.11,54.684887,1.0
2018-05-05 06:00:00,0.53,239.31268,1.0
2018-05-05 07:00:00,0.75,455.88132,1.0
2018-05-05 08:00:00,0.42,622.3651,1.0
2018-05-05 09:00:00,0.21,838.1732,1.0
2018-05-05 10:00:00,0.41,849.2052,1.0
2018-05-05 11:00:00,0.52,890.3623,1.0
2018-05-05 12:00:00,0.38,871.43463,1.0
2018-05-05 13:00:00,0.4,762.7393,1.0
2018-05-05 14:00:00,0.5,723.9478,1.0
2018-05-05 15:00:00,0.5,519.09106,1.0
2018-05-05 16:00:00,0.3,373.90115,1.0
2018-05-05 17:00:00,0.47,166.88844,1.0
2018-05-05 18:00:00,0.96,29.091614,0.9761111111111112
2018-05-05 19:00:00,0.91,0.0,0.0
2018-05-05 20:00:00,0.93,0.0,0.0
2018-05-05 21:00:00,0.95,0.0,0.0
2018-05-05 22:00:00,0.99,0.0,0.0
2018-05-05 23:00:00,0.95,0.0,0.0
2018-05-06 00:00:00,0.65,0.0,0.0
2018-05-06 01:00:00,0.44,0.0,0.0
2018-05-06 02:00:00,0.56,0.0,0.0
2018-05-06 03:00:00,0.19,0.0,0.0
2018-05-06 04:00:00,0.28,0.0,0.08666666666666667
2018-05-06 05:00:00,0.0,57.399548,1.0
2018-05-06 06:00:00,0.18,242.91794,1.0
2018-05-06 07:00:00,0.18,464.0314,1.0
2018-05-06 08:00:00,0.86,639.60986,1.0
2018-05-06 09:00:00,0.98,756.0444,1.0
2018-05-06 10:00:00,0.98,752.9674,1.0
2018-05-06 11:00:00,0.97,835.8015,1.0
2018-05-06 12:00:00,0.87,942.51215,1.0
2018-05-06 13:00:00,0.97,859.3551,1.0
2018-05-06 14:00:00,0.99,576.0079,1.0
2018-05-06 15:00:00,0.7,570.4488,1.0
2018-05-06 16:00:00,0.69,368.31824,1.0
2018-05-06 17:00:00,0.55,125.63139,1.0
2018-05-06 18:00:00,0.99,29.602268,0.9925
2018-05-06 19:00:00,1.0,0.0,0.0
2018-05-06 20:00:00,0.95,0.0,0.0
2018-05-06 21:00:00,0.98,0.0,0.0
2018-05-06 22:00:00,1.0,0.0,0.0
2018-05-06 23:00:00,0.99,0.0,0.0
2018-05-07 00:00:00,0.99,0.0,0.0
2018-05-07 01:00:00,0.27,0.0,0.0
2018-05-07 02:00:00,0.81,0.0,0.0
2018-05-07 03:00:00,0.91,0.0,0.0
2018-05-07 04:00:00,0.98,0.0,0.105
2018-05-07 05:00:00,0.99,47.29503,1.0
2018-05-07 06:00:00,0.96,188.65459,1.0
2018-05-07 07:00:00,0.98,370.71805,1.0
2018-05-07 08:00:00,1.0,489.93884,1.0
2018-05-07 09:00:00,1.0,597.2577,1.0
2018-05-07 10:00:00,1.0,657.26306,1.0
2018-05-07 11:00:00,1.0,630.52484,1.0
2018-05-07 12:00:00,0.93,480.13126,1.0
2018-05-07 13:00:00,0.92,656.91675,1.0
2018-05-07 14:00:00,1.0,439.3089,1.0
2018-05-07 15:00:00,0.96,395.9262,1.0
2018-05-07 16:00:00,0.83,258.30783,1.0
2018-05-07 17:00:00,0.67,137.27794,1.0
2018-05-07 18:00:00,0.87,29.296175,1.0
2018-05-07 19:00:00,0.92,0.0,0.008888888888888889
2018-05-07 20:00:00,1.0,0.0,0.0
2018-05-07 21:00:00,1.0,0.0,0.0
2018-05-07 22:00:00,0.94,0.0,0.0
2018-05-07 23:00:00,0.78,0.0,0.0
2018-05-08 00:00:00,0.55,0.0,0.0
2018-05-08 01:00:00,0.05,0.0,0.0
2018-05-08 02:00:00,0.0,0.0,0.0
2018-05-08 03:00:00,0.0,0.0,0.0
2018-05-08 04:00:00,0.0,0.0,0.12305555555555556
2018-05-08 05:00:00,0.0,61.76356,1.0
2018-05-08 06:00:00,0.0,249.37383,1.0
2018-05-08 07:00:00,0.0,470.52957,1.0
2018-05-08 08:00:00,0.0,681.2347,1.0
2018-05-08 09:00:00,0.0,853.82776,1.0
2018-05-08 10:00:00,0.11,955.92804,1.0
2018-05-08 11:00:00,0.0,985.91455,1.0
2018-05-08 12:00:00,0.08,970.60144,1.0
2018-05-08 13:00:00,0.17,887.75006,1.0
2018-05-08 14:00:00,0.18,770.51807,1.0
2018-05-08 15:00:00,0.07,604.9132,1.0
2018-05-08 16:00:00,0.0,398.23398,1.0
2018-05-08 17:00:00,0.0,183.2069,1.0
2018-05-08 18:00:00,0.0,27.82276,1.0
2018-05-08 19:00:00,0.0,0.0,0.025277777777777777
2018-05-08 20:00:00,0.0,0.0,0.0
2018-05-08 21:00:00,0.0,0.0,0.0
2018-05-08 22:00:00,0.0,0.0,0.0
2018-05-08 23:00:00,0.0,0.0,0.0
2018-05-09 00:00:00,0.13,0.0,0.0
2018-05-09 01:00:00,0.0,0.0,0.0
2018-05-09 02:00:00,0.0,0.0,0.0
2018-05-09 03:00:00,0.0,0.0,0.0
2018-05-09 04:00:00,0.0,0.0,0.14083333333333334
2018-05-09 05:00:00,0.46,64.45389,1.0
2018-05-09 06:00:00,0.79,244.82428,1.0
2018-05-09 07:00:00,0.64,452.8162,1.0
2018-05-09 08:00:00,0.81,643.2732,1.0
2018-05-09 09:00:00,0.96,682.79816,1.0
2018-05-09 10:00:00,1.0,696.40894,1.0
2018-05-09 11:00:00,0.98,719.80634,1.0
2018-05-09 12:00:00,0.96,754.2766,1.0
2018-05-09 13:00:00,0.99,660.88184,1.0
2018-05-09 14:00:00,0.99,445.08572,1.0
2018-05-09 15:00:00,0.98,271.07623,1.0
2018-05-09 16:00:00,0.99,163.03973,1.0
2018-05-09 17:00:00,1.0,98.19615,1.0
2018-05-09 18:00:00,0.86,28.09918,1.0
2018-05-09 19:00:00,0.76,0.0,0.041666666666666664
2018-05-09 20:00:00,0.02,0.0,0.0
2018-05-09 21:00:00,0.0,0.0,0.0
2018-05-09 22:00:00,0.0,0.0,0.0
2018-05-09 23:00:00,0.0,0.0,0.0
2018-05-10 00:00:00,0.0,0.0,0.0
2018-05-10 01:00:00,0.0,0.0,0.0
2018-05-10 02:00:00,0.0,0.0,0.0
2018-05-10 03:00:00,0.05,0.0,0.0
2018-05-10 04:00:00,0.37,0.0,0.15805555555555556
2018-05-10 05:00:00,0.42,64.2892,1.0
2018-05-10 06:00:00,0.49,250.10744,1.0
2018-05-10 07:00:00,0.62,462.34555,1.0
2018-05-10 08:00:00,0.73,642.5708,1.0
2018-05-10 09:00:00,0.7,833.1862,1.0
2018-05-10 10:00:00,0.79,860.0059,1.0
2018-05-10 11:00:00,0.71,845.1495,1.0
2018-05-10 12:00:00,0.44,818.3066,1.0
2018-05-10 13:00:00,0.36,790.70935,1.0
2018-05-10 14:00:00,0.3,620.70575,1.0
2018-05-10 15:00:00,0.63,436.3937,1.0
2018-05-10 16:00:00,0.23,340.67075,1.0
2018-05-10 17:00:00,0.34,175.8245,1.0
2018-05-10 18:00:00,0.49,27.162672,1.0
2018-05-10 19:00:00,0.12,0.0,0.058055555555555555
2018-05-10 20:00:00,0.37,0.0,0.0
2018-05-10 21:00:00,0.18,0.0,0.0
2018-05-10 22:00:00,0.51,0.0,0.0
2018-05-10 23:00:00,0.61,0.0,0.0
2018-05-11 00:00:00,0.51,0.0,0.0
2018-05-11 01:00:00,0.45,0.0,0.0
2018-05-11 02:00:00,0.89,0.0,0.0
2018-05-11 03:00:00,1.0,0.0,0.0
2018-05-11 04:00:00,0.92,0.0,0.175
2018-05-11 05:00:00,0.84,51.943794,1.0
2018-05-11 06:00:00,0.34,213.67075,1.0
2018-05-11 07:00:00,0.32,436.04767,1.0
2018-05-11 08:00:00,0.48,672.82477,1.0
2018-05-11 09:00:00,0.07,819.3121,1.0
2018-05-11 10:00:00,0.26,872.39923,1.0
2018-05-11 11:00:00,0.66,844.2162,1.0
2018-05-11 12:00:00,0.88,711.96185,1.0
2018-05-11 13:00:00,0.57,684.1586,1.0
2018-05-11 14:00:00,0.91,576.45654,1.0
2018-05-11 15:00:00,0.98,389.30646,1.0
2018-05-11 16:00:00,0.98,302.92953,1.0
2018-05-11 17:00:00,0.97,147.66693,1.0
2018-05-11 18:00:00,1.0,22.013618,1.0
2018-05-11 19:00:00,0.99,0.0,0.07416666666666667
2018-05-11 20:00:00,1.0,0.0,0.0
2018-05-11 21:00:00,1.0,0.0,0.0
2018-05-11 22:00:00,1.0,0.0,0.0
2018-05-11 23:00:00,1.0,0.0,0.0
2018-05-12 00:00:00,1.0,0.0,0.0
2018-05-12 01:00:00,1.0,0.0,0.0
2018-05-12 02:00:00,1.0,0.0,0.0
2018-05-12 03:00:00,1.0,0.0,0.0
2018-05-12 04:00:00,1.0,0.0,0.19166666666666668
2018-05-12 05:00:00,1.0,13.914923,1.0
2018-05-12 06:00:00,1.0,40.750847,1.0
2018-05-12 07:00:00,1.0,85.47739,1.0
2018-05-12 08:00:00,1.0,117.28292,1.0
2018-05-12 09:00:00,1.0,199.77853,1.0
2018-05-12 10:00:00,1.0,325.9602,1.0
2018-05-12 11:00:00,1.0,500.94342,1.0
2018-05-12 12:00:00,1.0,595.7616,1.0
2018-05-12 13:00:00,0.8,569.7371,1.0
2018-05-12 14:00:00,0.7,510.36646,1.0
2018-05-12 15:00:00,0.34,451.0087,1.0
2018-05-12 16:00:00,0.2,297.6346,1.0
2018-05-12 17:00:00,0.37,39.756924,1.0
2018-05-12 18:00:00,1.0,7.9513845,1.0
2018-05-12 19:00:00,1.0,0.0,0.09027777777777778
2018-05-12 20:00:00,1.0,0.0,0.0
2018-05-12 21:00:00,1.0,0.0,0.0
2018-05-12 22:00:00,1.0,0.0,0.0
2018-05-12 23:00:00,1.0,0.0,0.0
2018-05-13 00:00:00,1.0,0.0,0.0
2018-05-13 01:00:00,1.0,0.0,0.0
2018-05-13 02:00:00,1.0,0.0,0.0
2018-05-13 03:00:00,1.0,0.0,0.0
2018-05-13 04:00:00,1.0,0.0,0.20805555555555555
2018-05-13 05:00:00,1.0,36.17806,1.0
2018-05-13 06:00:00,1.0,117.98647,1.0
2018-05-13 07:00:00,1.0,230.92633,1.0
2018-05-13 08:00:00,1.0,271.90436,1.0
2018-05-13 09:00:00,1.0,320.36774,1.0
2018-05-13 10:00:00,1.0,315.257,1.0
2018-05-13 11:00:00,1.0,368.69507,1.0
2018-05-13 12:00:00,0.98,539.92316,1.0
2018-05-13 13:00:00,0.69,610.13635,1.0
2018-05-13 14:00:00,0.8,538.26953,1.0
2018-05-13 15:00:00,0.91,438.3767,1.0
2018-05-13 16:00:00,0.39,310.33917,1.0
2018-05-13 17:00:00,0.61,69.26532,1.0
2018-05-13 18:00:00,0.79,18.66121,1.0
2018-05-13 19:00:00,0.88,0.0,0.1063888888888889
2018-05-13 20:00:00,1.0,0.0,0.0
2018-05-13 21:00:00,1.0,0.0,0.0
2018-05-13 22:00:00,1.0,0.0,0.0
2018-05-13 23:00:00,1.0,0.0,0.0
2018-05-14 00:00:00,1.0,0.0,0.0
2018-05-14 01:00:00,0.8,0.0,0.0
2018-05-14 02:00:00,0.6,0.0,0.0
2018-05-14 03:00:00,0.27,0.0,0.0
2018-05-14 04:00:00,0.5,0.0,0.2238888888888889
2018-05-14 05:00:00,0.35,34.888195,1.0
2018-05-14 06:00:00,0.83,92.94409,1.0
2018-05-14 07:00:00,0.21,307.21564,1.0
2018-05-14 08:00:00,0.87,303.2799,1.0
2018-05-14 09:00:00,1.0,477.76782,1.0
2018-05-14 10:00:00,0.42,519.82684,1.0
2018-05-14 11:00:00,0.54,660.7013,1.0
2018-05-14 12:00:00,0.39,809.4936,1.0
2018-05-14 13:00:00,0.36,542.84283,1.0
2018-05-14 14:00:00,0.56,473.98083,1.0
2018-05-14 15:00:00,0.46,469.1296,1.0
2018-05-14 16:00:00,0.68,234.96199,1.0
2018-05-14 17:00:00,0.48,147.4908,1.0
2018-05-14 18:00:00,0.66,26.373596,1.0
2018-05-14 19:00:00,0.43,0.0,0.1225
2018-05-14 20:00:00,0.69,0.0,0.0
2018-05-14 21:00:00,1.0,0.0,0.0
2018-05-14 22:00:00,1.0,0.0,0.0
2018-05-14 23:00:00,1.0,0.0,0.0
2018-05-15 00:00:00,1.0,0.0,0.0
2018-05-15 01:00:00,0.11,0.0,0.0
2018-05-15 02:00:00,0.33,0.0,0.0
2018-05-15 03:00:00,0.41,0.0,0.0
2018-05-15 04:00:00,0.31,0.0,0.23916666666666667
2018-05-15 05:00:00,0.42,70.851875,1.0
2018-05-15 06:00:00,0.11,233.5681,1.0
2018-05-15 07:00:00,0.04,428.37512,1.0
2018-05-15 08:00:00,0.11,658.8732,1.0
2018-05-15 09:00:00,0.19,770.98816,1.0
2018-05-15 10:00:00,0.08,944.5646,1.0
2018-05-15 11:00:00,0.28,970.22485,1.0
2018-05-15 12:00:00,0.31,877.99475,1.0
2018-05-15 13:00:00,0.57,740.4416,1.0
2018-05-15 14:00:00,0.8,572.6534,1.0
2018-05-15 15:00:00,0.61,449.8891,1.0
2018-05-15 16:00:00,0.78,298.38126,1.0
2018-05-15 17:00:00,0.71,180.72949,1.0
2018-05-15 18:00:00,0.48,35.956276,1.0
2018-05-15 19:00:00,0.23,0.0,0.13833333333333334
2018-05-15 20:00:00,0.05,0.0,0.0
2018-05-15 21:00:00,0.03,0.0,0.0
2018-05-15 22:00:00,0.07,0.0,0.0
2018-05-15 23:00:00,0.12,0.0,0.0
2018-05-16 00:00:00,0.02,0.0,0.0
2018-05-16 01:00:00,0.0,0.0,0.0
2018-05-16 02:00:00,0.0,0.0,0.0
2018-05-16 03:00:00,0.0,0.0,0.0
2018-05-16 04:00:00,0.0,0.0,0.25416666666666665
2018-05-16 05:00:00,0.0,77.70245,1.0
2018-05-16 06:00:00,0.0,275.81116,1.0
2018-05-16 07:00:00,0.0,499.66107,1.0
2018-05-16 08:00:00,0.0,709.862,1.0
2018-05-16 09:00:00,0.0,881.0985,1.0
2018-05-16 10:00:00,0.13,999.79297,1.0
2018-05-16 11:00:00,0.09,1022.24115,1.0
2018-05-16 12:00:00,0.13,972.7097,1.0
2018-05-16 13:00:00,0.27,881.5053,1.0
2018-05-16 14:00:00,0.25,729.8332,1.0
2018-05-16 15:00:00,0.27,596.5866,1.0
2018-05-16 16:00:00,0.32,379.32132,1.0
2018-05-16 17:00:00,0.02,197.4077,1.0
2018-05-16 18:00:00,0.29,36.716736,1.0
2018-05-16 19:00:00,0.12,0.0,0.15388888888888888
2018-05-16 20:00:00,0.0,0.0,0.0
2018-05-16 21:00:00,0.0,0.0,0.0
2018-05-16 22:00:00,0.0,0.0,0.0
2018-05-16 23:00:00,0.0,0.0,0.0
2018-05-17 00:00:00,0.0,0.0,0.0
2018-05-17 01:00:00,0.0,0.0,0.0
2018-05-17 02:00:00,0.0,0.0,0.0
2018-05-17 03:00:00,0.0,0.0,0.0
2018-05-17 04:00:00,0.0,0.0,0.2688888888888889
2018-05-17 05:00:00,0.0,79.34555,1.0
2018-05-17 06:00:00,0.0,275.3497,1.0
2018-05-17 07:00:00,0.0,494.5883,1.0
2018-05-17 08:00:00,0.48,695.89526,1.0
2018-05-17 09:00:00,0.05,837.83246,1.0
2018-05-17 10:00:00,0.07,933.1991,1.0
2018-05-17 11:00:00,0.15,948.82623,1.0
2018-05-17 12:00:00,0.56,836.3373,1.0
2018-05-17 13:00:00,0.54,824.5468,1.0
2018-05-17 14:00:00,0.66,683.2709,1.0
2018-05-17 15:00:00,0.88,517.753,1.0
2018-05-17 16:00:00,0.83,322.61905,1.0
2018-05-17 17:00:00,0.77,196.26543,1.0
2018-05-17 18:00:00,0.47,39.46061,1.0
2018-05-17 19:00:00,0.51,0.0,0.16944444444444445
2018-05-17 20:00:00,0.09,0.0,0.0
2018-05-17 21:00:00,0.01,0.0,0.0
2018-05-17 22:00:00,0.0,0.0,0.0
2018-05-17 23:00:00,0.03,0.0,0.0
2018-05-18 00:00:00,0.09,0.0,0.0
2018-05-18 01:00:00,0.01,0.0,0.0
2018-05-18 02:00:00,0.0,0.0,0.0
2018-05-18 03:00:00,0.0,0.0,0.0
2018-05-18 04:00:00,0.0,0.0,0.2827777777777778
2018-05-18 05:00:00,0.0,65.40021,1.0
2018-05-18 06:00:00,1.0,88.622765,1.0
2018-05-18 07:00:00,1.0,160.08472,1.0
2018-05-18 08:00:00,1.0,236.06073,1.0
2018-05-18 09:00:00,1.0,287.65002,1.0
2018-05-18 10:00:00,1.0,436.06705,1.0
2018-05-18 11:00:00,1.0,309.97696,1.0
2018-05-18 12:00:00,1.0,506.01572,1.0
2018-05-18 13:00:00,0.96,478.29633,1.0
2018-05-18 14:00:00,0.98,355.3337,1.0
2018-05-18 15:00:00,0.98,276.66785,1.0
2018-05-18 16:00:00,0.98,109.91861,1.0
2018-05-18 17:00:00,1.0,84.954895,1.0
2018-05-18 18:00:00,0.99,26.835924,1.0
2018-05-18 19:00:00,1.0,0.0,0.18472222222222223
2018-05-18 20:00:00,0.95,0.0,0.0
2018-05-18 21:00:00,1.0,0.0,0.0
2018-05-18 22:00:00,1.0,0.0,0.0
2018-05-18 23:00:00,0.99,0.0,0.0
2018-05-19 00:00:00,1.0,0.0,0.0
2018-05-19 01:00:00,1.0,0.0,0.0
2018-05-19 02:00:00,1.0,0.0,0.0
2018-05-19 03:00:00,1.0,0.0,0.0
2018-05-19 04:00:00,1.0,0.99392307,0.29638888888888887
2018-05-19 05:00:00,1.0,13.914923,1.0
2018-05-19 06:00:00,1.0,43.732616,1.0
2018-05-19 07:00:00,1.0,50.69008,1.0
2018-05-19 08:00:00,1.0,135.17354,1.0
2018-05-19 09:00:00,1.0,173.93654,1.0
2018-05-19 10:00:00,1.0,248.0295,1.0
2018-05-19 11:00:00,1.0,223.11131,1.0
2018-05-19 12:00:00,1.0,199.82529,1.0
2018-05-19 13:00:00,1.0,163.99731,1.0
2018-05-19 14:00:00,1.0,162.01344,1.0
2018-05-19 15:00:00,1.0,149.87465,1.0
2018-05-19 16:00:00,1.0,137.84868,1.0
2018-05-19 17:00:00,1.0,43.732616,1.0
2018-05-19 18:00:00,1.0,15.902769,1.0
2018-05-19 19:00:00,1.0,0.0,0.19972222222222222
2018-05-19 20:00:00,0.98,0.0,0.0
2018-05-19 21:00:00,1.0,0.0,0.0
2018-05-19 22:00:00,1.0,0.0,0.0
2018-05-19 23:00:00,1.0,0.0,0.0
2018-05-20 00:00:00,1.0,0.0,0.0
2018-05-20 01:00:00,1.0,0.0,0.0
2018-05-20 02:00:00,1.0,0.0,0.0
2018-05-20 03:00:00,1.0,0.0,0.0
2018-05-20 04:00:00,1.0,0.0,0.30944444444444447
2018-05-20 05:00:00,1.0,18.884539,1.0
2018-05-20 06:00:00,1.0,38.763,1.0
2018-05-20 07:00:00,1.0,96.41054,1.0
2018-05-20 08:00:00,1.0,221.34518,1.0
2018-05-20 09:00:00,1.0,366.4819,1.0
2018-05-20 10:00:00,1.0,485.1436,1.0
2018-05-20 11:00:00,1.0,561.38074,1.0
2018-05-20 12:00:00,1.0,656.5337,1.0
2018-05-20 13:00:00,1.0,597.6936,1.0
2018-05-20 14:00:00,0.89,522.7175,1.0
2018-05-20 15:00:00,0.98,319.46536,1.0
2018-05-20 16:00:00,1.0,186.00343,1.0
2018-05-20 17:00:00,0.96,80.49514,1.0
2018-05-20 18:00:00,1.0,31.982132,1.0
2018-05-20 19:00:00,1.0,0.0,0.21444444444444444
2018-05-20 20:00:00,1.0,0.0,0.0
2018-05-20 21:00:00,0.95,0.0,0.0
2018-05-20 22:00:00,0.34,0.0,0.0
2018-05-20 23:00:00,0.0,0.0,0.0
2018-05-21 00:00:00,0.0,0.0,0.0
2018-05-21 01:00:00,0.05,0.0,0.0
2018-05-21 02:00:00,0.72,0.0,0.0
2018-05-21 03:00:00,0.71,0.0,0.0
2018-05-21 04:00:00,0.69,0.99392307,0.32222222222222224
2018-05-21 05:00:00,0.8,46.197308,1.0
2018-05-21 06:00:00,0.46,170.63536,1.0
2018-05-21 07:00:00,0.34,387.50812,1.0
2018-05-21 08:00:00,0.1,669.73334,1.0
2018-05-21 09:00:00,0.38,793.375,1.0
2018-05-21 10:00:00,0.44,883.3361,1.0
2018-05-21 11:00:00,0.48,956.15894,1.0
2018-05-21 12:00:00,0.66,845.12573,1.0
2018-05-21 13:00:00,0.35,847.10236,1.0
2018-05-21 14:00:00,0.54,673.18066,1.0
2018-05-21 15:00:00,0.69,484.81363,1.0
2018-05-21 16:00:00,0.7,323.5579,1.0
2018-05-21 17:00:00,0.48,165.32732,1.0
2018-05-21 18:00:00,0.99,44.343,1.0
2018-05-21 19:00:00,1.0,0.0,0.2288888888888889
2018-05-21 20:00:00,0.99,0.0,0.0
2018-05-21 21:00:00,1.0,0.0,0.0
2018-05-21 22:00:00,0.89,0.0,0.0
2018-05-21 23:00:00,0.95,0.0,0.0
2018-05-22 00:00:00,0.95,0.0,0.0
2018-05-22 01:00:00,0.92,0.0,0.0
2018-05-22 02:00:00,0.94,0.0,0.0
2018-05-22 03:00:00,0.85,0.0,0.0
2018-05-22 04:00:00,0.92,1.9878461,0.33416666666666667
2018-05-22 05:00:00,0.93,76.08649,1.0
2018-05-22 06:00:00,0.98,203.58334,1.0
2018-05-22 07:00:00,0.99,342.4161,1.0
2018-05-22 08:00:00,0.92,646.71326,1.0
2018-05-22 09:00:00,0.88,811.232,1.0
2018-05-22 10:00:00,0.96,844.3624,1.0
2018-05-22 11:00:00,0.95,792.4476,1.0
2018-05-22 12:00:00,0.98,914.94775,1.0
2018-05-22 13:00:00,0.94,641.2177,1.0
2018-05-22 14:00:00,0.8,626.9759,1.0
2018-05-22 15:00:00,0.87,539.0575,1.0
2018-05-22 16:00:00,0.73,328.29263,1.0
2018-05-22 17:00:00,0.72,171.47989,1.0
2018-05-22 18:00:00,0.23,41.54249,1.0
2018-05-22 19:00:00,0.08,0.0,0.24333333333333335
2018-05-22 20:00:00,0.01,0.0,0.0
2018-05-22 21:00:00,0.0,0.0,0.0
2018-05-22 22:00:00,0.0,0.0,0.0
2018-05-22 23:00:00,0.0,0.0,0.0
2018-05-23 00:00:00,0.0,0.0,0.0
2018-05-23 01:00:00,0.0,0.0,0.0
2018-05-23 02:00:00,0.0,0.0,0.0
2018-05-23 03:00:00,0.0,0.0,0.0
2018-05-23 04:00:00,0.01,2.2439983,0.34555555555555556
2018-05-23 05:00:00,0.21,84.20337,1.0
2018-05-23 06:00:00,0.0,276.1213,1.0
2018-05-23 07:00:00,0.0,492.6693,1.0
2018-05-23 08:00:00,0.01,693.8229,1.0
2018-05-23 09:00:00,0.18,830.8045,1.0
2018-05-23 10:00:00,0.56,827.0893,1.0
2018-05-23 11:00:00,0.83,841.2786,1.0
2018-05-23 12:00:00,0.55,859.3104,1.0
2018-05-23 13:00:00,0.67,711.0086,1.0
2018-05-23 14:00:00,0.44,712.5272,1.0
2018-05-23 15:00:00,0.42,573.99664,1.0
2018-05-23 16:00:00,0.59,361.41214,1.0
2018-05-23 17:00:00,0.18,206.97095,1.0
2018-05-23 18:00:00,0.15,43.014965,1.0
2018-05-23 19:00:00,0.04,0.0,0.25722222222222224
2018-05-23 20:00:00,0.03,0.0,0.0
2018-05-23 21:00:00,0.14,0.0,0.0
2018-05-23 22:00:00,0.16,0.0,0.0
2018-05-23 23:00:00,0.04,0.0,0.0
2018-05-24 00:00:00,0.01,0.0,0.0
2018-05-24 01:00:00,0.0,0.0,0.0
2018-05-24 02:00:00,0.0,0.0,0.0
2018-05-24 03:00:00,0.0,0.0,0.0
2018-05-24 04:00:00,0.0,2.2453926,0.3566666666666667
2018-05-24 05:00:00,0.0,88.590195,1.0
2018-05-24 06:00:00,0.0,282.95502,1.0
2018-05-24 07:00:00,0.0,500.78793,1.0
2018-05-24 08:00:00,0.0,693.19214,1.0
2018-05-24 09:00:00,0.32,848.83203,1.0
2018-05-24 10:00:00,0.22,936.43695,1.0
2018-05-24 11:00:00,0.58,920.35706,1.0
2018-05-24 12:00:00,0.42,936.561,1.0
2018-05-24 13:00:00,0.68,713.2626,1.0
2018-05-24 14:00:00,0.51,661.3814,1.0
2018-05-24 15:00:00,0.48,503.55557,1.0
2018-05-24 16:00:00,0.5,373.5732,1.0
2018-05-24 17:00:00,0.39,191.96608,1.0
2018-05-24 18:00:00,0.12,43.505215,1.0
2018-05-24 19:00:00,0.0,0.0,0.2708333333333333
2018-05-24 20:00:00,0.01,0.0,0.0
2018-05-24 21:00:00,0.01,0.0,0.0
2018-05-24 22:00:00,0.0,0.0,0.0
2018-05-24 23:00:00,0.0,0.0,0.0
2018-05-25 00:00:00,0.0,0.0,0.0
2018-05-25 01:00:00,0.0,0.0,0.0
2018-05-25 02:00:00,0.0,0.0,0.0
2018-05-25 03:00:00,0.0,0.0,0.0
2018-05-25 04:00:00,0.0,2.246395,0.36694444444444446
2018-05-25 05:00:00,0.0,89.235054,1.0
2018-05-25 06:00:00,0.0,286.6846,1.0
2018-05-25 07:00:00,0.0,504.59372,1.0
2018-05-25 08:00:00,0.0,709.0424,1.0
2018-05-25 09:00:00,0.17,863.1105,1.0
2018-05-25 10:00:00,0.13,960.2058,1.0
2018-05-25 11:00:00,0.14,977.74915,1.0
2018-05-25 12:00:00,0.34,942.5095,1.0
2018-05-25 13:00:00,0.34,760.4073,1.0
2018-05-25 14:00:00,0.5,689.0465,1.0
2018-05-25 15:00:00,0.11,607.9927,1.0
2018-05-25 16:00:00,0.27,416.0305,1.0
2018-05-25 17:00:00,0.01,209.18509,1.0
2018-05-25 18:00:00,0.2,44.825043,1.0
2018-05-25 19:00:00,0.23,0.99392307,0.28444444444444444
2018-05-25 20:00:00,0.0,0.0,0.0
2018-05-25 21:00:00,0.0,0.0,0.0
2018-05-25 22:00:00,0.0,0.0,0.0
2018-05-25 23:00:00,0.0,0.0,0.0
2018-05-26 00:00:00,0.0,0.0,0.0
2018-05-26 01:00:00,0.0,0.0,0.0
2018-05-26 02:00:00,0.0,0.0,0.0
2018-05-26 03:00:00,0.0,0.0,0.0
2018-05-26 04:00:00,0.0,2.2468224,0.37694444444444447
2018-05-26 05:00:00,0.0,90.99275,1.0
2018-05-26 06:00:00,0.0,287.37216,1.0
2018-05-26 07:00:00,0.0,507.3018,1.0
2018-05-26 08:00:00,0.0,711.73,1.0
2018-05-26 09:00:00,0.0,879.4281,1.0
2018-05-26 10:00:00,0.0,970.4828,1.0
2018-05-26 11:00:00,0.26,963.7669,1.0
2018-05-26 12:00:00,0.93,898.243,1.0
2018-05-26 13:00:00,0.99,895.531,1.0
2018-05-26 14:00:00,1.0,598.35046,1.0
2018-05-26 15:00:00,1.0,422.59265,1.0
2018-05-26 16:00:00,1.0,365.16147,1.0
2018-05-26 17:00:00,1.0,140.39671,1.0
2018-05-26 18:00:00,1.0,38.763,1.0
2018-05-26 19:00:00,1.0,0.99392307,0.29777777777777775
2018-05-26 20:00:00,1.0,0.0,0.0
2018-05-26 21:00:00,1.0,0.0,0.0
2018-05-26 22:00:00,1.0,0.0,0.0
2018-05-26 23:00:00,1.0,0.0,0.0
2018-05-27 00:00:00,1.0,0.0,0.0
2018-05-27 01:00:00,0.94,0.0,0.0
2018-05-27 02:00:00,0.24,0.0,0.0
2018-05-27 03:00:00,0.36,0.0,0.0
2018-05-27 04:00:00,0.56,2.2468348,0.3861111111111111
2018-05-27 05:00:00,0.99,88.18443,1.0
2018-05-27 06:00:00,0.04,284.92535,1.0
2018-05-27 07:00:00,0.0,508.91898,1.0
2018-05-27 08:00:00,0.01,697.01227,1.0
2018-05-27 09:00:00,0.62,699.7649,1.0
2018-05-27 10:00:00,0.75,800.0202,1.0
2018-05-27 11:00:00,0.94,796.11707,1.0
2018-05-27 12:00:00,0.81,826.49316,1.0
2018-05-27 13:00:00,0.76,815.5301,1.0
2018-05-27 14:00:00,0.51,625.01044,1.0
2018-05-27 15:00:00,0.63,469.91318,1.0
2018-05-27 16:00:00,0.62,369.59366,1.0
2018-05-27 17:00:00,0.03,192.73463,1.0
2018-05-27 18:00:00,0.12,44.72064,1.0
2018-05-27 19:00:00,0.3,0.99392307,0.3111111111111111
2018-05-27 20:00:00,0.57,0.0,0.0
2018-05-27 21:00:00,0.7,0.0,0.0
2018-05-27 22:00:00,1.0,0.0,0.0
2018-05-27 23:00:00,1.0,0.0,0.0
2018-05-28 00:00:00,0.03,0.0,0.0
2018-05-28 01:00:00,0.0,0.0,0.0
2018-05-28 02:00:00,0.7,0.0,0.0
2018-05-28 03:00:00,1.0,0.0,0.0
2018-05-28 04:00:00,1.0,0.99392307,0.395
2018-05-28 05:00:00,0.86,16.896692,1.0
2018-05-28 06:00:00,1.0,65.696465,1.0
2018-05-28 07:00:00,1.0,133.69675,1.0
2018-05-28 08:00:00,1.0,344.65857,1.0
2018-05-28 09:00:00,1.0,688.849,1.0
2018-05-28 10:00:00,1.0,516.5363,1.0
2018-05-28 11:00:00,0.91,484.54916,1.0
2018-05-28 12:00:00,0.98,389.43515,1.0
2018-05-28 13:00:00,0.97,322.60364,1.0
2018-05-28 14:00:00,0.96,347.776,1.0
2018-05-28 15:00:00,1.0,285.3889,1.0
2018-05-28 16:00:00,0.63,350.32657,1.0
2018-05-28 17:00:00,0.97,99.90783,1.0
2018-05-28 18:00:00,0.86,54.34812,1.0
2018-05-28 19:00:00,0.93,1.9878461,0.32416666666666666
2018-05-28 20:00:00,0.62,0.0,0.0
2018-05-28 21:00:00,0.97,0.0,0.0
2018-05-28 22:00:00,0.86,0.0,0.0
2018-05-28 23:00:00,0.99,0.0,0.0
2018-05-29 00:00:00,0.51,0.0,0.0
2018-05-29 01:00:00,0.09,0.0,0.0
2018-05-29 02:00:00,0.13,0.0,0.0
2018-05-29 03:00:00,0.1,0.0,0.0
2018-05-29 04:00:00,0.0,3.2394583,0.4033333333333333
2018-05-29 05:00:00,0.0,78.77891,1.0
2018-05-29 06:00:00,0.56,236.49832,1.0
2018-05-29 07:00:00,0.38,481.85342,1.0
2018-05-29 08:00:00,0.75,653.95135,1.0
2018-05-29 09:00:00,0.61,758.6176,1.0
2018-05-29 10:00:00,0.79,919.2798,1.0
2018-05-29 11:00:00,0.99,705.7322,1.0
2018-05-29 12:00:00,1.0,753.2487,1.0
2018-05-29 13:00:00,1.0,677.09735,1.0
2018-05-29 14:00:00,0.98,489.74783,1.0
2018-05-29 15:00:00,0.97,514.17377,1.0
2018-05-29 16:00:00,0.56,340.59613,1.0
2018-05-29 17:00:00,0.75,153.24992,1.0
2018-05-29 18:00:00,0.04,49.269978,1.0
2018-05-29 19:00:00,0.0,1.9878461,0.3372222222222222
2018-05-29 20:00:00,0.04,0.0,0.0
2018-05-29 21:00:00,0.0,0.0,0.0
2018-05-29 22:00:00,0.0,0.0,0.0
2018-05-29 23:00:00,0.0,0.0,0.0
2018-05-30 00:00:00,0.0,0.0,0.0
2018-05-30 01:00:00,0.0,0.0,0.0
2018-05-30 02:00:00,0.0,0.0,0.0
2018-05-30 03:00:00,0.0,0.0,0.0
2018-05-30 04:00:00,0.0,3.238279,0.4113888888888889
2018-05-30 05:00:00,0.0,91.56919,1.0
2018-05-30 06:00:00,0.0,283.11194,1.0
2018-05-30 07:00:00,0.0,497.2023,1.0
2018-05-30 08:00:00,0.0,698.0932,1.0
2018-05-30 09:00:00,0.0,829.0022,1.0
2018-05-30 10:00:00,0.19,900.4209,1.0
2018-05-30 11:00:00,0.13,961.7735,1.0
2018-05-30 12:00:00,0.5,826.9956,1.0
2018-05-30 13:00:00,0.61,670.67004,1.0
2018-05-30 14:00:00,0.39,658.20355,1.0
2018-05-30 15:00:00,0.62,496.661,1.0
2018-05-30 16:00:00,0.58,315.38882,1.0
2018-05-30 17:00:00,0.76,176.24289,1.0
2018-05-30 18:00:00,0.51,50.940628,1.0
2018-05-30 19:00:00,0.35,2.981769,0.35
2018-05-30 20:00:00,0.26,0.0,0.0
2018-05-30 21:00:00,0.27,0.0,0.0
2018-05-30 22:00:00,0.08,0.0,0.0
2018-05-30 23:00:00,0.0,0.0,0.0
2018-05-31 00:00:00,0.04,0.0,0.0
2018-05-31 01:00:00,0.02,0.0,0.0
2018-05-31 02:00:00,0.0,0.0,0.0
2018-05-31 03:00:00,0.0,0.0,0.0
2018-05-31 04:00:00,0.0,4.2307057,0.4186111111111111
2018-05-31 05:00:00,0.0,93.18661,1.0
2018-05-31 06:00:00,0.0,285.8589,1.0
2018-05-31 07:00:00,0.0,498.97864,1.0
2018-05-31 08:00:00,0.0,699.92523,1.0
2018-05-31 09:00:00,0.66,810.72015,1.0
2018-05-31 10:00:00,0.57,880.4477,1.0
2018-05-31 11:00:00,0.24,985.3484,1.0
2018-05-31 12:00:00,0.86,970.0699,1.0
2018-05-31 13:00:00,0.59,857.1752,1.0
2018-05-31 14:00:00,0.5,722.4911,1.0
2018-05-31 15:00:00,0.71,527.24774,1.0
2018-05-31 16:00:00,0.75,387.38745,1.0
2018-05-31 17:00:00,0.33,182.22945,1.0
2018-05-31 18:00:00,0.33,55.29958,1.0
2018-05-31 19:00:00,0.78,1.9893655,0.3625
2018-05-31 20:00:00,0.0,0.0,0.0
2018-05-31 21:00:00,0.0,0.0,0.0
2018-05-31 22:00:00,0.0,0.0,0.0
2018-05-31 23:00:00,0.0,0.0,0.0
2018-06-01 00:00:00,0.31,0.0,0.0
2018-06-01 01:00:00,0.57,0.0,0.0
2018-06-01 02:00:00,0.44,0.0,0.0
2018-06-01 03:00:00,0.16,0.0,0.0
2018-06-01 04:00:00,0.25,4.228932,0.4255555555555556
2018-06-01 05:00:00,0.0,99.94584,1.0
2018-06-01 06:00:00,0.0,305.70233,1.0
2018-06-01 07:00:00,0.0,529.96747,1.0
2018-06-01 08:00:00,0.0,736.52783,1.0
2018-06-01 09:00:00,0.0,901.08276,1.0
2018-06-01 10:00:00,0.0,1019.59,1.0
2018-06-01 11:00:00,0.0,1068.9774,1.0
2018-06-01 12:00:00,0.0,1052.9774,1.0
2018-06-01 13:00:00,0.0,975.2176,1.0
2018-06-01 14:00:00,0.08,831.17004,1.0
2018-06-01 15:00:00,0.48,625.43445,1.0
2018-06-01 16:00:00,0.16,404.2359,1.0
2018-06-01 17:00:00,0.16,171.90504,1.0
2018-06-01 18:00:00,0.08,56.225513,1.0
2018-06-01 19:00:00,0.0,2.9832883,0.37472222222222223
2018-06-01 20:00:00,0.0,0.0,0.0
2018-06-01 21:00:00,0.0,0.0,0.0
2018-06-01 22:00:00,0.0,0.0,0.0
2018-06-01 23:00:00,0.0,0.0,0.0
2018-06-02 00:00:00,0.0,0.0,0.0
2018-06-02 01:00:00,0.0,0.0,0.0
2018-06-02 02:00:00,0.0,0.0,0.0
2018-06-02 03:00:00,0.0,0.0,0.0
2018-06-02 04:00:00,0.0,4.2269497,0.43166666666666664
2018-06-02 05:00:00,0.0,98.2552,1.0
2018-06-02 06:00:00,0.0,296.38852,1.0
2018-06-02 07:00:00,0.0,516.0377,1.0
2018-06-02 08:00:00,0.0,720.2899,1.0
2018-06-02 09:00:00,0.0,887.96313,1.0
2018-06-02 10:00:00,0.0,1002.3042,1.0
2018-06-02 11:00:00,0.0,1057.0614,1.0
2018-06-02 12:00:00,0.0,1041.2354,1.0
2018-06-02 13:00:00,0.0,955.5719,1.0
2018-06-02 14:00:00,0.0,823.00635,1.0
2018-06-02 15:00:00,0.0,634.5672,1.0
2018-06-02 16:00:00,0.14,431.7021,1.0
2018-06-02 17:00:00,0.0,228.04099,1.0
2018-06-02 18:00:00,0.0,55.00763,1.0
2018-06-02 19:00:00,0.0,2.9832883,0.3863888888888889
2018-06-02 20:00:00,0.0,0.0,0.0
2018-06-02 21:00:00,0.0,0.0,0.0
2018-06-02 22:00:00,0.0,0.0,0.0
2018-06-02 23:00:00,0.0,0.0,0.0
2018-06-03 00:00:00,0.0,0.0,0.0
2018-06-03 01:00:00,0.0,0.0,0.0
2018-06-03 02:00:00,0.0,0.0,0.0
2018-06-03 03:00:00,0.01,0.0,0.0
2018-06-03 04:00:00,0.8,4.224682,0.4375
2018-06-03 05:00:00,0.85,88.43022,1.0
2018-06-03 06:00:00,0.78,245.60698,1.0
2018-06-03 07:00:00,0.99,357.21027,1.0
2018-06-03 08:00:00,0.99,486.5525,1.0
2018-06-03 09:00:00,1.0,540.0529,1.0
2018-06-03 10:00:00,0.99,751.38446,1.0
2018-06-03 11:00:00,0.95,807.3319,1.0
2018-06-03 12:00:00,1.0,768.1351,1.0
2018-06-03 13:00:00,1.0,614.8039,1.0
2018-06-03 14:00:00,1.0,405.28647,1.0
2018-06-03 15:00:00,1.0,401.38797,1.0
2018-06-03 16:00:00,1.0,230.96745,1.0
2018-06-03 17:00:00,0.9,159.23073,1.0
2018-06-03 18:00:00,0.98,53.66822,1.0
2018-06-03 19:00:00,0.99,2.981769,0.39805555555555555
2018-06-03 20:00:00,0.99,0.0,0.0
2018-06-03 21:00:00,0.0,0.0,0.0
2018-06-03 22:00:00,0.0,0.0,0.0
2018-06-03 23:00:00,0.41,0.0,0.0
2018-06-04 00:00:00,0.09,0.0,0.0
2018-06-04 01:00:00,0.01,0.0,0.0
2018-06-04 02:00:00,0.0,0.0,0.0
2018-06-04 03:00:00,0.0,0.0,0.0
2018-06-04 04:00:00,0.0,4.222228,0.44277777777777777
2018-06-04 05:00:00,0.0,96.332596,1.0
2018-06-04 06:00:00,0.0,290.87457,1.0
2018-06-04 07:00:00,0.0,507.08215,1.0
2018-06-04 08:00:00,0.0,710.18036,1.0
2018-06-04 09:00:00,0.02,874.4106,1.0
2018-06-04 10:00:00,0.01,990.90955,1.0
2018-06-04 11:00:00,0.17,1005.6758,1.0
2018-06-04 12:00:00,0.12,961.94336,1.0
2018-06-04 13:00:00,0.4,888.42755,1.0
2018-06-04 14:00:00,0.44,743.6399,1.0
2018-06-04 15:00:00,0.57,575.8922,1.0
2018-06-04 16:00:00,0.49,376.00952,1.0
2018-06-04 17:00:00,0.6,207.9439,1.0
2018-06-04 18:00:00,0.07,60.03967,1.0
2018-06-04 19:00:00,0.03,2.9832883,0.40944444444444444
2018-06-04 20:00:00,0.17,0.0,0.0
2018-06-04 21:00:00,0.02,0.0,0.0
2018-06-04 22:00:00,0.0,0.0,0.0
2018-06-04 23:00:00,0.0,0.0,0.0
2018-06-05 00:00:00,0.0,0.0,0.0
2018-06-05 01:00:00,0.0,0.0,0.0
2018-06-05 02:00:00,0.0,0.0,0.0
2018-06-05 03:00:00,0.0,0.0,0.0
2018-06-05 04:00:00,0.0,3.469449,0.4477777777777778
2018-06-05 05:00:00,0.0,98.641655,1.0
2018-06-05 06:00:00,0.0,295.65778,1.0
2018-06-05 07:00:00,0.0,514.1449,1.0
2018-06-05 08:00:00,0.0,715.1717,1.0
2018-06-05 09:00:00,0.16,847.6609,1.0
2018-06-05 10:00:00,0.19,863.5849,1.0
2018-06-05 11:00:00,0.67,909.789,1.0
2018-06-05 12:00:00,0.46,876.15826,1.0
2018-06-05 13:00:00,0.71,764.37976,1.0
2018-06-05 14:00:00,0.74,633.7721,1.0
2018-06-05 15:00:00,0.74,425.08926,1.0
2018-06-05 16:00:00,0.83,265.91263,1.0
2018-06-05 17:00:00,0.39,138.28116,1.0
2018-06-05 18:00:00,0.95,58.048096,1.0
2018-06-05 19:00:00,0.97,2.981769,0.42027777777777775
2018-06-05 20:00:00,0.85,0.0,0.0
2018-06-05 21:00:00,0.43,0.0,0.0
2018-06-05 22:00:00,0.36,0.0,0.0
2018-06-05 23:00:00,0.2,0.0,0.0
2018-06-06 00:00:00,0.39,0.0,0.0
2018-06-06 01:00:00,0.33,0.0,0.0
2018-06-06 02:00:00,0.15,0.0,0.0
2018-06-06 03:00:00,0.0,0.0,0.0
2018-06-06 04:00:00,0.28,4.4577594,0.4519444444444444
2018-06-06 05:00:00,0.28,88.92961,1.0
2018-06-06 06:00:00,0.85,273.3139,1.0
2018-06-06 07:00:00,0.85,480.22003,1.0
2018-06-06 08:00:00,0.91,682.203,1.0
2018-06-06 09:00:00,0.91,802.21466,1.0
2018-06-06 10:00:00,0.88,814.4328,1.0
2018-06-06 11:00:00,0.91,698.15045,1.0
2018-06-06 12:00:00,0.92,862.9867,1.0
2018-06-06 13:00:00,0.91,798.0711,1.0
2018-06-06 14:00:00,0.56,627.67224,1.0
2018-06-06 15:00:00,0.8,571.9336,1.0
2018-06-06 16:00:00,0.92,382.02307,1.0
2018-06-06 17:00:00,0.95,222.4763,1.0
2018-06-06 18:00:00,0.65,51.672157,1.0
2018-06-06 19:00:00,0.88,2.981769,0.4305555555555556
2018-06-06 20:00:00,0.71,0.0,0.0
2018-06-06 21:00:00,0.89,0.0,0.0
2018-06-06 22:00:00,0.09,0.0,0.0
2018-06-06 23:00:00,0.13,0.0,0.0
2018-06-07 00:00:00,0.8,0.0,0.0
2018-06-07 01:00:00,0.7,0.0,0.0
2018-06-07 02:00:00,0.36,0.0,0.0
2018-06-07 03:00:00,0.33,0.0,0.0
2018-06-07 04:00:00,0.35,4.2137265,0.4558333333333333
2018-06-07 05:00:00,0.79,94.33521,1.0
2018-06-07 06:00:00,0.7,279.1594,1.0
2018-06-07 07:00:00,0.71,472.18015,1.0
2018-06-07 08:00:00,0.16,707.94556,1.0
2018-06-07 09:00:00,0.37,797.18964,1.0
2018-06-07 10:00:00,0.43,822.68555,1.0
2018-06-07 11:00:00,0.69,669.94116,1.0
2018-06-07 12:00:00,0.74,655.49506,1.0
2018-06-07 13:00:00,0.67,679.66,1.0
2018-06-07 14:00:00,0.62,514.914,1.0
2018-06-07 15:00:00,0.97,356.8345,1.0
2018-06-07 16:00:00,0.56,384.9903,1.0
2018-06-07 17:00:00,0.51,215.50528,1.0
2018-06-07 18:00:00,0.86,59.313942,1.0
2018-06-07 19:00:00,0.3,3.9772115,0.44055555555555553
2018-06-07 20:00:00,0.04,0.0,0.0
2018-06-07 21:00:00,0.0,0.0,0.0
2018-06-07 22:00:00,0.0,0.0,0.0
2018-06-07 23:00:00,0.0,0.0,0.0
2018-06-08 00:00:00,0.0,0.0,0.0
2018-06-08 01:00:00,0.0,0.0,0.0
2018-06-08 02:00:00,0.0,0.0,0.0
2018-06-08 03:00:00,0.0,0.0,0.0
2018-06-08 04:00:00,0.0,4.4455132,0.45916666666666667
2018-06-08 05:00:00,0.0,101.01614,1.0
2018-06-08 06:00:00,0.0,299.9947,1.0
2018-06-08 07:00:00,0.0,518.52576,1.0
2018-06-08 08:00:00,0.0,721.71564,1.0
2018-06-08 09:00:00,0.15,885.9192,1.0
2018-06-08 10:00:00,0.72,927.73895,1.0
2018-06-08 11:00:00,0.86,873.8313,1.0
2018-06-08 12:00:00,0.81,755.3567,1.0
2018-06-08 13:00:00,0.78,677.7649,1.0
2018-06-08 14:00:00,0.86,552.69775,1.0
2018-06-08 15:00:00,0.87,447.15958,1.0
2018-06-08 16:00:00,0.75,417.04025,1.0
2018-06-08 17:00:00,0.01,238.73418,1.0
2018-06-08 18:00:00,0.08,62.793724,1.0
2018-06-08 19:00:00,0.01,2.9848075,0.4502777777777778
2018-06-08 20:00:00,0.0,0.0,0.0
2018-06-08 21:00:00,0.0,0.0,0.0
2018-06-08 22:00:00,0.0,0.0,0.0
2018-06-08 23:00:00,0.0,0.0,0.0
2018-06-09 00:00:00,0.0,0.0,0.0
2018-06-09 01:00:00,0.0,0.0,0.0
2018-06-09 02:00:00,0.0,0.0,0.0
2018-06-09 03:00:00,0.0,0.0,0.0
2018-06-09 04:00:00,0.0,4.4389176,0.46194444444444444
2018-06-09 05:00:00,0.0,99.07472,1.0
2018-06-09 06:00:00,0.0,295.81302,1.0
2018-06-09 07:00:00,0.0,510.99863,1.0
2018-06-09 08:00:00,0.0,709.87067,1.0
2018-06-09 09:00:00,0.0,875.3229,1.0
2018-06-09 10:00:00,0.0,990.8486,1.0
2018-06-09 11:00:00,0.32,990.39185,1.0
2018-06-09 12:00:00,0.39,942.49426,1.0
2018-06-09 13:00:00,0.59,749.9342,1.0
2018-06-09 14:00:00,0.63,647.22437,1.0
2018-06-09 15:00:00,0.71,540.78937,1.0
2018-06-09 16:00:00,0.6,349.97913,1.0
2018-06-09 17:00:00,0.42,183.70389,1.0
2018-06-09 18:00:00,0.56,56.763912,1.0
2018-06-09 19:00:00,0.82,2.981769,0.45944444444444443
2018-06-09 20:00:00,0.89,0.0,0.0
2018-06-09 21:00:00,0.11,0.0,0.0
2018-06-09 22:00:00,0.0,0.0,0.0
2018-06-09 23:00:00,0.0,0.0,0.0
2018-06-10 00:00:00,0.0,0.0,0.0
2018-06-10 01:00:00,0.0,0.0,0.0
2018-06-10 02:00:00,0.18,0.0,0.0
2018-06-10 03:00:00,0.42,0.0,0.0
2018-06-10 04:00:00,0.28,4.432136,0.46416666666666667
2018-06-10 05:00:00,0.01,100.51442,1.0
2018-06-10 06:00:00,0.01,299.62112,1.0
2018-06-10 07:00:00,0.0,518.1951,1.0
2018-06-10 08:00:00,0.0,719.1919,1.0
2018-06-10 09:00:00,0.0,887.8935,1.0
2018-06-10 10:00:00,0.0,1006.4852,1.0
2018-06-10 11:00:00,0.0,1062.3479,1.0
2018-06-10 12:00:00,0.06,1048.4774,1.0
2018-06-10 13:00:00,0.19,953.3948,1.0
2018-06-10 14:00:00,0.28,706.41345,1.0
2018-06-10 15:00:00,0.61,604.8863,1.0
2018-06-10 16:00:00,0.07,426.0169,1.0
2018-06-10 17:00:00,0.0,229.02402,1.0
2018-06-10 18:00:00,0.08,65.48526,1.0
2018-06-10 19:00:00,0.0,3.978731,0.4677777777777778
2018-06-10 20:00:00,0.0,0.0,0.0
2018-06-10 21:00:00,0.0,0.0,0.0
2018-06-10 22:00:00,0.0,0.0,0.0
2018-06-10 23:00:00,0.0,0.0,0.0
2018-06-11 00:00:00,0.0,0.0,0.0
2018-06-11 01:00:00,0.0,0.0,0.0
2018-06-11 02:00:00,0.0,0.0,0.0
2018-06-11 03:00:00,0.0,0.0,0.0
2018-06-11 04:00:00,0.0,4.4251537,0.4661111111111111
2018-06-11 05:00:00,0.0,100.718185,1.0
2018-06-11 06:00:00,0.01,297.45645,1.0
2018-06-11 07:00:00,0.0,512.698,1.0
2018-06-11 08:00:00,0.0,716.7769,1.0
2018-06-11 09:00:00,0.0,884.4148,1.0
2018-06-11 10:00:00,0.0,999.87946,1.0
2018-06-11 11:00:00,0.0,1049.606,1.0
2018-06-11 12:00:00,0.0,1036.1743,1.0
2018-06-11 13:00:00,0.0,959.9378,1.0
2018-06-11 14:00:00,0.0,827.5912,1.0
2018-06-11 15:00:00,0.0,650.48267,1.0
2018-06-11 16:00:00,0.01,439.60007,1.0
2018-06-11 17:00:00,0.0,235.97322,1.0
2018-06-11 18:00:00,0.0,64.50959,1.0
2018-06-11 19:00:00,0.0,3.978731,0.47583333333333333
2018-06-11 20:00:00,0.0,0.0,0.0
2018-06-11 21:00:00,0.0,0.0,0.0
2018-06-11 22:00:00,0.0,0.0,0.0
2018-06-11 23:00:00,0.0,0.0,0.0
2018-06-12 00:00:00,0.0,0.0,0.0
2018-06-12 01:00:00,0.0,0.0,0.0
2018-06-12 02:00:00,0.0,0.0,0.0
2018-06-12 03:00:00,0.0,0.0,0.0
2018-06-12 04:00:00,0.0,4.417901,0.4672222222222222
2018-06-12 05:00:00,0.13,100.77789,1.0
2018-06-12 06:00:00,0.54,293.32178,1.0
2018-06-12 07:00:00,0.5,510.3288,1.0
2018-06-12 08:00:00,0.48,711.24133,1.0
2018-06-12 09:00:00,0.48,874.65265,1.0
2018-06-12 10:00:00,0.58,981.37396,1.0
2018-06-12 11:00:00,0.79,1018.3566,1.0
2018-06-12 12:00:00,0.69,958.9916,1.0
2018-06-12 13:00:00,0.62,789.6991,1.0
2018-06-12 14:00:00,0.65,708.26483,1.0
2018-06-12 15:00:00,0.88,572.9952,1.0
2018-06-12 16:00:00,0.84,395.9394,1.0
2018-06-12 17:00:00,0.62,234.73456,1.0
2018-06-12 18:00:00,0.16,67.715744,1.0
2018-06-12 19:00:00,0.06,3.978731,0.4836111111111111
2018-06-12 20:00:00,0.0,0.0,0.0
2018-06-12 21:00:00,0.01,0.0,0.0
2018-06-12 22:00:00,0.0,0.0,0.0
2018-06-12 23:00:00,0.0,0.0,0.0
2018-06-13 00:00:00,0.0,0.0,0.0
2018-06-13 01:00:00,0.0,0.0,0.0
2018-06-13 02:00:00,0.0,0.0,0.0
2018-06-13 03:00:00,0.21,0.0,0.0
2018-06-13 04:00:00,0.37,4.4104357,0.46805555555555556
2018-06-13 05:00:00,0.38,94.50157,1.0
2018-06-13 06:00:00,0.0,284.24084,1.0
2018-06-13 07:00:00,0.0,498.87653,1.0
2018-06-13 08:00:00,0.0,698.61145,1.0
2018-06-13 09:00:00,0.02,820.27655,1.0
2018-06-13 10:00:00,0.26,871.33746,1.0
2018-06-13 11:00:00,0.48,899.5278,1.0
2018-06-13 12:00:00,0.6,801.31726,1.0
2018-06-13 13:00:00,0.4,836.03625,1.0
2018-06-13 14:00:00,0.69,534.44446,1.0
2018-06-13 15:00:00,0.57,541.63434,1.0
2018-06-13 16:00:00,0.56,302.53876,1.0
2018-06-13 17:00:00,0.1,204.83847,1.0
2018-06-13 18:00:00,0.78,53.21283,1.0
2018-06-13 19:00:00,0.59,4.9711347,0.4905555555555556
2018-06-13 20:00:00,0.01,0.0,0.0
2018-06-13 21:00:00,0.0,0.0,0.0
2018-06-13 22:00:00,0.05,0.0,0.0
2018-06-13 23:00:00,0.21,0.0,0.0
2018-06-14 00:00:00,0.0,0.0,0.0
2018-06-14 01:00:00,0.5,0.0,0.0
2018-06-14 02:00:00,0.77,0.0,0.0
2018-06-14 03:00:00,0.47,0.0,0.0
2018-06-14 04:00:00,0.19,4.402344,0.4683333333333333
2018-06-14 05:00:00,0.75,83.48719,1.0
2018-06-14 06:00:00,0.89,224.5552,1.0
2018-06-14 07:00:00,0.91,384.04678,1.0
2018-06-14 08:00:00,0.97,457.79114,1.0
2018-06-14 09:00:00,0.51,797.1048,1.0
2018-06-14 10:00:00,0.35,908.36743,1.0
2018-06-14 11:00:00,0.37,917.4601,1.0
2018-06-14 12:00:00,0.23,933.52155,1.0
2018-06-14 13:00:00,0.76,858.80206,1.0
2018-06-14 14:00:00,0.86,462.1578,1.0
2018-06-14 15:00:00,0.74,455.8693,1.0
2018-06-14 16:00:00,0.66,352.11035,1.0
2018-06-14 17:00:00,0.72,181.45096,1.0
2018-06-14 18:00:00,0.68,64.32806,1.0
2018-06-14 19:00:00,0.42,3.978731,0.49722222222222223
2018-06-14 20:00:00,0.13,0.0,0.0
2018-06-14 21:00:00,0.0,0.0,0.0
2018-06-14 22:00:00,0.0,0.0,0.0
2018-06-14 23:00:00,0.82,0.0,0.0
2018-06-15 00:00:00,0.74,0.0,0.0
2018-06-15 01:00:00,0.78,0.0,0.0
2018-06-15 02:00:00,0.88,0.0,0.0
2018-06-15 03:00:00,0.24,0.0,0.0
2018-06-15 04:00:00,0.0,4.1845293,0.4677777777777778
2018-06-15 05:00:00,0.4,91.19027,1.0
2018-06-15 06:00:00,0.28,277.05927,1.0
2018-06-15 07:00:00,0.04,496.4622,1.0
2018-06-15 08:00:00,0.09,661.989,1.0
2018-06-15 09:00:00,0.15,848.2718,1.0
2018-06-15 10:00:00,0.67,899.4137,1.0
2018-06-15 11:00:00,0.55,820.7773,1.0
2018-06-15 12:00:00,0.94,493.433,1.0
2018-06-15 13:00:00,0.75,563.86115,1.0
2018-06-15 14:00:00,0.5,680.6409,1.0
2018-06-15 15:00:00,0.96,478.50156,1.0
2018-06-15 16:00:00,0.73,365.96567,1.0
2018-06-15 17:00:00,0.3,204.26616,1.0
2018-06-15 18:00:00,0.39,67.74006,1.0
2018-06-15 19:00:00,0.44,4.972654,0.5036111111111111
2018-06-15 20:00:00,0.32,0.0,0.0
2018-06-15 21:00:00,0.92,0.0,0.0
2018-06-15 22:00:00,0.99,0.0,0.0
2018-06-15 23:00:00,1.0,0.0,0.0
2018-06-16 00:00:00,1.0,0.0,0.0
2018-06-16 01:00:00,1.0,0.0,0.0
2018-06-16 02:00:00,0.98,0.0,0.0
2018-06-16 03:00:00,1.0,0.0,0.0
2018-06-16 04:00:00,1.0,3.9756923,0.4666666666666667
2018-06-16 05:00:00,1.0,74.207184,1.0
2018-06-16 06:00:00,1.0,223.46085,1.0
2018-06-16 07:00:00,1.0,300.6849,1.0
2018-06-16 08:00:00,1.0,594.1692,1.0
2018-06-16 09:00:00,1.0,555.91595,1.0
2018-06-16 10:00:00,1.0,563.3874,1.0
2018-06-16 11:00:00,1.0,483.30795,1.0
2018-06-16 12:00:00,1.0,431.76642,1.0
2018-06-16 13:00:00,1.0,294.59286,1.0
2018-06-16 14:00:00,1.0,228.58789,1.0
2018-06-16 15:00:00,1.0,236.0927,1.0
2018-06-16 16:00:00,1.0,288.23434,1.0
2018-06-16 17:00:00,1.0,175.225,1.0
2018-06-16 18:00:00,0.92,29.256035,1.0
2018-06-16 19:00:00,0.63,3.9772115,0.5094444444444445
2018-06-16 20:00:00,0.6,0.0,0.0
2018-06-16 21:00:00,0.66,0.0,0.0
2018-06-16 22:00:00,0.56,0.0,0.0
2018-06-16 23:00:00,0.47,0.0,0.0
2018-06-17 00:00:00,0.48,0.0,0.0
2018-06-17 01:00:00,0.1,0.0,0.0
2018-06-17 02:00:00,0.1,0.0,0.0
2018-06-17 03:00:00,0.08,0.0,0.0
2018-06-17 04:00:00,0.12,4.174569,0.4652777777777778
2018-06-17 05:00:00,0.18,85.45926,1.0
2018-06-17 06:00:00,0.99,162.82509,1.0
2018-06-17 07:00:00,0.96,226.72566,1.0
2018-06-17 08:00:00,0.6,473.1777,1.0
2018-06-17 09:00:00,0.69,579.21387,1.0
2018-06-17 10:00:00,0.42,703.9068,1.0
2018-06-17 11:00:00,0.63,738.19257,1.0
2018-06-17 12:00:00,0.57,749.0618,1.0
2018-06-17 13:00:00,0.7,579.4784,1.0
2018-06-17 14:00:00,0.82,509.70898,1.0
2018-06-17 15:00:00,0.93,269.89008,1.0
2018-06-17 16:00:00,0.82,266.2944,1.0
2018-06-17 17:00:00,0.96,106.90955,1.0
2018-06-17 18:00:00,0.66,38.937325,1.0
2018-06-17 19:00:00,0.77,2.981769,0.515
2018-06-17 20:00:00,0.86,0.0,0.0
2018-06-17 21:00:00,1.0,0.0,0.0
2018-06-17 22:00:00,0.92,0.0,0.0
2018-06-17 23:00:00,1.0,0.0,0.0
2018-06-18 00:00:00,1.0,0.0,0.0
2018-06-18 01:00:00,1.0,0.0,0.0
2018-06-18 02:00:00,1.0,0.0,0.0
2018-06-18 03:00:00,0.86,0.0,0.0
2018-06-18 04:00:00,0.63,2.981769,0.46305555555555555
2018-06-18 05:00:00,0.63,33.31114,1.0
2018-06-18 06:00:00,1.0,100.375885,1.0
2018-06-18 07:00:00,1.0,207.70311,1.0
2018-06-18 08:00:00,1.0,374.46655,1.0
2018-06-18 09:00:00,0.97,467.81616,1.0
2018-06-18 10:00:00,0.76,652.62024,1.0
2018-06-18 11:00:00,0.82,773.73956,1.0
2018-06-18 12:00:00,0.25,854.0004,1.0
2018-06-18 13:00:00,0.34,646.9263,1.0
2018-06-18 14:00:00,0.41,682.4492,1.0
2018-06-18 15:00:00,0.41,476.81842,1.0
2018-06-18 16:00:00,0.41,405.0948,1.0
2018-06-18 17:00:00,0.25,200.62321,1.0
2018-06-18 18:00:00,0.5,62.071632,1.0
2018-06-18 19:00:00,0.46,3.9772115,0.52
2018-06-18 20:00:00,0.96,0.0,0.0
2018-06-18 21:00:00,0.68,0.0,0.0
2018-06-18 22:00:00,0.83,0.0,0.0
2018-06-18 23:00:00,1.0,0.0,0.0
2018-06-19 00:00:00,1.0,0.0,0.0
2018-06-19 01:00:00,1.0,0.0,0.0
2018-06-19 02:00:00,1.0,0.0,0.0
2018-06-19 03:00:00,1.0,0.0,0.0
2018-06-19 04:00:00,1.0,1.9878461,0.4602777777777778
2018-06-19 05:00:00,1.0,26.835924,1.0
2018-06-19 06:00:00,1.0,81.48397,1.0
2018-06-19 07:00:00,1.0,205.40019,1.0
2018-06-19 08:00:00,0.79,299.63702,1.0
2018-06-19 09:00:00,0.6,520.3212,1.0
2018-06-19 10:00:00,0.59,624.3864,1.0
2018-06-19 11:00:00,0.7,663.0154,1.0
2018-06-19 12:00:00,0.9,578.0828,1.0
2018-06-19 13:00:00,0.94,359.4669,1.0
2018-06-19 14:00:00,1.0,421.69388,1.0
2018-06-19 15:00:00,0.73,403.7071,1.0
2018-06-19 16:00:00,0.67,331.69766,1.0
2018-06-19 17:00:00,0.68,79.33805,1.0
2018-06-19 18:00:00,1.0,21.866308,1.0
2018-06-19 19:00:00,0.98,2.981769,0.5247222222222222
2018-06-19 20:00:00,0.79,0.0,0.0
2018-06-19 21:00:00,0.69,0.0,0.0
2018-06-19 22:00:00,0.14,0.0,0.0
2018-06-19 23:00:00,0.1,0.0,0.0
2018-06-20 00:00:00,0.03,0.0,0.0
2018-06-20 01:00:00,0.01,0.0,0.0
2018-06-20 02:00:00,0.0,0.0,0.0
2018-06-20 03:00:00,0.0,0.0,0.0
2018-06-20 04:00:00,0.0,4.157164,0.45694444444444443
2018-06-20 05:00:00,0.0,92.40199,1.0
2018-06-20 06:00:00,0.01,258.8209,1.0
2018-06-20 07:00:00,0.16,413.3354,1.0
2018-06-20 08:00:00,0.76,565.5478,1.0
2018-06-20 09:00:00,0.16,784.5391,1.0
2018-06-20 10:00:00,0.32,829.8262,1.0
2018-06-20 11:00:00,0.19,849.813,1.0
2018-06-20 12:00:00,0.39,762.6261,1.0
2018-06-20 13:00:00,0.68,719.79333,1.0
2018-06-20 14:00:00,0.29,655.7716,1.0
2018-06-20 15:00:00,0.38,521.18915,1.0
2018-06-20 16:00:00,0.38,362.42075,1.0
2018-06-20 17:00:00,0.16,203.97368,1.0
2018-06-20 18:00:00,0.26,57.56402,1.0
2018-06-20 19:00:00,0.84,3.9756923,0.5291666666666667
2018-06-20 20:00:00,0.2,0.0,0.0
2018-06-20 21:00:00,0.27,0.0,0.0
2018-06-20 22:00:00,0.28,0.0,0.0
2018-06-20 23:00:00,0.12,0.0,0.0
2018-06-21 00:00:00,0.0,0.0,0.0
2018-06-21 01:00:00,0.01,0.0,0.0
2018-06-21 02:00:00,0.0,0.0,0.0
2018-06-21 03:00:00,0.0,0.0,0.0
2018-06-21 04:00:00,0.0,4.1507173,0.45305555555555554
2018-06-21 05:00:00,0.0,93.14811,1.0
2018-06-21 06:00:00,0.0,282.5115,1.0
2018-06-21 07:00:00,0.0,492.99075,1.0
2018-06-21 08:00:00,0.0,690.5728,1.0
2018-06-21 09:00:00,0.0,850.8618,1.0
2018-06-21 10:00:00,0.0,963.32043,1.0
2018-06-21 11:00:00,0.06,965.35016,1.0
2018-06-21 12:00:00,0.36,911.7136,1.0
2018-06-21 13:00:00,0.76,821.898,1.0
2018-06-21 14:00:00,0.59,641.18024,1.0
2018-06-21 15:00:00,0.61,472.45392,1.0
2018-06-21 16:00:00,0.45,327.73914,1.0
2018-06-21 17:00:00,0.34,192.99191,1.0
2018-06-21 18:00:00,0.05,70.61278,1.0
2018-06-21 19:00:00,0.07,5.9665766,0.5330555555555555
2018-06-21 20:00:00,0.02,0.0,0.0
2018-06-21 21:00:00,0.75,0.0,0.0
2018-06-21 22:00:00,0.65,0.0,0.0
2018-06-21 23:00:00,0.04,0.0,0.0
2018-06-22 00:00:00,0.0,0.0,0.0
2018-06-22 01:00:00,0.01,0.0,0.0
2018-06-22 02:00:00,0.01,0.0,0.0
2018-06-22 03:00:00,0.02,0.0,0.0
2018-06-22 04:00:00,0.36,4.144021,0.4488888888888889
2018-06-22 05:00:00,0.04,88.43023,1.0
2018-06-22 06:00:00,0.58,260.77048,1.0
2018-06-22 07:00:00,0.79,401.79865,1.0
2018-06-22 08:00:00,0.93,415.65005,1.0
2018-06-22 09:00:00,0.92,633.5546,1.0
2018-06-22 10:00:00,0.95,594.738,1.0
2018-06-22 11:00:00,0.77,744.21356,1.0
2018-06-22 12:00:00,0.47,912.79456,1.0
2018-06-22 13:00:00,0.82,785.4622,1.0
2018-06-22 14:00:00,0.21,635.2686,1.0
2018-06-22 15:00:00,0.5,564.5792,1.0
2018-06-22 16:00:00,0.49,370.77567,1.0
2018-06-22 17:00:00,0.18,202.08838,1.0
2018-06-22 18:00:00,0.59,70.159096,1.0
2018-06-22 19:00:00,0.32,4.972654,0.5363888888888889
2018-06-22 20:00:00,0.08,0.0,0.0
2018-06-22 21:00:00,0.0,0.0,0.0
2018-06-22 22:00:00,0.0,0.0,0.0
2018-06-22 23:00:00,0.06,0.0,0.0
2018-06-23 00:00:00,0.0,0.0,0.0
2018-06-23 01:00:00,0.0,0.0,0.0
2018-06-23 02:00:00,0.03,0.0,0.0
2018-06-23 03:00:00,0.0,0.0,0.0
2018-06-23 04:00:00,0.43,4.137015,0.44416666666666665
2018-06-23 05:00:00,0.28,90.17812,1.0
2018-06-23 06:00:00,0.92,247.88689,1.0
2018-06-23 07:00:00,0.89,462.92804,1.0
2018-06-23 08:00:00,0.92,683.35925,1.0
2018-06-23 09:00:00,1.0,747.37366,1.0
2018-06-23 10:00:00,0.95,871.3966,1.0
2018-06-23 11:00:00,0.61,966.74744,1.0
2018-06-23 12:00:00,0.69,885.7049,1.0
2018-06-23 13:00:00,0.62,693.5183,1.0
2018-06-23 14:00:00,0.25,677.76715,1.0
2018-06-23 15:00:00,0.2,568.6724,1.0
2018-06-23 16:00:00,0.89,264.82297,1.0
2018-06-23 17:00:00,0.44,232.80846,1.0
2018-06-23 18:00:00,0.04,70.87776,1.0
2018-06-23 19:00:00,0.25,4.974173,0.5391666666666667
2018-06-23 20:00:00,0.01,0.0,0.0
2018-06-23 21:00:00,0.45,0.0,0.0
2018-06-23 22:00:00,0.04,0.0,0.0
2018-06-23 23:00:00,0.02,0.0,0.0
2018-06-24 00:00:00,0.17,0.0,0.0
2018-06-24 01:00:00,0.73,0.0,0.0
2018-06-24 02:00:00,0.87,0.0,0.0
2018-06-24 03:00:00,0.59,0.0,0.0
2018-06-24 04:00:00,0.36,4.129741,0.43916666666666665
2018-06-24 05:00:00,0.14,75.59182,1.0
2018-06-24 06:00:00,0.09,234.91386,1.0
2018-06-24 07:00:00,0.14,446.91788,1.0
2018-06-24 08:00:00,0.52,500.83212,1.0
2018-06-24 09:00:00,1.0,490.18692,1.0
2018-06-24 10:00:00,1.0,230.90582,1.0
2018-06-24 11:00:00,0.88,604.6224,1.0
2018-06-24 12:00:00,0.64,509.5533,1.0
2018-06-24 13:00:00,0.83,578.5308,1.0
2018-06-24 14:00:00,0.91,520.7602,1.0
2018-06-24 15:00:00,0.98,236.67462,1.0
2018-06-24 16:00:00,0.98,241.82693,1.0
2018-06-24 17:00:00,0.67,184.6549,1.0
2018-06-24 18:00:00,0.95,36.312664,1.0
2018-06-24 19:00:00,0.95,5.963538,0.5413888888888889
2018-06-24 20:00:00,0.87,0.0,0.0
2018-06-24 21:00:00,0.95,0.0,0.0
2018-06-24 22:00:00,0.85,0.0,0.0
2018-06-24 23:00:00,0.8,0.0,0.0
2018-06-25 00:00:00,0.45,0.0,0.0
2018-06-25 01:00:00,0.37,0.0,0.0
2018-06-25 02:00:00,0.86,0.0,0.0
2018-06-25 03:00:00,0.0,0.0,0.0
2018-06-25 04:00:00,0.0,4.122195,0.43333333333333335
2018-06-25 05:00:00,0.0,90.0067,1.0
2018-06-25 06:00:00,0.0,277.428,1.0
2018-06-25 07:00:00,0.0,488.82495,1.0
2018-06-25 08:00:00,0.0,686.43066,1.0
2018-06-25 09:00:00,0.0,854.18756,1.0
2018-06-25 10:00:00,0.3,814.2373,1.0
2018-06-25 11:00:00,0.08,983.5803,1.0
2018-06-25 12:00:00,0.24,959.08734,1.0
2018-06-25 13:00:00,0.28,902.6879,1.0
2018-06-25 14:00:00,0.17,770.84973,1.0
2018-06-25 15:00:00,0.01,624.5926,1.0
2018-06-25 16:00:00,0.08,424.0354,1.0
2018-06-25 17:00:00,0.02,239.56479,1.0
2018-06-25 18:00:00,0.0,71.723206,1.0
2018-06-25 19:00:00,0.0,5.968096,0.5433333333333333
2018-06-25 20:00:00,0.0,0.0,0.0
2018-06-25 21:00:00,0.0,0.0,0.0
2018-06-25 22:00:00,0.0,0.0,0.0
2018-06-25 23:00:00,0.0,0.0,0.0
2018-06-26 00:00:00,0.0,0.0,0.0
2018-06-26 01:00:00,0.0,0.0,0.0
2018-06-26 02:00:00,0.0,0.0,0.0
2018-06-26 03:00:00,0.0,0.0,0.0
2018-06-26 04:00:00,0.0,4.1143775,0.4275
2018-06-26 05:00:00,0.0,91.402466,1.0
2018-06-26 06:00:00,0.0,283.353,1.0
2018-06-26 07:00:00,0.0,499.37518,1.0
2018-06-26 08:00:00,0.0,703.5128,1.0
2018-06-26 09:00:00,0.0,869.15875,1.0
2018-06-26 10:00:00,0.0,985.90497,1.0
2018-06-26 11:00:00,0.17,991.3507,1.0
2018-06-26 12:00:00,0.6,956.17114,1.0
2018-06-26 13:00:00,0.54,890.279,1.0
2018-06-26 14:00:00,0.61,742.5192,1.0
2018-06-26 15:00:00,0.33,608.8879,1.0
2018-06-26 16:00:00,0.58,369.63046,1.0
2018-06-26 17:00:00,0.61,182.76183,1.0
2018-06-26 18:00:00,0.39,72.3885,1.0
2018-06-26 19:00:00,0.05,5.968096,0.5447222222222222
2018-06-26 20:00:00,0.01,0.0,0.0
2018-06-26 21:00:00,0.0,0.0,0.0
2018-06-26 22:00:00,0.0,0.0,0.0
2018-06-26 23:00:00,0.0,0.0,0.0
2018-06-27 00:00:00,0.0,0.0,0.0
2018-06-27 01:00:00,0.0,0.0,0.0
2018-06-27 02:00:00,0.0,0.0,0.0
2018-06-27 03:00:00,0.0,0.0,0.0
2018-06-27 04:00:00,0.0,4.1063733,0.4211111111111111
2018-06-27 05:00:00,0.0,90.50173,1.0
2018-06-27 06:00:00,0.0,280.38623,1.0
2018-06-27 07:00:00,0.0,493.20032,1.0
2018-06-27 08:00:00,0.0,693.07983,1.0
2018-06-27 09:00:00,0.0,847.7419,1.0
2018-06-27 10:00:00,0.02,952.03467,1.0
2018-06-27 11:00:00,0.32,966.4206,1.0
2018-06-27 12:00:00,0.65,916.7805,1.0
2018-06-27 13:00:00,0.4,742.7133,1.0
2018-06-27 14:00:00,0.98,348.63382,1.0
2018-06-27 15:00:00,0.86,359.83743,1.0
2018-06-27 16:00:00,0.99,313.67752,1.0
2018-06-27 17:00:00,0.9,151.8629,1.0
2018-06-27 18:00:00,0.98,61.1293,1.0
2018-06-27 19:00:00,1.0,3.9756923,0.5452777777777778
2018-06-27 20:00:00,0.96,0.0,0.0
2018-06-27 21:00:00,0.92,0.0,0.0
2018-06-27 22:00:00,0.85,0.0,0.0
2018-06-27 23:00:00,0.0,0.0,0.0
2018-06-28 00:00:00,0.0,0.0,0.0
2018-06-28 01:00:00,0.0,0.0,0.0
2018-06-28 02:00:00,0.0,0.0,0.0
2018-06-28 03:00:00,0.0,0.0,0.0
2018-06-28 04:00:00,0.0,3.104134,0.41444444444444445
2018-06-28 05:00:00,0.0,89.60583,1.0
2018-06-28 06:00:00,0.0,280.40912,1.0
2018-06-28 07:00:00,0.0,494.30484,1.0
2018-06-28 08:00:00,0.03,684.32983,1.0
2018-06-28 09:00:00,0.2,825.763,1.0
2018-06-28 10:00:00,0.25,920.8677,1.0
2018-06-28 11:00:00,0.2,980.3241,1.0
2018-06-28 12:00:00,0.31,960.60913,1.0
2018-06-28 13:00:00,0.48,867.9266,1.0
2018-06-28 14:00:00,0.67,688.4281,1.0
2018-06-28 15:00:00,0.79,535.5764,1.0
2018-06-28 16:00:00,0.83,299.58453,1.0
2018-06-28 17:00:00,0.97,188.00906,1.0
2018-06-28 18:00:00,0.66,63.32939,1.0
2018-06-28 19:00:00,0.66,3.9772115,0.5455555555555556
2018-06-28 20:00:00,0.65,0.0,0.0
2018-06-28 21:00:00,0.46,0.0,0.0
2018-06-28 22:00:00,0.35,0.0,0.0
2018-06-28 23:00:00,0.69,0.0,0.0
2018-06-29 00:00:00,0.18,0.0,0.0
2018-06-29 01:00:00,0.01,0.0,0.0
2018-06-29 02:00:00,0.17,0.0,0.0
2018-06-29 03:00:00,0.08,0.0,0.0
2018-06-29 04:00:00,0.2,3.0956087,0.4072222222222222
2018-06-29 05:00:00,0.25,92.809555,1.0
2018-06-29 06:00:00,0.0,290.33636,1.0
2018-06-29 07:00:00,0.0,507.85657,1.0
2018-06-29 08:00:00,0.0,711.22363,1.0
2018-06-29 09:00:00,0.0,874.8688,1.0
2018-06-29 10:00:00,0.0,992.97784,1.0
2018-06-29 11:00:00,0.5,939.291,1.0
2018-06-29 12:00:00,0.59,806.1474,1.0
2018-06-29 13:00:00,0.86,603.1612,1.0
2018-06-29 14:00:00,0.95,317.82825,1.0
2018-06-29 15:00:00,1.0,211.28937,1.0
2018-06-29 16:00:00,1.0,148.09454,1.0
2018-06-29 17:00:00,1.0,160.86299,1.0
2018-06-29 18:00:00,0.96,58.51619,1.0
2018-06-29 19:00:00,0.22,5.9665766,0.545
2018-06-29 20:00:00,0.27,0.0,0.0
2018-06-29 21:00:00,0.37,0.0,0.0
2018-06-29 22:00:00,0.0,0.0,0.0
2018-06-29 23:00:00,0.0,0.0,0.0
2018-06-30 00:00:00,0.0,0.0,0.0
2018-06-30 01:00:00,0.89,0.0,0.0
2018-06-30 02:00:00,0.8,0.0,0.0
2018-06-30 03:00:00,0.14,0.0,0.0
2018-06-30 04:00:00,0.06,3.0869124,0.3997222222222222
2018-06-30 05:00:00,0.05,71.88942,1.0
2018-06-30 06:00:00,0.41,146.89606,1.0
2018-06-30 07:00:00,1.0,235.40234,1.0
2018-06-30 08:00:00,0.92,420.0775,1.0
2018-06-30 09:00:00,0.75,543.61755,1.0
2018-06-30 10:00:00,0.83,777.1326,1.0
2018-06-30 11:00:00,0.86,774.5267,1.0
2018-06-30 12:00:00,0.86,688.2194,1.0
2018-06-30 13:00:00,0.82,759.7599,1.0
2018-06-30 14:00:00,1.0,425.06906,1.0
2018-06-30 15:00:00,1.0,417.43558,1.0
2018-06-30 16:00:00,0.81,127.50807,1.0
2018-06-30 17:00:00,0.97,104.36192,1.0
2018-06-30 18:00:00,0.15,47.770195,1.0
2018-06-30 19:00:00,0.16,5.9665766,0.5438888888888889
2018-06-30 20:00:00,0.25,0.0,0.0
2018-06-30 21:00:00,0.01,0.0,0.0
2018-06-30 22:00:00,0.0,0.0,0.0
2018-06-30 23:00:00,0.02,0.0,0.0
2018-07-01 00:00:00,0.0,0.0,0.0
2018-07-01 01:00:00,0.0,0.0,0.0
2018-07-01 02:00:00,0.35,0.0,0.0
2018-07-01 03:00:00,0.21,0.0,0.0
2018-07-01 04:00:00,0.06,2.0840983,0.39222222222222225
2018-07-01 05:00:00,0.03,80.77071,1.0
2018-07-01 06:00:00,0.02,263.7276,1.0
2018-07-01 07:00:00,0.01,480.0404,1.0
2018-07-01 08:00:00,0.0,685.1799,1.0
2018-07-01 09:00:00,0.0,851.92163,1.0
2018-07-01 10:00:00,0.0,967.7364,1.0
2018-07-01 11:00:00,0.2,980.7692,1.0
2018-07-01 12:00:00,0.41,950.42413,1.0
2018-07-01 13:00:00,0.43,882.69934,1.0
2018-07-01 14:00:00,0.33,745.07526,1.0
2018-07-01 15:00:00,0.7,544.5988,1.0
2018-07-01 16:00:00,0.12,409.87967,1.0
2018-07-01 17:00:00,0.08,235.84787,1.0
2018-07-01 18:00:00,0.03,73.61664,1.0
2018-07-01 19:00:00,0.0,4.974173,0.5425
2018-07-01 20:00:00,0.0,0.0,0.0
2018-07-01 21:00:00,0.0,0.0,0.0
2018-07-01 22:00:00,0.0,0.0,0.0
2018-07-01 23:00:00,0.0,0.0,0.0
2018-07-02 00:00:00,0.0,0.0,0.0
2018-07-02 01:00:00,0.0,0.0,0.0
2018-07-02 02:00:00,0.0,0.0,0.0
2018-07-02 03:00:00,0.0,0.0,0.0
2018-07-02 04:00:00,0.0,2.074969,0.38416666666666666
2018-07-02 05:00:00,0.0,86.7141,1.0
2018-07-02 06:00:00,0.0,277.6367,1.0
2018-07-02 07:00:00,0.0,491.70255,1.0
2018-07-02 08:00:00,0.0,696.00366,1.0
2018-07-02 09:00:00,0.0,865.9771,1.0
2018-07-02 10:00:00,0.0,982.8244,1.0
2018-07-02 11:00:00,0.01,1023.9777,1.0
2018-07-02 12:00:00,0.2,973.3829,1.0
2018-07-02 13:00:00,0.45,833.78735,1.0
2018-07-02 14:00:00,0.38,674.94183,1.0
2018-07-02 15:00:00,0.6,537.89,1.0
2018-07-02 16:00:00,0.44,401.8476,1.0
2018-07-02 17:00:00,0.35,233.2101,1.0
2018-07-02 18:00:00,0.24,63.116776,1.0
2018-07-02 19:00:00,0.62,4.972654,0.54
2018-07-02 20:00:00,0.49,0.0,0.0
2018-07-02 21:00:00,0.06,0.0,0.0
2018-07-02 22:00:00,0.04,0.0,0.0
2018-07-02 23:00:00,0.01,0.0,0.0
2018-07-03 00:00:00,0.0,0.0,0.0
2018-07-03 01:00:00,0.08,0.0,0.0
2018-07-03 02:00:00,0.11,0.0,0.0
2018-07-03 03:00:00,0.09,0.0,0.0
2018-07-03 04:00:00,0.02,2.065512,0.37583333333333335
2018-07-03 05:00:00,0.0,85.029335,1.0
2018-07-03 06:00:00,0.0,273.75583,1.0
2018-07-03 07:00:00,0.0,488.71835,1.0
2018-07-03 08:00:00,0.0,691.95685,1.0
2018-07-03 09:00:00,0.29,781.49506,1.0
2018-07-03 10:00:00,0.66,868.0099,1.0
2018-07-03 11:00:00,0.63,694.6404,1.0
2018-07-03 12:00:00,0.87,651.01746,1.0
2018-07-03 13:00:00,0.9,632.7569,1.0
2018-07-03 14:00:00,1.0,364.62915,1.0
2018-07-03 15:00:00,0.97,400.98157,1.0
2018-07-03 16:00:00,0.88,307.11154,1.0
2018-07-03 17:00:00,0.99,170.32715,1.0
2018-07-03 18:00:00,1.0,40.750847,1.0
2018-07-03 19:00:00,0.79,1.9878461,0.5372222222222223
2018-07-03 20:00:00,1.0,0.0,0.0
2018-07-03 21:00:00,1.0,0.0,0.0
2018-07-03 22:00:00,0.73,0.0,0.0
2018-07-03 23:00:00,0.49,0.0,0.0
2018-07-04 00:00:00,0.38,0.0,0.0
2018-07-04 01:00:00,0.23,0.0,0.0
2018-07-04 02:00:00,0.11,0.0,0.0
2018-07-04 03:00:00,0.02,0.0,0.0
2018-07-04 04:00:00,0.01,2.055697,0.36694444444444446
2018-07-04 05:00:00,0.0,79.63927,1.0
2018-07-04 06:00:00,0.47,256.03296,1.0
2018-07-04 07:00:00,0.42,448.33084,1.0
2018-07-04 08:00:00,0.26,606.3353,1.0
2018-07-04 09:00:00,0.42,762.5087,1.0
2018-07-04 10:00:00,0.49,848.4396,1.0
2018-07-04 11:00:00,0.43,878.7222,1.0
2018-07-04 12:00:00,0.5,888.9912,1.0
2018-07-04 13:00:00,0.68,832.49133,1.0
2018-07-04 14:00:00,0.49,718.91376,1.0
2018-07-04 15:00:00,0.63,527.2125,1.0
2018-07-04 16:00:00,0.4,381.31506,1.0
2018-07-04 17:00:00,0.39,197.18265,1.0
2018-07-04 18:00:00,0.76,58.416004,1.0
2018-07-04 19:00:00,0.49,3.9772115,0.5338888888888889
2018-07-04 20:00:00,0.06,0.0,0.0
2018-07-04 21:00:00,0.01,0.0,0.0
2018-07-04 22:00:00,0.12,0.0,0.0
2018-07-04 23:00:00,0.28,0.0,0.0
2018-07-05 00:00:00,0.28,0.0,0.0
2018-07-05 01:00:00,0.37,0.0,0.0
2018-07-05 02:00:00,0.78,0.0,0.0
2018-07-05 03:00:00,0.86,0.0,0.0
2018-07-05 04:00:00,0.37,2.981769,0.3575
2018-07-05 05:00:00,0.32,70.83275,1.0
2018-07-05 06:00:00,0.36,213.45218,1.0
2018-07-05 07:00:00,0.42,434.66718,1.0
2018-07-05 08:00:00,0.48,622.70105,1.0
2018-07-05 09:00:00,0.79,749.11993,1.0
2018-07-05 10:00:00,0.76,833.4662,1.0
2018-07-05 11:00:00,0.5,727.74554,1.0
2018-07-05 12:00:00,0.78,416.08337,1.0
2018-07-05 13:00:00,0.68,636.96643,1.0
2018-07-05 14:00:00,0.79,453.04477,1.0
2018-07-05 15:00:00,0.97,476.3038,1.0
2018-07-05 16:00:00,0.95,262.1584,1.0
2018-07-05 17:00:00,0.96,100.49658,1.0
2018-07-05 18:00:00,1.0,59.420433,1.0
2018-07-05 19:00:00,0.93,4.9696155,0.5297222222222222
2018-07-05 20:00:00,0.87,0.0,0.0
2018-07-05 21:00:00,0.88,0.0,0.0
2018-07-05 22:00:00,0.21,0.0,0.0
2018-07-05 23:00:00,0.06,0.0,0.0
2018-07-06 00:00:00,0.12,0.0,0.0
2018-07-06 01:00:00,0.02,0.0,0.0
2018-07-06 02:00:00,0.0,0.0,0.0
2018-07-06 03:00:00,0.0,0.0,0.0
2018-07-06 04:00:00,0.0,2.033681,0.3477777777777778
2018-07-06 05:00:00,0.0,77.38169,1.0
2018-07-06 06:00:00,0.0,257.20456,1.0
2018-07-06 07:00:00,0.0,466.4338,1.0
2018-07-06 08:00:00,0.0,664.22534,1.0
2018-07-06 09:00:00,0.0,829.9785,1.0
2018-07-06 10:00:00,0.02,929.51465,1.0
2018-07-06 11:00:00,0.46,901.07465,1.0
2018-07-06 12:00:00,0.4,908.7544,1.0
2018-07-06 13:00:00,0.44,780.83875,1.0
2018-07-06 14:00:00,0.8,644.80676,1.0
2018-07-06 15:00:00,0.56,522.8177,1.0
2018-07-06 16:00:00,0.6,404.06866,1.0
2018-07-06 17:00:00,0.39,178.39618,1.0
2018-07-06 18:00:00,0.76,75.57146,1.0
2018-07-06 19:00:00,0.25,5.9665766,0.5252777777777777
2018-07-06 20:00:00,0.11,0.0,0.0
2018-07-06 21:00:00,0.01,0.0,0.0
2018-07-06 22:00:00,0.0,0.0,0.0
2018-07-06 23:00:00,0.01,0.0,0.0
2018-07-07 00:00:00,0.0,0.0,0.0
2018-07-07 01:00:00,0.0,0.0,0.0
2018-07-07 02:00:00,0.0,0.0,0.0
2018-07-07 03:00:00,0.0,0.0,0.0
2018-07-07 04:00:00,0.0,1.0276473,0.3375
2018-07-07 05:00:00,0.0,77.15499,1.0
2018-07-07 06:00:00,0.0,258.31973,1.0
2018-07-07 07:00:00,0.0,466.6911,1.0
2018-07-07 08:00:00,0.0,667.815,1.0
2018-07-07 09:00:00,0.0,781.6527,1.0
2018-07-07 10:00:00,0.0,880.4582,1.0
2018-07-07 11:00:00,0.09,914.8606,1.0
2018-07-07 12:00:00,0.04,955.3617,1.0
2018-07-07 13:00:00,0.8,668.22473,1.0
2018-07-07 14:00:00,0.72,678.7846,1.0
2018-07-07 15:00:00,0.7,519.4879,1.0
2018-07-07 16:00:00,0.97,328.31577,1.0
2018-07-07 17:00:00,0.99,170.00853,1.0
2018-07-07 18:00:00,0.99,61.08674,1.0
2018-07-07 19:00:00,0.85,4.9711347,0.5202777777777777
2018-07-07 20:00:00,0.44,0.0,0.0
2018-07-07 21:00:00,0.14,0.0,0.0
2018-07-07 22:00:00,0.02,0.0,0.0
2018-07-07 23:00:00,0.16,0.0,0.0
2018-07-08 00:00:00,0.04,0.0,0.0
2018-07-08 01:00:00,0.0,0.0,0.0
2018-07-08 02:00:00,0.0,0.0,0.0
2018-07-08 03:00:00,0.0,0.0,0.0
2018-07-08 04:00:00,0.0,1.9878461,0.3269444444444444
2018-07-08 05:00:00,0.0,75.49016,1.0
2018-07-08 06:00:00,0.0,253.48601,1.0
2018-07-08 07:00:00,0.0,461.7406,1.0
2018-07-08 08:00:00,0.0,658.4205,1.0
2018-07-08 09:00:00,0.0,822.0449,1.0
2018-07-08 10:00:00,0.0,935.8168,1.0
2018-07-08 11:00:00,0.08,981.241,1.0
2018-07-08 12:00:00,0.28,770.054,1.0
2018-07-08 13:00:00,0.8,731.2584,1.0
2018-07-08 14:00:00,0.45,603.42426,1.0
2018-07-08 15:00:00,0.85,453.62418,1.0
2018-07-08 16:00:00,0.95,323.8867,1.0
2018-07-08 17:00:00,0.96,159.6894,1.0
2018-07-08 18:00:00,0.68,57.86284,1.0
2018-07-08 19:00:00,0.73,3.9772115,0.5147222222222222
2018-07-08 20:00:00,0.95,0.0,0.0
2018-07-08 21:00:00,0.94,0.0,0.0
2018-07-08 22:00:00,0.92,0.0,0.0
2018-07-08 23:00:00,0.78,0.0,0.0
2018-07-09 00:00:00,0.57,0.0,0.0
2018-07-09 01:00:00,0.42,0.0,0.0
2018-07-09 02:00:00,0.19,0.0,0.0
2018-07-09 03:00:00,0.1,0.0,0.0
2018-07-09 04:00:00,0.0,1.9878461,0.31583333333333335
2018-07-09 05:00:00,0.0,73.64525,1.0
2018-07-09 06:00:00,0.0,253.63239,1.0
2018-07-09 07:00:00,0.0,463.0677,1.0
2018-07-09 08:00:00,0.0,662.9875,1.0
2018-07-09 09:00:00,0.0,829.94836,1.0
2018-07-09 10:00:00,0.0,950.1455,1.0
2018-07-09 11:00:00,0.0,1012.03107,1.0
2018-07-09 12:00:00,0.0,1008.59094,1.0
2018-07-09 13:00:00,0.0,942.2879,1.0
2018-07-09 14:00:00,0.0,818.52734,1.0
2018-07-09 15:00:00,0.0,647.8084,1.0
2018-07-09 16:00:00,0.01,441.84845,1.0
2018-07-09 17:00:00,0.78,245.67229,1.0
2018-07-09 18:00:00,0.02,69.45178,1.0
2018-07-09 19:00:00,0.02,4.972654,0.5088888888888888
2018-07-09 20:00:00,0.03,0.0,0.0
2018-07-09 21:00:00,0.05,0.0,0.0
2018-07-09 22:00:00,0.01,0.0,0.0
2018-07-09 23:00:00,0.0,0.0,0.0
2018-07-10 00:00:00,0.0,0.0,0.0
2018-07-10 01:00:00,0.0,0.0,0.0
2018-07-10 02:00:00,0.0,0.0,0.0
2018-07-10 03:00:00,0.0,0.0,0.0
2018-07-10 04:00:00,0.0,1.9878461,0.30444444444444446
2018-07-10 05:00:00,0.0,74.41459,1.0
2018-07-10 06:00:00,0.0,257.7756,1.0
2018-07-10 07:00:00,0.0,467.5729,1.0
2018-07-10 08:00:00,0.0,667.69543,1.0
2018-07-10 09:00:00,0.0,833.5984,1.0
2018-07-10 10:00:00,0.0,951.6956,1.0
2018-07-10 11:00:00,0.0,1014.55835,1.0
2018-07-10 12:00:00,0.0,998.44666,1.0
2018-07-10 13:00:00,0.03,940.54364,1.0
2018-07-10 14:00:00,0.01,830.81494,1.0
2018-07-10 15:00:00,0.01,655.66797,1.0
2018-07-10 16:00:00,0.01,453.1688,1.0
2018-07-10 17:00:00,0.01,248.64693,1.0
2018-07-10 18:00:00,0.0,70.08732,1.0
2018-07-10 19:00:00,0.0,3.9802501,0.5022222222222222
2018-07-10 20:00:00,0.0,0.0,0.0
2018-07-10 21:00:00,0.0,0.0,0.0
2018-07-10 22:00:00,0.0,0.0,0.0
2018-07-10 23:00:00,0.0,0.0,0.0
2018-07-11 00:00:00,0.0,0.0,0.0
2018-07-11 01:00:00,0.0,0.0,0.0
2018-07-11 02:00:00,0.0,0.0,0.0
2018-07-11 03:00:00,0.0,0.0,0.0
2018-07-11 04:00:00,0.0,1.9878461,0.2927777777777778
2018-07-11 05:00:00,0.0,72.57397,1.0
2018-07-11 06:00:00,0.0,254.9615,1.0
2018-07-11 07:00:00,0.0,465.78146,1.0
2018-07-11 08:00:00,0.0,666.99097,1.0
2018-07-11 09:00:00,0.0,836.1551,1.0
2018-07-11 10:00:00,0.0,955.2556,1.0
2018-07-11 11:00:00,0.0,1020.19495,1.0
2018-07-11 12:00:00,0.01,1016.70123,1.0
2018-07-11 13:00:00,0.01,949.2315,1.0
2018-07-11 14:00:00,0.1,815.20886,1.0
2018-07-11 15:00:00,0.18,572.6365,1.0
2018-07-11 16:00:00,0.36,375.29095,1.0
2018-07-11 17:00:00,0.42,210.3257,1.0
2018-07-11 18:00:00,0.38,63.308018,1.0
2018-07-11 19:00:00,0.48,4.9711347,0.49527777777777776
2018-07-11 20:00:00,0.1,0.0,0.0
2018-07-11 21:00:00,0.08,0.0,0.0
2018-07-11 22:00:00,0.19,0.0,0.0
2018-07-11 23:00:00,0.57,0.0,0.0
2018-07-12 00:00:00,0.2,0.0,0.0
2018-07-12 01:00:00,0.01,0.0,0.0
2018-07-12 02:00:00,0.0,0.0,0.0
2018-07-12 03:00:00,0.0,0.0,0.0
2018-07-12 04:00:00,0.0,0.99392307,0.28055555555555556
2018-07-12 05:00:00,0.0,68.688515,1.0
2018-07-12 06:00:00,0.14,239.15965,1.0
2018-07-12 07:00:00,0.03,444.6954,1.0
2018-07-12 08:00:00,0.06,641.3616,1.0
2018-07-12 09:00:00,0.01,734.7363,1.0
2018-07-12 10:00:00,0.09,801.35236,1.0
2018-07-12 11:00:00,0.25,856.5014,1.0
2018-07-12 12:00:00,0.21,901.9201,1.0
2018-07-12 13:00:00,0.44,656.57587,1.0
2018-07-12 14:00:00,0.94,527.3633,1.0
2018-07-12 15:00:00,0.98,477.24225,1.0
2018-07-12 16:00:00,0.9,343.9985,1.0
2018-07-12 17:00:00,0.79,150.77179,1.0
2018-07-12 18:00:00,1.0,31.71032,1.0
2018-07-12 19:00:00,0.93,3.9772115,0.4875
2018-07-12 20:00:00,0.9,0.0,0.0
2018-07-12 21:00:00,0.69,0.0,0.0
2018-07-12 22:00:00,0.07,0.0,0.0
2018-07-12 23:00:00,0.01,0.0,0.0
2018-07-13 00:00:00,0.04,0.0,0.0
2018-07-13 01:00:00,0.05,0.0,0.0
2018-07-13 02:00:00,0.04,0.0,0.0
2018-07-13 03:00:00,0.02,0.0,0.0
2018-07-13 04:00:00,0.03,0.0,0.2683333333333333
2018-07-13 05:00:00,0.07,67.78123,1.0
2018-07-13 06:00:00,0.0,243.35345,1.0
2018-07-13 07:00:00,0.0,448.43323,1.0
2018-07-13 08:00:00,0.0,647.3523,1.0
2018-07-13 09:00:00,0.01,789.3269,1.0
2018-07-13 10:00:00,0.14,859.27045,1.0
2018-07-13 11:00:00,0.32,827.2408,1.0
2018-07-13 12:00:00,0.31,809.89606,1.0
2018-07-13 13:00:00,0.39,773.9735,1.0
2018-07-13 14:00:00,0.25,677.32684,1.0
2018-07-13 15:00:00,0.58,510.614,1.0
2018-07-13 16:00:00,0.49,376.1387,1.0
2018-07-13 17:00:00,0.31,207.73094,1.0
2018-07-13 18:00:00,0.15,60.293724,1.0
2018-07-13 19:00:00,0.27,3.9772115,0.47944444444444445
2018-07-13 20:00:00,0.36,0.0,0.0
2018-07-13 21:00:00,0.11,0.0,0.0
2018-07-13 22:00:00,0.14,0.0,0.0
2018-07-13 23:00:00,0.03,0.0,0.0
2018-07-14 00:00:00,0.0,0.0,0.0
2018-07-14 01:00:00,0.0,0.0,0.0
2018-07-14 02:00:00,0.0,0.0,0.0
2018-07-14 03:00:00,0.0,0.0,0.0
2018-07-14 04:00:00,0.0,0.0,0.25583333333333336
2018-07-14 05:00:00,0.0,66.88694,1.0
2018-07-14 06:00:00,0.28,229.51834,1.0
2018-07-14 07:00:00,0.06,428.86545,1.0
2018-07-14 08:00:00,0.01,652.01697,1.0
2018-07-14 09:00:00,0.0,823.1591,1.0
2018-07-14 10:00:00,0.02,898.8146,1.0
2018-07-14 11:00:00,0.14,774.8203,1.0
2018-07-14 12:00:00,0.04,849.1121,1.0
2018-07-14 13:00:00,0.25,842.81287,1.0
2018-07-14 14:00:00,0.31,733.5079,1.0
2018-07-14 15:00:00,0.3,568.62823,1.0
2018-07-14 16:00:00,0.35,399.5459,1.0
2018-07-14 17:00:00,0.22,216.63965,1.0
2018-07-14 18:00:00,0.1,62.621323,1.0
2018-07-14 19:00:00,0.08,3.978731,0.4708333333333333
2018-07-14 20:00:00,0.03,0.0,0.0
2018-07-14 21:00:00,0.34,0.0,0.0
2018-07-14 22:00:00,0.77,0.0,0.0
2018-07-14 23:00:00,0.23,0.0,0.0
2018-07-15 00:00:00,0.26,0.0,0.0
2018-07-15 01:00:00,0.41,0.0,0.0
2018-07-15 02:00:00,0.15,0.0,0.0
2018-07-15 03:00:00,0.37,0.0,0.0
2018-07-15 04:00:00,0.4,0.0,0.24305555555555555
2018-07-15 05:00:00,0.42,44.472496,1.0
2018-07-15 06:00:00,0.84,226.6591,1.0
2018-07-15 07:00:00,0.62,400.1104,1.0
2018-07-15 08:00:00,0.36,580.4668,1.0
2018-07-15 09:00:00,0.44,689.21704,1.0
2018-07-15 10:00:00,0.69,728.2012,1.0
2018-07-15 11:00:00,0.53,740.09406,1.0
2018-07-15 12:00:00,0.94,569.8862,1.0
2018-07-15 13:00:00,0.96,383.10776,1.0
2018-07-15 14:00:00,0.85,457.04688,1.0
2018-07-15 15:00:00,0.92,196.00511,1.0
2018-07-15 16:00:00,1.0,63.611076,1.0
2018-07-15 17:00:00,1.0,62.092335,1.0
2018-07-15 18:00:00,1.0,8.945308,1.0
2018-07-15 19:00:00,1.0,0.99392307,0.46194444444444444
2018-07-15 20:00:00,0.84,0.0,0.0
2018-07-15 21:00:00,0.9,0.0,0.0
2018-07-15 22:00:00,1.0,0.0,0.0
2018-07-15 23:00:00,1.0,0.0,0.0
2018-07-16 00:00:00,0.51,0.0,0.0
2018-07-16 01:00:00,0.25,0.0,0.0
2018-07-16 02:00:00,0.2,0.0,0.0
2018-07-16 03:00:00,0.63,0.0,0.0
2018-07-16 04:00:00,0.84,0.0,0.23
2018-07-16 05:00:00,0.77,38.272305,1.0
2018-07-16 06:00:00,0.98,128.68265,1.0
2018-07-16 07:00:00,0.96,304.9052,1.0
2018-07-16 08:00:00,0.94,555.80707,1.0
2018-07-16 09:00:00,0.87,795.3198,1.0
2018-07-16 10:00:00,0.82,907.9865,1.0
2018-07-16 11:00:00,0.8,939.27167,1.0
2018-07-16 12:00:00,0.64,965.3078,1.0
2018-07-16 13:00:00,0.38,906.43726,1.0
2018-07-16 14:00:00,0.12,791.1472,1.0
2018-07-16 15:00:00,0.18,590.9913,1.0
2018-07-16 16:00:00,0.13,433.63364,1.0
2018-07-16 17:00:00,0.26,196.96623,1.0
2018-07-16 18:00:00,0.57,64.37021,1.0
2018-07-16 19:00:00,0.16,3.9772115,0.45222222222222225
2018-07-16 20:00:00,0.03,0.0,0.0
2018-07-16 21:00:00,0.33,0.0,0.0
2018-07-16 22:00:00,0.16,0.0,0.0
2018-07-16 23:00:00,0.25,0.0,0.0
2018-07-17 00:00:00,0.52,0.0,0.0
2018-07-17 01:00:00,0.6,0.0,0.0
2018-07-17 02:00:00,0.76,0.0,0.0
2018-07-17 03:00:00,0.7,0.0,0.0
2018-07-17 04:00:00,0.83,0.0,0.21666666666666667
2018-07-17 05:00:00,0.77,33.51759,1.0
2018-07-17 06:00:00,1.0,133.72742,1.0
2018-07-17 07:00:00,1.0,310.35474,1.0
2018-07-17 08:00:00,0.89,604.9059,1.0
2018-07-17 09:00:00,0.53,756.33264,1.0
2018-07-17 10:00:00,0.3,885.7015,1.0
2018-07-17 11:00:00,0.48,840.0858,1.0
2018-07-17 12:00:00,0.48,864.8987,1.0
2018-07-17 13:00:00,0.52,676.57007,1.0
2018-07-17 14:00:00,0.3,605.3835,1.0
2018-07-17 15:00:00,0.52,544.9053,1.0
2018-07-17 16:00:00,0.2,342.1752,1.0
2018-07-17 17:00:00,0.68,152.94217,1.0
2018-07-17 18:00:00,0.41,52.14049,1.0
2018-07-17 19:00:00,0.18,2.9832883,0.44222222222222224
2018-07-17 20:00:00,0.02,0.0,0.0
2018-07-17 21:00:00,0.0,0.0,0.0
2018-07-17 22:00:00,0.0,0.0,0.0
2018-07-17 23:00:00,0.0,0.0,0.0
2018-07-18 00:00:00,0.09,0.0,0.0
2018-07-18 01:00:00,0.54,0.0,0.0
2018-07-18 02:00:00,0.67,0.0,0.0
2018-07-18 03:00:00,0.0,0.0,0.0
2018-07-18 04:00:00,0.0,0.0,0.20333333333333334
2018-07-18 05:00:00,0.93,58.651463,1.0
2018-07-18 06:00:00,0.32,218.29468,1.0
2018-07-18 07:00:00,0.01,447.183,1.0
2018-07-18 08:00:00,0.48,651.5594,1.0
2018-07-18 09:00:00,0.72,822.854,1.0
2018-07-18 10:00:00,0.61,940.685,1.0
2018-07-18 11:00:00,0.86,969.50543,1.0
2018-07-18 12:00:00,0.77,775.66956,1.0
2018-07-18 13:00:00,0.79,773.4294,1.0
2018-07-18 14:00:00,0.54,736.8149,1.0
2018-07-18 15:00:00,0.55,552.70215,1.0
2018-07-18 16:00:00,0.1,401.8301,1.0
2018-07-18 17:00:00,0.01,240.02042,1.0
2018-07-18 18:00:00,0.19,59.749607,1.0
2018-07-18 19:00:00,0.05,3.9772115,0.43166666666666664
2018-07-18 20:00:00,0.08,0.0,0.0
2018-07-18 21:00:00,0.0,0.0,0.0
2018-07-18 22:00:00,0.0,0.0,0.0
2018-07-18 23:00:00,0.0,0.0,0.0
2018-07-19 00:00:00,0.0,0.0,0.0
2018-07-19 01:00:00,0.0,0.0,0.0
2018-07-19 02:00:00,0.25,0.0,0.0
2018-07-19 03:00:00,0.06,0.0,0.0
2018-07-19 04:00:00,0.28,0.0,0.19
2018-07-19 05:00:00,0.31,60.89031,1.0
2018-07-19 06:00:00,0.53,232.49098,1.0
2018-07-19 07:00:00,0.7,445.47485,1.0
2018-07-19 08:00:00,0.89,623.8274,1.0
2018-07-19 09:00:00,0.87,765.9929,1.0
2018-07-19 10:00:00,0.9,924.7632,1.0
2018-07-19 11:00:00,0.93,1012.3139,1.0
2018-07-19 12:00:00,0.97,1004.56036,1.0
2018-07-19 13:00:00,0.79,879.4659,1.0
2018-07-19 14:00:00,0.62,736.80994,1.0
2018-07-19 15:00:00,0.38,586.3212,1.0
2018-07-19 16:00:00,0.41,421.8154,1.0
2018-07-19 17:00:00,0.3,224.24228,1.0
2018-07-19 18:00:00,0.82,63.010925,1.0
2018-07-19 19:00:00,0.85,2.9832883,0.42055555555555557
2018-07-19 20:00:00,0.51,0.0,0.0
2018-07-19 21:00:00,0.68,0.0,0.0
2018-07-19 22:00:00,0.01,0.0,0.0
2018-07-19 23:00:00,0.0,0.0,0.0
2018-07-20 00:00:00,0.41,0.0,0.0
2018-07-20 01:00:00,0.97,0.0,0.0
2018-07-20 02:00:00,0.81,0.0,0.0
2018-07-20 03:00:00,0.53,0.0,0.0
2018-07-20 04:00:00,0.57,0.0,0.1763888888888889
2018-07-20 05:00:00,1.0,56.186718,1.0
2018-07-20 06:00:00,0.91,184.95216,1.0
2018-07-20 07:00:00,1.0,291.77524,1.0
2018-07-20 08:00:00,1.0,434.0582,1.0
2018-07-20 09:00:00,0.97,750.5989,1.0
2018-07-20 10:00:00,0.85,955.5723,1.0
2018-07-20 11:00:00,0.27,969.9849,1.0
2018-07-20 12:00:00,0.91,778.8044,1.0
2018-07-20 13:00:00,0.67,742.82965,1.0
2018-07-20 14:00:00,0.44,610.58905,1.0
2018-07-20 15:00:00,0.97,497.07697,1.0
2018-07-20 16:00:00,0.97,241.3283,1.0
2018-07-20 17:00:00,0.88,90.793236,1.0
2018-07-20 18:00:00,0.51,54.430374,1.0
2018-07-20 19:00:00,0.97,1.9878461,0.4088888888888889
2018-07-20 20:00:00,1.0,0.0,0.0
2018-07-20 21:00:00,0.96,0.0,0.0
2018-07-20 22:00:00,0.47,0.0,0.0
2018-07-20 23:00:00,0.19,0.0,0.0
2018-07-21 00:00:00,0.25,0.0,0.0
2018-07-21 01:00:00,0.44,0.0,0.0
2018-07-21 02:00:00,0.65,0.0,0.0
2018-07-21 03:00:00,0.07,0.0,0.0
2018-07-21 04:00:00,0.01,0.0,0.16277777777777777
2018-07-21 05:00:00,0.0,53.665478,1.0
2018-07-21 06:00:00,0.02,230.171,1.0
2018-07-21 07:00:00,0.01,442.1165,1.0
2018-07-21 08:00:00,0.01,641.3468,1.0
2018-07-21 09:00:00,0.04,808.6942,1.0
2018-07-21 10:00:00,0.4,917.7802,1.0
2018-07-21 11:00:00,0.17,946.03656,1.0
2018-07-21 12:00:00,0.24,916.0681,1.0
2018-07-21 13:00:00,0.21,776.2146,1.0
2018-07-21 14:00:00,0.95,565.0835,1.0
2018-07-21 15:00:00,0.89,218.59492,1.0
2018-07-21 16:00:00,0.92,88.9202,1.0
2018-07-21 17:00:00,0.93,60.413517,1.0
2018-07-21 18:00:00,0.93,62.381897,1.0
2018-07-21 19:00:00,0.43,2.9832883,0.39694444444444443
2018-07-21 20:00:00,0.78,0.0,0.0
2018-07-21 21:00:00,0.53,0.0,0.0
2018-07-21 22:00:00,0.4,0.0,0.0
2018-07-21 23:00:00,0.24,0.0,0.0
2018-07-22 00:00:00,0.29,0.0,0.0
2018-07-22 01:00:00,0.65,0.0,0.0
2018-07-22 02:00:00,0.74,0.0,0.0
2018-07-22 03:00:00,0.8,0.0,0.0
2018-07-22 04:00:00,0.17,0.0,0.14916666666666667
2018-07-22 05:00:00,0.3,57.292778,1.0
2018-07-22 06:00:00,0.2,218.0689,1.0
2018-07-22 07:00:00,0.71,343.0355,1.0
2018-07-22 08:00:00,0.29,526.3469,1.0
2018-07-22 09:00:00,0.06,755.80304,1.0
2018-07-22 10:00:00,0.53,787.8447,1.0
2018-07-22 11:00:00,0.4,689.3602,1.0
2018-07-22 12:00:00,0.86,690.3458,1.0
2018-07-22 13:00:00,0.47,635.98047,1.0
2018-07-22 14:00:00,0.74,520.05634,1.0
2018-07-22 15:00:00,1.0,267.50986,1.0
2018-07-22 16:00:00,0.98,208.31187,1.0
2018-07-22 17:00:00,0.85,120.9274,1.0
2018-07-22 18:00:00,1.0,38.788044,1.0
2018-07-22 19:00:00,0.99,0.99392307,0.3844444444444444
2018-07-22 20:00:00,0.95,0.0,0.0
2018-07-22 21:00:00,0.91,0.0,0.0
2018-07-22 22:00:00,0.8,0.0,0.0
2018-07-22 23:00:00,0.35,0.0,0.0
2018-07-23 00:00:00,0.23,0.0,0.0
2018-07-23 01:00:00,0.6,0.0,0.0
2018-07-23 02:00:00,0.53,0.0,0.0
2018-07-23 03:00:00,0.0,0.0,0.0
2018-07-23 04:00:00,0.0,0.0,0.13527777777777777
2018-07-23 05:00:00,0.0,46.342022,1.0
2018-07-23 06:00:00,0.4,193.99765,1.0
2018-07-23 07:00:00,0.21,414.32547,1.0
2018-07-23 08:00:00,0.12,573.3627,1.0
2018-07-23 09:00:00,0.12,655.3098,1.0
2018-07-23 10:00:00,0.49,748.4546,1.0
2018-07-23 11:00:00,0.68,661.72565,1.0
2018-07-23 12:00:00,0.76,622.01025,1.0
2018-07-23 13:00:00,0.91,494.98898,1.0
2018-07-23 14:00:00,0.9,338.97772,1.0
2018-07-23 15:00:00,0.84,235.02393,1.0
2018-07-23 16:00:00,0.98,154.52869,1.0
2018-07-23 17:00:00,0.7,100.77946,1.0
2018-07-23 18:00:00,0.98,33.74148,1.0
2018-07-23 19:00:00,0.94,0.99392307,0.3713888888888889
2018-07-23 20:00:00,1.0,0.0,0.0
2018-07-23 21:00:00,0.41,0.0,0.0
2018-07-23 22:00:00,0.18,0.0,0.0
2018-07-23 23:00:00,0.08,0.0,0.0
2018-07-24 00:00:00,0.02,0.0,0.0
2018-07-24 01:00:00,0.01,0.0,0.0
2018-07-24 02:00:00,0.01,0.0,0.0
2018-07-24 03:00:00,0.25,0.0,0.0
2018-07-24 04:00:00,0.35,0.0,0.1213888888888889
2018-07-24 05:00:00,0.12,28.738705,1.0
2018-07-24 06:00:00,0.54,129.32391,1.0
2018-07-24 07:00:00,0.08,364.46274,1.0
2018-07-24 08:00:00,0.0,549.9384,1.0
2018-07-24 09:00:00,0.07,752.8321,1.0
2018-07-24 10:00:00,0.22,887.3028,1.0
2018-07-24 11:00:00,0.42,925.9415,1.0
2018-07-24 12:00:00,0.26,831.7295,1.0
2018-07-24 13:00:00,0.21,775.29254,1.0
2018-07-24 14:00:00,0.38,677.77344,1.0
2018-07-24 15:00:00,0.37,405.59662,1.0
2018-07-24 16:00:00,0.54,313.0499,1.0
2018-07-24 17:00:00,0.54,159.23697,1.0
2018-07-24 18:00:00,0.42,45.960526,1.0
2018-07-24 19:00:00,0.07,1.9893655,0.35777777777777775
2018-07-24 20:00:00,0.1,0.0,0.0
2018-07-24 21:00:00,0.45,0.0,0.0
2018-07-24 22:00:00,0.24,0.0,0.0
2018-07-24 23:00:00,0.07,0.0,0.0
2018-07-25 00:00:00,0.01,0.0,0.0
2018-07-25 01:00:00,0.01,0.0,0.0
2018-07-25 02:00:00,0.0,0.0,0.0
2018-07-25 03:00:00,0.0,0.0,0.0
2018-07-25 04:00:00,0.0,0.0,0.10694444444444444
2018-07-25 05:00:00,0.0,53.058556,1.0
2018-07-25 06:00:00,0.3,210.0494,1.0
2018-07-25 07:00:00,0.41,371.27982,1.0
2018-07-25 08:00:00,0.16,644.55225,1.0
2018-07-25 09:00:00,0.18,800.0185,1.0
2018-07-25 10:00:00,0.12,907.7545,1.0
2018-07-25 11:00:00,0.27,830.78894,1.0
2018-07-25 12:00:00,0.61,761.99243,1.0
2018-07-25 13:00:00,0.79,521.9842,1.0
2018-07-25 14:00:00,0.91,479.2155,1.0
2018-07-25 15:00:00,0.75,372.41953,1.0
2018-07-25 16:00:00,0.88,292.3029,1.0
2018-07-25 17:00:00,1.0,197.87848,1.0
2018-07-25 18:00:00,0.72,38.64316,1.0
2018-07-25 19:00:00,0.9,0.0,0.3436111111111111
2018-07-25 20:00:00,1.0,0.0,0.0
2018-07-25 21:00:00,0.48,0.0,0.0
2018-07-25 22:00:00,0.58,0.0,0.0
2018-07-25 23:00:00,0.28,0.0,0.0
2018-07-26 00:00:00,0.01,0.0,0.0
2018-07-26 01:00:00,0.02,0.0,0.0
2018-07-26 02:00:00,0.0,0.0,0.0
2018-07-26 03:00:00,0.0,0.0,0.0
2018-07-26 04:00:00,0.0,0.0,0.0925
2018-07-26 05:00:00,0.33,48.637486,1.0
2018-07-26 06:00:00,0.14,221.51488,1.0
2018-07-26 07:00:00,0.2,417.0108,1.0
2018-07-26 08:00:00,0.0,636.89886,1.0
2018-07-26 09:00:00,0.09,754.7576,1.0
2018-07-26 10:00:00,0.32,716.3274,1.0
2018-07-26 11:00:00,0.36,719.79956,1.0
2018-07-26 12:00:00,0.39,728.2556,1.0
2018-07-26 13:00:00,0.58,613.4212,1.0
2018-07-26 14:00:00,0.54,613.777,1.0
2018-07-26 15:00:00,0.61,446.3493,1.0
2018-07-26 16:00:00,0.45,295.50095,1.0
2018-07-26 17:00:00,0.49,139.07942,1.0
2018-07-26 18:00:00,0.15,50.650894,1.0
2018-07-26 19:00:00,0.02,1.9878461,0.3288888888888889
2018-07-26 20:00:00,0.24,0.0,0.0
2018-07-26 21:00:00,0.13,0.0,0.0
2018-07-26 22:00:00,0.8,0.0,0.0
2018-07-26 23:00:00,0.76,0.0,0.0
2018-07-27 00:00:00,0.41,0.0,0.0
2018-07-27 01:00:00,0.34,0.0,0.0
2018-07-27 02:00:00,0.83,0.0,0.0
2018-07-27 03:00:00,0.91,0.0,0.0
2018-07-27 04:00:00,0.39,0.0,0.07805555555555556
2018-07-27 05:00:00,0.03,33.91536,1.0
2018-07-27 06:00:00,1.0,131.39542,1.0
2018-07-27 07:00:00,0.96,297.9802,1.0
2018-07-27 08:00:00,0.74,582.7648,1.0
2018-07-27 09:00:00,0.7,680.6127,1.0
2018-07-27 10:00:00,0.27,807.36,1.0
2018-07-27 11:00:00,0.58,896.1262,1.0
2018-07-27 12:00:00,0.44,928.7901,1.0
2018-07-27 13:00:00,0.47,695.7454,1.0
2018-07-27 14:00:00,0.62,629.24725,1.0
2018-07-27 15:00:00,0.8,492.66772,1.0
2018-07-27 16:00:00,0.77,326.10062,1.0
2018-07-27 17:00:00,0.19,207.87788,1.0
2018-07-27 18:00:00,0.19,48.908463,1.0
2018-07-27 19:00:00,0.26,1.9878461,0.3136111111111111
2018-07-27 20:00:00,0.2,0.0,0.0
2018-07-27 21:00:00,0.02,0.0,0.0
2018-07-27 22:00:00,0.1,0.0,0.0
2018-07-27 23:00:00,0.02,0.0,0.0
2018-07-28 00:00:00,0.02,0.0,0.0
2018-07-28 01:00:00,0.0,0.0,0.0
2018-07-28 02:00:00,0.0,0.0,0.0
2018-07-28 03:00:00,0.14,0.0,0.0
2018-07-28 04:00:00,0.22,0.0,0.06305555555555556
2018-07-28 05:00:00,0.15,34.60261,1.0
2018-07-28 06:00:00,1.0,144.77805,1.0
2018-07-28 07:00:00,0.97,269.7743,1.0
2018-07-28 08:00:00,0.43,546.24133,1.0
2018-07-28 09:00:00,0.04,609.1285,1.0
2018-07-28 10:00:00,0.17,805.68286,1.0
2018-07-28 11:00:00,0.49,842.0782,1.0
2018-07-28 12:00:00,0.71,821.4251,1.0
2018-07-28 13:00:00,0.7,714.29034,1.0
2018-07-28 14:00:00,0.97,355.62225,1.0
2018-07-28 15:00:00,0.62,485.54263,1.0
2018-07-28 16:00:00,0.88,286.40732,1.0
2018-07-28 17:00:00,0.78,128.77606,1.0
2018-07-28 18:00:00,0.96,18.452522,1.0
2018-07-28 19:00:00,1.0,0.99392307,0.2980555555555556
2018-07-28 20:00:00,1.0,0.0,0.0
2018-07-28 21:00:00,0.26,0.0,0.0
2018-07-28 22:00:00,0.01,0.0,0.0
2018-07-28 23:00:00,0.01,0.0,0.0
2018-07-29 00:00:00,0.0,0.0,0.0
2018-07-29 01:00:00,0.0,0.0,0.0
2018-07-29 02:00:00,0.0,0.0,0.0
2018-07-29 03:00:00,0.1,0.0,0.0
2018-07-29 04:00:00,0.07,0.0,0.04805555555555555
2018-07-29 05:00:00,0.06,38.55425,1.0
2018-07-29 06:00:00,1.0,107.07903,1.0
2018-07-29 07:00:00,1.0,236.70645,1.0
2018-07-29 08:00:00,1.0,357.6743,1.0
2018-07-29 09:00:00,0.77,635.68164,1.0
2018-07-29 10:00:00,0.12,735.7903,1.0
2018-07-29 11:00:00,0.31,796.7995,1.0
2018-07-29 12:00:00,0.19,849.766,1.0
2018-07-29 13:00:00,0.48,724.18396,1.0
2018-07-29 14:00:00,0.68,515.5512,1.0
2018-07-29 15:00:00,0.39,556.1405,1.0
2018-07-29 16:00:00,0.4,280.5347,1.0
2018-07-29 17:00:00,1.0,214.21393,1.0
2018-07-29 18:00:00,0.21,41.284832,1.0
2018-07-29 19:00:00,1.0,0.0,0.2816666666666667
2018-07-29 20:00:00,0.86,0.0,0.0
2018-07-29 21:00:00,0.99,0.0,0.0
2018-07-29 22:00:00,0.19,0.0,0.0
2018-07-29 23:00:00,0.99,0.0,0.0
2018-07-30 00:00:00,0.83,0.0,0.0
2018-07-30 01:00:00,0.43,0.0,0.0
2018-07-30 02:00:00,0.39,0.0,0.0
2018-07-30 03:00:00,0.18,0.0,0.0
2018-07-30 04:00:00,0.14,0.0,0.03305555555555555
2018-07-30 05:00:00,0.24,46.56471,1.0
2018-07-30 06:00:00,0.27,217.9612,1.0
2018-07-30 07:00:00,0.14,414.0699,1.0
2018-07-30 08:00:00,0.13,547.1782,1.0
2018-07-30 09:00:00,0.18,642.7716,1.0
2018-07-30 10:00:00,0.3,787.48596,1.0
2018-07-30 11:00:00,0.27,857.64624,1.0
2018-07-30 12:00:00,0.1,888.0401,1.0
2018-07-30 13:00:00,0.36,825.0725,1.0
2018-07-30 14:00:00,0.11,751.9846,1.0
2018-07-30 15:00:00,0.13,603.39044,1.0
2018-07-30 16:00:00,0.05,406.14636,1.0
2018-07-30 17:00:00,0.05,202.94444,1.0
2018-07-30 18:00:00,0.02,40.483856,1.0
2018-07-30 19:00:00,0.02,0.0,0.2652777777777778
2018-07-30 20:00:00,0.01,0.0,0.0
2018-07-30 21:00:00,0.0,0.0,0.0
2018-07-30 22:00:00,0.0,0.0,0.0
2018-07-30 23:00:00,0.01,0.0,0.0
2018-07-31 00:00:00,0.0,0.0,0.0
2018-07-31 01:00:00,0.0,0.0,0.0
2018-07-31 02:00:00,0.0,0.0,0.0
2018-07-31 03:00:00,0.0,0.0,0.0
2018-07-31 04:00:00,0.0,0.0,0.017777777777777778
2018-07-31 05:00:00,0.0,47.40111,1.0
2018-07-31 06:00:00,0.0,228.79268,1.0
2018-07-31 07:00:00,0.0,449.86438,1.0
2018-07-31 08:00:00,0.0,663.0306,1.0
2018-07-31 09:00:00,0.0,838.2819,1.0
2018-07-31 10:00:00,0.0,960.87604,1.0
2018-07-31 11:00:00,0.0,1020.2271,1.0
2018-07-31 12:00:00,0.01,971.5069,1.0
2018-07-31 13:00:00,0.27,859.89703,1.0
2018-07-31 14:00:00,0.17,753.3115,1.0
2018-07-31 15:00:00,0.53,574.44214,1.0
2018-07-31 16:00:00,0.27,403.79755,1.0
2018-07-31 17:00:00,0.28,210.3283,1.0
2018-07-31 18:00:00,0.03,44.589073,1.0
2018-07-31 19:00:00,0.02,0.0,0.24805555555555556
2018-07-31 20:00:00,0.0,0.0,0.0
2018-07-31 21:00:00,0.0,0.0,0.0
2018-07-31 22:00:00,0.0,0.0,0.0
2018-07-31 23:00:00,0.0,0.0,0.0
2018-08-01 00:00:00,0.0,0.0,0.0
2018-08-01 01:00:00,0.0,0.0,0.0
2018-08-01 02:00:00,0.0,0.0,0.0
2018-08-01 03:00:00,0.0,0.0,0.0
2018-08-01 04:00:00,0.12,0.0,0.0022222222222222222
2018-08-01 05:00:00,0.0,45.030807,1.0
2018-08-01 06:00:00,0.12,215.67743,1.0
2018-08-01 07:00:00,0.68,406.461,1.0
2018-08-01 08:00:00,0.28,631.49493,1.0
2018-08-01 09:00:00,0.82,746.1733,1.0
2018-08-01 10:00:00,0.91,815.6674,1.0
2018-08-01 11:00:00,0.87,790.8834,1.0
2018-08-01 12:00:00,0.81,784.58954,1.0
2018-08-01 13:00:00,0.71,696.0114,1.0
2018-08-01 14:00:00,0.75,583.46216,1.0
2018-08-01 15:00:00,0.92,315.26233,1.0
2018-08-01 16:00:00,0.93,256.10706,1.0
2018-08-01 17:00:00,0.93,98.37527,1.0
2018-08-01 18:00:00,0.26,42.03171,1.0
2018-08-01 19:00:00,0.17,0.0,0.23055555555555557
2018-08-01 20:00:00,0.04,0.0,0.0
2018-08-01 21:00:00,0.14,0.0,0.0
2018-08-01 22:00:00,0.02,0.0,0.0
2018-08-01 23:00:00,0.0,0.0,0.0
2018-08-02 00:00:00,0.0,0.0,0.0
2018-08-02 01:00:00,0.0,0.0,0.0
2018-08-02 02:00:00,0.0,0.0,0.0
2018-08-02 03:00:00,0.0,0.0,0.0
2018-08-02 04:00:00,0.0,0.0,0.0
2018-08-02 05:00:00,0.0,43.3199,0.9869444444444444
2018-08-02 06:00:00,0.0,215.28357,1.0
2018-08-02 07:00:00,0.0,429.87717,1.0
2018-08-02 08:00:00,0.01,636.5561,1.0
2018-08-02 09:00:00,0.61,774.2201,1.0
2018-08-02 10:00:00,0.84,853.82935,1.0
2018-08-02 11:00:00,0.84,879.958,1.0
2018-08-02 12:00:00,0.64,820.29553,1.0
2018-08-02 13:00:00,0.5,805.9545,1.0
2018-08-02 14:00:00,0.62,614.83026,1.0
2018-08-02 15:00:00,0.31,531.0005,1.0
2018-08-02 16:00:00,0.31,343.34958,1.0
2018-08-02 17:00:00,0.25,190.89606,1.0
2018-08-02 18:00:00,0.57,45.17847,1.0
2018-08-02 19:00:00,0.92,0.0,0.2127777777777778
2018-08-02 20:00:00,0.95,0.0,0.0
2018-08-02 21:00:00,0.99,0.0,0.0
2018-08-02 22:00:00,1.0,0.0,0.0
2018-08-02 23:00:00,1.0,0.0,0.0
2018-08-03 00:00:00,0.93,0.0,0.0
2018-08-03 01:00:00,0.94,0.0,0.0
2018-08-03 02:00:00,0.95,0.0,0.0
2018-08-03 03:00:00,0.96,0.0,0.0
2018-08-03 04:00:00,0.95,0.0,0.0
2018-08-03 05:00:00,0.92,29.2852,0.9713888888888889
2018-08-03 06:00:00,0.99,116.595856,1.0
2018-08-03 07:00:00,0.76,254.03525,1.0
2018-08-03 08:00:00,0.96,409.196,1.0
2018-08-03 09:00:00,0.99,507.2999,1.0
2018-08-03 10:00:00,0.95,399.79016,1.0
2018-08-03 11:00:00,0.95,414.2807,1.0
2018-08-03 12:00:00,0.97,198.63666,1.0
2018-08-03 13:00:00,1.0,219.39658,1.0
2018-08-03 14:00:00,0.98,379.96277,1.0
2018-08-03 15:00:00,0.95,366.46127,1.0
2018-08-03 16:00:00,0.71,277.48746,1.0
2018-08-03 17:00:00,0.39,198.81929,1.0
2018-08-03 18:00:00,0.38,42.348423,1.0
2018-08-03 19:00:00,0.59,0.0,0.1947222222222222
2018-08-03 20:00:00,0.66,0.0,0.0
2018-08-03 21:00:00,0.33,0.0,0.0
2018-08-03 22:00:00,0.01,0.0,0.0
2018-08-03 23:00:00,0.0,0.0,0.0
2018-08-04 00:00:00,0.0,0.0,0.0
2018-08-04 01:00:00,0.0,0.0,0.0
2018-08-04 02:00:00,0.0,0.0,0.0
2018-08-04 03:00:00,0.0,0.0,0.0
2018-08-04 04:00:00,0.0,0.0,0.0
2018-08-04 05:00:00,0.0,42.616592,0.9558333333333333
2018-08-04 06:00:00,0.0,221.52812,1.0
2018-08-04 07:00:00,0.0,442.05774,1.0
2018-08-04 08:00:00,0.0,652.3998,1.0
2018-08-04 09:00:00,0.0,817.5361,1.0
2018-08-04 10:00:00,0.2,910.90094,1.0
2018-08-04 11:00:00,0.41,860.50464,1.0
2018-08-04 12:00:00,0.37,774.86206,1.0
2018-08-04 13:00:00,0.55,705.9988,1.0
2018-08-04 14:00:00,0.73,596.01843,1.0
2018-08-04 15:00:00,0.85,484.07495,1.0
2018-08-04 16:00:00,0.89,280.1734,1.0
2018-08-04 17:00:00,0.97,131.02727,1.0
2018-08-04 18:00:00,0.99,41.031456,1.0
2018-08-04 19:00:00,0.92,0.0,0.1761111111111111
2018-08-04 20:00:00,0.97,0.0,0.0
2018-08-04 21:00:00,0.56,0.0,0.0
2018-08-04 22:00:00,0.53,0.0,0.0
2018-08-04 23:00:00,0.59,0.0,0.0
2018-08-05 00:00:00,0.34,0.0,0.0
2018-08-05 01:00:00,0.29,0.0,0.0
2018-08-05 02:00:00,0.49,0.0,0.0
2018-08-05 03:00:00,0.53,0.0,0.0
2018-08-05 04:00:00,0.24,0.0,0.0
2018-08-05 05:00:00,0.71,19.585558,0.94
2018-08-05 06:00:00,1.0,23.854153,1.0
2018-08-05 07:00:00,0.92,198.04024,1.0
2018-08-05 08:00:00,0.95,445.96265,1.0
2018-08-05 09:00:00,0.81,723.0984,1.0
2018-08-05 10:00:00,0.8,715.06165,1.0
2018-08-05 11:00:00,0.7,598.34155,1.0
2018-08-05 12:00:00,0.67,722.01953,1.0
2018-08-05 13:00:00,0.5,688.3368,1.0
2018-08-05 14:00:00,0.52,513.4131,1.0
2018-08-05 15:00:00,0.7,344.9353,1.0
2018-08-05 16:00:00,0.33,331.0992,1.0
2018-08-05 17:00:00,0.28,171.10976,1.0
2018-08-05 18:00:00,0.3,35.626484,1.0
2018-08-05 19:00:00,0.06,0.0,0.15722222222222224
2018-08-05 20:00:00,0.02,0.0,0.0
2018-08-05 21:00:00,0.01,0.0,0.0
2018-08-05 22:00:00,0.01,0.0,0.0
2018-08-05 23:00:00,0.03,0.0,0.0
2018-08-06 00:00:00,0.01,0.0,0.0
2018-08-06 01:00:00,0.01,0.0,0.0
2018-08-06 02:00:00,0.01,0.0,0.0
2018-08-06 03:00:00,0.08,0.0,0.0
2018-08-06 04:00:00,0.06,0.0,0.0
2018-08-06 05:00:00,0.27,28.174143,0.9244444444444444
2018-08-06 06:00:00,0.3,154.12851,1.0
2018-08-06 07:00:00,0.42,295.46027,1.0
2018-08-06 08:00:00,0.81,485.6726,1.0
2018-08-06 09:00:00,1.0,642.96826,1.0
2018-08-06 10:00:00,0.69,750.49677,1.0
2018-08-06 11:00:00,0.73,753.29724,1.0
2018-08-06 12:00:00,0.94,639.5858,1.0
2018-08-06 13:00:00,0.31,709.0219,1.0
2018-08-06 14:00:00,0.88,596.2146,1.0
2018-08-06 15:00:00,0.18,438.17,1.0
2018-08-06 16:00:00,0.68,262.4206,1.0
2018-08-06 17:00:00,0.37,188.4412,1.0
2018-08-06 18:00:00,1.0,19.620779,1.0
2018-08-06 19:00:00,1.0,0.0,0.13805555555555554
2018-08-06 20:00:00,0.99,0.0,0.0
2018-08-06 21:00:00,1.0,0.0,0.0
2018-08-06 22:00:00,1.0,0.0,0.0
2018-08-06 23:00:00,0.59,0.0,0.0
2018-08-07 00:00:00,0.31,0.0,0.0
2018-08-07 01:00:00,0.08,0.0,0.0
2018-08-07 02:00:00,0.08,0.0,0.0
2018-08-07 03:00:00,0.04,0.0,0.0
2018-08-07 04:00:00,0.01,0.0,0.0
2018-08-07 05:00:00,0.01,36.642,0.9088888888888889
2018-08-07 06:00:00,0.0,204.09824,1.0
2018-08-07 07:00:00,0.0,417.9956,1.0
2018-08-07 08:00:00,0.0,630.7363,1.0
2018-08-07 09:00:00,0.0,806.3165,1.0
2018-08-07 10:00:00,0.06,896.3716,1.0
2018-08-07 11:00:00,0.42,795.05426,1.0
2018-08-07 12:00:00,0.6,788.4618,1.0
2018-08-07 13:00:00,0.38,789.01495,1.0
2018-08-07 14:00:00,0.29,659.8426,1.0
2018-08-07 15:00:00,0.38,537.6521,1.0
2018-08-07 16:00:00,0.4,370.55307,1.0
2018-08-07 17:00:00,0.12,163.80008,1.0
2018-08-07 18:00:00,0.11,34.64307,1.0
2018-08-07 19:00:00,0.05,0.0,0.11833333333333333
2018-08-07 20:00:00,0.03,0.0,0.0
2018-08-07 21:00:00,0.04,0.0,0.0
2018-08-07 22:00:00,0.16,0.0,0.0
2018-08-07 23:00:00,0.0,0.0,0.0
2018-08-08 00:00:00,0.07,0.0,0.0
2018-08-08 01:00:00,0.0,0.0,0.0
2018-08-08 02:00:00,0.01,0.0,0.0
2018-08-08 03:00:00,0.0,0.0,0.0
2018-08-08 04:00:00,0.0,0.0,0.0
2018-08-08 05:00:00,0.13,18.458,0.8930555555555556
2018-08-08 06:00:00,1.0,90.29433,1.0
2018-08-08 07:00:00,0.81,277.26962,1.0
2018-08-08 08:00:00,0.75,293.6234,1.0
2018-08-08 09:00:00,0.96,681.3336,1.0
2018-08-08 10:00:00,0.17,712.75055,1.0
2018-08-08 11:00:00,0.49,803.07434,1.0
2018-08-08 12:00:00,0.51,806.22363,1.0
2018-08-08 13:00:00,0.87,370.9207,1.0
2018-08-08 14:00:00,0.68,655.5774,1.0
2018-08-08 15:00:00,0.41,523.9647,1.0
2018-08-08 16:00:00,0.21,370.54517,1.0
2018-08-08 17:00:00,0.13,167.13828,1.0
2018-08-08 18:00:00,0.5,32.591682,1.0
2018-08-08 19:00:00,0.35,0.0,0.09861111111111111
2018-08-08 20:00:00,0.05,0.0,0.0
2018-08-08 21:00:00,0.0,0.0,0.0
2018-08-08 22:00:00,0.0,0.0,0.0
2018-08-08 23:00:00,0.0,0.0,0.0
2018-08-09 00:00:00,0.0,0.0,0.0
2018-08-09 01:00:00,0.0,0.0,0.0
2018-08-09 02:00:00,0.0,0.0,0.0
2018-08-09 03:00:00,0.0,0.0,0.0
2018-08-09 04:00:00,0.0,0.0,0.0
2018-08-09 05:00:00,0.0,34.06393,0.8775
2018-08-09 06:00:00,0.0,203.06175,1.0
2018-08-09 07:00:00,0.0,419.66428,1.0
2018-08-09 08:00:00,0.0,628.1036,1.0
2018-08-09 09:00:00,0.0,804.86163,1.0
2018-08-09 10:00:00,0.0,924.106,1.0
2018-08-09 11:00:00,0.02,888.9692,1.0
2018-08-09 12:00:00,0.13,907.5406,1.0
2018-08-09 13:00:00,0.25,761.78516,1.0
2018-08-09 14:00:00,0.36,663.11786,1.0
2018-08-09 15:00:00,0.49,487.30945,1.0
2018-08-09 16:00:00,0.53,320.34854,1.0
2018-08-09 17:00:00,0.84,184.39746,1.0
2018-08-09 18:00:00,0.21,32.145447,1.0
2018-08-09 19:00:00,0.03,0.0,0.07861111111111112
2018-08-09 20:00:00,0.0,0.0,0.0
2018-08-09 21:00:00,0.0,0.0,0.0
2018-08-09 22:00:00,0.0,0.0,0.0
2018-08-09 23:00:00,0.0,0.0,0.0
2018-08-10 00:00:00,0.0,0.0,0.0
2018-08-10 01:00:00,0.0,0.0,0.0
2018-08-10 02:00:00,0.0,0.0,0.0
2018-08-10 03:00:00,0.0,0.0,0.0
2018-08-10 04:00:00,0.0,0.0,0.0
2018-08-10 05:00:00,0.0,33.282513,0.8619444444444444
2018-08-10 06:00:00,0.01,201.53375,1.0
2018-08-10 07:00:00,0.01,419.4924,1.0
2018-08-10 08:00:00,0.0,627.9363,1.0
2018-08-10 09:00:00,0.0,788.8193,1.0
2018-08-10 10:00:00,0.01,904.3016,1.0
2018-08-10 11:00:00,0.13,810.5064,1.0
2018-08-10 12:00:00,0.42,713.1803,1.0
2018-08-10 13:00:00,0.46,684.0189,1.0
2018-08-10 14:00:00,0.45,695.60126,1.0
2018-08-10 15:00:00,0.27,575.77264,1.0
2018-08-10 16:00:00,0.17,388.90378,1.0
2018-08-10 17:00:00,0.23,185.82933,1.0
2018-08-10 18:00:00,0.03,30.47274,1.0
2018-08-10 19:00:00,0.01,0.0,0.058055555555555555
2018-08-10 20:00:00,0.01,0.0,0.0
2018-08-10 21:00:00,0.0,0.0,0.0
2018-08-10 22:00:00,0.0,0.0,0.0
2018-08-10 23:00:00,0.0,0.0,0.0
2018-08-11 00:00:00,0.0,0.0,0.0
2018-08-11 01:00:00,0.0,0.0,0.0
2018-08-11 02:00:00,0.0,0.0,0.0
2018-08-11 03:00:00,0.0,0.0,0.0
2018-08-11 04:00:00,0.0,0.0,0.0
2018-08-11 05:00:00,0.0,33.445408,0.8463888888888889
2018-08-11 06:00:00,0.0,206.502,1.0
2018-08-11 07:00:00,0.0,428.04202,1.0
2018-08-11 08:00:00,0.0,639.8655,1.0
2018-08-11 09:00:00,0.0,816.5771,1.0
2018-08-11 10:00:00,0.0,942.6497,1.0
2018-08-11 11:00:00,0.0,1003.9908,1.0
2018-08-11 12:00:00,0.0,1004.40924,1.0
2018-08-11 13:00:00,0.0,939.2663,1.0
2018-08-11 14:00:00,0.0,808.3977,1.0
2018-08-11 15:00:00,0.0,626.01843,1.0
2018-08-11 16:00:00,0.0,412.99933,1.0
2018-08-11 17:00:00,0.0,194.17618,1.0
2018-08-11 18:00:00,0.0,29.5387,1.0
2018-08-11 19:00:00,0.0,0.0,0.0375
2018-08-11 20:00:00,0.0,0.0,0.0
2018-08-11 21:00:00,0.0,0.0,0.0
2018-08-11 22:00:00,0.0,0.0,0.0
2018-08-11 23:00:00,0.0,0.0,0.0
2018-08-12 00:00:00,0.0,0.0,0.0
2018-08-12 01:00:00,0.0,0.0,0.0
2018-08-12 02:00:00,0.0,0.0,0.0
2018-08-12 03:00:00,0.0,0.0,0.0
2018-08-12 04:00:00,0.0,0.0,0.0
2018-08-12 05:00:00,0.0,32.65044,0.8311111111111111
2018-08-12 06:00:00,0.0,207.08821,1.0
2018-08-12 07:00:00,0.0,429.91858,1.0
2018-08-12 08:00:00,0.0,643.02234,1.0
2018-08-12 09:00:00,0.0,820.84674,1.0
2018-08-12 10:00:00,0.0,947.97723,1.0
2018-08-12 11:00:00,0.0,1012.7713,1.0
2018-08-12 12:00:00,0.0,1008.7627,1.0
2018-08-12 13:00:00,0.0,942.3366,1.0
2018-08-12 14:00:00,0.0,805.02954,1.0
2018-08-12 15:00:00,0.0,625.5172,1.0
2018-08-12 16:00:00,0.0,409.37445,1.0
2018-08-12 17:00:00,0.0,189.17906,1.0
2018-08-12 18:00:00,0.0,27.92099,1.0
2018-08-12 19:00:00,0.0,0.0,0.016666666666666666
2018-08-12 20:00:00,0.0,0.0,0.0
2018-08-12 21:00:00,0.0,0.0,0.0
2018-08-12 22:00:00,0.0,0.0,0.0
2018-08-12 23:00:00,0.0,0.0,0.0
2018-08-13 00:00:00,0.0,0.0,0.0
2018-08-13 01:00:00,0.0,0.0,0.0
2018-08-13 02:00:00,0.0,0.0,0.0
2018-08-13 03:00:00,0.0,0.0,0.0
2018-08-13 04:00:00,0.0,0.0,0.0
2018-08-13 05:00:00,0.0,30.864931,0.8155555555555556
2018-08-13 06:00:00,0.0,202.31316,1.0
2018-08-13 07:00:00,0.0,423.18127,1.0
2018-08-13 08:00:00,0.0,637.466,1.0
2018-08-13 09:00:00,0.0,816.6259,1.0
2018-08-13 10:00:00,0.0,937.1005,1.0
2018-08-13 11:00:00,0.0,999.65454,1.0
2018-08-13 12:00:00,0.0,998.5554,1.0
2018-08-13 13:00:00,0.0,920.7722,1.0
2018-08-13 14:00:00,0.02,777.5326,1.0
2018-08-13 15:00:00,0.19,600.67535,1.0
2018-08-13 16:00:00,0.41,396.5727,1.0
2018-08-13 17:00:00,0.18,182.02734,1.0
2018-08-13 18:00:00,0.13,27.2273,0.9952777777777778
2018-08-13 19:00:00,0.55,0.0,0.0
2018-08-13 20:00:00,0.72,0.0,0.0
2018-08-13 21:00:00,0.63,0.0,0.0
2018-08-13 22:00:00,0.48,0.0,0.0
2018-08-13 23:00:00,0.21,0.0,0.0
2018-08-14 00:00:00,0.11,0.0,0.0
2018-08-14 01:00:00,0.06,0.0,0.0
2018-08-14 02:00:00,0.0,0.0,0.0
2018-08-14 03:00:00,0.01,0.0,0.0
2018-08-14 04:00:00,0.13,0.0,0.0
2018-08-14 05:00:00,0.05,20.974962,0.7997222222222222
2018-08-14 06:00:00,0.2,150.6913,1.0
2018-08-14 07:00:00,0.14,331.51114,1.0
2018-08-14 08:00:00,0.16,477.7748,1.0
2018-08-14 09:00:00,0.33,662.6893,1.0
2018-08-14 10:00:00,0.43,653.92584,1.0
2018-08-14 11:00:00,0.68,692.0237,1.0
2018-08-14 12:00:00,0.53,774.13214,1.0
2018-08-14 13:00:00,0.28,727.8439,1.0
2018-08-14 14:00:00,0.46,513.08685,1.0
2018-08-14 15:00:00,0.72,383.80652,1.0
2018-08-14 16:00:00,0.81,251.85649,1.0
2018-08-14 17:00:00,0.75,91.63709,1.0
2018-08-14 18:00:00,0.86,14.955721,0.9736111111111111
2018-08-14 19:00:00,0.5,0.0,0.0
2018-08-14 20:00:00,0.97,0.0,0.0
2018-08-14 21:00:00,0.34,0.0,0.0
2018-08-14 22:00:00,0.35,0.0,0.0
2018-08-14 23:00:00,0.19,0.0,0.0
2018-08-15 00:00:00,0.0,0.0,0.0
2018-08-15 01:00:00,0.05,0.0,0.0
2018-08-15 02:00:00,0.26,0.0,0.0
2018-08-15 03:00:00,0.42,0.0,0.0
2018-08-15 04:00:00,0.01,0.0,0.0
2018-08-15 05:00:00,0.01,27.210064,0.7841666666666667
2018-08-15 06:00:00,0.0,190.25362,1.0
2018-08-15 07:00:00,0.07,406.346,1.0
2018-08-15 08:00:00,0.43,621.83844,1.0
2018-08-15 09:00:00,0.25,783.04004,1.0
2018-08-15 10:00:00,0.05,912.16254,1.0
2018-08-15 11:00:00,0.24,872.2778,1.0
2018-08-15 12:00:00,0.66,758.68304,1.0
2018-08-15 13:00:00,0.47,784.21295,1.0
2018-08-15 14:00:00,0.4,631.7927,1.0
2018-08-15 15:00:00,0.45,528.0864,1.0
2018-08-15 16:00:00,0.56,318.5239,1.0
2018-08-15 17:00:00,0.64,145.19968,1.0
2018-08-15 18:00:00,0.34,24.887417,0.9513888888888888
2018-08-15 19:00:00,0.04,0.0,0.0
2018-08-15 20:00:00,0.01,0.0,0.0
2018-08-15 21:00:00,0.0,0.0,0.0
2018-08-15 22:00:00,0.0,0.0,0.0
2018-08-15 23:00:00,0.0,0.0,0.0
2018-08-16 00:00:00,0.0,0.0,0.0
2018-08-16 01:00:00,0.0,0.0,0.0
2018-08-16 02:00:00,0.0,0.0,0.0
2018-08-16 03:00:00,0.0,0.0,0.0
2018-08-16 04:00:00,0.0,0.0,0.0
2018-08-16 05:00:00,0.0,26.275038,0.7686111111111111
2018-08-16 06:00:00,0.1,168.44249,1.0
2018-08-16 07:00:00,0.08,411.19254,1.0
2018-08-16 08:00:00,0.0,618.9855,1.0
2018-08-16 09:00:00,0.08,793.4129,1.0
2018-08-16 10:00:00,0.23,891.9885,1.0
2018-08-16 11:00:00,0.18,907.8904,1.0
2018-08-16 12:00:00,0.48,817.8536,1.0
2018-08-16 13:00:00,0.38,765.38153,1.0
2018-08-16 14:00:00,0.55,623.2661,1.0
2018-08-16 15:00:00,0.7,466.39783,1.0
2018-08-16 16:00:00,0.66,273.15854,1.0
2018-08-16 17:00:00,0.73,156.59497,1.0
2018-08-16 18:00:00,0.96,12.703677,0.9286111111111112
2018-08-16 19:00:00,0.86,0.0,0.0
2018-08-16 20:00:00,0.51,0.0,0.0
2018-08-16 21:00:00,0.47,0.0,0.0
2018-08-16 22:00:00,0.38,0.0,0.0
2018-08-16 23:00:00,0.33,0.0,0.0
2018-08-17 00:00:00,0.41,0.0,0.0
2018-08-17 01:00:00,0.33,0.0,0.0
2018-08-17 02:00:00,0.24,0.0,0.0
2018-08-17 03:00:00,0.28,0.0,0.0
2018-08-17 04:00:00,0.38,0.0,0.0
2018-08-17 05:00:00,0.26,17.212297,0.7527777777777778
2018-08-17 06:00:00,0.09,168.13661,1.0
2018-08-17 07:00:00,0.07,397.3694,1.0
2018-08-17 08:00:00,0.59,575.16504,1.0
2018-08-17 09:00:00,0.87,678.6558,1.0
2018-08-17 10:00:00,0.9,690.0925,1.0
2018-08-17 11:00:00,0.75,831.3358,1.0
2018-08-17 12:00:00,0.5,825.86945,1.0
2018-08-17 13:00:00,0.41,639.18604,1.0
2018-08-17 14:00:00,0.58,587.27374,1.0
2018-08-17 15:00:00,0.54,417.12152,1.0
2018-08-17 16:00:00,0.67,267.44742,1.0
2018-08-17 17:00:00,0.74,145.3803,1.0
2018-08-17 18:00:00,0.26,20.251179,0.9055555555555556
2018-08-17 19:00:00,0.49,0.0,0.0
2018-08-17 20:00:00,0.06,0.0,0.0
2018-08-17 21:00:00,0.51,0.0,0.0
2018-08-17 22:00:00,0.11,0.0,0.0
2018-08-17 23:00:00,0.03,0.0,0.0
2018-08-18 00:00:00,0.0,0.0,0.0
2018-08-18 01:00:00,0.0,0.0,0.0
2018-08-18 02:00:00,0.0,0.0,0.0
2018-08-18 03:00:00,0.02,0.0,0.0
2018-08-18 04:00:00,0.09,0.0,0.0
2018-08-18 05:00:00,0.22,20.409996,0.7372222222222222
2018-08-18 06:00:00,0.1,180.08948,1.0
2018-08-18 07:00:00,0.81,373.93814,1.0
2018-08-18 08:00:00,0.61,540.46246,1.0
2018-08-18 09:00:00,1.0,605.6538,1.0
2018-08-18 10:00:00,1.0,482.5658,1.0
2018-08-18 11:00:00,0.95,313.477,1.0
2018-08-18 12:00:00,0.88,517.39636,1.0
2018-08-18 13:00:00,0.77,651.3004,1.0
2018-08-18 14:00:00,0.69,617.8573,1.0
2018-08-18 15:00:00,0.63,427.29993,1.0
2018-08-18 16:00:00,0.52,272.54507,1.0
2018-08-18 17:00:00,0.41,166.0803,1.0
2018-08-18 18:00:00,0.43,19.388947,0.8822222222222222
2018-08-18 19:00:00,0.12,0.0,0.0
2018-08-18 20:00:00,0.32,0.0,0.0
2018-08-18 21:00:00,0.58,0.0,0.0
2018-08-18 22:00:00,0.11,0.0,0.0
2018-08-18 23:00:00,0.22,0.0,0.0
2018-08-19 00:00:00,0.12,0.0,0.0
2018-08-19 01:00:00,0.06,0.0,0.0
2018-08-19 02:00:00,0.0,0.0,0.0
2018-08-19 03:00:00,0.01,0.0,0.0
2018-08-19 04:00:00,0.0,0.0,0.0
2018-08-19 05:00:00,0.01,22.675467,0.7213888888888889
2018-08-19 06:00:00,0.36,169.06792,1.0
2018-08-19 07:00:00,0.33,371.9586,1.0
2018-08-19 08:00:00,0.33,508.26218,1.0
2018-08-19 09:00:00,0.51,684.1565,1.0
2018-08-19 10:00:00,0.2,820.94763,1.0
2018-08-19 11:00:00,0.5,811.2699,1.0
2018-08-19 12:00:00,0.19,778.08374,1.0
2018-08-19 13:00:00,0.29,721.1415,1.0
2018-08-19 14:00:00,0.39,616.3076,1.0
2018-08-19 15:00:00,0.42,430.47134,1.0
2018-08-19 16:00:00,0.59,287.78394,1.0
2018-08-19 17:00:00,0.59,105.23057,1.0
2018-08-19 18:00:00,0.43,15.774752,0.8586111111111111
2018-08-19 19:00:00,0.3,0.0,0.0
2018-08-19 20:00:00,0.05,0.0,0.0
2018-08-19 21:00:00,0.07,0.0,0.0
2018-08-19 22:00:00,0.02,0.0,0.0
2018-08-19 23:00:00,0.0,0.0,0.0
2018-08-20 00:00:00,0.0,0.0,0.0
2018-08-20 01:00:00,0.0,0.0,0.0
2018-08-20 02:00:00,0.0,0.0,0.0
2018-08-20 03:00:00,0.0,0.0,0.0
2018-08-20 04:00:00,0.0,0.0,0.0
2018-08-20 05:00:00,0.0,21.832869,0.7058333333333333
2018-08-20 06:00:00,0.03,183.5487,1.0
2018-08-20 07:00:00,0.0,410.26254,1.0
2018-08-20 08:00:00,0.0,598.76886,1.0
2018-08-20 09:00:00,0.0,795.8698,1.0
2018-08-20 10:00:00,0.0,927.4737,1.0
2018-08-20 11:00:00,0.0,987.6402,1.0
2018-08-20 12:00:00,0.08,954.80237,1.0
2018-08-20 13:00:00,0.39,840.137,1.0
2018-08-20 14:00:00,0.46,716.3033,1.0
2018-08-20 15:00:00,0.5,541.9037,1.0
2018-08-20 16:00:00,0.42,368.32532,1.0
2018-08-20 17:00:00,0.16,157.75102,1.0
2018-08-20 18:00:00,0.0,17.620401,0.8347222222222223
2018-08-20 19:00:00,0.01,0.0,0.0
2018-08-20 20:00:00,0.07,0.0,0.0
2018-08-20 21:00:00,0.01,0.0,0.0
2018-08-20 22:00:00,0.0,0.0,0.0
2018-08-20 23:00:00,0.23,0.0,0.0
2018-08-21 00:00:00,0.05,0.0,0.0
2018-08-21 01:00:00,0.12,0.0,0.0
2018-08-21 02:00:00,0.31,0.0,0.0
2018-08-21 03:00:00,0.5,0.0,0.0
2018-08-21 04:00:00,0.59,0.0,0.0
2018-08-21 05:00:00,0.44,15.132567,0.69
2018-08-21 06:00:00,0.87,94.53882,1.0
2018-08-21 07:00:00,0.97,161.57234,1.0
2018-08-21 08:00:00,0.98,398.6104,1.0
2018-08-21 09:00:00,0.97,577.8574,1.0
2018-08-21 10:00:00,0.9,769.61847,1.0
2018-08-21 11:00:00,0.78,829.832,1.0
2018-08-21 12:00:00,0.92,745.10114,1.0
2018-08-21 13:00:00,0.95,524.4466,1.0
2018-08-21 14:00:00,0.85,340.71683,1.0
2018-08-21 15:00:00,0.88,269.2571,1.0
2018-08-21 16:00:00,0.96,152.46188,1.0
2018-08-21 17:00:00,1.0,85.29631,1.0
2018-08-21 18:00:00,1.0,15.902769,0.8105555555555556
2018-08-21 19:00:00,1.0,0.0,0.0
2018-08-21 20:00:00,1.0,0.0,0.0
2018-08-21 21:00:00,1.0,0.0,0.0
2018-08-21 22:00:00,1.0,0.0,0.0
2018-08-21 23:00:00,1.0,0.0,0.0
2018-08-22 00:00:00,1.0,0.0,0.0
2018-08-22 01:00:00,1.0,0.0,0.0
2018-08-22 02:00:00,1.0,0.0,0.0
2018-08-22 03:00:00,1.0,0.0,0.0
2018-08-22 04:00:00,0.91,0.0,0.0
2018-08-22 05:00:00,0.78,9.202067,0.6741666666666667
2018-08-22 06:00:00,0.85,103.074036,1.0
2018-08-22 07:00:00,0.54,238.67174,1.0
2018-08-22 08:00:00,1.0,398.02975,1.0
2018-08-22 09:00:00,0.73,641.3966,1.0
2018-08-22 10:00:00,0.74,704.7485,1.0
2018-08-22 11:00:00,0.41,787.2758,1.0
2018-08-22 12:00:00,0.41,716.7892,1.0
2018-08-22 13:00:00,0.47,662.24316,1.0
2018-08-22 14:00:00,0.56,554.18024,1.0
2018-08-22 15:00:00,0.72,392.69788,1.0
2018-08-22 16:00:00,0.75,287.03143,1.0
2018-08-22 17:00:00,0.87,114.57733,1.0
2018-08-22 18:00:00,0.45,15.15959,0.7861111111111111
2018-08-22 19:00:00,0.42,0.0,0.0
2018-08-22 20:00:00,0.27,0.0,0.0
2018-08-22 21:00:00,0.37,0.0,0.0
2018-08-22 22:00:00,0.21,0.0,0.0
2018-08-22 23:00:00,0.04,0.0,0.0
2018-08-23 00:00:00,0.01,0.0,0.0
2018-08-23 01:00:00,0.03,0.0,0.0
2018-08-23 02:00:00,0.01,0.0,0.0
2018-08-23 03:00:00,0.6,0.0,0.0
2018-08-23 04:00:00,0.03,0.0,0.0
2018-08-23 05:00:00,0.16,16.922218,0.6586111111111111
2018-08-23 06:00:00,0.01,179.64294,1.0
2018-08-23 07:00:00,0.02,393.25363,1.0
2018-08-23 08:00:00,0.42,572.5001,1.0
2018-08-23 09:00:00,0.0,793.8223,1.0
2018-08-23 10:00:00,0.0,921.21735,1.0
2018-08-23 11:00:00,0.0,990.27435,1.0
2018-08-23 12:00:00,0.0,984.8009,1.0
2018-08-23 13:00:00,0.0,890.18805,1.0
2018-08-23 14:00:00,0.09,684.25824,1.0
2018-08-23 15:00:00,0.27,570.3072,1.0
2018-08-23 16:00:00,0.19,336.4293,1.0
2018-08-23 17:00:00,0.03,151.61996,1.0
2018-08-23 18:00:00,0.16,14.566296,0.7613888888888889
2018-08-23 19:00:00,0.0,0.0,0.0
2018-08-23 20:00:00,0.0,0.0,0.0
2018-08-23 21:00:00,0.0,0.0,0.0
2018-08-23 22:00:00,0.0,0.0,0.0
2018-08-23 23:00:00,0.0,0.0,0.0
2018-08-24 00:00:00,0.0,0.0,0.0
2018-08-24 01:00:00,0.0,0.0,0.0
2018-08-24 02:00:00,0.0,0.0,0.0
2018-08-24 03:00:00,0.0,0.0,0.0
2018-08-24 04:00:00,0.0,0.0,0.0
2018-08-24 05:00:00,0.0,19.36361,0.6427777777777778
2018-08-24 06:00:00,0.0,178.24654,1.0
2018-08-24 07:00:00,0.0,402.21417,1.0
2018-08-24 08:00:00,0.0,617.8175,1.0
2018-08-24 09:00:00,0.0,795.1374,1.0
2018-08-24 10:00:00,0.08,890.65424,1.0
2018-08-24 11:00:00,0.18,949.7223,1.0
2018-08-24 12:00:00,0.32,941.2063,1.0
2018-08-24 13:00:00,0.34,770.4095,1.0
2018-08-24 14:00:00,0.26,628.3487,1.0
2018-08-24 15:00:00,0.2,464.11133,1.0
2018-08-24 16:00:00,0.33,318.45844,1.0
2018-08-24 17:00:00,0.34,141.05405,1.0
2018-08-24 18:00:00,0.59,10.737247,0.7366666666666667
2018-08-24 19:00:00,0.59,0.0,0.0
2018-08-24 20:00:00,0.46,0.0,0.0
2018-08-24 21:00:00,0.37,0.0,0.0
2018-08-24 22:00:00,0.19,0.0,0.0
2018-08-24 23:00:00,0.22,0.0,0.0
2018-08-25 00:00:00,0.25,0.0,0.0
2018-08-25 01:00:00,0.92,0.0,0.0
2018-08-25 02:00:00,0.93,0.0,0.0
2018-08-25 03:00:00,0.95,0.0,0.0
2018-08-25 04:00:00,0.96,0.0,0.0
2018-08-25 05:00:00,0.93,13.285984,0.6272222222222222
2018-08-25 06:00:00,0.94,119.21904,1.0
2018-08-25 07:00:00,0.89,293.47073,1.0
2018-08-25 08:00:00,0.84,487.9154,1.0
2018-08-25 09:00:00,0.89,684.0972,1.0
2018-08-25 10:00:00,0.87,762.24805,1.0
2018-08-25 11:00:00,0.92,669.10657,1.0
2018-08-25 12:00:00,0.97,733.2955,1.0
2018-08-25 13:00:00,0.9,595.9844,1.0
2018-08-25 14:00:00,0.97,463.7698,1.0
2018-08-25 15:00:00,1.0,372.31433,1.0
2018-08-25 16:00:00,0.94,267.09616,1.0
2018-08-25 17:00:00,0.97,115.98751,1.0
2018-08-25 18:00:00,0.47,12.429839,0.7116666666666667
2018-08-25 19:00:00,0.99,0.0,0.0
2018-08-25 20:00:00,0.99,0.0,0.0
2018-08-25 21:00:00,1.0,0.0,0.0
2018-08-25 22:00:00,0.97,0.0,0.0
2018-08-25 23:00:00,0.98,0.0,0.0
2018-08-26 00:00:00,0.99,0.0,0.0
2018-08-26 01:00:00,0.92,0.0,0.0
2018-08-26 02:00:00,0.05,0.0,0.0
2018-08-26 03:00:00,0.12,0.0,0.0
2018-08-26 04:00:00,0.23,0.0,0.0
2018-08-26 05:00:00,0.25,16.121798,0.6116666666666667
2018-08-26 06:00:00,0.32,162.43224,1.0
2018-08-26 07:00:00,0.02,391.6033,1.0
2018-08-26 08:00:00,0.0,606.42206,1.0
2018-08-26 09:00:00,0.36,758.99066,1.0
2018-08-26 10:00:00,0.38,823.67194,1.0
2018-08-26 11:00:00,0.28,810.63617,1.0
2018-08-26 12:00:00,0.5,726.45233,1.0
2018-08-26 13:00:00,0.8,584.5665,1.0
2018-08-26 14:00:00,0.8,548.259,1.0
2018-08-26 15:00:00,0.64,465.6819,1.0
2018-08-26 16:00:00,0.88,280.8786,1.0
2018-08-26 17:00:00,0.36,106.01488,1.0
2018-08-26 18:00:00,0.94,9.031451,0.6866666666666666
2018-08-26 19:00:00,0.99,0.0,0.0
2018-08-26 20:00:00,1.0,0.0,0.0
2018-08-26 21:00:00,1.0,0.0,0.0
2018-08-26 22:00:00,1.0,0.0,0.0
2018-08-26 23:00:00,0.43,0.0,0.0
2018-08-27 00:00:00,0.13,0.0,0.0
2018-08-27 01:00:00,0.01,0.0,0.0
2018-08-27 02:00:00,0.01,0.0,0.0
2018-08-27 03:00:00,0.0,0.0,0.0
2018-08-27 04:00:00,0.0,0.0,0.0
2018-08-27 05:00:00,0.25,15.251125,0.5958333333333333
2018-08-27 06:00:00,0.25,160.09843,1.0
2018-08-27 07:00:00,0.01,387.0428,1.0
2018-08-27 08:00:00,0.01,598.2655,1.0
2018-08-27 09:00:00,0.01,776.90607,1.0
2018-08-27 10:00:00,0.07,888.30493,1.0
2018-08-27 11:00:00,0.11,946.07306,1.0
2018-08-27 12:00:00,0.36,795.07837,1.0
2018-08-27 13:00:00,0.53,695.31476,1.0
2018-08-27 14:00:00,0.4,522.8269,1.0
2018-08-27 15:00:00,0.23,399.00674,1.0
2018-08-27 16:00:00,0.52,161.31824,1.0
2018-08-27 17:00:00,0.51,110.40987,1.0
2018-08-27 18:00:00,0.18,10.434094,0.6613888888888889
2018-08-27 19:00:00,0.01,0.0,0.0
2018-08-27 20:00:00,0.0,0.0,0.0
2018-08-27 21:00:00,0.0,0.0,0.0
2018-08-27 22:00:00,0.0,0.0,0.0
2018-08-27 23:00:00,0.0,0.0,0.0
2018-08-28 00:00:00,0.0,0.0,0.0
2018-08-28 01:00:00,0.0,0.0,0.0
2018-08-28 02:00:00,0.0,0.0,0.0
2018-08-28 03:00:00,0.0,0.0,0.0
2018-08-28 04:00:00,0.0,0.0,0.0
2018-08-28 05:00:00,0.0,14.385999,0.5802777777777778
2018-08-28 06:00:00,0.0,166.44496,1.0
2018-08-28 07:00:00,0.0,386.7362,1.0
2018-08-28 08:00:00,0.0,600.33014,1.0
2018-08-28 09:00:00,0.0,779.00824,1.0
2018-08-28 10:00:00,0.31,850.04016,1.0
2018-08-28 11:00:00,0.49,869.1514,1.0
2018-08-28 12:00:00,0.55,834.8381,1.0
2018-08-28 13:00:00,0.41,789.7022,1.0
2018-08-28 14:00:00,0.43,619.43427,1.0
2018-08-28 15:00:00,0.49,484.6996,1.0
2018-08-28 16:00:00,0.41,294.06857,1.0
2018-08-28 17:00:00,0.09,118.43748,1.0
2018-08-28 18:00:00,0.52,10.209815,0.6361111111111111
2018-08-28 19:00:00,0.86,0.0,0.0
2018-08-28 20:00:00,0.19,0.0,0.0
2018-08-28 21:00:00,0.12,0.0,0.0
2018-08-28 22:00:00,0.21,0.0,0.0
2018-08-28 23:00:00,0.17,0.0,0.0
2018-08-29 00:00:00,0.03,0.0,0.0
2018-08-29 01:00:00,0.0,0.0,0.0
2018-08-29 02:00:00,0.0,0.0,0.0
2018-08-29 03:00:00,0.0,0.0,0.0
2018-08-29 04:00:00,0.0,0.0,0.0
2018-08-29 05:00:00,0.0,14.520629,0.5647222222222222
2018-08-29 06:00:00,0.0,163.51869,1.0
2018-08-29 07:00:00,0.0,391.29623,1.0
2018-08-29 08:00:00,0.0,613.08496,1.0
2018-08-29 09:00:00,0.0,795.2396,1.0
2018-08-29 10:00:00,0.0,919.2227,1.0
2018-08-29 11:00:00,0.29,922.2128,1.0
2018-08-29 12:00:00,0.47,876.7686,1.0
2018-08-29 13:00:00,0.71,781.7614,1.0
2018-08-29 14:00:00,0.33,669.7459,1.0
2018-08-29 15:00:00,0.22,512.6012,1.0
2018-08-29 16:00:00,0.28,300.5512,1.0
2018-08-29 17:00:00,0.63,119.44525,1.0
2018-08-29 18:00:00,0.32,8.169254,0.6108333333333333
2018-08-29 19:00:00,0.09,0.0,0.0
2018-08-29 20:00:00,0.01,0.0,0.0
2018-08-29 21:00:00,0.87,0.0,0.0
2018-08-29 22:00:00,0.72,0.0,0.0
2018-08-29 23:00:00,0.39,0.0,0.0
2018-08-30 00:00:00,0.0,0.0,0.0
2018-08-30 01:00:00,0.61,0.0,0.0
2018-08-30 02:00:00,0.0,0.0,0.0
2018-08-30 03:00:00,0.0,0.0,0.0
2018-08-30 04:00:00,0.0,0.0,0.0
2018-08-30 05:00:00,0.0,12.093379,0.5491666666666667
2018-08-30 06:00:00,0.67,138.34782,1.0
2018-08-30 07:00:00,0.95,324.4911,1.0
2018-08-30 08:00:00,0.0,609.83203,1.0
2018-08-30 09:00:00,0.22,784.73724,1.0
2018-08-30 10:00:00,0.71,832.5978,1.0
2018-08-30 11:00:00,0.05,944.82684,1.0
2018-08-30 12:00:00,0.55,822.9475,1.0
2018-08-30 13:00:00,0.84,515.2018,1.0
2018-08-30 14:00:00,0.67,534.9624,1.0
2018-08-30 15:00:00,0.7,422.36548,1.0
2018-08-30 16:00:00,0.94,180.99765,1.0
2018-08-30 17:00:00,0.92,78.94993,1.0
2018-08-30 18:00:00,0.95,5.980706,0.5855555555555556
2018-08-30 19:00:00,0.82,0.0,0.0
2018-08-30 20:00:00,0.91,0.0,0.0
2018-08-30 21:00:00,0.88,0.0,0.0
2018-08-30 22:00:00,0.92,0.0,0.0
2018-08-30 23:00:00,0.98,0.0,0.0
2018-08-31 00:00:00,0.95,0.0,0.0
2018-08-31 01:00:00,0.94,0.0,0.0
2018-08-31 02:00:00,0.93,0.0,0.0
2018-08-31 03:00:00,0.96,0.0,0.0
2018-08-31 04:00:00,0.5,0.0,0.0
2018-08-31 05:00:00,0.83,9.574458,0.5336111111111111
2018-08-31 06:00:00,0.99,117.31576,1.0
2018-08-31 07:00:00,0.98,259.69455,1.0
2018-08-31 08:00:00,1.0,517.93225,1.0
2018-08-31 09:00:00,0.91,718.284,1.0
2018-08-31 10:00:00,0.8,783.56006,1.0
2018-08-31 11:00:00,0.78,780.1058,1.0
2018-08-31 12:00:00,0.99,418.33478,1.0
2018-08-31 13:00:00,0.97,507.57855,1.0
2018-08-31 14:00:00,0.96,449.3942,1.0
2018-08-31 15:00:00,0.98,201.90869,1.0
2018-08-31 16:00:00,0.97,182.20425,1.0
2018-08-31 17:00:00,0.96,100.594864,1.0
2018-08-31 18:00:00,0.95,7.9529037,0.56
2018-08-31 19:00:00,0.93,0.0,0.0
2018-08-31 20:00:00,0.94,0.0,0.0
2018-08-31 21:00:00,0.28,0.0,0.0
2018-08-31 22:00:00,0.6,0.0,0.0
2018-08-31 23:00:00,0.31,0.0,0.0
2018-09-01 00:00:00,0.16,0.0,0.0
2018-09-01 01:00:00,0.73,0.0,0.0
2018-09-01 02:00:00,0.44,0.0,0.0
2018-09-01 03:00:00,0.02,0.0,0.0
2018-09-01 04:00:00,0.02,0.0,0.0
2018-09-01 05:00:00,0.11,11.300308,0.5180555555555556
2018-09-01 06:00:00,0.98,144.92834,1.0
2018-09-01 07:00:00,0.97,344.54303,1.0
2018-09-01 08:00:00,1.0,511.8463,1.0
2018-09-01 09:00:00,0.99,648.5575,1.0
2018-09-01 10:00:00,0.94,715.2824,1.0
2018-09-01 11:00:00,0.86,733.4928,1.0
2018-09-01 12:00:00,0.87,706.8019,1.0
2018-09-01 13:00:00,0.75,562.7212,1.0
2018-09-01 14:00:00,0.92,363.3276,1.0
2018-09-01 15:00:00,0.81,405.43866,1.0
2018-09-01 16:00:00,0.69,247.16003,1.0
2018-09-01 17:00:00,0.66,39.183598,1.0
2018-09-01 18:00:00,0.73,6.9605,0.5344444444444445
2018-09-01 19:00:00,0.05,0.0,0.0
2018-09-01 20:00:00,0.07,0.0,0.0
2018-09-01 21:00:00,0.02,0.0,0.0
2018-09-01 22:00:00,0.17,0.0,0.0
2018-09-01 23:00:00,0.11,0.0,0.0
2018-09-02 00:00:00,0.2,0.0,0.0
2018-09-02 01:00:00,0.48,0.0,0.0
2018-09-02 02:00:00,0.55,0.0,0.0
2018-09-02 03:00:00,0.01,0.0,0.0
2018-09-02 04:00:00,0.26,0.0,0.0
2018-09-02 05:00:00,0.01,8.318742,0.5025
2018-09-02 06:00:00,0.87,116.1191,1.0
2018-09-02 07:00:00,0.88,329.3286,1.0
2018-09-02 08:00:00,0.88,515.59,1.0
2018-09-02 09:00:00,0.9,594.56384,1.0
2018-09-02 10:00:00,0.92,812.7338,1.0
2018-09-02 11:00:00,0.89,845.0194,1.0
2018-09-02 12:00:00,0.95,814.6505,1.0
2018-09-02 13:00:00,0.93,752.2562,1.0
2018-09-02 14:00:00,0.92,593.2848,1.0
2018-09-02 15:00:00,0.55,521.8399,1.0
2018-09-02 16:00:00,0.16,311.1224,1.0
2018-09-02 17:00:00,0.51,108.701706,1.0
2018-09-02 18:00:00,0.5,5.968096,0.5086111111111111
2018-09-02 19:00:00,0.97,0.0,0.0
2018-09-02 20:00:00,0.92,0.0,0.0
2018-09-02 21:00:00,0.86,0.0,0.0
2018-09-02 22:00:00,0.96,0.0,0.0
2018-09-02 23:00:00,0.98,0.0,0.0
2018-09-03 00:00:00,0.97,0.0,0.0
2018-09-03 01:00:00,0.97,0.0,0.0
2018-09-03 02:00:00,0.95,0.0,0.0
2018-09-03 03:00:00,1.0,0.0,0.0
2018-09-03 04:00:00,1.0,0.0,0.0
2018-09-03 05:00:00,0.97,4.9696155,0.4872222222222222
2018-09-03 06:00:00,1.0,63.932766,1.0
2018-09-03 07:00:00,0.99,161.70499,1.0
2018-09-03 08:00:00,1.0,304.0493,1.0
2018-09-03 09:00:00,1.0,287.74747,1.0
2018-09-03 10:00:00,1.0,445.3349,1.0
2018-09-03 11:00:00,1.0,426.6012,1.0
2018-09-03 12:00:00,1.0,467.63107,1.0
2018-09-03 13:00:00,1.0,581.39124,1.0
2018-09-03 14:00:00,0.99,486.3788,1.0
2018-09-03 15:00:00,0.76,328.22867,1.0
2018-09-03 16:00:00,0.43,234.68054,1.0
2018-09-03 17:00:00,0.96,82.85799,1.0
2018-09-03 18:00:00,0.92,3.9772115,0.4825
2018-09-03 19:00:00,0.98,0.0,0.0
2018-09-03 20:00:00,0.92,0.0,0.0
2018-09-03 21:00:00,0.67,0.0,0.0
2018-09-03 22:00:00,0.63,0.0,0.0
2018-09-03 23:00:00,0.7,0.0,0.0
2018-09-04 00:00:00,0.84,0.0,0.0
2018-09-04 01:00:00,0.89,0.0,0.0
2018-09-04 02:00:00,0.89,0.0,0.0
2018-09-04 03:00:00,0.47,0.0,0.0
2018-09-04 04:00:00,0.33,0.0,0.0
2018-09-04 05:00:00,0.2,7.3836546,0.4716666666666667
2018-09-04 06:00:00,0.9,101.13136,1.0
2018-09-04 07:00:00,0.9,296.2626,1.0
2018-09-04 08:00:00,0.87,507.6208,1.0
2018-09-04 09:00:00,0.85,711.61,1.0
2018-09-04 10:00:00,0.78,836.71454,1.0
2018-09-04 11:00:00,0.76,881.51654,1.0
2018-09-04 12:00:00,0.63,775.8805,1.0
2018-09-04 13:00:00,0.34,664.02466,1.0
2018-09-04 14:00:00,0.32,662.1587,1.0
2018-09-04 15:00:00,0.58,462.2403,1.0
2018-09-04 16:00:00,0.7,276.9727,1.0
2018-09-04 17:00:00,0.62,87.86754,1.0
2018-09-04 18:00:00,0.7,4.9711347,0.45611111111111113
2018-09-04 19:00:00,0.76,0.0,0.0
2018-09-04 20:00:00,0.87,0.0,0.0
2018-09-04 21:00:00,0.89,0.0,0.0
2018-09-04 22:00:00,0.93,0.0,0.0
2018-09-04 23:00:00,0.95,0.0,0.0
2018-09-05 00:00:00,0.79,0.0,0.0
2018-09-05 01:00:00,0.67,0.0,0.0
2018-09-05 02:00:00,0.73,0.0,0.0
2018-09-05 03:00:00,0.89,0.0,0.0
2018-09-05 04:00:00,0.89,0.0,0.0
2018-09-05 05:00:00,0.72,3.9756923,0.45611111111111113
2018-09-05 06:00:00,0.97,60.350254,1.0
2018-09-05 07:00:00,0.99,181.58218,1.0
2018-09-05 08:00:00,1.0,253.58237,1.0
2018-09-05 09:00:00,1.0,458.7587,1.0
2018-09-05 10:00:00,0.7,730.2906,1.0
2018-09-05 11:00:00,0.11,815.21716,1.0
2018-09-05 12:00:00,0.36,755.0469,1.0
2018-09-05 13:00:00,0.76,596.67236,1.0
2018-09-05 14:00:00,0.91,290.26633,1.0
2018-09-05 15:00:00,0.99,172.40689,1.0
2018-09-05 16:00:00,1.0,81.50169,1.0
2018-09-05 17:00:00,0.96,33.958145,1.0
2018-09-05 18:00:00,0.99,2.981769,0.42944444444444446
2018-09-05 19:00:00,0.99,0.0,0.0
2018-09-05 20:00:00,0.94,0.0,0.0
2018-09-05 21:00:00,0.83,0.0,0.0
2018-09-05 22:00:00,0.91,0.0,0.0
2018-09-05 23:00:00,0.9,0.0,0.0
2018-09-06 00:00:00,0.77,0.0,0.0
2018-09-06 01:00:00,0.17,0.0,0.0
2018-09-06 02:00:00,0.08,0.0,0.0
2018-09-06 03:00:00,0.06,0.0,0.0
2018-09-06 04:00:00,0.04,0.0,0.0
2018-09-06 05:00:00,0.03,6.4555154,0.44083333333333335
2018-09-06 06:00:00,0.23,132.1856,1.0
2018-09-06 07:00:00,0.03,357.10507,1.0
2018-09-06 08:00:00,0.06,573.84045,1.0
2018-09-06 09:00:00,0.02,735.4284,1.0
2018-09-06 10:00:00,0.12,835.1474,1.0
2018-09-06 11:00:00,0.37,809.46906,1.0
2018-09-06 12:00:00,0.37,744.02893,1.0
2018-09-06 13:00:00,0.73,628.6867,1.0
2018-09-06 14:00:00,0.45,439.32074,1.0
2018-09-06 15:00:00,0.65,267.70947,1.0
2018-09-06 16:00:00,0.75,187.06232,1.0
2018-09-06 17:00:00,0.85,73.37478,1.0
2018-09-06 18:00:00,0.84,2.9832883,0.4027777777777778
2018-09-06 19:00:00,0.68,0.0,0.0
2018-09-06 20:00:00,0.66,0.0,0.0
2018-09-06 21:00:00,0.53,0.0,0.0
2018-09-06 22:00:00,0.47,0.0,0.0
2018-09-06 23:00:00,0.27,0.0,0.0
2018-09-07 00:00:00,0.12,0.0,0.0
2018-09-07 01:00:00,0.31,0.0,0.0
2018-09-07 02:00:00,0.31,0.0,0.0
2018-09-07 03:00:00,0.36,0.0,0.0
2018-09-07 04:00:00,0.27,0.0,0.0
2018-09-07 05:00:00,0.36,3.5095587,0.42527777777777775
2018-09-07 06:00:00,1.0,71.89546,1.0
2018-09-07 07:00:00,1.0,228.81143,1.0
2018-09-07 08:00:00,0.98,418.87973,1.0
2018-09-07 09:00:00,0.69,618.89166,1.0
2018-09-07 10:00:00,0.07,790.86365,1.0
2018-09-07 11:00:00,0.05,926.98224,1.0
2018-09-07 12:00:00,0.28,888.6652,1.0
2018-09-07 13:00:00,0.23,792.5292,1.0
2018-09-07 14:00:00,0.49,628.2833,1.0
2018-09-07 15:00:00,0.61,441.87054,1.0
2018-09-07 16:00:00,0.56,268.45908,1.0
2018-09-07 17:00:00,0.21,86.213394,1.0
2018-09-07 18:00:00,0.22,2.9832883,0.37555555555555553
2018-09-07 19:00:00,0.03,0.0,0.0
2018-09-07 20:00:00,0.01,0.0,0.0
2018-09-07 21:00:00,0.01,0.0,0.0
2018-09-07 22:00:00,0.0,0.0,0.0
2018-09-07 23:00:00,0.0,0.0,0.0
2018-09-08 00:00:00,0.0,0.0,0.0
2018-09-08 01:00:00,0.0,0.0,0.0
2018-09-08 02:00:00,0.0,0.0,0.0
2018-09-08 03:00:00,0.0,0.0,0.0
2018-09-08 04:00:00,0.0,0.0,0.0
2018-09-08 05:00:00,0.0,7.0950375,0.4097222222222222
2018-09-08 06:00:00,0.0,143.38376,1.0
2018-09-08 07:00:00,0.0,365.43323,1.0
2018-09-08 08:00:00,0.0,581.9187,1.0
2018-09-08 09:00:00,0.0,760.1532,1.0
2018-09-08 10:00:00,0.0,883.55426,1.0
2018-09-08 11:00:00,0.6,876.1389,1.0
2018-09-08 12:00:00,0.35,842.8706,1.0
2018-09-08 13:00:00,0.21,766.0531,1.0
2018-09-08 14:00:00,0.39,621.0956,1.0
2018-09-08 15:00:00,0.27,481.95044,1.0
2018-09-08 16:00:00,0.41,258.95273,1.0
2018-09-08 17:00:00,0.24,80.22053,1.0
2018-09-08 18:00:00,0.25,1.9893655,0.34833333333333333
2018-09-08 19:00:00,0.36,0.0,0.0
2018-09-08 20:00:00,0.46,0.0,0.0
2018-09-08 21:00:00,0.66,0.0,0.0
2018-09-08 22:00:00,0.9,0.0,0.0
2018-09-08 23:00:00,1.0,0.0,0.0
2018-09-09 00:00:00,0.77,0.0,0.0
2018-09-09 01:00:00,0.69,0.0,0.0
2018-09-09 02:00:00,0.0,0.0,0.0
2018-09-09 03:00:00,0.07,0.0,0.0
2018-09-09 04:00:00,0.14,0.0,0.0
2018-09-09 05:00:00,0.01,5.5756288,0.39444444444444443
2018-09-09 06:00:00,0.97,95.6394,1.0
2018-09-09 07:00:00,0.64,291.14328,1.0
2018-09-09 08:00:00,0.57,570.6689,1.0
2018-09-09 09:00:00,0.06,767.2492,1.0
2018-09-09 10:00:00,0.09,865.1629,1.0
2018-09-09 11:00:00,0.3,911.7342,1.0
2018-09-09 12:00:00,0.68,811.3672,1.0
2018-09-09 13:00:00,0.58,628.30286,1.0
2018-09-09 14:00:00,0.65,581.502,1.0
2018-09-09 15:00:00,0.56,365.76462,1.0
2018-09-09 16:00:00,0.82,210.35376,1.0
2018-09-09 17:00:00,0.5,74.09887,1.0
2018-09-09 18:00:00,0.5,0.99544233,0.3211111111111111
2018-09-09 19:00:00,0.48,0.0,0.0
2018-09-09 20:00:00,0.01,0.0,0.0
2018-09-09 21:00:00,0.0,0.0,0.0
2018-09-09 22:00:00,0.0,0.0,0.0
2018-09-09 23:00:00,0.0,0.0,0.0
2018-09-10 00:00:00,0.0,0.0,0.0
2018-09-10 01:00:00,0.0,0.0,0.0
2018-09-10 02:00:00,0.0,0.0,0.0
2018-09-10 03:00:00,0.0,0.0,0.0
2018-09-10 04:00:00,0.0,0.0,0.0
2018-09-10 05:00:00,0.0,6.267331,0.3788888888888889
2018-09-10 06:00:00,0.31,137.974,1.0
2018-09-10 07:00:00,0.01,366.93253,1.0
2018-09-10 08:00:00,0.87,557.7782,1.0
2018-09-10 09:00:00,0.93,711.64325,1.0
2018-09-10 10:00:00,0.43,868.57935,1.0
2018-09-10 11:00:00,0.31,862.9782,1.0
2018-09-10 12:00:00,0.92,725.5967,1.0
2018-09-10 13:00:00,0.82,600.1957,1.0
2018-09-10 14:00:00,0.76,523.03,1.0
2018-09-10 15:00:00,0.62,427.65976,1.0
2018-09-10 16:00:00,0.88,234.93884,1.0
2018-09-10 17:00:00,0.39,78.736015,1.0
2018-09-10 18:00:00,0.1,0.99544233,0.2936111111111111
2018-09-10 19:00:00,0.09,0.0,0.0
2018-09-10 20:00:00,0.05,0.0,0.0
2018-09-10 21:00:00,0.06,0.0,0.0
2018-09-10 22:00:00,0.1,0.0,0.0
2018-09-10 23:00:00,0.01,0.0,0.0
2018-09-11 00:00:00,0.0,0.0,0.0
2018-09-11 01:00:00,0.0,0.0,0.0
2018-09-11 02:00:00,0.0,0.0,0.0
2018-09-11 03:00:00,0.0,0.0,0.0
2018-09-11 04:00:00,0.0,0.0,0.0
2018-09-11 05:00:00,0.0,4.670065,0.36333333333333334
2018-09-11 06:00:00,0.32,133.68965,1.0
2018-09-11 07:00:00,0.07,354.95285,1.0
2018-09-11 08:00:00,0.0,577.55365,1.0
2018-09-11 09:00:00,0.22,742.4106,1.0
2018-09-11 10:00:00,0.43,775.6133,1.0
2018-09-11 11:00:00,0.55,774.19617,1.0
2018-09-11 12:00:00,0.43,707.19434,1.0
2018-09-11 13:00:00,0.4,632.73145,1.0
2018-09-11 14:00:00,0.42,502.57632,1.0
2018-09-11 15:00:00,0.54,362.04053,1.0
2018-09-11 16:00:00,0.69,219.20158,1.0
2018-09-11 17:00:00,0.43,64.60764,1.0
2018-09-11 18:00:00,0.22,0.0,0.26611111111111113
2018-09-11 19:00:00,0.04,0.0,0.0
2018-09-11 20:00:00,0.0,0.0,0.0
2018-09-11 21:00:00,0.0,0.0,0.0
2018-09-11 22:00:00,0.0,0.0,0.0
2018-09-11 23:00:00,0.0,0.0,0.0
2018-09-12 00:00:00,0.0,0.0,0.0
2018-09-12 01:00:00,0.0,0.0,0.0
2018-09-12 02:00:00,0.0,0.0,0.0
2018-09-12 03:00:00,0.0,0.0,0.0
2018-09-12 04:00:00,0.0,0.0,0.0
2018-09-12 05:00:00,0.0,4.7186537,0.3477777777777778
2018-09-12 06:00:00,0.0,141.42882,1.0
2018-09-12 07:00:00,0.0,368.54626,1.0
2018-09-12 08:00:00,0.0,587.3208,1.0
2018-09-12 09:00:00,0.0,765.9161,1.0
2018-09-12 10:00:00,0.0,888.0878,1.0
2018-09-12 11:00:00,0.0,942.36395,1.0
2018-09-12 12:00:00,0.0,919.90735,1.0
2018-09-12 13:00:00,0.32,811.64453,1.0
2018-09-12 14:00:00,0.69,558.5002,1.0
2018-09-12 15:00:00,0.48,495.4112,1.0
2018-09-12 16:00:00,0.39,280.8751,1.0
2018-09-12 17:00:00,0.0,74.51498,1.0
2018-09-12 18:00:00,0.0,0.0,0.2386111111111111
2018-09-12 19:00:00,0.0,0.0,0.0
2018-09-12 20:00:00,0.0,0.0,0.0
2018-09-12 21:00:00,0.0,0.0,0.0
2018-09-12 22:00:00,0.0,0.0,0.0
2018-09-12 23:00:00,0.0,0.0,0.0
2018-09-13 00:00:00,0.0,0.0,0.0
2018-09-13 01:00:00,0.0,0.0,0.0
2018-09-13 02:00:00,0.0,0.0,0.0
2018-09-13 03:00:00,0.0,0.0,0.0
2018-09-13 04:00:00,0.0,0.0,0.0
2018-09-13 05:00:00,0.0,3.7765326,0.3322222222222222
2018-09-13 06:00:00,0.0,140.16743,1.0
2018-09-13 07:00:00,0.0,370.78162,1.0
2018-09-13 08:00:00,0.0,594.6513,1.0
2018-09-13 09:00:00,0.0,778.7204,1.0
2018-09-13 10:00:00,0.0,902.842,1.0
2018-09-13 11:00:00,0.0,953.8094,1.0
2018-09-13 12:00:00,0.0,922.55347,1.0
2018-09-13 13:00:00,0.12,842.21423,1.0
2018-09-13 14:00:00,0.25,684.49384,1.0
2018-09-13 15:00:00,0.09,481.18564,1.0
2018-09-13 16:00:00,0.0,253.15886,1.0
2018-09-13 17:00:00,0.0,72.6517,1.0
2018-09-13 18:00:00,0.0,0.0,0.21083333333333334
2018-09-13 19:00:00,0.0,0.0,0.0
2018-09-13 20:00:00,0.0,0.0,0.0
2018-09-13 21:00:00,0.0,0.0,0.0
2018-09-13 22:00:00,0.0,0.0,0.0
2018-09-13 23:00:00,0.0,0.0,0.0
2018-09-14 00:00:00,0.0,0.0,0.0
2018-09-14 01:00:00,0.0,0.0,0.0
2018-09-14 02:00:00,0.0,0.0,0.0
2018-09-14 03:00:00,0.0,0.0,0.0
2018-09-14 04:00:00,0.0,0.0,0.0
2018-09-14 05:00:00,0.0,3.8320308,0.3169444444444444
2018-09-14 06:00:00,0.0,142.59622,1.0
2018-09-14 07:00:00,0.0,374.68475,1.0
2018-09-14 08:00:00,0.0,598.52454,1.0
2018-09-14 09:00:00,0.0,780.25433,1.0
2018-09-14 10:00:00,0.0,904.34094,1.0
2018-09-14 11:00:00,0.0,961.8254,1.0
2018-09-14 12:00:00,0.0,947.1285,1.0
2018-09-14 13:00:00,0.0,855.8333,1.0
2018-09-14 14:00:00,0.0,702.2305,1.0
2018-09-14 15:00:00,0.0,500.21097,1.0
2018-09-14 16:00:00,0.0,275.71762,1.0
2018-09-14 17:00:00,0.0,69.40503,1.0
2018-09-14 18:00:00,0.0,0.0,0.18333333333333332
2018-09-14 19:00:00,0.0,0.0,0.0
2018-09-14 20:00:00,0.0,0.0,0.0
2018-09-14 21:00:00,0.0,0.0,0.0
2018-09-14 22:00:00,0.0,0.0,0.0
2018-09-14 23:00:00,0.0,0.0,0.0
2018-09-15 00:00:00,0.0,0.0,0.0
2018-09-15 01:00:00,0.0,0.0,0.0
2018-09-15 02:00:00,0.0,0.0,0.0
2018-09-15 03:00:00,0.0,0.0,0.0
2018-09-15 04:00:00,0.0,0.0,0.0
2018-09-15 05:00:00,0.0,2.897513,0.3013888888888889
2018-09-15 06:00:00,0.0,133.27464,1.0
2018-09-15 07:00:00,0.0,359.19504,1.0
2018-09-15 08:00:00,0.0,577.60297,1.0
2018-09-15 09:00:00,0.0,756.1733,1.0
2018-09-15 10:00:00,0.0,877.501,1.0
2018-09-15 11:00:00,0.0,932.92706,1.0
2018-09-15 12:00:00,0.0,917.35364,1.0
2018-09-15 13:00:00,0.0,829.903,1.0
2018-09-15 14:00:00,0.0,684.0741,1.0
2018-09-15 15:00:00,0.0,489.69647,1.0
2018-09-15 16:00:00,0.0,269.25092,1.0
2018-09-15 17:00:00,0.0,64.064575,1.0
2018-09-15 18:00:00,0.0,0.0,0.15583333333333332
2018-09-15 19:00:00,0.0,0.0,0.0
2018-09-15 20:00:00,0.0,0.0,0.0
2018-09-15 21:00:00,0.0,0.0,0.0
2018-09-15 22:00:00,0.0,0.0,0.0
2018-09-15 23:00:00,0.0,0.0,0.0
2018-09-16 00:00:00,0.0,0.0,0.0
2018-09-16 01:00:00,0.0,0.0,0.0
2018-09-16 02:00:00,0.0,0.0,0.0
2018-09-16 03:00:00,0.0,0.0,0.0
2018-09-16 04:00:00,0.0,0.0,0.0
2018-09-16 05:00:00,0.0,2.96142,0.28583333333333333
2018-09-16 06:00:00,0.0,127.89862,1.0
2018-09-16 07:00:00,0.0,350.69275,1.0
2018-09-16 08:00:00,0.0,567.1733,1.0
2018-09-16 09:00:00,0.0,742.6981,1.0
2018-09-16 10:00:00,0.0,862.65344,1.0
2018-09-16 11:00:00,0.06,864.4685,1.0
2018-09-16 12:00:00,0.92,747.4351,1.0
2018-09-16 13:00:00,0.69,529.3312,1.0
2018-09-16 14:00:00,0.74,337.81854,1.0
2018-09-16 15:00:00,0.7,280.81403,1.0
2018-09-16 16:00:00,0.82,146.54132,1.0
2018-09-16 17:00:00,0.9,49.50627,1.0
2018-09-16 18:00:00,0.44,0.0,0.12833333333333333
2018-09-16 19:00:00,0.48,0.0,0.0
2018-09-16 20:00:00,0.36,0.0,0.0
2018-09-16 21:00:00,0.0,0.0,0.0
2018-09-16 22:00:00,0.01,0.0,0.0
2018-09-16 23:00:00,0.02,0.0,0.0
2018-09-17 00:00:00,0.0,0.0,0.0
2018-09-17 01:00:00,0.0,0.0,0.0
2018-09-17 02:00:00,0.0,0.0,0.0
2018-09-17 03:00:00,0.0,0.0,0.0
2018-09-17 04:00:00,0.0,0.0,0.0
2018-09-17 05:00:00,0.0,1.9878461,0.27
2018-09-17 06:00:00,0.0,125.214745,1.0
2018-09-17 07:00:00,0.0,344.58176,1.0
2018-09-17 08:00:00,0.0,560.2374,1.0
2018-09-17 09:00:00,0.0,737.10834,1.0
2018-09-17 10:00:00,0.18,817.6987,1.0
2018-09-17 11:00:00,0.25,802.59735,1.0
2018-09-17 12:00:00,0.37,757.7065,1.0
2018-09-17 13:00:00,0.35,594.5115,1.0
2018-09-17 14:00:00,0.61,473.37662,1.0
2018-09-17 15:00:00,0.86,282.76358,1.0
2018-09-17 16:00:00,1.0,100.09205,1.0
2018-09-17 17:00:00,1.0,42.802166,1.0
2018-09-17 18:00:00,0.39,0.0,0.10111111111111111
2018-09-17 19:00:00,0.1,0.0,0.0
2018-09-17 20:00:00,0.34,0.0,0.0
2018-09-17 21:00:00,0.13,0.0,0.0
2018-09-17 22:00:00,0.15,0.0,0.0
2018-09-17 23:00:00,0.29,0.0,0.0
2018-09-18 00:00:00,0.01,0.0,0.0
2018-09-18 01:00:00,0.0,0.0,0.0
2018-09-18 02:00:00,0.0,0.0,0.0
2018-09-18 03:00:00,0.0,0.0,0.0
2018-09-18 04:00:00,0.0,0.0,0.0
2018-09-18 05:00:00,0.0,0.0,0.2544444444444444
2018-09-18 06:00:00,0.0,121.91545,1.0
2018-09-18 07:00:00,0.0,342.1234,1.0
2018-09-18 08:00:00,0.0,558.0064,1.0
2018-09-18 09:00:00,0.0,734.9773,1.0
2018-09-18 10:00:00,0.0,856.3421,1.0
2018-09-18 11:00:00,0.0,907.7464,1.0
2018-09-18 12:00:00,0.36,762.1058,1.0
2018-09-18 13:00:00,0.38,559.85364,1.0
2018-09-18 14:00:00,0.72,342.3115,1.0
2018-09-18 15:00:00,0.44,334.48068,1.0
2018-09-18 16:00:00,0.44,199.62881,1.0
2018-09-18 17:00:00,0.2,49.793213,1.0
2018-09-18 18:00:00,0.07,0.0,0.07388888888888889
2018-09-18 19:00:00,0.09,0.0,0.0
2018-09-18 20:00:00,0.0,0.0,0.0
2018-09-18 21:00:00,0.0,0.0,0.0
2018-09-18 22:00:00,0.0,0.0,0.0
2018-09-18 23:00:00,0.0,0.0,0.0
2018-09-19 00:00:00,0.0,0.0,0.0
2018-09-19 01:00:00,0.0,0.0,0.0
2018-09-19 02:00:00,0.0,0.0,0.0
2018-09-19 03:00:00,0.0,0.0,0.0
2018-09-19 04:00:00,0.0,0.0,0.0
2018-09-19 05:00:00,0.0,0.0,0.2388888888888889
2018-09-19 06:00:00,0.02,121.785645,1.0
2018-09-19 07:00:00,0.67,331.06488,1.0
2018-09-19 08:00:00,0.65,523.94006,1.0
2018-09-19 09:00:00,0.67,697.99414,1.0
2018-09-19 10:00:00,0.69,819.68066,1.0
2018-09-19 11:00:00,0.62,860.9716,1.0
2018-09-19 12:00:00,0.76,742.4145,1.0
2018-09-19 13:00:00,0.96,605.06903,1.0
2018-09-19 14:00:00,0.92,410.49203,1.0
2018-09-19 15:00:00,1.0,186.74803,1.0
2018-09-19 16:00:00,1.0,88.37272,1.0
2018-09-19 17:00:00,1.0,18.597878,1.0
2018-09-19 18:00:00,1.0,0.0,0.04666666666666667
2018-09-19 19:00:00,1.0,0.0,0.0
2018-09-19 20:00:00,0.99,0.0,0.0
2018-09-19 21:00:00,0.43,0.0,0.0
2018-09-19 22:00:00,0.42,0.0,0.0
2018-09-19 23:00:00,0.34,0.0,0.0
2018-09-20 00:00:00,0.86,0.0,0.0
2018-09-20 01:00:00,1.0,0.0,0.0
2018-09-20 02:00:00,1.0,0.0,0.0
2018-09-20 03:00:00,1.0,0.0,0.0
2018-09-20 04:00:00,1.0,0.0,0.0
2018-09-20 05:00:00,1.0,0.0,0.22333333333333333
2018-09-20 06:00:00,1.0,22.860231,1.0
2018-09-20 07:00:00,1.0,111.07049,1.0
2018-09-20 08:00:00,1.0,296.21014,1.0
2018-09-20 09:00:00,0.95,530.5549,1.0
2018-09-20 10:00:00,0.94,719.6909,1.0
2018-09-20 11:00:00,0.63,821.83997,1.0
2018-09-20 12:00:00,0.39,642.5649,1.0
2018-09-20 13:00:00,0.06,759.8438,1.0
2018-09-20 14:00:00,0.15,587.5009,1.0
2018-09-20 15:00:00,0.39,442.56107,1.0
2018-09-20 16:00:00,0.28,231.0108,1.0
2018-09-20 17:00:00,0.1,49.565117,1.0
2018-09-20 18:00:00,0.0,0.0,0.01972222222222222
2018-09-20 19:00:00,0.0,0.0,0.0
2018-09-20 20:00:00,0.0,0.0,0.0
2018-09-20 21:00:00,0.0,0.0,0.0
2018-09-20 22:00:00,0.0,0.0,0.0
2018-09-20 23:00:00,0.0,0.0,0.0
2018-09-21 00:00:00,0.0,0.0,0.0
2018-09-21 01:00:00,0.0,0.0,0.0
2018-09-21 02:00:00,0.0,0.0,0.0
2018-09-21 03:00:00,0.0,0.0,0.0
2018-09-21 04:00:00,0.0,0.0,0.0
2018-09-21 05:00:00,0.0,0.0,0.2075
2018-09-21 06:00:00,0.01,114.92645,1.0
2018-09-21 07:00:00,0.0,336.67395,1.0
2018-09-21 08:00:00,0.0,551.8848,1.0
2018-09-21 09:00:00,0.0,731.72736,1.0
2018-09-21 10:00:00,0.0,852.20856,1.0
2018-09-21 11:00:00,0.0,903.47174,1.0
2018-09-21 12:00:00,0.08,866.76294,1.0
2018-09-21 13:00:00,0.11,733.7094,1.0
2018-09-21 14:00:00,0.13,598.8439,1.0
2018-09-21 15:00:00,0.15,402.68414,1.0
2018-09-21 16:00:00,0.34,224.4166,1.0
2018-09-21 17:00:00,0.0,44.412773,0.9930555555555556
2018-09-21 18:00:00,0.03,0.0,0.0
2018-09-21 19:00:00,0.0,0.0,0.0
2018-09-21 20:00:00,0.0,0.0,0.0
2018-09-21 21:00:00,0.0,0.0,0.0
2018-09-21 22:00:00,0.0,0.0,0.0
2018-09-21 23:00:00,0.0,0.0,0.0
2018-09-22 00:00:00,0.0,0.0,0.0
2018-09-22 01:00:00,0.0,0.0,0.0
2018-09-22 02:00:00,0.0,0.0,0.0
2018-09-22 03:00:00,0.0,0.0,0.0
2018-09-22 04:00:00,0.0,0.0,0.0
2018-09-22 05:00:00,0.0,0.0,0.19194444444444445
2018-09-22 06:00:00,0.0,119.6012,1.0
2018-09-22 07:00:00,0.0,349.0132,1.0
2018-09-22 08:00:00,0.0,573.1901,1.0
2018-09-22 09:00:00,0.0,754.6481,1.0
2018-09-22 10:00:00,0.0,877.9955,1.0
2018-09-22 11:00:00,0.0,928.98303,1.0
2018-09-22 12:00:00,0.0,905.4308,1.0
2018-09-22 13:00:00,0.14,811.89716,1.0
2018-09-22 14:00:00,0.0,651.2671,1.0
2018-09-22 15:00:00,0.01,449.00623,1.0
2018-09-22 16:00:00,0.0,235.36998,1.0
2018-09-22 17:00:00,0.0,44.243454,0.9661111111111111
2018-09-22 18:00:00,0.0,0.0,0.0
2018-09-22 19:00:00,0.0,0.0,0.0
2018-09-22 20:00:00,0.0,0.0,0.0
2018-09-22 21:00:00,0.0,0.0,0.0
2018-09-22 22:00:00,0.0,0.0,0.0
2018-09-22 23:00:00,0.0,0.0,0.0
2018-09-23 00:00:00,0.0,0.0,0.0
2018-09-23 01:00:00,0.0,0.0,0.0
2018-09-23 02:00:00,0.0,0.0,0.0
2018-09-23 03:00:00,0.0,0.0,0.0
2018-09-23 04:00:00,0.06,0.0,0.0
2018-09-23 05:00:00,0.0,0.0,0.1761111111111111
2018-09-23 06:00:00,0.39,112.696075,1.0
2018-09-23 07:00:00,0.0,340.04147,1.0
2018-09-23 08:00:00,0.0,559.2337,1.0
2018-09-23 09:00:00,0.0,737.37573,1.0
2018-09-23 10:00:00,0.0,857.88586,1.0
2018-09-23 11:00:00,0.51,865.7663,1.0
2018-09-23 12:00:00,0.52,786.9133,1.0
2018-09-23 13:00:00,0.6,730.4212,1.0
2018-09-23 14:00:00,0.31,583.0587,1.0
2018-09-23 15:00:00,0.44,372.83267,1.0
2018-09-23 16:00:00,0.58,185.70389,1.0
2018-09-23 17:00:00,0.11,36.987614,0.9388888888888889
2018-09-23 18:00:00,0.14,0.0,0.0
2018-09-23 19:00:00,0.21,0.0,0.0
2018-09-23 20:00:00,0.23,0.0,0.0
2018-09-23 21:00:00,0.16,0.0,0.0
2018-09-23 22:00:00,0.0,0.0,0.0
2018-09-23 23:00:00,0.01,0.0,0.0
2018-09-24 00:00:00,0.44,0.0,0.0
2018-09-24 01:00:00,0.88,0.0,0.0
2018-09-24 02:00:00,0.99,0.0,0.0
2018-09-24 03:00:00,1.0,0.0,0.0
2018-09-24 04:00:00,1.0,0.0,0.0
2018-09-24 05:00:00,0.99,0.0,0.16027777777777777
2018-09-24 06:00:00,0.73,82.34137,1.0
2018-09-24 07:00:00,0.22,285.87042,1.0
2018-09-24 08:00:00,0.38,472.0863,1.0
2018-09-24 09:00:00,0.32,645.6479,1.0
2018-09-24 10:00:00,0.36,669.68945,1.0
2018-09-24 11:00:00,0.46,670.072,1.0
2018-09-24 12:00:00,0.46,706.59436,1.0
2018-09-24 13:00:00,0.7,558.5498,1.0
2018-09-24 14:00:00,0.66,405.1577,1.0
2018-09-24 15:00:00,0.28,381.85956,1.0
2018-09-24 16:00:00,0.41,182.73476,1.0
2018-09-24 17:00:00,0.27,31.187374,0.9116666666666666
2018-09-24 18:00:00,0.08,0.0,0.0
2018-09-24 19:00:00,0.04,0.0,0.0
2018-09-24 20:00:00,0.0,0.0,0.0
2018-09-24 21:00:00,0.0,0.0,0.0
2018-09-24 22:00:00,0.02,0.0,0.0
2018-09-24 23:00:00,0.04,0.0,0.0
2018-09-25 00:00:00,0.01,0.0,0.0
2018-09-25 01:00:00,0.0,0.0,0.0
2018-09-25 02:00:00,0.0,0.0,0.0
2018-09-25 03:00:00,0.06,0.0,0.0
2018-09-25 04:00:00,0.02,0.0,0.0
2018-09-25 05:00:00,0.01,0.0,0.14444444444444443
2018-09-25 06:00:00,0.66,83.418976,1.0
2018-09-25 07:00:00,0.44,242.9117,1.0
2018-09-25 08:00:00,0.26,432.83292,1.0
2018-09-25 09:00:00,0.36,664.1033,1.0
2018-09-25 10:00:00,0.07,831.13574,1.0
2018-09-25 11:00:00,0.0,903.04297,1.0
2018-09-25 12:00:00,0.0,880.998,1.0
2018-09-25 13:00:00,0.0,780.2185,1.0
2018-09-25 14:00:00,0.01,611.8232,1.0
2018-09-25 15:00:00,0.0,431.98874,1.0
2018-09-25 16:00:00,0.0,214.22809,1.0
2018-09-25 17:00:00,0.14,35.085102,0.8841666666666667
2018-09-25 18:00:00,0.0,0.0,0.0
2018-09-25 19:00:00,0.14,0.0,0.0
2018-09-25 20:00:00,0.15,0.0,0.0
2018-09-25 21:00:00,0.06,0.0,0.0
2018-09-25 22:00:00,0.08,0.0,0.0
2018-09-25 23:00:00,0.27,0.0,0.0
2018-09-26 00:00:00,0.69,0.0,0.0
2018-09-26 01:00:00,0.86,0.0,0.0
2018-09-26 02:00:00,0.81,0.0,0.0
2018-09-26 03:00:00,0.91,0.0,0.0
2018-09-26 04:00:00,0.95,0.0,0.0
2018-09-26 05:00:00,0.92,0.0,0.12861111111111112
2018-09-26 06:00:00,0.96,52.37732,1.0
2018-09-26 07:00:00,0.38,288.6334,1.0
2018-09-26 08:00:00,0.74,522.3838,1.0
2018-09-26 09:00:00,0.0,730.1495,1.0
2018-09-26 10:00:00,0.0,851.4689,1.0
2018-09-26 11:00:00,0.0,892.4498,1.0
2018-09-26 12:00:00,0.0,879.9442,1.0
2018-09-26 13:00:00,0.0,790.4158,1.0
2018-09-26 14:00:00,0.0,636.5858,1.0
2018-09-26 15:00:00,0.0,436.16708,1.0
2018-09-26 16:00:00,0.38,204.02399,1.0
2018-09-26 17:00:00,0.0,33.46142,0.8566666666666667
2018-09-26 18:00:00,0.15,0.0,0.0
2018-09-26 19:00:00,0.1,0.0,0.0
2018-09-26 20:00:00,0.0,0.0,0.0
2018-09-26 21:00:00,0.01,0.0,0.0
2018-09-26 22:00:00,0.04,0.0,0.0
2018-09-26 23:00:00,0.0,0.0,0.0
2018-09-27 00:00:00,0.46,0.0,0.0
2018-09-27 01:00:00,0.75,0.0,0.0
2018-09-27 02:00:00,0.0,0.0,0.0
2018-09-27 03:00:00,0.0,0.0,0.0
2018-09-27 04:00:00,0.0,0.0,0.0
2018-09-27 05:00:00,0.0,0.0,0.1125
2018-09-27 06:00:00,0.01,100.01896,1.0
2018-09-27 07:00:00,0.09,323.80496,1.0
2018-09-27 08:00:00,0.0,538.02734,1.0
2018-09-27 09:00:00,0.0,698.6088,1.0
2018-09-27 10:00:00,0.74,826.93726,1.0
2018-09-27 11:00:00,0.72,859.8519,1.0
2018-09-27 12:00:00,0.91,838.96844,1.0
2018-09-27 13:00:00,0.43,772.0021,1.0
2018-09-27 14:00:00,0.0,621.082,1.0
2018-09-27 15:00:00,0.6,418.8266,1.0
2018-09-27 16:00:00,0.59,202.32327,1.0
2018-09-27 17:00:00,0.4,29.627565,0.8294444444444444
2018-09-27 18:00:00,0.0,0.0,0.0
2018-09-27 19:00:00,0.0,0.0,0.0
2018-09-27 20:00:00,0.0,0.0,0.0
2018-09-27 21:00:00,0.0,0.0,0.0
2018-09-27 22:00:00,0.0,0.0,0.0
2018-09-27 23:00:00,0.0,0.0,0.0
2018-09-28 00:00:00,0.0,0.0,0.0
2018-09-28 01:00:00,0.0,0.0,0.0
2018-09-28 02:00:00,0.03,0.0,0.0
2018-09-28 03:00:00,0.26,0.0,0.0
2018-09-28 04:00:00,0.69,0.0,0.0
2018-09-28 05:00:00,1.0,0.0,0.09666666666666666
2018-09-28 06:00:00,1.0,48.399834,1.0
2018-09-28 07:00:00,1.0,138.64241,1.0
2018-09-28 08:00:00,1.0,304.22998,1.0
2018-09-28 09:00:00,1.0,374.02692,1.0
2018-09-28 10:00:00,1.0,444.6303,1.0
2018-09-28 11:00:00,1.0,494.37534,1.0
2018-09-28 12:00:00,1.0,535.0212,1.0
2018-09-28 13:00:00,0.87,655.8675,1.0
2018-09-28 14:00:00,0.02,591.6299,1.0
2018-09-28 15:00:00,0.0,412.58112,1.0
2018-09-28 16:00:00,0.0,196.8048,1.0
2018-09-28 17:00:00,0.0,27.244644,0.8019444444444445
2018-09-28 18:00:00,0.05,0.0,0.0
2018-09-28 19:00:00,0.05,0.0,0.0
2018-09-28 20:00:00,0.0,0.0,0.0
2018-09-28 21:00:00,0.2,0.0,0.0
2018-09-28 22:00:00,0.66,0.0,0.0
2018-09-28 23:00:00,0.52,0.0,0.0
2018-09-29 00:00:00,1.0,0.0,0.0
2018-09-29 01:00:00,0.89,0.0,0.0
2018-09-29 02:00:00,0.95,0.0,0.0
2018-09-29 03:00:00,0.93,0.0,0.0
2018-09-29 04:00:00,1.0,0.0,0.0
2018-09-29 05:00:00,1.0,0.0,0.08055555555555556
2018-09-29 06:00:00,1.0,64.90001,1.0
2018-09-29 07:00:00,1.0,216.44751,1.0
2018-09-29 08:00:00,1.0,413.98074,1.0
2018-09-29 09:00:00,1.0,584.71985,1.0
2018-09-29 10:00:00,1.0,733.0502,1.0
2018-09-29 11:00:00,1.0,641.6016,1.0
2018-09-29 12:00:00,1.0,579.28485,1.0
2018-09-29 13:00:00,0.96,623.14264,1.0
2018-09-29 14:00:00,0.74,562.0868,1.0
2018-09-29 15:00:00,0.83,399.78714,1.0
2018-09-29 16:00:00,0.86,182.4682,1.0
2018-09-29 17:00:00,0.88,24.848175,0.7744444444444445
2018-09-29 18:00:00,0.77,0.0,0.0
2018-09-29 19:00:00,0.46,0.0,0.0
2018-09-29 20:00:00,0.2,0.0,0.0
2018-09-29 21:00:00,0.08,0.0,0.0
2018-09-29 22:00:00,0.01,0.0,0.0
2018-09-29 23:00:00,0.01,0.0,0.0
2018-09-30 00:00:00,0.62,0.0,0.0
2018-09-30 01:00:00,0.57,0.0,0.0
2018-09-30 02:00:00,0.65,0.0,0.0
2018-09-30 03:00:00,0.32,0.0,0.0
2018-09-30 04:00:00,0.0,0.0,0.0
2018-09-30 05:00:00,0.0,0.0,0.06444444444444444
2018-09-30 06:00:00,1.0,52.671795,1.0
2018-09-30 07:00:00,1.0,138.55731,1.0
2018-09-30 08:00:00,1.0,302.28528,1.0
2018-09-30 09:00:00,1.0,430.87823,1.0
2018-09-30 10:00:00,1.0,533.00226,1.0
2018-09-30 11:00:00,0.95,743.0128,1.0
2018-09-30 12:00:00,0.7,824.5027,1.0
2018-09-30 13:00:00,0.66,746.003,1.0
2018-09-30 14:00:00,0.64,589.34607,1.0
2018-09-30 15:00:00,0.61,381.89142,1.0
2018-09-30 16:00:00,0.65,178.84935,1.0
2018-09-30 17:00:00,0.06,22.437004,0.7469444444444444
2018-09-30 18:00:00,0.0,0.0,0.0
2018-09-30 19:00:00,0.0,0.0,0.0
2018-09-30 20:00:00,0.0,0.0,0.0
2018-09-30 21:00:00,0.81,0.0,0.0
2018-09-30 22:00:00,0.98,0.0,0.0
2018-09-30 23:00:00,1.0,0.0,0.0
2018-10-01 00:00:00,1.0,0.0,0.0
2018-10-01 01:00:00,0.98,0.0,0.0
2018-10-01 02:00:00,1.0,0.0,0.0
2018-10-01 03:00:00,1.0,0.0,0.0
2018-10-01 04:00:00,1.0,0.0,0.0
2018-10-01 05:00:00,1.0,0.0,0.04833333333333333
2018-10-01 06:00:00,1.0,31.899393,1.0
2018-10-01 07:00:00,1.0,91.33243,1.0
2018-10-01 08:00:00,1.0,209.56566,1.0
2018-10-01 09:00:00,1.0,371.06833,1.0
2018-10-01 10:00:00,1.0,480.2191,1.0
2018-10-01 11:00:00,1.0,432.18283,1.0
2018-10-01 12:00:00,0.99,334.3122,1.0
2018-10-01 13:00:00,1.0,369.18402,1.0
2018-10-01 14:00:00,0.98,280.27094,1.0
2018-10-01 15:00:00,0.91,165.87321,1.0
2018-10-01 16:00:00,0.89,85.5642,1.0
2018-10-01 17:00:00,0.78,11.970653,0.7197222222222223
2018-10-01 18:00:00,0.32,0.0,0.0
2018-10-01 19:00:00,0.03,0.0,0.0
2018-10-01 20:00:00,0.36,0.0,0.0
2018-10-01 21:00:00,0.9,0.0,0.0
2018-10-01 22:00:00,1.0,0.0,0.0
2018-10-01 23:00:00,1.0,0.0,0.0
2018-10-02 00:00:00,1.0,0.0,0.0
2018-10-02 01:00:00,1.0,0.0,0.0
2018-10-02 02:00:00,0.99,0.0,0.0
2018-10-02 03:00:00,0.98,0.0,0.0
2018-10-02 04:00:00,0.48,0.0,0.0
2018-10-02 05:00:00,0.34,0.0,0.03194444444444444
2018-10-02 06:00:00,0.86,57.505272,1.0
2018-10-02 07:00:00,0.97,144.66096,1.0
2018-10-02 08:00:00,1.0,127.943275,1.0
2018-10-02 09:00:00,1.0,319.55176,1.0
2018-10-02 10:00:00,0.99,339.03467,1.0
2018-10-02 11:00:00,0.95,442.11172,1.0
2018-10-02 12:00:00,0.91,505.22803,1.0
2018-10-02 13:00:00,0.62,601.0507,1.0
2018-10-02 14:00:00,0.57,421.78152,1.0
2018-10-02 15:00:00,0.45,297.11554,1.0
2018-10-02 16:00:00,0.5,129.67381,1.0
2018-10-02 17:00:00,0.95,10.23852,0.6925
2018-10-02 18:00:00,0.53,0.0,0.0
2018-10-02 19:00:00,0.3,0.0,0.0
2018-10-02 20:00:00,0.01,0.0,0.0
2018-10-02 21:00:00,0.01,0.0,0.0
2018-10-02 22:00:00,0.0,0.0,0.0
2018-10-02 23:00:00,0.0,0.0,0.0
2018-10-03 00:00:00,0.01,0.0,0.0
2018-10-03 01:00:00,0.01,0.0,0.0
2018-10-03 02:00:00,0.01,0.0,0.0
2018-10-03 03:00:00,0.0,0.0,0.0
2018-10-03 04:00:00,0.0,0.0,0.0
2018-10-03 05:00:00,0.0,0.0,0.015833333333333335
2018-10-03 06:00:00,0.0,82.22063,1.0
2018-10-03 07:00:00,0.0,299.70456,1.0
2018-10-03 08:00:00,0.0,500.30588,1.0
2018-10-03 09:00:00,0.0,673.56995,1.0
2018-10-03 10:00:00,0.0,808.2691,1.0
2018-10-03 11:00:00,0.0,858.3937,1.0
2018-10-03 12:00:00,0.19,831.5227,1.0
2018-10-03 13:00:00,0.09,727.1618,1.0
2018-10-03 14:00:00,0.36,496.5872,1.0
2018-10-03 15:00:00,0.42,342.77573,1.0
2018-10-03 16:00:00,0.28,151.04901,1.0
2018-10-03 17:00:00,0.24,17.627934,0.6655555555555556
2018-10-03 18:00:00,0.4,0.0,0.0
2018-10-03 19:00:00,0.58,0.0,0.0
2018-10-03 20:00:00,0.35,0.0,0.0
2018-10-03 21:00:00,0.55,0.0,0.0
2018-10-03 22:00:00,0.78,0.0,0.0
2018-10-03 23:00:00,0.82,0.0,0.0
2018-10-04 00:00:00,1.0,0.0,0.0
2018-10-04 01:00:00,0.42,0.0,0.0
2018-10-04 02:00:00,0.99,0.0,0.0
2018-10-04 03:00:00,0.54,0.0,0.0
2018-10-04 04:00:00,0.23,0.0,0.0
2018-10-04 05:00:00,0.56,0.0,0.0
2018-10-04 06:00:00,0.11,57.924465,0.9994444444444445
2018-10-04 07:00:00,0.22,208.45189,1.0
2018-10-04 08:00:00,0.33,393.62253,1.0
2018-10-04 09:00:00,0.11,624.39075,1.0
2018-10-04 10:00:00,0.0,748.9716,1.0
2018-10-04 11:00:00,0.09,773.85913,1.0
2018-10-04 12:00:00,0.51,673.8616,1.0
2018-10-04 13:00:00,0.68,524.30316,1.0
2018-10-04 14:00:00,0.27,504.49704,1.0
2018-10-04 15:00:00,0.08,362.03998,1.0
2018-10-04 16:00:00,0.05,163.58913,1.0
2018-10-04 17:00:00,0.09,15.152252,0.6386111111111111
2018-10-04 18:00:00,0.02,0.0,0.0
2018-10-04 19:00:00,0.01,0.0,0.0
2018-10-04 20:00:00,0.0,0.0,0.0
2018-10-04 21:00:00,0.01,0.0,0.0
2018-10-04 22:00:00,0.0,0.0,0.0
2018-10-04 23:00:00,0.0,0.0,0.0
2018-10-05 00:00:00,0.0,0.0,0.0
2018-10-05 01:00:00,0.0,0.0,0.0
2018-10-05 02:00:00,0.01,0.0,0.0
2018-10-05 03:00:00,0.01,0.0,0.0
2018-10-05 04:00:00,0.0,0.0,0.0
2018-10-05 05:00:00,0.0,0.0,0.0
2018-10-05 06:00:00,0.0,80.06355,0.9830555555555556
2018-10-05 07:00:00,0.0,297.22052,1.0
2018-10-05 08:00:00,0.0,517.16034,1.0
2018-10-05 09:00:00,0.0,704.2696,1.0
2018-10-05 10:00:00,0.76,770.22894,1.0
2018-10-05 11:00:00,0.33,794.4477,1.0
2018-10-05 12:00:00,0.43,593.6091,1.0
2018-10-05 13:00:00,0.53,547.53033,1.0
2018-10-05 14:00:00,0.73,365.03787,1.0
2018-10-05 15:00:00,0.42,167.52579,1.0
2018-10-05 16:00:00,0.96,65.96374,1.0
2018-10-05 17:00:00,0.99,2.981769,0.6119444444444444
2018-10-05 18:00:00,1.0,0.0,0.0
2018-10-05 19:00:00,1.0,0.0,0.0
2018-10-05 20:00:00,1.0,0.0,0.0
2018-10-05 21:00:00,1.0,0.0,0.0
2018-10-05 22:00:00,1.0,0.0,0.0
2018-10-05 23:00:00,0.99,0.0,0.0
2018-10-06 00:00:00,0.99,0.0,0.0
2018-10-06 01:00:00,0.98,0.0,0.0
2018-10-06 02:00:00,0.99,0.0,0.0
2018-10-06 03:00:00,1.0,0.0,0.0
2018-10-06 04:00:00,0.99,0.0,0.0
2018-10-06 05:00:00,1.0,0.0,0.0
2018-10-06 06:00:00,1.0,9.939231,0.9663888888888889
2018-10-06 07:00:00,1.0,67.66741,1.0
2018-10-06 08:00:00,1.0,157.91467,1.0
2018-10-06 09:00:00,1.0,302.782,1.0
2018-10-06 10:00:00,1.0,316.1898,1.0
2018-10-06 11:00:00,0.99,415.57562,1.0
2018-10-06 12:00:00,0.97,513.58417,1.0
2018-10-06 13:00:00,0.99,536.217,1.0
2018-10-06 14:00:00,0.92,350.2142,1.0
2018-10-06 15:00:00,0.9,240.88261,1.0
2018-10-06 16:00:00,1.0,53.67185,1.0
2018-10-06 17:00:00,0.99,3.9756923,0.5855555555555556
2018-10-06 18:00:00,0.44,0.0,0.0
2018-10-06 19:00:00,0.34,0.0,0.0
2018-10-06 20:00:00,0.02,0.0,0.0
2018-10-06 21:00:00,0.97,0.0,0.0
2018-10-06 22:00:00,0.29,0.0,0.0
2018-10-06 23:00:00,0.31,0.0,0.0
2018-10-07 00:00:00,0.51,0.0,0.0
2018-10-07 01:00:00,0.37,0.0,0.0
2018-10-07 02:00:00,0.63,0.0,0.0
2018-10-07 03:00:00,0.6,0.0,0.0
2018-10-07 04:00:00,0.81,0.0,0.0
2018-10-07 05:00:00,0.27,0.0,0.0
2018-10-07 06:00:00,0.39,61.54424,0.95
2018-10-07 07:00:00,0.75,190.33922,1.0
2018-10-07 08:00:00,1.0,357.3209,1.0
2018-10-07 09:00:00,1.0,455.35474,1.0
2018-10-07 10:00:00,1.0,568.9824,1.0
2018-10-07 11:00:00,1.0,552.976,1.0
2018-10-07 12:00:00,0.84,648.1278,1.0
2018-10-07 13:00:00,0.57,660.04114,1.0
2018-10-07 14:00:00,0.44,520.41254,1.0
2018-10-07 15:00:00,0.22,269.70255,1.0
2018-10-07 16:00:00,1.0,36.775154,1.0
2018-10-07 17:00:00,1.0,1.9878461,0.5594444444444444
2018-10-07 18:00:00,1.0,0.0,0.0
2018-10-07 19:00:00,1.0,0.0,0.0
2018-10-07 20:00:00,1.0,0.0,0.0
2018-10-07 21:00:00,1.0,0.0,0.0
2018-10-07 22:00:00,1.0,0.0,0.0
2018-10-07 23:00:00,1.0,0.0,0.0
2018-10-08 00:00:00,1.0,0.0,0.0
2018-10-08 01:00:00,1.0,0.0,0.0
2018-10-08 02:00:00,1.0,0.0,0.0
2018-10-08 03:00:00,1.0,0.0,0.0
2018-10-08 04:00:00,1.0,0.0,0.0
2018-10-08 05:00:00,1.0,0.0,0.0
2018-10-08 06:00:00,1.0,5.963538,0.9333333333333333
2018-10-08 07:00:00,1.0,26.835924,1.0
2018-10-08 08:00:00,1.0,65.471886,1.0
2018-10-08 09:00:00,1.0,81.50169,1.0
2018-10-08 10:00:00,1.0,101.38016,1.0
2018-10-08 11:00:00,0.99,176.9183,1.0
2018-10-08 12:00:00,1.0,174.93047,1.0
2018-10-08 13:00:00,1.0,173.93654,1.0
2018-10-08 14:00:00,1.0,117.28292,1.0
2018-10-08 15:00:00,1.0,122.07957,1.0
2018-10-08 16:00:00,1.0,34.787308,1.0
2018-10-08 17:00:00,1.0,1.9878461,0.5336111111111111
2018-10-08 18:00:00,1.0,0.0,0.0
2018-10-08 19:00:00,1.0,0.0,0.0
2018-10-08 20:00:00,0.97,0.0,0.0
2018-10-08 21:00:00,0.97,0.0,0.0
2018-10-08 22:00:00,0.91,0.0,0.0
2018-10-08 23:00:00,0.94,0.0,0.0
2018-10-09 00:00:00,0.98,0.0,0.0
2018-10-09 01:00:00,1.0,0.0,0.0
2018-10-09 02:00:00,1.0,0.0,0.0
2018-10-09 03:00:00,1.0,0.0,0.0
2018-10-09 04:00:00,1.0,0.0,0.0
2018-10-09 05:00:00,1.0,0.0,0.0
2018-10-09 06:00:00,1.0,6.9574614,0.9166666666666666
2018-10-09 07:00:00,1.0,41.518597,1.0
2018-10-09 08:00:00,1.0,100.830894,1.0
2018-10-09 09:00:00,1.0,87.46523,1.0
2018-10-09 10:00:00,1.0,153.64537,1.0
2018-10-09 11:00:00,1.0,184.744,1.0
2018-10-09 12:00:00,1.0,185.65527,1.0
2018-10-09 13:00:00,1.0,191.54073,1.0
2018-10-09 14:00:00,1.0,180.02193,1.0
2018-10-09 15:00:00,1.0,142.72046,1.0
2018-10-09 16:00:00,1.0,55.993896,1.0
2018-10-09 17:00:00,1.0,2.981769,0.5080555555555556
2018-10-09 18:00:00,1.0,0.0,0.0
2018-10-09 19:00:00,1.0,0.0,0.0
2018-10-09 20:00:00,1.0,0.0,0.0
2018-10-09 21:00:00,1.0,0.0,0.0
2018-10-09 22:00:00,1.0,0.0,0.0
2018-10-09 23:00:00,1.0,0.0,0.0
2018-10-10 00:00:00,1.0,0.0,0.0
2018-10-10 01:00:00,1.0,0.0,0.0
2018-10-10 02:00:00,1.0,0.0,0.0
2018-10-10 03:00:00,1.0,0.0,0.0
2018-10-10 04:00:00,0.99,0.0,0.0
2018-10-10 05:00:00,1.0,0.0,0.0
2018-10-10 06:00:00,1.0,7.9513845,0.8997222222222222
2018-10-10 07:00:00,0.99,39.756924,1.0
2018-10-10 08:00:00,0.98,119.48119,1.0
2018-10-10 09:00:00,0.98,242.99051,1.0
2018-10-10 10:00:00,0.99,251.03226,1.0
2018-10-10 11:00:00,0.97,258.96533,1.0
2018-10-10 12:00:00,0.99,360.53592,1.0
2018-10-10 13:00:00,0.97,334.4272,1.0
2018-10-10 14:00:00,1.0,199.54546,1.0
2018-10-10 15:00:00,1.0,108.26602,1.0
2018-10-10 16:00:00,1.0,57.8601,1.0
2018-10-10 17:00:00,1.0,2.981769,0.48305555555555557
2018-10-10 18:00:00,1.0,0.0,0.0
2018-10-10 19:00:00,1.0,0.0,0.0
2018-10-10 20:00:00,1.0,0.0,0.0
2018-10-10 21:00:00,1.0,0.0,0.0
2018-10-10 22:00:00,1.0,0.0,0.0
2018-10-10 23:00:00,1.0,0.0,0.0
2018-10-11 00:00:00,1.0,0.0,0.0
2018-10-11 01:00:00,1.0,0.0,0.0
2018-10-11 02:00:00,1.0,0.0,0.0
2018-10-11 03:00:00,1.0,0.0,0.0
2018-10-11 04:00:00,0.82,0.0,0.0
2018-10-11 05:00:00,0.71,0.0,0.0
2018-10-11 06:00:00,0.95,18.271797,0.8830555555555556
2018-10-11 07:00:00,0.99,50.69008,1.0
2018-10-11 08:00:00,1.0,98.24253,1.0
2018-10-11 09:00:00,0.96,384.20422,1.0
2018-10-11 10:00:00,0.93,543.88336,1.0
2018-10-11 11:00:00,1.0,673.832,1.0
2018-10-11 12:00:00,0.25,733.0795,1.0
2018-10-11 13:00:00,0.76,605.43207,1.0
2018-10-11 14:00:00,0.45,462.10736,1.0
2018-10-11 15:00:00,0.86,251.88124,1.0
2018-10-11 16:00:00,0.89,74.46619,1.0
2018-10-11 17:00:00,0.69,3.8258178,0.45805555555555555
2018-10-11 18:00:00,0.36,0.0,0.0
2018-10-11 19:00:00,0.05,0.0,0.0
2018-10-11 20:00:00,0.01,0.0,0.0
2018-10-11 21:00:00,0.06,0.0,0.0
2018-10-11 22:00:00,0.24,0.0,0.0
2018-10-11 23:00:00,0.17,0.0,0.0
2018-10-12 00:00:00,0.02,0.0,0.0
2018-10-12 01:00:00,0.26,0.0,0.0
2018-10-12 02:00:00,0.95,0.0,0.0
2018-10-12 03:00:00,0.94,0.0,0.0
2018-10-12 04:00:00,0.89,0.0,0.0
2018-10-12 05:00:00,0.84,0.0,0.0
2018-10-12 06:00:00,0.75,41.83789,0.8658333333333333
2018-10-12 07:00:00,0.37,185.88931,1.0
2018-10-12 08:00:00,0.37,384.79938,1.0
2018-10-12 09:00:00,0.22,576.2989,1.0
2018-10-12 10:00:00,0.09,732.1115,1.0
2018-10-12 11:00:00,0.06,794.3049,1.0
2018-10-12 12:00:00,0.01,801.9763,1.0
2018-10-12 13:00:00,0.0,711.4423,1.0
2018-10-12 14:00:00,0.0,554.07776,1.0
2018-10-12 15:00:00,0.0,350.6932,1.0
2018-10-12 16:00:00,0.0,134.14754,1.0
2018-10-12 17:00:00,0.0,6.5484734,0.4330555555555556
2018-10-12 18:00:00,0.0,0.0,0.0
2018-10-12 19:00:00,0.0,0.0,0.0
2018-10-12 20:00:00,0.0,0.0,0.0
2018-10-12 21:00:00,0.0,0.0,0.0
2018-10-12 22:00:00,0.0,0.0,0.0
2018-10-12 23:00:00,0.0,0.0,0.0
2018-10-13 00:00:00,0.0,0.0,0.0
2018-10-13 01:00:00,0.0,0.0,0.0
2018-10-13 02:00:00,0.0,0.0,0.0
2018-10-13 03:00:00,0.0,0.0,0.0
2018-10-13 04:00:00,0.01,0.0,0.0
2018-10-13 05:00:00,0.02,0.0,0.0
2018-10-13 06:00:00,0.05,60.25672,0.8488888888888889
2018-10-13 07:00:00,0.06,275.30316,1.0
2018-10-13 08:00:00,0.06,492.57742,1.0
2018-10-13 09:00:00,0.02,669.06384,1.0
2018-10-13 10:00:00,0.02,783.6828,1.0
2018-10-13 11:00:00,0.01,829.66376,1.0
2018-10-13 12:00:00,0.01,801.89825,1.0
2018-10-13 13:00:00,0.0,700.49146,1.0
2018-10-13 14:00:00,0.0,539.4868,1.0
2018-10-13 15:00:00,0.0,337.1829,1.0
2018-10-13 16:00:00,0.0,126.29688,1.0
2018-10-13 17:00:00,0.0,4.726795,0.4083333333333333
2018-10-13 18:00:00,0.01,0.0,0.0
2018-10-13 19:00:00,0.48,0.0,0.0
2018-10-13 20:00:00,1.0,0.0,0.0
2018-10-13 21:00:00,1.0,0.0,0.0
2018-10-13 22:00:00,1.0,0.0,0.0
2018-10-13 23:00:00,0.99,0.0,0.0
2018-10-14 00:00:00,0.99,0.0,0.0
2018-10-14 01:00:00,0.97,0.0,0.0
2018-10-14 02:00:00,0.99,0.0,0.0
2018-10-14 03:00:00,1.0,0.0,0.0
2018-10-14 04:00:00,0.99,0.0,0.0
2018-10-14 05:00:00,0.99,0.0,0.0
2018-10-14 06:00:00,0.99,3.9756923,0.8316666666666667
2018-10-14 07:00:00,1.0,42.17629,1.0
2018-10-14 08:00:00,1.0,105.42345,1.0
2018-10-14 09:00:00,1.0,158.46849,1.0
2018-10-14 10:00:00,1.0,267.89746,1.0
2018-10-14 11:00:00,1.0,326.96588,1.0
2018-10-14 12:00:00,1.0,537.78253,1.0
2018-10-14 13:00:00,0.97,499.06036,1.0
2018-10-14 14:00:00,0.97,424.89484,1.0
2018-10-14 15:00:00,0.93,251.92612,1.0
2018-10-14 16:00:00,0.94,90.08078,1.0
2018-10-14 17:00:00,0.89,2.87682,0.3836111111111111
2018-10-14 18:00:00,0.83,0.0,0.0
2018-10-14 19:00:00,1.0,0.0,0.0
2018-10-14 20:00:00,0.68,0.0,0.0
2018-10-14 21:00:00,0.19,0.0,0.0
2018-10-14 22:00:00,0.0,0.0,0.0
2018-10-14 23:00:00,0.01,0.0,0.0
2018-10-15 00:00:00,0.0,0.0,0.0
2018-10-15 01:00:00,0.0,0.0,0.0
2018-10-15 02:00:00,0.01,0.0,0.0
2018-10-15 03:00:00,0.01,0.0,0.0
2018-10-15 04:00:00,0.01,0.0,0.0
2018-10-15 05:00:00,0.01,0.0,0.0
2018-10-15 06:00:00,0.0,59.69488,0.8141666666666667
2018-10-15 07:00:00,0.0,287.61417,1.0
2018-10-15 08:00:00,0.0,517.7778,1.0
2018-10-15 09:00:00,0.0,705.6458,1.0
2018-10-15 10:00:00,0.0,827.2486,1.0
2018-10-15 11:00:00,0.0,874.72156,1.0
2018-10-15 12:00:00,0.0,845.1915,1.0
2018-10-15 13:00:00,0.0,740.2115,1.0
2018-10-15 14:00:00,0.0,571.14374,1.0
2018-10-15 15:00:00,0.0,356.1439,1.0
2018-10-15 16:00:00,0.0,128.84282,1.0
2018-10-15 17:00:00,0.0,3.8023148,0.35888888888888887
2018-10-15 18:00:00,0.0,0.0,0.0
2018-10-15 19:00:00,0.0,0.0,0.0
2018-10-15 20:00:00,0.0,0.0,0.0
2018-10-15 21:00:00,0.0,0.0,0.0
2018-10-15 22:00:00,0.0,0.0,0.0
2018-10-15 23:00:00,0.0,0.0,0.0
2018-10-16 00:00:00,0.0,0.0,0.0
2018-10-16 01:00:00,0.0,0.0,0.0
2018-10-16 02:00:00,0.0,0.0,0.0
2018-10-16 03:00:00,0.0,0.0,0.0
2018-10-16 04:00:00,0.0,0.0,0.0
2018-10-16 05:00:00,0.0,0.0,0.0
2018-10-16 06:00:00,0.08,51.544373,0.7966666666666666
2018-10-16 07:00:00,0.07,262.90277,1.0
2018-10-16 08:00:00,0.05,483.5801,1.0
2018-10-16 09:00:00,0.0,663.5119,1.0
2018-10-16 10:00:00,0.0,779.46783,1.0
2018-10-16 11:00:00,0.0,824.4244,1.0
2018-10-16 12:00:00,0.0,794.38586,1.0
2018-10-16 13:00:00,0.0,693.415,1.0
2018-10-16 14:00:00,0.0,531.4942,1.0
2018-10-16 15:00:00,0.0,326.8906,1.0
2018-10-16 16:00:00,0.0,114.45777,1.0
2018-10-16 17:00:00,0.0,2.9153938,0.33416666666666667
2018-10-16 18:00:00,0.0,0.0,0.0
2018-10-16 19:00:00,0.0,0.0,0.0
2018-10-16 20:00:00,0.0,0.0,0.0
2018-10-16 21:00:00,0.0,0.0,0.0
2018-10-16 22:00:00,0.0,0.0,0.0
2018-10-16 23:00:00,0.11,0.0,0.0
2018-10-17 00:00:00,0.07,0.0,0.0
2018-10-17 01:00:00,0.02,0.0,0.0
2018-10-17 02:00:00,0.08,0.0,0.0
2018-10-17 03:00:00,0.08,0.0,0.0
2018-10-17 04:00:00,0.02,0.0,0.0
2018-10-17 05:00:00,0.01,0.0,0.0
2018-10-17 06:00:00,0.07,47.149086,0.7791666666666667
2018-10-17 07:00:00,0.04,250.94629,1.0
2018-10-17 08:00:00,0.09,462.44257,1.0
2018-10-17 09:00:00,0.4,609.2223,1.0
2018-10-17 10:00:00,0.66,543.2229,1.0
2018-10-17 11:00:00,0.58,590.3477,1.0
2018-10-17 12:00:00,0.19,680.6879,1.0
2018-10-17 13:00:00,0.83,398.3961,1.0
2018-10-17 14:00:00,0.96,297.77884,1.0
2018-10-17 15:00:00,0.87,93.00327,1.0
2018-10-17 16:00:00,0.59,54.590034,1.0
2018-10-17 17:00:00,0.57,1.9878461,0.30972222222222223
2018-10-17 18:00:00,0.11,0.0,0.0
2018-10-17 19:00:00,0.06,0.0,0.0
2018-10-17 20:00:00,0.07,0.0,0.0
2018-10-17 21:00:00,0.06,0.0,0.0
2018-10-17 22:00:00,0.05,0.0,0.0
2018-10-17 23:00:00,0.01,0.0,0.0
2018-10-18 00:00:00,0.0,0.0,0.0
2018-10-18 01:00:00,0.01,0.0,0.0
2018-10-18 02:00:00,0.09,0.0,0.0
2018-10-18 03:00:00,0.24,0.0,0.0
2018-10-18 04:00:00,0.16,0.0,0.0
2018-10-18 05:00:00,0.26,0.0,0.0
2018-10-18 06:00:00,0.01,45.68479,0.7616666666666667
2018-10-18 07:00:00,0.02,251.00005,1.0
2018-10-18 08:00:00,0.02,462.27383,1.0
2018-10-18 09:00:00,0.02,626.904,1.0
2018-10-18 10:00:00,0.02,746.5998,1.0
2018-10-18 11:00:00,0.02,731.88983,1.0
2018-10-18 12:00:00,0.11,719.5842,1.0
2018-10-18 13:00:00,0.2,654.00635,1.0
2018-10-18 14:00:00,0.45,487.64294,1.0
2018-10-18 15:00:00,0.22,300.9285,1.0
2018-10-18 16:00:00,0.12,97.23981,1.0
2018-10-18 17:00:00,0.28,0.99392307,0.28555555555555556
2018-10-18 18:00:00,0.39,0.0,0.0
2018-10-18 19:00:00,0.47,0.0,0.0
2018-10-18 20:00:00,0.57,0.0,0.0
2018-10-18 21:00:00,0.55,0.0,0.0
2018-10-18 22:00:00,0.23,0.0,0.0
2018-10-18 23:00:00,0.43,0.0,0.0
2018-10-19 00:00:00,0.68,0.0,0.0
2018-10-19 01:00:00,0.53,0.0,0.0
2018-10-19 02:00:00,0.03,0.0,0.0
2018-10-19 03:00:00,0.04,0.0,0.0
2018-10-19 04:00:00,0.06,0.0,0.0
2018-10-19 05:00:00,0.05,0.0,0.0
2018-10-19 06:00:00,0.46,37.92364,0.7438888888888889
2018-10-19 07:00:00,0.36,209.74966,1.0
2018-10-19 08:00:00,0.14,396.40753,1.0
2018-10-19 09:00:00,0.05,604.66614,1.0
2018-10-19 10:00:00,0.0,746.15576,1.0
2018-10-19 11:00:00,0.0,793.09314,1.0
2018-10-19 12:00:00,0.0,766.5518,1.0
2018-10-19 13:00:00,0.0,671.223,1.0
2018-10-19 14:00:00,0.0,514.23303,1.0
2018-10-19 15:00:00,0.0,312.45935,1.0
2018-10-19 16:00:00,0.0,103.562614,1.0
2018-10-19 17:00:00,0.0,0.0,0.2613888888888889
2018-10-19 18:00:00,0.0,0.0,0.0
2018-10-19 19:00:00,0.0,0.0,0.0
2018-10-19 20:00:00,0.0,0.0,0.0
2018-10-19 21:00:00,0.0,0.0,0.0
2018-10-19 22:00:00,0.0,0.0,0.0
2018-10-19 23:00:00,0.0,0.0,0.0
2018-10-20 00:00:00,0.0,0.0,0.0
2018-10-20 01:00:00,0.0,0.0,0.0
2018-10-20 02:00:00,0.0,0.0,0.0
2018-10-20 03:00:00,0.0,0.0,0.0
2018-10-20 04:00:00,0.0,0.0,0.0
2018-10-20 05:00:00,0.0,0.0,0.0
2018-10-20 06:00:00,0.0,42.747433,0.7261111111111112
2018-10-20 07:00:00,0.0,249.33719,1.0
2018-10-20 08:00:00,0.0,462.53418,1.0
2018-10-20 09:00:00,0.0,634.35333,1.0
2018-10-20 10:00:00,0.0,747.1688,1.0
2018-10-20 11:00:00,0.0,790.2375,1.0
2018-10-20 12:00:00,0.0,762.49146,1.0
2018-10-20 13:00:00,0.0,664.6318,1.0
2018-10-20 14:00:00,0.0,507.7464,1.0
2018-10-20 15:00:00,0.0,307.81937,1.0
2018-10-20 16:00:00,0.0,99.91524,1.0
2018-10-20 17:00:00,0.0,0.0,0.2375
2018-10-20 18:00:00,0.0,0.0,0.0
2018-10-20 19:00:00,0.0,0.0,0.0
2018-10-20 20:00:00,0.0,0.0,0.0
2018-10-20 21:00:00,0.0,0.0,0.0
2018-10-20 22:00:00,0.0,0.0,0.0
2018-10-20 23:00:00,0.0,0.0,0.0
2018-10-21 00:00:00,0.0,0.0,0.0
2018-10-21 01:00:00,0.0,0.0,0.0
2018-10-21 02:00:00,0.0,0.0,0.0
2018-10-21 03:00:00,0.0,0.0,0.0
2018-10-21 04:00:00,0.0,0.0,0.0
2018-10-21 05:00:00,0.0,0.0,0.0
2018-10-21 06:00:00,0.69,34.521297,0.7080555555555555
2018-10-21 07:00:00,0.68,206.642,1.0
2018-10-21 08:00:00,0.24,447.65234,1.0
2018-10-21 09:00:00,0.56,613.65967,1.0
2018-10-21 10:00:00,0.29,736.18365,1.0
2018-10-21 11:00:00,0.0,784.38354,1.0
2018-10-21 12:00:00,0.0,754.51965,1.0
2018-10-21 13:00:00,0.0,656.5133,1.0
2018-10-21 14:00:00,0.01,496.14862,1.0
2018-10-21 15:00:00,0.01,297.4457,1.0
2018-10-21 16:00:00,0.0,95.09904,1.0
2018-10-21 17:00:00,0.0,0.0,0.21388888888888888
2018-10-21 18:00:00,0.25,0.0,0.0
2018-10-21 19:00:00,0.2,0.0,0.0
2018-10-21 20:00:00,0.09,0.0,0.0
2018-10-21 21:00:00,0.26,0.0,0.0
2018-10-21 22:00:00,0.13,0.0,0.0
2018-10-21 23:00:00,0.33,0.0,0.0
2018-10-22 00:00:00,0.76,0.0,0.0
2018-10-22 01:00:00,0.19,0.0,0.0
2018-10-22 02:00:00,0.5,0.0,0.0
2018-10-22 03:00:00,0.79,0.0,0.0
2018-10-22 04:00:00,0.69,0.0,0.0
2018-10-22 05:00:00,0.8,0.0,0.0
2018-10-22 06:00:00,0.49,33.93579,0.6902777777777778
2018-10-22 07:00:00,0.85,213.55731,1.0
2018-10-22 08:00:00,0.01,443.60437,1.0
2018-10-22 09:00:00,0.71,596.2828,1.0
2018-10-22 10:00:00,0.34,726.18896,1.0
2018-10-22 11:00:00,0.03,759.0772,1.0
2018-10-22 12:00:00,0.31,671.3092,1.0
2018-10-22 13:00:00,0.41,512.98376,1.0
2018-10-22 14:00:00,0.49,345.0215,1.0
2018-10-22 15:00:00,0.59,215.6001,1.0
2018-10-22 16:00:00,0.73,69.315254,1.0
2018-10-22 17:00:00,0.85,0.0,0.19055555555555556
2018-10-22 18:00:00,0.41,0.0,0.0
2018-10-22 19:00:00,0.69,0.0,0.0
2018-10-22 20:00:00,0.02,0.0,0.0
2018-10-22 21:00:00,0.45,0.0,0.0
2018-10-22 22:00:00,0.94,0.0,0.0
2018-10-22 23:00:00,0.87,0.0,0.0
2018-10-23 00:00:00,0.68,0.0,0.0
2018-10-23 01:00:00,0.69,0.0,0.0
2018-10-23 02:00:00,0.9,0.0,0.0
2018-10-23 03:00:00,0.84,0.0,0.0
2018-10-23 04:00:00,0.89,0.0,0.0
2018-10-23 05:00:00,0.99,0.0,0.0
2018-10-23 06:00:00,0.29,27.887922,0.6722222222222223
2018-10-23 07:00:00,0.82,205.25926,1.0
2018-10-23 08:00:00,0.91,362.7199,1.0
2018-10-23 09:00:00,0.91,554.10266,1.0
2018-10-23 10:00:00,0.97,554.35016,1.0
2018-10-23 11:00:00,0.97,627.5498,1.0
2018-10-23 12:00:00,0.94,616.1348,1.0
2018-10-23 13:00:00,0.9,435.58337,1.0
2018-10-23 14:00:00,0.96,355.37656,1.0
2018-10-23 15:00:00,0.98,212.78821,1.0
2018-10-23 16:00:00,1.0,48.635933,1.0
2018-10-23 17:00:00,0.98,0.0,0.1675
2018-10-23 18:00:00,1.0,0.0,0.0
2018-10-23 19:00:00,1.0,0.0,0.0
2018-10-23 20:00:00,1.0,0.0,0.0
2018-10-23 21:00:00,1.0,0.0,0.0
2018-10-23 22:00:00,1.0,0.0,0.0
2018-10-23 23:00:00,1.0,0.0,0.0
2018-10-24 00:00:00,1.0,0.0,0.0
2018-10-24 01:00:00,1.0,0.0,0.0
2018-10-24 02:00:00,1.0,0.0,0.0
2018-10-24 03:00:00,1.0,0.0,0.0
2018-10-24 04:00:00,1.0,0.0,0.0
2018-10-24 05:00:00,1.0,0.0,0.0
2018-10-24 06:00:00,1.0,6.9574614,0.6541666666666667
2018-10-24 07:00:00,1.0,73.774254,1.0
2018-10-24 08:00:00,1.0,172.83754,1.0
2018-10-24 09:00:00,1.0,261.94,1.0
2018-10-24 10:00:00,1.0,377.6947,1.0
2018-10-24 11:00:00,1.0,403.3706,1.0
2018-10-24 12:00:00,1.0,551.02106,1.0
2018-10-24 13:00:00,1.0,472.51334,1.0
2018-10-24 14:00:00,1.0,373.39847,1.0
2018-10-24 15:00:00,0.99,206.5818,1.0
2018-10-24 16:00:00,0.98,64.62248,1.0
2018-10-24 17:00:00,0.98,0.0,0.14472222222222222
2018-10-24 18:00:00,0.98,0.0,0.0
2018-10-24 19:00:00,0.81,0.0,0.0
2018-10-24 20:00:00,0.03,0.0,0.0
2018-10-24 21:00:00,0.01,0.0,0.0
2018-10-24 22:00:00,0.0,0.0,0.0
2018-10-24 23:00:00,0.15,0.0,0.0
2018-10-25 00:00:00,0.7,0.0,0.0
2018-10-25 01:00:00,0.92,0.0,0.0
2018-10-25 02:00:00,0.92,0.0,0.0
2018-10-25 03:00:00,0.58,0.0,0.0
2018-10-25 04:00:00,0.25,0.0,0.0
2018-10-25 05:00:00,0.05,0.0,0.0
2018-10-25 06:00:00,0.02,23.30366,0.6358333333333334
2018-10-25 07:00:00,0.04,216.75851,1.0
2018-10-25 08:00:00,0.13,390.60425,1.0
2018-10-25 09:00:00,0.06,565.39197,1.0
2018-10-25 10:00:00,0.32,726.3542,1.0
2018-10-25 11:00:00,0.52,736.5632,1.0
2018-10-25 12:00:00,0.98,389.34363,1.0
2018-10-25 13:00:00,0.92,428.7937,1.0
2018-10-25 14:00:00,0.92,396.9952,1.0
2018-10-25 15:00:00,0.73,214.25505,1.0
2018-10-25 16:00:00,0.64,60.850594,1.0
2018-10-25 17:00:00,0.59,0.0,0.1225
2018-10-25 18:00:00,0.41,0.0,0.0
2018-10-25 19:00:00,0.19,0.0,0.0
2018-10-25 20:00:00,0.35,0.0,0.0
2018-10-25 21:00:00,0.36,0.0,0.0
2018-10-25 22:00:00,0.17,0.0,0.0
2018-10-25 23:00:00,0.4,0.0,0.0
2018-10-26 00:00:00,0.2,0.0,0.0
2018-10-26 01:00:00,0.06,0.0,0.0
2018-10-26 02:00:00,0.01,0.0,0.0
2018-10-26 03:00:00,0.35,0.0,0.0
2018-10-26 04:00:00,0.25,0.0,0.0
2018-10-26 05:00:00,0.49,0.0,0.0
2018-10-26 06:00:00,0.22,24.6413,0.6177777777777778
2018-10-26 07:00:00,0.21,197.45416,1.0
2018-10-26 08:00:00,0.27,395.62787,1.0
2018-10-26 09:00:00,0.33,565.6332,1.0
2018-10-26 10:00:00,0.05,697.597,1.0
2018-10-26 11:00:00,0.01,759.0046,1.0
2018-10-26 12:00:00,0.02,726.52893,1.0
2018-10-26 13:00:00,0.01,622.6202,1.0
2018-10-26 14:00:00,0.04,466.4594,1.0
2018-10-26 15:00:00,0.0,275.3205,1.0
2018-10-26 16:00:00,0.0,78.20169,1.0
2018-10-26 17:00:00,0.0,0.0,0.10055555555555555
2018-10-26 18:00:00,0.16,0.0,0.0
2018-10-26 19:00:00,0.0,0.0,0.0
2018-10-26 20:00:00,0.0,0.0,0.0
2018-10-26 21:00:00,0.0,0.0,0.0
2018-10-26 22:00:00,0.0,0.0,0.0
2018-10-26 23:00:00,0.0,0.0,0.0
2018-10-27 00:00:00,0.0,0.0,0.0
2018-10-27 01:00:00,0.04,0.0,0.0
2018-10-27 02:00:00,0.39,0.0,0.0
2018-10-27 03:00:00,0.05,0.0,0.0
2018-10-27 04:00:00,0.01,0.0,0.0
2018-10-27 05:00:00,0.0,0.0,0.0
2018-10-27 06:00:00,0.9,12.82302,0.5994444444444444
2018-10-27 07:00:00,0.6,197.9202,1.0
2018-10-27 08:00:00,0.94,377.4275,1.0
2018-10-27 09:00:00,0.9,517.6705,1.0
2018-10-27 10:00:00,0.95,620.3534,1.0
2018-10-27 11:00:00,0.95,623.43665,1.0
2018-10-27 12:00:00,0.87,664.2747,1.0
2018-10-27 13:00:00,0.9,555.28625,1.0
2018-10-27 14:00:00,0.85,405.3479,1.0
2018-10-27 15:00:00,0.95,236.91083,1.0
2018-10-27 16:00:00,0.87,65.57359,1.0
2018-10-27 17:00:00,0.85,0.0,0.07916666666666666
2018-10-27 18:00:00,0.97,0.0,0.0
2018-10-27 19:00:00,1.0,0.0,0.0
2018-10-27 20:00:00,0.93,0.0,0.0
2018-10-27 21:00:00,0.63,0.0,0.0
2018-10-27 22:00:00,0.36,0.0,0.0
2018-10-27 23:00:00,0.0,0.0,0.0
2018-10-28 00:00:00,0.01,0.0,0.0
2018-10-28 01:00:00,0.31,0.0,0.0
2018-10-28 02:00:00,0.36,0.0,0.0
2018-10-28 03:00:00,0.4,0.0,0.0
2018-10-28 04:00:00,0.76,0.0,0.0
2018-10-28 05:00:00,1.0,0.0,0.0
2018-10-28 06:00:00,1.0,14.919111,0.5811111111111111
2018-10-28 07:00:00,1.0,165.27509,1.0
2018-10-28 08:00:00,1.0,340.08017,1.0
2018-10-28 09:00:00,0.59,561.9523,1.0
2018-10-28 10:00:00,0.67,685.4638,1.0
2018-10-28 11:00:00,0.81,719.88,1.0
2018-10-28 12:00:00,0.9,669.63666,1.0
2018-10-28 13:00:00,0.74,578.44025,1.0
2018-10-28 14:00:00,0.31,447.5784,1.0
2018-10-28 15:00:00,0.38,260.587,1.0
2018-10-28 16:00:00,0.23,71.12485,1.0
2018-10-28 17:00:00,0.24,0.0,0.058333333333333334
2018-10-28 18:00:00,0.41,0.0,0.0
2018-10-28 19:00:00,0.4,0.0,0.0
2018-10-28 20:00:00,0.57,0.0,0.0
2018-10-28 21:00:00,0.97,0.0,0.0
2018-10-28 22:00:00,1.0,0.0,0.0
2018-10-28 23:00:00,1.0,0.0,0.0
2018-10-29 00:00:00,1.0,0.0,0.0
2018-10-29 01:00:00,0.91,0.0,0.0
2018-10-29 02:00:00,0.81,0.0,0.0
2018-10-29 03:00:00,0.35,0.0,0.0
2018-10-29 04:00:00,0.41,0.0,0.0
2018-10-29 05:00:00,1.0,0.0,0.0
2018-10-29 06:00:00,0.98,14.038907,0.5627777777777778
2018-10-29 07:00:00,0.88,164.31041,1.0
2018-10-29 08:00:00,0.69,398.46722,1.0
2018-10-29 09:00:00,0.65,581.5314,1.0
2018-10-29 10:00:00,0.74,680.15576,1.0
2018-10-29 11:00:00,0.88,675.9323,1.0
2018-10-29 12:00:00,0.68,704.4576,1.0
2018-10-29 13:00:00,0.32,627.532,1.0
2018-10-29 14:00:00,0.01,468.37646,1.0
2018-10-29 15:00:00,0.0,269.18387,1.0
2018-10-29 16:00:00,0.0,69.67103,1.0
2018-10-29 17:00:00,0.0,0.0,0.03777777777777778
2018-10-29 18:00:00,0.0,0.0,0.0
2018-10-29 19:00:00,0.0,0.0,0.0
2018-10-29 20:00:00,0.21,0.0,0.0
2018-10-29 21:00:00,0.24,0.0,0.0
2018-10-29 22:00:00,0.29,0.0,0.0
2018-10-29 23:00:00,0.14,0.0,0.0
2018-10-30 00:00:00,0.08,0.0,0.0
2018-10-30 01:00:00,0.07,0.0,0.0
2018-10-30 02:00:00,0.18,0.0,0.0
2018-10-30 03:00:00,0.41,0.0,0.0
2018-10-30 04:00:00,0.44,0.0,0.0
2018-10-30 05:00:00,0.65,0.0,0.0
2018-10-30 06:00:00,0.78,7.576236,0.5444444444444444
2018-10-30 07:00:00,1.0,32.79946,1.0
2018-10-30 08:00:00,1.0,52.677925,1.0
2018-10-30 09:00:00,1.0,113.50175,1.0
2018-10-30 10:00:00,1.0,254.83295,1.0
2018-10-30 11:00:00,1.0,329.67755,1.0
2018-10-30 12:00:00,1.0,120.31745,1.0
2018-10-30 13:00:00,1.0,115.49286,1.0
2018-10-30 14:00:00,1.0,41.74477,1.0
2018-10-30 15:00:00,1.0,26.835924,1.0
2018-10-30 16:00:00,1.0,7.9513845,1.0
2018-10-30 17:00:00,1.0,0.0,0.017777777777777778
2018-10-30 18:00:00,1.0,0.0,0.0
2018-10-30 19:00:00,1.0,0.0,0.0
2018-10-30 20:00:00,1.0,0.0,0.0
2018-10-30 21:00:00,1.0,0.0,0.0
2018-10-30 22:00:00,1.0,0.0,0.0
2018-10-30 23:00:00,1.0,0.0,0.0
2018-10-31 00:00:00,1.0,0.0,0.0
2018-10-31 01:00:00,1.0,0.0,0.0
2018-10-31 02:00:00,1.0,0.0,0.0
2018-10-31 03:00:00,1.0,0.0,0.0
2018-10-31 04:00:00,1.0,0.0,0.0
2018-10-31 05:00:00,1.0,0.0,0.0
2018-10-31 06:00:00,1.0,2.981769,0.5258333333333334
2018-10-31 07:00:00,1.0,59.971466,1.0
2018-10-31 08:00:00,1.0,201.16388,1.0
2018-10-31 09:00:00,0.84,343.8536,1.0
2018-10-31 10:00:00,0.49,667.60834,1.0
2018-10-31 11:00:00,0.68,667.2223,1.0
2018-10-31 12:00:00,0.68,631.6321,1.0
2018-10-31 13:00:00,0.65,600.3236,1.0
2018-10-31 14:00:00,0.0,470.8687,1.0
2018-10-31 15:00:00,0.0,266.09967,1.0
2018-10-31 16:00:00,0.0,66.02062,0.9983333333333333
2018-10-31 17:00:00,0.0,0.0,0.0
2018-10-31 18:00:00,0.0,0.0,0.0
2018-10-31 19:00:00,0.13,0.0,0.0
2018-10-31 20:00:00,0.36,0.0,0.0
2018-10-31 21:00:00,0.82,0.0,0.0
2018-10-31 22:00:00,0.97,0.0,0.0
2018-10-31 23:00:00,0.89,0.0,0.0
2018-11-01 00:00:00,1.0,0.0,0.0
2018-11-01 01:00:00,0.98,0.0,0.0
2018-11-01 02:00:00,1.0,0.0,0.0
2018-11-01 03:00:00,1.0,0.0,0.0
2018-11-01 04:00:00,0.95,0.0,0.0
2018-11-01 05:00:00,0.37,0.0,0.0
2018-11-01 06:00:00,0.54,11.437563,0.5075
2018-11-01 07:00:00,0.43,115.3625,1.0
2018-11-01 08:00:00,0.39,306.4521,1.0
2018-11-01 09:00:00,0.43,443.2003,1.0
2018-11-01 10:00:00,0.45,553.07086,1.0
2018-11-01 11:00:00,0.54,597.57043,1.0
2018-11-01 12:00:00,0.49,621.76996,1.0
2018-11-01 13:00:00,0.31,552.51904,1.0
2018-11-01 14:00:00,0.31,393.1498,1.0
2018-11-01 15:00:00,0.21,230.07562,1.0
2018-11-01 16:00:00,0.17,56.678295,0.9791666666666666
2018-11-01 17:00:00,0.29,0.0,0.0
2018-11-01 18:00:00,0.71,0.0,0.0
2018-11-01 19:00:00,0.86,0.0,0.0
2018-11-01 20:00:00,0.66,0.0,0.0
2018-11-01 21:00:00,0.96,0.0,0.0
2018-11-01 22:00:00,0.9,0.0,0.0
2018-11-01 23:00:00,0.91,0.0,0.0
2018-11-02 00:00:00,0.94,0.0,0.0
2018-11-02 01:00:00,0.96,0.0,0.0
2018-11-02 02:00:00,0.97,0.0,0.0
2018-11-02 03:00:00,0.92,0.0,0.0
2018-11-02 04:00:00,0.98,0.0,0.0
2018-11-02 05:00:00,0.99,0.0,0.0
2018-11-02 06:00:00,0.85,6.784379,0.4886111111111111
2018-11-02 07:00:00,0.96,65.25776,1.0
2018-11-02 08:00:00,0.96,175.58087,1.0
2018-11-02 09:00:00,0.97,302.6809,1.0
2018-11-02 10:00:00,0.97,400.22302,1.0
2018-11-02 11:00:00,0.92,342.53372,1.0
2018-11-02 12:00:00,0.07,597.005,1.0
2018-11-02 13:00:00,0.22,481.2627,1.0
2018-11-02 14:00:00,0.49,402.84152,1.0
2018-11-02 15:00:00,0.98,169.25044,1.0
2018-11-02 16:00:00,0.48,36.160854,0.9602777777777778
2018-11-02 17:00:00,0.45,0.0,0.0
2018-11-02 18:00:00,0.52,0.0,0.0
2018-11-02 19:00:00,0.02,0.0,0.0
2018-11-02 20:00:00,0.07,0.0,0.0
2018-11-02 21:00:00,0.37,0.0,0.0
2018-11-02 22:00:00,0.25,0.0,0.0
2018-11-02 23:00:00,0.39,0.0,0.0
2018-11-03 00:00:00,0.26,0.0,0.0
2018-11-03 01:00:00,0.48,0.0,0.0
2018-11-03 02:00:00,0.7,0.0,0.0
2018-11-03 03:00:00,0.93,0.0,0.0
2018-11-03 04:00:00,1.0,0.0,0.0
2018-11-03 05:00:00,1.0,0.0,0.0
2018-11-03 06:00:00,1.0,2.981769,0.4697222222222222
2018-11-03 07:00:00,1.0,35.78123,1.0
2018-11-03 08:00:00,0.98,94.61775,1.0
2018-11-03 09:00:00,0.95,254.60953,1.0
2018-11-03 10:00:00,0.18,652.24493,1.0
2018-11-03 11:00:00,0.22,697.0083,1.0
2018-11-03 12:00:00,0.71,504.94168,1.0
2018-11-03 13:00:00,0.54,512.78986,1.0
2018-11-03 14:00:00,0.71,393.24252,1.0
2018-11-03 15:00:00,0.42,203.48776,1.0
2018-11-03 16:00:00,0.52,39.68559,0.9416666666666667
2018-11-03 17:00:00,0.92,0.0,0.0
2018-11-03 18:00:00,0.62,0.0,0.0
2018-11-03 19:00:00,0.7,0.0,0.0
2018-11-03 20:00:00,0.63,0.0,0.0
2018-11-03 21:00:00,0.54,0.0,0.0
2018-11-03 22:00:00,0.07,0.0,0.0
2018-11-03 23:00:00,0.03,0.0,0.0
2018-11-04 00:00:00,0.01,0.0,0.0
2018-11-04 01:00:00,0.06,0.0,0.0
2018-11-04 02:00:00,0.56,0.0,0.0
2018-11-04 03:00:00,0.32,0.0,0.0
2018-11-04 04:00:00,0.75,0.0,0.0
2018-11-04 05:00:00,0.81,0.0,0.0
2018-11-04 06:00:00,0.92,6.943017,0.4508333333333333
2018-11-04 07:00:00,0.96,92.164604,1.0
2018-11-04 08:00:00,0.99,108.95503,1.0
2018-11-04 09:00:00,0.99,171.8661,1.0
2018-11-04 10:00:00,1.0,254.53983,1.0
2018-11-04 11:00:00,1.0,409.74988,1.0
2018-11-04 12:00:00,1.0,262.38608,1.0
2018-11-04 13:00:00,1.0,239.81012,1.0
2018-11-04 14:00:00,1.0,146.52946,1.0
2018-11-04 15:00:00,1.0,80.63471,1.0
2018-11-04 16:00:00,0.95,25.788544,0.9233333333333333
2018-11-04 17:00:00,1.0,0.0,0.0
2018-11-04 18:00:00,0.78,0.0,0.0
2018-11-04 19:00:00,0.97,0.0,0.0
2018-11-04 20:00:00,0.9,0.0,0.0
2018-11-04 21:00:00,0.49,0.0,0.0
2018-11-04 22:00:00,0.48,0.0,0.0
2018-11-04 23:00:00,1.0,0.0,0.0
2018-11-05 00:00:00,0.05,0.0,0.0
2018-11-05 01:00:00,0.19,0.0,0.0
2018-11-05 02:00:00,0.22,0.0,0.0
2018-11-05 03:00:00,0.06,0.0,0.0
2018-11-05 04:00:00,0.15,0.0,0.0
2018-11-05 05:00:00,0.13,0.0,0.0
2018-11-05 06:00:00,0.07,9.092208,0.43166666666666664
2018-11-05 07:00:00,0.07,136.71347,1.0
2018-11-05 08:00:00,0.84,235.70474,1.0
2018-11-05 09:00:00,0.59,407.79236,1.0
2018-11-05 10:00:00,0.08,608.5602,1.0
2018-11-05 11:00:00,0.04,714.32355,1.0
2018-11-05 12:00:00,0.01,703.42566,1.0
2018-11-05 13:00:00,0.0,607.675,1.0
2018-11-05 14:00:00,0.0,442.71463,1.0
2018-11-05 15:00:00,0.01,243.03192,1.0
2018-11-05 16:00:00,0.0,53.227818,0.9052777777777777
2018-11-05 17:00:00,0.0,0.0,0.0
2018-11-05 18:00:00,0.0,0.0,0.0
2018-11-05 19:00:00,0.01,0.0,0.0
2018-11-05 20:00:00,0.01,0.0,0.0
2018-11-05 21:00:00,0.01,0.0,0.0
2018-11-05 22:00:00,0.13,0.0,0.0
2018-11-05 23:00:00,0.31,0.0,0.0
2018-11-06 00:00:00,0.0,0.0,0.0
2018-11-06 01:00:00,0.04,0.0,0.0
2018-11-06 02:00:00,0.02,0.0,0.0
2018-11-06 03:00:00,0.61,0.0,0.0
2018-11-06 04:00:00,0.62,0.0,0.0
2018-11-06 05:00:00,0.09,0.0,0.0
2018-11-06 06:00:00,0.02,10.274761,0.4125
2018-11-06 07:00:00,0.0,180.441,1.0
2018-11-06 08:00:00,0.0,362.82974,1.0
2018-11-06 09:00:00,0.0,536.9879,1.0
2018-11-06 10:00:00,0.0,624.7197,1.0
2018-11-06 11:00:00,0.0,723.4884,1.0
2018-11-06 12:00:00,0.7,629.64374,1.0
2018-11-06 13:00:00,0.6,465.94467,1.0
2018-11-06 14:00:00,0.68,365.20242,1.0
2018-11-06 15:00:00,0.67,195.08072,1.0
2018-11-06 16:00:00,0.53,40.844036,0.8877777777777778
2018-11-06 17:00:00,0.01,0.0,0.0
2018-11-06 18:00:00,0.0,0.0,0.0
2018-11-06 19:00:00,0.06,0.0,0.0
2018-11-06 20:00:00,0.07,0.0,0.0
2018-11-06 21:00:00,0.21,0.0,0.0
2018-11-06 22:00:00,0.17,0.0,0.0
2018-11-06 23:00:00,0.02,0.0,0.0
2018-11-07 00:00:00,0.01,0.0,0.0
2018-11-07 01:00:00,0.0,0.0,0.0
2018-11-07 02:00:00,0.0,0.0,0.0
2018-11-07 03:00:00,0.0,0.0,0.0
2018-11-07 04:00:00,0.0,0.0,0.0
2018-11-07 05:00:00,0.0,0.0,0.0
2018-11-07 06:00:00,0.07,6.232855,0.3933333333333333
2018-11-07 07:00:00,0.03,100.31676,1.0
2018-11-07 08:00:00,0.0,204.20854,1.0
2018-11-07 09:00:00,0.32,370.8964,1.0
2018-11-07 10:00:00,0.35,625.28784,1.0
2018-11-07 11:00:00,0.47,719.4669,1.0
2018-11-07 12:00:00,0.01,692.3695,1.0
2018-11-07 13:00:00,0.0,594.7214,1.0
2018-11-07 14:00:00,0.63,425.7254,1.0
2018-11-07 15:00:00,0.87,225.56888,1.0
2018-11-07 16:00:00,0.9,43.632675,0.8702777777777778
2018-11-07 17:00:00,0.26,0.0,0.0
2018-11-07 18:00:00,0.79,0.0,0.0
2018-11-07 19:00:00,0.46,0.0,0.0
2018-11-07 20:00:00,0.05,0.0,0.0
2018-11-07 21:00:00,0.04,0.0,0.0
2018-11-07 22:00:00,0.04,0.0,0.0
2018-11-07 23:00:00,0.16,0.0,0.0
2018-11-08 00:00:00,0.3,0.0,0.0
2018-11-08 01:00:00,0.45,0.0,0.0
2018-11-08 02:00:00,0.31,0.0,0.0
2018-11-08 03:00:00,0.12,0.0,0.0
2018-11-08 04:00:00,0.33,0.0,0.0
2018-11-08 05:00:00,0.4,0.0,0.0
2018-11-08 06:00:00,0.4,5.348241,0.37416666666666665
2018-11-08 07:00:00,0.29,102.76614,1.0
2018-11-08 08:00:00,0.25,257.0338,1.0
2018-11-08 09:00:00,0.42,373.71292,1.0
2018-11-08 10:00:00,0.13,577.99066,1.0
2018-11-08 11:00:00,0.48,711.6952,1.0
2018-11-08 12:00:00,0.02,679.9199,1.0
2018-11-08 13:00:00,0.1,580.93427,1.0
2018-11-08 14:00:00,0.02,435.23047,1.0
2018-11-08 15:00:00,0.03,237.5558,1.0
2018-11-08 16:00:00,0.0,47.174618,0.8536111111111111
2018-11-08 17:00:00,0.0,0.0,0.0
2018-11-08 18:00:00,0.0,0.0,0.0
2018-11-08 19:00:00,0.0,0.0,0.0
2018-11-08 20:00:00,0.0,0.0,0.0
2018-11-08 21:00:00,0.0,0.0,0.0
2018-11-08 22:00:00,0.0,0.0,0.0
2018-11-08 23:00:00,0.0,0.0,0.0
2018-11-09 00:00:00,0.0,0.0,0.0
2018-11-09 01:00:00,0.0,0.0,0.0
2018-11-09 02:00:00,0.01,0.0,0.0
2018-11-09 03:00:00,0.02,0.0,0.0
2018-11-09 04:00:00,0.01,0.0,0.0
2018-11-09 05:00:00,0.02,0.0,0.0
2018-11-09 06:00:00,0.04,8.944815,0.3547222222222222
2018-11-09 07:00:00,0.05,177.985,1.0
2018-11-09 08:00:00,0.03,387.9849,1.0
2018-11-09 09:00:00,0.02,566.491,1.0
2018-11-09 10:00:00,0.01,683.3368,1.0
2018-11-09 11:00:00,0.01,729.4143,1.0
2018-11-09 12:00:00,0.0,700.8774,1.0
2018-11-09 13:00:00,0.0,600.05414,1.0
2018-11-09 14:00:00,0.0,439.12772,1.0
2018-11-09 15:00:00,0.0,237.1114,1.0
2018-11-09 16:00:00,0.0,44.808094,0.8369444444444445
2018-11-09 17:00:00,0.0,0.0,0.0
2018-11-09 18:00:00,0.0,0.0,0.0
2018-11-09 19:00:00,0.0,0.0,0.0
2018-11-09 20:00:00,0.0,0.0,0.0
2018-11-09 21:00:00,0.0,0.0,0.0
2018-11-09 22:00:00,0.01,0.0,0.0
2018-11-09 23:00:00,0.92,0.0,0.0
2018-11-10 00:00:00,1.0,0.0,0.0
2018-11-10 01:00:00,0.97,0.0,0.0
2018-11-10 02:00:00,1.0,0.0,0.0
2018-11-10 03:00:00,0.94,0.0,0.0
2018-11-10 04:00:00,0.99,0.0,0.0
2018-11-10 05:00:00,1.0,0.0,0.0
2018-11-10 06:00:00,1.0,5.5940046,0.33555555555555555
2018-11-10 07:00:00,0.74,165.23239,1.0
2018-11-10 08:00:00,0.33,384.91434,1.0
2018-11-10 09:00:00,0.0,562.47894,1.0
2018-11-10 10:00:00,0.0,676.2139,1.0
2018-11-10 11:00:00,0.0,718.9058,1.0
2018-11-10 12:00:00,0.0,689.20935,1.0
2018-11-10 13:00:00,0.13,556.56775,1.0
2018-11-10 14:00:00,0.7,338.5245,1.0
2018-11-10 15:00:00,0.39,212.02887,1.0
2018-11-10 16:00:00,0.52,34.401913,0.8208333333333333
2018-11-10 17:00:00,0.81,0.0,0.0
2018-11-10 18:00:00,1.0,0.0,0.0
2018-11-10 19:00:00,1.0,0.0,0.0
2018-11-10 20:00:00,1.0,0.0,0.0
2018-11-10 21:00:00,1.0,0.0,0.0
2018-11-10 22:00:00,0.88,0.0,0.0
2018-11-10 23:00:00,1.0,0.0,0.0
2018-11-11 00:00:00,1.0,0.0,0.0
2018-11-11 01:00:00,1.0,0.0,0.0
2018-11-11 02:00:00,1.0,0.0,0.0
2018-11-11 03:00:00,1.0,0.0,0.0
2018-11-11 04:00:00,1.0,0.0,0.0
2018-11-11 05:00:00,1.0,0.0,0.0
2018-11-11 06:00:00,1.0,0.99392307,0.3163888888888889
2018-11-11 07:00:00,1.0,24.848078,1.0
2018-11-11 08:00:00,1.0,82.49562,1.0
2018-11-11 09:00:00,1.0,137.16139,1.0
2018-11-11 10:00:00,1.0,213.33975,1.0
2018-11-11 11:00:00,1.0,233.19736,1.0
2018-11-11 12:00:00,1.0,159.0277,1.0
2018-11-11 13:00:00,1.0,159.49654,1.0
2018-11-11 14:00:00,0.99,142.6087,1.0
2018-11-11 15:00:00,0.99,96.52268,1.0
2018-11-11 16:00:00,0.99,16.350977,0.8052777777777778
2018-11-11 17:00:00,1.0,0.0,0.0
2018-11-11 18:00:00,1.0,0.0,0.0
2018-11-11 19:00:00,0.99,0.0,0.0
2018-11-11 20:00:00,0.99,0.0,0.0
2018-11-11 21:00:00,1.0,0.0,0.0
2018-11-11 22:00:00,0.99,0.0,0.0
2018-11-11 23:00:00,0.99,0.0,0.0
2018-11-12 00:00:00,0.97,0.0,0.0
2018-11-12 01:00:00,0.99,0.0,0.0
2018-11-12 02:00:00,0.99,0.0,0.0
2018-11-12 03:00:00,0.97,0.0,0.0
2018-11-12 04:00:00,0.9,0.0,0.0
2018-11-12 05:00:00,0.7,0.0,0.0
2018-11-12 06:00:00,1.0,1.9878461,0.29694444444444446
2018-11-12 07:00:00,1.0,52.516388,1.0
2018-11-12 08:00:00,0.99,138.47652,1.0
2018-11-12 09:00:00,1.0,212.12546,1.0
2018-11-12 10:00:00,0.93,422.09863,1.0
2018-11-12 11:00:00,0.88,708.4421,1.0
2018-11-12 12:00:00,0.85,703.0148,1.0
2018-11-12 13:00:00,0.77,595.3699,1.0
2018-11-12 14:00:00,0.08,442.69788,1.0
2018-11-12 15:00:00,0.05,233.40738,1.0
2018-11-12 16:00:00,0.05,40.28119,0.7902777777777777
2018-11-12 17:00:00,0.02,0.0,0.0
2018-11-12 18:00:00,0.01,0.0,0.0
2018-11-12 19:00:00,0.0,0.0,0.0
2018-11-12 20:00:00,0.0,0.0,0.0
2018-11-12 21:00:00,0.0,0.0,0.0
2018-11-12 22:00:00,0.0,0.0,0.0
2018-11-12 23:00:00,0.0,0.0,0.0
2018-11-13 00:00:00,0.0,0.0,0.0
2018-11-13 01:00:00,0.0,0.0,0.0
2018-11-13 02:00:00,0.0,0.0,0.0
2018-11-13 03:00:00,0.04,0.0,0.0
2018-11-13 04:00:00,0.65,0.0,0.0
2018-11-13 05:00:00,0.96,0.0,0.0
2018-11-13 06:00:00,0.12,1.9878461,0.27805555555555556
2018-11-13 07:00:00,0.09,153.61093,1.0
2018-11-13 08:00:00,0.95,154.35437,1.0
2018-11-13 09:00:00,0.25,506.2288,1.0
2018-11-13 10:00:00,0.31,617.1974,1.0
2018-11-13 11:00:00,0.08,706.3425,1.0
2018-11-13 12:00:00,0.05,685.93384,1.0
2018-11-13 13:00:00,0.0,587.03925,1.0
2018-11-13 14:00:00,0.0,425.7185,1.0
2018-11-13 15:00:00,0.0,225.4075,1.0
2018-11-13 16:00:00,0.0,37.61384,0.7755555555555556
2018-11-13 17:00:00,0.0,0.0,0.0
2018-11-13 18:00:00,0.0,0.0,0.0
2018-11-13 19:00:00,0.0,0.0,0.0
2018-11-13 20:00:00,0.0,0.0,0.0
2018-11-13 21:00:00,0.38,0.0,0.0
2018-11-13 22:00:00,0.34,0.0,0.0
2018-11-13 23:00:00,0.2,0.0,0.0
2018-11-14 00:00:00,0.3,0.0,0.0
2018-11-14 01:00:00,0.38,0.0,0.0
2018-11-14 02:00:00,0.0,0.0,0.0
2018-11-14 03:00:00,0.0,0.0,0.0
2018-11-14 04:00:00,0.0,0.0,0.0
2018-11-14 05:00:00,0.0,0.0,0.0
2018-11-14 06:00:00,0.0,0.0,0.2588888888888889
2018-11-14 07:00:00,0.0,158.9007,1.0
2018-11-14 08:00:00,0.0,373.23755,1.0
2018-11-14 09:00:00,0.0,549.7534,1.0
2018-11-14 10:00:00,0.0,665.0036,1.0
2018-11-14 11:00:00,0.0,710.2577,1.0
2018-11-14 12:00:00,0.0,681.02106,1.0
2018-11-14 13:00:00,0.0,581.03174,1.0
2018-11-14 14:00:00,0.0,421.61172,1.0
2018-11-14 15:00:00,0.0,221.98343,1.0
2018-11-14 16:00:00,0.0,35.943546,0.7616666666666667
2018-11-14 17:00:00,0.0,0.0,0.0
2018-11-14 18:00:00,0.01,0.0,0.0
2018-11-14 19:00:00,0.01,0.0,0.0
2018-11-14 20:00:00,0.12,0.0,0.0
2018-11-14 21:00:00,0.19,0.0,0.0
2018-11-14 22:00:00,0.0,0.0,0.0
2018-11-14 23:00:00,0.0,0.0,0.0
2018-11-15 00:00:00,0.0,0.0,0.0
2018-11-15 01:00:00,0.0,0.0,0.0
2018-11-15 02:00:00,0.0,0.0,0.0
2018-11-15 03:00:00,0.01,0.0,0.0
2018-11-15 04:00:00,0.16,0.0,0.0
2018-11-15 05:00:00,0.47,0.0,0.0
2018-11-15 06:00:00,0.26,0.0,0.24
2018-11-15 07:00:00,0.67,141.99602,1.0
2018-11-15 08:00:00,0.77,336.48108,1.0
2018-11-15 09:00:00,0.53,530.0054,1.0
2018-11-15 10:00:00,0.0,649.0181,1.0
2018-11-15 11:00:00,0.0,690.8312,1.0
2018-11-15 12:00:00,0.01,661.1415,1.0
2018-11-15 13:00:00,0.49,556.92926,1.0
2018-11-15 14:00:00,0.32,401.76993,1.0
2018-11-15 15:00:00,0.08,209.18489,1.0
2018-11-15 16:00:00,0.25,32.22752,0.7480555555555556
2018-11-15 17:00:00,0.14,0.0,0.0
2018-11-15 18:00:00,0.0,0.0,0.0
2018-11-15 19:00:00,0.0,0.0,0.0
2018-11-15 20:00:00,0.0,0.0,0.0
2018-11-15 21:00:00,0.0,0.0,0.0
2018-11-15 22:00:00,0.0,0.0,0.0
2018-11-15 23:00:00,0.0,0.0,0.0
2018-11-16 00:00:00,0.05,0.0,0.0
2018-11-16 01:00:00,0.13,0.0,0.0
2018-11-16 02:00:00,0.0,0.0,0.0
2018-11-16 03:00:00,0.05,0.0,0.0
2018-11-16 04:00:00,0.48,0.0,0.0
2018-11-16 05:00:00,0.63,0.0,0.0
2018-11-16 06:00:00,1.0,0.0,0.22138888888888889
2018-11-16 07:00:00,1.0,86.51014,1.0
2018-11-16 08:00:00,0.98,232.27782,1.0
2018-11-16 09:00:00,0.99,326.09085,1.0
2018-11-16 10:00:00,1.0,282.99707,1.0
2018-11-16 11:00:00,1.0,286.71573,1.0
2018-11-16 12:00:00,1.0,274.38605,1.0
2018-11-16 13:00:00,1.0,205.01819,1.0
2018-11-16 14:00:00,1.0,147.7338,1.0
2018-11-16 15:00:00,1.0,100.305504,1.0
2018-11-16 16:00:00,0.96,16.203928,0.735
2018-11-16 17:00:00,0.64,0.0,0.0
2018-11-16 18:00:00,0.83,0.0,0.0
2018-11-16 19:00:00,1.0,0.0,0.0
2018-11-16 20:00:00,1.0,0.0,0.0
2018-11-16 21:00:00,1.0,0.0,0.0
2018-11-16 22:00:00,0.99,0.0,0.0
2018-11-16 23:00:00,0.83,0.0,0.0
2018-11-17 00:00:00,0.99,0.0,0.0
2018-11-17 01:00:00,1.0,0.0,0.0
2018-11-17 02:00:00,1.0,0.0,0.0
2018-11-17 03:00:00,1.0,0.0,0.0
2018-11-17 04:00:00,1.0,0.0,0.0
2018-11-17 05:00:00,1.0,0.0,0.0
2018-11-17 06:00:00,0.99,0.0,0.20277777777777778
2018-11-17 07:00:00,1.0,13.914923,1.0
2018-11-17 08:00:00,1.0,32.79946,1.0
2018-11-17 09:00:00,1.0,77.526,1.0
2018-11-17 10:00:00,1.0,126.22823,1.0
2018-11-17 11:00:00,0.99,123.24647,1.0
2018-11-17 12:00:00,0.99,208.85204,1.0
2018-11-17 13:00:00,1.0,133.1857,1.0
2018-11-17 14:00:00,1.0,103.368,1.0
2018-11-17 15:00:00,1.0,52.677925,1.0
2018-11-17 16:00:00,1.0,6.9574614,0.7227777777777777
2018-11-17 17:00:00,1.0,0.0,0.0
2018-11-17 18:00:00,1.0,0.0,0.0
2018-11-17 19:00:00,1.0,0.0,0.0
2018-11-17 20:00:00,1.0,0.0,0.0
2018-11-17 21:00:00,1.0,0.0,0.0
2018-11-17 22:00:00,1.0,0.0,0.0
2018-11-17 23:00:00,1.0,0.0,0.0
2018-11-18 00:00:00,0.94,0.0,0.0
2018-11-18 01:00:00,0.99,0.0,0.0
2018-11-18 02:00:00,0.85,0.0,0.0
2018-11-18 03:00:00,0.59,0.0,0.0
2018-11-18 04:00:00,0.03,0.0,0.0
2018-11-18 05:00:00,0.03,0.0,0.0
2018-11-18 06:00:00,0.07,0.0,0.18416666666666667
2018-11-18 07:00:00,0.11,120.4599,1.0
2018-11-18 08:00:00,0.1,319.42444,1.0
2018-11-18 09:00:00,0.09,524.68835,1.0
2018-11-18 10:00:00,0.04,652.3856,1.0
2018-11-18 11:00:00,0.02,704.71436,1.0
2018-11-18 12:00:00,0.01,683.3614,1.0
2018-11-18 13:00:00,0.0,584.0515,1.0
2018-11-18 14:00:00,0.0,420.73065,1.0
2018-11-18 15:00:00,0.0,217.54134,1.0
2018-11-18 16:00:00,0.0,32.074368,0.7111111111111111
2018-11-18 17:00:00,0.0,0.0,0.0
2018-11-18 18:00:00,0.39,0.0,0.0
2018-11-18 19:00:00,0.12,0.0,0.0
2018-11-18 20:00:00,0.0,0.0,0.0
2018-11-18 21:00:00,0.09,0.0,0.0
2018-11-18 22:00:00,0.0,0.0,0.0
2018-11-18 23:00:00,0.0,0.0,0.0
2018-11-19 00:00:00,0.01,0.0,0.0
2018-11-19 01:00:00,0.0,0.0,0.0
2018-11-19 02:00:00,0.09,0.0,0.0
2018-11-19 03:00:00,0.06,0.0,0.0
2018-11-19 04:00:00,0.0,0.0,0.0
2018-11-19 05:00:00,0.47,0.0,0.0
2018-11-19 06:00:00,0.01,0.0,0.1661111111111111
2018-11-19 07:00:00,0.0,135.42354,1.0
2018-11-19 08:00:00,0.0,347.86072,1.0
2018-11-19 09:00:00,0.0,523.66876,1.0
2018-11-19 10:00:00,0.0,639.2185,1.0
2018-11-19 11:00:00,0.0,684.70306,1.0
2018-11-19 12:00:00,0.0,656.43164,1.0
2018-11-19 13:00:00,0.0,557.8996,1.0
2018-11-19 14:00:00,0.0,399.28656,1.0
2018-11-19 15:00:00,0.0,203.17072,1.0
2018-11-19 16:00:00,0.0,29.149649,0.7
2018-11-19 17:00:00,0.0,0.0,0.0
2018-11-19 18:00:00,0.0,0.0,0.0
2018-11-19 19:00:00,0.0,0.0,0.0
2018-11-19 20:00:00,0.0,0.0,0.0
2018-11-19 21:00:00,0.0,0.0,0.0
2018-11-19 22:00:00,0.0,0.0,0.0
2018-11-19 23:00:00,0.0,0.0,0.0
2018-11-20 00:00:00,0.0,0.0,0.0
2018-11-20 01:00:00,0.0,0.0,0.0
2018-11-20 02:00:00,0.0,0.0,0.0
2018-11-20 03:00:00,0.0,0.0,0.0
2018-11-20 04:00:00,0.0,0.0,0.0
2018-11-20 05:00:00,0.0,0.0,0.0
2018-11-20 06:00:00,0.0,0.0,0.14805555555555555
2018-11-20 07:00:00,0.0,133.58311,1.0
2018-11-20 08:00:00,0.0,346.482,1.0
2018-11-20 09:00:00,0.0,521.1226,1.0
2018-11-20 10:00:00,0.0,637.20026,1.0
2018-11-20 11:00:00,0.0,682.5271,1.0
2018-11-20 12:00:00,0.0,654.1393,1.0
2018-11-20 13:00:00,0.0,555.7733,1.0
2018-11-20 14:00:00,0.0,399.08493,1.0
2018-11-20 15:00:00,0.0,202.34944,1.0
2018-11-20 16:00:00,0.0,28.391846,0.6894444444444444
2018-11-20 17:00:00,0.0,0.0,0.0
2018-11-20 18:00:00,0.0,0.0,0.0
2018-11-20 19:00:00,0.0,0.0,0.0
2018-11-20 20:00:00,0.0,0.0,0.0
2018-11-20 21:00:00,0.0,0.0,0.0
2018-11-20 22:00:00,0.0,0.0,0.0
2018-11-20 23:00:00,0.0,0.0,0.0
2018-11-21 00:00:00,0.0,0.0,0.0
2018-11-21 01:00:00,0.0,0.0,0.0
2018-11-21 02:00:00,0.0,0.0,0.0
2018-11-21 03:00:00,0.0,0.0,0.0
2018-11-21 04:00:00,0.0,0.0,0.0
2018-11-21 05:00:00,0.0,0.0,0.0
2018-11-21 06:00:00,0.0,0.0,0.13
2018-11-21 07:00:00,0.0,129.6118,1.0
2018-11-21 08:00:00,0.0,342.58917,1.0
2018-11-21 09:00:00,0.0,518.5841,1.0
2018-11-21 10:00:00,0.0,634.54517,1.0
2018-11-21 11:00:00,0.0,680.0678,1.0
2018-11-21 12:00:00,0.0,651.84973,1.0
2018-11-21 13:00:00,0.0,555.6432,1.0
2018-11-21 14:00:00,0.0,398.61966,1.0
2018-11-21 15:00:00,0.0,201.53812,1.0
2018-11-21 16:00:00,0.0,27.63379,0.6797222222222222
2018-11-21 17:00:00,0.0,0.0,0.0
2018-11-21 18:00:00,0.0,0.0,0.0
2018-11-21 19:00:00,0.0,0.0,0.0
2018-11-21 20:00:00,0.0,0.0,0.0
2018-11-21 21:00:00,0.0,0.0,0.0
2018-11-21 22:00:00,0.0,0.0,0.0
2018-11-21 23:00:00,0.0,0.0,0.0
2018-11-22 00:00:00,0.0,0.0,0.0
2018-11-22 01:00:00,0.0,0.0,0.0
2018-11-22 02:00:00,0.0,0.0,0.0
2018-11-22 03:00:00,0.17,0.0,0.0
2018-11-22 04:00:00,0.62,0.0,0.0
2018-11-22 05:00:00,0.2,0.0,0.0
2018-11-22 06:00:00,0.68,0.0,0.11166666666666666
2018-11-22 07:00:00,0.0,100.644516,1.0
2018-11-22 08:00:00,0.99,228.77765,1.0
2018-11-22 09:00:00,1.0,366.3634,1.0
2018-11-22 10:00:00,1.0,455.35913,1.0
2018-11-22 11:00:00,1.0,382.294,1.0
2018-11-22 12:00:00,1.0,340.2892,1.0
2018-11-22 13:00:00,1.0,118.88423,1.0
2018-11-22 14:00:00,0.98,86.0041,1.0
2018-11-22 15:00:00,1.0,54.812958,1.0
2018-11-22 16:00:00,0.99,13.258751,0.6702777777777778
2018-11-22 17:00:00,0.17,0.0,0.0
2018-11-22 18:00:00,0.28,0.0,0.0
2018-11-22 19:00:00,0.36,0.0,0.0
2018-11-22 20:00:00,0.24,0.0,0.0
2018-11-22 21:00:00,0.25,0.0,0.0
2018-11-22 22:00:00,0.87,0.0,0.0
2018-11-22 23:00:00,0.48,0.0,0.0
2018-11-23 00:00:00,0.32,0.0,0.0
2018-11-23 01:00:00,0.99,0.0,0.0
2018-11-23 02:00:00,1.0,0.0,0.0
2018-11-23 03:00:00,0.81,0.0,0.0
2018-11-23 04:00:00,0.28,0.0,0.0
2018-11-23 05:00:00,0.13,0.0,0.0
2018-11-23 06:00:00,0.12,0.0,0.09361111111111112
2018-11-23 07:00:00,0.46,78.0299,1.0
2018-11-23 08:00:00,0.0,314.57004,1.0
2018-11-23 09:00:00,0.01,475.93304,1.0
2018-11-23 10:00:00,0.01,536.2041,1.0
2018-11-23 11:00:00,0.84,599.38025,1.0
2018-11-23 12:00:00,0.99,480.79874,1.0
2018-11-23 13:00:00,0.92,353.32812,1.0
2018-11-23 14:00:00,0.06,345.94543,1.0
2018-11-23 15:00:00,0.02,195.40886,1.0
2018-11-23 16:00:00,0.07,24.743025,0.6613888888888889
2018-11-23 17:00:00,0.51,0.0,0.0
2018-11-23 18:00:00,0.39,0.0,0.0
2018-11-23 19:00:00,0.41,0.0,0.0
2018-11-23 20:00:00,0.43,0.0,0.0
2018-11-23 21:00:00,0.47,0.0,0.0
2018-11-23 22:00:00,0.83,0.0,0.0
2018-11-23 23:00:00,0.65,0.0,0.0
2018-11-24 00:00:00,0.05,0.0,0.0
2018-11-24 01:00:00,0.0,0.0,0.0
2018-11-24 02:00:00,0.0,0.0,0.0
2018-11-24 03:00:00,0.0,0.0,0.0
2018-11-24 04:00:00,0.0,0.0,0.0
2018-11-24 05:00:00,0.02,0.0,0.0
2018-11-24 06:00:00,0.02,0.0,0.07555555555555556
2018-11-24 07:00:00,0.15,100.97482,1.0
2018-11-24 08:00:00,0.0,277.90253,1.0
2018-11-24 09:00:00,0.06,489.72253,1.0
2018-11-24 10:00:00,0.09,555.7736,1.0
2018-11-24 11:00:00,0.24,610.9294,1.0
2018-11-24 12:00:00,0.46,459.79712,1.0
2018-11-24 13:00:00,0.93,190.37125,1.0
2018-11-24 14:00:00,0.81,222.60457,1.0
2018-11-24 15:00:00,0.86,81.424835,1.0
2018-11-24 16:00:00,0.36,22.242537,0.6533333333333333
2018-11-24 17:00:00,0.01,0.0,0.0
2018-11-24 18:00:00,0.02,0.0,0.0
2018-11-24 19:00:00,0.52,0.0,0.0
2018-11-24 20:00:00,0.7,0.0,0.0
2018-11-24 21:00:00,0.99,0.0,0.0
2018-11-24 22:00:00,1.0,0.0,0.0
2018-11-24 23:00:00,0.99,0.0,0.0
2018-11-25 00:00:00,0.97,0.0,0.0
2018-11-25 01:00:00,0.99,0.0,0.0
2018-11-25 02:00:00,0.9,0.0,0.0
2018-11-25 03:00:00,0.16,0.0,0.0
2018-11-25 04:00:00,0.4,0.0,0.0
2018-11-25 05:00:00,0.36,0.0,0.0
2018-11-25 06:00:00,0.16,0.0,0.0575
2018-11-25 07:00:00,0.03,104.39721,1.0
2018-11-25 08:00:00,0.02,312.0923,1.0
2018-11-25 09:00:00,0.03,490.7262,1.0
2018-11-25 10:00:00,0.01,607.543,1.0
2018-11-25 11:00:00,0.02,651.69696,1.0
2018-11-25 12:00:00,0.02,630.00903,1.0
2018-11-25 13:00:00,0.12,501.889,1.0
2018-11-25 14:00:00,0.17,359.66782,1.0
2018-11-25 15:00:00,0.0,192.21657,1.0
2018-11-25 16:00:00,0.0,24.129568,0.6455555555555555
2018-11-25 17:00:00,0.0,0.0,0.0
2018-11-25 18:00:00,0.0,0.0,0.0
2018-11-25 19:00:00,0.0,0.0,0.0
2018-11-25 20:00:00,0.0,0.0,0.0
2018-11-25 21:00:00,0.0,0.0,0.0
2018-11-25 22:00:00,0.01,0.0,0.0
2018-11-25 23:00:00,0.02,0.0,0.0
2018-11-26 00:00:00,0.03,0.0,0.0
2018-11-26 01:00:00,0.02,0.0,0.0
2018-11-26 02:00:00,0.01,0.0,0.0
2018-11-26 03:00:00,0.0,0.0,0.0
2018-11-26 04:00:00,0.0,0.0,0.0
2018-11-26 05:00:00,0.21,0.0,0.0
2018-11-26 06:00:00,0.04,0.0,0.03944444444444444
2018-11-26 07:00:00,0.59,104.36792,1.0
2018-11-26 08:00:00,0.01,310.6553,1.0
2018-11-26 09:00:00,0.01,482.63803,1.0
2018-11-26 10:00:00,0.01,597.1082,1.0
2018-11-26 11:00:00,0.0,640.26715,1.0
2018-11-26 12:00:00,0.02,601.58057,1.0
2018-11-26 13:00:00,0.24,515.0415,1.0
2018-11-26 14:00:00,0.01,370.9573,1.0
2018-11-26 15:00:00,0.0,184.6894,1.0
2018-11-26 16:00:00,0.0,22.579365,0.6383333333333333
2018-11-26 17:00:00,0.0,0.0,0.0
2018-11-26 18:00:00,0.09,0.0,0.0
2018-11-26 19:00:00,0.18,0.0,0.0
2018-11-26 20:00:00,0.01,0.0,0.0
2018-11-26 21:00:00,0.07,0.0,0.0
2018-11-26 22:00:00,0.16,0.0,0.0
2018-11-26 23:00:00,0.18,0.0,0.0
2018-11-27 00:00:00,0.08,0.0,0.0
2018-11-27 01:00:00,0.0,0.0,0.0
2018-11-27 02:00:00,0.0,0.0,0.0
2018-11-27 03:00:00,0.0,0.0,0.0
2018-11-27 04:00:00,0.0,0.0,0.0
2018-11-27 05:00:00,0.0,0.0,0.0
2018-11-27 06:00:00,0.01,0.0,0.021666666666666667
2018-11-27 07:00:00,0.84,95.11543,1.0
2018-11-27 08:00:00,0.91,263.00104,1.0
2018-11-27 09:00:00,0.78,334.3838,1.0
2018-11-27 10:00:00,1.0,344.17087,1.0
2018-11-27 11:00:00,1.0,258.9232,1.0
2018-11-27 12:00:00,1.0,163.99731,1.0
2018-11-27 13:00:00,1.0,137.16139,1.0
2018-11-27 14:00:00,1.0,55.65969,1.0
2018-11-27 15:00:00,1.0,32.58379,1.0
2018-11-27 16:00:00,1.0,6.4894648,0.6319444444444444
2018-11-27 17:00:00,1.0,0.0,0.0
2018-11-27 18:00:00,1.0,0.0,0.0
2018-11-27 19:00:00,1.0,0.0,0.0
2018-11-27 20:00:00,1.0,0.0,0.0
2018-11-27 21:00:00,1.0,0.0,0.0
2018-11-27 22:00:00,1.0,0.0,0.0
2018-11-27 23:00:00,1.0,0.0,0.0
2018-11-28 00:00:00,1.0,0.0,0.0
2018-11-28 01:00:00,0.91,0.0,0.0
2018-11-28 02:00:00,0.69,0.0,0.0
2018-11-28 03:00:00,0.38,0.0,0.0
2018-11-28 04:00:00,0.27,0.0,0.0
2018-11-28 05:00:00,0.36,0.0,0.0
2018-11-28 06:00:00,0.37,0.0,0.004166666666666667
2018-11-28 07:00:00,0.0,91.3314,1.0
2018-11-28 08:00:00,0.0,307.336,1.0
2018-11-28 09:00:00,0.0,460.48523,1.0
2018-11-28 10:00:00,0.32,544.53723,1.0
2018-11-28 11:00:00,0.52,491.04175,1.0
2018-11-28 12:00:00,0.83,461.37515,1.0
2018-11-28 13:00:00,0.09,520.7543,1.0
2018-11-28 14:00:00,0.99,182.69418,1.0
2018-11-28 15:00:00,1.0,30.811617,1.0
2018-11-28 16:00:00,0.97,17.802376,0.6258333333333334
2018-11-28 17:00:00,1.0,0.0,0.0
2018-11-28 18:00:00,0.99,0.0,0.0
2018-11-28 19:00:00,0.9,0.0,0.0
2018-11-28 20:00:00,0.98,0.0,0.0
2018-11-28 21:00:00,0.7,0.0,0.0
2018-11-28 22:00:00,0.72,0.0,0.0
2018-11-28 23:00:00,0.94,0.0,0.0
2018-11-29 00:00:00,0.0,0.0,0.0
2018-11-29 01:00:00,0.71,0.0,0.0
2018-11-29 02:00:00,0.9,0.0,0.0
2018-11-29 03:00:00,0.04,0.0,0.0
2018-11-29 04:00:00,0.08,0.0,0.0
2018-11-29 05:00:00,0.64,0.0,0.0
2018-11-29 06:00:00,0.07,0.0,0.0
2018-11-29 07:00:00,0.0,86.45588,0.9866666666666667
2018-11-29 08:00:00,0.07,282.0323,1.0
2018-11-29 09:00:00,0.0,429.1059,1.0
2018-11-29 10:00:00,0.0,552.9936,1.0
2018-11-29 11:00:00,0.0,635.81866,1.0
2018-11-29 12:00:00,0.0,607.0109,1.0
2018-11-29 13:00:00,0.0,511.9634,1.0
2018-11-29 14:00:00,0.1,359.33374,1.0
2018-11-29 15:00:00,0.0,177.29475,1.0
2018-11-29 16:00:00,0.1,19.476274,0.6205555555555555
2018-11-29 17:00:00,0.3,0.0,0.0
2018-11-29 18:00:00,0.51,0.0,0.0
2018-11-29 19:00:00,0.8,0.0,0.0
2018-11-29 20:00:00,0.83,0.0,0.0
2018-11-29 21:00:00,0.85,0.0,0.0
2018-11-29 22:00:00,0.82,0.0,0.0
2018-11-29 23:00:00,0.35,0.0,0.0
2018-11-30 00:00:00,0.32,0.0,0.0
2018-11-30 01:00:00,0.24,0.0,0.0
2018-11-30 02:00:00,0.0,0.0,0.0
2018-11-30 03:00:00,0.1,0.0,0.0
2018-11-30 04:00:00,0.15,0.0,0.0
2018-11-30 05:00:00,0.5,0.0,0.0
2018-11-30 06:00:00,0.14,0.0,0.0
2018-11-30 07:00:00,0.28,44.20251,0.9694444444444444
2018-11-30 08:00:00,0.65,120.94621,1.0
2018-11-30 09:00:00,0.73,244.90794,1.0
2018-11-30 10:00:00,0.92,327.73453,1.0
2018-11-30 11:00:00,0.92,411.87067,1.0
2018-11-30 12:00:00,0.95,357.54956,1.0
2018-11-30 13:00:00,0.97,229.47708,1.0
2018-11-30 14:00:00,0.99,85.40798,1.0
2018-11-30 15:00:00,1.0,32.79946,1.0
2018-11-30 16:00:00,1.0,2.981769,0.6155555555555555
2018-11-30 17:00:00,1.0,0.0,0.0
2018-11-30 18:00:00,1.0,0.0,0.0
2018-11-30 19:00:00,1.0,0.0,0.0
2018-11-30 20:00:00,1.0,0.0,0.0
2018-11-30 21:00:00,1.0,0.0,0.0
2018-11-30 22:00:00,0.99,0.0,0.0
2018-11-30 23:00:00,0.98,0.0,0.0
2018-12-01 00:00:00,0.99,0.0,0.0
2018-12-01 01:00:00,0.94,0.0,0.0
2018-12-01 02:00:00,0.71,0.0,0.0
2018-12-01 03:00:00,0.52,0.0,0.0
2018-12-01 04:00:00,0.69,0.0,0.0
2018-12-01 05:00:00,0.67,0.0,0.0
2018-12-01 06:00:00,0.29,0.0,0.0
2018-12-01 07:00:00,0.33,63.869175,0.9525
2018-12-01 08:00:00,0.18,221.5315,1.0
2018-12-01 09:00:00,0.69,334.70068,1.0
2018-12-01 10:00:00,0.17,514.8856,1.0
2018-12-01 11:00:00,0.14,531.92377,1.0
2018-12-01 12:00:00,0.41,565.34247,1.0
2018-12-01 13:00:00,0.32,466.2553,1.0
2018-12-01 14:00:00,0.74,330.82202,1.0
2018-12-01 15:00:00,0.88,116.066574,1.0
2018-12-01 16:00:00,0.87,12.585765,0.6113888888888889
2018-12-01 17:00:00,0.88,0.0,0.0
2018-12-01 18:00:00,0.92,0.0,0.0
2018-12-01 19:00:00,0.65,0.0,0.0
2018-12-01 20:00:00,0.97,0.0,0.0
2018-12-01 21:00:00,0.99,0.0,0.0
2018-12-01 22:00:00,0.82,0.0,0.0
2018-12-01 23:00:00,0.86,0.0,0.0
2018-12-02 00:00:00,0.6,0.0,0.0
2018-12-02 01:00:00,0.06,0.0,0.0
2018-12-02 02:00:00,0.03,0.0,0.0
2018-12-02 03:00:00,0.02,0.0,0.0
2018-12-02 04:00:00,0.02,0.0,0.0
2018-12-02 05:00:00,0.01,0.0,0.0
2018-12-02 06:00:00,0.0,0.0,0.0
2018-12-02 07:00:00,0.0,83.45427,0.9358333333333333
2018-12-02 08:00:00,0.0,290.06772,1.0
2018-12-02 09:00:00,0.0,464.04355,1.0
2018-12-02 10:00:00,0.0,580.72784,1.0
2018-12-02 11:00:00,0.0,629.37213,1.0
2018-12-02 12:00:00,0.01,608.09564,1.0
2018-12-02 13:00:00,0.02,519.7788,1.0
2018-12-02 14:00:00,0.43,361.7963,1.0
2018-12-02 15:00:00,0.9,161.23029,1.0
2018-12-02 16:00:00,0.81,17.967037,0.6077777777777778
2018-12-02 17:00:00,0.54,0.0,0.0
2018-12-02 18:00:00,0.89,0.0,0.0
2018-12-02 19:00:00,0.95,0.0,0.0
2018-12-02 20:00:00,1.0,0.0,0.0
2018-12-02 21:00:00,0.99,0.0,0.0
2018-12-02 22:00:00,1.0,0.0,0.0
2018-12-02 23:00:00,1.0,0.0,0.0
2018-12-03 00:00:00,1.0,0.0,0.0
2018-12-03 01:00:00,0.95,0.0,0.0
2018-12-03 02:00:00,0.93,0.0,0.0
2018-12-03 03:00:00,0.76,0.0,0.0
2018-12-03 04:00:00,0.73,0.0,0.0
2018-12-03 05:00:00,0.65,0.0,0.0
2018-12-03 06:00:00,0.91,0.0,0.0
2018-12-03 07:00:00,0.71,54.546688,0.9194444444444444
2018-12-03 08:00:00,0.85,231.32648,1.0
2018-12-03 09:00:00,0.89,363.41995,1.0
2018-12-03 10:00:00,0.72,484.95166,1.0
2018-12-03 11:00:00,0.84,560.6704,1.0
2018-12-03 12:00:00,0.62,541.6371,1.0
2018-12-03 13:00:00,0.96,352.87097,1.0
2018-12-03 14:00:00,0.97,237.98183,1.0
2018-12-03 15:00:00,0.93,108.52557,1.0
2018-12-03 16:00:00,0.88,11.6488905,0.6044444444444445
2018-12-03 17:00:00,0.52,0.0,0.0
2018-12-03 18:00:00,0.66,0.0,0.0
2018-12-03 19:00:00,0.42,0.0,0.0
2018-12-03 20:00:00,0.17,0.0,0.0
2018-12-03 21:00:00,0.36,0.0,0.0
2018-12-03 22:00:00,0.12,0.0,0.0
2018-12-03 23:00:00,0.51,0.0,0.0
2018-12-04 00:00:00,0.1,0.0,0.0
2018-12-04 01:00:00,0.0,0.0,0.0
2018-12-04 02:00:00,0.0,0.0,0.0
2018-12-04 03:00:00,0.0,0.0,0.0
2018-12-04 04:00:00,0.0,0.0,0.0
2018-12-04 05:00:00,0.0,0.0,0.0
2018-12-04 06:00:00,0.01,0.0,0.0
2018-12-04 07:00:00,0.18,69.01593,0.9036111111111111
2018-12-04 08:00:00,0.21,270.49805,1.0
2018-12-04 09:00:00,0.17,434.58032,1.0
2018-12-04 10:00:00,0.07,556.5953,1.0
2018-12-04 11:00:00,0.02,630.20496,1.0
2018-12-04 12:00:00,0.0,620.05493,1.0
2018-12-04 13:00:00,0.0,533.8344,1.0
2018-12-04 14:00:00,0.0,382.60635,1.0
2018-12-04 15:00:00,0.0,190.29137,1.0
2018-12-04 16:00:00,0.0,21.849997,0.6019444444444444
2018-12-04 17:00:00,0.0,0.0,0.0
2018-12-04 18:00:00,0.0,0.0,0.0
2018-12-04 19:00:00,0.0,0.0,0.0
2018-12-04 20:00:00,0.0,0.0,0.0
2018-12-04 21:00:00,0.37,0.0,0.0
2018-12-04 22:00:00,0.01,0.0,0.0
2018-12-04 23:00:00,0.0,0.0,0.0
2018-12-05 00:00:00,0.73,0.0,0.0
2018-12-05 01:00:00,0.93,0.0,0.0
2018-12-05 02:00:00,0.42,0.0,0.0
2018-12-05 03:00:00,0.82,0.0,0.0
2018-12-05 04:00:00,0.76,0.0,0.0
2018-12-05 05:00:00,0.98,0.0,0.0
2018-12-05 06:00:00,0.99,0.0,0.0
2018-12-05 07:00:00,0.81,48.829395,0.8880555555555556
2018-12-05 08:00:00,0.85,234.84096,1.0
2018-12-05 09:00:00,0.95,422.18015,1.0
2018-12-05 10:00:00,0.92,516.07263,1.0
2018-12-05 11:00:00,0.96,517.24994,1.0
2018-12-05 12:00:00,0.94,486.59143,1.0
2018-12-05 13:00:00,0.97,443.31628,1.0
2018-12-05 14:00:00,0.95,281.33072,1.0
2018-12-05 15:00:00,0.9,115.631035,1.0
2018-12-05 16:00:00,0.66,15.444709,0.6
2018-12-05 17:00:00,0.45,0.0,0.0
2018-12-05 18:00:00,0.92,0.0,0.0
2018-12-05 19:00:00,0.74,0.0,0.0
2018-12-05 20:00:00,0.09,0.0,0.0
2018-12-05 21:00:00,0.75,0.0,0.0
2018-12-05 22:00:00,0.53,0.0,0.0
2018-12-05 23:00:00,0.0,0.0,0.0
2018-12-06 00:00:00,0.2,0.0,0.0
2018-12-06 01:00:00,0.63,0.0,0.0
2018-12-06 02:00:00,0.14,0.0,0.0
2018-12-06 03:00:00,0.37,0.0,0.0
2018-12-06 04:00:00,0.45,0.0,0.0
2018-12-06 05:00:00,0.4,0.0,0.0
2018-12-06 06:00:00,0.99,0.0,0.0
2018-12-06 07:00:00,0.98,26.298426,0.8730555555555556
2018-12-06 08:00:00,0.96,88.43824,1.0
2018-12-06 09:00:00,0.97,249.61261,1.0
2018-12-06 10:00:00,0.98,399.74615,1.0
2018-12-06 11:00:00,0.97,535.68964,1.0
2018-12-06 12:00:00,0.94,535.3827,1.0
2018-12-06 13:00:00,0.62,416.81256,1.0
2018-12-06 14:00:00,0.83,260.5381,1.0
2018-12-06 15:00:00,0.97,89.22397,1.0
2018-12-06 16:00:00,0.68,13.603384,0.5988888888888889
2018-12-06 17:00:00,0.53,0.0,0.0
2018-12-06 18:00:00,0.05,0.0,0.0
2018-12-06 19:00:00,0.18,0.0,0.0
2018-12-06 20:00:00,0.91,0.0,0.0
2018-12-06 21:00:00,0.81,0.0,0.0
2018-12-06 22:00:00,0.71,0.0,0.0
2018-12-06 23:00:00,1.0,0.0,0.0
2018-12-07 00:00:00,0.97,0.0,0.0
2018-12-07 01:00:00,0.89,0.0,0.0
2018-12-07 02:00:00,0.91,0.0,0.0
2018-12-07 03:00:00,0.94,0.0,0.0
2018-12-07 04:00:00,0.91,0.0,0.0
2018-12-07 05:00:00,0.91,0.0,0.0
2018-12-07 06:00:00,0.6,0.0,0.0
2018-12-07 07:00:00,0.68,44.378048,0.8586111111111111
2018-12-07 08:00:00,0.61,210.06755,1.0
2018-12-07 09:00:00,0.5,412.7689,1.0
2018-12-07 10:00:00,0.18,544.9526,1.0
2018-12-07 11:00:00,0.0,606.2139,1.0
2018-12-07 12:00:00,0.0,587.5785,1.0
2018-12-07 13:00:00,0.0,499.51443,1.0
2018-12-07 14:00:00,0.0,352.93887,1.0
2018-12-07 15:00:00,0.0,169.19585,1.0
2018-12-07 16:00:00,0.0,18.318132,0.5980555555555556
2018-12-07 17:00:00,0.0,0.0,0.0
2018-12-07 18:00:00,0.0,0.0,0.0
2018-12-07 19:00:00,0.0,0.0,0.0
2018-12-07 20:00:00,0.0,0.0,0.0
2018-12-07 21:00:00,0.0,0.0,0.0
2018-12-07 22:00:00,0.0,0.0,0.0
2018-12-07 23:00:00,0.0,0.0,0.0
2018-12-08 00:00:00,0.0,0.0,0.0
2018-12-08 01:00:00,0.0,0.0,0.0
2018-12-08 02:00:00,0.0,0.0,0.0
2018-12-08 03:00:00,0.0,0.0,0.0
2018-12-08 04:00:00,0.0,0.0,0.0
2018-12-08 05:00:00,0.0,0.0,0.0
2018-12-08 06:00:00,0.0,0.0,0.0
2018-12-08 07:00:00,0.0,62.625454,0.8444444444444444
2018-12-08 08:00:00,0.01,262.44482,1.0
2018-12-08 09:00:00,0.09,428.18088,1.0
2018-12-08 10:00:00,0.06,541.7212,1.0
2018-12-08 11:00:00,0.04,596.98083,1.0
2018-12-08 12:00:00,0.02,582.9022,1.0
2018-12-08 13:00:00,0.03,505.13696,1.0
2018-12-08 14:00:00,0.04,362.92905,1.0
2018-12-08 15:00:00,0.25,177.11253,1.0
2018-12-08 16:00:00,0.46,18.367775,0.5977777777777777
2018-12-08 17:00:00,0.63,0.0,0.0
2018-12-08 18:00:00,0.63,0.0,0.0
2018-12-08 19:00:00,0.93,0.0,0.0
2018-12-08 20:00:00,0.73,0.0,0.0
2018-12-08 21:00:00,0.79,0.0,0.0
2018-12-08 22:00:00,0.95,0.0,0.0
2018-12-08 23:00:00,0.56,0.0,0.0
2018-12-09 00:00:00,0.65,0.0,0.0
2018-12-09 01:00:00,0.64,0.0,0.0
2018-12-09 02:00:00,0.73,0.0,0.0
2018-12-09 03:00:00,0.82,0.0,0.0
2018-12-09 04:00:00,0.89,0.0,0.0
2018-12-09 05:00:00,0.87,0.0,0.0
2018-12-09 06:00:00,0.55,0.0,0.0
2018-12-09 07:00:00,0.47,51.569515,0.8308333333333333
2018-12-09 08:00:00,0.62,93.566376,1.0
2018-12-09 09:00:00,0.69,299.3634,1.0
2018-12-09 10:00:00,0.73,357.06223,1.0
2018-12-09 11:00:00,0.25,575.15643,1.0
2018-12-09 12:00:00,0.02,591.94885,1.0
2018-12-09 13:00:00,0.0,512.80554,1.0
2018-12-09 14:00:00,0.0,368.6226,1.0
2018-12-09 15:00:00,0.0,182.59265,1.0
2018-12-09 16:00:00,0.0,21.232882,0.5983333333333334
2018-12-09 17:00:00,0.0,0.0,0.0
2018-12-09 18:00:00,0.0,0.0,0.0
2018-12-09 19:00:00,0.0,0.0,0.0
2018-12-09 20:00:00,0.0,0.0,0.0
2018-12-09 21:00:00,0.0,0.0,0.0
2018-12-09 22:00:00,0.0,0.0,0.0
2018-12-09 23:00:00,0.0,0.0,0.0
2018-12-10 00:00:00,0.0,0.0,0.0
2018-12-10 01:00:00,0.0,0.0,0.0
2018-12-10 02:00:00,0.0,0.0,0.0
2018-12-10 03:00:00,0.0,0.0,0.0
2018-12-10 04:00:00,0.0,0.0,0.0
2018-12-10 05:00:00,0.0,0.0,0.0
2018-12-10 06:00:00,0.0,0.0,0.0
2018-12-10 07:00:00,0.0,67.97867,0.8180555555555555
2018-12-10 08:00:00,0.09,282.28543,1.0
2018-12-10 09:00:00,0.1,463.554,1.0
2018-12-10 10:00:00,0.44,578.8542,1.0
2018-12-10 11:00:00,0.52,621.3687,1.0
2018-12-10 12:00:00,0.81,573.4157,1.0
2018-12-10 13:00:00,0.83,418.93567,1.0
2018-12-10 14:00:00,1.0,220.9583,1.0
2018-12-10 15:00:00,1.0,71.911896,1.0
2018-12-10 16:00:00,1.0,5.963538,0.5994444444444444
2018-12-10 17:00:00,1.0,0.0,0.0
2018-12-10 18:00:00,1.0,0.0,0.0
2018-12-10 19:00:00,1.0,0.0,0.0
2018-12-10 20:00:00,1.0,0.0,0.0
2018-12-10 21:00:00,1.0,0.0,0.0
2018-12-10 22:00:00,0.98,0.0,0.0
2018-12-10 23:00:00,0.83,0.0,0.0
2018-12-11 00:00:00,0.94,0.0,0.0
2018-12-11 01:00:00,0.84,0.0,0.0
2018-12-11 02:00:00,0.74,0.0,0.0
2018-12-11 03:00:00,0.65,0.0,0.0
2018-12-11 04:00:00,0.76,0.0,0.0
2018-12-11 05:00:00,0.55,0.0,0.0
2018-12-11 06:00:00,0.16,0.0,0.0
2018-12-11 07:00:00,0.4,55.05154,0.805
2018-12-11 08:00:00,0.28,241.64078,1.0
2018-12-11 09:00:00,0.19,412.6755,1.0
2018-12-11 10:00:00,0.2,552.62244,1.0
2018-12-11 11:00:00,0.0,607.69055,1.0
2018-12-11 12:00:00,0.0,597.7885,1.0
2018-12-11 13:00:00,0.0,514.28253,1.0
2018-12-11 14:00:00,0.0,366.661,1.0
2018-12-11 15:00:00,0.0,181.59348,1.0
2018-12-11 16:00:00,0.0,21.312067,0.6011111111111112
2018-12-11 17:00:00,0.0,0.0,0.0
2018-12-11 18:00:00,0.0,0.0,0.0
2018-12-11 19:00:00,0.0,0.0,0.0
2018-12-11 20:00:00,0.0,0.0,0.0
2018-12-11 21:00:00,0.0,0.0,0.0
2018-12-11 22:00:00,0.0,0.0,0.0
2018-12-11 23:00:00,0.0,0.0,0.0
2018-12-12 00:00:00,0.01,0.0,0.0
2018-12-12 01:00:00,0.0,0.0,0.0
2018-12-12 02:00:00,0.01,0.0,0.0
2018-12-12 03:00:00,0.0,0.0,0.0
2018-12-12 04:00:00,1.0,0.0,0.0
2018-12-12 05:00:00,1.0,0.0,0.0
2018-12-12 06:00:00,1.0,0.0,0.0
2018-12-12 07:00:00,1.0,24.539577,0.7925
2018-12-12 08:00:00,0.97,94.42531,1.0
2018-12-12 09:00:00,0.99,239.28506,1.0
2018-12-12 10:00:00,0.97,442.3806,1.0
2018-12-12 11:00:00,1.0,461.131,1.0
2018-12-12 12:00:00,0.99,438.51654,1.0
2018-12-12 13:00:00,0.99,366.06107,1.0
2018-12-12 14:00:00,1.0,96.10337,1.0
2018-12-12 15:00:00,1.0,59.539127,1.0
2018-12-12 16:00:00,1.0,7.9513845,0.6038888888888889
2018-12-12 17:00:00,0.97,0.0,0.0
2018-12-12 18:00:00,1.0,0.0,0.0
2018-12-12 19:00:00,1.0,0.0,0.0
2018-12-12 20:00:00,1.0,0.0,0.0
2018-12-12 21:00:00,1.0,0.0,0.0
2018-12-12 22:00:00,1.0,0.0,0.0
2018-12-12 23:00:00,1.0,0.0,0.0
2018-12-13 00:00:00,1.0,0.0,0.0
2018-12-13 01:00:00,0.48,0.0,0.0
2018-12-13 02:00:00,0.59,0.0,0.0
2018-12-13 03:00:00,0.74,0.0,0.0
2018-12-13 04:00:00,0.53,0.0,0.0
2018-12-13 05:00:00,0.46,0.0,0.0
2018-12-13 06:00:00,0.03,0.0,0.0
2018-12-13 07:00:00,0.31,45.651264,0.7802777777777777
2018-12-13 08:00:00,0.33,207.48122,1.0
2018-12-13 09:00:00,0.11,416.00143,1.0
2018-12-13 10:00:00,0.03,552.31055,1.0
2018-12-13 11:00:00,0.01,615.34735,1.0
2018-12-13 12:00:00,0.02,602.8811,1.0
2018-12-13 13:00:00,0.01,517.29126,1.0
2018-12-13 14:00:00,0.01,372.50168,1.0
2018-12-13 15:00:00,0.01,185.75587,1.0
2018-12-13 16:00:00,0.0,21.348272,0.6072222222222222
2018-12-13 17:00:00,0.0,0.0,0.0
2018-12-13 18:00:00,0.0,0.0,0.0
2018-12-13 19:00:00,0.02,0.0,0.0
2018-12-13 20:00:00,0.52,0.0,0.0
2018-12-13 21:00:00,0.39,0.0,0.0
2018-12-13 22:00:00,0.25,0.0,0.0
2018-12-13 23:00:00,0.0,0.0,0.0
2018-12-14 00:00:00,0.0,0.0,0.0
2018-12-14 01:00:00,0.0,0.0,0.0
2018-12-14 02:00:00,0.0,0.0,0.0
2018-12-14 03:00:00,0.0,0.0,0.0
2018-12-14 04:00:00,0.0,0.0,0.0
2018-12-14 05:00:00,0.0,0.0,0.0
2018-12-14 06:00:00,0.0,0.0,0.0
2018-12-14 07:00:00,0.0,54.29969,0.7683333333333333
2018-12-14 08:00:00,0.0,253.88591,1.0
2018-12-14 09:00:00,0.0,429.82904,1.0
2018-12-14 10:00:00,0.0,551.0233,1.0
2018-12-14 11:00:00,0.0,606.17755,1.0
2018-12-14 12:00:00,0.0,592.1249,1.0
2018-12-14 13:00:00,0.0,508.77228,1.0
2018-12-14 14:00:00,0.0,366.39758,1.0
2018-12-14 15:00:00,0.0,184.38739,1.0
2018-12-14 16:00:00,0.0,22.34445,0.6111111111111112
2018-12-14 17:00:00,0.95,0.0,0.0
2018-12-14 18:00:00,0.86,0.0,0.0
2018-12-14 19:00:00,0.9,0.0,0.0
2018-12-14 20:00:00,0.86,0.0,0.0
2018-12-14 21:00:00,0.92,0.0,0.0
2018-12-14 22:00:00,0.91,0.0,0.0
2018-12-14 23:00:00,0.99,0.0,0.0
2018-12-15 00:00:00,0.96,0.0,0.0
2018-12-15 01:00:00,0.99,0.0,0.0
2018-12-15 02:00:00,0.98,0.0,0.0
2018-12-15 03:00:00,0.99,0.0,0.0
2018-12-15 04:00:00,1.0,0.0,0.0
2018-12-15 05:00:00,1.0,0.0,0.0
2018-12-15 06:00:00,1.0,0.0,0.0
2018-12-15 07:00:00,1.0,8.945308,0.7566666666666667
2018-12-15 08:00:00,1.0,91.680954,1.0
2018-12-15 09:00:00,1.0,208.95055,1.0
2018-12-15 10:00:00,1.0,183.63979,1.0
2018-12-15 11:00:00,1.0,217.1268,1.0
2018-12-15 12:00:00,1.0,234.55717,1.0
2018-12-15 13:00:00,1.0,167.97299,1.0
2018-12-15 14:00:00,1.0,108.337616,1.0
2018-12-15 15:00:00,1.0,88.56607,1.0
2018-12-15 16:00:00,0.0,18.49222,0.6155555555555555
2018-12-15 17:00:00,0.0,0.0,0.0
2018-12-15 18:00:00,0.0,0.0,0.0
2018-12-15 19:00:00,0.0,0.0,0.0
2018-12-15 20:00:00,0.0,0.0,0.0
2018-12-15 21:00:00,0.0,0.0,0.0
2018-12-15 22:00:00,0.0,0.0,0.0
2018-12-15 23:00:00,0.0,0.0,0.0
2018-12-16 00:00:00,0.0,0.0,0.0
2018-12-16 01:00:00,0.0,0.0,0.0
2018-12-16 02:00:00,0.12,0.0,0.0
2018-12-16 03:00:00,0.0,0.0,0.0
2018-12-16 04:00:00,0.0,0.0,0.0
2018-12-16 05:00:00,0.0,0.0,0.0
2018-12-16 06:00:00,0.0,0.0,0.0
2018-12-16 07:00:00,0.0,51.276352,0.7455555555555555
2018-12-16 08:00:00,0.0,253.90843,1.0
2018-12-16 09:00:00,0.0,432.09564,1.0
2018-12-16 10:00:00,0.0,555.1526,1.0
2018-12-16 11:00:00,0.0,610.9547,1.0
2018-12-16 12:00:00,0.0,597.66376,1.0
2018-12-16 13:00:00,0.0,515.7603,1.0
2018-12-16 14:00:00,0.0,372.00705,1.0
2018-12-16 15:00:00,0.0,187.31827,1.0
2018-12-16 16:00:00,0.0,23.24678,0.6208333333333333
2018-12-16 17:00:00,0.0,0.0,0.0
2018-12-16 18:00:00,0.0,0.0,0.0
2018-12-16 19:00:00,0.0,0.0,0.0
2018-12-16 20:00:00,0.0,0.0,0.0
2018-12-16 21:00:00,0.0,0.0,0.0
2018-12-16 22:00:00,0.0,0.0,0.0
2018-12-16 23:00:00,0.0,0.0,0.0
2018-12-17 00:00:00,0.0,0.0,0.0
2018-12-17 01:00:00,0.0,0.0,0.0
2018-12-17 02:00:00,0.0,0.0,0.0
2018-12-17 03:00:00,0.0,0.0,0.0
2018-12-17 04:00:00,0.0,0.0,0.0
2018-12-17 05:00:00,0.0,0.0,0.0
2018-12-17 06:00:00,0.38,0.0,0.0
2018-12-17 07:00:00,0.48,45.08419,0.7347222222222223
2018-12-17 08:00:00,0.38,239.38997,1.0
2018-12-17 09:00:00,0.3,414.9001,1.0
2018-12-17 10:00:00,0.37,531.05756,1.0
2018-12-17 11:00:00,0.36,586.8994,1.0
2018-12-17 12:00:00,0.77,549.2612,1.0
2018-12-17 13:00:00,0.7,489.06674,1.0
2018-12-17 14:00:00,0.96,321.0456,1.0
2018-12-17 15:00:00,0.99,122.12476,1.0
2018-12-17 16:00:00,0.97,14.696543,0.6269444444444444
2018-12-17 17:00:00,0.66,0.0,0.0
2018-12-17 18:00:00,0.91,0.0,0.0
2018-12-17 19:00:00,0.9,0.0,0.0
2018-12-17 20:00:00,0.93,0.0,0.0
2018-12-17 21:00:00,0.93,0.0,0.0
2018-12-17 22:00:00,0.95,0.0,0.0
2018-12-17 23:00:00,0.96,0.0,0.0
2018-12-18 00:00:00,0.96,0.0,0.0
2018-12-18 01:00:00,0.98,0.0,0.0
2018-12-18 02:00:00,0.99,0.0,0.0
2018-12-18 03:00:00,0.88,0.0,0.0
2018-12-18 04:00:00,0.09,0.0,0.0
2018-12-18 05:00:00,0.12,0.0,0.0
2018-12-18 06:00:00,0.17,0.0,0.0
2018-12-18 07:00:00,0.12,43.3735,0.7244444444444444
2018-12-18 08:00:00,0.23,235.34657,1.0
2018-12-18 09:00:00,0.45,401.0245,1.0
2018-12-18 10:00:00,0.01,533.0905,1.0
2018-12-18 11:00:00,0.0,589.58105,1.0
2018-12-18 12:00:00,0.0,578.48535,1.0
2018-12-18 13:00:00,0.0,499.77118,1.0
2018-12-18 14:00:00,0.0,362.14563,1.0
2018-12-18 15:00:00,0.0,185.2995,1.0
2018-12-18 16:00:00,0.0,24.17165,0.6333333333333333
2018-12-18 17:00:00,0.0,0.0,0.0
2018-12-18 18:00:00,0.01,0.0,0.0
2018-12-18 19:00:00,0.19,0.0,0.0
2018-12-18 20:00:00,0.21,0.0,0.0
2018-12-18 21:00:00,0.08,0.0,0.0
2018-12-18 22:00:00,0.44,0.0,0.0
2018-12-18 23:00:00,0.41,0.0,0.0
2018-12-19 00:00:00,0.34,0.0,0.0
2018-12-19 01:00:00,0.75,0.0,0.0
2018-12-19 02:00:00,0.67,0.0,0.0
2018-12-19 03:00:00,0.66,0.0,0.0
2018-12-19 04:00:00,0.58,0.0,0.0
2018-12-19 05:00:00,0.85,0.0,0.0
2018-12-19 06:00:00,0.79,0.0,0.0
2018-12-19 07:00:00,0.69,28.189747,0.7144444444444444
2018-12-19 08:00:00,0.83,132.42079,1.0
2018-12-19 09:00:00,0.87,136.08563,1.0
2018-12-19 10:00:00,0.7,361.41254,1.0
2018-12-19 11:00:00,0.38,466.6217,1.0
2018-12-19 12:00:00,0.26,485.77014,1.0
2018-12-19 13:00:00,0.28,404.68243,1.0
2018-12-19 14:00:00,0.2,314.14273,1.0
2018-12-19 15:00:00,0.13,157.99966,1.0
2018-12-19 16:00:00,0.61,15.580504,0.6402777777777777
2018-12-19 17:00:00,0.39,0.0,0.0
2018-12-19 18:00:00,0.77,0.0,0.0
2018-12-19 19:00:00,0.63,0.0,0.0
2018-12-19 20:00:00,0.67,0.0,0.0
2018-12-19 21:00:00,0.85,0.0,0.0
2018-12-19 22:00:00,0.89,0.0,0.0
2018-12-19 23:00:00,0.85,0.0,0.0
2018-12-20 00:00:00,0.61,0.0,0.0
2018-12-20 01:00:00,0.57,0.0,0.0
2018-12-20 02:00:00,0.29,0.0,0.0
2018-12-20 03:00:00,0.46,0.0,0.0
2018-12-20 04:00:00,0.28,0.0,0.0
2018-12-20 05:00:00,0.27,0.0,0.0
2018-12-20 06:00:00,0.29,0.0,0.0
2018-12-20 07:00:00,0.28,34.162453,0.705
2018-12-20 08:00:00,0.18,204.94902,1.0
2018-12-20 09:00:00,0.03,394.40247,1.0
2018-12-20 10:00:00,0.01,528.1699,1.0
2018-12-20 11:00:00,0.01,588.6764,1.0
2018-12-20 12:00:00,0.0,579.7574,1.0
2018-12-20 13:00:00,0.0,502.20456,1.0
2018-12-20 14:00:00,0.0,364.4424,1.0
2018-12-20 15:00:00,0.01,184.13771,1.0
2018-12-20 16:00:00,0.0,24.065039,0.6480555555555556
2018-12-20 17:00:00,0.0,0.0,0.0
2018-12-20 18:00:00,0.12,0.0,0.0
2018-12-20 19:00:00,0.0,0.0,0.0
2018-12-20 20:00:00,0.0,0.0,0.0
2018-12-20 21:00:00,0.86,0.0,0.0
2018-12-20 22:00:00,0.34,0.0,0.0
2018-12-20 23:00:00,0.55,0.0,0.0
2018-12-21 00:00:00,0.78,0.0,0.0
2018-12-21 01:00:00,0.69,0.0,0.0
2018-12-21 02:00:00,0.79,0.0,0.0
2018-12-21 03:00:00,1.0,0.0,0.0
2018-12-21 04:00:00,1.0,0.0,0.0
2018-12-21 05:00:00,0.89,0.0,0.0
2018-12-21 06:00:00,0.98,0.0,0.0
2018-12-21 07:00:00,0.76,34.39139,0.6961111111111111
2018-12-21 08:00:00,0.68,221.60161,1.0
2018-12-21 09:00:00,0.17,419.61246,1.0
2018-12-21 10:00:00,0.21,540.86774,1.0
2018-12-21 11:00:00,0.16,587.7796,1.0
2018-12-21 12:00:00,0.0,584.44226,1.0
2018-12-21 13:00:00,0.0,504.82394,1.0
2018-12-21 14:00:00,0.0,370.68787,1.0
2018-12-21 15:00:00,0.29,187.83742,1.0
2018-12-21 16:00:00,0.25,23.09946,0.6561111111111111
2018-12-21 17:00:00,0.18,0.0,0.0
2018-12-21 18:00:00,0.0,0.0,0.0
2018-12-21 19:00:00,0.02,0.0,0.0
2018-12-21 20:00:00,0.24,0.0,0.0
2018-12-21 21:00:00,0.08,0.0,0.0
2018-12-21 22:00:00,0.02,0.0,0.0
2018-12-21 23:00:00,0.0,0.0,0.0
2018-12-22 00:00:00,0.0,0.0,0.0
2018-12-22 01:00:00,0.0,0.0,0.0
2018-12-22 02:00:00,0.0,0.0,0.0
2018-12-22 03:00:00,0.0,0.0,0.0
2018-12-22 04:00:00,0.01,0.0,0.0
2018-12-22 05:00:00,0.0,0.0,0.0
2018-12-22 06:00:00,0.32,0.0,0.0
2018-12-22 07:00:00,0.22,35.504025,0.6877777777777778
2018-12-22 08:00:00,0.12,228.13135,1.0
2018-12-22 09:00:00,0.07,359.1906,1.0
2018-12-22 10:00:00,0.49,500.27682,1.0
2018-12-22 11:00:00,0.51,492.17535,1.0
2018-12-22 12:00:00,0.92,482.3723,1.0
2018-12-22 13:00:00,0.86,414.46524,1.0
2018-12-22 14:00:00,0.89,322.57217,1.0
2018-12-22 15:00:00,0.71,171.29985,1.0
2018-12-22 16:00:00,0.01,26.804148,0.6647222222222222
2018-12-22 17:00:00,0.0,0.0,0.0
2018-12-22 18:00:00,0.85,0.0,0.0
2018-12-22 19:00:00,0.75,0.0,0.0
2018-12-22 20:00:00,0.59,0.0,0.0
2018-12-22 21:00:00,0.04,0.0,0.0
2018-12-22 22:00:00,0.0,0.0,0.0
2018-12-22 23:00:00,0.0,0.0,0.0
2018-12-23 00:00:00,0.0,0.0,0.0
2018-12-23 01:00:00,0.0,0.0,0.0
2018-12-23 02:00:00,0.41,0.0,0.0
2018-12-23 03:00:00,0.88,0.0,0.0
2018-12-23 04:00:00,0.46,0.0,0.0
2018-12-23 05:00:00,0.4,0.0,0.0
2018-12-23 06:00:00,0.36,0.0,0.0
2018-12-23 07:00:00,0.25,33.684444,0.6797222222222222
2018-12-23 08:00:00,0.59,237.28639,1.0
2018-12-23 09:00:00,0.39,419.70886,1.0
2018-12-23 10:00:00,0.48,543.62335,1.0
2018-12-23 11:00:00,0.64,600.91986,1.0
2018-12-23 12:00:00,0.26,598.6092,1.0
2018-12-23 13:00:00,0.74,508.18365,1.0
2018-12-23 14:00:00,0.88,362.06552,1.0
2018-12-23 15:00:00,0.0,200.76033,1.0
2018-12-23 16:00:00,0.0,28.590553,0.6738888888888889
2018-12-23 17:00:00,0.0,0.0,0.0
2018-12-23 18:00:00,0.42,0.0,0.0
2018-12-23 19:00:00,0.99,0.0,0.0
2018-12-23 20:00:00,0.91,0.0,0.0
2018-12-23 21:00:00,0.72,0.0,0.0
2018-12-23 22:00:00,0.75,0.0,0.0
2018-12-23 23:00:00,0.0,0.0,0.0
2018-12-24 00:00:00,0.51,0.0,0.0
2018-12-24 01:00:00,0.94,0.0,0.0
2018-12-24 02:00:00,0.83,0.0,0.0
2018-12-24 03:00:00,0.81,0.0,0.0
2018-12-24 04:00:00,0.42,0.0,0.0
2018-12-24 05:00:00,0.14,0.0,0.0
2018-12-24 06:00:00,0.94,0.0,0.0
2018-12-24 07:00:00,1.0,5.963538,0.6727777777777778
2018-12-24 08:00:00,0.99,42.738693,1.0
2018-12-24 09:00:00,0.98,105.87335,1.0
2018-12-24 10:00:00,0.97,250.78513,1.0
2018-12-24 11:00:00,0.53,517.5569,1.0
2018-12-24 12:00:00,0.18,577.3719,1.0
2018-12-24 13:00:00,0.96,297.4246,1.0
2018-12-24 14:00:00,0.84,252.88278,1.0
2018-12-24 15:00:00,0.26,173.6461,1.0
2018-12-24 16:00:00,0.0,27.610556,0.6833333333333333
2018-12-24 17:00:00,0.01,0.0,0.0
2018-12-24 18:00:00,0.12,0.0,0.0
2018-12-24 19:00:00,0.33,0.0,0.0
2018-12-24 20:00:00,0.19,0.0,0.0
2018-12-24 21:00:00,0.4,0.0,0.0
2018-12-24 22:00:00,0.53,0.0,0.0
2018-12-24 23:00:00,0.81,0.0,0.0
2018-12-25 00:00:00,0.87,0.0,0.0
2018-12-25 01:00:00,0.94,0.0,0.0
2018-12-25 02:00:00,0.98,0.0,0.0
2018-12-25 03:00:00,0.98,0.0,0.0
2018-12-25 04:00:00,0.91,0.0,0.0
2018-12-25 05:00:00,0.99,0.0,0.0
2018-12-25 06:00:00,0.92,0.0,0.0
2018-12-25 07:00:00,0.92,16.928253,0.6661111111111111
2018-12-25 08:00:00,0.89,118.3211,1.0
2018-12-25 09:00:00,0.29,371.1709,1.0
2018-12-25 10:00:00,0.18,509.9351,1.0
2018-12-25 11:00:00,0.01,594.97,1.0
2018-12-25 12:00:00,0.0,588.25256,1.0
2018-12-25 13:00:00,0.0,510.3523,1.0
2018-12-25 14:00:00,0.0,373.00827,1.0
2018-12-25 15:00:00,0.43,185.60826,1.0
2018-12-25 16:00:00,0.66,24.788036,0.6933333333333334
2018-12-25 17:00:00,0.63,0.0,0.0
2018-12-25 18:00:00,0.83,0.0,0.0
2018-12-25 19:00:00,0.54,0.0,0.0
2018-12-25 20:00:00,0.69,0.0,0.0
2018-12-25 21:00:00,0.67,0.0,0.0
2018-12-25 22:00:00,0.24,0.0,0.0
2018-12-25 23:00:00,0.0,0.0,0.0
2018-12-26 00:00:00,0.65,0.0,0.0
2018-12-26 01:00:00,0.31,0.0,0.0
2018-12-26 02:00:00,0.19,0.0,0.0
2018-12-26 03:00:00,0.0,0.0,0.0
2018-12-26 04:00:00,0.0,0.0,0.0
2018-12-26 05:00:00,0.04,0.0,0.0
2018-12-26 06:00:00,0.78,0.0,0.0
2018-12-26 07:00:00,0.77,27.996151,0.6602777777777777
2018-12-26 08:00:00,0.73,169.22041,1.0
2018-12-26 09:00:00,0.39,344.28653,1.0
2018-12-26 10:00:00,0.69,490.2226,1.0
2018-12-26 11:00:00,0.34,592.53876,1.0
2018-12-26 12:00:00,0.01,585.54285,1.0
2018-12-26 13:00:00,0.09,466.48297,1.0
2018-12-26 14:00:00,0.14,340.8969,1.0
2018-12-26 15:00:00,0.18,169.3956,1.0
2018-12-26 16:00:00,0.39,22.003387,0.7038888888888889
2018-12-26 17:00:00,0.7,0.0,0.0
2018-12-26 18:00:00,1.0,0.0,0.0
2018-12-26 19:00:00,0.98,0.0,0.0
2018-12-26 20:00:00,0.99,0.0,0.0
2018-12-26 21:00:00,0.99,0.0,0.0
2018-12-26 22:00:00,0.95,0.0,0.0
2018-12-26 23:00:00,0.81,0.0,0.0
2018-12-27 00:00:00,0.47,0.0,0.0
2018-12-27 01:00:00,0.47,0.0,0.0
2018-12-27 02:00:00,0.49,0.0,0.0
2018-12-27 03:00:00,0.7,0.0,0.0
2018-12-27 04:00:00,0.97,0.0,0.0
2018-12-27 05:00:00,0.96,0.0,0.0
2018-12-27 06:00:00,0.92,0.0,0.0
2018-12-27 07:00:00,0.82,14.027777,0.655
2018-12-27 08:00:00,0.84,75.21911,1.0
2018-12-27 09:00:00,0.98,173.76135,1.0
2018-12-27 10:00:00,0.98,388.20547,1.0
2018-12-27 11:00:00,0.75,449.6216,1.0
2018-12-27 12:00:00,0.69,359.9586,1.0
2018-12-27 13:00:00,0.92,364.79004,1.0
2018-12-27 14:00:00,0.83,271.71677,1.0
2018-12-27 15:00:00,0.9,137.16101,1.0
2018-12-27 16:00:00,0.86,17.427296,0.7144444444444444
2018-12-27 17:00:00,0.92,0.0,0.0
2018-12-27 18:00:00,0.99,0.0,0.0
2018-12-27 19:00:00,0.99,0.0,0.0
2018-12-27 20:00:00,0.96,0.0,0.0
2018-12-27 21:00:00,0.95,0.0,0.0
2018-12-27 22:00:00,0.84,0.0,0.0
2018-12-27 23:00:00,0.6,0.0,0.0
2018-12-28 00:00:00,0.61,0.0,0.0
2018-12-28 01:00:00,0.39,0.0,0.0
2018-12-28 02:00:00,0.89,0.0,0.0
2018-12-28 03:00:00,0.92,0.0,0.0
2018-12-28 04:00:00,0.95,0.0,0.0
2018-12-28 05:00:00,0.97,0.0,0.0
2018-12-28 06:00:00,0.98,0.0,0.0
2018-12-28 07:00:00,1.0,17.98123,0.6502777777777777
2018-12-28 08:00:00,0.95,141.56596,1.0
2018-12-28 09:00:00,0.97,276.31757,1.0
2018-12-28 10:00:00,0.98,307.4529,1.0
2018-12-28 11:00:00,1.0,342.33105,1.0
2018-12-28 12:00:00,0.93,456.30212,1.0
2018-12-28 13:00:00,0.85,371.7871,1.0
2018-12-28 14:00:00,1.0,242.43163,1.0
2018-12-28 15:00:00,0.91,131.56903,1.0
2018-12-28 16:00:00,0.83,20.866978,0.7258333333333333
2018-12-28 17:00:00,0.81,0.0,0.0
2018-12-28 18:00:00,0.97,0.0,0.0
2018-12-28 19:00:00,0.97,0.0,0.0
2018-12-28 20:00:00,0.9,0.0,0.0
2018-12-28 21:00:00,0.95,0.0,0.0
2018-12-28 22:00:00,0.91,0.0,0.0
2018-12-28 23:00:00,0.76,0.0,0.0
2018-12-29 00:00:00,0.68,0.0,0.0
2018-12-29 01:00:00,0.69,0.0,0.0
2018-12-29 02:00:00,0.07,0.0,0.0
2018-12-29 03:00:00,0.13,0.0,0.0
2018-12-29 04:00:00,0.12,0.0,0.0
2018-12-29 05:00:00,0.08,0.0,0.0
2018-12-29 06:00:00,0.09,0.0,0.0
2018-12-29 07:00:00,0.06,35.243885,0.6466666666666666
2018-12-29 08:00:00,0.02,229.10315,1.0
2018-12-29 09:00:00,0.01,418.66864,1.0
2018-12-29 10:00:00,0.01,554.32355,1.0
2018-12-29 11:00:00,0.0,622.68823,1.0
2018-12-29 12:00:00,0.0,613.9597,1.0
2018-12-29 13:00:00,0.0,535.75824,1.0
2018-12-29 14:00:00,0.0,394.26996,1.0
2018-12-29 15:00:00,0.0,211.01912,1.0
2018-12-29 16:00:00,0.0,35.261097,0.7372222222222222
2018-12-29 17:00:00,0.0,0.0,0.0
2018-12-29 18:00:00,0.0,0.0,0.0
2018-12-29 19:00:00,0.0,0.0,0.0
2018-12-29 20:00:00,0.0,0.0,0.0
2018-12-29 21:00:00,0.01,0.0,0.0
2018-12-29 22:00:00,0.02,0.0,0.0
2018-12-29 23:00:00,0.01,0.0,0.0
2018-12-30 00:00:00,0.01,0.0,0.0
2018-12-30 01:00:00,0.01,0.0,0.0
2018-12-30 02:00:00,0.01,0.0,0.0
2018-12-30 03:00:00,0.01,0.0,0.0
2018-12-30 04:00:00,0.01,0.0,0.0
2018-12-30 05:00:00,0.02,0.0,0.0
2018-12-30 06:00:00,0.03,0.0,0.0
2018-12-30 07:00:00,0.07,32.23615,0.6433333333333333
2018-12-30 08:00:00,0.11,204.23274,1.0
2018-12-30 09:00:00,0.11,366.19855,1.0
2018-12-30 10:00:00,0.34,488.08282,1.0
2018-12-30 11:00:00,0.41,495.62274,1.0
2018-12-30 12:00:00,0.74,428.46194,1.0
2018-12-30 13:00:00,1.0,246.3493,1.0
2018-12-30 14:00:00,1.0,83.48954,1.0
2018-12-30 15:00:00,1.0,50.69008,1.0
2018-12-30 16:00:00,0.99,17.506067,0.7491666666666666
2018-12-30 17:00:00,0.91,0.0,0.0
2018-12-30 18:00:00,0.89,0.0,0.0
2018-12-30 19:00:00,0.59,0.0,0.0
2018-12-30 20:00:00,0.7,0.0,0.0
2018-12-30 21:00:00,0.71,0.0,0.0
2018-12-30 22:00:00,0.48,0.0,0.0
2018-12-30 23:00:00,0.87,0.0,0.0
2018-12-31 00:00:00,0.95,0.0,0.0
2018-12-31 01:00:00,0.43,0.0,0.0
2018-12-31 02:00:00,0.01,0.0,0.0
2018-12-31 03:00:00,0.79,0.0,0.0
2018-12-31 04:00:00,0.82,0.0,0.0
2018-12-31 05:00:00,0.96,0.0,0.0
2018-12-31 06:00:00,1.0,0.0,0.0
2018-12-31 07:00:00,1.0,2.981769,0.6408333333333334
2018-12-31 08:00:00,1.0,21.866308,1.0
2018-12-31 09:00:00,1.0,83.48954,1.0
2018-12-31 10:00:00,1.0,142.91037,1.0
2018-12-31 11:00:00,1.0,249.30336,1.0
2018-12-31 12:00:00,1.0,193.1332,1.0
2018-12-31 13:00:00,1.0,170.80331,1.0
2018-12-31 14:00:00,1.0,161.59361,1.0
2018-12-31 15:00:00,1.0,65.02023,1.0
2018-12-31 16:00:00,0.98,13.708851,0.7616666666666667
2018-12-31 17:00:00,1.0,0.0,0.0
2018-12-31 18:00:00,1.0,0.0,0.0
2018-12-31 19:00:00,1.0,0.0,0.0
2018-12-31 20:00:00,1.0,0.0,0.0
2018-12-31 21:00:00,0.96,0.0,0.0
2018-12-31 22:00:00,0.94,0.0,0.0
2018-12-31 23:00:00,0.97,0.0,0.0
2019-01-01 00:00:00,0.92,0.0,0.0
2019-01-01 01:00:00,1.0,0.0,0.0
2019-01-01 02:00:00,1.0,0.0,0.0
2019-01-01 03:00:00,1.0,0.0,0.0
2019-01-01 04:00:00,0.99,0.0,0.0
2019-01-01 05:00:00,0.97,0.0,0.0
2019-01-01 06:00:00,1.0,0.0,0.0
2019-01-01 07:00:00,0.93,22.082384,0.6388888888888888
2019-01-01 08:00:00,0.88,202.26964,1.0
2019-01-01 09:00:00,0.96,344.33533,1.0
2019-01-01 10:00:00,1.0,449.60837,1.0
2019-01-01 11:00:00,0.99,574.25793,1.0
2019-01-01 12:00:00,0.7,612.7062,1.0
2019-01-01 13:00:00,0.0,540.8593,1.0
2019-01-01 14:00:00,0.0,401.83847,1.0
2019-01-01 15:00:00,0.0,220.05353,1.0
2019-01-01 16:00:00,0.0,40.20631,0.7747222222222222
2019-01-01 17:00:00,0.0,0.0,0.0
2019-01-01 18:00:00,0.0,0.0,0.0
2019-01-01 19:00:00,0.0,0.0,0.0
2019-01-01 20:00:00,0.0,0.0,0.0
2019-01-01 21:00:00,0.0,0.0,0.0
2019-01-01 22:00:00,0.0,0.0,0.0
2019-01-01 23:00:00,0.0,0.0,0.0
2019-01-02 00:00:00,0.0,0.0,0.0
2019-01-02 01:00:00,0.0,0.0,0.0
2019-01-02 02:00:00,0.0,0.0,0.0
2019-01-02 03:00:00,0.0,0.0,0.0
2019-01-02 04:00:00,0.0,0.0,0.0
2019-01-02 05:00:00,0.0,0.0,0.0
2019-01-02 06:00:00,0.0,0.0,0.0
2019-01-02 07:00:00,0.0,35.247215,0.6375
2019-01-02 08:00:00,0.0,239.58885,1.0
2019-01-02 09:00:00,0.0,430.2601,1.0
2019-01-02 10:00:00,0.0,564.4138,1.0
2019-01-02 11:00:00,0.0,632.23334,1.0
2019-01-02 12:00:00,0.0,628.0799,1.0
2019-01-02 13:00:00,0.0,552.56104,1.0
2019-01-02 14:00:00,0.0,413.4318,1.0
2019-01-02 15:00:00,0.0,227.27104,1.0
2019-01-02 16:00:00,0.0,41.722164,0.7886111111111112
2019-01-02 17:00:00,0.0,0.0,0.0
2019-01-02 18:00:00,0.0,0.0,0.0
2019-01-02 19:00:00,0.0,0.0,0.0
2019-01-02 20:00:00,0.0,0.0,0.0
2019-01-02 21:00:00,0.03,0.0,0.0
2019-01-02 22:00:00,0.0,0.0,0.0
2019-01-02 23:00:00,0.0,0.0,0.0
2019-01-03 00:00:00,0.0,0.0,0.0
2019-01-03 01:00:00,0.0,0.0,0.0
2019-01-03 02:00:00,0.0,0.0,0.0
2019-01-03 03:00:00,0.0,0.0,0.0
2019-01-03 04:00:00,0.0,0.0,0.0
2019-01-03 05:00:00,0.0,0.0,0.0
2019-01-03 06:00:00,0.0,0.0,0.0
2019-01-03 07:00:00,0.0,34.20948,0.6363888888888889
2019-01-03 08:00:00,0.0,227.43517,1.0
2019-01-03 09:00:00,0.0,412.008,1.0
2019-01-03 10:00:00,0.0,545.0453,1.0
2019-01-03 11:00:00,0.0,612.1641,1.0
2019-01-03 12:00:00,0.0,607.026,1.0
2019-01-03 13:00:00,0.0,534.1647,1.0
2019-01-03 14:00:00,0.0,398.71326,1.0
2019-01-03 15:00:00,0.0,218.65338,1.0
2019-01-03 16:00:00,0.0,41.464077,0.8027777777777778
2019-01-03 17:00:00,0.0,0.0,0.0
2019-01-03 18:00:00,0.0,0.0,0.0
2019-01-03 19:00:00,0.0,0.0,0.0
2019-01-03 20:00:00,0.0,0.0,0.0
2019-01-03 21:00:00,0.0,0.0,0.0
2019-01-03 22:00:00,0.0,0.0,0.0
2019-01-03 23:00:00,0.0,0.0,0.0
2019-01-04 00:00:00,0.0,0.0,0.0
2019-01-04 01:00:00,0.0,0.0,0.0
2019-01-04 02:00:00,0.0,0.0,0.0
2019-01-04 03:00:00,0.0,0.0,0.0
2019-01-04 04:00:00,0.31,0.0,0.0
2019-01-04 05:00:00,0.0,0.0,0.0
2019-01-04 06:00:00,0.0,0.0,0.0
2019-01-04 07:00:00,0.1,34.147766,0.6361111111111111
2019-01-04 08:00:00,0.3,227.97568,1.0
2019-01-04 09:00:00,0.3,409.13068,1.0
2019-01-04 10:00:00,0.64,540.44727,1.0
2019-01-04 11:00:00,0.53,603.0234,1.0
2019-01-04 12:00:00,0.22,600.6642,1.0
2019-01-04 13:00:00,0.03,528.4143,1.0
2019-01-04 14:00:00,0.0,394.17697,1.0
2019-01-04 15:00:00,0.0,218.00764,1.0
2019-01-04 16:00:00,0.0,42.195255,0.8175
2019-01-04 17:00:00,0.0,0.0,0.0
2019-01-04 18:00:00,0.0,0.0,0.0
2019-01-04 19:00:00,0.14,0.0,0.0
2019-01-04 20:00:00,0.02,0.0,0.0
2019-01-04 21:00:00,0.0,0.0,0.0
2019-01-04 22:00:00,0.0,0.0,0.0
2019-01-04 23:00:00,0.66,0.0,0.0
2019-01-05 00:00:00,0.29,0.0,0.0
2019-01-05 01:00:00,0.23,0.0,0.0
2019-01-05 02:00:00,0.0,0.0,0.0
2019-01-05 03:00:00,0.0,0.0,0.0
2019-01-05 04:00:00,0.0,0.0,0.0
2019-01-05 05:00:00,0.0,0.0,0.0
2019-01-05 06:00:00,0.0,0.0,0.0
2019-01-05 07:00:00,0.0,34.06839,0.6361111111111111
2019-01-05 08:00:00,0.0,231.25983,1.0
2019-01-05 09:00:00,0.0,418.1066,1.0
2019-01-05 10:00:00,0.0,551.7335,1.0
2019-01-05 11:00:00,0.21,611.10535,1.0
2019-01-05 12:00:00,0.85,557.18854,1.0
2019-01-05 13:00:00,0.98,451.53192,1.0
2019-01-05 14:00:00,1.0,241.06837,1.0
2019-01-05 15:00:00,1.0,105.28156,1.0
2019-01-05 16:00:00,1.0,12.639481,0.8327777777777777
2019-01-05 17:00:00,1.0,0.0,0.0
2019-01-05 18:00:00,1.0,0.0,0.0
2019-01-05 19:00:00,1.0,0.0,0.0
2019-01-05 20:00:00,1.0,0.0,0.0
2019-01-05 21:00:00,1.0,0.0,0.0
2019-01-05 22:00:00,0.99,0.0,0.0
2019-01-05 23:00:00,1.0,0.0,0.0
2019-01-06 00:00:00,1.0,0.0,0.0
2019-01-06 01:00:00,0.99,0.0,0.0
2019-01-06 02:00:00,0.9,0.0,0.0
2019-01-06 03:00:00,0.8,0.0,0.0
2019-01-06 04:00:00,0.08,0.0,0.0
2019-01-06 05:00:00,0.27,0.0,0.0
2019-01-06 06:00:00,0.01,0.0,0.0
2019-01-06 07:00:00,0.01,28.962868,0.6369444444444444
2019-01-06 08:00:00,0.44,196.98274,1.0
2019-01-06 09:00:00,0.21,384.44366,1.0
2019-01-06 10:00:00,0.32,515.32166,1.0
2019-01-06 11:00:00,0.55,554.2657,1.0
2019-01-06 12:00:00,0.54,552.08734,1.0
2019-01-06 13:00:00,0.25,495.13254,1.0
2019-01-06 14:00:00,0.72,326.54205,1.0
2019-01-06 15:00:00,0.51,158.57431,1.0
2019-01-06 16:00:00,0.5,34.200714,0.8486111111111111
2019-01-06 17:00:00,0.33,0.0,0.0
2019-01-06 18:00:00,0.61,0.0,0.0
2019-01-06 19:00:00,0.35,0.0,0.0
2019-01-06 20:00:00,0.05,0.0,0.0
2019-01-06 21:00:00,0.0,0.0,0.0
2019-01-06 22:00:00,0.0,0.0,0.0
2019-01-06 23:00:00,0.0,0.0,0.0
2019-01-07 00:00:00,0.0,0.0,0.0
2019-01-07 01:00:00,0.01,0.0,0.0
2019-01-07 02:00:00,0.01,0.0,0.0
2019-01-07 03:00:00,0.01,0.0,0.0
2019-01-07 04:00:00,0.06,0.0,0.0
2019-01-07 05:00:00,0.07,0.0,0.0
2019-01-07 06:00:00,0.13,0.0,0.0
2019-01-07 07:00:00,0.02,33.858803,0.6383333333333333
2019-01-07 08:00:00,0.01,231.37515,1.0
2019-01-07 09:00:00,0.09,415.09103,1.0
2019-01-07 10:00:00,0.0,520.1505,1.0
2019-01-07 11:00:00,0.75,553.4454,1.0
2019-01-07 12:00:00,0.84,382.1166,1.0
2019-01-07 13:00:00,0.69,393.04617,1.0
2019-01-07 14:00:00,0.17,351.7563,1.0
2019-01-07 15:00:00,0.8,166.44551,1.0
2019-01-07 16:00:00,0.1,42.695435,0.8647222222222222
2019-01-07 17:00:00,0.01,0.0,0.0
2019-01-07 18:00:00,0.14,0.0,0.0
2019-01-07 19:00:00,0.93,0.0,0.0
2019-01-07 20:00:00,0.93,0.0,0.0
2019-01-07 21:00:00,1.0,0.0,0.0
2019-01-07 22:00:00,1.0,0.0,0.0
2019-01-07 23:00:00,1.0,0.0,0.0
2019-01-08 00:00:00,0.83,0.0,0.0
2019-01-08 01:00:00,0.71,0.0,0.0
2019-01-08 02:00:00,0.64,0.0,0.0
2019-01-08 03:00:00,0.98,0.0,0.0
2019-01-08 04:00:00,0.63,0.0,0.0
2019-01-08 05:00:00,0.99,0.0,0.0
2019-01-08 06:00:00,0.78,0.0,0.0
2019-01-08 07:00:00,0.76,26.792925,0.6402777777777777
2019-01-08 08:00:00,0.7,193.96413,1.0
2019-01-08 09:00:00,0.89,353.49744,1.0
2019-01-08 10:00:00,0.79,484.6167,1.0
2019-01-08 11:00:00,0.93,570.0486,1.0
2019-01-08 12:00:00,1.0,562.2043,1.0
2019-01-08 13:00:00,0.87,512.6506,1.0
2019-01-08 14:00:00,0.75,400.0868,1.0
2019-01-08 15:00:00,0.64,222.60889,1.0
2019-01-08 16:00:00,0.4,49.738903,0.8811111111111111
2019-01-08 17:00:00,0.0,0.0,0.0
2019-01-08 18:00:00,0.0,0.0,0.0
2019-01-08 19:00:00,0.0,0.0,0.0
2019-01-08 20:00:00,0.07,0.0,0.0
2019-01-08 21:00:00,0.93,0.0,0.0
2019-01-08 22:00:00,0.94,0.0,0.0
2019-01-08 23:00:00,0.07,0.0,0.0
2019-01-09 00:00:00,0.02,0.0,0.0
2019-01-09 01:00:00,0.0,0.0,0.0
2019-01-09 02:00:00,0.96,0.0,0.0
2019-01-09 03:00:00,0.98,0.0,0.0
2019-01-09 04:00:00,0.97,0.0,0.0
2019-01-09 05:00:00,0.97,0.0,0.0
2019-01-09 06:00:00,0.98,0.0,0.0
2019-01-09 07:00:00,0.96,19.808504,0.6425
2019-01-09 08:00:00,0.96,159.95923,1.0
2019-01-09 09:00:00,0.96,328.56552,1.0
2019-01-09 10:00:00,0.98,489.80554,1.0
2019-01-09 11:00:00,0.99,546.78656,1.0
2019-01-09 12:00:00,0.97,548.6573,1.0
2019-01-09 13:00:00,0.94,465.08124,1.0
2019-01-09 14:00:00,0.92,310.68088,1.0
2019-01-09 15:00:00,0.96,129.89677,1.0
2019-01-09 16:00:00,0.94,22.818436,0.8977777777777778
2019-01-09 17:00:00,0.95,0.0,0.0
2019-01-09 18:00:00,0.95,0.0,0.0
2019-01-09 19:00:00,0.95,0.0,0.0
2019-01-09 20:00:00,0.91,0.0,0.0
2019-01-09 21:00:00,0.89,0.0,0.0
2019-01-09 22:00:00,0.91,0.0,0.0
2019-01-09 23:00:00,0.77,0.0,0.0
2019-01-10 00:00:00,0.89,0.0,0.0
2019-01-10 01:00:00,0.92,0.0,0.0
2019-01-10 02:00:00,0.94,0.0,0.0
2019-01-10 03:00:00,0.09,0.0,0.0
2019-01-10 04:00:00,0.23,0.0,0.0
2019-01-10 05:00:00,0.58,0.0,0.0
2019-01-10 06:00:00,0.94,0.0,0.0
2019-01-10 07:00:00,0.01,29.529066,0.6455555555555555
2019-01-10 08:00:00,0.13,194.84424,1.0
2019-01-10 09:00:00,0.72,371.5961,1.0
2019-01-10 10:00:00,0.84,503.43918,1.0
2019-01-10 11:00:00,0.97,551.4193,1.0
2019-01-10 12:00:00,0.86,569.8171,1.0
2019-01-10 13:00:00,0.95,456.2682,1.0
2019-01-10 14:00:00,0.96,288.7774,1.0
2019-01-10 15:00:00,0.98,124.615875,1.0
2019-01-10 16:00:00,0.99,26.024136,0.915
2019-01-10 17:00:00,0.99,0.0,0.0
2019-01-10 18:00:00,1.0,0.0,0.0
2019-01-10 19:00:00,1.0,0.0,0.0
2019-01-10 20:00:00,1.0,0.0,0.0
2019-01-10 21:00:00,1.0,0.0,0.0
2019-01-10 22:00:00,1.0,0.0,0.0
2019-01-10 23:00:00,1.0,0.0,0.0
2019-01-11 00:00:00,1.0,0.0,0.0
2019-01-11 01:00:00,1.0,0.0,0.0
2019-01-11 02:00:00,1.0,0.0,0.0
2019-01-11 03:00:00,1.0,0.0,0.0
2019-01-11 04:00:00,1.0,0.0,0.0
2019-01-11 05:00:00,1.0,0.0,0.0
2019-01-11 06:00:00,1.0,0.0,0.0
2019-01-11 07:00:00,1.0,1.9878461,0.6491666666666667
2019-01-11 08:00:00,1.0,26.835924,1.0
2019-01-11 09:00:00,1.0,71.56246,1.0
2019-01-11 10:00:00,1.0,98.39839,1.0
2019-01-11 11:00:00,1.0,120.90797,1.0
2019-01-11 12:00:00,1.0,99.39231,1.0
2019-01-11 13:00:00,1.0,111.31938,1.0
2019-01-11 14:00:00,1.0,74.544235,1.0
2019-01-11 15:00:00,1.0,48.702232,1.0
2019-01-11 16:00:00,1.0,9.939231,0.9322222222222222
2019-01-11 17:00:00,1.0,0.0,0.0
2019-01-11 18:00:00,1.0,0.0,0.0
2019-01-11 19:00:00,1.0,0.0,0.0
2019-01-11 20:00:00,1.0,0.0,0.0
2019-01-11 21:00:00,1.0,0.0,0.0
2019-01-11 22:00:00,1.0,0.0,0.0
2019-01-11 23:00:00,1.0,0.0,0.0
2019-01-12 00:00:00,1.0,0.0,0.0
2019-01-12 01:00:00,1.0,0.0,0.0
2019-01-12 02:00:00,1.0,0.0,0.0
2019-01-12 03:00:00,1.0,0.0,0.0
2019-01-12 04:00:00,1.0,0.0,0.0
2019-01-12 05:00:00,0.99,0.0,0.0
2019-01-12 06:00:00,0.99,0.0,0.0
2019-01-12 07:00:00,0.99,8.945308,0.6533333333333333
2019-01-12 08:00:00,0.98,78.51992,1.0
2019-01-12 09:00:00,0.98,201.79874,1.0
2019-01-12 10:00:00,0.97,363.74692,1.0
2019-01-12 11:00:00,0.96,421.3448,1.0
2019-01-12 12:00:00,0.93,528.6818,1.0
2019-01-12 13:00:00,0.92,494.80484,1.0
2019-01-12 14:00:00,0.41,399.74426,1.0
2019-01-12 15:00:00,0.58,225.46906,1.0
2019-01-12 16:00:00,0.03,54.371983,0.9497222222222222
2019-01-12 17:00:00,0.04,0.0,0.0
2019-01-12 18:00:00,0.08,0.0,0.0
2019-01-12 19:00:00,0.19,0.0,0.0
2019-01-12 20:00:00,0.12,0.0,0.0
2019-01-12 21:00:00,0.11,0.0,0.0
2019-01-12 22:00:00,0.0,0.0,0.0
2019-01-12 23:00:00,0.01,0.0,0.0
2019-01-13 00:00:00,0.01,0.0,0.0
2019-01-13 01:00:00,0.0,0.0,0.0
2019-01-13 02:00:00,0.0,0.0,0.0
2019-01-13 03:00:00,0.01,0.0,0.0
2019-01-13 04:00:00,0.0,0.0,0.0
2019-01-13 05:00:00,0.0,0.0,0.0
2019-01-13 06:00:00,0.0,0.0,0.0
2019-01-13 07:00:00,0.0,34.84295,0.6580555555555555
2019-01-13 08:00:00,0.0,236.96002,1.0
2019-01-13 09:00:00,0.0,434.50922,1.0
2019-01-13 10:00:00,0.0,578.61707,1.0
2019-01-13 11:00:00,0.0,655.12756,1.0
2019-01-13 12:00:00,0.0,656.9608,1.0
2019-01-13 13:00:00,0.0,586.82275,1.0
2019-01-13 14:00:00,0.0,450.23395,1.0
2019-01-13 15:00:00,0.0,262.80313,1.0
2019-01-13 16:00:00,0.0,66.861244,0.9675
2019-01-13 17:00:00,0.0,0.0,0.0
2019-01-13 18:00:00,0.0,0.0,0.0
2019-01-13 19:00:00,0.0,0.0,0.0
2019-01-13 20:00:00,0.0,0.0,0.0
2019-01-13 21:00:00,0.0,0.0,0.0
2019-01-13 22:00:00,0.0,0.0,0.0
2019-01-13 23:00:00,0.0,0.0,0.0
2019-01-14 00:00:00,0.0,0.0,0.0
2019-01-14 01:00:00,0.0,0.0,0.0
2019-01-14 02:00:00,0.0,0.0,0.0
2019-01-14 03:00:00,0.0,0.0,0.0
2019-01-14 04:00:00,0.0,0.0,0.0
2019-01-14 05:00:00,0.0,0.0,0.0
2019-01-14 06:00:00,0.0,0.0,0.0
2019-01-14 07:00:00,0.0,40.33523,0.6636111111111112
2019-01-14 08:00:00,0.01,253.73569,1.0
2019-01-14 09:00:00,0.21,450.3052,1.0
2019-01-14 10:00:00,0.78,585.7414,1.0
2019-01-14 11:00:00,0.95,657.4946,1.0
2019-01-14 12:00:00,0.5,681.85236,1.0
2019-01-14 13:00:00,0.41,608.28186,1.0
2019-01-14 14:00:00,0.24,468.27277,1.0
2019-01-14 15:00:00,0.01,276.5762,1.0
2019-01-14 16:00:00,0.0,73.06672,0.9852777777777778
2019-01-14 17:00:00,0.0,0.0,0.0
2019-01-14 18:00:00,0.0,0.0,0.0
2019-01-14 19:00:00,0.0,0.0,0.0
2019-01-14 20:00:00,0.0,0.0,0.0
2019-01-14 21:00:00,0.0,0.0,0.0
2019-01-14 22:00:00,0.0,0.0,0.0
2019-01-14 23:00:00,0.0,0.0,0.0
2019-01-15 00:00:00,0.0,0.0,0.0
2019-01-15 01:00:00,0.0,0.0,0.0
2019-01-15 02:00:00,0.06,0.0,0.0
2019-01-15 03:00:00,0.34,0.0,0.0
2019-01-15 04:00:00,0.22,0.0,0.0
2019-01-15 05:00:00,0.0,0.0,0.0
2019-01-15 06:00:00,0.08,0.0,0.0
2019-01-15 07:00:00,1.0,26.069448,0.6694444444444444
2019-01-15 08:00:00,0.71,215.62944,1.0
2019-01-15 09:00:00,0.94,386.3276,1.0
2019-01-15 10:00:00,0.85,539.70184,1.0
2019-01-15 11:00:00,0.53,642.9524,1.0
2019-01-15 12:00:00,0.78,635.5684,1.0
2019-01-15 13:00:00,0.94,562.9144,1.0
2019-01-15 14:00:00,0.93,390.95895,1.0
2019-01-15 15:00:00,0.89,203.23488,1.0
2019-01-15 16:00:00,0.11,65.24475,1.0
2019-01-15 17:00:00,0.54,0.0,0.0033333333333333335
2019-01-15 18:00:00,0.98,0.0,0.0
2019-01-15 19:00:00,0.98,0.0,0.0
2019-01-15 20:00:00,0.9,0.0,0.0
2019-01-15 21:00:00,1.0,0.0,0.0
2019-01-15 22:00:00,0.63,0.0,0.0
2019-01-15 23:00:00,0.99,0.0,0.0
2019-01-16 00:00:00,1.0,0.0,0.0
2019-01-16 01:00:00,1.0,0.0,0.0
2019-01-16 02:00:00,1.0,0.0,0.0
2019-01-16 03:00:00,1.0,0.0,0.0
2019-01-16 04:00:00,1.0,0.0,0.0
2019-01-16 05:00:00,0.83,0.0,0.0
2019-01-16 06:00:00,0.98,0.0,0.0
2019-01-16 07:00:00,0.94,24.129545,0.6761111111111111
2019-01-16 08:00:00,0.98,137.82274,1.0
2019-01-16 09:00:00,0.82,367.5888,1.0
2019-01-16 10:00:00,0.92,488.48718,1.0
2019-01-16 11:00:00,0.98,539.88934,1.0
2019-01-16 12:00:00,0.91,573.6055,1.0
2019-01-16 13:00:00,0.93,505.62576,1.0
2019-01-16 14:00:00,0.93,299.93808,1.0
2019-01-16 15:00:00,0.97,163.50885,1.0
2019-01-16 16:00:00,0.94,38.483227,1.0
2019-01-16 17:00:00,0.92,0.0,0.021388888888888888
2019-01-16 18:00:00,0.91,0.0,0.0
2019-01-16 19:00:00,0.96,0.0,0.0
2019-01-16 20:00:00,0.04,0.0,0.0
2019-01-16 21:00:00,0.01,0.0,0.0
2019-01-16 22:00:00,0.86,0.0,0.0
2019-01-16 23:00:00,0.92,0.0,0.0
2019-01-17 00:00:00,0.75,0.0,0.0
2019-01-17 01:00:00,0.89,0.0,0.0
2019-01-17 02:00:00,0.98,0.0,0.0
2019-01-17 03:00:00,0.98,0.0,0.0
2019-01-17 04:00:00,1.0,0.0,0.0
2019-01-17 05:00:00,0.29,0.0,0.0
2019-01-17 06:00:00,0.04,0.0,0.0
2019-01-17 07:00:00,0.08,34.91151,0.6830555555555555
2019-01-17 08:00:00,0.31,233.89258,1.0
2019-01-17 09:00:00,0.94,418.1771,1.0
2019-01-17 10:00:00,0.37,576.3621,1.0
2019-01-17 11:00:00,0.22,652.3708,1.0
2019-01-17 12:00:00,0.25,651.9337,1.0
2019-01-17 13:00:00,0.29,589.96936,1.0
2019-01-17 14:00:00,0.07,438.64673,1.0
2019-01-17 15:00:00,0.05,268.80603,1.0
2019-01-17 16:00:00,0.91,69.91191,1.0
2019-01-17 17:00:00,0.76,0.0,0.03944444444444444
2019-01-17 18:00:00,1.0,0.0,0.0
2019-01-17 19:00:00,0.94,0.0,0.0
2019-01-17 20:00:00,1.0,0.0,0.0
2019-01-17 21:00:00,0.83,0.0,0.0
2019-01-17 22:00:00,0.28,0.0,0.0
2019-01-17 23:00:00,0.07,0.0,0.0
2019-01-18 00:00:00,0.45,0.0,0.0
2019-01-18 01:00:00,0.9,0.0,0.0
2019-01-18 02:00:00,0.98,0.0,0.0
2019-01-18 03:00:00,0.92,0.0,0.0
2019-01-18 04:00:00,0.0,0.0,0.0
2019-01-18 05:00:00,0.0,0.0,0.0
2019-01-18 06:00:00,1.0,0.0,0.0
2019-01-18 07:00:00,1.0,11.6915865,0.6908333333333333
2019-01-18 08:00:00,0.93,113.565834,1.0
2019-01-18 09:00:00,1.0,93.889366,1.0
2019-01-18 10:00:00,1.0,88.45915,1.0
2019-01-18 11:00:00,1.0,143.12492,1.0
2019-01-18 12:00:00,1.0,232.7076,1.0
2019-01-18 13:00:00,1.0,176.01057,1.0
2019-01-18 14:00:00,1.0,144.50182,1.0
2019-01-18 15:00:00,0.96,102.87008,1.0
2019-01-18 16:00:00,0.96,44.87001,1.0
2019-01-18 17:00:00,0.89,0.0,0.057777777777777775
2019-01-18 18:00:00,0.9,0.0,0.0
2019-01-18 19:00:00,0.54,0.0,0.0
2019-01-18 20:00:00,0.76,0.0,0.0
2019-01-18 21:00:00,0.84,0.0,0.0
2019-01-18 22:00:00,0.76,0.0,0.0
2019-01-18 23:00:00,0.52,0.0,0.0
2019-01-19 00:00:00,0.26,0.0,0.0
2019-01-19 01:00:00,0.58,0.0,0.0
2019-01-19 02:00:00,0.55,0.0,0.0
2019-01-19 03:00:00,0.31,0.0,0.0
2019-01-19 04:00:00,0.27,0.0,0.0
2019-01-19 05:00:00,0.34,0.0,0.0
2019-01-19 06:00:00,0.26,0.0,0.0
2019-01-19 07:00:00,0.17,37.108276,0.6994444444444444
2019-01-19 08:00:00,0.14,225.3333,1.0
2019-01-19 09:00:00,0.06,434.40762,1.0
2019-01-19 10:00:00,0.42,463.65573,1.0
2019-01-19 11:00:00,0.75,489.1645,1.0
2019-01-19 12:00:00,0.59,515.3187,1.0
2019-01-19 13:00:00,0.81,498.6188,1.0
2019-01-19 14:00:00,0.97,335.71713,1.0
2019-01-19 15:00:00,0.71,173.43585,1.0
2019-01-19 16:00:00,0.66,72.55825,1.0
2019-01-19 17:00:00,0.42,0.0,0.07583333333333334
2019-01-19 18:00:00,0.14,0.0,0.0
2019-01-19 19:00:00,0.03,0.0,0.0
2019-01-19 20:00:00,0.23,0.0,0.0
2019-01-19 21:00:00,0.64,0.0,0.0
2019-01-19 22:00:00,0.68,0.0,0.0
2019-01-19 23:00:00,0.99,0.0,0.0
2019-01-20 00:00:00,0.9,0.0,0.0
2019-01-20 01:00:00,0.99,0.0,0.0
2019-01-20 02:00:00,0.95,0.0,0.0
2019-01-20 03:00:00,0.98,0.0,0.0
2019-01-20 04:00:00,1.0,0.0,0.0
2019-01-20 05:00:00,0.97,0.0,0.0
2019-01-20 06:00:00,1.0,0.0,0.0
2019-01-20 07:00:00,0.97,30.03382,0.7083333333333334
2019-01-20 08:00:00,0.68,208.81485,1.0
2019-01-20 09:00:00,0.64,416.75052,1.0
2019-01-20 10:00:00,0.55,551.23474,1.0
2019-01-20 11:00:00,0.74,579.52466,1.0
2019-01-20 12:00:00,0.92,580.2058,1.0
2019-01-20 13:00:00,0.87,555.6868,1.0
2019-01-20 14:00:00,0.86,403.51172,1.0
2019-01-20 15:00:00,0.91,226.2234,1.0
2019-01-20 16:00:00,0.86,71.22214,1.0
2019-01-20 17:00:00,0.55,0.0,0.09444444444444444
2019-01-20 18:00:00,0.79,0.0,0.0
2019-01-20 19:00:00,0.92,0.0,0.0
2019-01-20 20:00:00,0.93,0.0,0.0
2019-01-20 21:00:00,0.08,0.0,0.0
2019-01-20 22:00:00,0.01,0.0,0.0
2019-01-20 23:00:00,0.0,0.0,0.0
2019-01-21 00:00:00,0.13,0.0,0.0
2019-01-21 01:00:00,0.74,0.0,0.0
2019-01-21 02:00:00,0.22,0.0,0.0
2019-01-21 03:00:00,0.84,0.0,0.0
2019-01-21 04:00:00,0.79,0.0,0.0
2019-01-21 05:00:00,0.39,0.0,0.0
2019-01-21 06:00:00,0.01,0.0,0.0
2019-01-21 07:00:00,0.22,45.44966,0.7180555555555556
2019-01-21 08:00:00,0.01,254.97893,1.0
2019-01-21 09:00:00,0.0,454.2928,1.0
2019-01-21 10:00:00,0.0,601.1969,1.0
2019-01-21 11:00:00,0.02,681.2403,1.0
2019-01-21 12:00:00,0.44,639.8803,1.0
2019-01-21 13:00:00,0.42,559.5496,1.0
2019-01-21 14:00:00,0.63,385.18143,1.0
2019-01-21 15:00:00,0.81,204.23161,1.0
2019-01-21 16:00:00,0.68,61.581482,1.0
2019-01-21 17:00:00,0.55,0.0,0.11305555555555556
2019-01-21 18:00:00,0.92,0.0,0.0
2019-01-21 19:00:00,0.94,0.0,0.0
2019-01-21 20:00:00,1.0,0.0,0.0
2019-01-21 21:00:00,0.99,0.0,0.0
2019-01-21 22:00:00,1.0,0.0,0.0
2019-01-21 23:00:00,1.0,0.0,0.0
2019-01-22 00:00:00,0.99,0.0,0.0
2019-01-22 01:00:00,1.0,0.0,0.0
2019-01-22 02:00:00,0.99,0.0,0.0
2019-01-22 03:00:00,1.0,0.0,0.0
2019-01-22 04:00:00,1.0,0.0,0.0
2019-01-22 05:00:00,1.0,0.0,0.0
2019-01-22 06:00:00,1.0,0.0,0.0
2019-01-22 07:00:00,1.0,12.921,0.7283333333333334
2019-01-22 08:00:00,0.99,85.56603,1.0
2019-01-22 09:00:00,1.0,210.77551,1.0
2019-01-22 10:00:00,0.98,380.34076,1.0
2019-01-22 11:00:00,0.93,485.57614,1.0
2019-01-22 12:00:00,0.81,572.36847,1.0
2019-01-22 13:00:00,0.81,481.9778,1.0
2019-01-22 14:00:00,0.24,468.9362,1.0
2019-01-22 15:00:00,0.04,294.9905,1.0
2019-01-22 16:00:00,0.05,91.64696,1.0
2019-01-22 17:00:00,0.41,0.0,0.1322222222222222
2019-01-22 18:00:00,0.46,0.0,0.0
2019-01-22 19:00:00,0.27,0.0,0.0
2019-01-22 20:00:00,0.29,0.0,0.0
2019-01-22 21:00:00,0.72,0.0,0.0
2019-01-22 22:00:00,0.5,0.0,0.0
2019-01-22 23:00:00,0.56,0.0,0.0
2019-01-23 00:00:00,0.09,0.0,0.0
2019-01-23 01:00:00,0.09,0.0,0.0
2019-01-23 02:00:00,0.06,0.0,0.0
2019-01-23 03:00:00,0.04,0.0,0.0
2019-01-23 04:00:00,0.04,0.0,0.0
2019-01-23 05:00:00,0.02,0.0,0.0
2019-01-23 06:00:00,0.03,0.0,0.0
2019-01-23 07:00:00,0.16,38.824696,0.7391666666666666
2019-01-23 08:00:00,0.3,218.74103,1.0
2019-01-23 09:00:00,0.48,401.27518,1.0
2019-01-23 10:00:00,0.84,443.1912,1.0
2019-01-23 11:00:00,0.85,538.667,1.0
2019-01-23 12:00:00,0.97,451.4411,1.0
2019-01-23 13:00:00,1.0,441.3227,1.0
2019-01-23 14:00:00,0.67,414.04965,1.0
2019-01-23 15:00:00,0.82,263.3015,1.0
2019-01-23 16:00:00,0.62,81.13275,1.0
2019-01-23 17:00:00,0.71,0.0,0.15138888888888888
2019-01-23 18:00:00,0.87,0.0,0.0
2019-01-23 19:00:00,1.0,0.0,0.0
2019-01-23 20:00:00,1.0,0.0,0.0
2019-01-23 21:00:00,0.76,0.0,0.0
2019-01-23 22:00:00,0.43,0.0,0.0
2019-01-23 23:00:00,0.33,0.0,0.0
2019-01-24 00:00:00,0.63,0.0,0.0
2019-01-24 01:00:00,0.66,0.0,0.0
2019-01-24 02:00:00,0.99,0.0,0.0
2019-01-24 03:00:00,0.58,0.0,0.0
2019-01-24 04:00:00,0.97,0.0,0.0
2019-01-24 05:00:00,0.98,0.0,0.0
2019-01-24 06:00:00,0.84,0.0,0.0
2019-01-24 07:00:00,1.0,13.490413,0.7505555555555555
2019-01-24 08:00:00,1.0,29.494358,1.0
2019-01-24 09:00:00,1.0,107.3437,1.0
2019-01-24 10:00:00,1.0,206.48405,1.0
2019-01-24 11:00:00,1.0,280.70404,1.0
2019-01-24 12:00:00,0.93,452.4509,1.0
2019-01-24 13:00:00,0.44,585.28754,1.0
2019-01-24 14:00:00,0.63,501.09894,1.0
2019-01-24 15:00:00,0.06,310.19687,1.0
2019-01-24 16:00:00,0.26,102.41593,1.0
2019-01-24 17:00:00,0.85,0.0,0.17083333333333334
2019-01-24 18:00:00,1.0,0.0,0.0
2019-01-24 19:00:00,0.53,0.0,0.0
2019-01-24 20:00:00,0.78,0.0,0.0
2019-01-24 21:00:00,0.45,0.0,0.0
2019-01-24 22:00:00,0.24,0.0,0.0
2019-01-24 23:00:00,0.05,0.0,0.0
2019-01-25 00:00:00,0.01,0.0,0.0
2019-01-25 01:00:00,0.0,0.0,0.0
2019-01-25 02:00:00,0.1,0.0,0.0
2019-01-25 03:00:00,0.18,0.0,0.0
2019-01-25 04:00:00,0.14,0.0,0.0
2019-01-25 05:00:00,0.36,0.0,0.0
2019-01-25 06:00:00,0.52,0.0,0.0
2019-01-25 07:00:00,0.09,36.0937,0.7627777777777778
2019-01-25 08:00:00,0.57,170.46451,1.0
2019-01-25 09:00:00,0.91,368.7379,1.0
2019-01-25 10:00:00,0.66,522.82166,1.0
2019-01-25 11:00:00,0.33,617.3208,1.0
2019-01-25 12:00:00,0.21,636.1168,1.0
2019-01-25 13:00:00,0.09,602.361,1.0
2019-01-25 14:00:00,0.06,485.733,1.0
2019-01-25 15:00:00,0.34,304.2277,1.0
2019-01-25 16:00:00,0.72,96.86858,1.0
2019-01-25 17:00:00,0.86,0.0,0.19055555555555556
2019-01-25 18:00:00,0.77,0.0,0.0
2019-01-25 19:00:00,0.5,0.0,0.0
2019-01-25 20:00:00,1.0,0.0,0.0
2019-01-25 21:00:00,0.81,0.0,0.0
2019-01-25 22:00:00,0.13,0.0,0.0
2019-01-25 23:00:00,0.17,0.0,0.0
2019-01-26 00:00:00,0.16,0.0,0.0
2019-01-26 01:00:00,0.19,0.0,0.0
2019-01-26 02:00:00,0.1,0.0,0.0
2019-01-26 03:00:00,0.15,0.0,0.0
2019-01-26 04:00:00,0.86,0.0,0.0
2019-01-26 05:00:00,0.6,0.0,0.0
2019-01-26 06:00:00,0.86,0.0,0.0
2019-01-26 07:00:00,0.9,25.863998,0.7752777777777777
2019-01-26 08:00:00,0.98,120.74276,1.0
2019-01-26 09:00:00,0.98,205.19577,1.0
2019-01-26 10:00:00,0.8,282.49207,1.0
2019-01-26 11:00:00,0.82,408.7118,1.0
2019-01-26 12:00:00,0.37,562.8771,1.0
2019-01-26 13:00:00,0.76,626.362,1.0
2019-01-26 14:00:00,0.79,477.6856,1.0
2019-01-26 15:00:00,0.77,301.32574,1.0
2019-01-26 16:00:00,0.68,104.07319,1.0
2019-01-26 17:00:00,0.52,0.0,0.21027777777777779
2019-01-26 18:00:00,0.19,0.0,0.0
2019-01-26 19:00:00,0.07,0.0,0.0
2019-01-26 20:00:00,0.4,0.0,0.0
2019-01-26 21:00:00,0.52,0.0,0.0
2019-01-26 22:00:00,0.45,0.0,0.0
2019-01-26 23:00:00,0.65,0.0,0.0
2019-01-27 00:00:00,0.57,0.0,0.0
2019-01-27 01:00:00,0.41,0.0,0.0
2019-01-27 02:00:00,0.11,0.0,0.0
2019-01-27 03:00:00,0.24,0.0,0.0
2019-01-27 04:00:00,0.3,0.0,0.0
2019-01-27 05:00:00,0.09,0.0,0.0
2019-01-27 06:00:00,0.32,0.0,0.0
2019-01-27 07:00:00,0.6,41.932457,0.7883333333333333
2019-01-27 08:00:00,0.19,210.2086,1.0
2019-01-27 09:00:00,0.2,364.5129,1.0
2019-01-27 10:00:00,0.63,517.8802,1.0
2019-01-27 11:00:00,0.88,579.7637,1.0
2019-01-27 12:00:00,1.0,381.61447,1.0
2019-01-27 13:00:00,1.0,345.9503,1.0
2019-01-27 14:00:00,1.0,203.75424,1.0
2019-01-27 15:00:00,1.0,107.3437,1.0
2019-01-27 16:00:00,1.0,62.50721,1.0
2019-01-27 17:00:00,0.27,0.0,0.23027777777777778
2019-01-27 18:00:00,1.0,0.0,0.0
2019-01-27 19:00:00,0.91,0.0,0.0
2019-01-27 20:00:00,0.96,0.0,0.0
2019-01-27 21:00:00,0.87,0.0,0.0
2019-01-27 22:00:00,0.89,0.0,0.0
2019-01-27 23:00:00,0.9,0.0,0.0
2019-01-28 00:00:00,0.01,0.0,0.0
2019-01-28 01:00:00,0.52,0.0,0.0
2019-01-28 02:00:00,0.93,0.0,0.0
2019-01-28 03:00:00,0.94,0.0,0.0
2019-01-28 04:00:00,0.95,0.0,0.0
2019-01-28 05:00:00,0.99,0.0,0.0
2019-01-28 06:00:00,1.0,0.0,0.0
2019-01-28 07:00:00,1.0,9.939231,0.8019444444444445
2019-01-28 08:00:00,1.0,46.714386,1.0
2019-01-28 09:00:00,1.0,148.49988,1.0
2019-01-28 10:00:00,1.0,243.43047,1.0
2019-01-28 11:00:00,1.0,318.15103,1.0
2019-01-28 12:00:00,0.98,416.69522,1.0
2019-01-28 13:00:00,0.93,428.4022,1.0
2019-01-28 14:00:00,0.34,428.64948,1.0
2019-01-28 15:00:00,0.12,309.8787,1.0
2019-01-28 16:00:00,0.02,113.60214,1.0
2019-01-28 17:00:00,0.03,0.0,0.25027777777777777
2019-01-28 18:00:00,0.34,0.0,0.0
2019-01-28 19:00:00,0.1,0.0,0.0
2019-01-28 20:00:00,0.1,0.0,0.0
2019-01-28 21:00:00,0.01,0.0,0.0
2019-01-28 22:00:00,0.0,0.0,0.0
2019-01-28 23:00:00,0.0,0.0,0.0
2019-01-29 00:00:00,0.0,0.0,0.0
2019-01-29 01:00:00,0.0,0.0,0.0
2019-01-29 02:00:00,0.0,0.0,0.0
2019-01-29 03:00:00,0.46,0.0,0.0
2019-01-29 04:00:00,0.42,0.0,0.0
2019-01-29 05:00:00,0.01,0.0,0.0
2019-01-29 06:00:00,0.01,0.0,0.0
2019-01-29 07:00:00,0.39,49.951035,0.8158333333333333
2019-01-29 08:00:00,0.77,226.5641,1.0
2019-01-29 09:00:00,0.68,413.8045,1.0
2019-01-29 10:00:00,0.01,630.6111,1.0
2019-01-29 11:00:00,0.0,733.5692,1.0
2019-01-29 12:00:00,0.0,740.1341,1.0
2019-01-29 13:00:00,0.0,670.5962,1.0
2019-01-29 14:00:00,0.0,533.2516,1.0
2019-01-29 15:00:00,0.0,341.23282,1.0
2019-01-29 16:00:00,0.0,126.18765,1.0
2019-01-29 17:00:00,0.0,0.0,0.2702777777777778
2019-01-29 18:00:00,0.0,0.0,0.0
2019-01-29 19:00:00,0.0,0.0,0.0
2019-01-29 20:00:00,0.0,0.0,0.0
2019-01-29 21:00:00,0.0,0.0,0.0
2019-01-29 22:00:00,0.0,0.0,0.0
2019-01-29 23:00:00,0.0,0.0,0.0
2019-01-30 00:00:00,0.0,0.0,0.0
2019-01-30 01:00:00,0.0,0.0,0.0
2019-01-30 02:00:00,0.0,0.0,0.0
2019-01-30 03:00:00,0.0,0.0,0.0
2019-01-30 04:00:00,0.0,0.0,0.0
2019-01-30 05:00:00,0.0,0.0,0.0
2019-01-30 06:00:00,0.0,0.0,0.0
2019-01-30 07:00:00,0.0,61.671658,0.8302777777777778
2019-01-30 08:00:00,0.0,294.23447,1.0
2019-01-30 09:00:00,0.0,506.9318,1.0
2019-01-30 10:00:00,0.08,630.286,1.0
2019-01-30 11:00:00,0.22,738.7194,1.0
2019-01-30 12:00:00,0.7,747.9382,1.0
2019-01-30 13:00:00,0.34,673.38196,1.0
2019-01-30 14:00:00,0.88,520.5892,1.0
2019-01-30 15:00:00,1.0,269.4217,1.0
2019-01-30 16:00:00,1.0,83.36504,1.0
2019-01-30 17:00:00,1.0,1.9878461,0.29055555555555557
2019-01-30 18:00:00,0.99,0.0,0.0
2019-01-30 19:00:00,1.0,0.0,0.0
2019-01-30 20:00:00,1.0,0.0,0.0
2019-01-30 21:00:00,0.98,0.0,0.0
2019-01-30 22:00:00,1.0,0.0,0.0
2019-01-30 23:00:00,0.0,0.0,0.0
2019-01-31 00:00:00,0.0,0.0,0.0
2019-01-31 01:00:00,0.0,0.0,0.0
2019-01-31 02:00:00,0.0,0.0,0.0
2019-01-31 03:00:00,0.0,0.0,0.0
2019-01-31 04:00:00,0.0,0.0,0.0
2019-01-31 05:00:00,0.0,0.0,0.0
2019-01-31 06:00:00,0.0,0.0,0.0
2019-01-31 07:00:00,0.0,64.701485,0.8452777777777778
2019-01-31 08:00:00,0.0,286.45526,1.0
2019-01-31 09:00:00,0.0,492.31,1.0
2019-01-31 10:00:00,0.0,643.5579,1.0
2019-01-31 11:00:00,0.0,725.3692,1.0
2019-01-31 12:00:00,0.0,733.14136,1.0
2019-01-31 13:00:00,0.0,665.2455,1.0
2019-01-31 14:00:00,0.0,529.5105,1.0
2019-01-31 15:00:00,0.0,341.16617,1.0
2019-01-31 16:00:00,0.0,129.22496,1.0
2019-01-31 17:00:00,0.0,3.7038023,0.31055555555555553
2019-01-31 18:00:00,0.0,0.0,0.0
2019-01-31 19:00:00,0.0,0.0,0.0
2019-01-31 20:00:00,0.0,0.0,0.0
2019-01-31 21:00:00,0.0,0.0,0.0
2019-01-31 22:00:00,0.0,0.0,0.0
2019-01-31 23:00:00,0.0,0.0,0.0
2019-02-01 00:00:00,0.0,0.0,0.0
2019-02-01 01:00:00,0.0,0.0,0.0
2019-02-01 02:00:00,0.0,0.0,0.0
2019-02-01 03:00:00,0.0,0.0,0.0
2019-02-01 04:00:00,0.0,0.0,0.0
2019-02-01 05:00:00,0.0,0.0,0.0
2019-02-01 06:00:00,0.0,0.0,0.0
2019-02-01 07:00:00,0.0,67.305305,0.8605555555555555
2019-02-01 08:00:00,0.0,289.5871,1.0
2019-02-01 09:00:00,0.0,494.3121,1.0
2019-02-01 10:00:00,0.0,644.9933,1.0
2019-02-01 11:00:00,0.0,727.00214,1.0
2019-02-01 12:00:00,0.0,734.9734,1.0
2019-02-01 13:00:00,0.0,667.0669,1.0
2019-02-01 14:00:00,0.0,532.38043,1.0
2019-02-01 15:00:00,0.0,343.73352,1.0
2019-02-01 16:00:00,0.0,132.87907,1.0
2019-02-01 17:00:00,0.0,3.6495528,0.3308333333333333
2019-02-01 18:00:00,0.0,0.0,0.0
2019-02-01 19:00:00,0.0,0.0,0.0
2019-02-01 20:00:00,0.0,0.0,0.0
2019-02-01 21:00:00,0.0,0.0,0.0
2019-02-01 22:00:00,0.0,0.0,0.0
2019-02-01 23:00:00,0.0,0.0,0.0
2019-02-02 00:00:00,0.0,0.0,0.0
2019-02-02 01:00:00,0.0,0.0,0.0
2019-02-02 02:00:00,0.0,0.0,0.0
2019-02-02 03:00:00,0.0,0.0,0.0
2019-02-02 04:00:00,0.0,0.0,0.0
2019-02-02 05:00:00,0.0,0.0,0.0
2019-02-02 06:00:00,0.0,0.0,0.0
2019-02-02 07:00:00,0.0,73.37919,0.8761111111111111
2019-02-02 08:00:00,0.0,303.61273,1.0
2019-02-02 09:00:00,0.0,509.24835,1.0
2019-02-02 10:00:00,0.0,656.4891,1.0
2019-02-02 11:00:00,0.0,741.73083,1.0
2019-02-02 12:00:00,0.0,751.60547,1.0
2019-02-02 13:00:00,0.0,673.68506,1.0
2019-02-02 14:00:00,0.0,517.642,1.0
2019-02-02 15:00:00,0.27,294.50903,1.0
2019-02-02 16:00:00,0.58,123.39823,1.0
2019-02-02 17:00:00,0.98,2.981769,0.35083333333333333
2019-02-02 18:00:00,1.0,0.0,0.0
2019-02-02 19:00:00,1.0,0.0,0.0
2019-02-02 20:00:00,1.0,0.0,0.0
2019-02-02 21:00:00,1.0,0.0,0.0
2019-02-02 22:00:00,1.0,0.0,0.0
2019-02-02 23:00:00,1.0,0.0,0.0
2019-02-03 00:00:00,1.0,0.0,0.0
2019-02-03 01:00:00,1.0,0.0,0.0
2019-02-03 02:00:00,0.96,0.0,0.0
2019-02-03 03:00:00,0.99,0.0,0.0
2019-02-03 04:00:00,0.59,0.0,0.0
2019-02-03 05:00:00,0.08,0.0,0.0
2019-02-03 06:00:00,0.44,0.0,0.0
2019-02-03 07:00:00,0.57,54.289474,0.8922222222222222
2019-02-03 08:00:00,0.01,278.3612,1.0
2019-02-03 09:00:00,0.02,481.01532,1.0
2019-02-03 10:00:00,0.15,639.3031,1.0
2019-02-03 11:00:00,0.01,730.66296,1.0
2019-02-03 12:00:00,0.0,737.8766,1.0
2019-02-03 13:00:00,0.0,675.60223,1.0
2019-02-03 14:00:00,0.0,535.067,1.0
2019-02-03 15:00:00,0.0,353.79834,1.0
2019-02-03 16:00:00,0.3,122.57379,1.0
2019-02-03 17:00:00,0.0,6.113208,0.37083333333333335
2019-02-03 18:00:00,0.01,0.0,0.0
2019-02-03 19:00:00,0.0,0.0,0.0
2019-02-03 20:00:00,0.0,0.0,0.0
2019-02-03 21:00:00,0.0,0.0,0.0
2019-02-03 22:00:00,0.0,0.0,0.0
2019-02-03 23:00:00,0.0,0.0,0.0
2019-02-04 00:00:00,0.0,0.0,0.0
2019-02-04 01:00:00,0.01,0.0,0.0
2019-02-04 02:00:00,0.0,0.0,0.0
2019-02-04 03:00:00,0.01,0.0,0.0
2019-02-04 04:00:00,0.0,0.0,0.0
2019-02-04 05:00:00,0.0,0.0,0.0
2019-02-04 06:00:00,0.27,0.0,0.0
2019-02-04 07:00:00,0.01,76.996315,0.9088888888888889
2019-02-04 08:00:00,0.01,305.7337,1.0
2019-02-04 09:00:00,0.06,505.93222,1.0
2019-02-04 10:00:00,0.48,630.80096,1.0
2019-02-04 11:00:00,0.2,718.7911,1.0
2019-02-04 12:00:00,0.48,728.86334,1.0
2019-02-04 13:00:00,0.01,665.1868,1.0
2019-02-04 14:00:00,0.01,527.86334,1.0
2019-02-04 15:00:00,0.01,343.06036,1.0
2019-02-04 16:00:00,0.0,136.0002,1.0
2019-02-04 17:00:00,0.01,6.028164,0.3908333333333333
2019-02-04 18:00:00,0.02,0.0,0.0
2019-02-04 19:00:00,0.16,0.0,0.0
2019-02-04 20:00:00,0.01,0.0,0.0
2019-02-04 21:00:00,0.08,0.0,0.0
2019-02-04 22:00:00,0.57,0.0,0.0
2019-02-04 23:00:00,0.61,0.0,0.0
2019-02-05 00:00:00,0.4,0.0,0.0
2019-02-05 01:00:00,0.34,0.0,0.0
2019-02-05 02:00:00,0.2,0.0,0.0
2019-02-05 03:00:00,0.45,0.0,0.0
2019-02-05 04:00:00,0.35,0.0,0.0
2019-02-05 05:00:00,0.22,0.0,0.0
2019-02-05 06:00:00,0.69,0.0,0.0
2019-02-05 07:00:00,0.65,32.0619,0.9255555555555556
2019-02-05 08:00:00,0.47,153.93828,1.0
2019-02-05 09:00:00,0.01,395.29926,1.0
2019-02-05 10:00:00,0.0,594.04663,1.0
2019-02-05 11:00:00,0.0,721.7579,1.0
2019-02-05 12:00:00,0.0,734.2689,1.0
2019-02-05 13:00:00,0.03,671.46,1.0
2019-02-05 14:00:00,0.0,534.5167,1.0
2019-02-05 15:00:00,0.0,352.32928,1.0
2019-02-05 16:00:00,0.01,143.2603,1.0
2019-02-05 17:00:00,0.01,5.9493265,0.41083333333333333
2019-02-05 18:00:00,0.05,0.0,0.0
2019-02-05 19:00:00,0.01,0.0,0.0
2019-02-05 20:00:00,0.06,0.0,0.0
2019-02-05 21:00:00,0.0,0.0,0.0
2019-02-05 22:00:00,0.0,0.0,0.0
2019-02-05 23:00:00,0.02,0.0,0.0
2019-02-06 00:00:00,0.0,0.0,0.0
2019-02-06 01:00:00,0.0,0.0,0.0
2019-02-06 02:00:00,0.0,0.0,0.0
2019-02-06 03:00:00,0.09,0.0,0.0
2019-02-06 04:00:00,0.0,0.0,0.0
2019-02-06 05:00:00,0.06,0.0,0.0
2019-02-06 06:00:00,0.45,0.0,0.0
2019-02-06 07:00:00,0.7,41.096634,0.9427777777777778
2019-02-06 08:00:00,0.97,143.8609,1.0
2019-02-06 09:00:00,0.98,224.37894,1.0
2019-02-06 10:00:00,1.0,264.38123,1.0
2019-02-06 11:00:00,0.96,237.6874,1.0
2019-02-06 12:00:00,0.78,186.04213,1.0
2019-02-06 13:00:00,0.95,306.52734,1.0
2019-02-06 14:00:00,0.84,277.80115,1.0
2019-02-06 15:00:00,0.98,151.3657,1.0
2019-02-06 16:00:00,0.91,45.720463,1.0
2019-02-06 17:00:00,0.99,2.981769,0.4305555555555556
2019-02-06 18:00:00,0.99,0.0,0.0
2019-02-06 19:00:00,1.0,0.0,0.0
2019-02-06 20:00:00,1.0,0.0,0.0
2019-02-06 21:00:00,0.99,0.0,0.0
2019-02-06 22:00:00,1.0,0.0,0.0
2019-02-06 23:00:00,1.0,0.0,0.0
2019-02-07 00:00:00,1.0,0.0,0.0
2019-02-07 01:00:00,1.0,0.0,0.0
2019-02-07 02:00:00,1.0,0.0,0.0
2019-02-07 03:00:00,1.0,0.0,0.0
2019-02-07 04:00:00,0.96,0.0,0.0
2019-02-07 05:00:00,0.16,0.0,0.0
2019-02-07 06:00:00,0.09,0.0,0.0
2019-02-07 07:00:00,0.12,83.74029,0.96
2019-02-07 08:00:00,0.1,322.2401,1.0
2019-02-07 09:00:00,0.03,523.81116,1.0
2019-02-07 10:00:00,0.0,700.9578,1.0
2019-02-07 11:00:00,0.78,717.9651,1.0
2019-02-07 12:00:00,0.84,658.58734,1.0
2019-02-07 13:00:00,0.68,550.2498,1.0
2019-02-07 14:00:00,0.66,467.22928,1.0
2019-02-07 15:00:00,0.12,348.85553,1.0
2019-02-07 16:00:00,0.52,168.06985,1.0
2019-02-07 17:00:00,0.48,10.202852,0.45
2019-02-07 18:00:00,0.03,0.0,0.0
2019-02-07 19:00:00,0.03,0.0,0.0
2019-02-07 20:00:00,0.02,0.0,0.0
2019-02-07 21:00:00,0.02,0.0,0.0
2019-02-07 22:00:00,0.0,0.0,0.0
2019-02-07 23:00:00,0.0,0.0,0.0
2019-02-08 00:00:00,0.0,0.0,0.0
2019-02-08 01:00:00,0.0,0.0,0.0
2019-02-08 02:00:00,0.0,0.0,0.0
2019-02-08 03:00:00,0.22,0.0,0.0
2019-02-08 04:00:00,0.25,0.0,0.0
2019-02-08 05:00:00,0.17,0.0,0.0
2019-02-08 06:00:00,0.0,0.0,0.0
2019-02-08 07:00:00,0.25,93.36439,0.9780555555555556
2019-02-08 08:00:00,0.57,313.9985,1.0
2019-02-08 09:00:00,0.82,436.15564,1.0
2019-02-08 10:00:00,0.9,538.6064,1.0
2019-02-08 11:00:00,0.94,633.4158,1.0
2019-02-08 12:00:00,0.56,719.42786,1.0
2019-02-08 13:00:00,0.21,714.0418,1.0
2019-02-08 14:00:00,0.0,583.4192,1.0
2019-02-08 15:00:00,0.0,394.30228,1.0
2019-02-08 16:00:00,0.0,169.8288,1.0
2019-02-08 17:00:00,0.0,10.49392,0.46944444444444444
2019-02-08 18:00:00,0.0,0.0,0.0
2019-02-08 19:00:00,0.0,0.0,0.0
2019-02-08 20:00:00,0.14,0.0,0.0
2019-02-08 21:00:00,0.04,0.0,0.0
2019-02-08 22:00:00,0.0,0.0,0.0
2019-02-08 23:00:00,0.0,0.0,0.0
2019-02-09 00:00:00,0.0,0.0,0.0
2019-02-09 01:00:00,0.0,0.0,0.0
2019-02-09 02:00:00,0.0,0.0,0.0
2019-02-09 03:00:00,0.0,0.0,0.0
2019-02-09 04:00:00,0.0,0.0,0.0
2019-02-09 05:00:00,0.0,0.0,0.0
2019-02-09 06:00:00,0.0,0.0,0.0
2019-02-09 07:00:00,0.0,99.668884,0.9963888888888889
2019-02-09 08:00:00,0.01,336.8094,1.0
2019-02-09 09:00:00,0.01,545.8763,1.0
2019-02-09 10:00:00,0.01,699.8546,1.0
2019-02-09 11:00:00,0.22,773.58685,1.0
2019-02-09 12:00:00,0.93,728.7388,1.0
2019-02-09 13:00:00,0.9,631.08594,1.0
2019-02-09 14:00:00,0.95,473.93307,1.0
2019-02-09 15:00:00,0.94,301.07407,1.0
2019-02-09 16:00:00,0.9,122.643906,1.0
2019-02-09 17:00:00,0.98,8.308205,0.4888888888888889
2019-02-09 18:00:00,1.0,0.0,0.0
2019-02-09 19:00:00,0.26,0.0,0.0
2019-02-09 20:00:00,0.15,0.0,0.0
2019-02-09 21:00:00,0.96,0.0,0.0
2019-02-09 22:00:00,0.2,0.0,0.0
2019-02-09 23:00:00,0.48,0.0,0.0
2019-02-10 00:00:00,0.0,0.0,0.0
2019-02-10 01:00:00,0.0,0.0,0.0
2019-02-10 02:00:00,0.0,0.0,0.0
2019-02-10 03:00:00,0.0,0.0,0.0
2019-02-10 04:00:00,0.22,0.0,0.0
2019-02-10 05:00:00,0.39,0.0,0.0
2019-02-10 06:00:00,0.52,0.0,0.015277777777777777
2019-02-10 07:00:00,0.65,64.24034,1.0
2019-02-10 08:00:00,0.4,246.50853,1.0
2019-02-10 09:00:00,0.07,518.46985,1.0
2019-02-10 10:00:00,0.01,693.41394,1.0
2019-02-10 11:00:00,0.0,782.0935,1.0
2019-02-10 12:00:00,0.0,790.8587,1.0
2019-02-10 13:00:00,0.0,724.9931,1.0
2019-02-10 14:00:00,0.0,585.7228,1.0
2019-02-10 15:00:00,0.0,390.91162,1.0
2019-02-10 16:00:00,0.0,170.61829,1.0
2019-02-10 17:00:00,0.0,12.573472,0.5086111111111111
2019-02-10 18:00:00,0.0,0.0,0.0
2019-02-10 19:00:00,0.0,0.0,0.0
2019-02-10 20:00:00,0.0,0.0,0.0
2019-02-10 21:00:00,0.0,0.0,0.0
2019-02-10 22:00:00,0.0,0.0,0.0
2019-02-10 23:00:00,0.01,0.0,0.0
2019-02-11 00:00:00,0.01,0.0,0.0
2019-02-11 01:00:00,0.0,0.0,0.0
2019-02-11 02:00:00,0.0,0.0,0.0
2019-02-11 03:00:00,0.0,0.0,0.0
2019-02-11 04:00:00,0.0,0.0,0.0
2019-02-11 05:00:00,0.0,0.0,0.0
2019-02-11 06:00:00,0.0,0.0,0.034722222222222224
2019-02-11 07:00:00,0.0,107.6477,1.0
2019-02-11 08:00:00,0.0,344.41547,1.0
2019-02-11 09:00:00,0.0,553.10297,1.0
2019-02-11 10:00:00,0.15,704.54974,1.0
2019-02-11 11:00:00,0.0,782.4875,1.0
2019-02-11 12:00:00,0.13,806.03265,1.0
2019-02-11 13:00:00,0.0,721.73,1.0
2019-02-11 14:00:00,0.0,598.81036,1.0
2019-02-11 15:00:00,0.3,401.38486,1.0
2019-02-11 16:00:00,0.37,177.91518,1.0
2019-02-11 17:00:00,0.12,13.430998,0.5280555555555555
2019-02-11 18:00:00,0.0,0.0,0.0
2019-02-11 19:00:00,0.44,0.0,0.0
2019-02-11 20:00:00,0.47,0.0,0.0
2019-02-11 21:00:00,0.0,0.0,0.0
2019-02-11 22:00:00,0.0,0.0,0.0
2019-02-11 23:00:00,0.0,0.0,0.0
2019-02-12 00:00:00,0.0,0.0,0.0
2019-02-12 01:00:00,0.0,0.0,0.0
2019-02-12 02:00:00,0.0,0.0,0.0
2019-02-12 03:00:00,0.0,0.0,0.0
2019-02-12 04:00:00,0.0,0.0,0.0
2019-02-12 05:00:00,0.0,0.0,0.0
2019-02-12 06:00:00,0.0,0.0,0.05472222222222222
2019-02-12 07:00:00,0.0,109.49862,1.0
2019-02-12 08:00:00,0.0,344.5223,1.0
2019-02-12 09:00:00,0.0,553.31824,1.0
2019-02-12 10:00:00,0.0,705.93304,1.0
2019-02-12 11:00:00,0.0,789.4493,1.0
2019-02-12 12:00:00,0.12,796.25195,1.0
2019-02-12 13:00:00,0.01,712.1167,1.0
2019-02-12 14:00:00,0.48,588.7512,1.0
2019-02-12 15:00:00,0.06,396.01044,1.0
2019-02-12 16:00:00,0.21,175.78636,1.0
2019-02-12 17:00:00,0.91,10.214089,0.5475
2019-02-12 18:00:00,0.52,0.0,0.0
2019-02-12 19:00:00,0.63,0.0,0.0
2019-02-12 20:00:00,0.57,0.0,0.0
2019-02-12 21:00:00,0.87,0.0,0.0
2019-02-12 22:00:00,0.72,0.0,0.0
2019-02-12 23:00:00,0.52,0.0,0.0
2019-02-13 00:00:00,0.45,0.0,0.0
2019-02-13 01:00:00,0.65,0.0,0.0
2019-02-13 02:00:00,0.13,0.0,0.0
2019-02-13 03:00:00,0.17,0.0,0.0
2019-02-13 04:00:00,0.01,0.0,0.0
2019-02-13 05:00:00,0.0,0.0,0.0
2019-02-13 06:00:00,0.88,0.0,0.07527777777777778
2019-02-13 07:00:00,1.0,107.43329,1.0
2019-02-13 08:00:00,0.98,330.68765,1.0
2019-02-13 09:00:00,0.01,548.8698,1.0
2019-02-13 10:00:00,0.0,703.11597,1.0
2019-02-13 11:00:00,0.0,784.4801,1.0
2019-02-13 12:00:00,0.0,759.7352,1.0
2019-02-13 13:00:00,0.0,715.24426,1.0
2019-02-13 14:00:00,0.59,551.467,1.0
2019-02-13 15:00:00,0.98,291.08322,1.0
2019-02-13 16:00:00,0.33,153.45433,1.0
2019-02-13 17:00:00,0.99,7.9513845,0.5672222222222222
2019-02-13 18:00:00,0.94,0.0,0.0
2019-02-13 19:00:00,0.01,0.0,0.0
2019-02-13 20:00:00,0.0,0.0,0.0
2019-02-13 21:00:00,0.0,0.0,0.0
2019-02-13 22:00:00,0.0,0.0,0.0
2019-02-13 23:00:00,0.01,0.0,0.0
2019-02-14 00:00:00,0.0,0.0,0.0
2019-02-14 01:00:00,0.01,0.0,0.0
2019-02-14 02:00:00,0.02,0.0,0.0
2019-02-14 03:00:00,0.03,0.0,0.0
2019-02-14 04:00:00,0.57,0.0,0.0
2019-02-14 05:00:00,0.79,0.0,0.0
2019-02-14 06:00:00,0.98,0.0,0.0961111111111111
2019-02-14 07:00:00,0.95,60.827084,1.0
2019-02-14 08:00:00,0.94,241.85556,1.0
2019-02-14 09:00:00,0.96,395.26288,1.0
2019-02-14 10:00:00,0.99,547.3563,1.0
2019-02-14 11:00:00,0.94,699.62933,1.0
2019-02-14 12:00:00,0.99,543.93256,1.0
2019-02-14 13:00:00,0.99,434.9201,1.0
2019-02-14 14:00:00,1.0,248.023,1.0
2019-02-14 15:00:00,1.0,164.95593,1.0
2019-02-14 16:00:00,0.97,78.43786,1.0
2019-02-14 17:00:00,1.0,6.9574614,0.5866666666666667
2019-02-14 18:00:00,1.0,0.0,0.0
2019-02-14 19:00:00,1.0,0.0,0.0
2019-02-14 20:00:00,1.0,0.0,0.0
2019-02-14 21:00:00,1.0,0.0,0.0
2019-02-14 22:00:00,1.0,0.0,0.0
2019-02-14 23:00:00,0.95,0.0,0.0
2019-02-15 00:00:00,0.81,0.0,0.0
2019-02-15 01:00:00,0.97,0.0,0.0
2019-02-15 02:00:00,1.0,0.0,0.0
2019-02-15 03:00:00,0.86,0.0,0.0
2019-02-15 04:00:00,0.72,0.0,0.0
2019-02-15 05:00:00,0.96,0.0,0.0
2019-02-15 06:00:00,1.0,0.0,0.11722222222222223
2019-02-15 07:00:00,0.99,28.82377,1.0
2019-02-15 08:00:00,0.85,160.75989,1.0
2019-02-15 09:00:00,0.02,455.9062,1.0
2019-02-15 10:00:00,0.06,604.422,1.0
2019-02-15 11:00:00,0.09,719.14105,1.0
2019-02-15 12:00:00,0.02,790.30304,1.0
2019-02-15 13:00:00,0.0,730.0258,1.0
2019-02-15 14:00:00,0.0,591.8329,1.0
2019-02-15 15:00:00,0.0,396.23166,1.0
2019-02-15 16:00:00,0.0,179.41707,1.0
2019-02-15 17:00:00,0.0,17.742537,0.6061111111111112
2019-02-15 18:00:00,0.0,0.0,0.0
2019-02-15 19:00:00,0.0,0.0,0.0
2019-02-15 20:00:00,0.0,0.0,0.0
2019-02-15 21:00:00,0.0,0.0,0.0
2019-02-15 22:00:00,0.0,0.0,0.0
2019-02-15 23:00:00,0.0,0.0,0.0
2019-02-16 00:00:00,0.0,0.0,0.0
2019-02-16 01:00:00,0.0,0.0,0.0
2019-02-16 02:00:00,0.05,0.0,0.0
2019-02-16 03:00:00,0.02,0.0,0.0
2019-02-16 04:00:00,0.03,0.0,0.0
2019-02-16 05:00:00,0.23,0.0,0.0
2019-02-16 06:00:00,0.5,0.0,0.1388888888888889
2019-02-16 07:00:00,0.27,105.41185,1.0
2019-02-16 08:00:00,0.3,319.76672,1.0
2019-02-16 09:00:00,0.06,538.0526,1.0
2019-02-16 10:00:00,0.4,673.5536,1.0
2019-02-16 11:00:00,0.89,627.18475,1.0
2019-02-16 12:00:00,0.93,535.90076,1.0
2019-02-16 13:00:00,0.91,474.19427,1.0
2019-02-16 14:00:00,0.93,362.36038,1.0
2019-02-16 15:00:00,1.0,200.83624,1.0
2019-02-16 16:00:00,1.0,93.28986,1.0
2019-02-16 17:00:00,0.97,13.287231,0.6255555555555555
2019-02-16 18:00:00,0.96,0.0,0.0
2019-02-16 19:00:00,0.61,0.0,0.0
2019-02-16 20:00:00,0.92,0.0,0.0
2019-02-16 21:00:00,0.95,0.0,0.0
2019-02-16 22:00:00,0.21,0.0,0.0
2019-02-16 23:00:00,0.06,0.0,0.0
2019-02-17 00:00:00,0.0,0.0,0.0
2019-02-17 01:00:00,0.0,0.0,0.0
2019-02-17 02:00:00,0.0,0.0,0.0
2019-02-17 03:00:00,0.22,0.0,0.0
2019-02-17 04:00:00,0.6,0.0,0.0
2019-02-17 05:00:00,0.63,0.0,0.0
2019-02-17 06:00:00,0.25,0.0,0.16055555555555556
2019-02-17 07:00:00,0.33,106.42627,1.0
2019-02-17 08:00:00,0.33,334.5175,1.0
2019-02-17 09:00:00,0.34,531.7022,1.0
2019-02-17 10:00:00,0.37,695.5216,1.0
2019-02-17 11:00:00,0.42,772.0525,1.0
2019-02-17 12:00:00,0.86,613.51935,1.0
2019-02-17 13:00:00,0.91,495.431,1.0
2019-02-17 14:00:00,0.89,399.6506,1.0
2019-02-17 15:00:00,0.96,193.1088,1.0
2019-02-17 16:00:00,0.99,61.623234,1.0
2019-02-17 17:00:00,1.0,12.252649,0.6447222222222222
2019-02-17 18:00:00,1.0,0.0,0.0
2019-02-17 19:00:00,1.0,0.0,0.0
2019-02-17 20:00:00,1.0,0.0,0.0
2019-02-17 21:00:00,1.0,0.0,0.0
2019-02-17 22:00:00,0.97,0.0,0.0
2019-02-17 23:00:00,0.94,0.0,0.0
2019-02-18 00:00:00,1.0,0.0,0.0
2019-02-18 01:00:00,1.0,0.0,0.0
2019-02-18 02:00:00,1.0,0.0,0.0
2019-02-18 03:00:00,1.0,0.0,0.0
2019-02-18 04:00:00,1.0,0.0,0.0
2019-02-18 05:00:00,1.0,0.0,0.0
2019-02-18 06:00:00,1.0,0.0,0.1827777777777778
2019-02-18 07:00:00,1.0,34.787308,1.0
2019-02-18 08:00:00,0.99,161.54488,1.0
2019-02-18 09:00:00,1.0,337.0069,1.0
2019-02-18 10:00:00,1.0,549.5591,1.0
2019-02-18 11:00:00,1.0,671.23126,1.0
2019-02-18 12:00:00,0.96,725.4619,1.0
2019-02-18 13:00:00,1.0,573.04675,1.0
2019-02-18 14:00:00,0.99,431.31622,1.0
2019-02-18 15:00:00,0.99,268.14883,1.0
2019-02-18 16:00:00,0.79,140.36996,1.0
2019-02-18 17:00:00,0.71,14.058306,0.6641666666666667
2019-02-18 18:00:00,0.97,0.0,0.0
2019-02-18 19:00:00,0.99,0.0,0.0
2019-02-18 20:00:00,1.0,0.0,0.0
2019-02-18 21:00:00,0.96,0.0,0.0
2019-02-18 22:00:00,1.0,0.0,0.0
2019-02-18 23:00:00,0.83,0.0,0.0
2019-02-19 00:00:00,1.0,0.0,0.0
2019-02-19 01:00:00,1.0,0.0,0.0
2019-02-19 02:00:00,1.0,0.0,0.0
2019-02-19 03:00:00,0.7,0.0,0.0
2019-02-19 04:00:00,1.0,0.0,0.0
2019-02-19 05:00:00,1.0,0.0,0.0
2019-02-19 06:00:00,1.0,0.0,0.20527777777777778
2019-02-19 07:00:00,0.97,65.67099,1.0
2019-02-19 08:00:00,1.0,191.78218,1.0
2019-02-19 09:00:00,0.96,310.65063,1.0
2019-02-19 10:00:00,0.92,528.72675,1.0
2019-02-19 11:00:00,0.93,676.3346,1.0
2019-02-19 12:00:00,0.91,650.9587,1.0
2019-02-19 13:00:00,0.79,601.767,1.0
2019-02-19 14:00:00,0.63,400.36737,1.0
2019-02-19 15:00:00,0.92,276.04825,1.0
2019-02-19 16:00:00,1.0,94.43896,1.0
2019-02-19 17:00:00,1.0,12.921,0.6833333333333333
2019-02-19 18:00:00,1.0,0.0,0.0
2019-02-19 19:00:00,1.0,0.0,0.0
2019-02-19 20:00:00,1.0,0.0,0.0
2019-02-19 21:00:00,1.0,0.0,0.0
2019-02-19 22:00:00,0.91,0.0,0.0
2019-02-19 23:00:00,0.14,0.0,0.0
2019-02-20 00:00:00,0.01,0.0,0.0
2019-02-20 01:00:00,0.0,0.0,0.0
2019-02-20 02:00:00,0.0,0.0,0.0
2019-02-20 03:00:00,0.0,0.0,0.0
2019-02-20 04:00:00,0.0,0.0,0.0
2019-02-20 05:00:00,0.21,0.0,0.0
2019-02-20 06:00:00,0.01,0.0,0.22805555555555557
2019-02-20 07:00:00,0.08,133.98618,1.0
2019-02-20 08:00:00,0.05,382.52548,1.0
2019-02-20 09:00:00,0.25,582.6422,1.0
2019-02-20 10:00:00,0.32,714.3869,1.0
2019-02-20 11:00:00,0.0,816.0845,1.0
2019-02-20 12:00:00,0.0,824.44617,1.0
2019-02-20 13:00:00,0.01,755.0665,1.0
2019-02-20 14:00:00,0.0,611.08765,1.0
2019-02-20 15:00:00,0.0,422.63333,1.0
2019-02-20 16:00:00,0.01,200.43726,1.0
2019-02-20 17:00:00,0.0,25.353718,0.7025
2019-02-20 18:00:00,0.0,0.0,0.0
2019-02-20 19:00:00,0.0,0.0,0.0
2019-02-20 20:00:00,0.01,0.0,0.0
2019-02-20 21:00:00,0.0,0.0,0.0
2019-02-20 22:00:00,0.14,0.0,0.0
2019-02-20 23:00:00,0.36,0.0,0.0
2019-02-21 00:00:00,0.96,0.0,0.0
2019-02-21 01:00:00,0.64,0.0,0.0
2019-02-21 02:00:00,0.12,0.0,0.0
2019-02-21 03:00:00,0.22,0.0,0.0
2019-02-21 04:00:00,0.22,0.0,0.0
2019-02-21 05:00:00,0.23,0.0,0.0
2019-02-21 06:00:00,0.37,0.0,0.2511111111111111
2019-02-21 07:00:00,0.53,117.21528,1.0
2019-02-21 08:00:00,0.34,334.77518,1.0
2019-02-21 09:00:00,0.3,533.07806,1.0
2019-02-21 10:00:00,0.49,694.8716,1.0
2019-02-21 11:00:00,0.01,796.8104,1.0
2019-02-21 12:00:00,0.0,818.52155,1.0
2019-02-21 13:00:00,0.0,749.8087,1.0
2019-02-21 14:00:00,0.04,618.94995,1.0
2019-02-21 15:00:00,0.02,419.9723,1.0
2019-02-21 16:00:00,0.0,199.27219,1.0
2019-02-21 17:00:00,0.05,25.026112,0.7216666666666667
2019-02-21 18:00:00,0.48,0.0,0.0
2019-02-21 19:00:00,0.73,0.0,0.0
2019-02-21 20:00:00,0.37,0.0,0.0
2019-02-21 21:00:00,0.17,0.0,0.0
2019-02-21 22:00:00,0.22,0.0,0.0
2019-02-21 23:00:00,0.14,0.0,0.0
2019-02-22 00:00:00,0.81,0.0,0.0
2019-02-22 01:00:00,0.96,0.0,0.0
2019-02-22 02:00:00,1.0,0.0,0.0
2019-02-22 03:00:00,0.39,0.0,0.0
2019-02-22 04:00:00,1.0,0.0,0.0
2019-02-22 05:00:00,1.0,0.0,0.0
2019-02-22 06:00:00,0.99,0.0,0.27416666666666667
2019-02-22 07:00:00,1.0,69.35539,1.0
2019-02-22 08:00:00,0.95,224.1098,1.0
2019-02-22 09:00:00,0.97,326.74692,1.0
2019-02-22 10:00:00,1.0,572.7907,1.0
2019-02-22 11:00:00,0.99,707.5549,1.0
2019-02-22 12:00:00,0.9,803.1791,1.0
2019-02-22 13:00:00,0.01,752.6863,1.0
2019-02-22 14:00:00,0.01,615.7319,1.0
2019-02-22 15:00:00,0.38,355.3236,1.0
2019-02-22 16:00:00,0.83,109.331085,1.0
2019-02-22 17:00:00,0.97,3.9756923,0.7405555555555555
2019-02-22 18:00:00,1.0,0.0,0.0
2019-02-22 19:00:00,1.0,0.0,0.0
2019-02-22 20:00:00,0.92,0.0,0.0
2019-02-22 21:00:00,0.99,0.0,0.0
2019-02-22 22:00:00,1.0,0.0,0.0
2019-02-22 23:00:00,1.0,0.0,0.0
2019-02-23 00:00:00,1.0,0.0,0.0
2019-02-23 01:00:00,1.0,0.0,0.0
2019-02-23 02:00:00,1.0,0.0,0.0
2019-02-23 03:00:00,1.0,0.0,0.0
2019-02-23 04:00:00,1.0,0.0,0.0
2019-02-23 05:00:00,1.0,0.0,0.0
2019-02-23 06:00:00,1.0,1.9878461,0.2975
2019-02-23 07:00:00,1.0,90.80778,1.0
2019-02-23 08:00:00,1.0,310.18063,1.0
2019-02-23 09:00:00,0.98,536.63654,1.0
2019-02-23 10:00:00,0.95,732.265,1.0
2019-02-23 11:00:00,0.76,823.7907,1.0
2019-02-23 12:00:00,0.0,856.59296,1.0
2019-02-23 13:00:00,0.0,785.40045,1.0
2019-02-23 14:00:00,0.0,641.07227,1.0
2019-02-23 15:00:00,0.0,443.57883,1.0
2019-02-23 16:00:00,0.0,216.88095,1.0
2019-02-23 17:00:00,0.0,30.751629,0.7594444444444445
2019-02-23 18:00:00,0.0,0.0,0.0
2019-02-23 19:00:00,0.0,0.0,0.0
2019-02-23 20:00:00,0.0,0.0,0.0
2019-02-23 21:00:00,0.0,0.0,0.0
2019-02-23 22:00:00,0.0,0.0,0.0
2019-02-23 23:00:00,0.0,0.0,0.0
2019-02-24 00:00:00,0.0,0.0,0.0
2019-02-24 01:00:00,0.0,0.0,0.0
2019-02-24 02:00:00,0.0,0.0,0.0
2019-02-24 03:00:00,0.0,0.0,0.0
2019-02-24 04:00:00,0.0,0.0,0.0
2019-02-24 05:00:00,0.26,0.0,0.0
2019-02-24 06:00:00,0.0,4.944745,0.32083333333333336
2019-02-24 07:00:00,0.0,162.43286,1.0
2019-02-24 08:00:00,0.0,400.02274,1.0
2019-02-24 09:00:00,0.04,605.3502,1.0
2019-02-24 10:00:00,0.7,749.9623,1.0
2019-02-24 11:00:00,0.84,706.18304,1.0
2019-02-24 12:00:00,0.7,813.9092,1.0
2019-02-24 13:00:00,0.28,775.08044,1.0
2019-02-24 14:00:00,0.01,637.9254,1.0
2019-02-24 15:00:00,0.0,442.10135,1.0
2019-02-24 16:00:00,0.0,218.0991,1.0
2019-02-24 17:00:00,0.0,32.588127,0.7780555555555555
2019-02-24 18:00:00,0.0,0.0,0.0
2019-02-24 19:00:00,0.0,0.0,0.0
2019-02-24 20:00:00,0.0,0.0,0.0
2019-02-24 21:00:00,0.34,0.0,0.0
2019-02-24 22:00:00,0.4,0.0,0.0
2019-02-24 23:00:00,0.21,0.0,0.0
2019-02-25 00:00:00,0.32,0.0,0.0
2019-02-25 01:00:00,0.27,0.0,0.0
2019-02-25 02:00:00,0.18,0.0,0.0
2019-02-25 03:00:00,0.12,0.0,0.0
2019-02-25 04:00:00,0.0,0.0,0.0
2019-02-25 05:00:00,0.0,0.0,0.0
2019-02-25 06:00:00,0.0,4.820222,0.3441666666666667
2019-02-25 07:00:00,0.0,163.0823,1.0
2019-02-25 08:00:00,0.21,393.43192,1.0
2019-02-25 09:00:00,0.35,597.2951,1.0
2019-02-25 10:00:00,0.39,751.9261,1.0
2019-02-25 11:00:00,0.72,829.1175,1.0
2019-02-25 12:00:00,0.81,827.4158,1.0
2019-02-25 13:00:00,0.75,746.3454,1.0
2019-02-25 14:00:00,0.93,603.4372,1.0
2019-02-25 15:00:00,0.92,381.48544,1.0
2019-02-25 16:00:00,0.87,204.29279,1.0
2019-02-25 17:00:00,0.88,32.301952,0.7966666666666666
2019-02-25 18:00:00,0.0,0.0,0.0
2019-02-25 19:00:00,0.0,0.0,0.0
2019-02-25 20:00:00,0.0,0.0,0.0
2019-02-25 21:00:00,0.0,0.0,0.0
2019-02-25 22:00:00,0.01,0.0,0.0
2019-02-25 23:00:00,0.15,0.0,0.0
2019-02-26 00:00:00,0.24,0.0,0.0
2019-02-26 01:00:00,0.93,0.0,0.0
2019-02-26 02:00:00,0.79,0.0,0.0
2019-02-26 03:00:00,0.5,0.0,0.0
2019-02-26 04:00:00,0.73,0.0,0.0
2019-02-26 05:00:00,0.39,0.0,0.0
2019-02-26 06:00:00,0.86,4.70732,0.36777777777777776
2019-02-26 07:00:00,0.69,138.63135,1.0
2019-02-26 08:00:00,0.93,351.59988,1.0
2019-02-26 09:00:00,0.47,560.40814,1.0
2019-02-26 10:00:00,0.56,712.67,1.0
2019-02-26 11:00:00,0.49,802.78296,1.0
2019-02-26 12:00:00,0.46,840.01086,1.0
2019-02-26 13:00:00,0.17,764.36993,1.0
2019-02-26 14:00:00,0.0,627.7225,1.0
2019-02-26 15:00:00,0.14,435.06616,1.0
2019-02-26 16:00:00,0.17,215.71432,1.0
2019-02-26 17:00:00,0.09,32.02271,0.8152777777777778
2019-02-26 18:00:00,0.68,0.0,0.0
2019-02-26 19:00:00,0.8,0.0,0.0
2019-02-26 20:00:00,0.9,0.0,0.0
2019-02-26 21:00:00,0.75,0.0,0.0
2019-02-26 22:00:00,0.28,0.0,0.0
2019-02-26 23:00:00,0.77,0.0,0.0
2019-02-27 00:00:00,0.61,0.0,0.0
2019-02-27 01:00:00,0.35,0.0,0.0
2019-02-27 02:00:00,0.6,0.0,0.0
2019-02-27 03:00:00,0.23,0.0,0.0
2019-02-27 04:00:00,0.0,0.0,0.0
2019-02-27 05:00:00,0.01,0.0,0.0
2019-02-27 06:00:00,1.0,4.604893,0.3913888888888889
2019-02-27 07:00:00,1.0,78.27615,1.0
2019-02-27 08:00:00,1.0,181.02763,1.0
2019-02-27 09:00:00,0.95,321.16577,1.0
2019-02-27 10:00:00,0.92,409.51163,1.0
2019-02-27 11:00:00,0.88,559.379,1.0
2019-02-27 12:00:00,0.91,461.99054,1.0
2019-02-27 13:00:00,0.62,370.91956,1.0
2019-02-27 14:00:00,0.43,561.0229,1.0
2019-02-27 15:00:00,0.92,334.27734,1.0
2019-02-27 16:00:00,0.71,179.20128,1.0
2019-02-27 17:00:00,0.95,19.887993,0.8336111111111111
2019-02-27 18:00:00,0.98,0.0,0.0
2019-02-27 19:00:00,0.62,0.0,0.0
2019-02-27 20:00:00,0.47,0.0,0.0
2019-02-27 21:00:00,0.49,0.0,0.0
2019-02-27 22:00:00,0.48,0.0,0.0
2019-02-27 23:00:00,0.81,0.0,0.0
2019-02-28 00:00:00,0.77,0.0,0.0
2019-02-28 01:00:00,0.67,0.0,0.0
2019-02-28 02:00:00,0.43,0.0,0.0
2019-02-28 03:00:00,0.52,0.0,0.0
2019-02-28 04:00:00,0.4,0.0,0.0
2019-02-28 05:00:00,0.37,0.0,0.0
2019-02-28 06:00:00,0.37,8.028705,0.4152777777777778
2019-02-28 07:00:00,0.22,159.5363,1.0
2019-02-28 08:00:00,0.28,387.61407,1.0
2019-02-28 09:00:00,0.6,553.0766,1.0
2019-02-28 10:00:00,0.89,656.1429,1.0
2019-02-28 11:00:00,0.98,491.37283,1.0
2019-02-28 12:00:00,0.73,570.5131,1.0
2019-02-28 13:00:00,0.47,689.929,1.0
2019-02-28 14:00:00,0.72,529.5127,1.0
2019-02-28 15:00:00,0.82,355.88254,1.0
2019-02-28 16:00:00,0.66,186.04639,1.0
2019-02-28 17:00:00,0.16,35.595722,0.8519444444444444
2019-02-28 18:00:00,0.21,0.0,0.0
2019-02-28 19:00:00,0.0,0.0,0.0
2019-02-28 20:00:00,0.01,0.0,0.0
2019-02-28 21:00:00,0.0,0.0,0.0
2019-02-28 22:00:00,0.0,0.0,0.0
2019-02-28 23:00:00,0.01,0.0,0.0
2019-03-01 00:00:00,0.02,0.0,0.0
2019-03-01 01:00:00,0.38,0.0,0.0
2019-03-01 02:00:00,0.72,0.0,0.0
2019-03-01 03:00:00,0.17,0.0,0.0
2019-03-01 04:00:00,0.27,0.0,0.0
2019-03-01 05:00:00,0.04,0.0,0.0
2019-03-01 06:00:00,0.05,8.849274,0.43944444444444447
2019-03-01 07:00:00,0.6,140.42033,1.0
2019-03-01 08:00:00,0.38,364.04874,1.0
2019-03-01 09:00:00,0.21,604.09924,1.0
2019-03-01 10:00:00,0.0,761.9353,1.0
2019-03-01 11:00:00,0.0,843.02527,1.0
2019-03-01 12:00:00,0.2,803.51996,1.0
2019-03-01 13:00:00,0.2,744.9109,1.0
2019-03-01 14:00:00,0.81,628.00104,1.0
2019-03-01 15:00:00,0.9,376.2214,1.0
2019-03-01 16:00:00,0.46,162.79062,1.0
2019-03-01 17:00:00,0.89,17.845324,0.87
2019-03-01 18:00:00,0.98,0.0,0.0
2019-03-01 19:00:00,0.99,0.0,0.0
2019-03-01 20:00:00,0.84,0.0,0.0
2019-03-01 21:00:00,0.81,0.0,0.0
2019-03-01 22:00:00,0.96,0.0,0.0
2019-03-01 23:00:00,0.99,0.0,0.0
2019-03-02 00:00:00,0.95,0.0,0.0
2019-03-02 01:00:00,0.94,0.0,0.0
2019-03-02 02:00:00,0.48,0.0,0.0
2019-03-02 03:00:00,0.89,0.0,0.0
2019-03-02 04:00:00,0.08,0.0,0.0
2019-03-02 05:00:00,1.0,0.0,0.0
2019-03-02 06:00:00,0.87,2.981769,0.4638888888888889
2019-03-02 07:00:00,0.93,48.861423,1.0
2019-03-02 08:00:00,0.93,183.86781,1.0
2019-03-02 09:00:00,0.84,383.72577,1.0
2019-03-02 10:00:00,0.81,506.76447,1.0
2019-03-02 11:00:00,0.99,300.06488,1.0
2019-03-02 12:00:00,1.0,237.06784,1.0
2019-03-02 13:00:00,1.0,223.54913,1.0
2019-03-02 14:00:00,1.0,178.86203,1.0
2019-03-02 15:00:00,1.0,81.50169,1.0
2019-03-02 16:00:00,1.0,42.738693,1.0
2019-03-02 17:00:00,1.0,5.963538,0.8883333333333333
2019-03-02 18:00:00,1.0,0.0,0.0
2019-03-02 19:00:00,1.0,0.0,0.0
2019-03-02 20:00:00,1.0,0.0,0.0
2019-03-02 21:00:00,1.0,0.0,0.0
2019-03-02 22:00:00,1.0,0.0,0.0
2019-03-02 23:00:00,0.79,0.0,0.0
2019-03-03 00:00:00,1.0,0.0,0.0
2019-03-03 01:00:00,1.0,0.0,0.0
2019-03-03 02:00:00,1.0,0.0,0.0
2019-03-03 03:00:00,1.0,0.0,0.0
2019-03-03 04:00:00,1.0,0.0,0.0
2019-03-03 05:00:00,1.0,0.0,0.0
2019-03-03 06:00:00,1.0,6.9574614,0.4888888888888889
2019-03-03 07:00:00,1.0,91.20607,1.0
2019-03-03 08:00:00,0.99,318.55432,1.0
2019-03-03 09:00:00,0.97,522.0859,1.0
2019-03-03 10:00:00,0.91,663.15845,1.0
2019-03-03 11:00:00,1.0,688.0775,1.0
2019-03-03 12:00:00,0.99,554.57275,1.0
2019-03-03 13:00:00,1.0,518.147,1.0
2019-03-03 14:00:00,1.0,398.37976,1.0
2019-03-03 15:00:00,1.0,292.37488,1.0
2019-03-03 16:00:00,1.0,134.54906,1.0
2019-03-03 17:00:00,1.0,31.805538,0.9063888888888889
2019-03-03 18:00:00,0.94,0.0,0.0
2019-03-03 19:00:00,0.94,0.0,0.0
2019-03-03 20:00:00,0.95,0.0,0.0
2019-03-03 21:00:00,0.93,0.0,0.0
2019-03-03 22:00:00,0.76,0.0,0.0
2019-03-03 23:00:00,0.53,0.0,0.0
2019-03-04 00:00:00,0.76,0.0,0.0
2019-03-04 01:00:00,0.84,0.0,0.0
2019-03-04 02:00:00,0.82,0.0,0.0
2019-03-04 03:00:00,0.82,0.0,0.0
2019-03-04 04:00:00,0.73,0.0,0.0
2019-03-04 05:00:00,0.74,0.0,0.0
2019-03-04 06:00:00,0.54,10.163578,0.5141666666666667
2019-03-04 07:00:00,0.95,148.6521,1.0
2019-03-04 08:00:00,0.18,391.2265,1.0
2019-03-04 09:00:00,0.16,624.5727,1.0
2019-03-04 10:00:00,0.05,792.1327,1.0
2019-03-04 11:00:00,0.03,884.9165,1.0
2019-03-04 12:00:00,0.02,898.14124,1.0
2019-03-04 13:00:00,0.02,826.693,1.0
2019-03-04 14:00:00,0.01,680.6512,1.0
2019-03-04 15:00:00,0.0,480.20517,1.0
2019-03-04 16:00:00,0.0,249.98436,1.0
2019-03-04 17:00:00,0.0,47.2607,0.9244444444444444
2019-03-04 18:00:00,0.44,0.0,0.0
2019-03-04 19:00:00,0.21,0.0,0.0
2019-03-04 20:00:00,0.07,0.0,0.0
2019-03-04 21:00:00,0.06,0.0,0.0
2019-03-04 22:00:00,0.01,0.0,0.0
2019-03-04 23:00:00,0.0,0.0,0.0
2019-03-05 00:00:00,0.0,0.0,0.0
2019-03-05 01:00:00,0.0,0.0,0.0
2019-03-05 02:00:00,0.0,0.0,0.0
2019-03-05 03:00:00,0.0,0.0,0.0
2019-03-05 04:00:00,0.0,0.0,0.0
2019-03-05 05:00:00,0.0,0.0,0.0
2019-03-05 06:00:00,0.66,17.694708,0.5394444444444444
2019-03-05 07:00:00,0.46,208.03546,1.0
2019-03-05 08:00:00,0.0,451.51956,1.0
2019-03-05 09:00:00,0.16,659.0281,1.0
2019-03-05 10:00:00,0.22,816.8775,1.0
2019-03-05 11:00:00,0.0,903.4994,1.0
2019-03-05 12:00:00,0.04,906.7813,1.0
2019-03-05 13:00:00,0.0,828.8266,1.0
2019-03-05 14:00:00,0.65,661.5192,1.0
2019-03-05 15:00:00,0.02,479.12173,1.0
2019-03-05 16:00:00,0.36,252.16075,1.0
2019-03-05 17:00:00,1.0,44.0396,0.9422222222222222
2019-03-05 18:00:00,1.0,0.0,0.0
2019-03-05 19:00:00,0.92,0.0,0.0
2019-03-05 20:00:00,0.74,0.0,0.0
2019-03-05 21:00:00,0.74,0.0,0.0
2019-03-05 22:00:00,0.45,0.0,0.0
2019-03-05 23:00:00,0.7,0.0,0.0
2019-03-06 00:00:00,0.65,0.0,0.0
2019-03-06 01:00:00,0.27,0.0,0.0
2019-03-06 02:00:00,0.26,0.0,0.0
2019-03-06 03:00:00,0.13,0.0,0.0
2019-03-06 04:00:00,0.05,0.0,0.0
2019-03-06 05:00:00,0.0,0.0,0.0
2019-03-06 06:00:00,0.88,16.20065,0.5652777777777778
2019-03-06 07:00:00,0.63,186.62236,1.0
2019-03-06 08:00:00,0.59,425.99908,1.0
2019-03-06 09:00:00,0.41,638.1342,1.0
2019-03-06 10:00:00,0.01,802.4851,1.0
2019-03-06 11:00:00,0.3,872.74506,1.0
2019-03-06 12:00:00,0.94,841.2642,1.0
2019-03-06 13:00:00,0.14,768.86865,1.0
2019-03-06 14:00:00,0.3,613.5036,1.0
2019-03-06 15:00:00,0.97,401.94778,1.0
2019-03-06 16:00:00,0.96,155.60071,1.0
2019-03-06 17:00:00,0.91,40.036064,0.9602777777777778
2019-03-06 18:00:00,0.99,0.0,0.0
2019-03-06 19:00:00,0.98,0.0,0.0
2019-03-06 20:00:00,0.98,0.0,0.0
2019-03-06 21:00:00,0.96,0.0,0.0
2019-03-06 22:00:00,0.91,0.0,0.0
2019-03-06 23:00:00,0.86,0.0,0.0
2019-03-07 00:00:00,0.79,0.0,0.0
2019-03-07 01:00:00,0.97,0.0,0.0
2019-03-07 02:00:00,0.92,0.0,0.0
2019-03-07 03:00:00,0.99,0.0,0.0
2019-03-07 04:00:00,0.99,0.0,0.0
2019-03-07 05:00:00,0.56,0.0,0.0
2019-03-07 06:00:00,0.97,14.000925,0.5913888888888889
2019-03-07 07:00:00,0.97,145.90337,1.0
2019-03-07 08:00:00,0.57,456.0169,1.0
2019-03-07 09:00:00,0.39,628.91376,1.0
2019-03-07 10:00:00,0.78,789.618,1.0
2019-03-07 11:00:00,0.01,912.81573,1.0
2019-03-07 12:00:00,0.0,830.8084,1.0
2019-03-07 13:00:00,0.14,760.5177,1.0
2019-03-07 14:00:00,0.69,655.08765,1.0
2019-03-07 15:00:00,0.2,467.13046,1.0
2019-03-07 16:00:00,0.11,238.79326,1.0
2019-03-07 17:00:00,0.01,53.59878,0.9780555555555556
2019-03-07 18:00:00,0.0,0.0,0.0
2019-03-07 19:00:00,0.0,0.0,0.0
2019-03-07 20:00:00,0.0,0.0,0.0
2019-03-07 21:00:00,0.0,0.0,0.0
2019-03-07 22:00:00,0.01,0.0,0.0
2019-03-07 23:00:00,0.0,0.0,0.0
2019-03-08 00:00:00,0.7,0.0,0.0
2019-03-08 01:00:00,0.32,0.0,0.0
2019-03-08 02:00:00,0.41,0.0,0.0
2019-03-08 03:00:00,0.1,0.0,0.0
2019-03-08 04:00:00,0.01,0.0,0.0
2019-03-08 05:00:00,0.0,0.0,0.0
2019-03-08 06:00:00,0.0,24.771282,0.6175
2019-03-08 07:00:00,0.0,215.8713,1.0
2019-03-08 08:00:00,0.03,452.59036,1.0
2019-03-08 09:00:00,0.52,649.70496,1.0
2019-03-08 10:00:00,1.0,729.5445,1.0
2019-03-08 11:00:00,0.97,794.34033,1.0
2019-03-08 12:00:00,0.85,839.9257,1.0
2019-03-08 13:00:00,0.75,741.8681,1.0
2019-03-08 14:00:00,0.73,603.70593,1.0
2019-03-08 15:00:00,0.82,387.8887,1.0
2019-03-08 16:00:00,0.93,207.37366,1.0
2019-03-08 17:00:00,0.94,49.48439,0.9958333333333333
2019-03-08 18:00:00,0.99,0.0,0.0
2019-03-08 19:00:00,0.98,0.0,0.0
2019-03-08 20:00:00,0.99,0.0,0.0
2019-03-08 21:00:00,0.96,0.0,0.0
2019-03-08 22:00:00,1.0,0.0,0.0
2019-03-08 23:00:00,0.99,0.0,0.0
2019-03-09 00:00:00,0.99,0.0,0.0
2019-03-09 01:00:00,0.99,0.0,0.0
2019-03-09 02:00:00,1.0,0.0,0.0
2019-03-09 03:00:00,0.69,0.0,0.0
2019-03-09 04:00:00,0.87,0.0,0.0
2019-03-09 05:00:00,0.88,0.0,0.0
2019-03-09 06:00:00,0.0,24.436756,0.6436111111111111
2019-03-09 07:00:00,0.0,223.26433,1.0
2019-03-09 08:00:00,0.51,436.25665,1.0
2019-03-09 09:00:00,0.07,693.1181,1.0
2019-03-09 10:00:00,0.0,833.8979,1.0
2019-03-09 11:00:00,0.0,909.03595,1.0
2019-03-09 12:00:00,0.0,910.9564,1.0
2019-03-09 13:00:00,0.0,832.94037,1.0
2019-03-09 14:00:00,0.0,687.3718,1.0
2019-03-09 15:00:00,0.0,487.0584,1.0
2019-03-09 16:00:00,0.01,258.96985,1.0
2019-03-09 17:00:00,0.02,55.017063,1.0
2019-03-09 18:00:00,0.41,0.0,0.013333333333333334
2019-03-09 19:00:00,0.6,0.0,0.0
2019-03-09 20:00:00,0.32,0.0,0.0
2019-03-09 21:00:00,0.35,0.0,0.0
2019-03-09 22:00:00,0.73,0.0,0.0
2019-03-09 23:00:00,0.16,0.0,0.0
2019-03-10 00:00:00,0.49,0.0,0.0
2019-03-10 01:00:00,0.62,0.0,0.0
2019-03-10 02:00:00,0.59,0.0,0.0
2019-03-10 03:00:00,0.53,0.0,0.0
2019-03-10 04:00:00,0.49,0.0,0.0
2019-03-10 05:00:00,0.43,0.0,0.0
2019-03-10 06:00:00,0.4,25.108465,0.6702777777777778
2019-03-10 07:00:00,0.82,195.44228,1.0
2019-03-10 08:00:00,0.23,433.4774,1.0
2019-03-10 09:00:00,0.48,600.04425,1.0
2019-03-10 10:00:00,0.17,794.493,1.0
2019-03-10 11:00:00,0.06,861.1768,1.0
2019-03-10 12:00:00,0.03,864.93,1.0
2019-03-10 13:00:00,0.03,776.0697,1.0
2019-03-10 14:00:00,0.32,618.7401,1.0
2019-03-10 15:00:00,0.56,421.046,1.0
2019-03-10 16:00:00,0.91,180.51843,1.0
2019-03-10 17:00:00,0.86,27.74919,1.0
2019-03-10 18:00:00,0.25,0.0,0.03111111111111111
2019-03-10 19:00:00,0.18,0.0,0.0
2019-03-10 20:00:00,0.01,0.0,0.0
2019-03-10 21:00:00,0.0,0.0,0.0
2019-03-10 22:00:00,0.0,0.0,0.0
2019-03-10 23:00:00,0.01,0.0,0.0
2019-03-11 00:00:00,0.05,0.0,0.0
2019-03-11 01:00:00,0.0,0.0,0.0
2019-03-11 02:00:00,0.0,0.0,0.0
2019-03-11 03:00:00,0.0,0.0,0.0
2019-03-11 04:00:00,0.12,0.0,0.0
2019-03-11 05:00:00,0.96,0.0,0.0
2019-03-11 06:00:00,0.78,20.280682,0.6966666666666667
2019-03-11 07:00:00,0.99,76.70514,1.0
2019-03-11 08:00:00,0.99,196.87009,1.0
2019-03-11 09:00:00,0.99,377.93515,1.0
2019-03-11 10:00:00,0.94,348.99753,1.0
2019-03-11 11:00:00,0.67,780.4852,1.0
2019-03-11 12:00:00,0.42,881.42224,1.0
2019-03-11 13:00:00,0.98,762.81104,1.0
2019-03-11 14:00:00,0.87,602.9791,1.0
2019-03-11 15:00:00,0.38,467.4312,1.0
2019-03-11 16:00:00,0.36,251.1519,1.0
2019-03-11 17:00:00,0.74,50.454613,1.0
2019-03-11 18:00:00,0.25,0.0,0.04861111111111111
2019-03-11 19:00:00,0.62,0.0,0.0
2019-03-11 20:00:00,0.17,0.0,0.0
2019-03-11 21:00:00,0.09,0.0,0.0
2019-03-11 22:00:00,0.84,0.0,0.0
2019-03-11 23:00:00,0.09,0.0,0.0
2019-03-12 00:00:00,0.01,0.0,0.0
2019-03-12 01:00:00,0.7,0.0,0.0
2019-03-12 02:00:00,0.97,0.0,0.0
2019-03-12 03:00:00,0.98,0.0,0.0
2019-03-12 04:00:00,0.98,0.0,0.0
2019-03-12 05:00:00,0.98,0.0,0.0
2019-03-12 06:00:00,0.86,18.319382,0.7233333333333334
2019-03-12 07:00:00,0.84,187.87999,1.0
2019-03-12 08:00:00,0.68,385.7289,1.0
2019-03-12 09:00:00,0.49,561.2042,1.0
2019-03-12 10:00:00,0.53,719.97064,1.0
2019-03-12 11:00:00,0.35,868.5455,1.0
2019-03-12 12:00:00,0.1,871.7299,1.0
2019-03-12 13:00:00,0.19,794.14307,1.0
2019-03-12 14:00:00,0.69,647.00964,1.0
2019-03-12 15:00:00,0.29,460.25116,1.0
2019-03-12 16:00:00,0.83,207.91605,1.0
2019-03-12 17:00:00,0.87,52.767754,1.0
2019-03-12 18:00:00,0.96,0.0,0.0661111111111111
2019-03-12 19:00:00,0.99,0.0,0.0
2019-03-12 20:00:00,1.0,0.0,0.0
2019-03-12 21:00:00,1.0,0.0,0.0
2019-03-12 22:00:00,1.0,0.0,0.0
2019-03-12 23:00:00,1.0,0.0,0.0
2019-03-13 00:00:00,1.0,0.0,0.0
2019-03-13 01:00:00,1.0,0.0,0.0
2019-03-13 02:00:00,1.0,0.0,0.0
2019-03-13 03:00:00,1.0,0.0,0.0
2019-03-13 04:00:00,1.0,0.0,0.0
2019-03-13 05:00:00,1.0,0.0,0.0
2019-03-13 06:00:00,1.0,1.9878461,0.75
2019-03-13 07:00:00,1.0,14.908846,1.0
2019-03-13 08:00:00,1.0,33.049004,1.0
2019-03-13 09:00:00,1.0,72.76052,1.0
2019-03-13 10:00:00,0.99,177.87843,1.0
2019-03-13 11:00:00,1.0,219.29686,1.0
2019-03-13 12:00:00,1.0,128.50012,1.0
2019-03-13 13:00:00,1.0,158.28523,1.0
2019-03-13 14:00:00,1.0,229.59624,1.0
2019-03-13 15:00:00,1.0,236.71474,1.0
2019-03-13 16:00:00,1.0,143.15388,1.0
2019-03-13 17:00:00,1.0,34.787308,1.0
2019-03-13 18:00:00,1.0,0.0,0.08361111111111111
2019-03-13 19:00:00,1.0,0.0,0.0
2019-03-13 20:00:00,1.0,0.0,0.0
2019-03-13 21:00:00,1.0,0.0,0.0
2019-03-13 22:00:00,1.0,0.0,0.0
2019-03-13 23:00:00,1.0,0.0,0.0
2019-03-14 00:00:00,1.0,0.0,0.0
2019-03-14 01:00:00,1.0,0.0,0.0
2019-03-14 02:00:00,0.78,0.0,0.0
2019-03-14 03:00:00,0.91,0.0,0.0
2019-03-14 04:00:00,0.93,0.0,0.0
2019-03-14 05:00:00,0.96,0.0,0.0
2019-03-14 06:00:00,0.97,22.598171,0.7766666666666666
2019-03-14 07:00:00,0.96,160.2296,1.0
2019-03-14 08:00:00,0.94,332.19296,1.0
2019-03-14 09:00:00,0.93,566.54047,1.0
2019-03-14 10:00:00,0.92,674.76666,1.0
2019-03-14 11:00:00,0.93,828.6012,1.0
2019-03-14 12:00:00,0.95,845.5898,1.0
2019-03-14 13:00:00,0.97,747.4689,1.0
2019-03-14 14:00:00,0.96,540.8362,1.0
2019-03-14 15:00:00,0.94,388.66644,1.0
2019-03-14 16:00:00,0.97,231.37349,1.0
2019-03-14 17:00:00,0.98,59.918625,1.0
2019-03-14 18:00:00,0.96,0.0,0.10083333333333333
2019-03-14 19:00:00,0.95,0.0,0.0
2019-03-14 20:00:00,0.84,0.0,0.0
2019-03-14 21:00:00,0.13,0.0,0.0
2019-03-14 22:00:00,0.0,0.0,0.0
2019-03-14 23:00:00,0.0,0.0,0.0
2019-03-15 00:00:00,0.0,0.0,0.0
2019-03-15 01:00:00,0.0,0.0,0.0
2019-03-15 02:00:00,0.0,0.0,0.0
2019-03-15 03:00:00,0.0,0.0,0.0
2019-03-15 04:00:00,0.0,0.0,0.0
2019-03-15 05:00:00,0.0,0.0,0.0
2019-03-15 06:00:00,0.0,49.048756,0.8030555555555555
2019-03-15 07:00:00,0.0,273.7933,1.0
2019-03-15 08:00:00,0.0,522.40533,1.0
2019-03-15 09:00:00,0.0,735.9703,1.0
2019-03-15 10:00:00,0.0,889.7177,1.0
2019-03-15 11:00:00,0.0,968.6052,1.0
2019-03-15 12:00:00,0.0,968.2377,1.0
2019-03-15 13:00:00,0.0,888.98755,1.0
2019-03-15 14:00:00,0.0,739.5112,1.0
2019-03-15 15:00:00,0.0,532.5245,1.0
2019-03-15 16:00:00,0.0,293.6834,1.0
2019-03-15 17:00:00,0.0,72.67401,1.0
2019-03-15 18:00:00,0.0,0.0,0.11805555555555555
2019-03-15 19:00:00,0.0,0.0,0.0
2019-03-15 20:00:00,0.0,0.0,0.0
2019-03-15 21:00:00,0.0,0.0,0.0
2019-03-15 22:00:00,0.0,0.0,0.0
2019-03-15 23:00:00,0.0,0.0,0.0
2019-03-16 00:00:00,0.0,0.0,0.0
2019-03-16 01:00:00,0.0,0.0,0.0
2019-03-16 02:00:00,0.0,0.0,0.0
2019-03-16 03:00:00,0.0,0.0,0.0
2019-03-16 04:00:00,0.0,0.0,0.0
2019-03-16 05:00:00,0.0,0.0,0.0
2019-03-16 06:00:00,0.0,51.10283,0.8297222222222222
2019-03-16 07:00:00,0.0,272.15598,1.0
2019-03-16 08:00:00,0.0,517.2787,1.0
2019-03-16 09:00:00,0.0,727.164,1.0
2019-03-16 10:00:00,0.0,878.5876,1.0
2019-03-16 11:00:00,0.0,957.38556,1.0
2019-03-16 12:00:00,0.0,957.2636,1.0
2019-03-16 13:00:00,0.31,877.2945,1.0
2019-03-16 14:00:00,0.33,728.06006,1.0
2019-03-16 15:00:00,0.0,523.7341,1.0
2019-03-16 16:00:00,0.0,289.8478,1.0
2019-03-16 17:00:00,0.0,73.284615,1.0
2019-03-16 18:00:00,0.01,0.0,0.13527777777777777
2019-03-16 19:00:00,0.0,0.0,0.0
2019-03-16 20:00:00,0.0,0.0,0.0
2019-03-16 21:00:00,0.0,0.0,0.0
2019-03-16 22:00:00,0.0,0.0,0.0
2019-03-16 23:00:00,0.0,0.0,0.0
2019-03-17 00:00:00,0.0,0.0,0.0
2019-03-17 01:00:00,0.0,0.0,0.0
2019-03-17 02:00:00,0.0,0.0,0.0
2019-03-17 03:00:00,0.0,0.0,0.0
2019-03-17 04:00:00,0.0,0.0,0.0
2019-03-17 05:00:00,0.0,0.0,0.0
2019-03-17 06:00:00,0.0,54.762783,0.8561111111111112
2019-03-17 07:00:00,0.0,276.84198,1.0
2019-03-17 08:00:00,0.0,522.0046,1.0
2019-03-17 09:00:00,0.0,730.6606,1.0
2019-03-17 10:00:00,0.0,879.64545,1.0
2019-03-17 11:00:00,0.0,958.42004,1.0
2019-03-17 12:00:00,0.0,957.1725,1.0
2019-03-17 13:00:00,0.05,877.0135,1.0
2019-03-17 14:00:00,0.0,729.08057,1.0
2019-03-17 15:00:00,0.17,525.78925,1.0
2019-03-17 16:00:00,0.08,291.10098,1.0
2019-03-17 17:00:00,0.16,75.08004,1.0
2019-03-17 18:00:00,0.19,0.0,0.1525
2019-03-17 19:00:00,0.3,0.0,0.0
2019-03-17 20:00:00,0.44,0.0,0.0
2019-03-17 21:00:00,0.37,0.0,0.0
2019-03-17 22:00:00,0.41,0.0,0.0
2019-03-17 23:00:00,0.61,0.0,0.0
2019-03-18 00:00:00,0.79,0.0,0.0
2019-03-18 01:00:00,0.83,0.0,0.0
2019-03-18 02:00:00,0.81,0.0,0.0
2019-03-18 03:00:00,0.83,0.0,0.0
2019-03-18 04:00:00,0.84,0.0,0.0
2019-03-18 05:00:00,0.79,0.0,0.0
2019-03-18 06:00:00,0.7,50.107,0.8825
2019-03-18 07:00:00,0.79,243.46225,1.0
2019-03-18 08:00:00,0.91,455.94995,1.0
2019-03-18 09:00:00,0.93,675.65906,1.0
2019-03-18 10:00:00,0.94,836.4108,1.0
2019-03-18 11:00:00,0.94,906.82263,1.0
2019-03-18 12:00:00,1.0,833.6235,1.0
2019-03-18 13:00:00,1.0,807.1575,1.0
2019-03-18 14:00:00,0.9,677.5977,1.0
2019-03-18 15:00:00,0.72,511.4802,1.0
2019-03-18 16:00:00,0.83,278.06128,1.0
2019-03-18 17:00:00,0.98,65.53619,1.0
2019-03-18 18:00:00,0.98,0.0,0.16972222222222222
2019-03-18 19:00:00,0.94,0.0,0.0
2019-03-18 20:00:00,0.94,0.0,0.0
2019-03-18 21:00:00,0.96,0.0,0.0
2019-03-18 22:00:00,0.85,0.0,0.0
2019-03-18 23:00:00,0.88,0.0,0.0
2019-03-19 00:00:00,0.9,0.0,0.0
2019-03-19 01:00:00,0.47,0.0,0.0
2019-03-19 02:00:00,0.38,0.0,0.0
2019-03-19 03:00:00,0.03,0.0,0.0
2019-03-19 04:00:00,0.05,0.0,0.0
2019-03-19 05:00:00,0.06,0.0,0.0
2019-03-19 06:00:00,0.95,27.930458,0.9086111111111111
2019-03-19 07:00:00,0.95,162.41707,1.0
2019-03-19 08:00:00,0.49,397.90707,1.0
2019-03-19 09:00:00,0.04,704.33185,1.0
2019-03-19 10:00:00,0.0,868.1364,1.0
2019-03-19 11:00:00,0.06,949.01514,1.0
2019-03-19 12:00:00,0.22,941.99646,1.0
2019-03-19 13:00:00,0.49,823.98956,1.0
2019-03-19 14:00:00,0.38,661.85187,1.0
2019-03-19 15:00:00,0.39,488.6609,1.0
2019-03-19 16:00:00,0.18,290.563,1.0
2019-03-19 17:00:00,0.15,62.745174,1.0
2019-03-19 18:00:00,0.23,0.0,0.18666666666666668
2019-03-19 19:00:00,0.03,0.0,0.0
2019-03-19 20:00:00,0.25,0.0,0.0
2019-03-19 21:00:00,0.05,0.0,0.0
2019-03-19 22:00:00,0.0,0.0,0.0
2019-03-19 23:00:00,0.0,0.0,0.0
2019-03-20 00:00:00,0.0,0.0,0.0
2019-03-20 01:00:00,0.0,0.0,0.0
2019-03-20 02:00:00,0.0,0.0,0.0
2019-03-20 03:00:00,0.0,0.0,0.0
2019-03-20 04:00:00,0.0,0.0,0.0
2019-03-20 05:00:00,0.0,0.0,0.0
2019-03-20 06:00:00,0.0,69.39541,0.9347222222222222
2019-03-20 07:00:00,0.0,299.5671,1.0
2019-03-20 08:00:00,0.0,542.2986,1.0
2019-03-20 09:00:00,0.0,747.096,1.0
2019-03-20 10:00:00,0.0,890.6296,1.0
2019-03-20 11:00:00,0.0,961.85736,1.0
2019-03-20 12:00:00,0.0,956.4787,1.0
2019-03-20 13:00:00,0.0,877.054,1.0
2019-03-20 14:00:00,0.0,727.84985,1.0
2019-03-20 15:00:00,0.0,526.7832,1.0
2019-03-20 16:00:00,0.0,295.97598,1.0
2019-03-20 17:00:00,0.0,80.79238,1.0
2019-03-20 18:00:00,0.0,0.0,0.2038888888888889
2019-03-20 19:00:00,0.0,0.0,0.0
2019-03-20 20:00:00,0.0,0.0,0.0
2019-03-20 21:00:00,0.0,0.0,0.0
2019-03-20 22:00:00,0.0,0.0,0.0
2019-03-20 23:00:00,0.0,0.0,0.0
2019-03-21 00:00:00,0.0,0.0,0.0
2019-03-21 01:00:00,0.0,0.0,0.0
2019-03-21 02:00:00,0.0,0.0,0.0
2019-03-21 03:00:00,0.0,0.0,0.0
2019-03-21 04:00:00,0.39,0.0,0.0
2019-03-21 05:00:00,0.01,0.0,0.0
2019-03-21 06:00:00,0.09,70.20322,0.9611111111111111
2019-03-21 07:00:00,0.95,283.30276,1.0
2019-03-21 08:00:00,0.95,500.20605,1.0
2019-03-21 09:00:00,0.93,703.11816,1.0
2019-03-21 10:00:00,0.96,714.2983,1.0
2019-03-21 11:00:00,0.97,630.41284,1.0
2019-03-21 12:00:00,0.97,803.9541,1.0
2019-03-21 13:00:00,0.97,829.2837,1.0
2019-03-21 14:00:00,1.0,378.76132,1.0
2019-03-21 15:00:00,1.0,250.53275,1.0
2019-03-21 16:00:00,0.99,148.09814,1.0
2019-03-21 17:00:00,1.0,63.47773,1.0
2019-03-21 18:00:00,0.27,0.0,0.22083333333333333
2019-03-21 19:00:00,0.41,0.0,0.0
2019-03-21 20:00:00,0.91,0.0,0.0
2019-03-21 21:00:00,0.83,0.0,0.0
2019-03-21 22:00:00,0.91,0.0,0.0
2019-03-21 23:00:00,0.96,0.0,0.0
2019-03-22 00:00:00,0.98,0.0,0.0
2019-03-22 01:00:00,1.0,0.0,0.0
2019-03-22 02:00:00,0.96,0.0,0.0
2019-03-22 03:00:00,0.93,0.0,0.0
2019-03-22 04:00:00,0.98,0.0,0.0
2019-03-22 05:00:00,0.86,0.0,0.0
2019-03-22 06:00:00,0.97,29.844412,0.9877777777777778
2019-03-22 07:00:00,0.96,136.25305,1.0
2019-03-22 08:00:00,0.93,327.0593,1.0
2019-03-22 09:00:00,0.93,621.36163,1.0
2019-03-22 10:00:00,0.92,755.0599,1.0
2019-03-22 11:00:00,0.03,932.22833,1.0
2019-03-22 12:00:00,0.44,903.7357,1.0
2019-03-22 13:00:00,0.88,663.10516,1.0
2019-03-22 14:00:00,0.99,374.83237,1.0
2019-03-22 15:00:00,1.0,266.43262,1.0
2019-03-22 16:00:00,0.94,120.20026,1.0
2019-03-22 17:00:00,0.98,44.648014,1.0
2019-03-22 18:00:00,1.0,0.0,0.23777777777777778
2019-03-22 19:00:00,1.0,0.0,0.0
2019-03-22 20:00:00,1.0,0.0,0.0
2019-03-22 21:00:00,1.0,0.0,0.0
2019-03-22 22:00:00,1.0,0.0,0.0
2019-03-22 23:00:00,1.0,0.0,0.0
2019-03-23 00:00:00,1.0,0.0,0.0
2019-03-23 01:00:00,1.0,0.0,0.0
2019-03-23 02:00:00,1.0,0.0,0.0
2019-03-23 03:00:00,1.0,0.0,0.0
2019-03-23 04:00:00,1.0,0.0,0.0
2019-03-23 05:00:00,1.0,0.0,0.014444444444444444
2019-03-23 06:00:00,0.99,26.295946,1.0
2019-03-23 07:00:00,1.0,92.87694,1.0
2019-03-23 08:00:00,1.0,132.01006,1.0
2019-03-23 09:00:00,1.0,207.38269,1.0
2019-03-23 10:00:00,1.0,305.0572,1.0
2019-03-23 11:00:00,1.0,584.99493,1.0
2019-03-23 12:00:00,0.99,588.7085,1.0
2019-03-23 13:00:00,0.62,679.21216,1.0
2019-03-23 14:00:00,0.35,651.89404,1.0
2019-03-23 15:00:00,0.45,345.17752,1.0
2019-03-23 16:00:00,0.29,245.46384,1.0
2019-03-23 17:00:00,0.14,56.536297,1.0
2019-03-23 18:00:00,0.39,0.0,0.25472222222222224
2019-03-23 19:00:00,0.37,0.0,0.0
2019-03-23 20:00:00,0.12,0.0,0.0
2019-03-23 21:00:00,0.01,0.0,0.0
2019-03-23 22:00:00,0.0,0.0,0.0
2019-03-23 23:00:00,0.0,0.0,0.0
2019-03-24 00:00:00,0.0,0.0,0.0
2019-03-24 01:00:00,0.0,0.0,0.0
2019-03-24 02:00:00,0.0,0.0,0.0
2019-03-24 03:00:00,0.0,0.0,0.0
2019-03-24 04:00:00,0.0,0.0,0.0
2019-03-24 05:00:00,0.0,0.0,0.04138888888888889
2019-03-24 06:00:00,0.0,76.4596,1.0
2019-03-24 07:00:00,0.0,295.4232,1.0
2019-03-24 08:00:00,0.09,520.6761,1.0
2019-03-24 09:00:00,0.44,643.55,1.0
2019-03-24 10:00:00,0.37,835.5706,1.0
2019-03-24 11:00:00,0.36,909.99036,1.0
2019-03-24 12:00:00,0.76,840.1775,1.0
2019-03-24 13:00:00,0.84,758.1648,1.0
2019-03-24 14:00:00,0.71,595.0987,1.0
2019-03-24 15:00:00,1.0,225.54765,1.0
2019-03-24 16:00:00,1.0,68.561844,1.0
2019-03-24 17:00:00,1.0,57.82098,1.0
2019-03-24 18:00:00,0.98,0.99392307,0.2713888888888889
2019-03-24 19:00:00,0.9,0.0,0.0
2019-03-24 20:00:00,0.55,0.0,0.0
2019-03-24 21:00:00,0.86,0.0,0.0
2019-03-24 22:00:00,0.92,0.0,0.0
2019-03-24 23:00:00,0.2,0.0,0.0
2019-03-25 00:00:00,0.0,0.0,0.0
2019-03-25 01:00:00,0.04,0.0,0.0
2019-03-25 02:00:00,0.42,0.0,0.0
2019-03-25 03:00:00,0.54,0.0,0.0
2019-03-25 04:00:00,0.29,0.0,0.0
2019-03-25 05:00:00,0.01,0.0,0.06833333333333333
2019-03-25 06:00:00,0.17,64.65353,1.0
2019-03-25 07:00:00,0.24,217.02385,1.0
2019-03-25 08:00:00,0.33,388.7117,1.0
2019-03-25 09:00:00,0.14,599.57855,1.0
2019-03-25 10:00:00,0.06,829.08716,1.0
2019-03-25 11:00:00,0.17,931.2014,1.0
2019-03-25 12:00:00,0.15,919.9015,1.0
2019-03-25 13:00:00,0.45,825.4696,1.0
2019-03-25 14:00:00,0.58,705.55914,1.0
2019-03-25 15:00:00,0.24,514.59174,1.0
2019-03-25 16:00:00,0.0,293.309,1.0
2019-03-25 17:00:00,0.0,86.04678,1.0
2019-03-25 18:00:00,0.0,0.99544233,0.28833333333333333
2019-03-25 19:00:00,0.0,0.0,0.0
2019-03-25 20:00:00,0.0,0.0,0.0
2019-03-25 21:00:00,0.02,0.0,0.0
2019-03-25 22:00:00,0.0,0.0,0.0
2019-03-25 23:00:00,0.22,0.0,0.0
2019-03-26 00:00:00,0.4,0.0,0.0
2019-03-26 01:00:00,0.28,0.0,0.0
2019-03-26 02:00:00,0.44,0.0,0.0
2019-03-26 03:00:00,0.0,0.0,0.0
2019-03-26 04:00:00,0.4,0.0,0.0
2019-03-26 05:00:00,0.52,0.0,0.09555555555555556
2019-03-26 06:00:00,0.84,81.99977,1.0
2019-03-26 07:00:00,0.87,302.13867,1.0
2019-03-26 08:00:00,0.97,516.4469,1.0
2019-03-26 09:00:00,1.0,688.19006,1.0
2019-03-26 10:00:00,0.9,848.4987,1.0
2019-03-26 11:00:00,0.77,933.0146,1.0
2019-03-26 12:00:00,0.99,922.86017,1.0
2019-03-26 13:00:00,0.96,819.4838,1.0
2019-03-26 14:00:00,0.81,695.13806,1.0
2019-03-26 15:00:00,1.0,467.29477,1.0
2019-03-26 16:00:00,0.77,291.8184,1.0
2019-03-26 17:00:00,0.8,85.77272,1.0
2019-03-26 18:00:00,0.91,1.9878461,0.30527777777777776
2019-03-26 19:00:00,0.95,0.0,0.0
2019-03-26 20:00:00,0.81,0.0,0.0
2019-03-26 21:00:00,0.97,0.0,0.0
2019-03-26 22:00:00,0.99,0.0,0.0
2019-03-26 23:00:00,1.0,0.0,0.0
2019-03-27 00:00:00,1.0,0.0,0.0
2019-03-27 01:00:00,0.35,0.0,0.0
2019-03-27 02:00:00,0.51,0.0,0.0
2019-03-27 03:00:00,0.49,0.0,0.0
2019-03-27 04:00:00,0.52,0.0,0.0
2019-03-27 05:00:00,0.57,0.0,0.1225
2019-03-27 06:00:00,0.92,73.265175,1.0
2019-03-27 07:00:00,0.87,277.83328,1.0
2019-03-27 08:00:00,0.81,501.50174,1.0
2019-03-27 09:00:00,0.81,693.99414,1.0
2019-03-27 10:00:00,0.67,778.45337,1.0
2019-03-27 11:00:00,0.7,887.5715,1.0
2019-03-27 12:00:00,0.54,926.5216,1.0
2019-03-27 13:00:00,0.02,844.61444,1.0
2019-03-27 14:00:00,0.13,691.01855,1.0
2019-03-27 15:00:00,0.97,490.5679,1.0
2019-03-27 16:00:00,0.97,259.55878,1.0
2019-03-27 17:00:00,0.99,57.18203,1.0
2019-03-27 18:00:00,1.0,1.9878461,0.3219444444444444
2019-03-27 19:00:00,1.0,0.0,0.0
2019-03-27 20:00:00,0.99,0.0,0.0
2019-03-27 21:00:00,1.0,0.0,0.0
2019-03-27 22:00:00,1.0,0.0,0.0
2019-03-27 23:00:00,1.0,0.0,0.0
2019-03-28 00:00:00,1.0,0.0,0.0
2019-03-28 01:00:00,1.0,0.0,0.0
2019-03-28 02:00:00,0.99,0.0,0.0
2019-03-28 03:00:00,0.93,0.0,0.0
2019-03-28 04:00:00,0.11,0.0,0.0
2019-03-28 05:00:00,0.2,0.0,0.14972222222222223
2019-03-28 06:00:00,0.93,88.624084,1.0
2019-03-28 07:00:00,0.93,297.9317,1.0
2019-03-28 08:00:00,0.58,539.1779,1.0
2019-03-28 09:00:00,0.22,737.2449,1.0
2019-03-28 10:00:00,0.35,872.41705,1.0
2019-03-28 11:00:00,0.51,936.7906,1.0
2019-03-28 12:00:00,0.72,923.0582,1.0
2019-03-28 13:00:00,0.25,822.89813,1.0
2019-03-28 14:00:00,0.5,652.1267,1.0
2019-03-28 15:00:00,0.8,500.6169,1.0
2019-03-28 16:00:00,0.81,249.95189,1.0
2019-03-28 17:00:00,0.84,82.52649,1.0
2019-03-28 18:00:00,0.97,2.981769,0.3388888888888889
2019-03-28 19:00:00,1.0,0.0,0.0
2019-03-28 20:00:00,1.0,0.0,0.0
2019-03-28 21:00:00,1.0,0.0,0.0
2019-03-28 22:00:00,1.0,0.0,0.0
2019-03-28 23:00:00,1.0,0.0,0.0
2019-03-29 00:00:00,1.0,0.0,0.0
2019-03-29 01:00:00,1.0,0.0,0.0
2019-03-29 02:00:00,1.0,0.0,0.0
2019-03-29 03:00:00,1.0,0.0,0.0
2019-03-29 04:00:00,1.0,0.0,0.0
2019-03-29 05:00:00,1.0,0.0,0.17666666666666667
2019-03-29 06:00:00,1.0,17.77778,1.0
2019-03-29 07:00:00,0.96,59.215702,1.0
2019-03-29 08:00:00,0.96,143.34334,1.0
2019-03-29 09:00:00,1.0,460.57553,1.0
2019-03-29 10:00:00,1.0,434.05804,1.0
2019-03-29 11:00:00,0.78,480.80246,1.0
2019-03-29 12:00:00,1.0,600.2699,1.0
2019-03-29 13:00:00,0.8,528.6235,1.0
2019-03-29 14:00:00,0.92,405.14368,1.0
2019-03-29 15:00:00,0.9,206.50282,1.0
2019-03-29 16:00:00,0.93,134.17622,1.0
2019-03-29 17:00:00,0.97,36.114616,1.0
2019-03-29 18:00:00,1.0,1.9878461,0.35555555555555557
2019-03-29 19:00:00,1.0,0.0,0.0
2019-03-29 20:00:00,1.0,0.0,0.0
2019-03-29 21:00:00,1.0,0.0,0.0
2019-03-29 22:00:00,1.0,0.0,0.0
2019-03-29 23:00:00,1.0,0.0,0.0
2019-03-30 00:00:00,1.0,0.0,0.0
2019-03-30 01:00:00,1.0,0.0,0.0
2019-03-30 02:00:00,1.0,0.0,0.0
2019-03-30 03:00:00,0.99,0.0,0.0
2019-03-30 04:00:00,1.0,0.0,0.0
2019-03-30 05:00:00,1.0,0.0,0.2038888888888889
2019-03-30 06:00:00,0.92,48.949898,1.0
2019-03-30 07:00:00,0.88,248.84077,1.0
2019-03-30 08:00:00,0.7,540.6012,1.0
2019-03-30 09:00:00,0.89,724.6459,1.0
2019-03-30 10:00:00,0.62,622.61536,1.0
2019-03-30 11:00:00,0.87,530.27814,1.0
2019-03-30 12:00:00,0.89,613.282,1.0
2019-03-30 13:00:00,0.8,513.89264,1.0
2019-03-30 14:00:00,0.51,579.82715,1.0
2019-03-30 15:00:00,0.52,419.4156,1.0
2019-03-30 16:00:00,0.2,293.86423,1.0
2019-03-30 17:00:00,0.12,89.7456,1.0
2019-03-30 18:00:00,0.63,3.9756923,0.37222222222222223
2019-03-30 19:00:00,0.07,0.0,0.0
2019-03-30 20:00:00,0.05,0.0,0.0
2019-03-30 21:00:00,0.03,0.0,0.0
2019-03-30 22:00:00,0.0,0.0,0.0
2019-03-30 23:00:00,0.0,0.0,0.0
2019-03-31 00:00:00,0.0,0.0,0.0
2019-03-31 01:00:00,0.0,0.0,0.0
2019-03-31 02:00:00,0.0,0.0,0.0
2019-03-31 03:00:00,0.0,0.0,0.0
2019-03-31 04:00:00,0.0,0.0,0.0
2019-03-31 05:00:00,0.0,0.0,0.23083333333333333
2019-03-31 06:00:00,0.09,111.932625,1.0
2019-03-31 07:00:00,0.13,338.72925,1.0
2019-03-31 08:00:00,0.01,579.8593,1.0
2019-03-31 09:00:00,0.0,776.90344,1.0
2019-03-31 10:00:00,0.0,920.2971,1.0
2019-03-31 11:00:00,0.01,997.4379,1.0
2019-03-31 12:00:00,0.02,986.96313,1.0
2019-03-31 13:00:00,0.08,836.07635,1.0
2019-03-31 14:00:00,0.18,670.58124,1.0
2019-03-31 15:00:00,0.2,410.4775,1.0
2019-03-31 16:00:00,0.51,253.81288,1.0
2019-03-31 17:00:00,0.89,84.63301,1.0
2019-03-31 18:00:00,0.54,2.9832883,0.3888888888888889
2019-03-31 19:00:00,0.44,0.0,0.0
2019-03-31 20:00:00,0.14,0.0,0.0
2019-03-31 21:00:00,0.0,0.0,0.0
2019-03-31 22:00:00,0.0,0.0,0.0
2019-03-31 23:00:00,0.0,0.0,0.0
2019-04-01 00:00:00,0.0,0.0,0.0
2019-04-01 01:00:00,0.0,0.0,0.0
2019-04-01 02:00:00,0.0,0.0,0.0
2019-04-01 03:00:00,0.0,0.0,0.0
2019-04-01 04:00:00,0.01,0.0,0.0
2019-04-01 05:00:00,0.18,0.0,0.2577777777777778
2019-04-01 06:00:00,0.79,108.53928,1.0
2019-04-01 07:00:00,0.25,339.77933,1.0
2019-04-01 08:00:00,0.0,583.7071,1.0
2019-04-01 09:00:00,0.0,784.486,1.0
2019-04-01 10:00:00,0.0,916.9707,1.0
2019-04-01 11:00:00,0.62,959.59424,1.0
2019-04-01 12:00:00,0.13,969.59094,1.0
2019-04-01 13:00:00,0.45,867.5812,1.0
2019-04-01 14:00:00,0.65,705.17224,1.0
2019-04-01 15:00:00,0.78,521.4769,1.0
2019-04-01 16:00:00,0.89,282.5442,1.0
2019-04-01 17:00:00,0.86,83.2123,1.0
2019-04-01 18:00:00,0.96,1.9878461,0.4058333333333333
2019-04-01 19:00:00,0.83,0.0,0.0
2019-04-01 20:00:00,1.0,0.0,0.0
2019-04-01 21:00:00,1.0,0.0,0.0
2019-04-01 22:00:00,0.98,0.0,0.0
2019-04-01 23:00:00,0.95,0.0,0.0
2019-04-02 00:00:00,0.95,0.0,0.0
2019-04-02 01:00:00,0.94,0.0,0.0
2019-04-02 02:00:00,0.65,0.0,0.0
2019-04-02 03:00:00,0.91,0.0,0.0
2019-04-02 04:00:00,0.77,0.0,0.0
2019-04-02 05:00:00,0.77,0.99392307,0.2847222222222222
2019-04-02 06:00:00,0.91,65.53735,1.0
2019-04-02 07:00:00,0.94,232.11156,1.0
2019-04-02 08:00:00,1.0,207.89786,1.0
2019-04-02 09:00:00,0.98,504.69345,1.0
2019-04-02 10:00:00,1.0,650.50507,1.0
2019-04-02 11:00:00,0.98,766.1247,1.0
2019-04-02 12:00:00,0.99,462.7711,1.0
2019-04-02 13:00:00,1.0,345.69092,1.0
2019-04-02 14:00:00,1.0,329.58295,1.0
2019-04-02 15:00:00,0.99,240.55574,1.0
2019-04-02 16:00:00,0.87,166.46182,1.0
2019-04-02 17:00:00,0.97,74.17679,1.0
2019-04-02 18:00:00,0.98,3.9756923,0.4225
2019-04-02 19:00:00,0.99,0.0,0.0
2019-04-02 20:00:00,1.0,0.0,0.0
2019-04-02 21:00:00,1.0,0.0,0.0
2019-04-02 22:00:00,0.88,0.0,0.0
2019-04-02 23:00:00,0.55,0.0,0.0
2019-04-03 00:00:00,0.26,0.0,0.0
2019-04-03 01:00:00,0.41,0.0,0.0
2019-04-03 02:00:00,0.64,0.0,0.0
2019-04-03 03:00:00,0.29,0.0,0.0
2019-04-03 04:00:00,0.59,0.0,0.0
2019-04-03 05:00:00,0.83,1.9878461,0.3113888888888889
2019-04-03 06:00:00,0.67,110.847,1.0
2019-04-03 07:00:00,0.79,329.52823,1.0
2019-04-03 08:00:00,0.88,547.8177,1.0
2019-04-03 09:00:00,0.92,663.76263,1.0
2019-04-03 10:00:00,0.97,628.12115,1.0
2019-04-03 11:00:00,0.98,608.5341,1.0
2019-04-03 12:00:00,0.98,642.99646,1.0
2019-04-03 13:00:00,0.99,480.02228,1.0
2019-04-03 14:00:00,0.99,389.10858,1.0
2019-04-03 15:00:00,0.99,416.19275,1.0
2019-04-03 16:00:00,0.97,267.3225,1.0
2019-04-03 17:00:00,0.96,32.103893,1.0
2019-04-03 18:00:00,0.99,5.963538,0.43916666666666665
2019-04-03 19:00:00,0.84,0.0,0.0
2019-04-03 20:00:00,0.41,0.0,0.0
2019-04-03 21:00:00,0.01,0.0,0.0
2019-04-03 22:00:00,0.01,0.0,0.0
2019-04-03 23:00:00,0.02,0.0,0.0
2019-04-04 00:00:00,0.03,0.0,0.0
2019-04-04 01:00:00,0.01,0.0,0.0
2019-04-04 02:00:00,0.01,0.0,0.0
2019-04-04 03:00:00,0.01,0.0,0.0
2019-04-04 04:00:00,0.01,0.0,0.0
2019-04-04 05:00:00,0.03,3.6154137,0.3377777777777778
2019-04-04 06:00:00,0.0,123.20807,1.0
2019-04-04 07:00:00,0.32,352.77023,1.0
2019-04-04 08:00:00,1.0,551.5763,1.0
2019-04-04 09:00:00,0.35,713.60565,1.0
2019-04-04 10:00:00,0.97,864.41595,1.0
2019-04-04 11:00:00,1.0,825.83093,1.0
2019-04-04 12:00:00,0.99,809.19653,1.0
2019-04-04 13:00:00,0.95,722.667,1.0
2019-04-04 14:00:00,0.73,621.58105,1.0
2019-04-04 15:00:00,0.47,501.23883,1.0
2019-04-04 16:00:00,0.12,300.19373,1.0
2019-04-04 17:00:00,0.22,99.60142,1.0
2019-04-04 18:00:00,0.94,3.9772115,0.4558333333333333
2019-04-04 19:00:00,0.98,0.0,0.0
2019-04-04 20:00:00,0.99,0.0,0.0
2019-04-04 21:00:00,0.98,0.0,0.0
2019-04-04 22:00:00,0.98,0.0,0.0
2019-04-04 23:00:00,0.94,0.0,0.0
2019-04-05 00:00:00,0.95,0.0,0.0
2019-04-05 01:00:00,0.68,0.0,0.0
2019-04-05 02:00:00,0.94,0.0,0.0
2019-04-05 03:00:00,0.97,0.0,0.0
2019-04-05 04:00:00,0.99,0.0,0.0
2019-04-05 05:00:00,0.9,2.981769,0.3638888888888889
2019-04-05 06:00:00,0.69,112.74058,1.0
2019-04-05 07:00:00,0.85,334.90054,1.0
2019-04-05 08:00:00,0.88,540.8017,1.0
2019-04-05 09:00:00,0.86,725.4868,1.0
2019-04-05 10:00:00,0.9,853.3851,1.0
2019-04-05 11:00:00,0.95,938.8713,1.0
2019-04-05 12:00:00,0.99,891.2472,1.0
2019-04-05 13:00:00,1.0,749.0289,1.0
2019-04-05 14:00:00,0.97,665.92346,1.0
2019-04-05 15:00:00,0.85,502.3209,1.0
2019-04-05 16:00:00,0.95,287.40427,1.0
2019-04-05 17:00:00,0.97,46.714386,1.0
2019-04-05 18:00:00,0.98,4.9696155,0.4725
2019-04-05 19:00:00,0.98,0.0,0.0
2019-04-05 20:00:00,0.92,0.0,0.0
2019-04-05 21:00:00,0.93,0.0,0.0
2019-04-05 22:00:00,0.91,0.0,0.0
2019-04-05 23:00:00,0.95,0.0,0.0
2019-04-06 00:00:00,0.96,0.0,0.0
2019-04-06 01:00:00,0.98,0.0,0.0
2019-04-06 02:00:00,0.97,0.0,0.0
2019-04-06 03:00:00,0.96,0.0,0.0
2019-04-06 04:00:00,0.89,0.0,0.0
2019-04-06 05:00:00,0.87,1.9878461,0.39
2019-04-06 06:00:00,0.92,70.9259,1.0
2019-04-06 07:00:00,0.85,215.68085,1.0
2019-04-06 08:00:00,0.87,416.04758,1.0
2019-04-06 09:00:00,0.69,674.3428,1.0
2019-04-06 10:00:00,0.34,858.21747,1.0
2019-04-06 11:00:00,0.54,932.90814,1.0
2019-04-06 12:00:00,0.48,872.53687,1.0
2019-04-06 13:00:00,0.59,688.30096,1.0
2019-04-06 14:00:00,0.89,557.35406,1.0
2019-04-06 15:00:00,0.6,431.3826,1.0
2019-04-06 16:00:00,0.45,288.46976,1.0
2019-04-06 17:00:00,0.43,71.83383,1.0
2019-04-06 18:00:00,0.88,5.9650574,0.4891666666666667
2019-04-06 19:00:00,0.95,0.0,0.0
2019-04-06 20:00:00,0.94,0.0,0.0
2019-04-06 21:00:00,0.04,0.0,0.0
2019-04-06 22:00:00,0.99,0.0,0.0
2019-04-06 23:00:00,0.86,0.0,0.0
2019-04-07 00:00:00,0.01,0.0,0.0
2019-04-07 01:00:00,0.03,0.0,0.0
2019-04-07 02:00:00,0.01,0.0,0.0
2019-04-07 03:00:00,0.01,0.0,0.0
2019-04-07 04:00:00,0.0,0.0,0.0
2019-04-07 05:00:00,0.0,5.929283,0.41583333333333333
2019-04-07 06:00:00,0.0,139.32674,1.0
2019-04-07 07:00:00,0.87,315.01617,1.0
2019-04-07 08:00:00,0.32,556.1329,1.0
2019-04-07 09:00:00,0.0,789.45874,1.0
2019-04-07 10:00:00,0.16,914.96515,1.0
2019-04-07 11:00:00,0.8,977.69635,1.0
2019-04-07 12:00:00,0.15,916.2069,1.0
2019-04-07 13:00:00,0.08,890.0578,1.0
2019-04-07 14:00:00,0.31,742.4803,1.0
2019-04-07 15:00:00,0.53,539.1112,1.0
2019-04-07 16:00:00,0.37,320.17386,1.0
2019-04-07 17:00:00,0.72,93.67706,1.0
2019-04-07 18:00:00,0.99,4.9696155,0.5058333333333334
2019-04-07 19:00:00,1.0,0.0,0.0
2019-04-07 20:00:00,1.0,0.0,0.0
2019-04-07 21:00:00,1.0,0.0,0.0
2019-04-07 22:00:00,0.0,0.0,0.0
2019-04-07 23:00:00,0.0,0.0,0.0
2019-04-08 00:00:00,0.0,0.0,0.0
2019-04-08 01:00:00,0.0,0.0,0.0
2019-04-08 02:00:00,0.0,0.0,0.0
2019-04-08 03:00:00,0.0,0.0,0.0
2019-04-08 04:00:00,0.0,0.0,0.0
2019-04-08 05:00:00,0.0,6.84097,0.4411111111111111
2019-04-08 06:00:00,0.65,139.17976,1.0
2019-04-08 07:00:00,0.63,365.5746,1.0
2019-04-08 08:00:00,0.84,590.4445,1.0
2019-04-08 09:00:00,0.98,768.9337,1.0
2019-04-08 10:00:00,0.87,896.53577,1.0
2019-04-08 11:00:00,0.99,944.52515,1.0
2019-04-08 12:00:00,1.0,907.73254,1.0
2019-04-08 13:00:00,1.0,798.98724,1.0
2019-04-08 14:00:00,1.0,598.112,1.0
2019-04-08 15:00:00,1.0,248.46492,1.0
2019-04-08 16:00:00,1.0,165.25673,1.0
2019-04-08 17:00:00,0.83,82.70461,1.0
2019-04-08 18:00:00,0.31,5.9899535,0.5225
2019-04-08 19:00:00,0.93,0.0,0.0
2019-04-08 20:00:00,0.89,0.0,0.0
2019-04-08 21:00:00,0.89,0.0,0.0
2019-04-08 22:00:00,0.57,0.0,0.0
2019-04-08 23:00:00,1.0,0.0,0.0
2019-04-09 00:00:00,1.0,0.0,0.0
2019-04-09 01:00:00,0.72,0.0,0.0
2019-04-09 02:00:00,0.48,0.0,0.0
2019-04-09 03:00:00,0.58,0.0,0.0
2019-04-09 04:00:00,0.67,0.0,0.0
2019-04-09 05:00:00,0.78,7.358897,0.4663888888888889
2019-04-09 06:00:00,0.9,116.75935,1.0
2019-04-09 07:00:00,0.9,300.84995,1.0
2019-04-09 08:00:00,0.93,449.056,1.0
2019-04-09 09:00:00,0.96,591.0258,1.0
2019-04-09 10:00:00,0.96,754.7931,1.0
2019-04-09 11:00:00,0.64,945.8156,1.0
2019-04-09 12:00:00,0.44,932.15155,1.0
2019-04-09 13:00:00,0.98,797.70105,1.0
2019-04-09 14:00:00,0.86,691.95306,1.0
2019-04-09 15:00:00,0.8,499.4155,1.0
2019-04-09 16:00:00,0.71,303.9937,1.0
2019-04-09 17:00:00,0.23,95.35987,1.0
2019-04-09 18:00:00,0.46,7.00245,0.5391666666666667
2019-04-09 19:00:00,0.36,0.0,0.0
2019-04-09 20:00:00,0.21,0.0,0.0
2019-04-09 21:00:00,0.02,0.0,0.0
2019-04-09 22:00:00,0.1,0.0,0.0
2019-04-09 23:00:00,0.0,0.0,0.0
2019-04-10 00:00:00,0.02,0.0,0.0
2019-04-10 01:00:00,0.25,0.0,0.0
2019-04-10 02:00:00,0.28,0.0,0.0
2019-04-10 03:00:00,0.43,0.0,0.0
2019-04-10 04:00:00,0.06,0.0,0.0
2019-04-10 05:00:00,0.38,3.348999,0.4913888888888889
2019-04-10 06:00:00,1.0,40.22442,1.0
2019-04-10 07:00:00,1.0,118.79969,1.0
2019-04-10 08:00:00,1.0,135.17354,1.0
2019-04-10 09:00:00,1.0,159.0277,1.0
2019-04-10 10:00:00,1.0,131.19785,1.0
2019-04-10 11:00:00,1.0,118.27685,1.0
2019-04-10 12:00:00,1.0,168.96474,1.0
2019-04-10 13:00:00,1.0,148.09454,1.0
2019-04-10 14:00:00,1.0,168.02272,1.0
2019-04-10 15:00:00,1.0,90.44701,1.0
2019-04-10 16:00:00,1.0,49.696156,1.0
2019-04-10 17:00:00,1.0,47.206146,1.0
2019-04-10 18:00:00,1.0,1.9878461,0.5558333333333333
2019-04-10 19:00:00,1.0,0.0,0.0
2019-04-10 20:00:00,1.0,0.0,0.0
2019-04-10 21:00:00,1.0,0.0,0.0
2019-04-10 22:00:00,1.0,0.0,0.0
2019-04-10 23:00:00,1.0,0.0,0.0
2019-04-11 00:00:00,1.0,0.0,0.0
2019-04-11 01:00:00,1.0,0.0,0.0
2019-04-11 02:00:00,1.0,0.0,0.0
2019-04-11 03:00:00,0.92,0.0,0.0
2019-04-11 04:00:00,0.81,0.0,0.0
2019-04-11 05:00:00,0.6,7.9513845,0.5166666666666667
2019-04-11 06:00:00,0.91,120.67314,1.0
2019-04-11 07:00:00,0.95,283.3604,1.0
2019-04-11 08:00:00,0.92,467.93674,1.0
2019-04-11 09:00:00,0.79,745.8571,1.0
2019-04-11 10:00:00,0.66,821.01825,1.0
2019-04-11 11:00:00,0.84,922.37787,1.0
2019-04-11 12:00:00,0.62,993.1104,1.0
2019-04-11 13:00:00,0.73,811.64185,1.0
2019-04-11 14:00:00,0.53,620.65454,1.0
2019-04-11 15:00:00,0.74,409.0925,1.0
2019-04-11 16:00:00,0.91,236.7782,1.0
2019-04-11 17:00:00,0.86,121.59956,1.0
2019-04-11 18:00:00,0.94,7.010386,0.5725
2019-04-11 19:00:00,0.71,0.0,0.0
2019-04-11 20:00:00,0.81,0.0,0.0
2019-04-11 21:00:00,1.0,0.0,0.0
2019-04-11 22:00:00,0.61,0.0,0.0
2019-04-11 23:00:00,0.05,0.0,0.0
2019-04-12 00:00:00,0.41,0.0,0.0
2019-04-12 01:00:00,0.89,0.0,0.0
2019-04-12 02:00:00,0.81,0.0,0.0
2019-04-12 03:00:00,0.97,0.0,0.0
2019-04-12 04:00:00,0.76,0.0,0.0
2019-04-12 05:00:00,0.64,6.2701144,0.5419444444444445
2019-04-12 06:00:00,0.97,86.82126,1.0
2019-04-12 07:00:00,1.0,252.04063,1.0
2019-04-12 08:00:00,1.0,393.44974,1.0
2019-04-12 09:00:00,0.99,601.39044,1.0
2019-04-12 10:00:00,0.94,777.3498,1.0
2019-04-12 11:00:00,0.83,906.7101,1.0
2019-04-12 12:00:00,0.76,968.3533,1.0
2019-04-12 13:00:00,0.8,838.98474,1.0
2019-04-12 14:00:00,0.71,680.2749,1.0
2019-04-12 15:00:00,0.69,504.8652,1.0
2019-04-12 16:00:00,0.64,293.8363,1.0
2019-04-12 17:00:00,0.68,114.15174,1.0
2019-04-12 18:00:00,0.49,8.977142,0.5891666666666666
2019-04-12 19:00:00,0.56,0.0,0.0
2019-04-12 20:00:00,0.66,0.0,0.0
2019-04-12 21:00:00,0.44,0.0,0.0
2019-04-12 22:00:00,0.72,0.0,0.0
2019-04-12 23:00:00,0.9,0.0,0.0
2019-04-13 00:00:00,0.98,0.0,0.0
2019-04-13 01:00:00,0.99,0.0,0.0
2019-04-13 02:00:00,1.0,0.0,0.0
2019-04-13 03:00:00,1.0,0.0,0.0
2019-04-13 04:00:00,1.0,0.0,0.0
2019-04-13 05:00:00,0.99,5.963538,0.5669444444444445
2019-04-13 06:00:00,0.92,93.61675,1.0
2019-04-13 07:00:00,0.6,300.20172,1.0
2019-04-13 08:00:00,0.49,407.66135,1.0
2019-04-13 09:00:00,0.9,554.93616,1.0
2019-04-13 10:00:00,0.83,773.127,1.0
2019-04-13 11:00:00,0.58,883.48865,1.0
2019-04-13 12:00:00,0.62,879.6141,1.0
2019-04-13 13:00:00,0.76,845.02155,1.0
2019-04-13 14:00:00,0.68,680.2652,1.0
2019-04-13 15:00:00,0.53,509.38797,1.0
2019-04-13 16:00:00,0.26,332.9205,1.0
2019-04-13 17:00:00,0.06,133.96526,1.0
2019-04-13 18:00:00,0.08,10.161216,0.6058333333333333
2019-04-13 19:00:00,0.02,0.0,0.0
2019-04-13 20:00:00,0.0,0.0,0.0
2019-04-13 21:00:00,0.0,0.0,0.0
2019-04-13 22:00:00,0.0,0.0,0.0
2019-04-13 23:00:00,0.0,0.0,0.0
2019-04-14 00:00:00,0.0,0.0,0.0
2019-04-14 01:00:00,0.22,0.0,0.0
2019-04-14 02:00:00,0.0,0.0,0.0
2019-04-14 03:00:00,0.84,0.0,0.0
2019-04-14 04:00:00,0.86,0.0,0.0
2019-04-14 05:00:00,1.0,14.933105,0.5922222222222222
2019-04-14 06:00:00,1.0,142.31528,1.0
2019-04-14 07:00:00,1.0,278.5031,1.0
2019-04-14 08:00:00,1.0,506.1303,1.0
2019-04-14 09:00:00,1.0,708.1446,1.0
2019-04-14 10:00:00,0.81,750.98395,1.0
2019-04-14 11:00:00,1.0,1016.50964,1.0
2019-04-14 12:00:00,0.08,1003.8572,1.0
2019-04-14 13:00:00,0.0,937.8101,1.0
2019-04-14 14:00:00,0.04,775.0713,1.0
2019-04-14 15:00:00,0.06,582.60474,1.0
2019-04-14 16:00:00,0.57,313.92084,1.0
2019-04-14 17:00:00,0.88,112.002235,1.0
2019-04-14 18:00:00,1.0,8.077292,0.6225
2019-04-14 19:00:00,1.0,0.0,0.0
2019-04-14 20:00:00,1.0,0.0,0.0
2019-04-14 21:00:00,1.0,0.0,0.0
2019-04-14 22:00:00,0.94,0.0,0.0
2019-04-14 23:00:00,1.0,0.0,0.0
2019-04-15 00:00:00,1.0,0.0,0.0
2019-04-15 01:00:00,1.0,0.0,0.0
2019-04-15 02:00:00,0.27,0.0,0.0
2019-04-15 03:00:00,0.94,0.0,0.0
2019-04-15 04:00:00,0.49,0.0,0.0
2019-04-15 05:00:00,0.98,16.296326,0.6172222222222222
2019-04-15 06:00:00,0.31,168.59969,1.0
2019-04-15 07:00:00,0.69,381.06012,1.0
2019-04-15 08:00:00,0.21,591.95416,1.0
2019-04-15 09:00:00,0.63,692.4644,1.0
2019-04-15 10:00:00,0.42,903.72064,1.0
2019-04-15 11:00:00,0.78,983.05585,1.0
2019-04-15 12:00:00,0.83,965.0486,1.0
2019-04-15 13:00:00,0.73,890.556,1.0
2019-04-15 14:00:00,0.26,704.7631,1.0
2019-04-15 15:00:00,0.23,556.87396,1.0
2019-04-15 16:00:00,0.03,339.07236,1.0
2019-04-15 17:00:00,0.15,125.63307,1.0
2019-04-15 18:00:00,0.29,9.225923,0.6394444444444445
2019-04-15 19:00:00,0.0,0.0,0.0
2019-04-15 20:00:00,0.49,0.0,0.0
2019-04-15 21:00:00,0.44,0.0,0.0
2019-04-15 22:00:00,0.01,0.0,0.0
2019-04-15 23:00:00,0.35,0.0,0.0
2019-04-16 00:00:00,0.71,0.0,0.0
2019-04-16 01:00:00,0.38,0.0,0.0
2019-04-16 02:00:00,0.81,0.0,0.0
2019-04-16 03:00:00,0.64,0.0,0.0
2019-04-16 04:00:00,0.69,0.0,0.0
2019-04-16 05:00:00,0.76,15.746949,0.6419444444444444
2019-04-16 06:00:00,0.7,154.44574,1.0
2019-04-16 07:00:00,0.67,374.36218,1.0
2019-04-16 08:00:00,0.82,595.51373,1.0
2019-04-16 09:00:00,0.86,768.674,1.0
2019-04-16 10:00:00,0.5,920.85846,1.0
2019-04-16 11:00:00,0.5,1000.203,1.0
2019-04-16 12:00:00,0.81,812.5281,1.0
2019-04-16 13:00:00,0.84,728.5378,1.0
2019-04-16 14:00:00,0.89,518.8462,1.0
2019-04-16 15:00:00,0.87,458.12878,1.0
2019-04-16 16:00:00,0.34,263.92465,1.0
2019-04-16 17:00:00,0.49,72.70282,1.0
2019-04-16 18:00:00,0.46,11.138781,0.6561111111111111
2019-04-16 19:00:00,0.24,0.0,0.0
2019-04-16 20:00:00,0.25,0.0,0.0
2019-04-16 21:00:00,0.35,0.0,0.0
2019-04-16 22:00:00,0.33,0.0,0.0
2019-04-16 23:00:00,0.11,0.0,0.0
2019-04-17 00:00:00,0.03,0.0,0.0
2019-04-17 01:00:00,0.0,0.0,0.0
2019-04-17 02:00:00,0.08,0.0,0.0
2019-04-17 03:00:00,0.36,0.0,0.0
2019-04-17 04:00:00,0.4,0.0,0.0
2019-04-17 05:00:00,0.41,10.317717,0.6666666666666666
2019-04-17 06:00:00,1.0,103.82841,1.0
2019-04-17 07:00:00,0.99,346.81314,1.0
2019-04-17 08:00:00,0.71,574.6468,1.0
2019-04-17 09:00:00,0.88,664.42194,1.0
2019-04-17 10:00:00,0.89,662.01025,1.0
2019-04-17 11:00:00,1.0,746.2761,1.0
2019-04-17 12:00:00,0.96,714.8655,1.0
2019-04-17 13:00:00,0.86,620.4011,1.0
2019-04-17 14:00:00,0.44,664.8149,1.0
2019-04-17 15:00:00,0.12,510.53296,1.0
2019-04-17 16:00:00,0.19,283.792,1.0
2019-04-17 17:00:00,0.51,129.7824,1.0
2019-04-17 18:00:00,0.12,10.33056,0.6730555555555555
2019-04-17 19:00:00,0.03,0.0,0.0
2019-04-17 20:00:00,0.47,0.0,0.0
2019-04-17 21:00:00,0.34,0.0,0.0
2019-04-17 22:00:00,0.29,0.0,0.0
2019-04-17 23:00:00,0.09,0.0,0.0
2019-04-18 00:00:00,0.87,0.0,0.0
2019-04-18 01:00:00,0.4,0.0,0.0
2019-04-18 02:00:00,0.74,0.0,0.0
2019-04-18 03:00:00,0.81,0.0,0.0
2019-04-18 04:00:00,0.7,0.0,0.0
2019-04-18 05:00:00,0.36,13.431817,0.6911111111111111
2019-04-18 06:00:00,0.61,115.96154,1.0
2019-04-18 07:00:00,0.14,257.12448,1.0
2019-04-18 08:00:00,0.86,358.83636,1.0
2019-04-18 09:00:00,0.49,563.8844,1.0
2019-04-18 10:00:00,0.89,767.7243,1.0
2019-04-18 11:00:00,0.3,869.1651,1.0
2019-04-18 12:00:00,0.29,770.06744,1.0
2019-04-18 13:00:00,0.5,680.5594,1.0
2019-04-18 14:00:00,0.59,557.2597,1.0
2019-04-18 15:00:00,0.6,348.8752,1.0
2019-04-18 16:00:00,0.37,168.08101,1.0
2019-04-18 17:00:00,0.2,124.31615,1.0
2019-04-18 18:00:00,0.4,11.415551,0.6897222222222222
2019-04-18 19:00:00,0.56,0.0,0.0
2019-04-18 20:00:00,0.27,0.0,0.0
2019-04-18 21:00:00,0.01,0.0,0.0
2019-04-18 22:00:00,0.01,0.0,0.0
2019-04-18 23:00:00,0.01,0.0,0.0
2019-04-19 00:00:00,0.0,0.0,0.0
2019-04-19 01:00:00,0.0,0.0,0.0
2019-04-19 02:00:00,0.0,0.0,0.0
2019-04-19 03:00:00,0.0,0.0,0.0
2019-04-19 04:00:00,0.0,0.0,0.0
2019-04-19 05:00:00,0.0,22.397303,0.7155555555555555
2019-04-19 06:00:00,0.0,188.06548,1.0
2019-04-19 07:00:00,0.0,415.9435,1.0
2019-04-19 08:00:00,0.0,634.0025,1.0
2019-04-19 09:00:00,0.0,815.1777,1.0
2019-04-19 10:00:00,0.0,943.1165,1.0
2019-04-19 11:00:00,0.0,1004.22876,1.0
2019-04-19 12:00:00,0.0,987.7809,1.0
2019-04-19 13:00:00,0.07,890.36835,1.0
2019-04-19 14:00:00,0.09,736.03253,1.0
2019-04-19 15:00:00,0.03,571.75635,1.0
2019-04-19 16:00:00,0.0,356.45264,1.0
2019-04-19 17:00:00,0.0,142.37988,1.0
2019-04-19 18:00:00,0.0,12.572808,0.7066666666666667
2019-04-19 19:00:00,0.0,0.0,0.0
2019-04-19 20:00:00,0.0,0.0,0.0
2019-04-19 21:00:00,0.0,0.0,0.0
2019-04-19 22:00:00,0.0,0.0,0.0
2019-04-19 23:00:00,0.0,0.0,0.0
2019-04-20 00:00:00,0.0,0.0,0.0
2019-04-20 01:00:00,0.0,0.0,0.0
2019-04-20 02:00:00,0.0,0.0,0.0
2019-04-20 03:00:00,0.02,0.0,0.0
2019-04-20 04:00:00,0.1,0.0,0.0
2019-04-20 05:00:00,0.01,24.082449,0.7397222222222222
2019-04-20 06:00:00,0.02,178.3626,1.0
2019-04-20 07:00:00,0.2,368.72498,1.0
2019-04-20 08:00:00,1.0,543.61804,1.0
2019-04-20 09:00:00,1.0,615.14026,1.0
2019-04-20 10:00:00,1.0,683.2418,1.0
2019-04-20 11:00:00,0.99,874.0792,1.0
2019-04-20 12:00:00,0.92,867.61017,1.0
2019-04-20 13:00:00,0.87,739.49677,1.0
2019-04-20 14:00:00,0.86,580.02716,1.0
2019-04-20 15:00:00,0.93,329.6223,1.0
2019-04-20 16:00:00,0.85,215.33966,1.0
2019-04-20 17:00:00,1.0,92.48155,1.0
2019-04-20 18:00:00,0.95,12.133314,0.7233333333333334
2019-04-20 19:00:00,0.97,0.0,0.0
2019-04-20 20:00:00,0.99,0.0,0.0
2019-04-20 21:00:00,0.98,0.0,0.0
2019-04-20 22:00:00,0.93,0.0,0.0
2019-04-20 23:00:00,0.92,0.0,0.0
2019-04-21 00:00:00,0.8,0.0,0.0
2019-04-21 01:00:00,0.45,0.0,0.0
2019-04-21 02:00:00,0.46,0.0,0.0
2019-04-21 03:00:00,0.26,0.0,0.0
2019-04-21 04:00:00,0.38,0.0,0.0
2019-04-21 05:00:00,0.11,19.605244,0.7636111111111111
2019-04-21 06:00:00,0.7,183.55652,1.0
2019-04-21 07:00:00,0.01,421.36258,1.0
2019-04-21 08:00:00,0.27,633.16187,1.0
2019-04-21 09:00:00,0.38,791.8857,1.0
2019-04-21 10:00:00,0.55,870.6207,1.0
2019-04-21 11:00:00,0.54,745.21234,1.0
2019-04-21 12:00:00,0.75,652.0813,1.0
2019-04-21 13:00:00,0.87,377.34076,1.0
2019-04-21 14:00:00,1.0,243.00945,1.0
2019-04-21 15:00:00,0.97,294.8867,1.0
2019-04-21 16:00:00,0.99,174.62105,1.0
2019-04-21 17:00:00,1.0,71.26823,1.0
2019-04-21 18:00:00,0.98,12.99385,0.74
2019-04-21 19:00:00,0.99,0.0,0.0
2019-04-21 20:00:00,0.96,0.0,0.0
2019-04-21 21:00:00,0.92,0.0,0.0
2019-04-21 22:00:00,1.0,0.0,0.0
2019-04-21 23:00:00,1.0,0.0,0.0
2019-04-22 00:00:00,1.0,0.0,0.0
2019-04-22 01:00:00,1.0,0.0,0.0
2019-04-22 02:00:00,1.0,0.0,0.0
2019-04-22 03:00:00,1.0,0.0,0.0
2019-04-22 04:00:00,1.0,0.0,0.0
2019-04-22 05:00:00,1.0,4.9696155,0.7872222222222223
2019-04-22 06:00:00,1.0,24.848078,1.0
2019-04-22 07:00:00,1.0,48.702232,1.0
2019-04-22 08:00:00,1.0,97.404465,1.0
2019-04-22 09:00:00,1.0,147.10062,1.0
2019-04-22 10:00:00,1.0,218.1535,1.0
2019-04-22 11:00:00,1.0,254.619,1.0
2019-04-22 12:00:00,1.0,187.85147,1.0
2019-04-22 13:00:00,1.0,106.34977,1.0
2019-04-22 14:00:00,1.0,97.404465,1.0
2019-04-22 15:00:00,1.0,86.39097,1.0
2019-04-22 16:00:00,1.0,68.35364,1.0
2019-04-22 17:00:00,1.0,53.67185,1.0
2019-04-22 18:00:00,1.0,7.9513845,0.7569444444444444
2019-04-22 19:00:00,1.0,0.0,0.0
2019-04-22 20:00:00,1.0,0.0,0.0
2019-04-22 21:00:00,1.0,0.0,0.0
2019-04-22 22:00:00,0.99,0.0,0.0
2019-04-22 23:00:00,0.99,0.0,0.0
2019-04-23 00:00:00,0.99,0.0,0.0
2019-04-23 01:00:00,0.97,0.0,0.0
2019-04-23 02:00:00,0.78,0.0,0.0
2019-04-23 03:00:00,0.48,0.0,0.0
2019-04-23 04:00:00,0.78,0.0,0.0
2019-04-23 05:00:00,0.95,20.427082,0.8102777777777778
2019-04-23 06:00:00,1.0,115.04475,1.0
2019-04-23 07:00:00,1.0,345.16946,1.0
2019-04-23 08:00:00,0.97,547.1798,1.0
2019-04-23 09:00:00,0.89,796.80695,1.0
2019-04-23 10:00:00,0.79,932.8127,1.0
2019-04-23 11:00:00,0.69,927.2436,1.0
2019-04-23 12:00:00,0.0,928.4665,1.0
2019-04-23 13:00:00,0.09,902.62286,1.0
2019-04-23 14:00:00,0.02,764.44684,1.0
2019-04-23 15:00:00,0.06,572.86444,1.0
2019-04-23 16:00:00,0.13,351.40866,1.0
2019-04-23 17:00:00,0.14,147.69868,1.0
2019-04-23 18:00:00,0.0,14.885342,0.7736111111111111
2019-04-23 19:00:00,0.01,0.0,0.0
2019-04-23 20:00:00,0.0,0.0,0.0
2019-04-23 21:00:00,0.0,0.0,0.0
2019-04-23 22:00:00,0.0,0.0,0.0
2019-04-23 23:00:00,0.0,0.0,0.0
2019-04-24 00:00:00,0.0,0.0,0.0
2019-04-24 01:00:00,0.0,0.0,0.0
2019-04-24 02:00:00,0.0,0.0,0.0
2019-04-24 03:00:00,0.0,0.0,0.0
2019-04-24 04:00:00,0.0,0.0,0.0
2019-04-24 05:00:00,0.0,33.058403,0.8333333333333334
2019-04-24 06:00:00,0.0,205.25409,1.0
2019-04-24 07:00:00,0.02,409.7018,1.0
2019-04-24 08:00:00,0.79,607.84796,1.0
2019-04-24 09:00:00,0.92,765.271,1.0
2019-04-24 10:00:00,0.67,808.5604,1.0
2019-04-24 11:00:00,0.63,529.78156,1.0
2019-04-24 12:00:00,0.51,884.0648,1.0
2019-04-24 13:00:00,0.52,643.0545,1.0
2019-04-24 14:00:00,0.25,696.6056,1.0
2019-04-24 15:00:00,0.12,490.79166,1.0
2019-04-24 16:00:00,0.24,328.22754,1.0
2019-04-24 17:00:00,0.3,148.40747,1.0
2019-04-24 18:00:00,0.41,15.926368,0.7902777777777777
2019-04-24 19:00:00,0.01,0.0,0.0
2019-04-24 20:00:00,0.02,0.0,0.0
2019-04-24 21:00:00,0.0,0.0,0.0
2019-04-24 22:00:00,0.02,0.0,0.0
2019-04-24 23:00:00,0.47,0.0,0.0
2019-04-25 00:00:00,0.92,0.0,0.0
2019-04-25 01:00:00,0.99,0.0,0.0
2019-04-25 02:00:00,0.82,0.0,0.0
2019-04-25 03:00:00,1.0,0.0,0.0
2019-04-25 04:00:00,0.67,0.0,0.0
2019-04-25 05:00:00,0.79,11.130841,0.8558333333333333
2019-04-25 06:00:00,0.99,30.02827,1.0
2019-04-25 07:00:00,1.0,87.46523,1.0
2019-04-25 08:00:00,1.0,191.08513,1.0
2019-04-25 09:00:00,0.84,392.9432,1.0
2019-04-25 10:00:00,0.58,824.1292,1.0
2019-04-25 11:00:00,0.02,982.69147,1.0
2019-04-25 12:00:00,0.08,916.04144,1.0
2019-04-25 13:00:00,0.34,837.4406,1.0
2019-04-25 14:00:00,0.36,663.3713,1.0
2019-04-25 15:00:00,0.19,555.0106,1.0
2019-04-25 16:00:00,0.23,355.84836,1.0
2019-04-25 17:00:00,0.01,123.64573,1.0
2019-04-25 18:00:00,0.26,13.807805,0.8069444444444445
2019-04-25 19:00:00,0.18,0.0,0.0
2019-04-25 20:00:00,0.28,0.0,0.0
2019-04-25 21:00:00,0.01,0.0,0.0
2019-04-25 22:00:00,0.02,0.0,0.0
2019-04-25 23:00:00,0.01,0.0,0.0
2019-04-26 00:00:00,0.02,0.0,0.0
2019-04-26 01:00:00,0.31,0.0,0.0
2019-04-26 02:00:00,0.14,0.0,0.0
2019-04-26 03:00:00,0.0,0.0,0.0
2019-04-26 04:00:00,0.25,0.0,0.0
2019-04-26 05:00:00,0.0,36.756084,0.8780555555555556
2019-04-26 06:00:00,0.12,213.6768,1.0
2019-04-26 07:00:00,0.76,437.1031,1.0
2019-04-26 08:00:00,0.05,651.95593,1.0
2019-04-26 09:00:00,0.89,809.02985,1.0
2019-04-26 10:00:00,1.0,843.1861,1.0
2019-04-26 11:00:00,0.97,848.5907,1.0
2019-04-26 12:00:00,0.76,883.35706,1.0
2019-04-26 13:00:00,0.71,776.731,1.0
2019-04-26 14:00:00,0.34,728.40466,1.0
2019-04-26 15:00:00,0.97,501.19754,1.0
2019-04-26 16:00:00,0.84,296.46127,1.0
2019-04-26 17:00:00,0.87,97.198814,1.0
2019-04-26 18:00:00,0.99,16.272924,0.8236111111111111
2019-04-26 19:00:00,0.94,0.0,0.0
2019-04-26 20:00:00,1.0,0.0,0.0
2019-04-26 21:00:00,0.93,0.0,0.0
2019-04-26 22:00:00,0.16,0.0,0.0
2019-04-26 23:00:00,0.3,0.0,0.0
2019-04-27 00:00:00,0.88,0.0,0.0
2019-04-27 01:00:00,0.01,0.0,0.0
2019-04-27 02:00:00,0.18,0.0,0.0
2019-04-27 03:00:00,0.07,0.0,0.0
2019-04-27 04:00:00,0.48,0.0,0.0
2019-04-27 05:00:00,0.65,38.586914,0.8997222222222222
2019-04-27 06:00:00,0.07,207.52596,1.0
2019-04-27 07:00:00,1.0,321.9842,1.0
2019-04-27 08:00:00,0.9,589.2657,1.0
2019-04-27 09:00:00,1.0,647.92755,1.0
2019-04-27 10:00:00,0.62,676.3691,1.0
2019-04-27 11:00:00,0.78,710.0242,1.0
2019-04-27 12:00:00,0.78,865.73096,1.0
2019-04-27 13:00:00,0.26,854.7781,1.0
2019-04-27 14:00:00,0.02,725.10266,1.0
2019-04-27 15:00:00,0.09,555.637,1.0
2019-04-27 16:00:00,0.03,363.61087,1.0
2019-04-27 17:00:00,0.06,154.50337,1.0
2019-04-27 18:00:00,0.2,17.059256,0.8402777777777778
2019-04-27 19:00:00,0.03,0.0,0.0
2019-04-27 20:00:00,0.0,0.0,0.0
2019-04-27 21:00:00,0.0,0.0,0.0
2019-04-27 22:00:00,0.0,0.0,0.0
2019-04-27 23:00:00,0.01,0.0,0.0
2019-04-28 00:00:00,0.0,0.0,0.0
2019-04-28 01:00:00,0.0,0.0,0.0
2019-04-28 02:00:00,0.0,0.0,0.0
2019-04-28 03:00:00,0.15,0.0,0.0
2019-04-28 04:00:00,0.74,0.0,0.0
2019-04-28 05:00:00,0.86,40.439636,0.9211111111111111
2019-04-28 06:00:00,0.0,220.09967,1.0
2019-04-28 07:00:00,0.04,445.0855,1.0
2019-04-28 08:00:00,0.02,665.46875,1.0
2019-04-28 09:00:00,0.01,843.34625,1.0
2019-04-28 10:00:00,0.1,939.3033,1.0
2019-04-28 11:00:00,0.6,867.5406,1.0
2019-04-28 12:00:00,0.74,799.8669,1.0
2019-04-28 13:00:00,0.52,779.2678,1.0
2019-04-28 14:00:00,0.77,750.7225,1.0
2019-04-28 15:00:00,0.64,507.38525,1.0
2019-04-28 16:00:00,0.95,232.99147,1.0
2019-04-28 17:00:00,0.99,125.38862,1.0
2019-04-28 18:00:00,0.67,20.88043,0.8566666666666667
2019-04-28 19:00:00,0.45,0.0,0.0
2019-04-28 20:00:00,0.94,0.0,0.0
2019-04-28 21:00:00,0.95,0.0,0.0
2019-04-28 22:00:00,0.99,0.0,0.0
2019-04-28 23:00:00,0.98,0.0,0.0
2019-04-29 00:00:00,0.97,0.0,0.0
2019-04-29 01:00:00,1.0,0.0,0.0
2019-04-29 02:00:00,0.96,0.0,0.0
2019-04-29 03:00:00,1.0,0.0,0.0
2019-04-29 04:00:00,0.93,0.0,0.0
2019-04-29 05:00:00,0.89,9.939231,0.9419444444444445
2019-04-29 06:00:00,1.0,48.702232,1.0
2019-04-29 07:00:00,0.98,152.2696,1.0
2019-04-29 08:00:00,0.97,263.08493,1.0
2019-04-29 09:00:00,0.99,252.97581,1.0
2019-04-29 10:00:00,1.0,299.42493,1.0
2019-04-29 11:00:00,0.99,455.29205,1.0
2019-04-29 12:00:00,0.99,570.3578,1.0
2019-04-29 13:00:00,0.92,455.1626,1.0
2019-04-29 14:00:00,0.96,545.61774,1.0
2019-04-29 15:00:00,0.96,369.13583,1.0
2019-04-29 16:00:00,0.98,138.18094,1.0
2019-04-29 17:00:00,1.0,64.78108,1.0
2019-04-29 18:00:00,1.0,14.908846,0.8733333333333333
2019-04-29 19:00:00,1.0,0.0,0.0
2019-04-29 20:00:00,1.0,0.0,0.0
2019-04-29 21:00:00,1.0,0.0,0.0
2019-04-29 22:00:00,0.99,0.0,0.0
2019-04-29 23:00:00,1.0,0.0,0.0
2019-04-30 00:00:00,1.0,0.0,0.0
2019-04-30 01:00:00,0.98,0.0,0.0
2019-04-30 02:00:00,1.0,0.0,0.0
2019-04-30 03:00:00,0.99,0.0,0.0
2019-04-30 04:00:00,0.49,0.0,0.0
2019-04-30 05:00:00,0.88,17.929335,0.9627777777777777
2019-04-30 06:00:00,0.99,71.074356,1.0
2019-04-30 07:00:00,1.0,207.45175,1.0
2019-04-30 08:00:00,1.0,369.56696,1.0
2019-04-30 09:00:00,1.0,454.25214,1.0
2019-04-30 10:00:00,0.98,690.98267,1.0
2019-04-30 11:00:00,0.52,823.8394,1.0
2019-04-30 12:00:00,0.98,609.583,1.0
2019-04-30 13:00:00,1.0,423.31668,1.0
2019-04-30 14:00:00,0.73,664.5578,1.0
2019-04-30 15:00:00,0.96,353.73355,1.0
2019-04-30 16:00:00,0.25,304.6462,1.0
2019-04-30 17:00:00,0.32,128.75769,1.0
2019-04-30 18:00:00,0.5,18.645004,0.8897222222222222
2019-04-30 19:00:00,0.77,0.0,0.0
2019-04-30 20:00:00,1.0,0.0,0.0
2019-04-30 21:00:00,1.0,0.0,0.0
2019-04-30 22:00:00,1.0,0.0,0.0
2019-04-30 23:00:00,1.0,0.0,0.0
2019-05-01 00:00:00,0.9,0.0,0.0
2019-05-01 01:00:00,0.84,0.0,0.0
2019-05-01 02:00:00,0.63,0.0,0.0
2019-05-01 03:00:00,0.74,0.0,0.0
2019-05-01 04:00:00,0.23,0.0,0.0
2019-05-01 05:00:00,0.16,22.86393,0.9830555555555556
2019-05-01 06:00:00,0.05,240.20477,1.0
2019-05-01 07:00:00,0.74,407.96017,1.0
2019-05-01 08:00:00,0.85,587.3445,1.0
2019-05-01 09:00:00,1.0,664.9527,1.0
2019-05-01 10:00:00,0.79,555.26263,1.0
2019-05-01 11:00:00,0.57,710.90607,1.0
2019-05-01 12:00:00,0.57,715.20605,1.0
2019-05-01 13:00:00,0.75,643.13727,1.0
2019-05-01 14:00:00,0.91,627.35583,1.0
2019-05-01 15:00:00,0.94,332.04367,1.0
2019-05-01 16:00:00,1.0,230.50742,1.0
2019-05-01 17:00:00,0.99,121.84526,1.0
2019-05-01 18:00:00,0.9,8.945308,0.9063888888888889
2019-05-01 19:00:00,0.96,0.0,0.0
2019-05-01 20:00:00,0.98,0.0,0.0
2019-05-01 21:00:00,0.98,0.0,0.0
2019-05-01 22:00:00,0.92,0.0,0.0
2019-05-01 23:00:00,0.9,0.0,0.0
2019-05-02 00:00:00,0.94,0.0,0.0
2019-05-02 01:00:00,0.94,0.0,0.0
2019-05-02 02:00:00,0.93,0.0,0.0
2019-05-02 03:00:00,0.93,0.0,0.0
2019-05-02 04:00:00,0.95,0.0,0.0033333333333333335
2019-05-02 05:00:00,0.93,24.806866,1.0
2019-05-02 06:00:00,0.95,115.09076,1.0
2019-05-02 07:00:00,0.76,295.03992,1.0
2019-05-02 08:00:00,0.89,588.56335,1.0
2019-05-02 09:00:00,0.81,792.6222,1.0
2019-05-02 10:00:00,0.33,952.81244,1.0
2019-05-02 11:00:00,0.05,1001.1968,1.0
2019-05-02 12:00:00,0.26,962.79706,1.0
2019-05-02 13:00:00,0.18,909.61975,1.0
2019-05-02 14:00:00,0.34,739.1433,1.0
2019-05-02 15:00:00,0.55,511.1623,1.0
2019-05-02 16:00:00,0.67,307.24246,1.0
2019-05-02 17:00:00,0.48,161.71669,1.0
2019-05-02 18:00:00,0.24,20.843481,0.9230555555555555
2019-05-02 19:00:00,0.04,0.0,0.0
2019-05-02 20:00:00,0.0,0.0,0.0
2019-05-02 21:00:00,0.0,0.0,0.0
2019-05-02 22:00:00,0.0,0.0,0.0
2019-05-02 23:00:00,0.06,0.0,0.0
2019-05-03 00:00:00,0.02,0.0,0.0
2019-05-03 01:00:00,0.04,0.0,0.0
2019-05-03 02:00:00,0.0,0.0,0.0
2019-05-03 03:00:00,0.0,0.0,0.0
2019-05-03 04:00:00,0.0,0.0,0.023333333333333334
2019-05-03 05:00:00,0.0,50.29417,1.0
2019-05-03 06:00:00,0.0,238.81256,1.0
2019-05-03 07:00:00,0.0,469.2609,1.0
2019-05-03 08:00:00,0.0,688.89703,1.0
2019-05-03 09:00:00,0.0,869.9359,1.0
2019-05-03 10:00:00,0.0,993.8486,1.0
2019-05-03 11:00:00,0.0,1046.9669,1.0
2019-05-03 12:00:00,0.0,1031.737,1.0
2019-05-03 13:00:00,0.0,948.5728,1.0
2019-05-03 14:00:00,0.0,802.5036,1.0
2019-05-03 15:00:00,0.25,607.61194,1.0
2019-05-03 16:00:00,0.79,378.30405,1.0
2019-05-03 17:00:00,0.82,149.19339,1.0
2019-05-03 18:00:00,0.5,23.13181,0.9397222222222222
2019-05-03 19:00:00,0.46,0.0,0.0
2019-05-03 20:00:00,0.43,0.0,0.0
2019-05-03 21:00:00,0.54,0.0,0.0
2019-05-03 22:00:00,0.72,0.0,0.0
2019-05-03 23:00:00,0.67,0.0,0.0
2019-05-04 00:00:00,0.09,0.0,0.0
2019-05-04 01:00:00,0.0,0.0,0.0
2019-05-04 02:00:00,0.0,0.0,0.0
2019-05-04 03:00:00,0.0,0.0,0.0
2019-05-04 04:00:00,0.0,0.0,0.043055555555555555
2019-05-04 05:00:00,0.14,53.017143,1.0
2019-05-04 06:00:00,0.36,239.10748,1.0
2019-05-04 07:00:00,0.37,462.64172,1.0
2019-05-04 08:00:00,0.48,677.3531,1.0
2019-05-04 09:00:00,0.57,853.6375,1.0
2019-05-04 10:00:00,0.59,953.60077,1.0
2019-05-04 11:00:00,0.5,985.2708,1.0
2019-05-04 12:00:00,0.46,911.2199,1.0
2019-05-04 13:00:00,0.44,786.5989,1.0
2019-05-04 14:00:00,0.59,704.39026,1.0
2019-05-04 15:00:00,0.42,501.0679,1.0
2019-05-04 16:00:00,0.32,351.2552,1.0
2019-05-04 17:00:00,0.29,161.62009,1.0
2019-05-04 18:00:00,0.45,24.072266,0.9563888888888888
2019-05-04 19:00:00,0.32,0.0,0.0
2019-05-04 20:00:00,0.39,0.0,0.0
2019-05-04 21:00:00,0.0,0.0,0.0
2019-05-04 22:00:00,0.99,0.0,0.0
2019-05-04 23:00:00,1.0,0.0,0.0
2019-05-05 00:00:00,0.98,0.0,0.0
2019-05-05 01:00:00,0.87,0.0,0.0
2019-05-05 02:00:00,0.85,0.0,0.0
2019-05-05 03:00:00,0.01,0.0,0.0
2019-05-05 04:00:00,0.0,0.0,0.0625
2019-05-05 05:00:00,0.0,54.709892,1.0
2019-05-05 06:00:00,0.03,243.6773,1.0
2019-05-05 07:00:00,1.0,364.5856,1.0
2019-05-05 08:00:00,0.92,491.87595,1.0
2019-05-05 09:00:00,0.25,801.4774,1.0
2019-05-05 10:00:00,0.0,980.5901,1.0
2019-05-05 11:00:00,0.0,1041.7683,1.0
2019-05-05 12:00:00,0.06,988.3735,1.0
2019-05-05 13:00:00,0.27,872.76324,1.0
2019-05-05 14:00:00,0.6,650.3697,1.0
2019-05-05 15:00:00,0.58,556.25287,1.0
2019-05-05 16:00:00,0.47,365.35916,1.0
2019-05-05 17:00:00,0.59,152.708,1.0
2019-05-05 18:00:00,0.85,25.983494,0.9730555555555556
2019-05-05 19:00:00,0.57,0.0,0.0
2019-05-05 20:00:00,0.66,0.0,0.0
2019-05-05 21:00:00,0.81,0.0,0.0
2019-05-05 22:00:00,0.96,0.0,0.0
2019-05-05 23:00:00,0.98,0.0,0.0
2019-05-06 00:00:00,0.1,0.0,0.0
2019-05-06 01:00:00,0.26,0.0,0.0
2019-05-06 02:00:00,0.54,0.0,0.0
2019-05-06 03:00:00,0.51,0.0,0.0
2019-05-06 04:00:00,0.66,0.0,0.08138888888888889
2019-05-06 05:00:00,0.15,41.993927,1.0
2019-05-06 06:00:00,0.47,104.62989,1.0
2019-05-06 07:00:00,0.52,207.61635,1.0
2019-05-06 08:00:00,0.56,449.21136,1.0
2019-05-06 09:00:00,0.63,641.05585,1.0
2019-05-06 10:00:00,0.78,723.13116,1.0
2019-05-06 11:00:00,0.89,759.6977,1.0
2019-05-06 12:00:00,0.94,722.97833,1.0
2019-05-06 13:00:00,0.9,560.1358,1.0
2019-05-06 14:00:00,0.98,618.168,1.0
2019-05-06 15:00:00,0.93,419.23456,1.0
2019-05-06 16:00:00,1.0,228.95657,1.0
2019-05-06 17:00:00,0.98,129.94543,1.0
2019-05-06 18:00:00,0.99,24.113615,0.9897222222222222
2019-05-06 19:00:00,0.99,0.0,0.0
2019-05-06 20:00:00,0.87,0.0,0.0
2019-05-06 21:00:00,1.0,0.0,0.0
2019-05-06 22:00:00,1.0,0.0,0.0
2019-05-06 23:00:00,1.0,0.0,0.0
2019-05-07 00:00:00,0.51,0.0,0.0
2019-05-07 01:00:00,0.86,0.0,0.0
2019-05-07 02:00:00,1.0,0.0,0.0
2019-05-07 03:00:00,1.0,0.0,0.0
2019-05-07 04:00:00,1.0,0.0,0.10027777777777777
2019-05-07 05:00:00,1.0,26.65789,1.0
2019-05-07 06:00:00,1.0,112.715126,1.0
2019-05-07 07:00:00,1.0,179.63632,1.0
2019-05-07 08:00:00,1.0,353.1195,1.0
2019-05-07 09:00:00,1.0,480.56494,1.0
2019-05-07 10:00:00,1.0,412.45316,1.0
2019-05-07 11:00:00,1.0,221.64485,1.0
2019-05-07 12:00:00,1.0,481.97943,1.0
2019-05-07 13:00:00,0.98,358.04626,1.0
2019-05-07 14:00:00,0.95,429.33282,1.0
2019-05-07 15:00:00,0.97,292.72412,1.0
2019-05-07 16:00:00,0.94,229.20041,1.0
2019-05-07 17:00:00,0.93,114.5652,1.0
2019-05-07 18:00:00,0.83,23.065596,1.0
2019-05-07 19:00:00,0.55,0.0,0.006111111111111111
2019-05-07 20:00:00,0.86,0.0,0.0
2019-05-07 21:00:00,0.36,0.0,0.0
2019-05-07 22:00:00,0.71,0.0,0.0
2019-05-07 23:00:00,0.64,0.0,0.0
2019-05-08 00:00:00,0.68,0.0,0.0
2019-05-08 01:00:00,0.73,0.0,0.0
2019-05-08 02:00:00,0.91,0.0,0.0
2019-05-08 03:00:00,1.0,0.0,0.0
2019-05-08 04:00:00,1.0,0.0,0.11861111111111111
2019-05-08 05:00:00,1.0,8.945308,1.0
2019-05-08 06:00:00,1.0,32.79946,1.0
2019-05-08 07:00:00,1.0,29.817692,1.0
2019-05-08 08:00:00,1.0,119.27077,1.0
2019-05-08 09:00:00,1.0,133.1857,1.0
2019-05-08 10:00:00,1.0,185.86362,1.0
2019-05-08 11:00:00,1.0,174.14178,1.0
2019-05-08 12:00:00,1.0,210.55382,1.0
2019-05-08 13:00:00,1.0,210.28828,1.0
2019-05-08 14:00:00,1.0,148.10757,1.0
2019-05-08 15:00:00,1.0,140.14316,1.0
2019-05-08 16:00:00,1.0,85.19334,1.0
2019-05-08 17:00:00,1.0,31.805538,1.0
2019-05-08 18:00:00,1.0,7.9513845,1.0
2019-05-08 19:00:00,1.0,0.0,0.02277777777777778
2019-05-08 20:00:00,1.0,0.0,0.0
2019-05-08 21:00:00,1.0,0.0,0.0
2019-05-08 22:00:00,1.0,0.0,0.0
2019-05-08 23:00:00,1.0,0.0,0.0
2019-05-09 00:00:00,1.0,0.0,0.0
2019-05-09 01:00:00,1.0,0.0,0.0
2019-05-09 02:00:00,1.0,0.0,0.0
2019-05-09 03:00:00,1.0,0.0,0.0
2019-05-09 04:00:00,1.0,0.0,0.13666666666666666
2019-05-09 05:00:00,1.0,15.902769,1.0
2019-05-09 06:00:00,1.0,67.58677,1.0
2019-05-09 07:00:00,1.0,120.264694,1.0
2019-05-09 08:00:00,1.0,221.72804,1.0
2019-05-09 09:00:00,1.0,383.70316,1.0
2019-05-09 10:00:00,1.0,446.57007,1.0
2019-05-09 11:00:00,1.0,455.8419,1.0
2019-05-09 12:00:00,1.0,443.49454,1.0
2019-05-09 13:00:00,1.0,393.05307,1.0
2019-05-09 14:00:00,0.97,330.0671,1.0
2019-05-09 15:00:00,0.99,273.01,1.0
2019-05-09 16:00:00,1.0,144.92168,1.0
2019-05-09 17:00:00,1.0,86.9516,1.0
2019-05-09 18:00:00,1.0,19.878462,1.0
2019-05-09 19:00:00,1.0,0.0,0.03916666666666667
2019-05-09 20:00:00,0.98,0.0,0.0
2019-05-09 21:00:00,0.96,0.0,0.0
2019-05-09 22:00:00,0.95,0.0,0.0
2019-05-09 23:00:00,0.98,0.0,0.0
2019-05-10 00:00:00,0.97,0.0,0.0
2019-05-10 01:00:00,0.97,0.0,0.0
2019-05-10 02:00:00,0.98,0.0,0.0
2019-05-10 03:00:00,0.97,0.0,0.0
2019-05-10 04:00:00,0.98,0.0,0.15444444444444444
2019-05-10 05:00:00,0.96,50.324963,1.0
2019-05-10 06:00:00,0.88,223.46208,1.0
2019-05-10 07:00:00,0.81,451.21976,1.0
2019-05-10 08:00:00,0.93,601.45026,1.0
2019-05-10 09:00:00,0.95,721.40234,1.0
2019-05-10 10:00:00,0.96,931.1549,1.0
2019-05-10 11:00:00,0.9,990.46564,1.0
2019-05-10 12:00:00,0.95,930.6362,1.0
2019-05-10 13:00:00,0.96,795.9259,1.0
2019-05-10 14:00:00,0.93,538.81885,1.0
2019-05-10 15:00:00,0.94,298.0157,1.0
2019-05-10 16:00:00,0.94,231.86214,1.0
2019-05-10 17:00:00,0.98,166.85367,1.0
2019-05-10 18:00:00,0.94,29.27707,1.0
2019-05-10 19:00:00,0.88,0.0,0.05555555555555555
2019-05-10 20:00:00,0.83,0.0,0.0
2019-05-10 21:00:00,0.71,0.0,0.0
2019-05-10 22:00:00,0.03,0.0,0.0
2019-05-10 23:00:00,0.01,0.0,0.0
2019-05-11 00:00:00,0.01,0.0,0.0
2019-05-11 01:00:00,0.0,0.0,0.0
2019-05-11 02:00:00,0.0,0.0,0.0
2019-05-11 03:00:00,0.0,0.0,0.0
2019-05-11 04:00:00,0.0,0.0,0.17166666666666666
2019-05-11 05:00:00,0.0,67.659546,1.0
2019-05-11 06:00:00,0.0,261.72263,1.0
2019-05-11 07:00:00,0.0,486.56357,1.0
2019-05-11 08:00:00,0.0,699.8109,1.0
2019-05-11 09:00:00,0.0,880.6108,1.0
2019-05-11 10:00:00,0.02,1001.79156,1.0
2019-05-11 11:00:00,0.0,957.16724,1.0
2019-05-11 12:00:00,0.39,881.7387,1.0
2019-05-11 13:00:00,0.7,653.7975,1.0
2019-05-11 14:00:00,0.85,539.515,1.0
2019-05-11 15:00:00,0.56,354.80106,1.0
2019-05-11 16:00:00,0.6,332.2696,1.0
2019-05-11 17:00:00,0.45,132.83215,1.0
2019-05-11 18:00:00,0.5,16.896692,1.0
2019-05-11 19:00:00,0.75,0.0,0.07166666666666667
2019-05-11 20:00:00,1.0,0.0,0.0
2019-05-11 21:00:00,0.82,0.0,0.0
2019-05-11 22:00:00,0.41,0.0,0.0
2019-05-11 23:00:00,0.02,0.0,0.0
2019-05-12 00:00:00,0.15,0.0,0.0
2019-05-12 01:00:00,0.21,0.0,0.0
2019-05-12 02:00:00,0.11,0.0,0.0
2019-05-12 03:00:00,0.0,0.0,0.0
2019-05-12 04:00:00,0.0,0.0,0.18861111111111112
2019-05-12 05:00:00,0.0,61.91173,1.0
2019-05-12 06:00:00,0.06,238.3935,1.0
2019-05-12 07:00:00,0.11,475.69162,1.0
2019-05-12 08:00:00,0.0,694.4288,1.0
2019-05-12 09:00:00,0.0,874.10345,1.0
2019-05-12 10:00:00,0.0,996.9505,1.0
2019-05-12 11:00:00,0.0,1048.0654,1.0
2019-05-12 12:00:00,0.29,1021.8658,1.0
2019-05-12 13:00:00,0.5,880.14996,1.0
2019-05-12 14:00:00,0.15,724.66705,1.0
2019-05-12 15:00:00,0.4,604.431,1.0
2019-05-12 16:00:00,0.38,392.50577,1.0
2019-05-12 17:00:00,0.0,183.54382,1.0
2019-05-12 18:00:00,0.24,30.200102,1.0
2019-05-12 19:00:00,0.25,0.0,0.08777777777777777
2019-05-12 20:00:00,0.01,0.0,0.0
2019-05-12 21:00:00,0.0,0.0,0.0
2019-05-12 22:00:00,0.0,0.0,0.0
2019-05-12 23:00:00,0.17,0.0,0.0
2019-05-13 00:00:00,0.1,0.0,0.0
2019-05-13 01:00:00,0.0,0.0,0.0
2019-05-13 02:00:00,0.01,0.0,0.0
2019-05-13 03:00:00,0.0,0.0,0.0
2019-05-13 04:00:00,0.0,0.0,0.205
2019-05-13 05:00:00,0.0,63.61481,1.0
2019-05-13 06:00:00,0.0,254.37935,1.0
2019-05-13 07:00:00,0.02,472.6618,1.0
2019-05-13 08:00:00,0.0,689.35046,1.0
2019-05-13 09:00:00,0.46,862.78827,1.0
2019-05-13 10:00:00,0.41,808.66656,1.0
2019-05-13 11:00:00,0.34,911.1064,1.0
2019-05-13 12:00:00,0.53,847.31323,1.0
2019-05-13 13:00:00,0.49,802.3644,1.0
2019-05-13 14:00:00,0.63,708.2286,1.0
2019-05-13 15:00:00,0.5,486.09116,1.0
2019-05-13 16:00:00,0.39,352.34848,1.0
2019-05-13 17:00:00,0.09,173.57416,1.0
2019-05-13 18:00:00,0.06,31.903418,1.0
2019-05-13 19:00:00,0.19,0.0,0.10361111111111111
2019-05-13 20:00:00,0.35,0.0,0.0
2019-05-13 21:00:00,0.0,0.0,0.0
2019-05-13 22:00:00,0.0,0.0,0.0
2019-05-13 23:00:00,0.0,0.0,0.0
2019-05-14 00:00:00,0.0,0.0,0.0
2019-05-14 01:00:00,0.0,0.0,0.0
2019-05-14 02:00:00,0.0,0.0,0.0
2019-05-14 03:00:00,0.0,0.0,0.0
2019-05-14 04:00:00,0.0,0.0,0.22083333333333333
2019-05-14 05:00:00,0.0,72.647835,1.0
2019-05-14 06:00:00,0.0,266.47882,1.0
2019-05-14 07:00:00,0.0,489.29874,1.0
2019-05-14 08:00:00,0.0,698.6037,1.0
2019-05-14 09:00:00,0.22,854.8795,1.0
2019-05-14 10:00:00,0.36,883.72095,1.0
2019-05-14 11:00:00,0.58,916.4863,1.0
2019-05-14 12:00:00,0.67,920.2406,1.0
2019-05-14 13:00:00,0.46,823.9725,1.0
2019-05-14 14:00:00,0.93,680.1574,1.0
2019-05-14 15:00:00,0.67,511.66888,1.0
2019-05-14 16:00:00,0.69,360.42334,1.0
2019-05-14 17:00:00,0.55,169.90842,1.0
2019-05-14 18:00:00,0.56,35.358753,1.0
2019-05-14 19:00:00,0.54,0.0,0.11944444444444445
2019-05-14 20:00:00,0.82,0.0,0.0
2019-05-14 21:00:00,0.87,0.0,0.0
2019-05-14 22:00:00,0.8,0.0,0.0
2019-05-14 23:00:00,0.64,0.0,0.0
2019-05-15 00:00:00,0.56,0.0,0.0
2019-05-15 01:00:00,0.01,0.0,0.0
2019-05-15 02:00:00,0.0,0.0,0.0
2019-05-15 03:00:00,0.0,0.0,0.0
2019-05-15 04:00:00,0.0,0.0,0.2363888888888889
2019-05-15 05:00:00,0.0,75.20738,1.0
2019-05-15 06:00:00,0.0,270.17966,1.0
2019-05-15 07:00:00,0.0,490.8929,1.0
2019-05-15 08:00:00,0.0,697.84686,1.0
2019-05-15 09:00:00,0.49,737.47815,1.0
2019-05-15 10:00:00,0.46,799.269,1.0
2019-05-15 11:00:00,0.41,915.48096,1.0
2019-05-15 12:00:00,0.4,888.3294,1.0
2019-05-15 13:00:00,0.41,817.5636,1.0
2019-05-15 14:00:00,0.56,715.32025,1.0
2019-05-15 15:00:00,0.44,571.9522,1.0
2019-05-15 16:00:00,0.13,389.6542,1.0
2019-05-15 17:00:00,0.29,178.26486,1.0
2019-05-15 18:00:00,0.5,32.183624,1.0
2019-05-15 19:00:00,0.82,0.0,0.135
2019-05-15 20:00:00,0.9,0.0,0.0
2019-05-15 21:00:00,0.96,0.0,0.0
2019-05-15 22:00:00,0.86,0.0,0.0
2019-05-15 23:00:00,0.07,0.0,0.0
2019-05-16 00:00:00,0.39,0.0,0.0
2019-05-16 01:00:00,0.0,0.0,0.0
2019-05-16 02:00:00,0.13,0.0,0.0
2019-05-16 03:00:00,0.19,0.0,0.0
2019-05-16 04:00:00,0.02,0.0,0.2513888888888889
2019-05-16 05:00:00,0.15,63.926502,1.0
2019-05-16 06:00:00,1.0,137.61412,1.0
2019-05-16 07:00:00,1.0,251.86409,1.0
2019-05-16 08:00:00,0.98,420.1537,1.0
2019-05-16 09:00:00,0.99,468.86145,1.0
2019-05-16 10:00:00,1.0,630.26337,1.0
2019-05-16 11:00:00,1.0,772.9047,1.0
2019-05-16 12:00:00,0.94,707.8555,1.0
2019-05-16 13:00:00,1.0,298.74103,1.0
2019-05-16 14:00:00,1.0,364.03177,1.0
2019-05-16 15:00:00,1.0,310.69733,1.0
2019-05-16 16:00:00,1.0,237.51381,1.0
2019-05-16 17:00:00,1.0,107.78596,1.0
2019-05-16 18:00:00,1.0,37.10144,1.0
2019-05-16 19:00:00,0.85,0.0,0.1502777777777778
2019-05-16 20:00:00,0.24,0.0,0.0
2019-05-16 21:00:00,0.0,0.0,0.0
2019-05-16 22:00:00,0.32,0.0,0.0
2019-05-16 23:00:00,0.27,0.0,0.0
2019-05-17 00:00:00,0.32,0.0,0.0
2019-05-17 01:00:00,0.28,0.0,0.0
2019-05-17 02:00:00,0.16,0.0,0.0
2019-05-17 03:00:00,0.16,0.0,0.0
2019-05-17 04:00:00,0.0,0.0,0.2658333333333333
2019-05-17 05:00:00,0.0,75.94547,1.0
2019-05-17 06:00:00,0.0,266.9979,1.0
2019-05-17 07:00:00,0.0,480.69437,1.0
2019-05-17 08:00:00,0.0,692.2106,1.0
2019-05-17 09:00:00,0.11,856.3603,1.0
2019-05-17 10:00:00,0.52,846.41425,1.0
2019-05-17 11:00:00,0.49,822.37726,1.0
2019-05-17 12:00:00,0.6,786.0546,1.0
2019-05-17 13:00:00,0.87,585.55237,1.0
2019-05-17 14:00:00,0.55,566.4142,1.0
2019-05-17 15:00:00,0.86,449.18503,1.0
2019-05-17 16:00:00,0.89,259.02582,1.0
2019-05-17 17:00:00,0.57,105.15656,1.0
2019-05-17 18:00:00,0.88,17.56172,1.0
2019-05-17 19:00:00,0.75,0.0,0.16555555555555557
2019-05-17 20:00:00,0.49,0.0,0.0
2019-05-17 21:00:00,0.0,0.0,0.0
2019-05-17 22:00:00,0.0,0.0,0.0
2019-05-17 23:00:00,0.01,0.0,0.0
2019-05-18 00:00:00,0.23,0.0,0.0
2019-05-18 01:00:00,0.13,0.0,0.0
2019-05-18 02:00:00,0.16,0.0,0.0
2019-05-18 03:00:00,0.11,0.0,0.0
2019-05-18 04:00:00,0.01,0.0,0.2797222222222222
2019-05-18 05:00:00,0.48,74.83335,1.0
2019-05-18 06:00:00,0.96,135.18758,1.0
2019-05-18 07:00:00,0.88,301.51965,1.0
2019-05-18 08:00:00,0.97,559.76953,1.0
2019-05-18 09:00:00,0.89,612.05634,1.0
2019-05-18 10:00:00,0.95,820.9067,1.0
2019-05-18 11:00:00,0.96,712.28,1.0
2019-05-18 12:00:00,0.94,725.202,1.0
2019-05-18 13:00:00,0.97,728.1865,1.0
2019-05-18 14:00:00,0.82,676.8438,1.0
2019-05-18 15:00:00,1.0,422.9708,1.0
2019-05-18 16:00:00,0.97,339.87183,1.0
2019-05-18 17:00:00,0.97,127.34976,1.0
2019-05-18 18:00:00,1.0,42.296898,1.0
2019-05-18 19:00:00,0.99,0.0,0.1802777777777778
2019-05-18 20:00:00,0.96,0.0,0.0
2019-05-18 21:00:00,0.57,0.0,0.0
2019-05-18 22:00:00,0.52,0.0,0.0
2019-05-18 23:00:00,0.83,0.0,0.0
2019-05-19 00:00:00,0.96,0.0,0.0
2019-05-19 01:00:00,1.0,0.0,0.0
2019-05-19 02:00:00,1.0,0.0,0.0
2019-05-19 03:00:00,1.0,0.0,0.0
2019-05-19 04:00:00,1.0,0.99392307,0.29305555555555557
2019-05-19 05:00:00,1.0,29.149378,1.0
2019-05-19 06:00:00,1.0,96.948616,1.0
2019-05-19 07:00:00,1.0,223.25635,1.0
2019-05-19 08:00:00,1.0,349.98135,1.0
2019-05-19 09:00:00,1.0,560.9626,1.0
2019-05-19 10:00:00,0.98,655.9274,1.0
2019-05-19 11:00:00,0.85,954.63654,1.0
2019-05-19 12:00:00,0.67,722.04395,1.0
2019-05-19 13:00:00,1.0,675.1445,1.0
2019-05-19 14:00:00,1.0,363.26086,1.0
2019-05-19 15:00:00,0.99,289.22107,1.0
2019-05-19 16:00:00,1.0,241.38803,1.0
2019-05-19 17:00:00,1.0,97.86198,1.0
2019-05-19 18:00:00,0.85,24.543787,1.0
2019-05-19 19:00:00,0.78,0.0,0.195
2019-05-19 20:00:00,0.91,0.0,0.0
2019-05-19 21:00:00,1.0,0.0,0.0
2019-05-19 22:00:00,1.0,0.0,0.0
2019-05-19 23:00:00,1.0,0.0,0.0
2019-05-20 00:00:00,1.0,0.0,0.0
2019-05-20 01:00:00,1.0,0.0,0.0
2019-05-20 02:00:00,1.0,0.0,0.0
2019-05-20 03:00:00,1.0,0.0,0.0
2019-05-20 04:00:00,1.0,0.0,0.30583333333333335
2019-05-20 05:00:00,1.0,20.872385,1.0
2019-05-20 06:00:00,1.0,35.78123,1.0
2019-05-20 07:00:00,1.0,59.635384,1.0
2019-05-20 08:00:00,1.0,108.337616,1.0
2019-05-20 09:00:00,1.0,186.85754,1.0
2019-05-20 10:00:00,1.0,359.99905,1.0
2019-05-20 11:00:00,0.99,592.57513,1.0
2019-05-20 12:00:00,0.98,379.6593,1.0
2019-05-20 13:00:00,0.99,317.0689,1.0
2019-05-20 14:00:00,0.94,243.63805,1.0
2019-05-20 15:00:00,0.97,203.43861,1.0
2019-05-20 16:00:00,1.0,117.07782,1.0
2019-05-20 17:00:00,1.0,28.82377,1.0
2019-05-20 18:00:00,1.0,9.939231,1.0
2019-05-20 19:00:00,1.0,0.0,0.20972222222222223
2019-05-20 20:00:00,1.0,0.0,0.0
2019-05-20 21:00:00,1.0,0.0,0.0
2019-05-20 22:00:00,1.0,0.0,0.0
2019-05-20 23:00:00,1.0,0.0,0.0
2019-05-21 00:00:00,1.0,0.0,0.0
2019-05-21 01:00:00,1.0,0.0,0.0
2019-05-21 02:00:00,1.0,0.0,0.0
2019-05-21 03:00:00,0.97,0.0,0.0
2019-05-21 04:00:00,0.71,0.99392307,0.31833333333333336
2019-05-21 05:00:00,0.97,26.835924,1.0
2019-05-21 06:00:00,0.62,176.81786,1.0
2019-05-21 07:00:00,1.0,201.28069,1.0
2019-05-21 08:00:00,1.0,249.88705,1.0
2019-05-21 09:00:00,1.0,353.58566,1.0
2019-05-21 10:00:00,0.97,669.45624,1.0
2019-05-21 11:00:00,0.36,842.12866,1.0
2019-05-21 12:00:00,1.0,528.97064,1.0
2019-05-21 13:00:00,1.0,363.08978,1.0
2019-05-21 14:00:00,1.0,232.578,1.0
2019-05-21 15:00:00,1.0,192.57149,1.0
2019-05-21 16:00:00,1.0,111.69547,1.0
2019-05-21 17:00:00,1.0,117.75207,1.0
2019-05-21 18:00:00,1.0,30.174986,1.0
2019-05-21 19:00:00,1.0,0.0,0.22444444444444445
2019-05-21 20:00:00,1.0,0.0,0.0
2019-05-21 21:00:00,0.99,0.0,0.0
2019-05-21 22:00:00,0.99,0.0,0.0
2019-05-21 23:00:00,0.91,0.0,0.0
2019-05-22 00:00:00,0.99,0.0,0.0
2019-05-22 01:00:00,1.0,0.0,0.0
2019-05-22 02:00:00,0.75,0.0,0.0
2019-05-22 03:00:00,0.76,0.0,0.0
2019-05-22 04:00:00,0.77,0.99392307,0.3302777777777778
2019-05-22 05:00:00,0.69,74.28634,1.0
2019-05-22 06:00:00,0.28,234.14435,1.0
2019-05-22 07:00:00,0.27,456.34915,1.0
2019-05-22 08:00:00,0.16,689.7232,1.0
2019-05-22 09:00:00,0.62,779.66254,1.0
2019-05-22 10:00:00,0.61,850.8825,1.0
2019-05-22 11:00:00,0.86,800.33484,1.0
2019-05-22 12:00:00,0.99,690.419,1.0
2019-05-22 13:00:00,1.0,436.25302,1.0
2019-05-22 14:00:00,1.0,379.91483,1.0
2019-05-22 15:00:00,1.0,377.71533,1.0
2019-05-22 16:00:00,0.96,238.36726,1.0
2019-05-22 17:00:00,0.8,111.29349,1.0
2019-05-22 18:00:00,0.98,17.260263,1.0
2019-05-22 19:00:00,0.99,0.0,0.2388888888888889
2019-05-22 20:00:00,0.99,0.0,0.0
2019-05-22 21:00:00,1.0,0.0,0.0
2019-05-22 22:00:00,1.0,0.0,0.0
2019-05-22 23:00:00,1.0,0.0,0.0
2019-05-23 00:00:00,1.0,0.0,0.0
2019-05-23 01:00:00,1.0,0.0,0.0
2019-05-23 02:00:00,1.0,0.0,0.0
2019-05-23 03:00:00,1.0,0.0,0.0
2019-05-23 04:00:00,1.0,0.0,0.3416666666666667
2019-05-23 05:00:00,1.0,13.914923,1.0
2019-05-23 06:00:00,1.0,29.84209,1.0
2019-05-23 07:00:00,1.0,63.668,1.0
2019-05-23 08:00:00,1.0,101.44694,1.0
2019-05-23 09:00:00,1.0,177.05403,1.0
2019-05-23 10:00:00,1.0,180.89401,1.0
2019-05-23 11:00:00,1.0,165.98515,1.0
2019-05-23 12:00:00,1.0,175.9244,1.0
2019-05-23 13:00:00,1.0,174.93047,1.0
2019-05-23 14:00:00,1.0,158.03378,1.0
2019-05-23 15:00:00,1.0,120.264694,1.0
2019-05-23 16:00:00,1.0,106.82513,1.0
2019-05-23 17:00:00,1.0,173.29146,1.0
2019-05-23 18:00:00,0.97,23.23008,1.0
2019-05-23 19:00:00,0.79,0.0,0.25333333333333335
2019-05-23 20:00:00,0.68,0.0,0.0
2019-05-23 21:00:00,0.17,0.0,0.0
2019-05-23 22:00:00,0.01,0.0,0.0
2019-05-23 23:00:00,0.0,0.0,0.0
2019-05-24 00:00:00,0.0,0.0,0.0
2019-05-24 01:00:00,0.0,0.0,0.0
2019-05-24 02:00:00,0.0,0.0,0.0
2019-05-24 03:00:00,0.0,0.0,0.0
2019-05-24 04:00:00,0.0,2.243957,0.3527777777777778
2019-05-24 05:00:00,0.0,88.000854,1.0
2019-05-24 06:00:00,0.0,290.25308,1.0
2019-05-24 07:00:00,0.0,516.77094,1.0
2019-05-24 08:00:00,0.0,726.3842,1.0
2019-05-24 09:00:00,0.0,898.1216,1.0
2019-05-24 10:00:00,0.0,1015.6063,1.0
2019-05-24 11:00:00,0.0,1068.8702,1.0
2019-05-24 12:00:00,0.0,1043.116,1.0
2019-05-24 13:00:00,0.24,935.7656,1.0
2019-05-24 14:00:00,0.34,805.8888,1.0
2019-05-24 15:00:00,0.3,540.19403,1.0
2019-05-24 16:00:00,0.29,405.77853,1.0
2019-05-24 17:00:00,0.36,202.37936,1.0
2019-05-24 18:00:00,0.33,41.93366,1.0
2019-05-24 19:00:00,0.07,0.0,0.2675
2019-05-24 20:00:00,0.01,0.0,0.0
2019-05-24 21:00:00,0.02,0.0,0.0
2019-05-24 22:00:00,0.0,0.0,0.0
2019-05-24 23:00:00,0.0,0.0,0.0
2019-05-25 00:00:00,0.0,0.0,0.0
2019-05-25 01:00:00,0.0,0.0,0.0
2019-05-25 02:00:00,0.0,0.0,0.0
2019-05-25 03:00:00,0.0,0.0,0.0
2019-05-25 04:00:00,0.0,2.2446673,0.36333333333333334
2019-05-25 05:00:00,0.23,87.259514,1.0
2019-05-25 06:00:00,0.28,277.54526,1.0
2019-05-25 07:00:00,0.0,500.29556,1.0
2019-05-25 08:00:00,0.0,709.9734,1.0
2019-05-25 09:00:00,0.19,873.05273,1.0
2019-05-25 10:00:00,0.0,1000.45215,1.0
2019-05-25 11:00:00,0.01,1051.7799,1.0
2019-05-25 12:00:00,0.18,990.8594,1.0
2019-05-25 13:00:00,0.21,951.9703,1.0
2019-05-25 14:00:00,0.21,800.5475,1.0
2019-05-25 15:00:00,0.19,608.18976,1.0
2019-05-25 16:00:00,0.21,402.79233,1.0
2019-05-25 17:00:00,0.18,193.79056,1.0
2019-05-25 18:00:00,0.02,43.529438,1.0
2019-05-25 19:00:00,0.02,0.99392307,0.2816666666666667
2019-05-25 20:00:00,0.38,0.0,0.0
2019-05-25 21:00:00,0.01,0.0,0.0
2019-05-25 22:00:00,0.01,0.0,0.0
2019-05-25 23:00:00,0.0,0.0,0.0
2019-05-26 00:00:00,0.0,0.0,0.0
2019-05-26 01:00:00,0.0,0.0,0.0
2019-05-26 02:00:00,0.0,0.0,0.0
2019-05-26 03:00:00,0.0,0.0,0.0
2019-05-26 04:00:00,0.0,2.2450094,0.37333333333333335
2019-05-26 05:00:00,0.0,86.53171,1.0
2019-05-26 06:00:00,0.52,169.2991,1.0
2019-05-26 07:00:00,0.33,283.34293,1.0
2019-05-26 08:00:00,0.13,574.41,1.0
2019-05-26 09:00:00,0.22,842.106,1.0
2019-05-26 10:00:00,0.44,922.3354,1.0
2019-05-26 11:00:00,0.46,909.052,1.0
2019-05-26 12:00:00,0.4,919.4838,1.0
2019-05-26 13:00:00,0.59,726.7197,1.0
2019-05-26 14:00:00,0.66,726.6583,1.0
2019-05-26 15:00:00,0.85,504.50787,1.0
2019-05-26 16:00:00,0.77,322.0361,1.0
2019-05-26 17:00:00,0.83,194.88414,1.0
2019-05-26 18:00:00,0.08,47.60513,1.0
2019-05-26 19:00:00,0.72,0.99392307,0.29555555555555557
2019-05-26 20:00:00,1.0,0.0,0.0
2019-05-26 21:00:00,1.0,0.0,0.0
2019-05-26 22:00:00,0.22,0.0,0.0
2019-05-26 23:00:00,0.07,0.0,0.0
2019-05-27 00:00:00,0.02,0.0,0.0
2019-05-27 01:00:00,0.0,0.0,0.0
2019-05-27 02:00:00,0.0,0.0,0.0
2019-05-27 03:00:00,0.0,0.0,0.0
2019-05-27 04:00:00,0.38,2.2448528,0.38305555555555554
2019-05-27 05:00:00,0.56,76.56259,1.0
2019-05-27 06:00:00,0.4,249.1349,1.0
2019-05-27 07:00:00,0.01,484.15894,1.0
2019-05-27 08:00:00,0.03,709.1671,1.0
2019-05-27 09:00:00,0.16,860.2049,1.0
2019-05-27 10:00:00,0.14,919.903,1.0
2019-05-27 11:00:00,0.2,1003.26807,1.0
2019-05-27 12:00:00,0.69,638.91986,1.0
2019-05-27 13:00:00,0.96,576.22766,1.0
2019-05-27 14:00:00,0.98,310.07922,1.0
2019-05-27 15:00:00,0.93,250.05354,1.0
2019-05-27 16:00:00,0.47,380.09216,1.0
2019-05-27 17:00:00,0.5,166.83647,1.0
2019-05-27 18:00:00,0.72,51.362656,1.0
2019-05-27 19:00:00,0.96,0.99392307,0.30916666666666665
2019-05-27 20:00:00,1.0,0.0,0.0
2019-05-27 21:00:00,0.99,0.0,0.0
2019-05-27 22:00:00,1.0,0.0,0.0
2019-05-27 23:00:00,1.0,0.0,0.0
2019-05-28 00:00:00,0.78,0.0,0.0
2019-05-28 01:00:00,1.0,0.0,0.0
2019-05-28 02:00:00,0.57,0.0,0.0
2019-05-28 03:00:00,0.79,0.0,0.0
2019-05-28 04:00:00,0.37,1.9878461,0.39222222222222225
2019-05-28 05:00:00,0.27,59.2608,1.0
2019-05-28 06:00:00,0.75,216.8814,1.0
2019-05-28 07:00:00,0.51,436.02484,1.0
2019-05-28 08:00:00,0.8,400.49008,1.0
2019-05-28 09:00:00,0.84,722.80115,1.0
2019-05-28 10:00:00,0.58,789.0438,1.0
2019-05-28 11:00:00,0.46,915.23236,1.0
2019-05-28 12:00:00,0.5,825.82764,1.0
2019-05-28 13:00:00,0.45,717.06836,1.0
2019-05-28 14:00:00,0.76,616.9503,1.0
2019-05-28 15:00:00,0.7,495.97992,1.0
2019-05-28 16:00:00,0.76,323.09842,1.0
2019-05-28 17:00:00,0.51,213.99182,1.0
2019-05-28 18:00:00,1.0,33.71086,1.0
2019-05-28 19:00:00,0.94,0.99392307,0.3225
2019-05-28 20:00:00,1.0,0.0,0.0
2019-05-28 21:00:00,1.0,0.0,0.0
2019-05-28 22:00:00,0.99,0.0,0.0
2019-05-28 23:00:00,0.99,0.0,0.0
2019-05-29 00:00:00,1.0,0.0,0.0
2019-05-29 01:00:00,0.97,0.0,0.0
2019-05-29 02:00:00,0.91,0.0,0.0
2019-05-29 03:00:00,0.51,0.0,0.0
2019-05-29 04:00:00,0.56,3.9756923,0.4008333333333333
2019-05-29 05:00:00,0.88,53.7496,1.0
2019-05-29 06:00:00,0.93,172.7626,1.0
2019-05-29 07:00:00,0.66,306.12268,1.0
2019-05-29 08:00:00,0.83,530.8803,1.0
2019-05-29 09:00:00,0.94,453.02188,1.0
2019-05-29 10:00:00,0.99,314.30032,1.0
2019-05-29 11:00:00,0.99,646.6945,1.0
2019-05-29 12:00:00,0.82,798.12427,1.0
2019-05-29 13:00:00,1.0,450.0226,1.0
2019-05-29 14:00:00,0.93,457.0025,1.0
2019-05-29 15:00:00,0.97,339.21213,1.0
2019-05-29 16:00:00,0.61,329.66827,1.0
2019-05-29 17:00:00,0.82,188.13072,1.0
2019-05-29 18:00:00,0.87,40.150925,1.0
2019-05-29 19:00:00,0.98,1.9878461,0.3358333333333333
2019-05-29 20:00:00,0.99,0.0,0.0
2019-05-29 21:00:00,1.0,0.0,0.0
2019-05-29 22:00:00,0.83,0.0,0.0
2019-05-29 23:00:00,0.96,0.0,0.0
2019-05-30 00:00:00,0.96,0.0,0.0
2019-05-30 01:00:00,0.92,0.0,0.0
2019-05-30 02:00:00,0.86,0.0,0.0
2019-05-30 03:00:00,0.52,0.0,0.0
2019-05-30 04:00:00,0.12,3.2366629,0.4088888888888889
2019-05-30 05:00:00,0.0,93.422035,1.0
2019-05-30 06:00:00,0.0,287.1803,1.0
2019-05-30 07:00:00,0.0,505.55826,1.0
2019-05-30 08:00:00,0.0,708.652,1.0
2019-05-30 09:00:00,0.0,874.09595,1.0
2019-05-30 10:00:00,0.01,970.21014,1.0
2019-05-30 11:00:00,0.34,968.0812,1.0
2019-05-30 12:00:00,0.55,916.3992,1.0
2019-05-30 13:00:00,0.3,842.8067,1.0
2019-05-30 14:00:00,0.36,766.3281,1.0
2019-05-30 15:00:00,0.8,587.0269,1.0
2019-05-30 16:00:00,0.81,325.8011,1.0
2019-05-30 17:00:00,0.9,176.6465,1.0
2019-05-30 18:00:00,0.9,49.688683,1.0
2019-05-30 19:00:00,0.91,1.9878461,0.3486111111111111
2019-05-30 20:00:00,0.71,0.0,0.0
2019-05-30 21:00:00,0.4,0.0,0.0
2019-05-30 22:00:00,0.32,0.0,0.0
2019-05-30 23:00:00,0.64,0.0,0.0
2019-05-31 00:00:00,0.71,0.0,0.0
2019-05-31 01:00:00,0.01,0.0,0.0
2019-05-31 02:00:00,0.01,0.0,0.0
2019-05-31 03:00:00,0.0,0.0,0.0
2019-05-31 04:00:00,0.0,4.2293305,0.41638888888888886
2019-05-31 05:00:00,0.0,94.17865,1.0
2019-05-31 06:00:00,0.0,288.9121,1.0
2019-05-31 07:00:00,0.0,505.28595,1.0
2019-05-31 08:00:00,0.0,709.4765,1.0
2019-05-31 09:00:00,0.24,851.42194,1.0
2019-05-31 10:00:00,0.32,867.2285,1.0
2019-05-31 11:00:00,0.24,932.9388,1.0
2019-05-31 12:00:00,0.42,898.2567,1.0
2019-05-31 13:00:00,0.53,652.7477,1.0
2019-05-31 14:00:00,0.49,476.57004,1.0
2019-05-31 15:00:00,0.69,524.0175,1.0
2019-05-31 16:00:00,0.8,365.28546,1.0
2019-05-31 17:00:00,0.72,187.59856,1.0
2019-05-31 18:00:00,0.42,50.05126,1.0
2019-05-31 19:00:00,0.26,2.981769,0.3611111111111111
2019-05-31 20:00:00,0.61,0.0,0.0
2019-05-31 21:00:00,0.21,0.0,0.0
2019-05-31 22:00:00,0.1,0.0,0.0
2019-05-31 23:00:00,0.0,0.0,0.0
2019-06-01 00:00:00,0.0,0.0,0.0
2019-06-01 01:00:00,0.0,0.0,0.0
2019-06-01 02:00:00,0.0,0.0,0.0
2019-06-01 03:00:00,0.0,0.0,0.0
2019-06-01 04:00:00,0.0,4.2278433,0.4236111111111111
2019-06-01 05:00:00,0.0,90.058975,1.0
2019-06-01 06:00:00,0.0,281.56058,1.0
2019-06-01 07:00:00,0.01,487.79352,1.0
2019-06-01 08:00:00,0.11,689.64465,1.0
2019-06-01 09:00:00,0.05,847.0631,1.0
2019-06-01 10:00:00,0.17,918.28033,1.0
2019-06-01 11:00:00,0.44,897.65515,1.0
2019-06-01 12:00:00,0.69,642.0302,1.0
2019-06-01 13:00:00,0.5,540.9784,1.0
2019-06-01 14:00:00,0.65,637.1116,1.0
2019-06-01 15:00:00,0.49,449.91043,1.0
2019-06-01 16:00:00,0.52,364.96548,1.0
2019-06-01 17:00:00,0.69,201.57013,1.0
2019-06-01 18:00:00,0.18,51.470966,1.0
2019-06-01 19:00:00,0.06,1.9893655,0.37333333333333335
2019-06-01 20:00:00,0.15,0.0,0.0
2019-06-01 21:00:00,0.1,0.0,0.0
2019-06-01 22:00:00,0.12,0.0,0.0
2019-06-01 23:00:00,0.07,0.0,0.0
2019-06-02 00:00:00,0.03,0.0,0.0
2019-06-02 01:00:00,0.0,0.0,0.0
2019-06-02 02:00:00,0.0,0.0,0.0
2019-06-02 03:00:00,0.0,0.0,0.0
2019-06-02 04:00:00,0.14,4.226154,0.43027777777777776
2019-06-02 05:00:00,0.69,85.82693,1.0
2019-06-02 06:00:00,0.39,256.0595,1.0
2019-06-02 07:00:00,0.48,455.6681,1.0
2019-06-02 08:00:00,0.28,649.968,1.0
2019-06-02 09:00:00,0.28,827.41144,1.0
2019-06-02 10:00:00,0.08,928.7608,1.0
2019-06-02 11:00:00,0.55,938.30255,1.0
2019-06-02 12:00:00,0.47,871.3906,1.0
2019-06-02 13:00:00,0.53,643.2629,1.0
2019-06-02 14:00:00,0.83,658.9625,1.0
2019-06-02 15:00:00,0.75,476.96884,1.0
2019-06-02 16:00:00,1.0,291.11444,1.0
2019-06-02 17:00:00,0.95,211.38489,1.0
2019-06-02 18:00:00,0.01,55.581192,1.0
2019-06-02 19:00:00,0.08,1.9893655,0.3852777777777778
2019-06-02 20:00:00,0.75,0.0,0.0
2019-06-02 21:00:00,0.13,0.0,0.0
2019-06-02 22:00:00,0.09,0.0,0.0
2019-06-02 23:00:00,0.04,0.0,0.0
2019-06-03 00:00:00,0.25,0.0,0.0
2019-06-03 01:00:00,0.37,0.0,0.0
2019-06-03 02:00:00,0.54,0.0,0.0
2019-06-03 03:00:00,0.51,0.0,0.0
2019-06-03 04:00:00,0.91,4.224259,0.4363888888888889
2019-06-03 05:00:00,0.64,87.440506,1.0
2019-06-03 06:00:00,0.88,235.64272,1.0
2019-06-03 07:00:00,0.85,455.05225,1.0
2019-06-03 08:00:00,0.23,668.2562,1.0
2019-06-03 09:00:00,0.06,820.12854,1.0
2019-06-03 10:00:00,0.09,937.02655,1.0
2019-06-03 11:00:00,0.23,926.01965,1.0
2019-06-03 12:00:00,0.46,858.6257,1.0
2019-06-03 13:00:00,0.66,726.7938,1.0
2019-06-03 14:00:00,0.75,515.06824,1.0
2019-06-03 15:00:00,0.91,356.4478,1.0
2019-06-03 16:00:00,0.61,282.85867,1.0
2019-06-03 17:00:00,0.78,193.57742,1.0
2019-06-03 18:00:00,0.34,54.461536,1.0
2019-06-03 19:00:00,0.36,1.9893655,0.39666666666666667
2019-06-03 20:00:00,0.0,0.0,0.0
2019-06-03 21:00:00,0.08,0.0,0.0
2019-06-03 22:00:00,0.0,0.0,0.0
2019-06-03 23:00:00,0.56,0.0,0.0
2019-06-04 00:00:00,0.05,0.0,0.0
2019-06-04 01:00:00,0.0,0.0,0.0
2019-06-04 02:00:00,0.0,0.0,0.0
2019-06-04 03:00:00,0.0,0.0,0.0
2019-06-04 04:00:00,0.0,3.4748201,0.4419444444444444
2019-06-04 05:00:00,0.0,96.20274,1.0
2019-06-04 06:00:00,0.0,290.9084,1.0
2019-06-04 07:00:00,0.0,505.0494,1.0
2019-06-04 08:00:00,0.0,704.9734,1.0
2019-06-04 09:00:00,0.35,814.4008,1.0
2019-06-04 10:00:00,0.33,802.1289,1.0
2019-06-04 11:00:00,0.33,830.60236,1.0
2019-06-04 12:00:00,0.38,830.93536,1.0
2019-06-04 13:00:00,0.68,726.94,1.0
2019-06-04 14:00:00,0.71,610.0996,1.0
2019-06-04 15:00:00,0.75,478.49872,1.0
2019-06-04 16:00:00,0.63,353.45218,1.0
2019-06-04 17:00:00,0.58,196.45879,1.0
2019-06-04 18:00:00,0.4,58.48534,1.0
2019-06-04 19:00:00,0.66,2.9832883,0.4077777777777778
2019-06-04 20:00:00,0.49,0.0,0.0
2019-06-04 21:00:00,0.38,0.0,0.0
2019-06-04 22:00:00,0.14,0.0,0.0
2019-06-04 23:00:00,0.13,0.0,0.0
2019-06-05 00:00:00,0.59,0.0,0.0
2019-06-05 01:00:00,0.86,0.0,0.0
2019-06-05 02:00:00,0.69,0.0,0.0
2019-06-05 03:00:00,0.0,0.0,0.0
2019-06-05 04:00:00,0.06,4.219991,0.4469444444444444
2019-06-05 05:00:00,0.31,93.834335,1.0
2019-06-05 06:00:00,0.01,282.6561,1.0
2019-06-05 07:00:00,0.01,494.2442,1.0
2019-06-05 08:00:00,0.01,693.86115,1.0
2019-06-05 09:00:00,0.0,833.3759,1.0
2019-06-05 10:00:00,0.03,951.1219,1.0
2019-06-05 11:00:00,0.2,939.9159,1.0
2019-06-05 12:00:00,0.17,855.1447,1.0
2019-06-05 13:00:00,0.44,705.86536,1.0
2019-06-05 14:00:00,0.8,497.14896,1.0
2019-06-05 15:00:00,0.93,390.46988,1.0
2019-06-05 16:00:00,0.97,249.55045,1.0
2019-06-05 17:00:00,0.97,76.80369,1.0
2019-06-05 18:00:00,1.0,34.787308,1.0
2019-06-05 19:00:00,1.0,1.9878461,0.41833333333333333
2019-06-05 20:00:00,0.99,0.0,0.0
2019-06-05 21:00:00,0.93,0.0,0.0
2019-06-05 22:00:00,0.76,0.0,0.0
2019-06-05 23:00:00,0.54,0.0,0.0
2019-06-06 00:00:00,0.23,0.0,0.0
2019-06-06 01:00:00,0.01,0.0,0.0
2019-06-06 02:00:00,0.0,0.0,0.0
2019-06-06 03:00:00,0.0,0.0,0.0
2019-06-06 04:00:00,0.0,4.2176094,0.45166666666666666
2019-06-06 05:00:00,0.0,94.596405,1.0
2019-06-06 06:00:00,0.0,283.45667,1.0
2019-06-06 07:00:00,0.0,496.0562,1.0
2019-06-06 08:00:00,0.0,694.79254,1.0
2019-06-06 09:00:00,0.0,799.96356,1.0
2019-06-06 10:00:00,0.0,879.19037,1.0
2019-06-06 11:00:00,0.09,935.07477,1.0
2019-06-06 12:00:00,0.41,938.39905,1.0
2019-06-06 13:00:00,0.35,822.8322,1.0
2019-06-06 14:00:00,0.37,726.50616,1.0
2019-06-06 15:00:00,0.62,546.8832,1.0
2019-06-06 16:00:00,0.28,341.15833,1.0
2019-06-06 17:00:00,0.32,205.2373,1.0
2019-06-06 18:00:00,0.28,61.38176,1.0
2019-06-06 19:00:00,0.26,3.9772115,0.42833333333333334
2019-06-06 20:00:00,0.12,0.0,0.0
2019-06-06 21:00:00,0.18,0.0,0.0
2019-06-06 22:00:00,0.08,0.0,0.0
2019-06-06 23:00:00,0.02,0.0,0.0
2019-06-07 00:00:00,0.01,0.0,0.0
2019-06-07 01:00:00,0.0,0.0,0.0
2019-06-07 02:00:00,0.0,0.0,0.0
2019-06-07 03:00:00,0.0,0.0,0.0
2019-06-07 04:00:00,0.0,4.4545264,0.45555555555555555
2019-06-07 05:00:00,0.32,96.207054,1.0
2019-06-07 06:00:00,0.26,286.26297,1.0
2019-06-07 07:00:00,0.56,497.926,1.0
2019-06-07 08:00:00,0.39,696.6778,1.0
2019-06-07 09:00:00,0.18,845.52576,1.0
2019-06-07 10:00:00,0.78,783.9348,1.0
2019-06-07 11:00:00,0.17,934.6574,1.0
2019-06-07 12:00:00,0.5,760.2766,1.0
2019-06-07 13:00:00,0.83,671.8885,1.0
2019-06-07 14:00:00,0.59,565.16455,1.0
2019-06-07 15:00:00,0.55,440.2986,1.0
2019-06-07 16:00:00,0.83,320.2124,1.0
2019-06-07 17:00:00,0.87,192.93758,1.0
2019-06-07 18:00:00,0.75,63.22129,1.0
2019-06-07 19:00:00,0.63,3.9772115,0.43805555555555553
2019-06-07 20:00:00,0.69,0.0,0.0
2019-06-07 21:00:00,0.54,0.0,0.0
2019-06-07 22:00:00,0.21,0.0,0.0
2019-06-07 23:00:00,0.65,0.0,0.0
2019-06-08 00:00:00,0.65,0.0,0.0
2019-06-08 01:00:00,0.0,0.0,0.0
2019-06-08 02:00:00,0.0,0.0,0.0
2019-06-08 03:00:00,0.97,0.0,0.0
2019-06-08 04:00:00,0.95,4.9696155,0.45916666666666667
2019-06-08 05:00:00,0.94,83.09945,1.0
2019-06-08 06:00:00,1.0,220.01001,1.0
2019-06-08 07:00:00,0.8,435.65085,1.0
2019-06-08 08:00:00,0.0,700.7905,1.0
2019-06-08 09:00:00,0.57,804.10565,1.0
2019-06-08 10:00:00,0.31,779.1772,1.0
2019-06-08 11:00:00,0.13,942.968,1.0
2019-06-08 12:00:00,0.29,821.3042,1.0
2019-06-08 13:00:00,0.7,679.05,1.0
2019-06-08 14:00:00,0.4,683.9197,1.0
2019-06-08 15:00:00,0.7,545.56616,1.0
2019-06-08 16:00:00,0.38,398.80667,1.0
2019-06-08 17:00:00,0.39,203.12753,1.0
2019-06-08 18:00:00,0.31,57.323353,1.0
2019-06-08 19:00:00,1.0,0.99392307,0.44722222222222224
2019-06-08 20:00:00,1.0,0.0,0.0
2019-06-08 21:00:00,1.0,0.0,0.0
2019-06-08 22:00:00,1.0,0.0,0.0
2019-06-08 23:00:00,1.0,0.0,0.0
2019-06-09 00:00:00,1.0,0.0,0.0
2019-06-09 01:00:00,1.0,0.0,0.0
2019-06-09 02:00:00,1.0,0.0,0.0
2019-06-09 03:00:00,0.99,0.0,0.0
2019-06-09 04:00:00,0.96,0.99392307,0.46194444444444444
2019-06-09 05:00:00,1.0,21.274311,1.0
2019-06-09 06:00:00,0.98,59.635384,1.0
2019-06-09 07:00:00,0.99,93.805695,1.0
2019-06-09 08:00:00,0.99,176.36621,1.0
2019-06-09 09:00:00,0.98,208.48659,1.0
2019-06-09 10:00:00,1.0,454.07367,1.0
2019-06-09 11:00:00,1.0,661.7486,1.0
2019-06-09 12:00:00,1.0,569.54944,1.0
2019-06-09 13:00:00,0.7,685.6459,1.0
2019-06-09 14:00:00,0.67,657.0565,1.0
2019-06-09 15:00:00,0.12,588.9539,1.0
2019-06-09 16:00:00,0.0,443.57245,1.0
2019-06-09 17:00:00,0.0,230.24683,1.0
2019-06-09 18:00:00,0.16,63.42169,1.0
2019-06-09 19:00:00,0.0,3.9772115,0.45611111111111113
2019-06-09 20:00:00,0.01,0.0,0.0
2019-06-09 21:00:00,0.02,0.0,0.0
2019-06-09 22:00:00,0.59,0.0,0.0
2019-06-09 23:00:00,0.56,0.0,0.0
2019-06-10 00:00:00,0.82,0.0,0.0
2019-06-10 01:00:00,0.9,0.0,0.0
2019-06-10 02:00:00,0.91,0.0,0.0
2019-06-10 03:00:00,0.89,0.0,0.0
2019-06-10 04:00:00,0.75,5.19998,0.46416666666666667
2019-06-10 05:00:00,0.16,90.38206,1.0
2019-06-10 06:00:00,0.31,284.7127,1.0
2019-06-10 07:00:00,0.0,505.30536,1.0
2019-06-10 08:00:00,0.0,713.8546,1.0
2019-06-10 09:00:00,0.0,880.36615,1.0
2019-06-10 10:00:00,0.0,995.83026,1.0
2019-06-10 11:00:00,0.01,1033.4044,1.0
2019-06-10 12:00:00,0.06,975.7758,1.0
2019-06-10 13:00:00,0.28,939.4502,1.0
2019-06-10 14:00:00,0.2,800.1124,1.0
2019-06-10 15:00:00,0.49,651.54785,1.0
2019-06-10 16:00:00,0.99,435.48654,1.0
2019-06-10 17:00:00,0.96,226.72856,1.0
2019-06-10 18:00:00,0.4,62.407475,1.0
2019-06-10 19:00:00,0.1,3.978731,0.4647222222222222
2019-06-10 20:00:00,0.0,0.0,0.0
2019-06-10 21:00:00,0.0,0.0,0.0
2019-06-10 22:00:00,0.0,0.0,0.0
2019-06-10 23:00:00,0.01,0.0,0.0
2019-06-11 00:00:00,0.0,0.0,0.0
2019-06-11 01:00:00,0.0,0.0,0.0
2019-06-11 02:00:00,0.0,0.0,0.0
2019-06-11 03:00:00,0.52,0.0,0.0
2019-06-11 04:00:00,0.81,5.19627,0.4658333333333333
2019-06-11 05:00:00,0.63,97.99164,1.0
2019-06-11 06:00:00,0.8,269.60483,1.0
2019-06-11 07:00:00,0.5,509.7433,1.0
2019-06-11 08:00:00,0.0,709.9975,1.0
2019-06-11 09:00:00,0.0,872.3816,1.0
2019-06-11 10:00:00,0.73,983.70667,1.0
2019-06-11 11:00:00,0.77,944.3748,1.0
2019-06-11 12:00:00,0.65,862.0486,1.0
2019-06-11 13:00:00,0.74,804.4235,1.0
2019-06-11 14:00:00,0.43,705.18744,1.0
2019-06-11 15:00:00,0.48,533.1552,1.0
2019-06-11 16:00:00,0.32,411.05957,1.0
2019-06-11 17:00:00,0.38,210.72246,1.0
2019-06-11 18:00:00,0.72,59.698116,1.0
2019-06-11 19:00:00,1.0,3.9772115,0.47305555555555556
2019-06-11 20:00:00,0.99,0.0,0.0
2019-06-11 21:00:00,1.0,0.0,0.0
2019-06-11 22:00:00,1.0,0.0,0.0
2019-06-11 23:00:00,0.99,0.0,0.0
2019-06-12 00:00:00,0.75,0.0,0.0
2019-06-12 01:00:00,1.0,0.0,0.0
2019-06-12 02:00:00,1.0,0.0,0.0
2019-06-12 03:00:00,0.96,0.0,0.0
2019-06-12 04:00:00,0.83,2.981769,0.46694444444444444
2019-06-12 05:00:00,1.0,73.87961,1.0
2019-06-12 06:00:00,0.44,229.70483,1.0
2019-06-12 07:00:00,0.94,387.5938,1.0
2019-06-12 08:00:00,0.81,598.7315,1.0
2019-06-12 09:00:00,0.74,646.6939,1.0
2019-06-12 10:00:00,0.71,755.48505,1.0
2019-06-12 11:00:00,0.98,720.8598,1.0
2019-06-12 12:00:00,0.09,881.2394,1.0
2019-06-12 13:00:00,0.19,758.5933,1.0
2019-06-12 14:00:00,0.06,717.0189,1.0
2019-06-12 15:00:00,0.09,602.46826,1.0
2019-06-12 16:00:00,0.58,388.76093,1.0
2019-06-12 17:00:00,0.5,182.22868,1.0
2019-06-12 18:00:00,0.34,57.967426,1.0
2019-06-12 19:00:00,0.21,3.978731,0.48083333333333333
2019-06-12 20:00:00,0.9,0.0,0.0
2019-06-12 21:00:00,0.95,0.0,0.0
2019-06-12 22:00:00,0.89,0.0,0.0
2019-06-12 23:00:00,0.95,0.0,0.0
2019-06-13 00:00:00,0.98,0.0,0.0
2019-06-13 01:00:00,0.98,0.0,0.0
2019-06-13 02:00:00,0.93,0.0,0.0
2019-06-13 03:00:00,0.93,0.0,0.0
2019-06-13 04:00:00,0.0,4.412216,0.4675
2019-06-13 05:00:00,0.0,96.89079,1.0
2019-06-13 06:00:00,0.0,287.26584,1.0
2019-06-13 07:00:00,0.04,500.24265,1.0
2019-06-13 08:00:00,0.16,692.70355,1.0
2019-06-13 09:00:00,0.25,828.65936,1.0
2019-06-13 10:00:00,0.31,917.8478,1.0
2019-06-13 11:00:00,0.45,966.2007,1.0
2019-06-13 12:00:00,0.29,825.2615,1.0
2019-06-13 13:00:00,0.68,799.489,1.0
2019-06-13 14:00:00,0.59,689.608,1.0
2019-06-13 15:00:00,0.66,493.9921,1.0
2019-06-13 16:00:00,0.7,416.39426,1.0
2019-06-13 17:00:00,0.68,193.58577,1.0
2019-06-13 18:00:00,0.98,51.89317,1.0
2019-06-13 19:00:00,1.0,2.981769,0.48833333333333334
2019-06-13 20:00:00,1.0,0.0,0.0
2019-06-13 21:00:00,1.0,0.0,0.0
2019-06-13 22:00:00,1.0,0.0,0.0
2019-06-13 23:00:00,1.0,0.0,0.0
2019-06-14 00:00:00,1.0,0.0,0.0
2019-06-14 01:00:00,0.9,0.0,0.0
2019-06-14 02:00:00,0.67,0.0,0.0
2019-06-14 03:00:00,1.0,0.0,0.0
2019-06-14 04:00:00,1.0,2.981769,0.4675
2019-06-14 05:00:00,0.99,84.21111,1.0
2019-06-14 06:00:00,0.37,271.24237,1.0
2019-06-14 07:00:00,0.83,457.56158,1.0
2019-06-14 08:00:00,0.99,587.25037,1.0
2019-06-14 09:00:00,0.91,771.09784,1.0
2019-06-14 10:00:00,0.35,761.97784,1.0
2019-06-14 11:00:00,0.9,783.48145,1.0
2019-06-14 12:00:00,0.56,745.22095,1.0
2019-06-14 13:00:00,0.6,749.712,1.0
2019-06-14 14:00:00,0.69,346.4521,1.0
2019-06-14 15:00:00,0.99,432.98892,1.0
2019-06-14 16:00:00,0.99,387.5326,1.0
2019-06-14 17:00:00,1.0,172.38782,1.0
2019-06-14 18:00:00,0.96,63.058704,1.0
2019-06-14 19:00:00,0.94,4.9711347,0.4955555555555556
2019-06-14 20:00:00,0.97,0.0,0.0
2019-06-14 21:00:00,1.0,0.0,0.0
2019-06-14 22:00:00,1.0,0.0,0.0
2019-06-14 23:00:00,1.0,0.0,0.0
2019-06-15 00:00:00,0.99,0.0,0.0
2019-06-15 01:00:00,0.68,0.0,0.0
2019-06-15 02:00:00,0.36,0.0,0.0
2019-06-15 03:00:00,0.04,0.0,0.0
2019-06-15 04:00:00,0.14,4.1843576,0.46694444444444444
2019-06-15 05:00:00,0.02,91.45946,1.0
2019-06-15 06:00:00,0.19,277.07486,1.0
2019-06-15 07:00:00,0.22,474.0532,1.0
2019-06-15 08:00:00,0.42,638.23883,1.0
2019-06-15 09:00:00,0.66,691.28143,1.0
2019-06-15 10:00:00,0.58,893.2471,1.0
2019-06-15 11:00:00,0.66,946.16174,1.0
2019-06-15 12:00:00,0.66,948.6311,1.0
2019-06-15 13:00:00,0.51,655.00586,1.0
2019-06-15 14:00:00,0.66,485.2466,1.0
2019-06-15 15:00:00,0.96,414.23615,1.0
2019-06-15 16:00:00,0.99,229.78955,1.0
2019-06-15 17:00:00,0.99,172.62874,1.0
2019-06-15 18:00:00,0.68,64.096016,1.0
2019-06-15 19:00:00,0.35,4.972654,0.5025
2019-06-15 20:00:00,0.12,0.0,0.0
2019-06-15 21:00:00,0.05,0.0,0.0
2019-06-15 22:00:00,0.04,0.0,0.0
2019-06-15 23:00:00,0.01,0.0,0.0
2019-06-16 00:00:00,0.0,0.0,0.0
2019-06-16 01:00:00,0.0,0.0,0.0
2019-06-16 02:00:00,0.0,0.0,0.0
2019-06-16 03:00:00,0.0,0.0,0.0
2019-06-16 04:00:00,0.0,4.3826694,0.4658333333333333
2019-06-16 05:00:00,0.0,93.41086,1.0
2019-06-16 06:00:00,0.15,271.0147,1.0
2019-06-16 07:00:00,0.03,487.04156,1.0
2019-06-16 08:00:00,0.0,685.96344,1.0
2019-06-16 09:00:00,0.31,809.4764,1.0
2019-06-16 10:00:00,0.36,902.90967,1.0
2019-06-16 11:00:00,0.24,916.4303,1.0
2019-06-16 12:00:00,0.68,841.13,1.0
2019-06-16 13:00:00,0.88,563.24225,1.0
2019-06-16 14:00:00,0.77,515.9724,1.0
2019-06-16 15:00:00,0.8,457.66153,1.0
2019-06-16 16:00:00,0.95,221.85493,1.0
2019-06-16 17:00:00,0.89,170.7519,1.0
2019-06-16 18:00:00,0.9,66.2777,1.0
2019-06-16 19:00:00,0.92,5.963538,0.5088888888888888
2019-06-16 20:00:00,0.95,0.0,0.0
2019-06-16 21:00:00,0.98,0.0,0.0
2019-06-16 22:00:00,0.83,0.0,0.0
2019-06-16 23:00:00,0.62,0.0,0.0
2019-06-17 00:00:00,0.38,0.0,0.0
2019-06-17 01:00:00,0.06,0.0,0.0
2019-06-17 02:00:00,0.08,0.0,0.0
2019-06-17 03:00:00,0.3,0.0,0.0
2019-06-17 04:00:00,0.33,3.3778987,0.46416666666666667
2019-06-17 05:00:00,0.08,81.28248,1.0
2019-06-17 06:00:00,1.0,136.07803,1.0
2019-06-17 07:00:00,1.0,124.24039,1.0
2019-06-17 08:00:00,1.0,251.68695,1.0
2019-06-17 09:00:00,1.0,516.5831,1.0
2019-06-17 10:00:00,1.0,664.2808,1.0
2019-06-17 11:00:00,0.95,543.3154,1.0
2019-06-17 12:00:00,0.98,511.4254,1.0
2019-06-17 13:00:00,0.78,689.92303,1.0
2019-06-17 14:00:00,0.84,512.91864,1.0
2019-06-17 15:00:00,0.99,350.0771,1.0
2019-06-17 16:00:00,0.98,309.5576,1.0
2019-06-17 17:00:00,0.96,169.7513,1.0
2019-06-17 18:00:00,0.82,69.79595,1.0
2019-06-17 19:00:00,0.8,4.9711347,0.5147222222222222
2019-06-17 20:00:00,0.62,0.0,0.0
2019-06-17 21:00:00,0.71,0.0,0.0
2019-06-17 22:00:00,1.0,0.0,0.0
2019-06-17 23:00:00,1.0,0.0,0.0
2019-06-18 00:00:00,1.0,0.0,0.0
2019-06-18 01:00:00,1.0,0.0,0.0
2019-06-18 02:00:00,1.0,0.0,0.0
2019-06-18 03:00:00,0.99,0.0,0.0
2019-06-18 04:00:00,1.0,3.9756923,0.46194444444444444
2019-06-18 05:00:00,0.99,33.632484,1.0
2019-06-18 06:00:00,0.99,231.23679,1.0
2019-06-18 07:00:00,0.94,346.3924,1.0
2019-06-18 08:00:00,0.98,500.70447,1.0
2019-06-18 09:00:00,0.98,445.78134,1.0
2019-06-18 10:00:00,0.98,427.26056,1.0
2019-06-18 11:00:00,1.0,504.46054,1.0
2019-06-18 12:00:00,0.97,533.7663,1.0
2019-06-18 13:00:00,0.91,518.6375,1.0
2019-06-18 14:00:00,0.99,403.97635,1.0
2019-06-18 15:00:00,0.97,219.06773,1.0
2019-06-18 16:00:00,0.93,347.29178,1.0
2019-06-18 17:00:00,0.92,145.38306,1.0
2019-06-18 18:00:00,0.95,29.120584,1.0
2019-06-18 19:00:00,0.87,2.981769,0.5202777777777777
2019-06-18 20:00:00,0.69,0.0,0.0
2019-06-18 21:00:00,0.57,0.0,0.0
2019-06-18 22:00:00,0.84,0.0,0.0
2019-06-18 23:00:00,0.93,0.0,0.0
2019-06-19 00:00:00,0.69,0.0,0.0
2019-06-19 01:00:00,0.49,0.0,0.0
2019-06-19 02:00:00,0.69,0.0,0.0
2019-06-19 03:00:00,0.64,0.0,0.0
2019-06-19 04:00:00,0.92,4.9696155,0.45944444444444443
2019-06-19 05:00:00,0.99,44.239624,1.0
2019-06-19 06:00:00,1.0,186.67651,1.0
2019-06-19 07:00:00,0.27,487.9236,1.0
2019-06-19 08:00:00,0.01,687.97144,1.0
2019-06-19 09:00:00,0.18,823.10175,1.0
2019-06-19 10:00:00,0.25,923.1811,1.0
2019-06-19 11:00:00,0.37,881.32025,1.0
2019-06-19 12:00:00,0.27,890.1664,1.0
2019-06-19 13:00:00,0.43,818.01215,1.0
2019-06-19 14:00:00,0.72,688.65533,1.0
2019-06-19 15:00:00,0.54,508.80673,1.0
2019-06-19 16:00:00,0.49,435.62985,1.0
2019-06-19 17:00:00,0.61,229.80487,1.0
2019-06-19 18:00:00,1.0,71.22602,1.0
2019-06-19 19:00:00,1.0,5.963538,0.5252777777777777
2019-06-19 20:00:00,1.0,0.0,0.0
2019-06-19 21:00:00,1.0,0.0,0.0
2019-06-19 22:00:00,1.0,0.0,0.0
2019-06-19 23:00:00,0.86,0.0,0.0
2019-06-20 00:00:00,0.05,0.0,0.0
2019-06-20 01:00:00,0.01,0.0,0.0
2019-06-20 02:00:00,0.0,0.0,0.0
2019-06-20 03:00:00,0.0,0.0,0.0
2019-06-20 04:00:00,0.0,3.34262,0.4563888888888889
2019-06-20 05:00:00,0.2,93.21942,1.0
2019-06-20 06:00:00,0.44,267.7264,1.0
2019-06-20 07:00:00,0.38,490.08087,1.0
2019-06-20 08:00:00,0.81,669.8645,1.0
2019-06-20 09:00:00,0.38,797.91174,1.0
2019-06-20 10:00:00,0.25,918.46765,1.0
2019-06-20 11:00:00,0.31,918.9003,1.0
2019-06-20 12:00:00,0.63,767.1582,1.0
2019-06-20 13:00:00,0.5,737.7684,1.0
2019-06-20 14:00:00,0.44,571.8111,1.0
2019-06-20 15:00:00,0.52,507.9454,1.0
2019-06-20 16:00:00,0.65,371.64725,1.0
2019-06-20 17:00:00,0.44,172.1617,1.0
2019-06-20 18:00:00,0.95,69.3102,1.0
2019-06-20 19:00:00,0.98,4.9696155,0.5297222222222222
2019-06-20 20:00:00,1.0,0.0,0.0
2019-06-20 21:00:00,1.0,0.0,0.0
2019-06-20 22:00:00,0.41,0.0,0.0
2019-06-20 23:00:00,0.0,0.0,0.0
2019-06-21 00:00:00,0.04,0.0,0.0
2019-06-21 01:00:00,0.12,0.0,0.0
2019-06-21 02:00:00,0.19,0.0,0.0
2019-06-21 03:00:00,0.09,0.0,0.0
2019-06-21 04:00:00,0.02,4.1498475,0.4527777777777778
2019-06-21 05:00:00,0.03,88.82588,1.0
2019-06-21 06:00:00,0.25,222.18054,1.0
2019-06-21 07:00:00,0.28,407.98608,1.0
2019-06-21 08:00:00,0.11,636.92334,1.0
2019-06-21 09:00:00,0.36,627.22144,1.0
2019-06-21 10:00:00,0.89,565.0187,1.0
2019-06-21 11:00:00,0.99,402.8032,1.0
2019-06-21 12:00:00,1.0,277.30453,1.0
2019-06-21 13:00:00,1.0,175.9244,1.0
2019-06-21 14:00:00,0.81,461.4163,1.0
2019-06-21 15:00:00,1.0,346.2016,1.0
2019-06-21 16:00:00,0.99,215.52832,1.0
2019-06-21 17:00:00,0.93,42.738693,1.0
2019-06-21 18:00:00,1.0,17.890615,1.0
2019-06-21 19:00:00,1.0,0.99392307,0.5336111111111111
2019-06-21 20:00:00,1.0,0.0,0.0
2019-06-21 21:00:00,0.99,0.0,0.0
2019-06-21 22:00:00,1.0,0.0,0.0
2019-06-21 23:00:00,0.98,0.0,0.0
2019-06-22 00:00:00,0.99,0.0,0.0
2019-06-22 01:00:00,1.0,0.0,0.0
2019-06-22 02:00:00,1.0,0.0,0.0
2019-06-22 03:00:00,1.0,0.0,0.0
2019-06-22 04:00:00,1.0,1.9878461,0.4488888888888889
2019-06-22 05:00:00,1.0,8.945308,1.0
2019-06-22 06:00:00,1.0,21.866308,1.0
2019-06-22 07:00:00,1.0,131.19785,1.0
2019-06-22 08:00:00,0.99,323.46967,1.0
2019-06-22 09:00:00,0.47,821.20465,1.0
2019-06-22 10:00:00,1.0,724.6273,1.0
2019-06-22 11:00:00,0.72,783.92444,1.0
2019-06-22 12:00:00,0.63,640.6022,1.0
2019-06-22 13:00:00,0.88,457.77374,1.0
2019-06-22 14:00:00,1.0,190.7508,1.0
2019-06-22 15:00:00,1.0,43.732616,1.0
2019-06-22 16:00:00,0.99,133.93874,1.0
2019-06-22 17:00:00,0.96,56.425224,1.0
2019-06-22 18:00:00,0.99,24.744867,1.0
2019-06-22 19:00:00,0.99,2.981769,0.5372222222222223
2019-06-22 20:00:00,1.0,0.0,0.0
2019-06-22 21:00:00,1.0,0.0,0.0
2019-06-22 22:00:00,0.98,0.0,0.0
2019-06-22 23:00:00,0.98,0.0,0.0
2019-06-23 00:00:00,1.0,0.0,0.0
2019-06-23 01:00:00,0.97,0.0,0.0
2019-06-23 02:00:00,0.14,0.0,0.0
2019-06-23 03:00:00,0.12,0.0,0.0
2019-06-23 04:00:00,0.01,3.3039122,0.44472222222222224
2019-06-23 05:00:00,0.09,94.62555,1.0
2019-06-23 06:00:00,0.01,291.31244,1.0
2019-06-23 07:00:00,0.72,425.92337,1.0
2019-06-23 08:00:00,0.99,348.37192,1.0
2019-06-23 09:00:00,1.0,240.4949,1.0
2019-06-23 10:00:00,0.99,656.5309,1.0
2019-06-23 11:00:00,0.57,741.39764,1.0
2019-06-23 12:00:00,0.79,690.8419,1.0
2019-06-23 13:00:00,0.91,552.0222,1.0
2019-06-23 14:00:00,0.46,729.23846,1.0
2019-06-23 15:00:00,0.49,555.8647,1.0
2019-06-23 16:00:00,0.28,416.26266,1.0
2019-06-23 17:00:00,0.16,234.14207,1.0
2019-06-23 18:00:00,0.14,67.545105,1.0
2019-06-23 19:00:00,0.01,4.974173,0.54
2019-06-23 20:00:00,0.0,0.0,0.0
2019-06-23 21:00:00,0.35,0.0,0.0
2019-06-23 22:00:00,0.37,0.0,0.0
2019-06-23 23:00:00,0.0,0.0,0.0
2019-06-24 00:00:00,0.0,0.0,0.0
2019-06-24 01:00:00,0.0,0.0,0.0
2019-06-24 02:00:00,0.13,0.0,0.0
2019-06-24 03:00:00,0.28,0.0,0.0
2019-06-24 04:00:00,0.3,4.1299477,0.44
2019-06-24 05:00:00,0.67,83.3527,1.0
2019-06-24 06:00:00,0.53,205.09933,1.0
2019-06-24 07:00:00,0.16,477.81323,1.0
2019-06-24 08:00:00,0.26,552.94617,1.0
2019-06-24 09:00:00,0.92,731.48627,1.0
2019-06-24 10:00:00,1.0,829.39294,1.0
2019-06-24 11:00:00,1.0,848.0462,1.0
2019-06-24 12:00:00,1.0,778.41187,1.0
2019-06-24 13:00:00,0.92,807.0982,1.0
2019-06-24 14:00:00,0.98,640.50146,1.0
2019-06-24 15:00:00,0.82,529.51996,1.0
2019-06-24 16:00:00,1.0,423.36255,1.0
2019-06-24 17:00:00,0.45,195.92987,1.0
2019-06-24 18:00:00,0.21,65.79556,1.0
2019-06-24 19:00:00,0.07,4.974173,0.5422222222222223
2019-06-24 20:00:00,0.16,0.0,0.0
2019-06-24 21:00:00,0.03,0.0,0.0
2019-06-24 22:00:00,0.16,0.0,0.0
2019-06-24 23:00:00,0.87,0.0,0.0
2019-06-25 00:00:00,0.0,0.0,0.0
2019-06-25 01:00:00,0.0,0.0,0.0
2019-06-25 02:00:00,0.0,0.0,0.0
2019-06-25 03:00:00,0.05,0.0,0.0
2019-06-25 04:00:00,0.29,4.1230145,0.43472222222222223
2019-06-25 05:00:00,0.0,91.316574,1.0
2019-06-25 06:00:00,0.0,282.33734,1.0
2019-06-25 07:00:00,0.29,488.75818,1.0
2019-06-25 08:00:00,0.28,681.5761,1.0
2019-06-25 09:00:00,0.27,808.49805,1.0
2019-06-25 10:00:00,0.5,765.6326,1.0
2019-06-25 11:00:00,0.84,937.70044,1.0
2019-06-25 12:00:00,0.93,724.27936,1.0
2019-06-25 13:00:00,0.86,597.0466,1.0
2019-06-25 14:00:00,0.92,397.19394,1.0
2019-06-25 15:00:00,0.88,509.093,1.0
2019-06-25 16:00:00,0.95,322.06238,1.0
2019-06-25 17:00:00,0.92,179.69925,1.0
2019-06-25 18:00:00,0.95,69.67759,1.0
2019-06-25 19:00:00,0.85,5.9665766,0.5441666666666667
2019-06-25 20:00:00,0.1,0.0,0.0
2019-06-25 21:00:00,0.2,0.0,0.0
2019-06-25 22:00:00,0.28,0.0,0.0
2019-06-25 23:00:00,0.83,0.0,0.0
2019-06-26 00:00:00,0.71,0.0,0.0
2019-06-26 01:00:00,0.01,0.0,0.0
2019-06-26 02:00:00,0.01,0.0,0.0
2019-06-26 03:00:00,0.1,0.0,0.0
2019-06-26 04:00:00,0.22,4.115972,0.42916666666666664
2019-06-26 05:00:00,0.85,89.14998,1.0
2019-06-26 06:00:00,0.81,258.72263,1.0
2019-06-26 07:00:00,1.0,324.3869,1.0
2019-06-26 08:00:00,0.94,571.51276,1.0
2019-06-26 09:00:00,0.72,773.53894,1.0
2019-06-26 10:00:00,0.91,799.06555,1.0
2019-06-26 11:00:00,0.81,869.0653,1.0
2019-06-26 12:00:00,0.7,830.2481,1.0
2019-06-26 13:00:00,0.75,765.6894,1.0
2019-06-26 14:00:00,0.43,643.5664,1.0
2019-06-26 15:00:00,0.64,550.32556,1.0
2019-06-26 16:00:00,0.55,414.15878,1.0
2019-06-26 17:00:00,0.4,221.51393,1.0
2019-06-26 18:00:00,0.27,72.90493,1.0
2019-06-26 19:00:00,0.05,4.974173,0.545
2019-06-26 20:00:00,0.03,0.0,0.0
2019-06-26 21:00:00,0.0,0.0,0.0
2019-06-26 22:00:00,0.0,0.0,0.0
2019-06-26 23:00:00,0.0,0.0,0.0
2019-06-27 00:00:00,0.0,0.0,0.0
2019-06-27 01:00:00,0.0,0.0,0.0
2019-06-27 02:00:00,0.0,0.0,0.0
2019-06-27 03:00:00,0.0,0.0,0.0
2019-06-27 04:00:00,0.0,4.1087728,0.4236111111111111
2019-06-27 05:00:00,0.0,91.81993,1.0
2019-06-27 06:00:00,0.9,272.50943,1.0
2019-06-27 07:00:00,0.87,473.40463,1.0
2019-06-27 08:00:00,0.88,661.1791,1.0
2019-06-27 09:00:00,1.0,765.15405,1.0
2019-06-27 10:00:00,1.0,835.1754,1.0
2019-06-27 11:00:00,0.93,835.07477,1.0
2019-06-27 12:00:00,0.69,857.9564,1.0
2019-06-27 13:00:00,0.61,886.6317,1.0
2019-06-27 14:00:00,0.42,749.29614,1.0
2019-06-27 15:00:00,0.25,589.768,1.0
2019-06-27 16:00:00,0.37,412.57086,1.0
2019-06-27 17:00:00,0.29,199.04848,1.0
2019-06-27 18:00:00,0.26,64.82251,1.0
2019-06-27 19:00:00,0.19,4.974173,0.5455555555555556
2019-06-27 20:00:00,0.25,0.0,0.0
2019-06-27 21:00:00,0.09,0.0,0.0
2019-06-27 22:00:00,0.0,0.0,0.0
2019-06-27 23:00:00,0.0,0.0,0.0
2019-06-28 00:00:00,0.0,0.0,0.0
2019-06-28 01:00:00,0.0,0.0,0.0
2019-06-28 02:00:00,0.0,0.0,0.0
2019-06-28 03:00:00,0.73,0.0,0.0
2019-06-28 04:00:00,0.85,3.1075358,0.4172222222222222
2019-06-28 05:00:00,0.88,90.45609,1.0
2019-06-28 06:00:00,0.65,276.46408,1.0
2019-06-28 07:00:00,0.85,490.8675,1.0
2019-06-28 08:00:00,0.68,700.7339,1.0
2019-06-28 09:00:00,0.45,868.92145,1.0
2019-06-28 10:00:00,0.19,976.78644,1.0
2019-06-28 11:00:00,0.17,986.80005,1.0
2019-06-28 12:00:00,0.4,985.17865,1.0
2019-06-28 13:00:00,0.4,899.92676,1.0
2019-06-28 14:00:00,0.33,663.6117,1.0
2019-06-28 15:00:00,0.45,551.5615,1.0
2019-06-28 16:00:00,0.32,397.22165,1.0
2019-06-28 17:00:00,0.29,121.6634,1.0
2019-06-28 18:00:00,0.89,64.64115,1.0
2019-06-28 19:00:00,0.08,5.9665766,0.5455555555555556
2019-06-28 20:00:00,0.22,0.0,0.0
2019-06-28 21:00:00,0.09,0.0,0.0
2019-06-28 22:00:00,0.0,0.0,0.0
2019-06-28 23:00:00,0.0,0.0,0.0
2019-06-29 00:00:00,0.0,0.0,0.0
2019-06-29 01:00:00,0.22,0.0,0.0
2019-06-29 02:00:00,0.01,0.0,0.0
2019-06-29 03:00:00,0.66,0.0,0.0
2019-06-29 04:00:00,0.03,3.0997438,0.41055555555555556
2019-06-29 05:00:00,0.33,81.42897,1.0
2019-06-29 06:00:00,0.85,259.6989,1.0
2019-06-29 07:00:00,0.82,459.0132,1.0
2019-06-29 08:00:00,0.83,648.9689,1.0
2019-06-29 09:00:00,0.72,809.4116,1.0
2019-06-29 10:00:00,0.91,772.7372,1.0
2019-06-29 11:00:00,0.9,818.6148,1.0
2019-06-29 12:00:00,0.91,712.9173,1.0
2019-06-29 13:00:00,0.93,771.0147,1.0
2019-06-29 14:00:00,0.95,517.05035,1.0
2019-06-29 15:00:00,0.89,327.09518,1.0
2019-06-29 16:00:00,0.91,329.40033,1.0
2019-06-29 17:00:00,0.38,171.55191,1.0
2019-06-29 18:00:00,0.89,49.775944,1.0
2019-06-29 19:00:00,0.92,4.9696155,0.5447222222222222
2019-06-29 20:00:00,0.82,0.0,0.0
2019-06-29 21:00:00,0.46,0.0,0.0
2019-06-29 22:00:00,0.32,0.0,0.0
2019-06-29 23:00:00,0.27,0.0,0.0
2019-06-30 00:00:00,0.33,0.0,0.0
2019-06-30 01:00:00,0.19,0.0,0.0
2019-06-30 02:00:00,0.27,0.0,0.0
2019-06-30 03:00:00,0.47,0.0,0.0
2019-06-30 04:00:00,0.46,3.091412,0.40305555555555556
2019-06-30 05:00:00,0.47,84.24476,1.0
2019-06-30 06:00:00,0.01,267.5949,1.0
2019-06-30 07:00:00,0.0,466.50443,1.0
2019-06-30 08:00:00,0.56,641.2472,1.0
2019-06-30 09:00:00,0.63,800.43866,1.0
2019-06-30 10:00:00,0.24,936.4251,1.0
2019-06-30 11:00:00,0.14,959.2959,1.0
2019-06-30 12:00:00,0.42,750.56714,1.0
2019-06-30 13:00:00,0.84,610.8843,1.0
2019-06-30 14:00:00,0.99,522.2007,1.0
2019-06-30 15:00:00,0.91,241.46368,1.0
2019-06-30 16:00:00,0.98,256.17963,1.0
2019-06-30 17:00:00,0.91,51.684,1.0
2019-06-30 18:00:00,1.0,43.732616,1.0
2019-06-30 19:00:00,0.99,4.9696155,0.5436111111111112
2019-06-30 20:00:00,1.0,0.0,0.0
2019-06-30 21:00:00,0.99,0.0,0.0
2019-06-30 22:00:00,0.99,0.0,0.0
2019-06-30 23:00:00,0.99,0.0,0.0
2019-07-01 00:00:00,0.99,0.0,0.0
2019-07-01 01:00:00,0.98,0.0,0.0
2019-07-01 02:00:00,0.98,0.0,0.0
2019-07-01 03:00:00,0.95,0.0,0.0
2019-07-01 04:00:00,0.44,2.0886097,0.3952777777777778
2019-07-01 05:00:00,0.95,71.30144,1.0
2019-07-01 06:00:00,0.98,150.01285,1.0
2019-07-01 07:00:00,0.98,266.85278,1.0
2019-07-01 08:00:00,0.94,385.60925,1.0
2019-07-01 09:00:00,0.96,474.75342,1.0
2019-07-01 10:00:00,0.93,688.8627,1.0
2019-07-01 11:00:00,0.62,834.0836,1.0
2019-07-01 12:00:00,0.71,749.767,1.0
2019-07-01 13:00:00,0.81,615.22296,1.0
2019-07-01 14:00:00,0.94,509.34567,1.0
2019-07-01 15:00:00,0.9,471.78342,1.0
2019-07-01 16:00:00,0.97,270.92398,1.0
2019-07-01 17:00:00,0.95,112.71934,1.0
2019-07-01 18:00:00,0.96,45.03671,1.0
2019-07-01 19:00:00,0.97,5.963538,0.5419444444444445
2019-07-01 20:00:00,0.99,0.0,0.0
2019-07-01 21:00:00,0.99,0.0,0.0
2019-07-01 22:00:00,1.0,0.0,0.0
2019-07-01 23:00:00,0.99,0.0,0.0
2019-07-02 00:00:00,0.93,0.0,0.0
2019-07-02 01:00:00,0.82,0.0,0.0
2019-07-02 02:00:00,0.86,0.0,0.0
2019-07-02 03:00:00,0.27,0.0,0.0
2019-07-02 04:00:00,0.29,3.0731044,0.3869444444444444
2019-07-02 05:00:00,0.23,83.945625,1.0
2019-07-02 06:00:00,0.0,270.679,1.0
2019-07-02 07:00:00,0.0,481.61475,1.0
2019-07-02 08:00:00,0.0,677.5259,1.0
2019-07-02 09:00:00,0.57,798.66223,1.0
2019-07-02 10:00:00,0.58,909.0714,1.0
2019-07-02 11:00:00,0.23,951.8918,1.0
2019-07-02 12:00:00,0.18,953.79065,1.0
2019-07-02 13:00:00,0.1,898.1439,1.0
2019-07-02 14:00:00,0.45,717.4455,1.0
2019-07-02 15:00:00,0.7,431.54007,1.0
2019-07-02 16:00:00,0.55,346.3322,1.0
2019-07-02 17:00:00,0.69,234.43889,1.0
2019-07-02 18:00:00,0.34,72.44999,1.0
2019-07-02 19:00:00,0.4,5.9665766,0.54
2019-07-02 20:00:00,0.96,0.0,0.0
2019-07-02 21:00:00,0.89,0.0,0.0
2019-07-02 22:00:00,0.37,0.0,0.0
2019-07-02 23:00:00,0.0,0.0,0.0
2019-07-03 00:00:00,0.0,0.0,0.0
2019-07-03 01:00:00,0.0,0.0,0.0
2019-07-03 02:00:00,0.0,0.0,0.0
2019-07-03 03:00:00,0.01,0.0,0.0
2019-07-03 04:00:00,0.03,2.069167,0.37805555555555553
2019-07-03 05:00:00,0.0,82.25348,1.0
2019-07-03 06:00:00,0.0,266.7947,1.0
2019-07-03 07:00:00,0.12,457.2333,1.0
2019-07-03 08:00:00,0.11,642.9734,1.0
2019-07-03 09:00:00,0.16,809.8016,1.0
2019-07-03 10:00:00,0.13,931.7575,1.0
2019-07-03 11:00:00,0.36,931.1747,1.0
2019-07-03 12:00:00,0.38,929.0005,1.0
2019-07-03 13:00:00,0.29,889.70087,1.0
2019-07-03 14:00:00,0.5,658.1477,1.0
2019-07-03 15:00:00,0.57,505.36636,1.0
2019-07-03 16:00:00,0.9,352.38367,1.0
2019-07-03 17:00:00,0.64,176.76067,1.0
2019-07-03 18:00:00,0.61,73.38731,1.0
2019-07-03 19:00:00,0.32,4.974173,0.5372222222222223
2019-07-03 20:00:00,0.79,0.0,0.0
2019-07-03 21:00:00,0.09,0.0,0.0
2019-07-03 22:00:00,0.05,0.0,0.0
2019-07-03 23:00:00,0.06,0.0,0.0
2019-07-04 00:00:00,0.02,0.0,0.0
2019-07-04 01:00:00,0.0,0.0,0.0
2019-07-04 02:00:00,0.0,0.0,0.0
2019-07-04 03:00:00,0.0,0.0,0.0
2019-07-04 04:00:00,0.06,2.0585604,0.3688888888888889
2019-07-04 05:00:00,0.71,82.3741,1.0
2019-07-04 06:00:00,0.79,258.98993,1.0
2019-07-04 07:00:00,0.63,458.68964,1.0
2019-07-04 08:00:00,0.9,588.98395,1.0
2019-07-04 09:00:00,0.89,754.9155,1.0
2019-07-04 10:00:00,0.81,888.92035,1.0
2019-07-04 11:00:00,0.71,971.7434,1.0
2019-07-04 12:00:00,0.47,971.8766,1.0
2019-07-04 13:00:00,0.3,692.7621,1.0
2019-07-04 14:00:00,0.53,642.4555,1.0
2019-07-04 15:00:00,0.66,491.34076,1.0
2019-07-04 16:00:00,0.16,421.82196,1.0
2019-07-04 17:00:00,0.16,115.721275,1.0
2019-07-04 18:00:00,0.83,57.868847,1.0
2019-07-04 19:00:00,0.28,4.972654,0.5341666666666667
2019-07-04 20:00:00,0.09,0.0,0.0
2019-07-04 21:00:00,0.42,0.0,0.0
2019-07-04 22:00:00,0.37,0.0,0.0
2019-07-04 23:00:00,0.41,0.0,0.0
2019-07-05 00:00:00,0.33,0.0,0.0
2019-07-05 01:00:00,0.0,0.0,0.0
2019-07-05 02:00:00,0.0,0.0,0.0
2019-07-05 03:00:00,0.0,0.0,0.0
2019-07-05 04:00:00,0.0,2.047333,0.3591666666666667
2019-07-05 05:00:00,0.0,80.32896,1.0
2019-07-05 06:00:00,0.0,234.25117,1.0
2019-07-05 07:00:00,1.0,242.2213,1.0
2019-07-05 08:00:00,1.0,270.6348,1.0
2019-07-05 09:00:00,0.99,441.1506,1.0
2019-07-05 10:00:00,0.57,714.0276,1.0
2019-07-05 11:00:00,0.88,830.73926,1.0
2019-07-05 12:00:00,0.43,781.9426,1.0
2019-07-05 13:00:00,0.48,695.33105,1.0
2019-07-05 14:00:00,0.28,699.20325,1.0
2019-07-05 15:00:00,0.57,564.40155,1.0
2019-07-05 16:00:00,0.07,421.9104,1.0
2019-07-05 17:00:00,0.07,177.79102,1.0
2019-07-05 18:00:00,0.32,63.03649,1.0
2019-07-05 19:00:00,0.23,4.972654,0.5305555555555556
2019-07-05 20:00:00,0.23,0.0,0.0
2019-07-05 21:00:00,0.1,0.0,0.0
2019-07-05 22:00:00,0.21,0.0,0.0
2019-07-05 23:00:00,0.51,0.0,0.0
2019-07-06 00:00:00,0.01,0.0,0.0
2019-07-06 01:00:00,0.31,0.0,0.0
2019-07-06 02:00:00,1.0,0.0,0.0
2019-07-06 03:00:00,1.0,0.0,0.0
2019-07-06 04:00:00,0.97,1.9878461,0.3491666666666667
2019-07-06 05:00:00,0.89,37.042328,1.0
2019-07-06 06:00:00,0.97,173.83112,1.0
2019-07-06 07:00:00,0.65,377.40207,1.0
2019-07-06 08:00:00,1.0,460.1167,1.0
2019-07-06 09:00:00,1.0,723.5854,1.0
2019-07-06 10:00:00,0.98,776.47455,1.0
2019-07-06 11:00:00,0.34,889.35803,1.0
2019-07-06 12:00:00,0.46,882.71484,1.0
2019-07-06 13:00:00,0.99,385.50696,1.0
2019-07-06 14:00:00,0.99,388.57742,1.0
2019-07-06 15:00:00,0.79,520.39526,1.0
2019-07-06 16:00:00,0.39,414.075,1.0
2019-07-06 17:00:00,0.28,219.06064,1.0
2019-07-06 18:00:00,0.8,53.025646,1.0
2019-07-06 19:00:00,0.71,4.9711347,0.5261111111111111
2019-07-06 20:00:00,0.03,0.0,0.0
2019-07-06 21:00:00,0.0,0.0,0.0
2019-07-06 22:00:00,0.09,0.0,0.0
2019-07-06 23:00:00,0.47,0.0,0.0
2019-07-07 00:00:00,0.8,0.0,0.0
2019-07-07 01:00:00,0.82,0.0,0.0
2019-07-07 02:00:00,0.82,0.0,0.0
2019-07-07 03:00:00,0.82,0.0,0.0
2019-07-07 04:00:00,0.95,1.9878461,0.3388888888888889
2019-07-07 05:00:00,0.95,69.42941,1.0
2019-07-07 06:00:00,0.93,227.52985,1.0
2019-07-07 07:00:00,0.92,439.4533,1.0
2019-07-07 08:00:00,0.94,636.6494,1.0
2019-07-07 09:00:00,0.94,736.80194,1.0
2019-07-07 10:00:00,0.82,808.4512,1.0
2019-07-07 11:00:00,0.69,834.7947,1.0
2019-07-07 12:00:00,0.31,844.21606,1.0
2019-07-07 13:00:00,0.4,798.54785,1.0
2019-07-07 14:00:00,0.45,739.36615,1.0
2019-07-07 15:00:00,0.56,523.9691,1.0
2019-07-07 16:00:00,0.72,277.2595,1.0
2019-07-07 17:00:00,0.82,144.06903,1.0
2019-07-07 18:00:00,0.63,65.22299,1.0
2019-07-07 19:00:00,0.82,5.9650574,0.5216666666666666
2019-07-07 20:00:00,0.74,0.0,0.0
2019-07-07 21:00:00,0.43,0.0,0.0
2019-07-07 22:00:00,0.49,0.0,0.0
2019-07-07 23:00:00,0.38,0.0,0.0
2019-07-08 00:00:00,0.28,0.0,0.0
2019-07-08 01:00:00,0.73,0.0,0.0
2019-07-08 02:00:00,0.79,0.0,0.0
2019-07-08 03:00:00,0.85,0.0,0.0
2019-07-08 04:00:00,0.9,1.9878461,0.32805555555555554
2019-07-08 05:00:00,0.85,72.35222,1.0
2019-07-08 06:00:00,0.9,229.60074,1.0
2019-07-08 07:00:00,0.97,420.49088,1.0
2019-07-08 08:00:00,0.91,620.70544,1.0
2019-07-08 09:00:00,0.84,642.01715,1.0
2019-07-08 10:00:00,0.74,890.0817,1.0
2019-07-08 11:00:00,0.49,844.4797,1.0
2019-07-08 12:00:00,0.55,742.5513,1.0
2019-07-08 13:00:00,0.73,676.208,1.0
2019-07-08 14:00:00,0.68,636.2069,1.0
2019-07-08 15:00:00,0.58,563.7221,1.0
2019-07-08 16:00:00,0.51,354.624,1.0
2019-07-08 17:00:00,0.47,231.18338,1.0
2019-07-08 18:00:00,0.38,68.94577,1.0
2019-07-08 19:00:00,0.03,3.9802501,0.5163888888888889
2019-07-08 20:00:00,0.0,0.0,0.0
2019-07-08 21:00:00,0.0,0.0,0.0
2019-07-08 22:00:00,0.0,0.0,0.0
2019-07-08 23:00:00,0.0,0.0,0.0
2019-07-09 00:00:00,0.0,0.0,0.0
2019-07-09 01:00:00,0.0,0.0,0.0
2019-07-09 02:00:00,0.0,0.0,0.0
2019-07-09 03:00:00,0.0,0.0,0.0
2019-07-09 04:00:00,0.0,1.9878461,0.3169444444444444
2019-07-09 05:00:00,0.0,76.50522,1.0
2019-07-09 06:00:00,0.0,263.5483,1.0
2019-07-09 07:00:00,0.0,475.81155,1.0
2019-07-09 08:00:00,0.0,676.2377,1.0
2019-07-09 09:00:00,0.0,828.591,1.0
2019-07-09 10:00:00,0.2,895.8167,1.0
2019-07-09 11:00:00,0.06,850.905,1.0
2019-07-09 12:00:00,0.16,912.8268,1.0
2019-07-09 13:00:00,0.3,902.0611,1.0
2019-07-09 14:00:00,0.27,726.94574,1.0
2019-07-09 15:00:00,0.14,589.3517,1.0
2019-07-09 16:00:00,0.1,438.3405,1.0
2019-07-09 17:00:00,0.16,249.02365,1.0
2019-07-09 18:00:00,0.1,68.52387,1.0
2019-07-09 19:00:00,0.16,3.9802501,0.5105555555555555
2019-07-09 20:00:00,0.19,0.0,0.0
2019-07-09 21:00:00,0.33,0.0,0.0
2019-07-09 22:00:00,0.2,0.0,0.0
2019-07-09 23:00:00,0.0,0.0,0.0
2019-07-10 00:00:00,0.0,0.0,0.0
2019-07-10 01:00:00,0.0,0.0,0.0
2019-07-10 02:00:00,0.01,0.0,0.0
2019-07-10 03:00:00,0.01,0.0,0.0
2019-07-10 04:00:00,0.01,1.9878461,0.3055555555555556
2019-07-10 05:00:00,0.0,73.22337,1.0
2019-07-10 06:00:00,0.0,256.74304,1.0
2019-07-10 07:00:00,0.0,467.73627,1.0
2019-07-10 08:00:00,0.0,667.0441,1.0
2019-07-10 09:00:00,0.0,834.08417,1.0
2019-07-10 10:00:00,0.0,945.84247,1.0
2019-07-10 11:00:00,0.14,940.84924,1.0
2019-07-10 12:00:00,0.21,925.35657,1.0
2019-07-10 13:00:00,0.33,778.7318,1.0
2019-07-10 14:00:00,0.57,710.2825,1.0
2019-07-10 15:00:00,0.8,500.22314,1.0
2019-07-10 16:00:00,0.66,378.60645,1.0
2019-07-10 17:00:00,0.74,209.64268,1.0
2019-07-10 18:00:00,0.89,73.84709,1.0
2019-07-10 19:00:00,0.92,4.9711347,0.5044444444444445
2019-07-10 20:00:00,0.91,0.0,0.0
2019-07-10 21:00:00,0.89,0.0,0.0
2019-07-10 22:00:00,0.93,0.0,0.0
2019-07-10 23:00:00,0.9,0.0,0.0
2019-07-11 00:00:00,0.03,0.0,0.0
2019-07-11 01:00:00,0.01,0.0,0.0
2019-07-11 02:00:00,0.0,0.0,0.0
2019-07-11 03:00:00,0.0,0.0,0.0
2019-07-11 04:00:00,0.0,1.9878461,0.2941666666666667
2019-07-11 05:00:00,0.0,72.99507,1.0
2019-07-11 06:00:00,0.0,257.91586,1.0
2019-07-11 07:00:00,0.0,470.22995,1.0
2019-07-11 08:00:00,0.0,671.7747,1.0
2019-07-11 09:00:00,0.01,842.04004,1.0
2019-07-11 10:00:00,0.08,932.16254,1.0
2019-07-11 11:00:00,0.2,999.2157,1.0
2019-07-11 12:00:00,0.31,973.38654,1.0
2019-07-11 13:00:00,0.33,855.41626,1.0
2019-07-11 14:00:00,0.46,688.63617,1.0
2019-07-11 15:00:00,0.58,495.27768,1.0
2019-07-11 16:00:00,0.59,342.38684,1.0
2019-07-11 17:00:00,0.64,164.04343,1.0
2019-07-11 18:00:00,0.81,67.73474,1.0
2019-07-11 19:00:00,0.32,3.978731,0.4975
2019-07-11 20:00:00,0.51,0.0,0.0
2019-07-11 21:00:00,0.16,0.0,0.0
2019-07-11 22:00:00,0.39,0.0,0.0
2019-07-11 23:00:00,0.51,0.0,0.0
2019-07-12 00:00:00,0.72,0.0,0.0
2019-07-12 01:00:00,0.9,0.0,0.0
2019-07-12 02:00:00,0.83,0.0,0.0
2019-07-12 03:00:00,0.0,0.0,0.0
2019-07-12 04:00:00,0.0,1.9878461,0.2822222222222222
2019-07-12 05:00:00,0.0,66.06739,1.0
2019-07-12 06:00:00,0.13,250.10413,1.0
2019-07-12 07:00:00,0.01,467.36905,1.0
2019-07-12 08:00:00,0.08,671.088,1.0
2019-07-12 09:00:00,0.4,789.4144,1.0
2019-07-12 10:00:00,0.32,882.65875,1.0
2019-07-12 11:00:00,0.33,825.7373,1.0
2019-07-12 12:00:00,0.63,913.54553,1.0
2019-07-12 13:00:00,0.66,746.24915,1.0
2019-07-12 14:00:00,0.69,556.2362,1.0
2019-07-12 15:00:00,0.93,404.5665,1.0
2019-07-12 16:00:00,0.58,345.81567,1.0
2019-07-12 17:00:00,0.56,184.70688,1.0
2019-07-12 18:00:00,0.63,67.551735,1.0
2019-07-12 19:00:00,0.49,3.978731,0.49027777777777776
2019-07-12 20:00:00,0.42,0.0,0.0
2019-07-12 21:00:00,0.23,0.0,0.0
2019-07-12 22:00:00,0.12,0.0,0.0
2019-07-12 23:00:00,0.0,0.0,0.0
2019-07-13 00:00:00,0.0,0.0,0.0
2019-07-13 01:00:00,0.0,0.0,0.0
2019-07-13 02:00:00,0.0,0.0,0.0
2019-07-13 03:00:00,0.0,0.0,0.0
2019-07-13 04:00:00,0.16,0.0,0.2702777777777778
2019-07-13 05:00:00,0.01,69.61918,1.0
2019-07-13 06:00:00,0.0,253.31282,1.0
2019-07-13 07:00:00,0.0,464.5644,1.0
2019-07-13 08:00:00,0.2,668.37,1.0
2019-07-13 09:00:00,0.4,800.9292,1.0
2019-07-13 10:00:00,0.61,878.54865,1.0
2019-07-13 11:00:00,0.58,943.2575,1.0
2019-07-13 12:00:00,0.71,869.6741,1.0
2019-07-13 13:00:00,0.33,740.7134,1.0
2019-07-13 14:00:00,0.58,692.00323,1.0
2019-07-13 15:00:00,0.97,488.08517,1.0
2019-07-13 16:00:00,0.82,275.58572,1.0
2019-07-13 17:00:00,0.98,90.78845,1.0
2019-07-13 18:00:00,1.0,36.913166,1.0
2019-07-13 19:00:00,1.0,1.9878461,0.4825
2019-07-13 20:00:00,1.0,0.0,0.0
2019-07-13 21:00:00,1.0,0.0,0.0
2019-07-13 22:00:00,1.0,0.0,0.0
2019-07-13 23:00:00,0.98,0.0,0.0
2019-07-14 00:00:00,0.66,0.0,0.0
2019-07-14 01:00:00,0.42,0.0,0.0
2019-07-14 02:00:00,0.0,0.0,0.0
2019-07-14 03:00:00,0.0,0.0,0.0
2019-07-14 04:00:00,0.15,0.0,0.25805555555555554
2019-07-14 05:00:00,0.0,67.11412,1.0
2019-07-14 06:00:00,0.01,247.52061,1.0
2019-07-14 07:00:00,0.0,454.34122,1.0
2019-07-14 08:00:00,0.32,639.89087,1.0
2019-07-14 09:00:00,0.45,755.0955,1.0
2019-07-14 10:00:00,0.81,724.1951,1.0
2019-07-14 11:00:00,0.83,663.1382,1.0
2019-07-14 12:00:00,0.95,717.0651,1.0
2019-07-14 13:00:00,0.87,558.7537,1.0
2019-07-14 14:00:00,0.91,525.6978,1.0
2019-07-14 15:00:00,0.96,424.63684,1.0
2019-07-14 16:00:00,0.96,226.8704,1.0
2019-07-14 17:00:00,0.91,171.25418,1.0
2019-07-14 18:00:00,0.98,63.147,1.0
2019-07-14 19:00:00,0.63,3.9772115,0.4738888888888889
2019-07-14 20:00:00,0.78,0.0,0.0
2019-07-14 21:00:00,0.05,0.0,0.0
2019-07-14 22:00:00,0.07,0.0,0.0
2019-07-14 23:00:00,0.0,0.0,0.0
2019-07-15 00:00:00,0.0,0.0,0.0
2019-07-15 01:00:00,0.0,0.0,0.0
2019-07-15 02:00:00,0.0,0.0,0.0
2019-07-15 03:00:00,0.0,0.0,0.0
2019-07-15 04:00:00,0.0,0.0,0.24555555555555555
2019-07-15 05:00:00,0.0,66.59558,1.0
2019-07-15 06:00:00,0.0,246.74245,1.0
2019-07-15 07:00:00,0.0,456.9052,1.0
2019-07-15 08:00:00,0.0,659.5046,1.0
2019-07-15 09:00:00,0.15,799.5309,1.0
2019-07-15 10:00:00,0.44,882.2804,1.0
2019-07-15 11:00:00,0.26,888.01355,1.0
2019-07-15 12:00:00,0.34,858.3337,1.0
2019-07-15 13:00:00,0.51,756.80554,1.0
2019-07-15 14:00:00,0.49,595.90845,1.0
2019-07-15 15:00:00,0.66,438.3994,1.0
2019-07-15 16:00:00,0.58,363.7804,1.0
2019-07-15 17:00:00,0.47,65.50838,1.0
2019-07-15 18:00:00,0.74,59.34316,1.0
2019-07-15 19:00:00,0.46,3.9772115,0.465
2019-07-15 20:00:00,0.04,0.0,0.0
2019-07-15 21:00:00,0.0,0.0,0.0
2019-07-15 22:00:00,0.02,0.0,0.0
2019-07-15 23:00:00,0.01,0.0,0.0
2019-07-16 00:00:00,0.01,0.0,0.0
2019-07-16 01:00:00,0.02,0.0,0.0
2019-07-16 02:00:00,0.02,0.0,0.0
2019-07-16 03:00:00,0.0,0.0,0.0
2019-07-16 04:00:00,0.0,0.0,0.23305555555555554
2019-07-16 05:00:00,0.0,66.53497,1.0
2019-07-16 06:00:00,0.0,247.98975,1.0
2019-07-16 07:00:00,0.09,449.71365,1.0
2019-07-16 08:00:00,0.43,614.25903,1.0
2019-07-16 09:00:00,0.55,467.3601,1.0
2019-07-16 10:00:00,0.54,822.7309,1.0
2019-07-16 11:00:00,0.13,922.53906,1.0
2019-07-16 12:00:00,0.39,900.6719,1.0
2019-07-16 13:00:00,0.36,712.48083,1.0
2019-07-16 14:00:00,0.43,563.14215,1.0
2019-07-16 15:00:00,0.31,537.90106,1.0
2019-07-16 16:00:00,0.58,362.19388,1.0
2019-07-16 17:00:00,0.86,210.49063,1.0
2019-07-16 18:00:00,0.04,63.63198,1.0
2019-07-16 19:00:00,0.03,2.9848075,0.45555555555555555
2019-07-16 20:00:00,0.05,0.0,0.0
2019-07-16 21:00:00,0.07,0.0,0.0
2019-07-16 22:00:00,0.03,0.0,0.0
2019-07-16 23:00:00,0.01,0.0,0.0
2019-07-17 00:00:00,0.01,0.0,0.0
2019-07-17 01:00:00,0.0,0.0,0.0
2019-07-17 02:00:00,0.01,0.0,0.0
2019-07-17 03:00:00,0.18,0.0,0.0
2019-07-17 04:00:00,0.53,0.0,0.22055555555555556
2019-07-17 05:00:00,0.02,64.85074,1.0
2019-07-17 06:00:00,0.0,248.23734,1.0
2019-07-17 07:00:00,0.0,461.91055,1.0
2019-07-17 08:00:00,0.0,663.67035,1.0
2019-07-17 09:00:00,0.0,828.76044,1.0
2019-07-17 10:00:00,0.4,899.0515,1.0
2019-07-17 11:00:00,0.4,879.1201,1.0
2019-07-17 12:00:00,0.7,639.6964,1.0
2019-07-17 13:00:00,0.45,724.0832,1.0
2019-07-17 14:00:00,0.43,745.3867,1.0
2019-07-17 15:00:00,0.7,434.1177,1.0
2019-07-17 16:00:00,0.23,393.09833,1.0
2019-07-17 17:00:00,0.32,204.83237,1.0
2019-07-17 18:00:00,0.55,62.616337,1.0
2019-07-17 19:00:00,0.13,2.9848075,0.44555555555555554
2019-07-17 20:00:00,0.0,0.0,0.0
2019-07-17 21:00:00,0.0,0.0,0.0
2019-07-17 22:00:00,0.13,0.0,0.0
2019-07-17 23:00:00,0.42,0.0,0.0
2019-07-18 00:00:00,0.02,0.0,0.0
2019-07-18 01:00:00,0.34,0.0,0.0
2019-07-18 02:00:00,0.71,0.0,0.0
2019-07-18 03:00:00,0.61,0.0,0.0
2019-07-18 04:00:00,0.34,0.0,0.20777777777777778
2019-07-18 05:00:00,0.26,63.513596,1.0
2019-07-18 06:00:00,0.69,241.36192,1.0
2019-07-18 07:00:00,0.79,450.8809,1.0
2019-07-18 08:00:00,0.79,654.07355,1.0
2019-07-18 09:00:00,0.84,831.5749,1.0
2019-07-18 10:00:00,0.88,954.229,1.0
2019-07-18 11:00:00,0.88,1011.53937,1.0
2019-07-18 12:00:00,0.84,1004.0295,1.0
2019-07-18 13:00:00,0.89,939.4755,1.0
2019-07-18 14:00:00,0.89,818.8875,1.0
2019-07-18 15:00:00,0.3,591.8241,1.0
2019-07-18 16:00:00,0.43,419.10965,1.0
2019-07-18 17:00:00,0.32,238.57996,1.0
2019-07-18 18:00:00,0.33,61.79153,1.0
2019-07-18 19:00:00,0.24,2.9848075,0.435
2019-07-18 20:00:00,0.06,0.0,0.0
2019-07-18 21:00:00,0.07,0.0,0.0
2019-07-18 22:00:00,0.11,0.0,0.0
2019-07-18 23:00:00,0.0,0.0,0.0
2019-07-19 00:00:00,0.18,0.0,0.0
2019-07-19 01:00:00,0.51,0.0,0.0
2019-07-19 02:00:00,0.61,0.0,0.0
2019-07-19 03:00:00,0.0,0.0,0.0
2019-07-19 04:00:00,0.0,0.0,0.1947222222222222
2019-07-19 05:00:00,0.0,64.13526,1.0
2019-07-19 06:00:00,0.18,247.77322,1.0
2019-07-19 07:00:00,0.38,461.62485,1.0
2019-07-19 08:00:00,0.66,665.6164,1.0
2019-07-19 09:00:00,0.78,835.2171,1.0
2019-07-19 10:00:00,0.62,956.7159,1.0
2019-07-19 11:00:00,0.19,1017.29645,1.0
2019-07-19 12:00:00,0.84,1005.1855,1.0
2019-07-19 13:00:00,0.02,915.6469,1.0
2019-07-19 14:00:00,0.22,777.122,1.0
2019-07-19 15:00:00,0.33,563.0241,1.0
2019-07-19 16:00:00,0.56,339.0549,1.0
2019-07-19 17:00:00,0.6,197.04752,1.0
2019-07-19 18:00:00,0.73,61.78131,1.0
2019-07-19 19:00:00,0.5,2.9832883,0.42388888888888887
2019-07-19 20:00:00,0.42,0.0,0.0
2019-07-19 21:00:00,0.09,0.0,0.0
2019-07-19 22:00:00,0.0,0.0,0.0
2019-07-19 23:00:00,0.1,0.0,0.0
2019-07-20 00:00:00,0.11,0.0,0.0
2019-07-20 01:00:00,0.0,0.0,0.0
2019-07-20 02:00:00,0.0,0.0,0.0
2019-07-20 03:00:00,0.0,0.0,0.0
2019-07-20 04:00:00,0.0,0.0,0.1811111111111111
2019-07-20 05:00:00,0.0,58.819324,1.0
2019-07-20 06:00:00,0.14,237.9377,1.0
2019-07-20 07:00:00,0.08,412.18585,1.0
2019-07-20 08:00:00,0.18,630.96576,1.0
2019-07-20 09:00:00,0.07,773.78265,1.0
2019-07-20 10:00:00,0.32,866.7466,1.0
2019-07-20 11:00:00,0.32,939.6558,1.0
2019-07-20 12:00:00,0.8,596.05963,1.0
2019-07-20 13:00:00,0.55,691.6058,1.0
2019-07-20 14:00:00,0.85,543.5338,1.0
2019-07-20 15:00:00,0.65,459.7184,1.0
2019-07-20 16:00:00,0.95,161.76454,1.0
2019-07-20 17:00:00,0.75,38.763,1.0
2019-07-20 18:00:00,1.0,19.580463,1.0
2019-07-20 19:00:00,1.0,0.0,0.4122222222222222
2019-07-20 20:00:00,1.0,0.0,0.0
2019-07-20 21:00:00,0.94,0.0,0.0
2019-07-20 22:00:00,0.33,0.0,0.0
2019-07-20 23:00:00,0.43,0.0,0.0
2019-07-21 00:00:00,0.02,0.0,0.0
2019-07-21 01:00:00,0.0,0.0,0.0
2019-07-21 02:00:00,0.0,0.0,0.0
2019-07-21 03:00:00,0.0,0.0,0.0
2019-07-21 04:00:00,0.0,0.0,0.1675
2019-07-21 05:00:00,0.0,59.1356,1.0
2019-07-21 06:00:00,0.0,240.3219,1.0
2019-07-21 07:00:00,0.0,452.08426,1.0
2019-07-21 08:00:00,0.0,653.0019,1.0
2019-07-21 09:00:00,0.06,807.671,1.0
2019-07-21 10:00:00,0.2,910.064,1.0
2019-07-21 11:00:00,0.06,943.5452,1.0
2019-07-21 12:00:00,0.24,910.6726,1.0
2019-07-21 13:00:00,0.41,776.9963,1.0
2019-07-21 14:00:00,0.55,594.1914,1.0
2019-07-21 15:00:00,0.28,562.7645,1.0
2019-07-21 16:00:00,0.35,381.52383,1.0
2019-07-21 17:00:00,0.31,181.38692,1.0
2019-07-21 18:00:00,0.47,34.60474,1.0
2019-07-21 19:00:00,1.0,1.9878461,0.4
2019-07-21 20:00:00,0.72,0.0,0.0
2019-07-21 21:00:00,0.06,0.0,0.0
2019-07-21 22:00:00,0.1,0.0,0.0
2019-07-21 23:00:00,0.02,0.0,0.0
2019-07-22 00:00:00,0.04,0.0,0.0
2019-07-22 01:00:00,0.07,0.0,0.0
2019-07-22 02:00:00,0.41,0.0,0.0
2019-07-22 03:00:00,0.59,0.0,0.0
2019-07-22 04:00:00,0.25,0.0,0.15361111111111111
2019-07-22 05:00:00,0.07,52.60331,1.0
2019-07-22 06:00:00,0.0,227.41087,1.0
2019-07-22 07:00:00,0.96,412.96976,1.0
2019-07-22 08:00:00,1.0,604.7746,1.0
2019-07-22 09:00:00,1.0,631.16455,1.0
2019-07-22 10:00:00,0.62,857.98285,1.0
2019-07-22 11:00:00,0.14,957.7403,1.0
2019-07-22 12:00:00,0.24,820.6256,1.0
2019-07-22 13:00:00,0.6,538.69995,1.0
2019-07-22 14:00:00,0.46,651.54254,1.0
2019-07-22 15:00:00,0.53,511.94052,1.0
2019-07-22 16:00:00,0.67,329.96298,1.0
2019-07-22 17:00:00,0.53,113.35719,1.0
2019-07-22 18:00:00,0.4,54.849274,1.0
2019-07-22 19:00:00,0.12,1.9893655,0.3875
2019-07-22 20:00:00,0.33,0.0,0.0
2019-07-22 21:00:00,0.74,0.0,0.0
2019-07-22 22:00:00,0.71,0.0,0.0
2019-07-22 23:00:00,0.4,0.0,0.0
2019-07-23 00:00:00,0.41,0.0,0.0
2019-07-23 01:00:00,0.39,0.0,0.0
2019-07-23 02:00:00,0.01,0.0,0.0
2019-07-23 03:00:00,0.02,0.0,0.0
2019-07-23 04:00:00,0.09,0.0,0.13944444444444445
2019-07-23 05:00:00,0.07,55.25869,1.0
2019-07-23 06:00:00,0.07,225.68636,1.0
2019-07-23 07:00:00,0.14,431.49036,1.0
2019-07-23 08:00:00,0.19,636.5519,1.0
2019-07-23 09:00:00,0.4,803.05115,1.0
2019-07-23 10:00:00,0.06,857.5823,1.0
2019-07-23 11:00:00,0.13,926.43774,1.0
2019-07-23 12:00:00,0.48,867.5512,1.0
2019-07-23 13:00:00,0.47,783.972,1.0
2019-07-23 14:00:00,0.58,626.7622,1.0
2019-07-23 15:00:00,0.54,541.5612,1.0
2019-07-23 16:00:00,0.17,388.43854,1.0
2019-07-23 17:00:00,0.23,213.13184,1.0
2019-07-23 18:00:00,0.45,54.19206,1.0
2019-07-23 19:00:00,0.02,1.9893655,0.37416666666666665
2019-07-23 20:00:00,0.03,0.0,0.0
2019-07-23 21:00:00,0.05,0.0,0.0
2019-07-23 22:00:00,0.05,0.0,0.0
2019-07-23 23:00:00,0.11,0.0,0.0
2019-07-24 00:00:00,0.12,0.0,0.0
2019-07-24 01:00:00,0.21,0.0,0.0
2019-07-24 02:00:00,0.0,0.0,0.0
2019-07-24 03:00:00,0.0,0.0,0.0
2019-07-24 04:00:00,0.0,0.0,0.125
2019-07-24 05:00:00,0.0,56.109425,1.0
2019-07-24 06:00:00,0.0,234.24261,1.0
2019-07-24 07:00:00,0.0,447.28156,1.0
2019-07-24 08:00:00,0.0,650.50323,1.0
2019-07-24 09:00:00,0.0,812.386,1.0
2019-07-24 10:00:00,0.27,885.4396,1.0
2019-07-24 11:00:00,0.39,974.84735,1.0
2019-07-24 12:00:00,0.48,852.39197,1.0
2019-07-24 13:00:00,0.54,774.73755,1.0
2019-07-24 14:00:00,0.53,676.5143,1.0
2019-07-24 15:00:00,0.86,389.29227,1.0
2019-07-24 16:00:00,0.97,229.57776,1.0
2019-07-24 17:00:00,1.0,121.520004,1.0
2019-07-24 18:00:00,0.98,38.698658,1.0
2019-07-24 19:00:00,0.94,1.9878461,0.3605555555555556
2019-07-24 20:00:00,1.0,0.0,0.0
2019-07-24 21:00:00,0.98,0.0,0.0
2019-07-24 22:00:00,0.77,0.0,0.0
2019-07-24 23:00:00,0.96,0.0,0.0
2019-07-25 00:00:00,0.52,0.0,0.0
2019-07-25 01:00:00,0.11,0.0,0.0
2019-07-25 02:00:00,0.16,0.0,0.0
2019-07-25 03:00:00,0.32,0.0,0.0
2019-07-25 04:00:00,0.42,0.0,0.11055555555555556
2019-07-25 05:00:00,0.33,43.122097,1.0
2019-07-25 06:00:00,0.5,198.6894,1.0
2019-07-25 07:00:00,0.31,395.26657,1.0
2019-07-25 08:00:00,0.84,541.1985,1.0
2019-07-25 09:00:00,0.96,614.01166,1.0
2019-07-25 10:00:00,0.97,657.9159,1.0
2019-07-25 11:00:00,0.97,448.3896,1.0
2019-07-25 12:00:00,0.99,434.0108,1.0
2019-07-25 13:00:00,0.98,547.61676,1.0
2019-07-25 14:00:00,0.99,311.3977,1.0
2019-07-25 15:00:00,0.97,231.04582,1.0
2019-07-25 16:00:00,0.77,341.10498,1.0
2019-07-25 17:00:00,0.55,68.580696,1.0
2019-07-25 18:00:00,0.98,29.817692,1.0
2019-07-25 19:00:00,1.0,0.99392307,0.3461111111111111
2019-07-25 20:00:00,0.9,0.0,0.0
2019-07-25 21:00:00,0.45,0.0,0.0
2019-07-25 22:00:00,0.15,0.0,0.0
2019-07-25 23:00:00,0.02,0.0,0.0
2019-07-26 00:00:00,0.11,0.0,0.0
2019-07-26 01:00:00,0.42,0.0,0.0
2019-07-26 02:00:00,0.43,0.0,0.0
2019-07-26 03:00:00,0.0,0.0,0.0
2019-07-26 04:00:00,0.12,0.0,0.09583333333333334
2019-07-26 05:00:00,0.25,51.179802,1.0
2019-07-26 06:00:00,0.64,223.51385,1.0
2019-07-26 07:00:00,0.16,441.93866,1.0
2019-07-26 08:00:00,0.19,644.0423,1.0
2019-07-26 09:00:00,0.4,806.0101,1.0
2019-07-26 10:00:00,0.57,923.1928,1.0
2019-07-26 11:00:00,0.61,704.0071,1.0
2019-07-26 12:00:00,0.51,797.11566,1.0
2019-07-26 13:00:00,0.44,763.8844,1.0
2019-07-26 14:00:00,0.31,608.1469,1.0
2019-07-26 15:00:00,0.64,326.24487,1.0
2019-07-26 16:00:00,0.96,223.49553,1.0
2019-07-26 17:00:00,1.0,94.76898,1.0
2019-07-26 18:00:00,0.98,42.098938,1.0
2019-07-26 19:00:00,0.75,1.9878461,0.33166666666666667
2019-07-26 20:00:00,0.79,0.0,0.0
2019-07-26 21:00:00,0.51,0.0,0.0
2019-07-26 22:00:00,0.3,0.0,0.0
2019-07-26 23:00:00,0.46,0.0,0.0
2019-07-27 00:00:00,0.39,0.0,0.0
2019-07-27 01:00:00,0.38,0.0,0.0
2019-07-27 02:00:00,0.53,0.0,0.0
2019-07-27 03:00:00,0.4,0.0,0.0
2019-07-27 04:00:00,0.13,0.0,0.08083333333333333
2019-07-27 05:00:00,0.37,41.7726,1.0
2019-07-27 06:00:00,0.23,176.71877,1.0
2019-07-27 07:00:00,0.38,355.99805,1.0
2019-07-27 08:00:00,0.25,515.612,1.0
2019-07-27 09:00:00,0.46,619.1585,1.0
2019-07-27 10:00:00,0.57,639.1894,1.0
2019-07-27 11:00:00,0.79,575.0142,1.0
2019-07-27 12:00:00,0.73,768.2339,1.0
2019-07-27 13:00:00,0.78,618.5985,1.0
2019-07-27 14:00:00,0.8,598.4941,1.0
2019-07-27 15:00:00,0.27,516.87384,1.0
2019-07-27 16:00:00,0.66,289.50244,1.0
2019-07-27 17:00:00,0.98,144.56113,1.0
2019-07-27 18:00:00,0.56,42.0799,1.0
2019-07-27 19:00:00,0.12,1.9878461,0.3163888888888889
2019-07-27 20:00:00,0.2,0.0,0.0
2019-07-27 21:00:00,0.88,0.0,0.0
2019-07-27 22:00:00,0.6,0.0,0.0
2019-07-27 23:00:00,0.33,0.0,0.0
2019-07-28 00:00:00,0.01,0.0,0.0
2019-07-28 01:00:00,0.0,0.0,0.0
2019-07-28 02:00:00,0.0,0.0,0.0
2019-07-28 03:00:00,0.01,0.0,0.0
2019-07-28 04:00:00,0.12,0.0,0.06583333333333333
2019-07-28 05:00:00,0.2,48.683807,1.0
2019-07-28 06:00:00,0.01,219.3359,1.0
2019-07-28 07:00:00,0.03,436.62683,1.0
2019-07-28 08:00:00,0.0,647.7483,1.0
2019-07-28 09:00:00,0.4,728.9713,1.0
2019-07-28 10:00:00,0.53,768.5071,1.0
2019-07-28 11:00:00,0.37,882.5993,1.0
2019-07-28 12:00:00,0.37,868.18005,1.0
2019-07-28 13:00:00,0.37,832.7682,1.0
2019-07-28 14:00:00,0.39,685.4035,1.0
2019-07-28 15:00:00,0.24,498.60425,1.0
2019-07-28 16:00:00,0.25,374.89,1.0
2019-07-28 17:00:00,0.1,210.40877,1.0
2019-07-28 18:00:00,0.14,46.669712,1.0
2019-07-28 19:00:00,0.42,0.99392307,0.30083333333333334
2019-07-28 20:00:00,0.21,0.0,0.0
2019-07-28 21:00:00,0.11,0.0,0.0
2019-07-28 22:00:00,0.0,0.0,0.0
2019-07-28 23:00:00,0.0,0.0,0.0
2019-07-29 00:00:00,0.0,0.0,0.0
2019-07-29 01:00:00,0.0,0.0,0.0
2019-07-29 02:00:00,0.0,0.0,0.0
2019-07-29 03:00:00,0.0,0.0,0.0
2019-07-29 04:00:00,0.0,0.0,0.050833333333333335
2019-07-29 05:00:00,0.0,49.607883,1.0
2019-07-29 06:00:00,0.0,230.10547,1.0
2019-07-29 07:00:00,0.0,448.06827,1.0
2019-07-29 08:00:00,0.0,646.9694,1.0
2019-07-29 09:00:00,0.0,828.93164,1.0
2019-07-29 10:00:00,0.28,898.1546,1.0
2019-07-29 11:00:00,0.45,919.7681,1.0
2019-07-29 12:00:00,0.34,880.24146,1.0
2019-07-29 13:00:00,0.44,788.3532,1.0
2019-07-29 14:00:00,0.28,672.7814,1.0
2019-07-29 15:00:00,0.25,532.02496,1.0
2019-07-29 16:00:00,0.21,403.63065,1.0
2019-07-29 17:00:00,0.03,188.8662,1.0
2019-07-29 18:00:00,0.06,45.843277,1.0
2019-07-29 19:00:00,0.0,0.99392307,0.285
2019-07-29 20:00:00,0.0,0.0,0.0
2019-07-29 21:00:00,0.0,0.0,0.0
2019-07-29 22:00:00,0.0,0.0,0.0
2019-07-29 23:00:00,0.1,0.0,0.0
2019-07-30 00:00:00,0.43,0.0,0.0
2019-07-30 01:00:00,0.01,0.0,0.0
2019-07-30 02:00:00,0.0,0.0,0.0
2019-07-30 03:00:00,0.24,0.0,0.0
2019-07-30 04:00:00,0.76,0.0,0.035555555555555556
2019-07-30 05:00:00,0.84,47.000786,1.0
2019-07-30 06:00:00,0.84,198.47365,1.0
2019-07-30 07:00:00,0.87,378.919,1.0
2019-07-30 08:00:00,0.89,523.17303,1.0
2019-07-30 09:00:00,0.88,752.4812,1.0
2019-07-30 10:00:00,0.89,822.3074,1.0
2019-07-30 11:00:00,0.74,761.59454,1.0
2019-07-30 12:00:00,0.76,695.1488,1.0
2019-07-30 13:00:00,0.92,513.53577,1.0
2019-07-30 14:00:00,0.94,445.7037,1.0
2019-07-30 15:00:00,0.92,454.10242,1.0
2019-07-30 16:00:00,0.98,221.12872,1.0
2019-07-30 17:00:00,0.96,21.866308,1.0
2019-07-30 18:00:00,1.0,19.878462,1.0
2019-07-30 19:00:00,0.98,0.0,0.26861111111111113
2019-07-30 20:00:00,0.99,0.0,0.0
2019-07-30 21:00:00,0.97,0.0,0.0
2019-07-30 22:00:00,0.87,0.0,0.0
2019-07-30 23:00:00,0.01,0.0,0.0
2019-07-31 00:00:00,0.0,0.0,0.0
2019-07-31 01:00:00,0.31,0.0,0.0
2019-07-31 02:00:00,0.22,0.0,0.0
2019-07-31 03:00:00,0.13,0.0,0.0
2019-07-31 04:00:00,0.8,0.0,0.020277777777777777
2019-07-31 05:00:00,0.83,43.39045,1.0
2019-07-31 06:00:00,0.78,194.74002,1.0
2019-07-31 07:00:00,0.56,417.8304,1.0
2019-07-31 08:00:00,0.28,635.47797,1.0
2019-07-31 09:00:00,0.56,752.39276,1.0
2019-07-31 10:00:00,0.58,797.31665,1.0
2019-07-31 11:00:00,0.61,784.2509,1.0
2019-07-31 12:00:00,0.7,753.4209,1.0
2019-07-31 13:00:00,0.69,757.676,1.0
2019-07-31 14:00:00,0.92,476.04184,1.0
2019-07-31 15:00:00,0.91,293.63757,1.0
2019-07-31 16:00:00,0.92,285.78073,1.0
2019-07-31 17:00:00,0.91,100.75542,1.0
2019-07-31 18:00:00,0.96,29.121,1.0
2019-07-31 19:00:00,0.85,0.0,0.25194444444444447
2019-07-31 20:00:00,1.0,0.0,0.0
2019-07-31 21:00:00,0.78,0.0,0.0
2019-07-31 22:00:00,0.91,0.0,0.0
2019-07-31 23:00:00,0.74,0.0,0.0
2019-08-01 00:00:00,0.76,0.0,0.0
2019-08-01 01:00:00,0.76,0.0,0.0
2019-08-01 02:00:00,0.99,0.0,0.0
2019-08-01 03:00:00,0.65,0.0,0.0
2019-08-01 04:00:00,0.81,0.0,0.005
2019-08-01 05:00:00,0.97,42.428963,1.0
2019-08-01 06:00:00,0.79,204.97153,1.0
2019-08-01 07:00:00,0.54,382.4027,1.0
2019-08-01 08:00:00,0.34,597.1907,1.0
2019-08-01 09:00:00,0.54,765.18036,1.0
2019-08-01 10:00:00,0.29,882.143,1.0
2019-08-01 11:00:00,0.71,766.5518,1.0
2019-08-01 12:00:00,0.92,487.198,1.0
2019-08-01 13:00:00,1.0,427.70694,1.0
2019-08-01 14:00:00,0.99,249.05122,1.0
2019-08-01 15:00:00,1.0,171.9487,1.0
2019-08-01 16:00:00,0.95,284.35962,1.0
2019-08-01 17:00:00,0.95,116.1436,1.0
2019-08-01 18:00:00,0.98,31.67023,1.0
2019-08-01 19:00:00,0.85,0.0,0.23472222222222222
2019-08-01 20:00:00,0.81,0.0,0.0
2019-08-01 21:00:00,0.8,0.0,0.0
2019-08-01 22:00:00,0.73,0.0,0.0
2019-08-01 23:00:00,0.03,0.0,0.0
2019-08-02 00:00:00,0.03,0.0,0.0
2019-08-02 01:00:00,0.18,0.0,0.0
2019-08-02 02:00:00,0.15,0.0,0.0
2019-08-02 03:00:00,0.25,0.0,0.0
2019-08-02 04:00:00,0.31,0.0,0.0
2019-08-02 05:00:00,0.06,35.213078,0.9894444444444445
2019-08-02 06:00:00,0.45,194.19395,1.0
2019-08-02 07:00:00,0.39,402.23483,1.0
2019-08-02 08:00:00,0.01,622.9938,1.0
2019-08-02 09:00:00,0.26,760.5029,1.0
2019-08-02 10:00:00,0.37,773.8287,1.0
2019-08-02 11:00:00,0.39,841.7533,1.0
2019-08-02 12:00:00,0.35,797.6573,1.0
2019-08-02 13:00:00,0.25,736.95575,1.0
2019-08-02 14:00:00,0.3,661.6358,1.0
2019-08-02 15:00:00,0.22,517.7077,1.0
2019-08-02 16:00:00,0.23,360.84625,1.0
2019-08-02 17:00:00,0.17,136.18796,1.0
2019-08-02 18:00:00,0.41,36.477257,1.0
2019-08-02 19:00:00,0.26,0.0,0.21722222222222223
2019-08-02 20:00:00,0.26,0.0,0.0
2019-08-02 21:00:00,0.05,0.0,0.0
2019-08-02 22:00:00,0.17,0.0,0.0
2019-08-02 23:00:00,0.24,0.0,0.0
2019-08-03 00:00:00,0.67,0.0,0.0
2019-08-03 01:00:00,0.88,0.0,0.0
2019-08-03 02:00:00,0.51,0.0,0.0
2019-08-03 03:00:00,0.72,0.0,0.0
2019-08-03 04:00:00,0.09,0.0,0.0
2019-08-03 05:00:00,0.0,42.37281,0.9741666666666666
2019-08-03 06:00:00,0.38,216.8527,1.0
2019-08-03 07:00:00,0.15,433.1926,1.0
2019-08-03 08:00:00,0.12,641.3458,1.0
2019-08-03 09:00:00,0.18,813.48834,1.0
2019-08-03 10:00:00,0.08,930.42175,1.0
2019-08-03 11:00:00,0.11,960.083,1.0
2019-08-03 12:00:00,0.18,873.97894,1.0
2019-08-03 13:00:00,0.16,836.5987,1.0
2019-08-03 14:00:00,0.25,717.70685,1.0
2019-08-03 15:00:00,0.2,595.8394,1.0
2019-08-03 16:00:00,0.27,356.07767,1.0
2019-08-03 17:00:00,0.68,192.92264,1.0
2019-08-03 18:00:00,0.32,38.93349,1.0
2019-08-03 19:00:00,0.61,0.0,0.19944444444444445
2019-08-03 20:00:00,0.89,0.0,0.0
2019-08-03 21:00:00,0.88,0.0,0.0
2019-08-03 22:00:00,0.95,0.0,0.0
2019-08-03 23:00:00,0.9,0.0,0.0
2019-08-04 00:00:00,0.89,0.0,0.0
2019-08-04 01:00:00,0.93,0.0,0.0
2019-08-04 02:00:00,0.98,0.0,0.0
2019-08-04 03:00:00,0.98,0.0,0.0
2019-08-04 04:00:00,0.93,0.0,0.0
2019-08-04 05:00:00,0.65,38.426865,0.9588888888888889
2019-08-04 06:00:00,0.32,205.56659,1.0
2019-08-04 07:00:00,0.81,402.98233,1.0
2019-08-04 08:00:00,0.0,625.34357,1.0
2019-08-04 09:00:00,0.07,805.7498,1.0
2019-08-04 10:00:00,0.92,829.4592,1.0
2019-08-04 11:00:00,0.63,843.94867,1.0
2019-08-04 12:00:00,0.49,613.83905,1.0
2019-08-04 13:00:00,0.84,621.3713,1.0
2019-08-04 14:00:00,0.79,461.9431,1.0
2019-08-04 15:00:00,0.81,374.65686,1.0
2019-08-04 16:00:00,0.95,175.27725,1.0
2019-08-04 17:00:00,0.99,112.758286,1.0
2019-08-04 18:00:00,1.0,25.842,1.0
2019-08-04 19:00:00,1.0,0.0,0.18138888888888888
2019-08-04 20:00:00,0.98,0.0,0.0
2019-08-04 21:00:00,0.99,0.0,0.0
2019-08-04 22:00:00,1.0,0.0,0.0
2019-08-04 23:00:00,0.98,0.0,0.0
2019-08-05 00:00:00,0.92,0.0,0.0
2019-08-05 01:00:00,0.98,0.0,0.0
2019-08-05 02:00:00,0.98,0.0,0.0
2019-08-05 03:00:00,0.92,0.0,0.0
2019-08-05 04:00:00,0.84,0.0,0.0
2019-08-05 05:00:00,0.19,26.006283,0.9433333333333334
2019-08-05 06:00:00,0.34,172.33015,1.0
2019-08-05 07:00:00,0.11,393.94095,1.0
2019-08-05 08:00:00,0.01,590.2533,1.0
2019-08-05 09:00:00,0.01,782.9802,1.0
2019-08-05 10:00:00,0.06,888.21857,1.0
2019-08-05 11:00:00,0.16,866.69385,1.0
2019-08-05 12:00:00,0.27,813.98804,1.0
2019-08-05 13:00:00,0.22,804.0598,1.0
2019-08-05 14:00:00,0.38,576.52075,1.0
2019-08-05 15:00:00,0.5,420.8727,1.0
2019-08-05 16:00:00,0.55,248.50049,1.0
2019-08-05 17:00:00,0.52,180.23318,1.0
2019-08-05 18:00:00,0.35,35.182365,1.0
2019-08-05 19:00:00,0.11,0.0,0.16277777777777777
2019-08-05 20:00:00,0.06,0.0,0.0
2019-08-05 21:00:00,0.02,0.0,0.0
2019-08-05 22:00:00,0.09,0.0,0.0
2019-08-05 23:00:00,0.0,0.0,0.0
2019-08-06 00:00:00,0.0,0.0,0.0
2019-08-06 01:00:00,0.0,0.0,0.0
2019-08-06 02:00:00,0.0,0.0,0.0
2019-08-06 03:00:00,0.0,0.0,0.0
2019-08-06 04:00:00,0.0,0.0,0.0
2019-08-06 05:00:00,0.0,38.206684,0.9280555555555555
2019-08-06 06:00:00,0.0,211.09883,1.0
2019-08-06 07:00:00,0.0,428.87128,1.0
2019-08-06 08:00:00,0.03,636.0973,1.0
2019-08-06 09:00:00,0.36,749.97095,1.0
2019-08-06 10:00:00,0.69,848.81836,1.0
2019-08-06 11:00:00,0.64,882.9888,1.0
2019-08-06 12:00:00,0.5,913.57025,1.0
2019-08-06 13:00:00,0.39,834.606,1.0
2019-08-06 14:00:00,0.46,700.7125,1.0
2019-08-06 15:00:00,0.42,499.7684,1.0
2019-08-06 16:00:00,0.24,353.65903,1.0
2019-08-06 17:00:00,0.29,185.47282,1.0
2019-08-06 18:00:00,0.52,31.58609,1.0
2019-08-06 19:00:00,0.36,0.0,0.14416666666666667
2019-08-06 20:00:00,0.01,0.0,0.0
2019-08-06 21:00:00,0.0,0.0,0.0
2019-08-06 22:00:00,0.0,0.0,0.0
2019-08-06 23:00:00,0.06,0.0,0.0
2019-08-07 00:00:00,0.16,0.0,0.0
2019-08-07 01:00:00,0.44,0.0,0.0
2019-08-07 02:00:00,0.84,0.0,0.0
2019-08-07 03:00:00,0.92,0.0,0.0
2019-08-07 04:00:00,0.9,0.0,0.0
2019-08-07 05:00:00,0.4,34.836452,0.9127777777777778
2019-08-07 06:00:00,0.58,205.06033,1.0
2019-08-07 07:00:00,0.52,419.37335,1.0
2019-08-07 08:00:00,0.36,587.4282,1.0
2019-08-07 09:00:00,0.43,619.38965,1.0
2019-08-07 10:00:00,0.61,758.9489,1.0
2019-08-07 11:00:00,0.68,772.05927,1.0
2019-08-07 12:00:00,0.89,678.68555,1.0
2019-08-07 13:00:00,0.92,660.3106,1.0
2019-08-07 14:00:00,0.95,495.6504,1.0
2019-08-07 15:00:00,0.85,426.5504,1.0
2019-08-07 16:00:00,0.94,304.15637,1.0
2019-08-07 17:00:00,0.92,135.7921,1.0
2019-08-07 18:00:00,1.0,16.14839,1.0
2019-08-07 19:00:00,1.0,0.0,0.125
2019-08-07 20:00:00,0.56,0.0,0.0
2019-08-07 21:00:00,0.88,0.0,0.0
2019-08-07 22:00:00,0.36,0.0,0.0
2019-08-07 23:00:00,0.95,0.0,0.0
2019-08-08 00:00:00,0.93,0.0,0.0
2019-08-08 01:00:00,0.17,0.0,0.0
2019-08-08 02:00:00,0.41,0.0,0.0
2019-08-08 03:00:00,0.33,0.0,0.0
2019-08-08 04:00:00,0.58,0.0,0.0
2019-08-08 05:00:00,0.72,18.63316,0.8975
2019-08-08 06:00:00,0.66,149.02783,1.0
2019-08-08 07:00:00,0.85,280.06335,1.0
2019-08-08 08:00:00,0.67,472.54816,1.0
2019-08-08 09:00:00,0.21,689.33655,1.0
2019-08-08 10:00:00,0.16,774.0818,1.0
2019-08-08 11:00:00,0.38,801.1741,1.0
2019-08-08 12:00:00,0.29,706.6369,1.0
2019-08-08 13:00:00,0.75,393.7825,1.0
2019-08-08 14:00:00,0.88,337.53183,1.0
2019-08-08 15:00:00,0.91,206.77464,1.0
2019-08-08 16:00:00,0.43,250.53369,1.0
2019-08-08 17:00:00,0.59,105.93094,1.0
2019-08-08 18:00:00,0.6,24.736431,1.0
2019-08-08 19:00:00,0.12,0.0,0.10527777777777778
2019-08-08 20:00:00,0.38,0.0,0.0
2019-08-08 21:00:00,0.4,0.0,0.0
2019-08-08 22:00:00,0.31,0.0,0.0
2019-08-08 23:00:00,0.25,0.0,0.0
2019-08-09 00:00:00,0.84,0.0,0.0
2019-08-09 01:00:00,0.91,0.0,0.0
2019-08-09 02:00:00,0.98,0.0,0.0
2019-08-09 03:00:00,0.91,0.0,0.0
2019-08-09 04:00:00,0.03,0.0,0.0
2019-08-09 05:00:00,0.2,34.959892,0.8819444444444444
2019-08-09 06:00:00,0.24,199.58774,1.0
2019-08-09 07:00:00,0.14,412.59354,1.0
2019-08-09 08:00:00,0.23,631.0345,1.0
2019-08-09 09:00:00,0.13,776.4324,1.0
2019-08-09 10:00:00,0.24,884.6407,1.0
2019-08-09 11:00:00,0.15,890.96344,1.0
2019-08-09 12:00:00,0.14,875.01337,1.0
2019-08-09 13:00:00,0.39,778.124,1.0
2019-08-09 14:00:00,0.56,617.1782,1.0
2019-08-09 15:00:00,0.24,492.62393,1.0
2019-08-09 16:00:00,0.44,324.284,1.0
2019-08-09 17:00:00,0.4,137.27594,1.0
2019-08-09 18:00:00,0.33,29.49775,1.0
2019-08-09 19:00:00,0.36,0.0,0.085
2019-08-09 20:00:00,0.97,0.0,0.0
2019-08-09 21:00:00,0.99,0.0,0.0
2019-08-09 22:00:00,0.9,0.0,0.0
2019-08-09 23:00:00,0.77,0.0,0.0
2019-08-10 00:00:00,0.9,0.0,0.0
2019-08-10 01:00:00,1.0,0.0,0.0
2019-08-10 02:00:00,1.0,0.0,0.0
2019-08-10 03:00:00,0.98,0.0,0.0
2019-08-10 04:00:00,0.96,0.0,0.0
2019-08-10 05:00:00,0.83,23.50866,0.8663888888888889
2019-08-10 06:00:00,0.91,127.44482,1.0
2019-08-10 07:00:00,0.4,351.56213,1.0
2019-08-10 08:00:00,0.68,453.03445,1.0
2019-08-10 09:00:00,0.83,576.21594,1.0
2019-08-10 10:00:00,0.63,782.0444,1.0
2019-08-10 11:00:00,0.92,787.2102,1.0
2019-08-10 12:00:00,0.96,648.7564,1.0
2019-08-10 13:00:00,0.65,577.7234,1.0
2019-08-10 14:00:00,0.71,554.18604,1.0
2019-08-10 15:00:00,0.83,374.30057,1.0
2019-08-10 16:00:00,0.85,303.3724,1.0
2019-08-10 17:00:00,0.81,138.78476,1.0
2019-08-10 18:00:00,0.95,29.687923,1.0
2019-08-10 19:00:00,1.0,0.0,0.06444444444444444
2019-08-10 20:00:00,0.98,0.0,0.0
2019-08-10 21:00:00,0.98,0.0,0.0
2019-08-10 22:00:00,0.97,0.0,0.0
2019-08-10 23:00:00,1.0,0.0,0.0
2019-08-11 00:00:00,1.0,0.0,0.0
2019-08-11 01:00:00,0.99,0.0,0.0
2019-08-11 02:00:00,0.99,0.0,0.0
2019-08-11 03:00:00,0.92,0.0,0.0
2019-08-11 04:00:00,0.91,0.0,0.0
2019-08-11 05:00:00,0.98,23.705147,0.8508333333333333
2019-08-11 06:00:00,0.5,136.31654,1.0
2019-08-11 07:00:00,0.65,246.6357,1.0
2019-08-11 08:00:00,0.49,486.93106,1.0
2019-08-11 09:00:00,0.34,662.9195,1.0
2019-08-11 10:00:00,0.6,759.46387,1.0
2019-08-11 11:00:00,0.79,729.83563,1.0
2019-08-11 12:00:00,0.89,647.08624,1.0
2019-08-11 13:00:00,0.89,580.0142,1.0
2019-08-11 14:00:00,0.89,477.73834,1.0
2019-08-11 15:00:00,0.92,323.64825,1.0
2019-08-11 16:00:00,0.85,245.66896,1.0
2019-08-11 17:00:00,0.97,184.1997,1.0
2019-08-11 18:00:00,1.0,34.218235,1.0
2019-08-11 19:00:00,0.99,0.0,0.043611111111111114
2019-08-11 20:00:00,0.98,0.0,0.0
2019-08-11 21:00:00,0.62,0.0,0.0
2019-08-11 22:00:00,0.09,0.0,0.0
2019-08-11 23:00:00,0.02,0.0,0.0
2019-08-12 00:00:00,0.16,0.0,0.0
2019-08-12 01:00:00,0.33,0.0,0.0
2019-08-12 02:00:00,0.72,0.0,0.0
2019-08-12 03:00:00,0.1,0.0,0.0
2019-08-12 04:00:00,0.01,0.0,0.0
2019-08-12 05:00:00,0.0,30.640564,0.8352777777777778
2019-08-12 06:00:00,0.06,197.36179,1.0
2019-08-12 07:00:00,0.0,421.75485,1.0
2019-08-12 08:00:00,0.0,633.93774,1.0
2019-08-12 09:00:00,0.18,761.47534,1.0
2019-08-12 10:00:00,0.37,783.06,1.0
2019-08-12 11:00:00,0.25,813.1478,1.0
2019-08-12 12:00:00,0.29,854.5336,1.0
2019-08-12 13:00:00,0.41,725.74414,1.0
2019-08-12 14:00:00,0.44,635.789,1.0
2019-08-12 15:00:00,0.58,462.0059,1.0
2019-08-12 16:00:00,0.41,362.1443,1.0
2019-08-12 17:00:00,0.78,168.66924,1.0
2019-08-12 18:00:00,0.65,29.722809,1.0
2019-08-12 19:00:00,0.26,0.0,0.022222222222222223
2019-08-12 20:00:00,0.23,0.0,0.0
2019-08-12 21:00:00,0.02,0.0,0.0
2019-08-12 22:00:00,0.0,0.0,0.0
2019-08-12 23:00:00,0.0,0.0,0.0
2019-08-13 00:00:00,0.0,0.0,0.0
2019-08-13 01:00:00,0.0,0.0,0.0
2019-08-13 02:00:00,0.0,0.0,0.0
2019-08-13 03:00:00,0.0,0.0,0.0
2019-08-13 04:00:00,0.0,0.0,0.0
2019-08-13 05:00:00,0.0,30.818699,0.8194444444444444
2019-08-13 06:00:00,0.0,203.6528,1.0
2019-08-13 07:00:00,0.0,424.76114,1.0
2019-08-13 08:00:00,0.0,638.1335,1.0
2019-08-13 09:00:00,0.0,817.24744,1.0
2019-08-13 10:00:00,0.0,938.8343,1.0
2019-08-13 11:00:00,0.5,923.50323,1.0
2019-08-13 12:00:00,0.39,800.1442,1.0
2019-08-13 13:00:00,0.09,727.7688,1.0
2019-08-13 14:00:00,0.57,605.06274,1.0
2019-08-13 15:00:00,0.33,433.8012,1.0
2019-08-13 16:00:00,0.82,292.85254,1.0
2019-08-13 17:00:00,0.81,174.5788,1.0
2019-08-13 18:00:00,0.0,25.916788,1.0
2019-08-13 19:00:00,0.21,0.0,0.0002777777777777778
2019-08-13 20:00:00,0.12,0.0,0.0
2019-08-13 21:00:00,0.09,0.0,0.0
2019-08-13 22:00:00,0.4,0.0,0.0
2019-08-13 23:00:00,0.57,0.0,0.0
2019-08-14 00:00:00,0.14,0.0,0.0
2019-08-14 01:00:00,0.01,0.0,0.0
2019-08-14 02:00:00,0.04,0.0,0.0
2019-08-14 03:00:00,0.0,0.0,0.0
2019-08-14 04:00:00,0.0,0.0,0.0
2019-08-14 05:00:00,0.0,25.997705,0.8036111111111112
2019-08-14 06:00:00,0.27,173.91093,1.0
2019-08-14 07:00:00,0.0,412.7647,1.0
2019-08-14 08:00:00,0.0,629.3254,1.0
2019-08-14 09:00:00,0.17,734.0503,1.0
2019-08-14 10:00:00,0.12,892.2583,1.0
2019-08-14 11:00:00,0.17,931.2267,1.0
2019-08-14 12:00:00,0.28,833.64667,1.0
2019-08-14 13:00:00,0.41,706.9554,1.0
2019-08-14 14:00:00,0.06,670.19574,1.0
2019-08-14 15:00:00,0.31,515.37225,1.0
2019-08-14 16:00:00,0.1,354.23718,1.0
2019-08-14 17:00:00,0.16,164.79955,1.0
2019-08-14 18:00:00,0.28,24.274145,0.9780555555555556
2019-08-14 19:00:00,0.12,0.0,0.0
2019-08-14 20:00:00,0.05,0.0,0.0
2019-08-14 21:00:00,0.0,0.0,0.0
2019-08-14 22:00:00,0.0,0.0,0.0
2019-08-14 23:00:00,0.0,0.0,0.0
2019-08-15 00:00:00,0.0,0.0,0.0
2019-08-15 01:00:00,0.0,0.0,0.0
2019-08-15 02:00:00,0.0,0.0,0.0
2019-08-15 03:00:00,0.0,0.0,0.0
2019-08-15 04:00:00,0.0,0.0,0.0
2019-08-15 05:00:00,0.0,29.209024,0.7880555555555555
2019-08-15 06:00:00,0.0,199.54001,1.0
2019-08-15 07:00:00,0.0,423.18872,1.0
2019-08-15 08:00:00,0.0,637.9485,1.0
2019-08-15 09:00:00,0.0,814.8602,1.0
2019-08-15 10:00:00,0.03,940.075,1.0
2019-08-15 11:00:00,0.04,974.66626,1.0
2019-08-15 12:00:00,0.14,903.19244,1.0
2019-08-15 13:00:00,0.3,833.9492,1.0
2019-08-15 14:00:00,0.32,732.1351,1.0
2019-08-15 15:00:00,0.18,581.72876,1.0
2019-08-15 16:00:00,0.12,380.7846,1.0
2019-08-15 17:00:00,0.19,160.69096,1.0
2019-08-15 18:00:00,0.34,24.923414,0.9558333333333333
2019-08-15 19:00:00,0.53,0.0,0.0
2019-08-15 20:00:00,0.79,0.0,0.0
2019-08-15 21:00:00,0.07,0.0,0.0
2019-08-15 22:00:00,0.0,0.0,0.0
2019-08-15 23:00:00,0.0,0.0,0.0
2019-08-16 00:00:00,0.0,0.0,0.0
2019-08-16 01:00:00,0.0,0.0,0.0
2019-08-16 02:00:00,0.0,0.0,0.0
2019-08-16 03:00:00,0.0,0.0,0.0
2019-08-16 04:00:00,0.01,0.0,0.0
2019-08-16 05:00:00,0.0,23.300829,0.7722222222222223
2019-08-16 06:00:00,0.0,159.17369,1.0
2019-08-16 07:00:00,1.0,231.06653,1.0
2019-08-16 08:00:00,1.0,345.97205,1.0
2019-08-16 09:00:00,0.87,575.56525,1.0
2019-08-16 10:00:00,0.29,796.97516,1.0
2019-08-16 11:00:00,0.5,783.9661,1.0
2019-08-16 12:00:00,0.6,791.225,1.0
2019-08-16 13:00:00,0.69,615.51514,1.0
2019-08-16 14:00:00,0.77,524.2267,1.0
2019-08-16 15:00:00,0.79,389.38013,1.0
2019-08-16 16:00:00,0.75,275.5402,1.0
2019-08-16 17:00:00,0.26,158.21368,1.0
2019-08-16 18:00:00,0.33,20.803186,0.9330555555555555
2019-08-16 19:00:00,0.65,0.0,0.0
2019-08-16 20:00:00,0.75,0.0,0.0
2019-08-16 21:00:00,0.01,0.0,0.0
2019-08-16 22:00:00,0.0,0.0,0.0
2019-08-16 23:00:00,0.0,0.0,0.0
2019-08-17 00:00:00,0.0,0.0,0.0
2019-08-17 01:00:00,0.0,0.0,0.0
2019-08-17 02:00:00,0.0,0.0,0.0
2019-08-17 03:00:00,0.0,0.0,0.0
2019-08-17 04:00:00,0.0,0.0,0.0
2019-08-17 05:00:00,0.03,26.540644,0.7563888888888889
2019-08-17 06:00:00,0.0,194.33105,1.0
2019-08-17 07:00:00,0.0,406.6795,1.0
2019-08-17 08:00:00,0.19,624.9834,1.0
2019-08-17 09:00:00,0.13,750.88,1.0
2019-08-17 10:00:00,0.52,790.917,1.0
2019-08-17 11:00:00,0.25,850.9244,1.0
2019-08-17 12:00:00,0.63,897.9409,1.0
2019-08-17 13:00:00,0.63,550.2086,1.0
2019-08-17 14:00:00,0.79,523.4234,1.0
2019-08-17 15:00:00,0.64,394.29886,1.0
2019-08-17 16:00:00,0.85,251.6319,1.0
2019-08-17 17:00:00,0.64,163.38666,1.0
2019-08-17 18:00:00,0.17,21.45532,0.91
2019-08-17 19:00:00,0.48,0.0,0.0
2019-08-17 20:00:00,0.21,0.0,0.0
2019-08-17 21:00:00,0.01,0.0,0.0
2019-08-17 22:00:00,0.0,0.0,0.0
2019-08-17 23:00:00,0.0,0.0,0.0
2019-08-18 00:00:00,0.0,0.0,0.0
2019-08-18 01:00:00,0.0,0.0,0.0
2019-08-18 02:00:00,0.0,0.0,0.0
2019-08-18 03:00:00,0.0,0.0,0.0
2019-08-18 04:00:00,0.01,0.0,0.0
2019-08-18 05:00:00,0.4,21.50899,0.7405555555555555
2019-08-18 06:00:00,0.73,132.03006,1.0
2019-08-18 07:00:00,0.99,249.08955,1.0
2019-08-18 08:00:00,0.72,460.82355,1.0
2019-08-18 09:00:00,0.03,734.16266,1.0
2019-08-18 10:00:00,0.0,915.8946,1.0
2019-08-18 11:00:00,0.01,986.99365,1.0
2019-08-18 12:00:00,0.44,981.65283,1.0
2019-08-18 13:00:00,0.26,877.412,1.0
2019-08-18 14:00:00,0.31,704.0541,1.0
2019-08-18 15:00:00,0.21,544.76526,1.0
2019-08-18 16:00:00,0.41,316.26828,1.0
2019-08-18 17:00:00,0.12,153.27872,1.0
2019-08-18 18:00:00,0.09,19.587765,0.8866666666666667
2019-08-18 19:00:00,0.17,0.0,0.0
2019-08-18 20:00:00,0.09,0.0,0.0
2019-08-18 21:00:00,0.0,0.0,0.0
2019-08-18 22:00:00,0.0,0.0,0.0
2019-08-18 23:00:00,0.0,0.0,0.0
2019-08-19 00:00:00,0.26,0.0,0.0
2019-08-19 01:00:00,0.32,0.0,0.0
2019-08-19 02:00:00,0.55,0.0,0.0
2019-08-19 03:00:00,0.6,0.0,0.0
2019-08-19 04:00:00,0.62,0.0,0.0
2019-08-19 05:00:00,0.34,23.718296,0.725
2019-08-19 06:00:00,0.3,187.65268,1.0
2019-08-19 07:00:00,0.1,415.87427,1.0
2019-08-19 08:00:00,0.22,630.93494,1.0
2019-08-19 09:00:00,0.4,806.9289,1.0
2019-08-19 10:00:00,0.12,885.0779,1.0
2019-08-19 11:00:00,0.32,829.2326,1.0
2019-08-19 12:00:00,0.45,803.86786,1.0
2019-08-19 13:00:00,0.8,684.79156,1.0
2019-08-19 14:00:00,0.99,560.3668,1.0
2019-08-19 15:00:00,0.88,496.96548,1.0
2019-08-19 16:00:00,0.59,348.28064,1.0
2019-08-19 17:00:00,0.22,122.34195,1.0
2019-08-19 18:00:00,0.36,18.121265,0.8630555555555556
2019-08-19 19:00:00,0.71,0.0,0.0
2019-08-19 20:00:00,0.12,0.0,0.0
2019-08-19 21:00:00,0.06,0.0,0.0
2019-08-19 22:00:00,0.15,0.0,0.0
2019-08-19 23:00:00,0.0,0.0,0.0
2019-08-20 00:00:00,0.05,0.0,0.0
2019-08-20 01:00:00,0.0,0.0,0.0
2019-08-20 02:00:00,0.0,0.0,0.0
2019-08-20 03:00:00,0.44,0.0,0.0
2019-08-20 04:00:00,0.19,0.0,0.0
2019-08-20 05:00:00,0.15,21.616074,0.7091666666666666
2019-08-20 06:00:00,0.79,173.59465,1.0
2019-08-20 07:00:00,0.82,386.72955,1.0
2019-08-20 08:00:00,0.83,605.6931,1.0
2019-08-20 09:00:00,0.82,789.38245,1.0
2019-08-20 10:00:00,0.87,882.0548,1.0
2019-08-20 11:00:00,0.4,952.3138,1.0
2019-08-20 12:00:00,0.18,918.54425,1.0
2019-08-20 13:00:00,0.12,883.7412,1.0
2019-08-20 14:00:00,0.09,617.8455,1.0
2019-08-20 15:00:00,0.49,425.80725,1.0
2019-08-20 16:00:00,0.84,248.89207,1.0
2019-08-20 17:00:00,0.76,140.51938,1.0
2019-08-20 18:00:00,0.75,16.522099,0.8394444444444444
2019-08-20 19:00:00,0.69,0.0,0.0
2019-08-20 20:00:00,0.51,0.0,0.0
2019-08-20 21:00:00,0.09,0.0,0.0
2019-08-20 22:00:00,0.01,0.0,0.0
2019-08-20 23:00:00,0.03,0.0,0.0
2019-08-21 00:00:00,0.0,0.0,0.0
2019-08-21 01:00:00,0.0,0.0,0.0
2019-08-21 02:00:00,0.0,0.0,0.0
2019-08-21 03:00:00,0.0,0.0,0.0
2019-08-21 04:00:00,0.15,0.0,0.0
2019-08-21 05:00:00,0.23,20.963959,0.6933333333333334
2019-08-21 06:00:00,0.33,181.58186,1.0
2019-08-21 07:00:00,0.02,404.90646,1.0
2019-08-21 08:00:00,0.02,573.38495,1.0
2019-08-21 09:00:00,0.35,749.2839,1.0
2019-08-21 10:00:00,0.58,694.56354,1.0
2019-08-21 11:00:00,0.43,696.02704,1.0
2019-08-21 12:00:00,0.81,712.11536,1.0
2019-08-21 13:00:00,0.65,554.2173,1.0
2019-08-21 14:00:00,0.87,460.18185,1.0
2019-08-21 15:00:00,0.98,331.8834,1.0
2019-08-21 16:00:00,0.9,256.05267,1.0
2019-08-21 17:00:00,0.91,40.281517,1.0
2019-08-21 18:00:00,1.0,11.927076,0.8155555555555556
2019-08-21 19:00:00,1.0,0.0,0.0
2019-08-21 20:00:00,0.98,0.0,0.0
2019-08-21 21:00:00,0.93,0.0,0.0
2019-08-21 22:00:00,0.07,0.0,0.0
2019-08-21 23:00:00,0.0,0.0,0.0
2019-08-22 00:00:00,0.0,0.0,0.0
2019-08-22 01:00:00,0.0,0.0,0.0
2019-08-22 02:00:00,0.03,0.0,0.0
2019-08-22 03:00:00,0.0,0.0,0.0
2019-08-22 04:00:00,0.0,0.0,0.0
2019-08-22 05:00:00,0.0,11.432334,0.6777777777777778
2019-08-22 06:00:00,0.6,121.116356,1.0
2019-08-22 07:00:00,0.03,364.7403,1.0
2019-08-22 08:00:00,0.0,606.4892,1.0
2019-08-22 09:00:00,0.33,787.6588,1.0
2019-08-22 10:00:00,0.5,860.02136,1.0
2019-08-22 11:00:00,0.57,734.23065,1.0
2019-08-22 12:00:00,0.4,876.20294,1.0
2019-08-22 13:00:00,0.72,535.9568,1.0
2019-08-22 14:00:00,0.93,304.47058,1.0
2019-08-22 15:00:00,0.83,399.58972,1.0
2019-08-22 16:00:00,1.0,217.65079,1.0
2019-08-22 17:00:00,0.81,72.5625,1.0
2019-08-22 18:00:00,0.96,12.208703,0.7913888888888889
2019-08-22 19:00:00,0.87,0.0,0.0
2019-08-22 20:00:00,0.75,0.0,0.0
2019-08-22 21:00:00,0.77,0.0,0.0
2019-08-22 22:00:00,0.85,0.0,0.0
2019-08-22 23:00:00,1.0,0.0,0.0
2019-08-23 00:00:00,1.0,0.0,0.0
2019-08-23 01:00:00,0.99,0.0,0.0
2019-08-23 02:00:00,0.96,0.0,0.0
2019-08-23 03:00:00,0.95,0.0,0.0
2019-08-23 04:00:00,0.83,0.0,0.0
2019-08-23 05:00:00,0.73,9.939231,0.6619444444444444
2019-08-23 06:00:00,0.89,147.17706,1.0
2019-08-23 07:00:00,0.54,334.97067,1.0
2019-08-23 08:00:00,0.34,512.09937,1.0
2019-08-23 09:00:00,0.75,568.6862,1.0
2019-08-23 10:00:00,0.96,670.3396,1.0
2019-08-23 11:00:00,0.87,357.89227,1.0
2019-08-23 12:00:00,0.63,756.2197,1.0
2019-08-23 13:00:00,0.62,732.72577,1.0
2019-08-23 14:00:00,0.9,483.06134,1.0
2019-08-23 15:00:00,0.98,352.01303,1.0
2019-08-23 16:00:00,0.95,208.89066,1.0
2019-08-23 17:00:00,0.95,126.57893,1.0
2019-08-23 18:00:00,0.28,14.604976,0.7672222222222222
2019-08-23 19:00:00,0.19,0.0,0.0
2019-08-23 20:00:00,0.76,0.0,0.0
2019-08-23 21:00:00,0.81,0.0,0.0
2019-08-23 22:00:00,0.31,0.0,0.0
2019-08-23 23:00:00,0.06,0.0,0.0
2019-08-24 00:00:00,0.22,0.0,0.0
2019-08-24 01:00:00,0.26,0.0,0.0
2019-08-24 02:00:00,0.07,0.0,0.0
2019-08-24 03:00:00,0.0,0.0,0.0
2019-08-24 04:00:00,0.0,0.0,0.0
2019-08-24 05:00:00,0.0,19.324839,0.6463888888888889
2019-08-24 06:00:00,0.0,181.04733,1.0
2019-08-24 07:00:00,0.0,407.5222,1.0
2019-08-24 08:00:00,0.56,499.53036,1.0
2019-08-24 09:00:00,1.0,568.9823,1.0
2019-08-24 10:00:00,0.88,717.9034,1.0
2019-08-24 11:00:00,0.65,902.39856,1.0
2019-08-24 12:00:00,0.84,720.64,1.0
2019-08-24 13:00:00,0.68,683.3525,1.0
2019-08-24 14:00:00,0.74,545.856,1.0
2019-08-24 15:00:00,0.89,422.975,1.0
2019-08-24 16:00:00,0.67,323.34653,1.0
2019-08-24 17:00:00,0.73,110.524994,1.0
2019-08-24 18:00:00,0.84,11.168216,0.7427777777777778
2019-08-24 19:00:00,0.02,0.0,0.0
2019-08-24 20:00:00,0.0,0.0,0.0
2019-08-24 21:00:00,0.0,0.0,0.0
2019-08-24 22:00:00,0.0,0.0,0.0
2019-08-24 23:00:00,0.0,0.0,0.0
2019-08-25 00:00:00,0.0,0.0,0.0
2019-08-25 01:00:00,0.0,0.0,0.0
2019-08-25 02:00:00,0.0,0.0,0.0
2019-08-25 03:00:00,0.21,0.0,0.0
2019-08-25 04:00:00,1.0,0.0,0.0
2019-08-25 05:00:00,1.0,11.927076,0.6308333333333334
2019-08-25 06:00:00,0.9,148.65561,1.0
2019-08-25 07:00:00,0.76,369.4475,1.0
2019-08-25 08:00:00,0.0,604.4781,1.0
2019-08-25 09:00:00,0.0,789.0092,1.0
2019-08-25 10:00:00,0.0,922.8141,1.0
2019-08-25 11:00:00,0.0,983.9473,1.0
2019-08-25 12:00:00,0.31,844.2047,1.0
2019-08-25 13:00:00,0.36,753.7876,1.0
2019-08-25 14:00:00,0.5,625.9563,1.0
2019-08-25 15:00:00,0.35,491.37814,1.0
2019-08-25 16:00:00,0.45,299.78467,1.0
2019-08-25 17:00:00,0.51,127.62672,1.0
2019-08-25 18:00:00,0.55,12.085181,0.7186111111111111
2019-08-25 19:00:00,0.04,0.0,0.0
2019-08-25 20:00:00,0.01,0.0,0.0
2019-08-25 21:00:00,0.0,0.0,0.0
2019-08-25 22:00:00,0.0,0.0,0.0
2019-08-25 23:00:00,0.01,0.0,0.0
2019-08-26 00:00:00,0.0,0.0,0.0
2019-08-26 01:00:00,0.0,0.0,0.0
2019-08-26 02:00:00,0.0,0.0,0.0
2019-08-26 03:00:00,0.0,0.0,0.0
2019-08-26 04:00:00,0.13,0.0,0.0
2019-08-26 05:00:00,0.69,12.911427,0.6152777777777778
2019-08-26 06:00:00,0.43,147.95663,1.0
2019-08-26 07:00:00,1.0,342.9883,1.0
2019-08-26 08:00:00,0.75,569.05005,1.0
2019-08-26 09:00:00,0.78,756.03033,1.0
2019-08-26 10:00:00,0.85,776.86816,1.0
2019-08-26 11:00:00,0.64,801.65265,1.0
2019-08-26 12:00:00,0.55,837.9224,1.0
2019-08-26 13:00:00,0.11,804.9347,1.0
2019-08-26 14:00:00,0.01,740.4431,1.0
2019-08-26 15:00:00,0.11,539.9686,1.0
2019-08-26 16:00:00,0.0,343.59866,1.0
2019-08-26 17:00:00,0.0,137.18048,1.0
2019-08-26 18:00:00,0.01,10.8498955,0.6941666666666667
2019-08-26 19:00:00,0.03,0.0,0.0
2019-08-26 20:00:00,0.08,0.0,0.0
2019-08-26 21:00:00,0.16,0.0,0.0
2019-08-26 22:00:00,0.24,0.0,0.0
2019-08-26 23:00:00,0.34,0.0,0.0
2019-08-27 00:00:00,0.15,0.0,0.0
2019-08-27 01:00:00,0.07,0.0,0.0
2019-08-27 02:00:00,0.04,0.0,0.0
2019-08-27 03:00:00,0.04,0.0,0.0
2019-08-27 04:00:00,0.04,0.0,0.0
2019-08-27 05:00:00,0.04,15.432819,0.5997222222222223
2019-08-27 06:00:00,0.0,173.07043,1.0
2019-08-27 07:00:00,0.0,395.82578,1.0
2019-08-27 08:00:00,0.0,610.45984,1.0
2019-08-27 09:00:00,0.0,785.7845,1.0
2019-08-27 10:00:00,0.03,901.6431,1.0
2019-08-27 11:00:00,0.04,960.78986,1.0
2019-08-27 12:00:00,0.04,949.43414,1.0
2019-08-27 13:00:00,0.01,841.2681,1.0
2019-08-27 14:00:00,0.04,638.30554,1.0
2019-08-27 15:00:00,0.09,539.5027,1.0
2019-08-27 16:00:00,0.14,305.5008,1.0
2019-08-27 17:00:00,0.06,112.985695,1.0
2019-08-27 18:00:00,0.03,9.403299,0.6694444444444444
2019-08-27 19:00:00,0.29,0.0,0.0
2019-08-27 20:00:00,0.27,0.0,0.0
2019-08-27 21:00:00,0.08,0.0,0.0
2019-08-27 22:00:00,0.05,0.0,0.0
2019-08-27 23:00:00,0.06,0.0,0.0
2019-08-28 00:00:00,0.07,0.0,0.0
2019-08-28 01:00:00,0.0,0.0,0.0
2019-08-28 02:00:00,0.0,0.0,0.0
2019-08-28 03:00:00,0.0,0.0,0.0
2019-08-28 04:00:00,0.0,0.0,0.0
2019-08-28 05:00:00,0.0,15.579732,0.5841666666666666
2019-08-28 06:00:00,0.0,177.52345,1.0
2019-08-28 07:00:00,0.0,408.35553,1.0
2019-08-28 08:00:00,0.0,629.93646,1.0
2019-08-28 09:00:00,0.0,811.88,1.0
2019-08-28 10:00:00,0.0,937.9102,1.0
2019-08-28 11:00:00,0.0,997.75653,1.0
2019-08-28 12:00:00,0.0,988.67664,1.0
2019-08-28 13:00:00,0.0,910.8292,1.0
2019-08-28 14:00:00,0.0,769.34985,1.0
2019-08-28 15:00:00,0.0,576.2664,1.0
2019-08-28 16:00:00,0.0,357.76355,1.0
2019-08-28 17:00:00,0.0,138.61804,1.0
2019-08-28 18:00:00,0.0,8.554277,0.6444444444444445
2019-08-28 19:00:00,0.0,0.0,0.0
2019-08-28 20:00:00,0.0,0.0,0.0
2019-08-28 21:00:00,0.0,0.0,0.0
2019-08-28 22:00:00,0.0,0.0,0.0
2019-08-28 23:00:00,0.0,0.0,0.0
2019-08-29 00:00:00,0.0,0.0,0.0
2019-08-29 01:00:00,0.0,0.0,0.0
2019-08-29 02:00:00,0.0,0.0,0.0
2019-08-29 03:00:00,0.0,0.0,0.0
2019-08-29 04:00:00,0.22,0.0,0.0
2019-08-29 05:00:00,0.01,13.960635,0.5686111111111111
2019-08-29 06:00:00,0.78,163.41597,1.0
2019-08-29 07:00:00,0.95,360.6107,1.0
2019-08-29 08:00:00,0.0,582.0118,1.0
2019-08-29 09:00:00,0.3,634.3896,1.0
2019-08-29 10:00:00,1.0,596.00256,1.0
2019-08-29 11:00:00,1.0,441.85284,1.0
2019-08-29 12:00:00,1.0,372.1298,1.0
2019-08-29 13:00:00,1.0,372.01984,1.0
2019-08-29 14:00:00,0.99,381.3614,1.0
2019-08-29 15:00:00,0.98,255.87851,1.0
2019-08-29 16:00:00,0.99,176.93513,1.0
2019-08-29 17:00:00,0.77,110.89588,1.0
2019-08-29 18:00:00,0.3,9.244888,0.6191666666666666
2019-08-29 19:00:00,0.47,0.0,0.0
2019-08-29 20:00:00,0.98,0.0,0.0
2019-08-29 21:00:00,0.96,0.0,0.0
2019-08-29 22:00:00,0.36,0.0,0.0
2019-08-29 23:00:00,0.63,0.0,0.0
2019-08-30 00:00:00,0.83,0.0,0.0
2019-08-30 01:00:00,0.98,0.0,0.0
2019-08-30 02:00:00,0.97,0.0,0.0
2019-08-30 03:00:00,0.99,0.0,0.0
2019-08-30 04:00:00,0.86,0.0,0.0
2019-08-30 05:00:00,0.01,11.071804,0.5530555555555555
2019-08-30 06:00:00,0.55,92.5151,1.0
2019-08-30 07:00:00,0.38,218.68942,1.0
2019-08-30 08:00:00,0.15,437.1281,1.0
2019-08-30 09:00:00,0.02,699.9424,1.0
2019-08-30 10:00:00,0.79,727.5571,1.0
2019-08-30 11:00:00,0.34,831.0054,1.0
2019-08-30 12:00:00,0.52,795.75903,1.0
2019-08-30 13:00:00,0.6,708.6374,1.0
2019-08-30 14:00:00,0.65,596.63074,1.0
2019-08-30 15:00:00,0.36,414.53488,1.0
2019-08-30 16:00:00,0.39,285.28342,1.0
2019-08-30 17:00:00,0.3,100.27794,1.0
2019-08-30 18:00:00,0.76,8.022584,0.5936111111111111
2019-08-30 19:00:00,0.42,0.0,0.0
2019-08-30 20:00:00,0.01,0.0,0.0
2019-08-30 21:00:00,0.0,0.0,0.0
2019-08-30 22:00:00,0.0,0.0,0.0
2019-08-30 23:00:00,0.0,0.0,0.0
2019-08-31 00:00:00,0.0,0.0,0.0
2019-08-31 01:00:00,0.0,0.0,0.0
2019-08-31 02:00:00,0.0,0.0,0.0
2019-08-31 03:00:00,0.11,0.0,0.0
2019-08-31 04:00:00,0.0,0.0,0.0
2019-08-31 05:00:00,0.0,11.169563,0.5375
2019-08-31 06:00:00,0.22,154.93904,1.0
2019-08-31 07:00:00,0.13,388.01776,1.0
2019-08-31 08:00:00,0.02,595.9083,1.0
2019-08-31 09:00:00,0.23,724.6528,1.0
2019-08-31 10:00:00,0.42,859.85315,1.0
2019-08-31 11:00:00,0.27,930.3765,1.0
2019-08-31 12:00:00,0.28,781.14343,1.0
2019-08-31 13:00:00,0.44,695.2435,1.0
2019-08-31 14:00:00,0.53,577.40186,1.0
2019-08-31 15:00:00,0.57,395.7719,1.0
2019-08-31 16:00:00,0.39,257.02643,1.0
2019-08-31 17:00:00,0.21,118.40431,1.0
2019-08-31 18:00:00,0.27,5.9751787,0.5675
2019-08-31 19:00:00,0.3,0.0,0.0
2019-08-31 20:00:00,0.0,0.0,0.0
2019-08-31 21:00:00,0.0,0.0,0.0
2019-08-31 22:00:00,0.0,0.0,0.0
2019-08-31 23:00:00,0.0,0.0,0.0
2019-09-01 00:00:00,0.0,0.0,0.0
2019-09-01 01:00:00,0.0,0.0,0.0
2019-09-01 02:00:00,0.0,0.0,0.0
2019-09-01 03:00:00,0.0,0.0,0.0
2019-09-01 04:00:00,0.0,0.0,0.0
2019-09-01 05:00:00,0.0,11.6058235,0.5222222222222223
2019-09-01 06:00:00,0.0,162.27856,1.0
2019-09-01 07:00:00,0.0,385.17502,1.0
2019-09-01 08:00:00,0.0,602.0129,1.0
2019-09-01 09:00:00,0.17,779.9341,1.0
2019-09-01 10:00:00,0.37,850.72876,1.0
2019-09-01 11:00:00,0.28,859.99585,1.0
2019-09-01 12:00:00,0.13,908.72534,1.0
2019-09-01 13:00:00,0.45,827.5794,1.0
2019-09-01 14:00:00,0.78,574.9628,1.0
2019-09-01 15:00:00,0.74,397.8722,1.0
2019-09-01 16:00:00,0.58,257.03778,1.0
2019-09-01 17:00:00,0.47,110.15556,1.0
2019-09-01 18:00:00,0.51,5.969615,0.5413888888888889
2019-09-01 19:00:00,0.49,0.0,0.0
2019-09-01 20:00:00,0.03,0.0,0.0
2019-09-01 21:00:00,0.01,0.0,0.0
2019-09-01 22:00:00,0.0,0.0,0.0
2019-09-01 23:00:00,0.0,0.0,0.0
2019-09-02 00:00:00,0.0,0.0,0.0
2019-09-02 01:00:00,0.0,0.0,0.0
2019-09-02 02:00:00,0.0,0.0,0.0
2019-09-02 03:00:00,0.0,0.0,0.0
2019-09-02 04:00:00,0.0,0.0,0.0
2019-09-02 05:00:00,0.0,11.380908,0.5066666666666667
2019-09-02 06:00:00,0.0,164.56169,1.0
2019-09-02 07:00:00,0.0,394.8407,1.0
2019-09-02 08:00:00,0.0,610.161,1.0
2019-09-02 09:00:00,0.23,769.0228,1.0
2019-09-02 10:00:00,0.19,852.9506,1.0
2019-09-02 11:00:00,0.83,965.97943,1.0
2019-09-02 12:00:00,0.71,858.2739,1.0
2019-09-02 13:00:00,0.27,865.099,1.0
2019-09-02 14:00:00,0.79,665.68115,1.0
2019-09-02 15:00:00,0.52,509.4098,1.0
2019-09-02 16:00:00,0.64,270.592,1.0
2019-09-02 17:00:00,0.58,106.30031,1.0
2019-09-02 18:00:00,0.21,4.9756923,0.515
2019-09-02 19:00:00,0.23,0.0,0.0
2019-09-02 20:00:00,0.01,0.0,0.0
2019-09-02 21:00:00,0.0,0.0,0.0
2019-09-02 22:00:00,0.0,0.0,0.0
2019-09-02 23:00:00,0.0,0.0,0.0
2019-09-03 00:00:00,0.0,0.0,0.0
2019-09-03 01:00:00,0.0,0.0,0.0
2019-09-03 02:00:00,0.0,0.0,0.0
2019-09-03 03:00:00,0.19,0.0,0.0
2019-09-03 04:00:00,0.32,0.0,0.0
2019-09-03 05:00:00,0.49,10.112206,0.4911111111111111
2019-09-03 06:00:00,0.82,136.92374,1.0
2019-09-03 07:00:00,0.84,359.53284,1.0
2019-09-03 08:00:00,0.8,576.18634,1.0
2019-09-03 09:00:00,0.25,733.4013,1.0
2019-09-03 10:00:00,0.43,696.76807,1.0
2019-09-03 11:00:00,0.14,899.7323,1.0
2019-09-03 12:00:00,0.01,933.4016,1.0
2019-09-03 13:00:00,0.49,842.24695,1.0
2019-09-03 14:00:00,0.43,655.368,1.0
2019-09-03 15:00:00,0.34,385.36697,1.0
2019-09-03 16:00:00,0.83,222.16779,1.0
2019-09-03 17:00:00,0.86,35.246166,1.0
2019-09-03 18:00:00,1.0,2.981769,0.48833333333333334
2019-09-03 19:00:00,1.0,0.0,0.0
2019-09-03 20:00:00,0.5,0.0,0.0
2019-09-03 21:00:00,0.42,0.0,0.0
2019-09-03 22:00:00,0.09,0.0,0.0
2019-09-03 23:00:00,0.06,0.0,0.0
2019-09-04 00:00:00,0.04,0.0,0.0
2019-09-04 01:00:00,0.3,0.0,0.0
2019-09-04 02:00:00,0.01,0.0,0.0
2019-09-04 03:00:00,0.0,0.0,0.0
2019-09-04 04:00:00,0.0,0.0,0.0
2019-09-04 05:00:00,0.0,9.208571,0.47555555555555556
2019-09-04 06:00:00,0.11,137.10793,1.0
2019-09-04 07:00:00,0.58,335.0382,1.0
2019-09-04 08:00:00,0.75,465.0981,1.0
2019-09-04 09:00:00,0.64,634.5751,1.0
2019-09-04 10:00:00,0.54,579.30237,1.0
2019-09-04 11:00:00,0.54,747.8744,1.0
2019-09-04 12:00:00,0.5,771.2355,1.0
2019-09-04 13:00:00,0.55,606.2487,1.0
2019-09-04 14:00:00,0.8,362.03793,1.0
2019-09-04 15:00:00,0.49,369.91513,1.0
2019-09-04 16:00:00,0.52,248.66872,1.0
2019-09-04 17:00:00,0.74,75.24736,1.0
2019-09-04 18:00:00,0.51,4.972654,0.46166666666666667
2019-09-04 19:00:00,0.4,0.0,0.0
2019-09-04 20:00:00,0.9,0.0,0.0
2019-09-04 21:00:00,0.77,0.0,0.0
2019-09-04 22:00:00,0.01,0.0,0.0
2019-09-04 23:00:00,0.0,0.0,0.0
2019-09-05 00:00:00,0.0,0.0,0.0
2019-09-05 01:00:00,0.0,0.0,0.0
2019-09-05 02:00:00,0.0,0.0,0.0
2019-09-05 03:00:00,0.0,0.0,0.0
2019-09-05 04:00:00,0.0,0.0,0.0
2019-09-05 05:00:00,0.0,8.30984,0.46
2019-09-05 06:00:00,0.0,145.30243,1.0
2019-09-05 07:00:00,0.0,364.9687,1.0
2019-09-05 08:00:00,0.0,581.41406,1.0
2019-09-05 09:00:00,0.08,722.6135,1.0
2019-09-05 10:00:00,0.38,778.3993,1.0
2019-09-05 11:00:00,0.39,770.9778,1.0
2019-09-05 12:00:00,0.39,776.59424,1.0
2019-09-05 13:00:00,0.31,661.2641,1.0
2019-09-05 14:00:00,0.66,557.15814,1.0
2019-09-05 15:00:00,0.82,379.80627,1.0
2019-09-05 16:00:00,0.92,218.13101,1.0
2019-09-05 17:00:00,0.91,51.908066,1.0
2019-09-05 18:00:00,0.99,1.9878461,0.43472222222222223
2019-09-05 19:00:00,0.98,0.0,0.0
2019-09-05 20:00:00,0.87,0.0,0.0
2019-09-05 21:00:00,0.78,0.0,0.0
2019-09-05 22:00:00,0.74,0.0,0.0
2019-09-05 23:00:00,0.21,0.0,0.0
2019-09-06 00:00:00,0.0,0.0,0.0
2019-09-06 01:00:00,0.25,0.0,0.0
2019-09-06 02:00:00,0.31,0.0,0.0
2019-09-06 03:00:00,0.27,0.0,0.0
2019-09-06 04:00:00,0.59,0.0,0.0
2019-09-06 05:00:00,0.72,6.4478583,0.44472222222222224
2019-09-06 06:00:00,0.73,103.01903,1.0
2019-09-06 07:00:00,0.46,304.33694,1.0
2019-09-06 08:00:00,0.4,462.57288,1.0
2019-09-06 09:00:00,0.45,600.5795,1.0
2019-09-06 10:00:00,0.42,786.62305,1.0
2019-09-06 11:00:00,0.4,865.2874,1.0
2019-09-06 12:00:00,0.79,558.40094,1.0
2019-09-06 13:00:00,1.0,187.85147,1.0
2019-09-06 14:00:00,0.68,515.07947,1.0
2019-09-06 15:00:00,0.97,354.688,1.0
2019-09-06 16:00:00,0.89,159.61629,1.0
2019-09-06 17:00:00,0.95,31.244856,1.0
2019-09-06 18:00:00,1.0,1.9878461,0.4075
2019-09-06 19:00:00,1.0,0.0,0.0
2019-09-06 20:00:00,0.94,0.0,0.0
2019-09-06 21:00:00,0.68,0.0,0.0
2019-09-06 22:00:00,0.9,0.0,0.0
2019-09-06 23:00:00,1.0,0.0,0.0
2019-09-07 00:00:00,0.96,0.0,0.0
2019-09-07 01:00:00,0.32,0.0,0.0
2019-09-07 02:00:00,0.68,0.0,0.0
2019-09-07 03:00:00,0.92,0.0,0.0
2019-09-07 04:00:00,0.94,0.0,0.0
2019-09-07 05:00:00,0.97,3.9756923,0.42916666666666664
2019-09-07 06:00:00,0.84,102.85735,1.0
2019-09-07 07:00:00,0.91,277.27777,1.0
2019-09-07 08:00:00,0.91,531.7414,1.0
2019-09-07 09:00:00,0.79,723.1781,1.0
2019-09-07 10:00:00,0.18,756.28625,1.0
2019-09-07 11:00:00,0.45,774.7851,1.0
2019-09-07 12:00:00,0.56,743.118,1.0
2019-09-07 13:00:00,0.43,736.1799,1.0
2019-09-07 14:00:00,0.41,611.7195,1.0
2019-09-07 15:00:00,0.34,432.45877,1.0
2019-09-07 16:00:00,0.4,259.45013,1.0
2019-09-07 17:00:00,0.48,80.42789,1.0
2019-09-07 18:00:00,0.34,2.9832883,0.38055555555555554
2019-09-07 19:00:00,0.23,0.0,0.0
2019-09-07 20:00:00,0.21,0.0,0.0
2019-09-07 21:00:00,0.18,0.0,0.0
2019-09-07 22:00:00,0.13,0.0,0.0
2019-09-07 23:00:00,0.02,0.0,0.0
2019-09-08 00:00:00,0.02,0.0,0.0
2019-09-08 01:00:00,0.02,0.0,0.0
2019-09-08 02:00:00,0.01,0.0,0.0
2019-09-08 03:00:00,0.0,0.0,0.0
2019-09-08 04:00:00,0.0,0.0,0.0
2019-09-08 05:00:00,0.0,7.077924,0.4136111111111111
2019-09-08 06:00:00,0.02,142.1927,1.0
2019-09-08 07:00:00,0.04,360.03876,1.0
2019-09-08 08:00:00,0.83,576.8493,1.0
2019-09-08 09:00:00,0.02,751.22534,1.0
2019-09-08 10:00:00,0.02,841.92236,1.0
2019-09-08 11:00:00,0.16,829.131,1.0
2019-09-08 12:00:00,0.47,727.37305,1.0
2019-09-08 13:00:00,0.5,689.7243,1.0
2019-09-08 14:00:00,0.7,494.76843,1.0
2019-09-08 15:00:00,0.97,186.75534,1.0
2019-09-08 16:00:00,1.0,135.36244,1.0
2019-09-08 17:00:00,0.86,4.9696155,1.0
2019-09-08 18:00:00,0.97,1.9878461,0.35333333333333333
2019-09-08 19:00:00,0.73,0.0,0.0
2019-09-08 20:00:00,0.6,0.0,0.0
2019-09-08 21:00:00,0.54,0.0,0.0
2019-09-08 22:00:00,1.0,0.0,0.0
2019-09-08 23:00:00,1.0,0.0,0.0
2019-09-09 00:00:00,0.94,0.0,0.0
2019-09-09 01:00:00,0.06,0.0,0.0
2019-09-09 02:00:00,0.09,0.0,0.0
2019-09-09 03:00:00,0.01,0.0,0.0
2019-09-09 04:00:00,0.0,0.0,0.0
2019-09-09 05:00:00,0.0,5.5665073,0.3983333333333333
2019-09-09 06:00:00,0.94,128.71785,1.0
2019-09-09 07:00:00,0.38,288.5286,1.0
2019-09-09 08:00:00,0.09,526.8177,1.0
2019-09-09 09:00:00,0.03,707.94714,1.0
2019-09-09 10:00:00,0.39,821.11993,1.0
2019-09-09 11:00:00,0.33,845.74115,1.0
2019-09-09 12:00:00,0.17,795.2937,1.0
2019-09-09 13:00:00,0.25,745.19525,1.0
2019-09-09 14:00:00,0.33,623.979,1.0
2019-09-09 15:00:00,0.41,435.73828,1.0
2019-09-09 16:00:00,0.44,289.31314,1.0
2019-09-09 17:00:00,0.15,82.82706,1.0
2019-09-09 18:00:00,0.15,1.9893655,0.32611111111111113
2019-09-09 19:00:00,0.25,0.0,0.0
2019-09-09 20:00:00,0.36,0.0,0.0
2019-09-09 21:00:00,0.03,0.0,0.0
2019-09-09 22:00:00,0.01,0.0,0.0
2019-09-09 23:00:00,0.04,0.0,0.0
2019-09-10 00:00:00,0.03,0.0,0.0
2019-09-10 01:00:00,0.0,0.0,0.0
2019-09-10 02:00:00,0.28,0.0,0.0
2019-09-10 03:00:00,0.76,0.0,0.0
2019-09-10 04:00:00,0.76,0.0,0.0
2019-09-10 05:00:00,0.73,4.6146812,0.3827777777777778
2019-09-10 06:00:00,0.32,130.48375,1.0
2019-09-10 07:00:00,0.07,355.96655,1.0
2019-09-10 08:00:00,0.07,574.3705,1.0
2019-09-10 09:00:00,0.0,753.7664,1.0
2019-09-10 10:00:00,0.14,860.4655,1.0
2019-09-10 11:00:00,0.18,796.51215,1.0
2019-09-10 12:00:00,0.2,766.4948,1.0
2019-09-10 13:00:00,0.24,715.3936,1.0
2019-09-10 14:00:00,0.3,607.89734,1.0
2019-09-10 15:00:00,0.83,407.03137,1.0
2019-09-10 16:00:00,0.85,231.70975,1.0
2019-09-10 17:00:00,0.65,80.74005,1.0
2019-09-10 18:00:00,0.71,1.9878461,0.29888888888888887
2019-09-10 19:00:00,0.85,0.0,0.0
2019-09-10 20:00:00,0.48,0.0,0.0
2019-09-10 21:00:00,0.08,0.0,0.0
2019-09-10 22:00:00,0.08,0.0,0.0
2019-09-10 23:00:00,0.0,0.0,0.0
2019-09-11 00:00:00,0.0,0.0,0.0
2019-09-11 01:00:00,0.0,0.0,0.0
2019-09-11 02:00:00,0.01,0.0,0.0
2019-09-11 03:00:00,0.01,0.0,0.0
2019-09-11 04:00:00,0.11,0.0,0.0
2019-09-11 05:00:00,0.06,4.6593823,0.3672222222222222
2019-09-11 06:00:00,0.05,135.00296,1.0
2019-09-11 07:00:00,0.02,341.36932,1.0
2019-09-11 08:00:00,0.01,566.9989,1.0
2019-09-11 09:00:00,0.01,730.60895,1.0
2019-09-11 10:00:00,0.25,707.14044,1.0
2019-09-11 11:00:00,0.26,742.2309,1.0
2019-09-11 12:00:00,0.43,724.26337,1.0
2019-09-11 13:00:00,0.27,650.74585,1.0
2019-09-11 14:00:00,0.15,575.00665,1.0
2019-09-11 15:00:00,0.22,373.76965,1.0
2019-09-11 16:00:00,0.53,210.46907,1.0
2019-09-11 17:00:00,0.36,71.91698,1.0
2019-09-11 18:00:00,0.43,0.0,0.27166666666666667
2019-09-11 19:00:00,0.77,0.0,0.0
2019-09-11 20:00:00,0.41,0.0,0.0
2019-09-11 21:00:00,0.31,0.0,0.0
2019-09-11 22:00:00,0.23,0.0,0.0
2019-09-11 23:00:00,0.31,0.0,0.0
2019-09-12 00:00:00,0.53,0.0,0.0
2019-09-12 01:00:00,0.05,0.0,0.0
2019-09-12 02:00:00,0.06,0.0,0.0
2019-09-12 03:00:00,0.26,0.0,0.0
2019-09-12 04:00:00,1.0,0.0,0.0
2019-09-12 05:00:00,0.04,4.7069445,0.3516666666666667
2019-09-12 06:00:00,0.01,141.81789,1.0
2019-09-12 07:00:00,0.01,369.28976,1.0
2019-09-12 08:00:00,0.04,579.06744,1.0
2019-09-12 09:00:00,0.01,762.3809,1.0
2019-09-12 10:00:00,0.01,892.24133,1.0
2019-09-12 11:00:00,0.01,948.7226,1.0
2019-09-12 12:00:00,0.0,937.6017,1.0
2019-09-12 13:00:00,0.0,851.91644,1.0
2019-09-12 14:00:00,0.0,703.65686,1.0
2019-09-12 15:00:00,0.0,506.8681,1.0
2019-09-12 16:00:00,0.0,284.30453,1.0
2019-09-12 17:00:00,0.0,76.63122,1.0
2019-09-12 18:00:00,0.0,0.0,0.24444444444444444
2019-09-12 19:00:00,0.0,0.0,0.0
2019-09-12 20:00:00,0.0,0.0,0.0
2019-09-12 21:00:00,0.0,0.0,0.0
2019-09-12 22:00:00,0.0,0.0,0.0
2019-09-12 23:00:00,0.0,0.0,0.0
2019-09-13 00:00:00,0.0,0.0,0.0
2019-09-13 01:00:00,0.0,0.0,0.0
2019-09-13 02:00:00,0.0,0.0,0.0
2019-09-13 03:00:00,0.0,0.0,0.0
2019-09-13 04:00:00,0.0,0.0,0.0
2019-09-13 05:00:00,0.0,3.7636456,0.33611111111111114
2019-09-13 06:00:00,0.0,139.24466,1.0
2019-09-13 07:00:00,0.0,368.12915,1.0
2019-09-13 08:00:00,0.0,589.8769,1.0
2019-09-13 09:00:00,0.0,770.742,1.0
2019-09-13 10:00:00,0.0,892.7117,1.0
2019-09-13 11:00:00,0.0,944.7927,1.0
2019-09-13 12:00:00,0.0,925.7219,1.0
2019-09-13 13:00:00,0.08,815.11993,1.0
2019-09-13 14:00:00,0.41,672.45483,1.0
2019-09-13 15:00:00,0.29,479.4475,1.0
2019-09-13 16:00:00,0.01,274.22488,1.0
2019-09-13 17:00:00,0.0,72.01466,1.0
2019-09-13 18:00:00,0.0,0.0,0.2175
2019-09-13 19:00:00,0.0,0.0,0.0
2019-09-13 20:00:00,0.0,0.0,0.0
2019-09-13 21:00:00,0.0,0.0,0.0
2019-09-13 22:00:00,0.0,0.0,0.0
2019-09-13 23:00:00,0.0,0.0,0.0
2019-09-14 00:00:00,0.0,0.0,0.0
2019-09-14 01:00:00,0.0,0.0,0.0
2019-09-14 02:00:00,0.0,0.0,0.0
2019-09-14 03:00:00,0.0,0.0,0.0
2019-09-14 04:00:00,0.0,0.0,0.0
2019-09-14 05:00:00,0.0,3.8177292,0.32083333333333336
2019-09-14 06:00:00,0.0,140.66803,1.0
2019-09-14 07:00:00,0.0,372.02267,1.0
2019-09-14 08:00:00,0.0,593.73584,1.0
2019-09-14 09:00:00,0.0,774.4009,1.0
2019-09-14 10:00:00,0.0,896.4553,1.0
2019-09-14 11:00:00,0.0,947.3257,1.0
2019-09-14 12:00:00,0.0,928.15454,1.0
2019-09-14 13:00:00,0.0,841.43964,1.0
2019-09-14 14:00:00,0.0,693.02795,1.0
2019-09-14 15:00:00,0.0,496.14008,1.0
2019-09-14 16:00:00,0.0,273.5213,1.0
2019-09-14 17:00:00,0.0,69.7685,1.0
2019-09-14 18:00:00,0.0,0.0,0.19055555555555556
2019-09-14 19:00:00,0.0,0.0,0.0
2019-09-14 20:00:00,0.0,0.0,0.0
2019-09-14 21:00:00,0.0,0.0,0.0
2019-09-14 22:00:00,0.66,0.0,0.0
2019-09-14 23:00:00,1.0,0.0,0.0
2019-09-15 00:00:00,0.99,0.0,0.0
2019-09-15 01:00:00,0.99,0.0,0.0
2019-09-15 02:00:00,0.98,0.0,0.0
2019-09-15 03:00:00,0.99,0.0,0.0
2019-09-15 04:00:00,1.0,0.0,0.0
2019-09-15 05:00:00,1.0,1.9878461,0.30527777777777776
2019-09-15 06:00:00,0.96,118.27427,1.0
2019-09-15 07:00:00,0.26,358.64285,1.0
2019-09-15 08:00:00,0.52,580.31,1.0
2019-09-15 09:00:00,0.94,755.81116,1.0
2019-09-15 10:00:00,0.99,872.06213,1.0
2019-09-15 11:00:00,0.99,931.7103,1.0
2019-09-15 12:00:00,1.0,872.41144,1.0
2019-09-15 13:00:00,1.0,649.5968,1.0
2019-09-15 14:00:00,0.95,647.0518,1.0
2019-09-15 15:00:00,1.0,366.15903,1.0
2019-09-15 16:00:00,1.0,112.05636,1.0
2019-09-15 17:00:00,1.0,42.244545,1.0
2019-09-15 18:00:00,0.99,0.0,0.16361111111111112
2019-09-15 19:00:00,1.0,0.0,0.0
2019-09-15 20:00:00,0.99,0.0,0.0
2019-09-15 21:00:00,0.72,0.0,0.0
2019-09-15 22:00:00,0.8,0.0,0.0
2019-09-15 23:00:00,0.77,0.0,0.0
2019-09-16 00:00:00,0.79,0.0,0.0
2019-09-16 01:00:00,0.85,0.0,0.0
2019-09-16 02:00:00,0.95,0.0,0.0
2019-09-16 03:00:00,0.97,0.0,0.0
2019-09-16 04:00:00,0.89,0.0,0.0
2019-09-16 05:00:00,0.8,0.99392307,0.2897222222222222
2019-09-16 06:00:00,0.9,90.6478,1.0
2019-09-16 07:00:00,0.83,274.2817,1.0
2019-09-16 08:00:00,0.27,544.8205,1.0
2019-09-16 09:00:00,0.19,748.6768,1.0
2019-09-16 10:00:00,0.02,881.1578,1.0
2019-09-16 11:00:00,0.0,872.6879,1.0
2019-09-16 12:00:00,0.34,704.257,1.0
2019-09-16 13:00:00,0.96,619.71576,1.0
2019-09-16 14:00:00,0.67,602.0166,1.0
2019-09-16 15:00:00,0.65,454.90085,1.0
2019-09-16 16:00:00,0.99,190.14381,1.0
2019-09-16 17:00:00,0.99,41.91294,1.0
2019-09-16 18:00:00,0.57,0.0,0.13694444444444445
2019-09-16 19:00:00,0.36,0.0,0.0
2019-09-16 20:00:00,0.09,0.0,0.0
2019-09-16 21:00:00,0.56,0.0,0.0
2019-09-16 22:00:00,0.3,0.0,0.0
2019-09-16 23:00:00,0.0,0.0,0.0
2019-09-17 00:00:00,0.63,0.0,0.0
2019-09-17 01:00:00,0.72,0.0,0.0
2019-09-17 02:00:00,0.35,0.0,0.0
2019-09-17 03:00:00,0.31,0.0,0.0
2019-09-17 04:00:00,0.38,0.0,0.0
2019-09-17 05:00:00,0.3,0.99392307,0.27416666666666667
2019-09-17 06:00:00,0.98,70.958885,1.0
2019-09-17 07:00:00,1.0,166.86415,1.0
2019-09-17 08:00:00,1.0,429.607,1.0
2019-09-17 09:00:00,0.97,672.5618,1.0
2019-09-17 10:00:00,0.73,853.36475,1.0
2019-09-17 11:00:00,0.01,908.37616,1.0
2019-09-17 12:00:00,0.1,868.75024,1.0
2019-09-17 13:00:00,0.27,687.74554,1.0
2019-09-17 14:00:00,0.4,552.25616,1.0
2019-09-17 15:00:00,0.29,462.8247,1.0
2019-09-17 16:00:00,0.05,250.76198,1.0
2019-09-17 17:00:00,0.01,55.179005,1.0
2019-09-17 18:00:00,0.76,0.0,0.11
2019-09-17 19:00:00,0.16,0.0,0.0
2019-09-17 20:00:00,0.08,0.0,0.0
2019-09-17 21:00:00,0.04,0.0,0.0
2019-09-17 22:00:00,0.01,0.0,0.0
2019-09-17 23:00:00,0.0,0.0,0.0
2019-09-18 00:00:00,0.0,0.0,0.0
2019-09-18 01:00:00,0.0,0.0,0.0
2019-09-18 02:00:00,0.0,0.0,0.0
2019-09-18 03:00:00,0.0,0.0,0.0
2019-09-18 04:00:00,0.0,0.0,0.0
2019-09-18 05:00:00,0.0,0.0,0.25833333333333336
2019-09-18 06:00:00,0.0,122.47115,1.0
2019-09-18 07:00:00,0.0,341.48123,1.0
2019-09-18 08:00:00,0.0,555.0174,1.0
2019-09-18 09:00:00,0.04,695.2614,1.0
2019-09-18 10:00:00,0.2,771.05817,1.0
2019-09-18 11:00:00,0.23,836.5127,1.0
2019-09-18 12:00:00,0.43,730.1523,1.0
2019-09-18 13:00:00,0.35,645.6783,1.0
2019-09-18 14:00:00,0.53,418.5022,1.0
2019-09-18 15:00:00,0.68,320.73727,1.0
2019-09-18 16:00:00,0.76,130.99634,1.0
2019-09-18 17:00:00,0.33,50.644405,1.0
2019-09-18 18:00:00,0.19,0.0,0.08277777777777778
2019-09-18 19:00:00,0.01,0.0,0.0
2019-09-18 20:00:00,0.0,0.0,0.0
2019-09-18 21:00:00,0.05,0.0,0.0
2019-09-18 22:00:00,0.1,0.0,0.0
2019-09-18 23:00:00,0.0,0.0,0.0
2019-09-19 00:00:00,0.0,0.0,0.0
2019-09-19 01:00:00,0.0,0.0,0.0
2019-09-19 02:00:00,0.0,0.0,0.0
2019-09-19 03:00:00,0.0,0.0,0.0
2019-09-19 04:00:00,0.0,0.0,0.0
2019-09-19 05:00:00,0.0,0.0,0.2427777777777778
2019-09-19 06:00:00,0.0,123.77463,1.0
2019-09-19 07:00:00,0.0,349.3957,1.0
2019-09-19 08:00:00,0.0,567.78906,1.0
2019-09-19 09:00:00,0.0,745.7114,1.0
2019-09-19 10:00:00,0.0,863.6284,1.0
2019-09-19 11:00:00,0.0,905.9469,1.0
2019-09-19 12:00:00,0.21,861.0136,1.0
2019-09-19 13:00:00,0.34,755.52136,1.0
2019-09-19 14:00:00,0.35,587.36633,1.0
2019-09-19 15:00:00,0.47,305.85785,1.0
2019-09-19 16:00:00,0.41,207.51225,1.0
2019-09-19 17:00:00,0.89,19.878462,1.0
2019-09-19 18:00:00,0.43,0.0,0.05527777777777778
2019-09-19 19:00:00,0.48,0.0,0.0
2019-09-19 20:00:00,0.59,0.0,0.0
2019-09-19 21:00:00,0.03,0.0,0.0
2019-09-19 22:00:00,0.0,0.0,0.0
2019-09-19 23:00:00,0.12,0.0,0.0
2019-09-20 00:00:00,0.11,0.0,0.0
2019-09-20 01:00:00,0.29,0.0,0.0
2019-09-20 02:00:00,0.61,0.0,0.0
2019-09-20 03:00:00,0.2,0.0,0.0
2019-09-20 04:00:00,0.04,0.0,0.0
2019-09-20 05:00:00,0.71,0.0,0.22722222222222221
2019-09-20 06:00:00,0.0,119.440155,1.0
2019-09-20 07:00:00,0.0,343.52292,1.0
2019-09-20 08:00:00,0.0,566.81006,1.0
2019-09-20 09:00:00,0.0,746.1305,1.0
2019-09-20 10:00:00,0.24,864.0246,1.0
2019-09-20 11:00:00,0.52,903.1307,1.0
2019-09-20 12:00:00,0.35,822.9379,1.0
2019-09-20 13:00:00,0.27,724.34644,1.0
2019-09-20 14:00:00,0.23,579.9186,1.0
2019-09-20 15:00:00,0.25,420.39047,1.0
2019-09-20 16:00:00,0.47,232.63501,1.0
2019-09-20 17:00:00,0.01,48.54375,1.0
2019-09-20 18:00:00,0.04,0.0,0.027777777777777776
2019-09-20 19:00:00,0.0,0.0,0.0
2019-09-20 20:00:00,0.0,0.0,0.0
2019-09-20 21:00:00,0.0,0.0,0.0
2019-09-20 22:00:00,0.0,0.0,0.0
2019-09-20 23:00:00,0.0,0.0,0.0
2019-09-21 00:00:00,0.0,0.0,0.0
2019-09-21 01:00:00,0.0,0.0,0.0
2019-09-21 02:00:00,0.0,0.0,0.0
2019-09-21 03:00:00,0.0,0.0,0.0
2019-09-21 04:00:00,0.0,0.0,0.0
2019-09-21 05:00:00,0.0,0.0,0.21166666666666667
2019-09-21 06:00:00,0.0,120.7922,1.0
2019-09-21 07:00:00,0.0,347.09125,1.0
2019-09-21 08:00:00,0.0,567.03406,1.0
2019-09-21 09:00:00,0.0,746.2291,1.0
2019-09-21 10:00:00,0.0,866.42816,1.0
2019-09-21 11:00:00,0.04,918.4546,1.0
2019-09-21 12:00:00,0.51,743.00085,1.0
2019-09-21 13:00:00,0.67,588.12354,1.0
2019-09-21 14:00:00,0.68,373.2701,1.0
2019-09-21 15:00:00,0.93,176.55977,1.0
2019-09-21 16:00:00,1.0,53.67185,1.0
2019-09-21 17:00:00,1.0,25.147676,1.0
2019-09-21 18:00:00,0.63,0.0,0.0002777777777777778
2019-09-21 19:00:00,0.65,0.0,0.0
2019-09-21 20:00:00,0.75,0.0,0.0
2019-09-21 21:00:00,0.76,0.0,0.0
2019-09-21 22:00:00,0.58,0.0,0.0
2019-09-21 23:00:00,0.92,0.0,0.0
2019-09-22 00:00:00,0.67,0.0,0.0
2019-09-22 01:00:00,0.51,0.0,0.0
2019-09-22 02:00:00,0.08,0.0,0.0
2019-09-22 03:00:00,0.0,0.0,0.0
2019-09-22 04:00:00,0.0,0.0,0.0
2019-09-22 05:00:00,0.0,0.0,0.19583333333333333
2019-09-22 06:00:00,0.0,116.92714,1.0
2019-09-22 07:00:00,0.0,342.19415,1.0
2019-09-22 08:00:00,0.0,562.4915,1.0
2019-09-22 09:00:00,0.0,740.6758,1.0
2019-09-22 10:00:00,0.0,860.81714,1.0
2019-09-22 11:00:00,0.0,913.18286,1.0
2019-09-22 12:00:00,0.0,894.0533,1.0
2019-09-22 13:00:00,0.0,803.9655,1.0
2019-09-22 14:00:00,0.0,652.18475,1.0
2019-09-22 15:00:00,0.0,453.99234,1.0
2019-09-22 16:00:00,0.0,233.25247,1.0
2019-09-22 17:00:00,0.0,43.935158,0.9725
2019-09-22 18:00:00,0.0,0.0,0.0
2019-09-22 19:00:00,0.0,0.0,0.0
2019-09-22 20:00:00,0.0,0.0,0.0
2019-09-22 21:00:00,0.0,0.0,0.0
2019-09-22 22:00:00,0.03,0.0,0.0
2019-09-22 23:00:00,0.78,0.0,0.0
2019-09-23 00:00:00,1.0,0.0,0.0
2019-09-23 01:00:00,0.57,0.0,0.0
2019-09-23 02:00:00,0.0,0.0,0.0
2019-09-23 03:00:00,0.18,0.0,0.0
2019-09-23 04:00:00,0.83,0.0,0.0
2019-09-23 05:00:00,0.92,0.0,0.18
2019-09-23 06:00:00,0.74,87.27073,1.0
2019-09-23 07:00:00,0.88,243.44766,1.0
2019-09-23 08:00:00,1.0,312.97162,1.0
2019-09-23 09:00:00,0.98,531.38135,1.0
2019-09-23 10:00:00,0.98,658.33374,1.0
2019-09-23 11:00:00,0.93,818.3161,1.0
2019-09-23 12:00:00,0.99,778.97174,1.0
2019-09-23 13:00:00,0.86,779.737,1.0
2019-09-23 14:00:00,1.0,562.5945,1.0
2019-09-23 15:00:00,1.0,299.96613,1.0
2019-09-23 16:00:00,1.0,141.49036,1.0
2019-09-23 17:00:00,1.0,25.56717,0.9447222222222222
2019-09-23 18:00:00,1.0,0.0,0.0
2019-09-23 19:00:00,1.0,0.0,0.0
2019-09-23 20:00:00,1.0,0.0,0.0
2019-09-23 21:00:00,0.98,0.0,0.0
2019-09-23 22:00:00,0.88,0.0,0.0
2019-09-23 23:00:00,0.66,0.0,0.0
2019-09-24 00:00:00,0.08,0.0,0.0
2019-09-24 01:00:00,0.12,0.0,0.0
2019-09-24 02:00:00,0.05,0.0,0.0
2019-09-24 03:00:00,0.22,0.0,0.0
2019-09-24 04:00:00,0.0,0.0,0.0
2019-09-24 05:00:00,0.0,0.0,0.16444444444444445
2019-09-24 06:00:00,0.0,112.83069,1.0
2019-09-24 07:00:00,0.0,340.17142,1.0
2019-09-24 08:00:00,0.0,562.0015,1.0
2019-09-24 09:00:00,0.0,746.12823,1.0
2019-09-24 10:00:00,0.0,867.63226,1.0
2019-09-24 11:00:00,0.0,917.3997,1.0
2019-09-24 12:00:00,0.0,893.48517,1.0
2019-09-24 13:00:00,0.0,799.93024,1.0
2019-09-24 14:00:00,0.0,647.9642,1.0
2019-09-24 15:00:00,0.0,448.4271,1.0
2019-09-24 16:00:00,0.0,225.33383,1.0
2019-09-24 17:00:00,0.0,38.576035,0.9169444444444445
2019-09-24 18:00:00,0.0,0.0,0.0
2019-09-24 19:00:00,0.0,0.0,0.0
2019-09-24 20:00:00,0.0,0.0,0.0
2019-09-24 21:00:00,0.0,0.0,0.0
2019-09-24 22:00:00,0.0,0.0,0.0
2019-09-24 23:00:00,0.0,0.0,0.0
2019-09-25 00:00:00,0.0,0.0,0.0
2019-09-25 01:00:00,0.0,0.0,0.0
2019-09-25 02:00:00,0.0,0.0,0.0
2019-09-25 03:00:00,0.0,0.0,0.0
2019-09-25 04:00:00,0.0,0.0,0.0
2019-09-25 05:00:00,0.0,0.0,0.1486111111111111
2019-09-25 06:00:00,0.0,106.26786,1.0
2019-09-25 07:00:00,0.0,328.87494,1.0
2019-09-25 08:00:00,0.0,544.17896,1.0
2019-09-25 09:00:00,0.0,719.43066,1.0
2019-09-25 10:00:00,0.0,837.63214,1.0
2019-09-25 11:00:00,0.0,886.8382,1.0
2019-09-25 12:00:00,0.0,865.6734,1.0
2019-09-25 13:00:00,0.0,775.6604,1.0
2019-09-25 14:00:00,0.52,622.61383,1.0
2019-09-25 15:00:00,0.76,427.00525,1.0
2019-09-25 16:00:00,0.48,210.16457,1.0
2019-09-25 17:00:00,0.36,35.056927,0.8894444444444445
2019-09-25 18:00:00,0.02,0.0,0.0
2019-09-25 19:00:00,0.08,0.0,0.0
2019-09-25 20:00:00,0.01,0.0,0.0
2019-09-25 21:00:00,0.17,0.0,0.0
2019-09-25 22:00:00,0.53,0.0,0.0
2019-09-25 23:00:00,0.53,0.0,0.0
2019-09-26 00:00:00,0.36,0.0,0.0
2019-09-26 01:00:00,0.32,0.0,0.0
2019-09-26 02:00:00,0.22,0.0,0.0
2019-09-26 03:00:00,0.01,0.0,0.0
2019-09-26 04:00:00,0.0,0.0,0.0
2019-09-26 05:00:00,0.0,0.0,0.1325
2019-09-26 06:00:00,0.01,106.66868,1.0
2019-09-26 07:00:00,0.49,333.65823,1.0
2019-09-26 08:00:00,0.45,546.836,1.0
2019-09-26 09:00:00,0.0,724.6047,1.0
2019-09-26 10:00:00,0.23,843.8567,1.0
2019-09-26 11:00:00,0.6,889.49,1.0
2019-09-26 12:00:00,0.45,866.08936,1.0
2019-09-26 13:00:00,0.6,763.01685,1.0
2019-09-26 14:00:00,0.88,582.9318,1.0
2019-09-26 15:00:00,0.7,374.4523,1.0
2019-09-26 16:00:00,0.11,207.64578,1.0
2019-09-26 17:00:00,0.33,31.828506,0.8616666666666667
2019-09-26 18:00:00,0.89,0.0,0.0
2019-09-26 19:00:00,0.77,0.0,0.0
2019-09-26 20:00:00,0.65,0.0,0.0
2019-09-26 21:00:00,0.02,0.0,0.0
2019-09-26 22:00:00,0.45,0.0,0.0
2019-09-26 23:00:00,0.74,0.0,0.0
2019-09-27 00:00:00,0.77,0.0,0.0
2019-09-27 01:00:00,0.11,0.0,0.0
2019-09-27 02:00:00,0.0,0.0,0.0
2019-09-27 03:00:00,0.0,0.0,0.0
2019-09-27 04:00:00,0.0,0.0,0.0
2019-09-27 05:00:00,0.0,0.0,0.11666666666666667
2019-09-27 06:00:00,0.02,97.31355,1.0
2019-09-27 07:00:00,0.0,317.25342,1.0
2019-09-27 08:00:00,0.21,519.51514,1.0
2019-09-27 09:00:00,0.01,700.1853,1.0
2019-09-27 10:00:00,0.21,746.0385,1.0
2019-09-27 11:00:00,0.27,724.37885,1.0
2019-09-27 12:00:00,0.34,692.32794,1.0
2019-09-27 13:00:00,0.46,598.70276,1.0
2019-09-27 14:00:00,0.42,457.97906,1.0
2019-09-27 15:00:00,0.67,288.99194,1.0
2019-09-27 16:00:00,0.23,157.96063,1.0
2019-09-27 17:00:00,0.23,27.181982,0.8341666666666666
2019-09-27 18:00:00,0.51,0.0,0.0
2019-09-27 19:00:00,0.62,0.0,0.0
2019-09-27 20:00:00,0.73,0.0,0.0
2019-09-27 21:00:00,1.0,0.0,0.0
2019-09-27 22:00:00,0.89,0.0,0.0
2019-09-27 23:00:00,0.76,0.0,0.0
2019-09-28 00:00:00,0.61,0.0,0.0
2019-09-28 01:00:00,0.39,0.0,0.0
2019-09-28 02:00:00,0.24,0.0,0.0
2019-09-28 03:00:00,0.27,0.0,0.0
2019-09-28 04:00:00,0.21,0.0,0.0
2019-09-28 05:00:00,0.36,0.0,0.10083333333333333
2019-09-28 06:00:00,0.56,78.96364,1.0
2019-09-28 07:00:00,1.0,300.5488,1.0
2019-09-28 08:00:00,0.9,515.03467,1.0
2019-09-28 09:00:00,0.82,693.5713,1.0
2019-09-28 10:00:00,0.01,818.942,1.0
2019-09-28 11:00:00,0.01,872.6164,1.0
2019-09-28 12:00:00,0.09,804.27844,1.0
2019-09-28 13:00:00,0.19,702.74255,1.0
2019-09-28 14:00:00,0.09,519.9843,1.0
2019-09-28 15:00:00,0.26,381.04584,1.0
2019-09-28 16:00:00,0.01,193.72517,1.0
2019-09-28 17:00:00,0.01,27.95965,0.8066666666666666
2019-09-28 18:00:00,0.0,0.0,0.0
2019-09-28 19:00:00,0.0,0.0,0.0
2019-09-28 20:00:00,0.0,0.0,0.0
2019-09-28 21:00:00,0.0,0.0,0.0
2019-09-28 22:00:00,0.0,0.0,0.0
2019-09-28 23:00:00,0.0,0.0,0.0
2019-09-29 00:00:00,0.01,0.0,0.0
2019-09-29 01:00:00,0.01,0.0,0.0
2019-09-29 02:00:00,0.01,0.0,0.0
2019-09-29 03:00:00,0.01,0.0,0.0
2019-09-29 04:00:00,0.0,0.0,0.0
2019-09-29 05:00:00,0.0,0.0,0.08472222222222223
2019-09-29 06:00:00,0.0,99.08764,1.0
2019-09-29 07:00:00,0.0,322.21478,1.0
2019-09-29 08:00:00,0.0,540.55133,1.0
2019-09-29 09:00:00,0.01,712.51416,1.0
2019-09-29 10:00:00,0.01,827.3617,1.0
2019-09-29 11:00:00,0.01,882.1904,1.0
2019-09-29 12:00:00,0.01,858.6447,1.0
2019-09-29 13:00:00,0.02,764.85864,1.0
2019-09-29 14:00:00,0.01,616.6784,1.0
2019-09-29 15:00:00,0.01,421.35297,1.0
2019-09-29 16:00:00,0.01,200.08273,1.0
2019-09-29 17:00:00,0.0,26.80783,0.7791666666666667
2019-09-29 18:00:00,0.0,0.0,0.0
2019-09-29 19:00:00,0.0,0.0,0.0
2019-09-29 20:00:00,0.0,0.0,0.0
2019-09-29 21:00:00,0.0,0.0,0.0
2019-09-29 22:00:00,0.0,0.0,0.0
2019-09-29 23:00:00,0.0,0.0,0.0
2019-09-30 00:00:00,0.0,0.0,0.0
2019-09-30 01:00:00,0.0,0.0,0.0
2019-09-30 02:00:00,0.0,0.0,0.0
2019-09-30 03:00:00,0.0,0.0,0.0
2019-09-30 04:00:00,0.0,0.0,0.0
2019-09-30 05:00:00,0.0,0.0,0.06861111111111111
2019-09-30 06:00:00,0.0,95.80297,1.0
2019-09-30 07:00:00,0.0,317.14453,1.0
2019-09-30 08:00:00,0.0,534.473,1.0
2019-09-30 09:00:00,0.0,709.2586,1.0
2019-09-30 10:00:00,0.0,826.67194,1.0
2019-09-30 11:00:00,0.0,881.6371,1.0
2019-09-30 12:00:00,0.0,855.8978,1.0
2019-09-30 13:00:00,0.0,757.8079,1.0
2019-09-30 14:00:00,0.0,600.2984,1.0
2019-09-30 15:00:00,0.0,404.11493,1.0
2019-09-30 16:00:00,0.0,187.66992,1.0
2019-09-30 17:00:00,0.0,22.171408,0.7519444444444444
2019-09-30 18:00:00,0.19,0.0,0.0
2019-09-30 19:00:00,1.0,0.0,0.0
2019-09-30 20:00:00,1.0,0.0,0.0
2019-09-30 21:00:00,1.0,0.0,0.0
2019-09-30 22:00:00,1.0,0.0,0.0
2019-09-30 23:00:00,1.0,0.0,0.0
2019-10-01 00:00:00,1.0,0.0,0.0
2019-10-01 01:00:00,1.0,0.0,0.0
2019-10-01 02:00:00,1.0,0.0,0.0
2019-10-01 03:00:00,1.0,0.0,0.0
2019-10-01 04:00:00,1.0,0.0,0.0
2019-10-01 05:00:00,1.0,0.0,0.0525
2019-10-01 06:00:00,1.0,19.878462,1.0
2019-10-01 07:00:00,1.0,90.36454,1.0
2019-10-01 08:00:00,1.0,182.62093,1.0
2019-10-01 09:00:00,1.0,264.95026,1.0
2019-10-01 10:00:00,1.0,360.49866,1.0
2019-10-01 11:00:00,1.0,281.43588,1.0
2019-10-01 12:00:00,1.0,346.43533,1.0
2019-10-01 13:00:00,0.5,540.5032,1.0
2019-10-01 14:00:00,0.23,530.1741,1.0
2019-10-01 15:00:00,0.07,316.03937,1.0
2019-10-01 16:00:00,0.29,139.32544,1.0
2019-10-01 17:00:00,0.84,4.9696155,0.725
2019-10-01 18:00:00,1.0,0.0,0.0
2019-10-01 19:00:00,1.0,0.0,0.0
2019-10-01 20:00:00,1.0,0.0,0.0
2019-10-01 21:00:00,1.0,0.0,0.0
2019-10-01 22:00:00,1.0,0.0,0.0
2019-10-01 23:00:00,1.0,0.0,0.0
2019-10-02 00:00:00,1.0,0.0,0.0
2019-10-02 01:00:00,1.0,0.0,0.0
2019-10-02 02:00:00,1.0,0.0,0.0
2019-10-02 03:00:00,1.0,0.0,0.0
2019-10-02 04:00:00,1.0,0.0,0.0
2019-10-02 05:00:00,1.0,0.0,0.03638888888888889
2019-10-02 06:00:00,1.0,18.884539,1.0
2019-10-02 07:00:00,1.0,101.28393,1.0
2019-10-02 08:00:00,0.85,344.47183,1.0
2019-10-02 09:00:00,0.74,608.0708,1.0
2019-10-02 10:00:00,0.01,804.4763,1.0
2019-10-02 11:00:00,0.03,881.7701,1.0
2019-10-02 12:00:00,0.0,865.3409,1.0
2019-10-02 13:00:00,0.09,771.813,1.0
2019-10-02 14:00:00,0.0,613.65704,1.0
2019-10-02 15:00:00,0.01,406.99387,1.0
2019-10-02 16:00:00,0.0,186.64494,1.0
2019-10-02 17:00:00,0.0,20.589275,0.6983333333333334
2019-10-02 18:00:00,0.0,0.0,0.0
2019-10-02 19:00:00,0.0,0.0,0.0
2019-10-02 20:00:00,0.22,0.0,0.0
2019-10-02 21:00:00,0.27,0.0,0.0
2019-10-02 22:00:00,0.84,0.0,0.0
2019-10-02 23:00:00,0.93,0.0,0.0
2019-10-03 00:00:00,0.86,0.0,0.0
2019-10-03 01:00:00,0.92,0.0,0.0
2019-10-03 02:00:00,1.0,0.0,0.0
2019-10-03 03:00:00,1.0,0.0,0.0
2019-10-03 04:00:00,1.0,0.0,0.0
2019-10-03 05:00:00,1.0,0.0,0.02
2019-10-03 06:00:00,1.0,45.18614,1.0
2019-10-03 07:00:00,1.0,177.98973,1.0
2019-10-03 08:00:00,1.0,397.94543,1.0
2019-10-03 09:00:00,1.0,648.7448,1.0
2019-10-03 10:00:00,0.72,674.4188,1.0
2019-10-03 11:00:00,0.04,868.7482,1.0
2019-10-03 12:00:00,0.0,847.2732,1.0
2019-10-03 13:00:00,0.0,753.69684,1.0
2019-10-03 14:00:00,0.0,597.20667,1.0
2019-10-03 15:00:00,0.0,395.2194,1.0
2019-10-03 16:00:00,0.0,177.13058,1.0
2019-10-03 17:00:00,0.0,18.150612,0.6716666666666666
2019-10-03 18:00:00,0.0,0.0,0.0
2019-10-03 19:00:00,0.0,0.0,0.0
2019-10-03 20:00:00,0.0,0.0,0.0
2019-10-03 21:00:00,0.0,0.0,0.0
2019-10-03 22:00:00,0.0,0.0,0.0
2019-10-03 23:00:00,0.0,0.0,0.0
2019-10-04 00:00:00,0.0,0.0,0.0
2019-10-04 01:00:00,0.0,0.0,0.0
2019-10-04 02:00:00,0.0,0.0,0.0
2019-10-04 03:00:00,0.0,0.0,0.0
2019-10-04 04:00:00,0.0,0.0,0.0
2019-10-04 05:00:00,0.01,0.0,0.003611111111111111
2019-10-04 06:00:00,0.0,84.78705,1.0
2019-10-04 07:00:00,0.0,303.80322,1.0
2019-10-04 08:00:00,0.0,518.73645,1.0
2019-10-04 09:00:00,0.0,692.7682,1.0
2019-10-04 10:00:00,0.0,796.71063,1.0
2019-10-04 11:00:00,0.1,812.41473,1.0
2019-10-04 12:00:00,0.01,826.16174,1.0
2019-10-04 13:00:00,0.26,707.11914,1.0
2019-10-04 14:00:00,0.12,537.6224,1.0
2019-10-04 15:00:00,0.14,373.90268,1.0
2019-10-04 16:00:00,0.26,164.5443,1.0
2019-10-04 17:00:00,0.01,15.137176,0.6455555555555555
2019-10-04 18:00:00,0.0,0.0,0.0
2019-10-04 19:00:00,0.0,0.0,0.0
2019-10-04 20:00:00,0.0,0.0,0.0
2019-10-04 21:00:00,0.0,0.0,0.0
2019-10-04 22:00:00,0.0,0.0,0.0
2019-10-04 23:00:00,0.0,0.0,0.0
2019-10-05 00:00:00,0.0,0.0,0.0
2019-10-05 01:00:00,0.0,0.0,0.0
2019-10-05 02:00:00,0.0,0.0,0.0
2019-10-05 03:00:00,0.0,0.0,0.0
2019-10-05 04:00:00,0.51,0.0,0.0
2019-10-05 05:00:00,0.0,0.0,0.0
2019-10-05 06:00:00,0.58,79.47174,0.9872222222222222
2019-10-05 07:00:00,0.9,251.76028,1.0
2019-10-05 08:00:00,0.88,433.63037,1.0
2019-10-05 09:00:00,0.32,694.6991,1.0
2019-10-05 10:00:00,0.29,819.24286,1.0
2019-10-05 11:00:00,0.88,837.12616,1.0
2019-10-05 12:00:00,0.62,826.91864,1.0
2019-10-05 13:00:00,0.0,748.56195,1.0
2019-10-05 14:00:00,0.03,590.68713,1.0
2019-10-05 15:00:00,0.21,388.47446,1.0
2019-10-05 16:00:00,0.74,168.07155,1.0
2019-10-05 17:00:00,0.66,15.196412,0.6194444444444445
2019-10-05 18:00:00,0.6,0.0,0.0
2019-10-05 19:00:00,0.69,0.0,0.0
2019-10-05 20:00:00,0.0,0.0,0.0
2019-10-05 21:00:00,0.0,0.0,0.0
2019-10-05 22:00:00,0.0,0.0,0.0
2019-10-05 23:00:00,0.0,0.0,0.0
2019-10-06 00:00:00,0.05,0.0,0.0
2019-10-06 01:00:00,0.09,0.0,0.0
2019-10-06 02:00:00,0.21,0.0,0.0
2019-10-06 03:00:00,0.59,0.0,0.0
2019-10-06 04:00:00,0.82,0.0,0.0
2019-10-06 05:00:00,0.87,0.0,0.0
2019-10-06 06:00:00,0.93,27.700665,0.9708333333333333
2019-10-06 07:00:00,0.65,269.34586,1.0
2019-10-06 08:00:00,0.0,526.0124,1.0
2019-10-06 09:00:00,0.0,702.6135,1.0
2019-10-06 10:00:00,0.0,821.2257,1.0
2019-10-06 11:00:00,0.0,871.7834,1.0
2019-10-06 12:00:00,0.0,850.33984,1.0
2019-10-06 13:00:00,0.0,759.036,1.0
2019-10-06 14:00:00,0.0,600.85394,1.0
2019-10-06 15:00:00,0.0,394.9244,1.0
2019-10-06 16:00:00,0.0,170.6646,1.0
2019-10-06 17:00:00,0.0,14.06189,0.5938888888888889
2019-10-06 18:00:00,0.0,0.0,0.0
2019-10-06 19:00:00,0.0,0.0,0.0
2019-10-06 20:00:00,0.0,0.0,0.0
2019-10-06 21:00:00,0.0,0.0,0.0
2019-10-06 22:00:00,0.0,0.0,0.0
2019-10-06 23:00:00,0.0,0.0,0.0
2019-10-07 00:00:00,0.0,0.0,0.0
2019-10-07 01:00:00,0.0,0.0,0.0
2019-10-07 02:00:00,0.0,0.0,0.0
2019-10-07 03:00:00,0.0,0.0,0.0
2019-10-07 04:00:00,0.0,0.0,0.0
2019-10-07 05:00:00,0.0,0.0,0.0
2019-10-07 06:00:00,0.0,82.87729,0.9541666666666667
2019-10-07 07:00:00,0.0,316.50488,1.0
2019-10-07 08:00:00,0.0,539.9073,1.0
2019-10-07 09:00:00,0.0,717.1249,1.0
2019-10-07 10:00:00,0.0,834.1502,1.0
2019-10-07 11:00:00,0.0,878.43536,1.0
2019-10-07 12:00:00,0.0,852.2346,1.0
2019-10-07 13:00:00,0.0,753.7528,1.0
2019-10-07 14:00:00,0.0,594.5317,1.0
2019-10-07 15:00:00,0.0,389.50653,1.0
2019-10-07 16:00:00,0.0,165.1394,1.0
2019-10-07 17:00:00,0.0,13.341676,0.5680555555555555
2019-10-07 18:00:00,0.0,0.0,0.0
2019-10-07 19:00:00,0.0,0.0,0.0
2019-10-07 20:00:00,0.0,0.0,0.0
2019-10-07 21:00:00,0.0,0.0,0.0
2019-10-07 22:00:00,0.0,0.0,0.0
2019-10-07 23:00:00,0.0,0.0,0.0
2019-10-08 00:00:00,0.0,0.0,0.0
2019-10-08 01:00:00,0.0,0.0,0.0
2019-10-08 02:00:00,0.0,0.0,0.0
2019-10-08 03:00:00,0.0,0.0,0.0
2019-10-08 04:00:00,0.12,0.0,0.0
2019-10-08 05:00:00,0.98,0.0,0.0
2019-10-08 06:00:00,1.0,33.84718,0.9375
2019-10-08 07:00:00,0.97,187.34897,1.0
2019-10-08 08:00:00,0.93,326.41095,1.0
2019-10-08 09:00:00,0.96,496.27576,1.0
2019-10-08 10:00:00,0.88,677.2459,1.0
2019-10-08 11:00:00,0.9,669.2309,1.0
2019-10-08 12:00:00,0.76,667.5372,1.0
2019-10-08 13:00:00,0.01,718.4092,1.0
2019-10-08 14:00:00,0.0,585.981,1.0
2019-10-08 15:00:00,0.0,380.91495,1.0
2019-10-08 16:00:00,0.0,158.57523,1.0
2019-10-08 17:00:00,0.0,11.801867,0.5422222222222223
2019-10-08 18:00:00,0.04,0.0,0.0
2019-10-08 19:00:00,0.0,0.0,0.0
2019-10-08 20:00:00,0.0,0.0,0.0
2019-10-08 21:00:00,0.0,0.0,0.0
2019-10-08 22:00:00,0.23,0.0,0.0
2019-10-08 23:00:00,0.44,0.0,0.0
2019-10-09 00:00:00,0.44,0.0,0.0
2019-10-09 01:00:00,0.0,0.0,0.0
2019-10-09 02:00:00,0.21,0.0,0.0
2019-10-09 03:00:00,0.1,0.0,0.0
2019-10-09 04:00:00,0.4,0.0,0.0
2019-10-09 05:00:00,0.77,0.0,0.0
2019-10-09 06:00:00,0.92,49.93628,0.9208333333333333
2019-10-09 07:00:00,1.0,155.02863,1.0
2019-10-09 08:00:00,0.74,453.57004,1.0
2019-10-09 09:00:00,0.46,642.0836,1.0
2019-10-09 10:00:00,0.93,642.56146,1.0
2019-10-09 11:00:00,0.95,646.1838,1.0
2019-10-09 12:00:00,0.58,817.8096,1.0
2019-10-09 13:00:00,0.31,654.30664,1.0
2019-10-09 14:00:00,0.61,456.93933,1.0
2019-10-09 15:00:00,0.45,229.52232,1.0
2019-10-09 16:00:00,0.45,118.608795,1.0
2019-10-09 17:00:00,0.36,2.981769,0.5163888888888889
2019-10-09 18:00:00,0.66,0.0,0.0
2019-10-09 19:00:00,1.0,0.0,0.0
2019-10-09 20:00:00,0.95,0.0,0.0
2019-10-09 21:00:00,1.0,0.0,0.0
2019-10-09 22:00:00,1.0,0.0,0.0
2019-10-09 23:00:00,0.99,0.0,0.0
2019-10-10 00:00:00,0.98,0.0,0.0
2019-10-10 01:00:00,0.96,0.0,0.0
2019-10-10 02:00:00,0.97,0.0,0.0
2019-10-10 03:00:00,0.98,0.0,0.0
2019-10-10 04:00:00,0.97,0.0,0.0
2019-10-10 05:00:00,0.97,0.0,0.0
2019-10-10 06:00:00,0.99,6.77159,0.9038888888888889
2019-10-10 07:00:00,1.0,30.811617,1.0
2019-10-10 08:00:00,1.0,55.65969,1.0
2019-10-10 09:00:00,1.0,160.02162,1.0
2019-10-10 10:00:00,1.0,295.19516,1.0
2019-10-10 11:00:00,1.0,525.95264,1.0
2019-10-10 12:00:00,1.0,676.0143,1.0
2019-10-10 13:00:00,1.0,615.7168,1.0
2019-10-10 14:00:00,0.96,481.2846,1.0
2019-10-10 15:00:00,0.73,287.74243,1.0
2019-10-10 16:00:00,0.81,103.60549,1.0
2019-10-10 17:00:00,0.98,7.620996,0.4905555555555556
2019-10-10 18:00:00,0.52,0.0,0.0
2019-10-10 19:00:00,0.09,0.0,0.0
2019-10-10 20:00:00,0.23,0.0,0.0
2019-10-10 21:00:00,0.27,0.0,0.0
2019-10-10 22:00:00,0.23,0.0,0.0
2019-10-10 23:00:00,0.07,0.0,0.0
2019-10-11 00:00:00,0.01,0.0,0.0
2019-10-11 01:00:00,0.01,0.0,0.0
2019-10-11 02:00:00,0.0,0.0,0.0
2019-10-11 03:00:00,0.0,0.0,0.0
2019-10-11 04:00:00,0.0,0.0,0.0
2019-10-11 05:00:00,0.0,0.0,0.0
2019-10-11 06:00:00,0.02,71.735146,0.8869444444444444
2019-10-11 07:00:00,0.0,313.8744,1.0
2019-10-11 08:00:00,0.0,547.48047,1.0
2019-10-11 09:00:00,0.0,736.80817,1.0
2019-10-11 10:00:00,0.0,861.12646,1.0
2019-10-11 11:00:00,0.0,909.556,1.0
2019-10-11 12:00:00,0.0,879.784,1.0
2019-10-11 13:00:00,0.0,772.57855,1.0
2019-10-11 14:00:00,0.0,600.2169,1.0
2019-10-11 15:00:00,0.0,382.23795,1.0
2019-10-11 16:00:00,0.0,150.11322,1.0
2019-10-11 17:00:00,0.0,7.3392973,0.465
2019-10-11 18:00:00,0.0,0.0,0.0
2019-10-11 19:00:00,0.09,0.0,0.0
2019-10-11 20:00:00,0.25,0.0,0.0
2019-10-11 21:00:00,0.25,0.0,0.0
2019-10-11 22:00:00,0.25,0.0,0.0
2019-10-11 23:00:00,0.32,0.0,0.0
2019-10-12 00:00:00,0.2,0.0,0.0
2019-10-12 01:00:00,0.0,0.0,0.0
2019-10-12 02:00:00,0.0,0.0,0.0
2019-10-12 03:00:00,0.0,0.0,0.0
2019-10-12 04:00:00,0.0,0.0,0.0
2019-10-12 05:00:00,0.0,0.0,0.0
2019-10-12 06:00:00,0.0,68.70073,0.87
2019-10-12 07:00:00,0.0,300.04193,1.0
2019-10-12 08:00:00,0.0,529.648,1.0
2019-10-12 09:00:00,0.0,713.5021,1.0
2019-10-12 10:00:00,0.0,839.71106,1.0
2019-10-12 11:00:00,0.0,891.7609,1.0
2019-10-12 12:00:00,0.0,863.47217,1.0
2019-10-12 13:00:00,0.0,759.63226,1.0
2019-10-12 14:00:00,0.0,589.54315,1.0
2019-10-12 15:00:00,0.0,374.60938,1.0
2019-10-12 16:00:00,0.0,145.52596,1.0
2019-10-12 17:00:00,0.0,6.5384283,0.43944444444444447
2019-10-12 18:00:00,0.0,0.0,0.0
2019-10-12 19:00:00,0.0,0.0,0.0
2019-10-12 20:00:00,0.0,0.0,0.0
2019-10-12 21:00:00,0.0,0.0,0.0
2019-10-12 22:00:00,0.0,0.0,0.0
2019-10-12 23:00:00,0.0,0.0,0.0
2019-10-13 00:00:00,0.0,0.0,0.0
2019-10-13 01:00:00,0.0,0.0,0.0
2019-10-13 02:00:00,0.0,0.0,0.0
2019-10-13 03:00:00,0.0,0.0,0.0
2019-10-13 04:00:00,0.0,0.0,0.0
2019-10-13 05:00:00,0.0,0.0,0.0
2019-10-13 06:00:00,0.0,67.62897,0.8527777777777777
2019-10-13 07:00:00,0.0,301.78436,1.0
2019-10-13 08:00:00,0.0,529.37726,1.0
2019-10-13 09:00:00,0.0,713.66693,1.0
2019-10-13 10:00:00,0.0,834.00055,1.0
2019-10-13 11:00:00,0.0,878.17706,1.0
2019-10-13 12:00:00,0.0,846.4617,1.0
2019-10-13 13:00:00,0.0,742.5317,1.0
2019-10-13 14:00:00,0.0,576.72565,1.0
2019-10-13 15:00:00,0.0,364.97006,1.0
2019-10-13 16:00:00,0.0,138.92743,1.0
2019-10-13 17:00:00,0.0,5.5885773,0.41388888888888886
2019-10-13 18:00:00,0.0,0.0,0.0
2019-10-13 19:00:00,0.01,0.0,0.0
2019-10-13 20:00:00,0.34,0.0,0.0
2019-10-13 21:00:00,0.13,0.0,0.0
2019-10-13 22:00:00,0.0,0.0,0.0
2019-10-13 23:00:00,0.0,0.0,0.0
2019-10-14 00:00:00,0.0,0.0,0.0
2019-10-14 01:00:00,0.0,0.0,0.0
2019-10-14 02:00:00,0.0,0.0,0.0
2019-10-14 03:00:00,0.0,0.0,0.0
2019-10-14 04:00:00,0.0,0.0,0.0
2019-10-14 05:00:00,0.0,0.0,0.0
2019-10-14 06:00:00,0.0,61.71264,0.8355555555555556
2019-10-14 07:00:00,0.0,283.5195,1.0
2019-10-14 08:00:00,0.0,505.2791,1.0
2019-10-14 09:00:00,0.0,682.329,1.0
2019-10-14 10:00:00,0.0,797.51013,1.0
2019-10-14 11:00:00,0.0,840.0107,1.0
2019-10-14 12:00:00,0.0,811.0009,1.0
2019-10-14 13:00:00,0.0,711.7865,1.0
2019-10-14 14:00:00,0.0,551.5711,1.0
2019-10-14 15:00:00,0.0,346.5373,1.0
2019-10-14 16:00:00,0.0,129.12245,1.0
2019-10-14 17:00:00,0.01,4.7520475,0.38861111111111113
2019-10-14 18:00:00,0.0,0.0,0.0
2019-10-14 19:00:00,0.0,0.0,0.0
2019-10-14 20:00:00,0.0,0.0,0.0
2019-10-14 21:00:00,0.0,0.0,0.0
2019-10-14 22:00:00,0.0,0.0,0.0
2019-10-14 23:00:00,0.0,0.0,0.0
2019-10-15 00:00:00,0.0,0.0,0.0
2019-10-15 01:00:00,0.0,0.0,0.0
2019-10-15 02:00:00,0.0,0.0,0.0
2019-10-15 03:00:00,0.0,0.0,0.0
2019-10-15 04:00:00,0.0,0.0,0.0
2019-10-15 05:00:00,0.0,0.0,0.0
2019-10-15 06:00:00,0.0,57.5892,0.8183333333333334
2019-10-15 07:00:00,0.0,277.5205,1.0
2019-10-15 08:00:00,0.0,495.2481,1.0
2019-10-15 09:00:00,0.57,669.4159,1.0
2019-10-15 10:00:00,0.5,784.117,1.0
2019-10-15 11:00:00,0.26,828.33435,1.0
2019-10-15 12:00:00,0.34,800.2009,1.0
2019-10-15 13:00:00,0.0,699.86774,1.0
2019-10-15 14:00:00,0.0,539.5175,1.0
2019-10-15 15:00:00,0.0,336.45508,1.0
2019-10-15 16:00:00,0.0,122.372444,1.0
2019-10-15 17:00:00,0.0,3.7940192,0.36333333333333334
2019-10-15 18:00:00,0.0,0.0,0.0
2019-10-15 19:00:00,0.0,0.0,0.0
2019-10-15 20:00:00,0.0,0.0,0.0
2019-10-15 21:00:00,0.0,0.0,0.0
2019-10-15 22:00:00,0.0,0.0,0.0
2019-10-15 23:00:00,0.0,0.0,0.0
2019-10-16 00:00:00,0.0,0.0,0.0
2019-10-16 01:00:00,0.0,0.0,0.0
2019-10-16 02:00:00,0.0,0.0,0.0
2019-10-16 03:00:00,0.06,0.0,0.0
2019-10-16 04:00:00,0.02,0.0,0.0
2019-10-16 05:00:00,0.78,0.0,0.0
2019-10-16 06:00:00,0.96,41.572205,0.8008333333333333
2019-10-16 07:00:00,0.74,231.34026,1.0
2019-10-16 08:00:00,0.87,452.94437,1.0
2019-10-16 09:00:00,0.91,640.195,1.0
2019-10-16 10:00:00,0.84,744.64777,1.0
2019-10-16 11:00:00,0.0,792.57526,1.0
2019-10-16 12:00:00,0.3,764.06116,1.0
2019-10-16 13:00:00,0.68,698.1763,1.0
2019-10-16 14:00:00,0.0,542.3557,1.0
2019-10-16 15:00:00,0.0,337.75735,1.0
2019-10-16 16:00:00,0.28,121.94048,1.0
2019-10-16 17:00:00,0.29,2.9108481,0.3383333333333333
2019-10-16 18:00:00,0.0,0.0,0.0
2019-10-16 19:00:00,0.0,0.0,0.0
2019-10-16 20:00:00,0.0,0.0,0.0
2019-10-16 21:00:00,0.0,0.0,0.0
2019-10-16 22:00:00,0.2,0.0,0.0
2019-10-16 23:00:00,0.38,0.0,0.0
2019-10-17 00:00:00,0.96,0.0,0.0
2019-10-17 01:00:00,0.98,0.0,0.0
2019-10-17 02:00:00,0.22,0.0,0.0
2019-10-17 03:00:00,0.78,0.0,0.0
2019-10-17 04:00:00,0.95,0.0,0.0
2019-10-17 05:00:00,0.92,0.0,0.0
2019-10-17 06:00:00,0.99,32.908855,0.7836111111111111
2019-10-17 07:00:00,0.98,207.80353,1.0
2019-10-17 08:00:00,0.94,423.61322,1.0
2019-10-17 09:00:00,0.99,532.522,1.0
2019-10-17 10:00:00,0.94,682.73517,1.0
2019-10-17 11:00:00,0.86,749.97186,1.0
2019-10-17 12:00:00,0.85,739.3819,1.0
2019-10-17 13:00:00,0.73,628.66187,1.0
2019-10-17 14:00:00,0.69,486.21927,1.0
2019-10-17 15:00:00,0.95,232.89561,1.0
2019-10-17 16:00:00,0.57,96.45338,1.0
2019-10-17 17:00:00,0.57,2.9330826,0.3138888888888889
2019-10-17 18:00:00,0.14,0.0,0.0
2019-10-17 19:00:00,0.0,0.0,0.0
2019-10-17 20:00:00,0.0,0.0,0.0
2019-10-17 21:00:00,0.0,0.0,0.0
2019-10-17 22:00:00,0.0,0.0,0.0
2019-10-17 23:00:00,0.0,0.0,0.0
2019-10-18 00:00:00,0.0,0.0,0.0
2019-10-18 01:00:00,0.0,0.0,0.0
2019-10-18 02:00:00,0.0,0.0,0.0
2019-10-18 03:00:00,0.0,0.0,0.0
2019-10-18 04:00:00,0.02,0.0,0.0
2019-10-18 05:00:00,0.37,0.0,0.0
2019-10-18 06:00:00,0.03,48.647743,0.7658333333333334
2019-10-18 07:00:00,0.24,253.5864,1.0
2019-10-18 08:00:00,0.08,470.09317,1.0
2019-10-18 09:00:00,0.04,628.07025,1.0
2019-10-18 10:00:00,0.39,651.3055,1.0
2019-10-18 11:00:00,0.52,633.75397,1.0
2019-10-18 12:00:00,0.65,522.3916,1.0
2019-10-18 13:00:00,0.78,312.884,1.0
2019-10-18 14:00:00,0.55,496.42526,1.0
2019-10-18 15:00:00,0.13,290.5373,1.0
2019-10-18 16:00:00,0.01,110.33384,1.0
2019-10-18 17:00:00,0.01,1.9639678,0.28944444444444445
2019-10-18 18:00:00,0.05,0.0,0.0
2019-10-18 19:00:00,0.0,0.0,0.0
2019-10-18 20:00:00,0.04,0.0,0.0
2019-10-18 21:00:00,0.0,0.0,0.0
2019-10-18 22:00:00,0.0,0.0,0.0
2019-10-18 23:00:00,0.0,0.0,0.0
2019-10-19 00:00:00,0.0,0.0,0.0
2019-10-19 01:00:00,0.0,0.0,0.0
2019-10-19 02:00:00,0.0,0.0,0.0
2019-10-19 03:00:00,0.0,0.0,0.0
2019-10-19 04:00:00,0.0,0.0,0.0
2019-10-19 05:00:00,0.0,0.0,0.0
2019-10-19 06:00:00,0.0,48.289845,0.7483333333333333
2019-10-19 07:00:00,0.0,263.07483,1.0
2019-10-19 08:00:00,0.0,480.19574,1.0
2019-10-19 09:00:00,0.0,653.9163,1.0
2019-10-19 10:00:00,0.0,769.10956,1.0
2019-10-19 11:00:00,0.0,813.211,1.0
2019-10-19 12:00:00,0.0,787.74207,1.0
2019-10-19 13:00:00,0.0,687.6837,1.0
2019-10-19 14:00:00,0.05,526.8269,1.0
2019-10-19 15:00:00,0.0,324.40073,1.0
2019-10-19 16:00:00,0.0,109.042435,1.0
2019-10-19 17:00:00,0.0,0.0,0.2652777777777778
2019-10-19 18:00:00,0.18,0.0,0.0
2019-10-19 19:00:00,0.85,0.0,0.0
2019-10-19 20:00:00,0.32,0.0,0.0
2019-10-19 21:00:00,0.26,0.0,0.0
2019-10-19 22:00:00,0.0,0.0,0.0
2019-10-19 23:00:00,0.0,0.0,0.0
2019-10-20 00:00:00,0.0,0.0,0.0
2019-10-20 01:00:00,0.06,0.0,0.0
2019-10-20 02:00:00,1.0,0.0,0.0
2019-10-20 03:00:00,1.0,0.0,0.0
2019-10-20 04:00:00,0.77,0.0,0.0
2019-10-20 05:00:00,0.1,0.0,0.0
2019-10-20 06:00:00,0.11,41.497738,0.7305555555555555
2019-10-20 07:00:00,0.06,267.34222,1.0
2019-10-20 08:00:00,0.09,467.85895,1.0
2019-10-20 09:00:00,0.02,677.0952,1.0
2019-10-20 10:00:00,0.58,728.7181,1.0
2019-10-20 11:00:00,1.0,651.9213,1.0
2019-10-20 12:00:00,1.0,580.53955,1.0
2019-10-20 13:00:00,1.0,465.71533,1.0
2019-10-20 14:00:00,1.0,326.29977,1.0
2019-10-20 15:00:00,1.0,184.49132,1.0
2019-10-20 16:00:00,1.0,56.678703,1.0
2019-10-20 17:00:00,1.0,0.0,0.24138888888888888
2019-10-20 18:00:00,0.98,0.0,0.0
2019-10-20 19:00:00,0.8,0.0,0.0
2019-10-20 20:00:00,0.98,0.0,0.0
2019-10-20 21:00:00,0.18,0.0,0.0
2019-10-20 22:00:00,0.0,0.0,0.0
2019-10-20 23:00:00,0.01,0.0,0.0
2019-10-21 00:00:00,0.71,0.0,0.0
2019-10-21 01:00:00,0.77,0.0,0.0
2019-10-21 02:00:00,0.78,0.0,0.0
2019-10-21 03:00:00,0.59,0.0,0.0
2019-10-21 04:00:00,0.96,0.0,0.0
2019-10-21 05:00:00,0.61,0.0,0.0
2019-10-21 06:00:00,0.88,28.137577,0.7127777777777777
2019-10-21 07:00:00,1.0,84.7548,1.0
2019-10-21 08:00:00,0.93,184.10371,1.0
2019-10-21 09:00:00,0.75,338.85995,1.0
2019-10-21 10:00:00,0.41,576.9479,1.0
2019-10-21 11:00:00,0.45,757.6641,1.0
2019-10-21 12:00:00,0.36,713.96655,1.0
2019-10-21 13:00:00,0.61,580.5282,1.0
2019-10-21 14:00:00,0.86,480.75043,1.0
2019-10-21 15:00:00,0.81,280.38684,1.0
2019-10-21 16:00:00,0.26,94.57157,1.0
2019-10-21 17:00:00,0.05,0.0,0.21805555555555556
2019-10-21 18:00:00,0.62,0.0,0.0
2019-10-21 19:00:00,0.84,0.0,0.0
2019-10-21 20:00:00,0.87,0.0,0.0
2019-10-21 21:00:00,0.98,0.0,0.0
2019-10-21 22:00:00,0.92,0.0,0.0
2019-10-21 23:00:00,0.12,0.0,0.0
2019-10-22 00:00:00,0.15,0.0,0.0
2019-10-22 01:00:00,0.14,0.0,0.0
2019-10-22 02:00:00,0.4,0.0,0.0
2019-10-22 03:00:00,0.47,0.0,0.0
2019-10-22 04:00:00,0.66,0.0,0.0
2019-10-22 05:00:00,0.6,0.0,0.0
2019-10-22 06:00:00,0.48,29.65443,0.695
2019-10-22 07:00:00,0.63,141.9258,1.0
2019-10-22 08:00:00,0.72,312.92056,1.0
2019-10-22 09:00:00,0.67,399.65103,1.0
2019-10-22 10:00:00,0.67,531.4187,1.0
2019-10-22 11:00:00,0.56,576.68994,1.0
2019-10-22 12:00:00,0.58,590.07367,1.0
2019-10-22 13:00:00,0.23,550.8162,1.0
2019-10-22 14:00:00,0.47,434.5037,1.0
2019-10-22 15:00:00,0.83,173.74944,1.0
2019-10-22 16:00:00,0.57,46.258205,1.0
2019-10-22 17:00:00,0.51,0.0,0.195
2019-10-22 18:00:00,0.48,0.0,0.0
2019-10-22 19:00:00,0.73,0.0,0.0
2019-10-22 20:00:00,0.73,0.0,0.0
2019-10-22 21:00:00,0.91,0.0,0.0
2019-10-22 22:00:00,0.05,0.0,0.0
2019-10-22 23:00:00,0.22,0.0,0.0
2019-10-23 00:00:00,0.0,0.0,0.0
2019-10-23 01:00:00,0.01,0.0,0.0
2019-10-23 02:00:00,0.0,0.0,0.0
2019-10-23 03:00:00,0.0,0.0,0.0
2019-10-23 04:00:00,0.1,0.0,0.0
2019-10-23 05:00:00,0.07,0.0,0.0
2019-10-23 06:00:00,0.26,33.501072,0.6772222222222222
2019-10-23 07:00:00,0.22,237.80864,1.0
2019-10-23 08:00:00,0.02,450.1458,1.0
2019-10-23 09:00:00,0.04,621.2745,1.0
2019-10-23 10:00:00,0.33,741.84973,1.0
2019-10-23 11:00:00,0.41,678.09674,1.0
2019-10-23 12:00:00,0.56,678.17444,1.0
2019-10-23 13:00:00,0.64,540.1257,1.0
2019-10-23 14:00:00,0.86,268.10236,1.0
2019-10-23 15:00:00,1.0,57.440662,1.0
2019-10-23 16:00:00,1.0,11.084874,1.0
2019-10-23 17:00:00,1.0,0.0,0.1725
2019-10-23 18:00:00,1.0,0.0,0.0
2019-10-23 19:00:00,1.0,0.0,0.0
2019-10-23 20:00:00,1.0,0.0,0.0
2019-10-23 21:00:00,1.0,0.0,0.0
2019-10-23 22:00:00,1.0,0.0,0.0
2019-10-23 23:00:00,1.0,0.0,0.0
2019-10-24 00:00:00,1.0,0.0,0.0
2019-10-24 01:00:00,1.0,0.0,0.0
2019-10-24 02:00:00,1.0,0.0,0.0
2019-10-24 03:00:00,1.0,0.0,0.0
2019-10-24 04:00:00,0.99,0.0,0.0
2019-10-24 05:00:00,0.98,0.0,0.0
2019-10-24 06:00:00,0.97,16.190899,0.6591666666666667
2019-10-24 07:00:00,0.91,151.62004,1.0
2019-10-24 08:00:00,0.43,422.4201,1.0
2019-10-24 09:00:00,0.26,590.4553,1.0
2019-10-24 10:00:00,0.22,772.43713,1.0
2019-10-24 11:00:00,0.01,824.9515,1.0
2019-10-24 12:00:00,0.0,792.4329,1.0
2019-10-24 13:00:00,0.0,688.29663,1.0
2019-10-24 14:00:00,0.0,521.31824,1.0
2019-10-24 15:00:00,0.0,311.23697,1.0
2019-10-24 16:00:00,0.0,93.63527,1.0
2019-10-24 17:00:00,0.03,0.0,0.1502777777777778
2019-10-24 18:00:00,0.01,0.0,0.0
2019-10-24 19:00:00,0.0,0.0,0.0
2019-10-24 20:00:00,0.0,0.0,0.0
2019-10-24 21:00:00,0.0,0.0,0.0
2019-10-24 22:00:00,0.0,0.0,0.0
2019-10-24 23:00:00,0.0,0.0,0.0
2019-10-25 00:00:00,0.0,0.0,0.0
2019-10-25 01:00:00,0.0,0.0,0.0
2019-10-25 02:00:00,0.0,0.0,0.0
2019-10-25 03:00:00,0.0,0.0,0.0
2019-10-25 04:00:00,0.0,0.0,0.0
2019-10-25 05:00:00,0.03,0.0,0.0
2019-10-25 06:00:00,0.01,34.482574,0.6411111111111111
2019-10-25 07:00:00,0.01,241.79037,1.0
2019-10-25 08:00:00,0.0,460.09097,1.0
2019-10-25 09:00:00,0.0,634.0596,1.0
2019-10-25 10:00:00,0.0,747.96814,1.0
2019-10-25 11:00:00,0.0,788.97046,1.0
2019-10-25 12:00:00,0.0,758.23376,1.0
2019-10-25 13:00:00,0.0,657.4126,1.0
2019-10-25 14:00:00,0.0,497.32578,1.0
2019-10-25 15:00:00,0.0,293.93497,1.0
2019-10-25 16:00:00,0.0,85.653885,1.0
2019-10-25 17:00:00,0.0,0.0,0.12861111111111112
2019-10-25 18:00:00,0.0,0.0,0.0
2019-10-25 19:00:00,0.0,0.0,0.0
2019-10-25 20:00:00,0.0,0.0,0.0
2019-10-25 21:00:00,0.0,0.0,0.0
2019-10-25 22:00:00,0.0,0.0,0.0
2019-10-25 23:00:00,0.0,0.0,0.0
2019-10-26 00:00:00,0.0,0.0,0.0
2019-10-26 01:00:00,0.0,0.0,0.0
2019-10-26 02:00:00,0.0,0.0,0.0
2019-10-26 03:00:00,0.0,0.0,0.0
2019-10-26 04:00:00,0.0,0.0,0.0
2019-10-26 05:00:00,0.0,0.0,0.0
2019-10-26 06:00:00,0.0,31.644686,0.6230555555555556
2019-10-26 07:00:00,0.08,238.78996,1.0
2019-10-26 08:00:00,1.0,430.17816,1.0
2019-10-26 09:00:00,0.99,511.1825,1.0
2019-10-26 10:00:00,0.53,448.16342,1.0
2019-10-26 11:00:00,0.0,786.4475,1.0
2019-10-26 12:00:00,0.0,752.91077,1.0
2019-10-26 13:00:00,0.0,651.3826,1.0
2019-10-26 14:00:00,0.0,489.6377,1.0
2019-10-26 15:00:00,0.0,287.71262,1.0
2019-10-26 16:00:00,0.0,80.95107,1.0
2019-10-26 17:00:00,0.0,0.0,0.10722222222222222
2019-10-26 18:00:00,0.0,0.0,0.0
2019-10-26 19:00:00,0.85,0.0,0.0
2019-10-26 20:00:00,0.33,0.0,0.0
2019-10-26 21:00:00,0.99,0.0,0.0
2019-10-26 22:00:00,0.97,0.0,0.0
2019-10-26 23:00:00,0.97,0.0,0.0
2019-10-27 00:00:00,0.98,0.0,0.0
2019-10-27 01:00:00,1.0,0.0,0.0
2019-10-27 02:00:00,1.0,0.0,0.0
2019-10-27 03:00:00,1.0,0.0,0.0
2019-10-27 04:00:00,1.0,0.0,0.0
2019-10-27 05:00:00,1.0,0.0,0.0
2019-10-27 06:00:00,1.0,2.981769,0.605
2019-10-27 07:00:00,1.0,29.817692,1.0
2019-10-27 08:00:00,1.0,48.702232,1.0
2019-10-27 09:00:00,1.0,163.00339,1.0
2019-10-27 10:00:00,1.0,241.23811,1.0
2019-10-27 11:00:00,1.0,371.0506,1.0
2019-10-27 12:00:00,1.0,337.4376,1.0
2019-10-27 13:00:00,1.0,209.04712,1.0
2019-10-27 14:00:00,1.0,150.07451,1.0
2019-10-27 15:00:00,1.0,87.9999,1.0
2019-10-27 16:00:00,1.0,24.05472,1.0
2019-10-27 17:00:00,1.0,0.0,0.08638888888888889
2019-10-27 18:00:00,1.0,0.0,0.0
2019-10-27 19:00:00,1.0,0.0,0.0
2019-10-27 20:00:00,1.0,0.0,0.0
2019-10-27 21:00:00,1.0,0.0,0.0
2019-10-27 22:00:00,0.93,0.0,0.0
2019-10-27 23:00:00,1.0,0.0,0.0
2019-10-28 00:00:00,1.0,0.0,0.0
2019-10-28 01:00:00,1.0,0.0,0.0
2019-10-28 02:00:00,1.0,0.0,0.0
2019-10-28 03:00:00,1.0,0.0,0.0
2019-10-28 04:00:00,1.0,0.0,0.0
2019-10-28 05:00:00,1.0,0.0,0.0
2019-10-28 06:00:00,1.0,7.9513845,0.5863888888888888
2019-10-28 07:00:00,1.0,85.31592,1.0
2019-10-28 08:00:00,1.0,180.01508,1.0
2019-10-28 09:00:00,1.0,286.43643,1.0
2019-10-28 10:00:00,1.0,577.01624,1.0
2019-10-28 11:00:00,0.92,796.53156,1.0
2019-10-28 12:00:00,0.65,790.9132,1.0
2019-10-28 13:00:00,0.05,685.34406,1.0
2019-10-28 14:00:00,0.0,514.6379,1.0
2019-10-28 15:00:00,0.0,297.34534,1.0
2019-10-28 16:00:00,0.0,80.403656,1.0
2019-10-28 17:00:00,0.19,0.0,0.06555555555555556
2019-10-28 18:00:00,0.85,0.0,0.0
2019-10-28 19:00:00,0.93,0.0,0.0
2019-10-28 20:00:00,0.89,0.0,0.0
2019-10-28 21:00:00,0.79,0.0,0.0
2019-10-28 22:00:00,0.96,0.0,0.0
2019-10-28 23:00:00,0.97,0.0,0.0
2019-10-29 00:00:00,1.0,0.0,0.0
2019-10-29 01:00:00,0.98,0.0,0.0
2019-10-29 02:00:00,0.38,0.0,0.0
2019-10-29 03:00:00,0.96,0.0,0.0
2019-10-29 04:00:00,0.98,0.0,0.0
2019-10-29 05:00:00,1.0,0.0,0.0
2019-10-29 06:00:00,1.0,4.9696155,0.5680555555555555
2019-10-29 07:00:00,1.0,74.17556,1.0
2019-10-29 08:00:00,1.0,150.08238,1.0
2019-10-29 09:00:00,1.0,293.26324,1.0
2019-10-29 10:00:00,1.0,391.12384,1.0
2019-10-29 11:00:00,1.0,499.64948,1.0
2019-10-29 12:00:00,1.0,515.3824,1.0
2019-10-29 13:00:00,1.0,445.52264,1.0
2019-10-29 14:00:00,0.99,305.47827,1.0
2019-10-29 15:00:00,1.0,122.25254,1.0
2019-10-29 16:00:00,1.0,30.811617,1.0
2019-10-29 17:00:00,1.0,0.0,0.04472222222222222
2019-10-29 18:00:00,1.0,0.0,0.0
2019-10-29 19:00:00,1.0,0.0,0.0
2019-10-29 20:00:00,1.0,0.0,0.0
2019-10-29 21:00:00,1.0,0.0,0.0
2019-10-29 22:00:00,1.0,0.0,0.0
2019-10-29 23:00:00,1.0,0.0,0.0
2019-10-30 00:00:00,1.0,0.0,0.0
2019-10-30 01:00:00,0.99,0.0,0.0
2019-10-30 02:00:00,1.0,0.0,0.0
2019-10-30 03:00:00,1.0,0.0,0.0
2019-10-30 04:00:00,0.99,0.0,0.0
2019-10-30 05:00:00,0.96,0.0,0.0
2019-10-30 06:00:00,0.96,11.5347595,0.5491666666666667
2019-10-30 07:00:00,0.97,144.09456,1.0
2019-10-30 08:00:00,0.93,348.56012,1.0
2019-10-30 09:00:00,0.91,518.362,1.0
2019-10-30 10:00:00,0.84,734.3797,1.0
2019-10-30 11:00:00,0.27,799.14874,1.0
2019-10-30 12:00:00,0.0,787.946,1.0
2019-10-30 13:00:00,0.0,682.9087,1.0
2019-10-30 14:00:00,0.05,506.7043,1.0
2019-10-30 15:00:00,0.47,281.86133,1.0
2019-10-30 16:00:00,0.0,74.75399,1.0
2019-10-30 17:00:00,0.0,0.0,0.024444444444444446
2019-10-30 18:00:00,0.0,0.0,0.0
2019-10-30 19:00:00,0.0,0.0,0.0
2019-10-30 20:00:00,0.0,0.0,0.0
2019-10-30 21:00:00,0.0,0.0,0.0
2019-10-30 22:00:00,0.0,0.0,0.0
2019-10-30 23:00:00,0.0,0.0,0.0
2019-10-31 00:00:00,0.0,0.0,0.0
2019-10-31 01:00:00,0.0,0.0,0.0
2019-10-31 02:00:00,0.01,0.0,0.0
2019-10-31 03:00:00,0.02,0.0,0.0
2019-10-31 04:00:00,0.01,0.0,0.0
2019-10-31 05:00:00,0.01,0.0,0.0
2019-10-31 06:00:00,0.01,21.88125,0.5305555555555556
2019-10-31 07:00:00,0.02,219.41287,1.0
2019-10-31 08:00:00,0.02,440.96136,1.0
2019-10-31 09:00:00,0.01,623.24554,1.0
2019-10-31 10:00:00,0.0,742.3586,1.0
2019-10-31 11:00:00,0.0,788.86194,1.0
2019-10-31 12:00:00,0.0,758.78656,1.0
2019-10-31 13:00:00,0.0,654.13104,1.0
2019-10-31 14:00:00,0.02,493.3331,1.0
2019-10-31 15:00:00,0.89,265.98102,1.0
2019-10-31 16:00:00,0.91,55.30251,1.0
2019-10-31 17:00:00,0.19,0.0,0.004166666666666667
2019-10-31 18:00:00,0.0,0.0,0.0
2019-10-31 19:00:00,0.33,0.0,0.0
2019-10-31 20:00:00,0.21,0.0,0.0
2019-10-31 21:00:00,0.38,0.0,0.0
2019-10-31 22:00:00,0.38,0.0,0.0
2019-10-31 23:00:00,0.0,0.0,0.0
2019-11-01 00:00:00,0.19,0.0,0.0
2019-11-01 01:00:00,0.29,0.0,0.0
2019-11-01 02:00:00,0.41,0.0,0.0
2019-11-01 03:00:00,0.06,0.0,0.0
2019-11-01 04:00:00,0.12,0.0,0.0
2019-11-01 05:00:00,0.24,0.0,0.0
2019-11-01 06:00:00,0.56,12.3982935,0.5116666666666667
2019-11-01 07:00:00,0.46,168.78357,1.0
2019-11-01 08:00:00,0.0,437.76312,1.0
2019-11-01 09:00:00,0.0,619.13,1.0
2019-11-01 10:00:00,0.02,721.5273,1.0
2019-11-01 11:00:00,0.57,722.8347,1.0
2019-11-01 12:00:00,0.8,682.84937,1.0
2019-11-01 13:00:00,0.88,539.3807,1.0
2019-11-01 14:00:00,0.75,361.52908,1.0
2019-11-01 15:00:00,0.66,200.47894,1.0
2019-11-01 16:00:00,0.49,50.695183,0.9844444444444445
2019-11-01 17:00:00,0.4,0.0,0.0
2019-11-01 18:00:00,0.52,0.0,0.0
2019-11-01 19:00:00,0.24,0.0,0.0
2019-11-01 20:00:00,0.1,0.0,0.0
2019-11-01 21:00:00,0.09,0.0,0.0
2019-11-01 22:00:00,0.01,0.0,0.0
2019-11-01 23:00:00,0.0,0.0,0.0
2019-11-02 00:00:00,0.0,0.0,0.0
2019-11-02 01:00:00,0.01,0.0,0.0
2019-11-02 02:00:00,0.01,0.0,0.0
2019-11-02 03:00:00,0.01,0.0,0.0
2019-11-02 04:00:00,0.0,0.0,0.0
2019-11-02 05:00:00,0.0,0.0,0.0
2019-11-02 06:00:00,0.0,18.930317,0.49277777777777776
2019-11-02 07:00:00,0.0,214.65308,1.0
2019-11-02 08:00:00,0.01,435.54807,1.0
2019-11-02 09:00:00,0.0,614.2299,1.0
2019-11-02 10:00:00,0.0,699.72046,1.0
2019-11-02 11:00:00,0.4,770.05225,1.0
2019-11-02 12:00:00,0.75,713.87885,1.0
2019-11-02 13:00:00,0.92,538.5486,1.0
2019-11-02 14:00:00,0.49,430.6204,1.0
2019-11-02 15:00:00,0.21,268.12668,1.0
2019-11-02 16:00:00,0.01,63.423363,0.965
2019-11-02 17:00:00,0.0,0.0,0.0
2019-11-02 18:00:00,0.0,0.0,0.0
2019-11-02 19:00:00,0.0,0.0,0.0
2019-11-02 20:00:00,0.0,0.0,0.0
2019-11-02 21:00:00,0.05,0.0,0.0
2019-11-02 22:00:00,0.0,0.0,0.0
2019-11-02 23:00:00,0.22,0.0,0.0
2019-11-03 00:00:00,0.21,0.0,0.0
2019-11-03 01:00:00,0.0,0.0,0.0
2019-11-03 02:00:00,0.0,0.0,0.0
2019-11-03 03:00:00,0.0,0.0,0.0
2019-11-03 04:00:00,0.0,0.0,0.0
2019-11-03 05:00:00,0.0,0.0,0.0
2019-11-03 06:00:00,0.06,16.443996,0.4736111111111111
2019-11-03 07:00:00,0.34,210.5675,1.0
2019-11-03 08:00:00,0.65,425.70844,1.0
2019-11-03 09:00:00,0.73,596.80695,1.0
2019-11-03 10:00:00,0.37,721.81683,1.0
2019-11-03 11:00:00,0.0,768.6692,1.0
2019-11-03 12:00:00,0.18,726.01984,1.0
2019-11-03 13:00:00,0.17,615.8775,1.0
2019-11-03 14:00:00,0.14,462.71902,1.0
2019-11-03 15:00:00,0.0,252.77881,1.0
2019-11-03 16:00:00,0.12,57.785122,0.9458333333333333
2019-11-03 17:00:00,0.93,0.0,0.0
2019-11-03 18:00:00,1.0,0.0,0.0
2019-11-03 19:00:00,0.98,0.0,0.0
2019-11-03 20:00:00,0.95,0.0,0.0
2019-11-03 21:00:00,0.78,0.0,0.0
2019-11-03 22:00:00,0.65,0.0,0.0
2019-11-03 23:00:00,0.37,0.0,0.0
2019-11-04 00:00:00,0.79,0.0,0.0
2019-11-04 01:00:00,0.7,0.0,0.0
2019-11-04 02:00:00,0.73,0.0,0.0
2019-11-04 03:00:00,0.93,0.0,0.0
2019-11-04 04:00:00,0.9,0.0,0.0
2019-11-04 05:00:00,0.94,0.0,0.0
2019-11-04 06:00:00,0.69,7.919627,0.45472222222222225
2019-11-04 07:00:00,0.63,137.39629,1.0
2019-11-04 08:00:00,0.72,314.91946,1.0
2019-11-04 09:00:00,0.83,416.93488,1.0
2019-11-04 10:00:00,0.78,580.0676,1.0
2019-11-04 11:00:00,0.78,575.0164,1.0
2019-11-04 12:00:00,0.43,595.7684,1.0
2019-11-04 13:00:00,0.11,592.3096,1.0
2019-11-04 14:00:00,0.11,427.5699,1.0
2019-11-04 15:00:00,0.06,243.71223,1.0
2019-11-04 16:00:00,0.02,55.650566,0.9269444444444445
2019-11-04 17:00:00,0.0,0.0,0.0
2019-11-04 18:00:00,0.11,0.0,0.0
2019-11-04 19:00:00,0.0,0.0,0.0
2019-11-04 20:00:00,0.0,0.0,0.0
2019-11-04 21:00:00,0.0,0.0,0.0
2019-11-04 22:00:00,0.0,0.0,0.0
2019-11-04 23:00:00,0.0,0.0,0.0
2019-11-05 00:00:00,0.0,0.0,0.0
2019-11-05 01:00:00,0.0,0.0,0.0
2019-11-05 02:00:00,0.0,0.0,0.0
2019-11-05 03:00:00,0.0,0.0,0.0
2019-11-05 04:00:00,0.0,0.0,0.0
2019-11-05 05:00:00,0.0,0.0,0.0
2019-11-05 06:00:00,0.0,13.086621,0.43555555555555553
2019-11-05 07:00:00,0.0,197.00883,1.0
2019-11-05 08:00:00,0.0,407.43533,1.0
2019-11-05 09:00:00,0.0,585.133,1.0
2019-11-05 10:00:00,0.0,693.36975,1.0
2019-11-05 11:00:00,0.0,745.34155,1.0
2019-11-05 12:00:00,0.01,705.6583,1.0
2019-11-05 13:00:00,0.45,584.29724,1.0
2019-11-05 14:00:00,0.04,454.40878,1.0
2019-11-05 15:00:00,0.0,251.01782,1.0
2019-11-05 16:00:00,0.0,54.13345,0.9086111111111111
2019-11-05 17:00:00,0.0,0.0,0.0
2019-11-05 18:00:00,0.0,0.0,0.0
2019-11-05 19:00:00,0.0,0.0,0.0
2019-11-05 20:00:00,0.0,0.0,0.0
2019-11-05 21:00:00,0.0,0.0,0.0
2019-11-05 22:00:00,0.0,0.0,0.0
2019-11-05 23:00:00,0.0,0.0,0.0
2019-11-06 00:00:00,0.0,0.0,0.0
2019-11-06 01:00:00,0.0,0.0,0.0
2019-11-06 02:00:00,0.0,0.0,0.0
2019-11-06 03:00:00,0.0,0.0,0.0
2019-11-06 04:00:00,0.0,0.0,0.0
2019-11-06 05:00:00,0.0,0.0,0.0
2019-11-06 06:00:00,0.01,12.371815,0.41638888888888886
2019-11-06 07:00:00,0.0,198.06104,1.0
2019-11-06 08:00:00,0.31,412.00427,1.0
2019-11-06 09:00:00,0.03,586.78925,1.0
2019-11-06 10:00:00,0.0,701.8943,1.0
2019-11-06 11:00:00,0.0,744.77344,1.0
2019-11-06 12:00:00,0.0,710.641,1.0
2019-11-06 13:00:00,0.0,606.82605,1.0
2019-11-06 14:00:00,0.0,445.70895,1.0
2019-11-06 15:00:00,0.0,239.99928,1.0
2019-11-06 16:00:00,0.03,44.19188,0.8905555555555555
2019-11-06 17:00:00,0.71,0.0,0.0
2019-11-06 18:00:00,1.0,0.0,0.0
2019-11-06 19:00:00,1.0,0.0,0.0
2019-11-06 20:00:00,0.97,0.0,0.0
2019-11-06 21:00:00,0.99,0.0,0.0
2019-11-06 22:00:00,0.98,0.0,0.0
2019-11-06 23:00:00,0.98,0.0,0.0
2019-11-07 00:00:00,0.99,0.0,0.0
2019-11-07 01:00:00,1.0,0.0,0.0
2019-11-07 02:00:00,1.0,0.0,0.0
2019-11-07 03:00:00,0.95,0.0,0.0
2019-11-07 04:00:00,0.88,0.0,0.0
2019-11-07 05:00:00,0.53,0.0,0.0
2019-11-07 06:00:00,1.0,5.2175426,0.3975
2019-11-07 07:00:00,1.0,145.6768,1.0
2019-11-07 08:00:00,0.91,307.207,1.0
2019-11-07 09:00:00,0.75,513.6947,1.0
2019-11-07 10:00:00,0.42,649.0036,1.0
2019-11-07 11:00:00,0.05,720.93335,1.0
2019-11-07 12:00:00,0.01,702.04785,1.0
2019-11-07 13:00:00,0.0,602.5432,1.0
2019-11-07 14:00:00,0.0,442.53445,1.0
2019-11-07 15:00:00,0.0,240.28122,1.0
2019-11-07 16:00:00,0.0,49.02653,0.8727777777777778
2019-11-07 17:00:00,0.0,0.0,0.0
2019-11-07 18:00:00,0.0,0.0,0.0
2019-11-07 19:00:00,0.0,0.0,0.0
2019-11-07 20:00:00,0.81,0.0,0.0
2019-11-07 21:00:00,0.97,0.0,0.0
2019-11-07 22:00:00,0.98,0.0,0.0
2019-11-07 23:00:00,0.01,0.0,0.0
2019-11-08 00:00:00,0.0,0.0,0.0
2019-11-08 01:00:00,0.0,0.0,0.0
2019-11-08 02:00:00,0.0,0.0,0.0
2019-11-08 03:00:00,0.0,0.0,0.0
2019-11-08 04:00:00,0.0,0.0,0.0
2019-11-08 05:00:00,0.0,0.0,0.0
2019-11-08 06:00:00,0.0,9.655221,0.37833333333333335
2019-11-08 07:00:00,0.0,188.31502,1.0
2019-11-08 08:00:00,0.0,401.63852,1.0
2019-11-08 09:00:00,0.0,575.1718,1.0
2019-11-08 10:00:00,0.0,688.41504,1.0
2019-11-08 11:00:00,0.0,728.3946,1.0
2019-11-08 12:00:00,0.0,692.05695,1.0
2019-11-08 13:00:00,0.0,583.39606,1.0
2019-11-08 14:00:00,0.0,428.82034,1.0
2019-11-08 15:00:00,0.0,231.63629,1.0
2019-11-08 16:00:00,0.0,44.722195,0.8558333333333333
2019-11-08 17:00:00,0.0,0.0,0.0
2019-11-08 18:00:00,0.0,0.0,0.0
2019-11-08 19:00:00,0.0,0.0,0.0
2019-11-08 20:00:00,0.0,0.0,0.0
2019-11-08 21:00:00,0.0,0.0,0.0
2019-11-08 22:00:00,0.0,0.0,0.0
2019-11-08 23:00:00,0.0,0.0,0.0
2019-11-09 00:00:00,0.0,0.0,0.0
2019-11-09 01:00:00,0.0,0.0,0.0
2019-11-09 02:00:00,0.0,0.0,0.0
2019-11-09 03:00:00,0.0,0.0,0.0
2019-11-09 04:00:00,0.0,0.0,0.0
2019-11-09 05:00:00,0.0,0.0,0.0
2019-11-09 06:00:00,0.0,8.890958,0.3591666666666667
2019-11-09 07:00:00,0.0,178.25778,1.0
2019-11-09 08:00:00,0.0,389.79922,1.0
2019-11-09 09:00:00,0.15,563.22034,1.0
2019-11-09 10:00:00,0.45,675.64435,1.0
2019-11-09 11:00:00,0.09,719.43774,1.0
2019-11-09 12:00:00,0.0,689.67,1.0
2019-11-09 13:00:00,0.0,589.8601,1.0
2019-11-09 14:00:00,0.0,430.18265,1.0
2019-11-09 15:00:00,0.0,230.22198,1.0
2019-11-09 16:00:00,0.0,44.148724,0.8391666666666666
2019-11-09 17:00:00,0.0,0.0,0.0
2019-11-09 18:00:00,0.0,0.0,0.0
2019-11-09 19:00:00,0.0,0.0,0.0
2019-11-09 20:00:00,0.0,0.0,0.0
2019-11-09 21:00:00,0.0,0.0,0.0
2019-11-09 22:00:00,0.0,0.0,0.0
2019-11-09 23:00:00,0.0,0.0,0.0
2019-11-10 00:00:00,0.0,0.0,0.0
2019-11-10 01:00:00,0.0,0.0,0.0
2019-11-10 02:00:00,0.0,0.0,0.0
2019-11-10 03:00:00,0.0,0.0,0.0
2019-11-10 04:00:00,0.0,0.0,0.0
2019-11-10 05:00:00,0.0,0.0,0.0
2019-11-10 06:00:00,0.06,5.5629635,0.3402777777777778
2019-11-10 07:00:00,0.49,164.58163,1.0
2019-11-10 08:00:00,0.34,360.41162,1.0
2019-11-10 09:00:00,0.02,530.25397,1.0
2019-11-10 10:00:00,0.99,637.8512,1.0
2019-11-10 11:00:00,1.0,678.4611,1.0
2019-11-10 12:00:00,0.93,641.5344,1.0
2019-11-10 13:00:00,1.0,512.9043,1.0
2019-11-10 14:00:00,1.0,349.5967,1.0
2019-11-10 15:00:00,0.99,162.79614,1.0
2019-11-10 16:00:00,1.0,13.914923,0.8230555555555555
2019-11-10 17:00:00,0.98,0.0,0.0
2019-11-10 18:00:00,0.91,0.0,0.0
2019-11-10 19:00:00,1.0,0.0,0.0
2019-11-10 20:00:00,0.98,0.0,0.0
2019-11-10 21:00:00,0.62,0.0,0.0
2019-11-10 22:00:00,0.85,0.0,0.0
2019-11-10 23:00:00,0.98,0.0,0.0
2019-11-11 00:00:00,1.0,0.0,0.0
2019-11-11 01:00:00,1.0,0.0,0.0
2019-11-11 02:00:00,1.0,0.0,0.0
2019-11-11 03:00:00,1.0,0.0,0.0
2019-11-11 04:00:00,1.0,0.0,0.0
2019-11-11 05:00:00,0.99,0.0,0.0
2019-11-11 06:00:00,0.99,0.99392307,0.3213888888888889
2019-11-11 07:00:00,0.98,62.357704,1.0
2019-11-11 08:00:00,1.0,123.31481,1.0
2019-11-11 09:00:00,1.0,293.79892,1.0
2019-11-11 10:00:00,1.0,495.59375,1.0
2019-11-11 11:00:00,1.0,636.39636,1.0
2019-11-11 12:00:00,0.28,661.17633,1.0
2019-11-11 13:00:00,0.01,582.9813,1.0
2019-11-11 14:00:00,0.0,423.2919,1.0
2019-11-11 15:00:00,0.0,225.47075,1.0
2019-11-11 16:00:00,0.0,40.69348,0.8075
2019-11-11 17:00:00,0.0,0.0,0.0
2019-11-11 18:00:00,0.0,0.0,0.0
2019-11-11 19:00:00,0.0,0.0,0.0
2019-11-11 20:00:00,0.0,0.0,0.0
2019-11-11 21:00:00,0.0,0.0,0.0
2019-11-11 22:00:00,0.0,0.0,0.0
2019-11-11 23:00:00,0.0,0.0,0.0
2019-11-12 00:00:00,0.0,0.0,0.0
2019-11-12 01:00:00,0.0,0.0,0.0
2019-11-12 02:00:00,0.0,0.0,0.0
2019-11-12 03:00:00,0.0,0.0,0.0
2019-11-12 04:00:00,0.0,0.0,0.0
2019-11-12 05:00:00,0.0,0.0,0.0
2019-11-12 06:00:00,0.0,5.8407097,0.3025
2019-11-12 07:00:00,0.01,178.14104,1.0
2019-11-12 08:00:00,0.0,395.1817,1.0
2019-11-12 09:00:00,0.0,571.9278,1.0
2019-11-12 10:00:00,0.0,683.7605,1.0
2019-11-12 11:00:00,0.0,722.1335,1.0
2019-11-12 12:00:00,0.0,685.4458,1.0
2019-11-12 13:00:00,0.0,584.2128,1.0
2019-11-12 14:00:00,0.0,422.96335,1.0
2019-11-12 15:00:00,0.0,224.51138,1.0
2019-11-12 16:00:00,0.0,38.622116,0.7925
2019-11-12 17:00:00,0.0,0.0,0.0
2019-11-12 18:00:00,0.0,0.0,0.0
2019-11-12 19:00:00,0.67,0.0,0.0
2019-11-12 20:00:00,1.0,0.0,0.0
2019-11-12 21:00:00,1.0,0.0,0.0
2019-11-12 22:00:00,1.0,0.0,0.0
2019-11-12 23:00:00,0.93,0.0,0.0
2019-11-13 00:00:00,0.98,0.0,0.0
2019-11-13 01:00:00,0.98,0.0,0.0
2019-11-13 02:00:00,0.99,0.0,0.0
2019-11-13 03:00:00,0.91,0.0,0.0
2019-11-13 04:00:00,1.0,0.0,0.0
2019-11-13 05:00:00,0.0,0.0,0.0
2019-11-13 06:00:00,0.41,5.003799,0.2838888888888889
2019-11-13 07:00:00,0.7,140.1988,1.0
2019-11-13 08:00:00,0.96,246.71446,1.0
2019-11-13 09:00:00,0.99,403.86993,1.0
2019-11-13 10:00:00,0.98,522.8833,1.0
2019-11-13 11:00:00,0.84,617.5636,1.0
2019-11-13 12:00:00,0.02,647.58075,1.0
2019-11-13 13:00:00,0.01,563.0434,1.0
2019-11-13 14:00:00,0.0,408.76776,1.0
2019-11-13 15:00:00,0.0,213.70161,1.0
2019-11-13 16:00:00,0.0,36.032642,0.7783333333333333
2019-11-13 17:00:00,0.0,0.0,0.0
2019-11-13 18:00:00,0.23,0.0,0.0
2019-11-13 19:00:00,0.34,0.0,0.0
2019-11-13 20:00:00,0.35,0.0,0.0
2019-11-13 21:00:00,0.38,0.0,0.0
2019-11-13 22:00:00,0.55,0.0,0.0
2019-11-13 23:00:00,0.45,0.0,0.0
2019-11-14 00:00:00,0.41,0.0,0.0
2019-11-14 01:00:00,0.45,0.0,0.0
2019-11-14 02:00:00,0.61,0.0,0.0
2019-11-14 03:00:00,0.54,0.0,0.0
2019-11-14 04:00:00,0.23,0.0,0.0
2019-11-14 05:00:00,0.12,0.0,0.0
2019-11-14 06:00:00,0.9,0.0,0.2652777777777778
2019-11-14 07:00:00,0.41,114.625145,1.0
2019-11-14 08:00:00,1.0,299.8902,1.0
2019-11-14 09:00:00,0.27,483.46564,1.0
2019-11-14 10:00:00,0.02,642.83044,1.0
2019-11-14 11:00:00,0.01,687.61536,1.0
2019-11-14 12:00:00,0.47,660.53204,1.0
2019-11-14 13:00:00,0.53,566.23755,1.0
2019-11-14 14:00:00,0.18,401.4084,1.0
2019-11-14 15:00:00,0.75,177.56581,1.0
2019-11-14 16:00:00,0.79,28.369514,0.7644444444444445
2019-11-14 17:00:00,0.31,0.0,0.0
2019-11-14 18:00:00,0.12,0.0,0.0
2019-11-14 19:00:00,0.0,0.0,0.0
2019-11-14 20:00:00,0.54,0.0,0.0
2019-11-14 21:00:00,0.41,0.0,0.0
2019-11-14 22:00:00,0.4,0.0,0.0
2019-11-14 23:00:00,0.77,0.0,0.0
2019-11-15 00:00:00,1.0,0.0,0.0
2019-11-15 01:00:00,0.99,0.0,0.0
2019-11-15 02:00:00,1.0,0.0,0.0
2019-11-15 03:00:00,1.0,0.0,0.0
2019-11-15 04:00:00,1.0,0.0,0.0
2019-11-15 05:00:00,0.93,0.0,0.0
2019-11-15 06:00:00,1.0,0.0,0.24666666666666667
2019-11-15 07:00:00,1.0,68.04168,1.0
2019-11-15 08:00:00,1.0,98.00684,1.0
2019-11-15 09:00:00,1.0,244.07307,1.0
2019-11-15 10:00:00,1.0,373.32007,1.0
2019-11-15 11:00:00,1.0,382.6836,1.0
2019-11-15 12:00:00,1.0,364.15607,1.0
2019-11-15 13:00:00,1.0,309.01047,1.0
2019-11-15 14:00:00,1.0,288.35547,1.0
2019-11-15 15:00:00,0.74,165.2871,1.0
2019-11-15 16:00:00,0.28,32.615635,0.7513888888888889
2019-11-15 17:00:00,0.39,0.0,0.0
2019-11-15 18:00:00,0.65,0.0,0.0
2019-11-15 19:00:00,0.82,0.0,0.0
2019-11-15 20:00:00,0.63,0.0,0.0
2019-11-15 21:00:00,0.24,0.0,0.0
2019-11-15 22:00:00,0.0,0.0,0.0
2019-11-15 23:00:00,0.01,0.0,0.0
2019-11-16 00:00:00,0.42,0.0,0.0
2019-11-16 01:00:00,0.96,0.0,0.0
2019-11-16 02:00:00,1.0,0.0,0.0
2019-11-16 03:00:00,1.0,0.0,0.0
2019-11-16 04:00:00,0.99,0.0,0.0
2019-11-16 05:00:00,1.0,0.0,0.0
2019-11-16 06:00:00,1.0,0.0,0.22805555555555557
2019-11-16 07:00:00,0.98,64.555145,1.0
2019-11-16 08:00:00,0.74,304.34872,1.0
2019-11-16 09:00:00,0.87,408.291,1.0
2019-11-16 10:00:00,0.81,556.2645,1.0
2019-11-16 11:00:00,0.22,698.7325,1.0
2019-11-16 12:00:00,0.0,663.36176,1.0
2019-11-16 13:00:00,0.38,545.5164,1.0
2019-11-16 14:00:00,0.65,341.3331,1.0
2019-11-16 15:00:00,0.67,103.4995,1.0
2019-11-16 16:00:00,0.74,20.681135,0.7386111111111111
2019-11-16 17:00:00,0.49,0.0,0.0
2019-11-16 18:00:00,0.92,0.0,0.0
2019-11-16 19:00:00,0.78,0.0,0.0
2019-11-16 20:00:00,0.97,0.0,0.0
2019-11-16 21:00:00,0.98,0.0,0.0
2019-11-16 22:00:00,0.76,0.0,0.0
2019-11-16 23:00:00,0.33,0.0,0.0
2019-11-17 00:00:00,0.15,0.0,0.0
2019-11-17 01:00:00,0.05,0.0,0.0
2019-11-17 02:00:00,0.09,0.0,0.0
2019-11-17 03:00:00,0.07,0.0,0.0
2019-11-17 04:00:00,0.12,0.0,0.0
2019-11-17 05:00:00,0.51,0.0,0.0
2019-11-17 06:00:00,0.62,0.0,0.20944444444444443
2019-11-17 07:00:00,0.01,143.2252,1.0
2019-11-17 08:00:00,0.02,343.28113,1.0
2019-11-17 09:00:00,0.01,509.5929,1.0
2019-11-17 10:00:00,0.01,620.3524,1.0
2019-11-17 11:00:00,0.53,662.977,1.0
2019-11-17 12:00:00,0.99,579.29,1.0
2019-11-17 13:00:00,0.0,542.18054,1.0
2019-11-17 14:00:00,0.0,389.84836,1.0
2019-11-17 15:00:00,0.4,196.23293,1.0
2019-11-17 16:00:00,0.48,28.03079,0.7266666666666667
2019-11-17 17:00:00,0.41,0.0,0.0
2019-11-17 18:00:00,0.75,0.0,0.0
2019-11-17 19:00:00,1.0,0.0,0.0
2019-11-17 20:00:00,1.0,0.0,0.0
2019-11-17 21:00:00,0.99,0.0,0.0
2019-11-17 22:00:00,1.0,0.0,0.0
2019-11-17 23:00:00,1.0,0.0,0.0
2019-11-18 00:00:00,0.67,0.0,0.0
2019-11-18 01:00:00,0.12,0.0,0.0
2019-11-18 02:00:00,0.06,0.0,0.0
2019-11-18 03:00:00,0.38,0.0,0.0
2019-11-18 04:00:00,0.78,0.0,0.0
2019-11-18 05:00:00,0.66,0.0,0.0
2019-11-18 06:00:00,0.0,0.0,0.19083333333333333
2019-11-18 07:00:00,0.0,140.33752,1.0
2019-11-18 08:00:00,0.04,332.73477,1.0
2019-11-18 09:00:00,0.13,447.91458,1.0
2019-11-18 10:00:00,0.11,574.1278,1.0
2019-11-18 11:00:00,0.05,641.0627,1.0
2019-11-18 12:00:00,0.03,632.25885,1.0
2019-11-18 13:00:00,0.02,545.811,1.0
2019-11-18 14:00:00,0.01,391.8736,1.0
2019-11-18 15:00:00,0.45,174.07697,1.0
2019-11-18 16:00:00,0.97,16.0696,0.7147222222222223
2019-11-18 17:00:00,1.0,0.0,0.0
2019-11-18 18:00:00,1.0,0.0,0.0
2019-11-18 19:00:00,1.0,0.0,0.0
2019-11-18 20:00:00,0.93,0.0,0.0
2019-11-18 21:00:00,0.4,0.0,0.0
2019-11-18 22:00:00,0.64,0.0,0.0
2019-11-18 23:00:00,0.62,0.0,0.0
2019-11-19 00:00:00,0.95,0.0,0.0
2019-11-19 01:00:00,0.87,0.0,0.0
2019-11-19 02:00:00,1.0,0.0,0.0
2019-11-19 03:00:00,1.0,0.0,0.0
2019-11-19 04:00:00,1.0,0.0,0.0
2019-11-19 05:00:00,1.0,0.0,0.0
2019-11-19 06:00:00,1.0,0.0,0.17194444444444446
2019-11-19 07:00:00,1.0,89.15811,1.0
2019-11-19 08:00:00,1.0,235.2254,1.0
2019-11-19 09:00:00,1.0,389.7845,1.0
2019-11-19 10:00:00,1.0,479.09448,1.0
2019-11-19 11:00:00,1.0,507.76566,1.0
2019-11-19 12:00:00,1.0,474.13562,1.0
2019-11-19 13:00:00,1.0,408.44406,1.0
2019-11-19 14:00:00,0.97,271.8545,1.0
2019-11-19 15:00:00,1.0,114.65823,1.0
2019-11-19 16:00:00,1.0,12.921,0.7036111111111111
2019-11-19 17:00:00,1.0,0.0,0.0
2019-11-19 18:00:00,0.31,0.0,0.0
2019-11-19 19:00:00,0.75,0.0,0.0
2019-11-19 20:00:00,0.13,0.0,0.0
2019-11-19 21:00:00,0.13,0.0,0.0
2019-11-19 22:00:00,0.98,0.0,0.0
2019-11-19 23:00:00,1.0,0.0,0.0
2019-11-20 00:00:00,1.0,0.0,0.0
2019-11-20 01:00:00,1.0,0.0,0.0
2019-11-20 02:00:00,1.0,0.0,0.0
2019-11-20 03:00:00,1.0,0.0,0.0
2019-11-20 04:00:00,1.0,0.0,0.0
2019-11-20 05:00:00,0.94,0.0,0.0
2019-11-20 06:00:00,0.6,0.0,0.15305555555555556
2019-11-20 07:00:00,0.97,59.05038,1.0
2019-11-20 08:00:00,0.97,147.0301,1.0
2019-11-20 09:00:00,1.0,184.05882,1.0
2019-11-20 10:00:00,1.0,293.86523,1.0
2019-11-20 11:00:00,1.0,289.7121,1.0
2019-11-20 12:00:00,1.0,264.43558,1.0
2019-11-20 13:00:00,1.0,143.69386,1.0
2019-11-20 14:00:00,1.0,127.59306,1.0
2019-11-20 15:00:00,1.0,22.860231,1.0
2019-11-20 16:00:00,1.0,2.981769,0.6930555555555555
2019-11-20 17:00:00,1.0,0.0,0.0
2019-11-20 18:00:00,1.0,0.0,0.0
2019-11-20 19:00:00,1.0,0.0,0.0
2019-11-20 20:00:00,1.0,0.0,0.0
2019-11-20 21:00:00,1.0,0.0,0.0
2019-11-20 22:00:00,0.99,0.0,0.0
2019-11-20 23:00:00,0.97,0.0,0.0
2019-11-21 00:00:00,0.98,0.0,0.0
2019-11-21 01:00:00,0.99,0.0,0.0
2019-11-21 02:00:00,0.98,0.0,0.0
2019-11-21 03:00:00,0.98,0.0,0.0
2019-11-21 04:00:00,1.0,0.0,0.0
2019-11-21 05:00:00,0.99,0.0,0.0
2019-11-21 06:00:00,1.0,0.0,0.13444444444444445
2019-11-21 07:00:00,1.0,9.939231,1.0
2019-11-21 08:00:00,1.0,40.750847,1.0
2019-11-21 09:00:00,1.0,75.538155,1.0
2019-11-21 10:00:00,0.99,118.2306,1.0
2019-11-21 11:00:00,1.0,99.39231,1.0
2019-11-21 12:00:00,1.0,164.24141,1.0
2019-11-21 13:00:00,0.98,103.54648,1.0
2019-11-21 14:00:00,1.0,94.81252,1.0
2019-11-21 15:00:00,0.99,44.173103,1.0
2019-11-21 16:00:00,0.97,9.585973,0.6827777777777778
2019-11-21 17:00:00,0.93,0.0,0.0
2019-11-21 18:00:00,1.0,0.0,0.0
2019-11-21 19:00:00,0.9,0.0,0.0
2019-11-21 20:00:00,0.98,0.0,0.0
2019-11-21 21:00:00,0.9,0.0,0.0
2019-11-21 22:00:00,0.98,0.0,0.0
2019-11-21 23:00:00,0.99,0.0,0.0
2019-11-22 00:00:00,0.99,0.0,0.0
2019-11-22 01:00:00,1.0,0.0,0.0
2019-11-22 02:00:00,0.98,0.0,0.0
2019-11-22 03:00:00,0.97,0.0,0.0
2019-11-22 04:00:00,0.98,0.0,0.0
2019-11-22 05:00:00,1.0,0.0,0.0
2019-11-22 06:00:00,1.0,0.0,0.11583333333333333
2019-11-22 07:00:00,1.0,22.243858,1.0
2019-11-22 08:00:00,1.0,53.67185,1.0
2019-11-22 09:00:00,1.0,85.27651,1.0
2019-11-22 10:00:00,0.99,154.37143,1.0
2019-11-22 11:00:00,0.93,382.7099,1.0
2019-11-22 12:00:00,0.67,474.9881,1.0
2019-11-22 13:00:00,0.64,408.19525,1.0
2019-11-22 14:00:00,0.63,288.31033,1.0
2019-11-22 15:00:00,0.52,165.19922,1.0
2019-11-22 16:00:00,0.17,22.182333,0.6730555555555555
2019-11-22 17:00:00,0.07,0.0,0.0
2019-11-22 18:00:00,0.43,0.0,0.0
2019-11-22 19:00:00,0.27,0.0,0.0
2019-11-22 20:00:00,0.21,0.0,0.0
2019-11-22 21:00:00,0.63,0.0,0.0
2019-11-22 22:00:00,0.59,0.0,0.0
2019-11-22 23:00:00,0.68,0.0,0.0
2019-11-23 00:00:00,0.51,0.0,0.0
2019-11-23 01:00:00,0.67,0.0,0.0
2019-11-23 02:00:00,0.39,0.0,0.0
2019-11-23 03:00:00,0.34,0.0,0.0
2019-11-23 04:00:00,0.26,0.0,0.0
2019-11-23 05:00:00,0.13,0.0,0.0
2019-11-23 06:00:00,0.02,0.0,0.09722222222222222
2019-11-23 07:00:00,0.02,118.950935,1.0
2019-11-23 08:00:00,0.02,325.5207,1.0
2019-11-23 09:00:00,0.01,507.04105,1.0
2019-11-23 10:00:00,0.0,626.6233,1.0
2019-11-23 11:00:00,0.0,673.8823,1.0
2019-11-23 12:00:00,0.0,648.73254,1.0
2019-11-23 13:00:00,0.0,552.09735,1.0
2019-11-23 14:00:00,0.01,395.9187,1.0
2019-11-23 15:00:00,0.01,200.7342,1.0
2019-11-23 16:00:00,0.0,27.05146,0.6638888888888889
2019-11-23 17:00:00,0.0,0.0,0.0
2019-11-23 18:00:00,0.0,0.0,0.0
2019-11-23 19:00:00,0.0,0.0,0.0
2019-11-23 20:00:00,0.0,0.0,0.0
2019-11-23 21:00:00,0.0,0.0,0.0
2019-11-23 22:00:00,0.0,0.0,0.0
2019-11-23 23:00:00,0.0,0.0,0.0
2019-11-24 00:00:00,0.84,0.0,0.0
2019-11-24 01:00:00,0.83,0.0,0.0
2019-11-24 02:00:00,0.97,0.0,0.0
2019-11-24 03:00:00,0.67,0.0,0.0
2019-11-24 04:00:00,1.0,0.0,0.0
2019-11-24 05:00:00,0.03,0.0,0.0
2019-11-24 06:00:00,0.02,0.0,0.07861111111111112
2019-11-24 07:00:00,0.03,108.72117,1.0
2019-11-24 08:00:00,0.85,205.2936,1.0
2019-11-24 09:00:00,0.92,298.36057,1.0
2019-11-24 10:00:00,0.94,534.6122,1.0
2019-11-24 11:00:00,0.48,548.59375,1.0
2019-11-24 12:00:00,0.05,644.803,1.0
2019-11-24 13:00:00,0.35,546.2924,1.0
2019-11-24 14:00:00,0.52,390.47852,1.0
2019-11-24 15:00:00,0.46,196.75497,1.0
2019-11-24 16:00:00,0.6,23.199038,0.6552777777777777
2019-11-24 17:00:00,0.76,0.0,0.0
2019-11-24 18:00:00,0.57,0.0,0.0
2019-11-24 19:00:00,0.06,0.0,0.0
2019-11-24 20:00:00,0.0,0.0,0.0
2019-11-24 21:00:00,0.18,0.0,0.0
2019-11-24 22:00:00,0.0,0.0,0.0
2019-11-24 23:00:00,0.0,0.0,0.0
2019-11-25 00:00:00,0.0,0.0,0.0
2019-11-25 01:00:00,0.0,0.0,0.0
2019-11-25 02:00:00,0.0,0.0,0.0
2019-11-25 03:00:00,0.0,0.0,0.0
2019-11-25 04:00:00,0.0,0.0,0.0
2019-11-25 05:00:00,0.27,0.0,0.0
2019-11-25 06:00:00,0.23,0.0,0.06055555555555556
2019-11-25 07:00:00,0.0,109.001045,1.0
2019-11-25 08:00:00,0.0,317.3419,1.0
2019-11-25 09:00:00,0.01,478.01758,1.0
2019-11-25 10:00:00,0.98,523.2567,1.0
2019-11-25 11:00:00,0.97,475.9233,1.0
2019-11-25 12:00:00,0.98,329.05792,1.0
2019-11-25 13:00:00,1.0,151.07631,1.0
2019-11-25 14:00:00,0.98,152.10545,1.0
2019-11-25 15:00:00,0.98,71.205124,1.0
2019-11-25 16:00:00,1.0,6.9574614,0.6472222222222223
2019-11-25 17:00:00,0.99,0.0,0.0
2019-11-25 18:00:00,1.0,0.0,0.0
2019-11-25 19:00:00,1.0,0.0,0.0
2019-11-25 20:00:00,1.0,0.0,0.0
2019-11-25 21:00:00,1.0,0.0,0.0
2019-11-25 22:00:00,1.0,0.0,0.0
2019-11-25 23:00:00,1.0,0.0,0.0
2019-11-26 00:00:00,1.0,0.0,0.0
2019-11-26 01:00:00,1.0,0.0,0.0
2019-11-26 02:00:00,1.0,0.0,0.0
2019-11-26 03:00:00,1.0,0.0,0.0
2019-11-26 04:00:00,1.0,0.0,0.0
2019-11-26 05:00:00,1.0,0.0,0.0
2019-11-26 06:00:00,1.0,0.0,0.0425
2019-11-26 07:00:00,1.0,17.890615,1.0
2019-11-26 08:00:00,1.0,60.62931,1.0
2019-11-26 09:00:00,1.0,135.17354,1.0
2019-11-26 10:00:00,1.0,214.6874,1.0
2019-11-26 11:00:00,1.0,242.42601,1.0
2019-11-26 12:00:00,1.0,266.22177,1.0
2019-11-26 13:00:00,1.0,237.66228,1.0
2019-11-26 14:00:00,1.0,216.79388,1.0
2019-11-26 15:00:00,1.0,107.64553,1.0
2019-11-26 16:00:00,0.99,14.653538,0.6397222222222222
2019-11-26 17:00:00,0.99,0.0,0.0
2019-11-26 18:00:00,0.99,0.0,0.0
2019-11-26 19:00:00,1.0,0.0,0.0
2019-11-26 20:00:00,0.98,0.0,0.0
2019-11-26 21:00:00,1.0,0.0,0.0
2019-11-26 22:00:00,0.63,0.0,0.0
2019-11-26 23:00:00,1.0,0.0,0.0
2019-11-27 00:00:00,0.08,0.0,0.0
2019-11-27 01:00:00,0.0,0.0,0.0
2019-11-27 02:00:00,0.0,0.0,0.0
2019-11-27 03:00:00,0.05,0.0,0.0
2019-11-27 04:00:00,0.36,0.0,0.0
2019-11-27 05:00:00,0.61,0.0,0.0
2019-11-27 06:00:00,0.23,0.0,0.024444444444444446
2019-11-27 07:00:00,0.76,108.17245,1.0
2019-11-27 08:00:00,0.65,296.93784,1.0
2019-11-27 09:00:00,0.39,462.2626,1.0
2019-11-27 10:00:00,0.47,595.7202,1.0
2019-11-27 11:00:00,0.36,657.66754,1.0
2019-11-27 12:00:00,0.43,620.8552,1.0
2019-11-27 13:00:00,0.46,517.956,1.0
2019-11-27 14:00:00,0.46,355.43616,1.0
2019-11-27 15:00:00,0.18,164.71907,1.0
2019-11-27 16:00:00,0.29,19.451817,0.6327777777777778
2019-11-27 17:00:00,0.17,0.0,0.0
2019-11-27 18:00:00,0.99,0.0,0.0
2019-11-27 19:00:00,0.95,0.0,0.0
2019-11-27 20:00:00,0.8,0.0,0.0
2019-11-27 21:00:00,0.97,0.0,0.0
2019-11-27 22:00:00,0.99,0.0,0.0
2019-11-27 23:00:00,0.98,0.0,0.0
2019-11-28 00:00:00,0.99,0.0,0.0
2019-11-28 01:00:00,1.0,0.0,0.0
2019-11-28 02:00:00,1.0,0.0,0.0
2019-11-28 03:00:00,1.0,0.0,0.0
2019-11-28 04:00:00,1.0,0.0,0.0
2019-11-28 05:00:00,1.0,0.0,0.0
2019-11-28 06:00:00,0.59,0.0,0.006944444444444444
2019-11-28 07:00:00,0.88,43.508873,1.0
2019-11-28 08:00:00,0.8,178.47061,1.0
2019-11-28 09:00:00,0.74,353.2477,1.0
2019-11-28 10:00:00,0.93,462.91104,1.0
2019-11-28 11:00:00,0.99,452.31888,1.0
2019-11-28 12:00:00,0.59,474.4949,1.0
2019-11-28 13:00:00,0.62,426.0679,1.0
2019-11-28 14:00:00,0.3,302.83173,1.0
2019-11-28 15:00:00,0.36,146.91408,1.0
2019-11-28 16:00:00,0.41,18.565561,0.6266666666666667
2019-11-28 17:00:00,0.18,0.0,0.0
2019-11-28 18:00:00,0.58,0.0,0.0
2019-11-28 19:00:00,0.74,0.0,0.0
2019-11-28 20:00:00,0.29,0.0,0.0
2019-11-28 21:00:00,0.03,0.0,0.0
2019-11-28 22:00:00,0.01,0.0,0.0
2019-11-28 23:00:00,0.01,0.0,0.0
2019-11-29 00:00:00,0.26,0.0,0.0
2019-11-29 01:00:00,0.82,0.0,0.0
2019-11-29 02:00:00,0.27,0.0,0.0
2019-11-29 03:00:00,0.82,0.0,0.0
2019-11-29 04:00:00,0.79,0.0,0.0
2019-11-29 05:00:00,1.0,0.0,0.0
2019-11-29 06:00:00,1.0,0.0,0.0
2019-11-29 07:00:00,1.0,41.244328,0.9897222222222222
2019-11-29 08:00:00,1.0,110.95211,1.0
2019-11-29 09:00:00,1.0,224.39673,1.0
2019-11-29 10:00:00,0.79,411.22675,1.0
2019-11-29 11:00:00,0.44,492.26453,1.0
2019-11-29 12:00:00,0.35,458.0406,1.0
2019-11-29 13:00:00,1.0,374.39084,1.0
2019-11-29 14:00:00,0.9,283.12082,1.0
2019-11-29 15:00:00,0.99,99.02165,1.0
2019-11-29 16:00:00,0.95,9.939231,0.6208333333333333
2019-11-29 17:00:00,0.79,0.0,0.0
2019-11-29 18:00:00,1.0,0.0,0.0
2019-11-29 19:00:00,1.0,0.0,0.0
2019-11-29 20:00:00,1.0,0.0,0.0
2019-11-29 21:00:00,1.0,0.0,0.0
2019-11-29 22:00:00,1.0,0.0,0.0
2019-11-29 23:00:00,1.0,0.0,0.0
2019-11-30 00:00:00,1.0,0.0,0.0
2019-11-30 01:00:00,1.0,0.0,0.0
2019-11-30 02:00:00,1.0,0.0,0.0
2019-11-30 03:00:00,1.0,0.0,0.0
2019-11-30 04:00:00,0.97,0.0,0.0
2019-11-30 05:00:00,0.98,0.0,0.0
2019-11-30 06:00:00,0.84,0.0,0.0
2019-11-30 07:00:00,0.95,60.847958,0.9727777777777777
2019-11-30 08:00:00,0.86,224.34998,1.0
2019-11-30 09:00:00,0.94,339.61548,1.0
2019-11-30 10:00:00,1.0,382.05322,1.0
2019-11-30 11:00:00,1.0,345.20248,1.0
2019-11-30 12:00:00,0.97,406.45923,1.0
2019-11-30 13:00:00,1.0,376.77664,1.0
2019-11-30 14:00:00,1.0,215.68568,1.0
2019-11-30 15:00:00,0.98,108.87657,1.0
2019-11-30 16:00:00,0.98,12.736081,0.6155555555555555
2019-11-30 17:00:00,0.98,0.0,0.0
2019-11-30 18:00:00,0.84,0.0,0.0
2019-11-30 19:00:00,0.69,0.0,0.0
2019-11-30 20:00:00,0.95,0.0,0.0
2019-11-30 21:00:00,0.85,0.0,0.0
2019-11-30 22:00:00,0.6,0.0,0.0
2019-11-30 23:00:00,0.09,0.0,0.0
2019-12-01 00:00:00,0.04,0.0,0.0
2019-12-01 01:00:00,0.02,0.0,0.0
2019-12-01 02:00:00,0.01,0.0,0.0
2019-12-01 03:00:00,0.01,0.0,0.0
2019-12-01 04:00:00,0.0,0.0,0.0
2019-12-01 05:00:00,0.0,0.0,0.0
2019-12-01 06:00:00,0.0,0.0,0.0
2019-12-01 07:00:00,0.0,97.561966,0.9561111111111111
2019-12-01 08:00:00,0.0,321.90283,1.0
2019-12-01 09:00:00,0.0,508.45444,1.0
2019-12-01 10:00:00,0.0,631.78735,1.0
2019-12-01 11:00:00,0.0,680.44037,1.0
2019-12-01 12:00:00,0.0,654.8671,1.0
2019-12-01 13:00:00,0.22,557.87714,1.0
2019-12-01 14:00:00,0.39,400.25894,1.0
2019-12-01 15:00:00,0.31,199.78745,1.0
2019-12-01 16:00:00,0.0,23.325447,0.6111111111111112
2019-12-01 17:00:00,0.0,0.0,0.0
2019-12-01 18:00:00,0.18,0.0,0.0
2019-12-01 19:00:00,0.21,0.0,0.0
2019-12-01 20:00:00,0.11,0.0,0.0
2019-12-01 21:00:00,0.45,0.0,0.0
2019-12-01 22:00:00,0.65,0.0,0.0
2019-12-01 23:00:00,0.7,0.0,0.0
2019-12-02 00:00:00,0.69,0.0,0.0
2019-12-02 01:00:00,0.45,0.0,0.0
2019-12-02 02:00:00,0.28,0.0,0.0
2019-12-02 03:00:00,0.32,0.0,0.0
2019-12-02 04:00:00,0.43,0.0,0.0
2019-12-02 05:00:00,0.0,0.0,0.0
2019-12-02 06:00:00,0.4,0.0,0.0
2019-12-02 07:00:00,0.37,82.3665,0.94
2019-12-02 08:00:00,0.25,300.34317,1.0
2019-12-02 09:00:00,0.23,478.58838,1.0
2019-12-02 10:00:00,0.0,596.77563,1.0
2019-12-02 11:00:00,0.0,646.4496,1.0
2019-12-02 12:00:00,0.0,627.411,1.0
2019-12-02 13:00:00,0.0,535.8376,1.0
2019-12-02 14:00:00,0.0,381.98557,1.0
2019-12-02 15:00:00,0.0,189.49976,1.0
2019-12-02 16:00:00,0.0,21.625347,0.6069444444444444
2019-12-02 17:00:00,0.0,0.0,0.0
2019-12-02 18:00:00,0.0,0.0,0.0
2019-12-02 19:00:00,0.0,0.0,0.0
2019-12-02 20:00:00,0.0,0.0,0.0
2019-12-02 21:00:00,0.0,0.0,0.0
2019-12-02 22:00:00,0.12,0.0,0.0
2019-12-02 23:00:00,0.09,0.0,0.0
2019-12-03 00:00:00,0.06,0.0,0.0
2019-12-03 01:00:00,0.0,0.0,0.0
2019-12-03 02:00:00,0.01,0.0,0.0
2019-12-03 03:00:00,0.0,0.0,0.0
2019-12-03 04:00:00,0.0,0.0,0.0
2019-12-03 05:00:00,0.0,0.0,0.0
2019-12-03 06:00:00,0.01,0.0,0.0
2019-12-03 07:00:00,0.0,80.605705,0.9241666666666667
2019-12-03 08:00:00,0.12,235.04329,1.0
2019-12-03 09:00:00,0.72,403.7018,1.0
2019-12-03 10:00:00,0.59,534.69354,1.0
2019-12-03 11:00:00,0.5,596.62994,1.0
2019-12-03 12:00:00,0.14,577.4155,1.0
2019-12-03 13:00:00,0.06,514.5021,1.0
2019-12-03 14:00:00,0.02,385.55948,1.0
2019-12-03 15:00:00,0.01,193.26695,1.0
2019-12-03 16:00:00,0.01,21.73534,0.6036111111111111
2019-12-03 17:00:00,0.0,0.0,0.0
2019-12-03 18:00:00,0.01,0.0,0.0
2019-12-03 19:00:00,0.0,0.0,0.0
2019-12-03 20:00:00,0.0,0.0,0.0
2019-12-03 21:00:00,0.21,0.0,0.0
2019-12-03 22:00:00,0.17,0.0,0.0
2019-12-03 23:00:00,0.3,0.0,0.0
2019-12-04 00:00:00,0.53,0.0,0.0
2019-12-04 01:00:00,0.58,0.0,0.0
2019-12-04 02:00:00,0.93,0.0,0.0
2019-12-04 03:00:00,0.95,0.0,0.0
2019-12-04 04:00:00,0.97,0.0,0.0
2019-12-04 05:00:00,1.0,0.0,0.0
2019-12-04 06:00:00,0.92,0.0,0.0
2019-12-04 07:00:00,0.99,31.363934,0.9088888888888889
2019-12-04 08:00:00,1.0,84.48347,1.0
2019-12-04 09:00:00,1.0,166.2076,1.0
2019-12-04 10:00:00,1.0,259.43176,1.0
2019-12-04 11:00:00,1.0,285.6025,1.0
2019-12-04 12:00:00,0.99,355.0473,1.0
2019-12-04 13:00:00,1.0,338.2311,1.0
2019-12-04 14:00:00,1.0,243.99571,1.0
2019-12-04 15:00:00,0.99,146.01561,1.0
2019-12-04 16:00:00,0.06,19.977018,0.6011111111111112
2019-12-04 17:00:00,0.03,0.0,0.0
2019-12-04 18:00:00,0.0,0.0,0.0
2019-12-04 19:00:00,0.0,0.0,0.0
2019-12-04 20:00:00,0.11,0.0,0.0
2019-12-04 21:00:00,0.82,0.0,0.0
2019-12-04 22:00:00,0.91,0.0,0.0
2019-12-04 23:00:00,0.98,0.0,0.0
2019-12-05 00:00:00,0.61,0.0,0.0
2019-12-05 01:00:00,0.61,0.0,0.0
2019-12-05 02:00:00,0.93,0.0,0.0
2019-12-05 03:00:00,1.0,0.0,0.0
2019-12-05 04:00:00,0.79,0.0,0.0
2019-12-05 05:00:00,1.0,0.0,0.0
2019-12-05 06:00:00,0.99,0.0,0.0
2019-12-05 07:00:00,0.99,16.437662,0.8941666666666667
2019-12-05 08:00:00,0.99,82.183876,1.0
2019-12-05 09:00:00,1.0,99.30344,1.0
2019-12-05 10:00:00,1.0,108.337616,1.0
2019-12-05 11:00:00,1.0,120.58576,1.0
2019-12-05 12:00:00,1.0,191.43375,1.0
2019-12-05 13:00:00,1.0,257.61325,1.0
2019-12-05 14:00:00,1.0,102.69497,1.0
2019-12-05 15:00:00,1.0,48.570248,1.0
2019-12-05 16:00:00,1.0,2.981769,0.5988888888888889
2019-12-05 17:00:00,0.97,0.0,0.0
2019-12-05 18:00:00,1.0,0.0,0.0
2019-12-05 19:00:00,0.99,0.0,0.0
2019-12-05 20:00:00,0.99,0.0,0.0
2019-12-05 21:00:00,0.98,0.0,0.0
2019-12-05 22:00:00,0.98,0.0,0.0
2019-12-05 23:00:00,0.46,0.0,0.0
2019-12-06 00:00:00,0.11,0.0,0.0
2019-12-06 01:00:00,0.18,0.0,0.0
2019-12-06 02:00:00,0.3,0.0,0.0
2019-12-06 03:00:00,0.19,0.0,0.0
2019-12-06 04:00:00,0.2,0.0,0.0
2019-12-06 05:00:00,0.06,0.0,0.0
2019-12-06 06:00:00,0.16,0.0,0.0
2019-12-06 07:00:00,0.2,61.79936,0.8794444444444445
2019-12-06 08:00:00,0.36,232.80641,1.0
2019-12-06 09:00:00,0.27,428.46536,1.0
2019-12-06 10:00:00,0.0,565.5319,1.0
2019-12-06 11:00:00,0.01,627.98724,1.0
2019-12-06 12:00:00,0.01,603.3433,1.0
2019-12-06 13:00:00,0.01,514.7704,1.0
2019-12-06 14:00:00,0.0,368.4829,1.0
2019-12-06 15:00:00,0.0,184.06294,1.0
2019-12-06 16:00:00,0.0,21.01859,0.5977777777777777
2019-12-06 17:00:00,0.0,0.0,0.0
2019-12-06 18:00:00,0.0,0.0,0.0
2019-12-06 19:00:00,0.0,0.0,0.0
2019-12-06 20:00:00,0.0,0.0,0.0
2019-12-06 21:00:00,0.0,0.0,0.0
2019-12-06 22:00:00,0.0,0.0,0.0
2019-12-06 23:00:00,0.0,0.0,0.0
2019-12-07 00:00:00,0.07,0.0,0.0
2019-12-07 01:00:00,0.07,0.0,0.0
2019-12-07 02:00:00,0.16,0.0,0.0
2019-12-07 03:00:00,0.72,0.0,0.0
2019-12-07 04:00:00,0.8,0.0,0.0
2019-12-07 05:00:00,1.0,0.0,0.0
2019-12-07 06:00:00,1.0,0.0,0.0
2019-12-07 07:00:00,0.87,42.483116,0.8647222222222222
2019-12-07 08:00:00,0.99,194.4786,1.0
2019-12-07 09:00:00,1.0,353.8525,1.0
2019-12-07 10:00:00,1.0,494.39722,1.0
2019-12-07 11:00:00,1.0,618.29456,1.0
2019-12-07 12:00:00,1.0,575.97754,1.0
2019-12-07 13:00:00,1.0,493.76038,1.0
2019-12-07 14:00:00,0.95,329.87943,1.0
2019-12-07 15:00:00,0.53,154.05,1.0
2019-12-07 16:00:00,0.33,18.30427,0.5972222222222222
2019-12-07 17:00:00,0.94,0.0,0.0
2019-12-07 18:00:00,0.31,0.0,0.0
2019-12-07 19:00:00,0.06,0.0,0.0
2019-12-07 20:00:00,0.71,0.0,0.0
2019-12-07 21:00:00,1.0,0.0,0.0
2019-12-07 22:00:00,1.0,0.0,0.0
2019-12-07 23:00:00,0.99,0.0,0.0
2019-12-08 00:00:00,0.79,0.0,0.0
2019-12-08 01:00:00,0.82,0.0,0.0
2019-12-08 02:00:00,0.8,0.0,0.0
2019-12-08 03:00:00,0.59,0.0,0.0
2019-12-08 04:00:00,1.0,0.0,0.0
2019-12-08 05:00:00,0.99,0.0,0.0
2019-12-08 06:00:00,0.98,0.0,0.0
2019-12-08 07:00:00,1.0,34.889126,0.8505555555555555
2019-12-08 08:00:00,0.94,157.71255,1.0
2019-12-08 09:00:00,0.98,281.25113,1.0
2019-12-08 10:00:00,0.94,385.44037,1.0
2019-12-08 11:00:00,0.81,396.51956,1.0
2019-12-08 12:00:00,0.49,517.39014,1.0
2019-12-08 13:00:00,0.43,486.1489,1.0
2019-12-08 14:00:00,0.54,330.21463,1.0
2019-12-08 15:00:00,0.72,140.35416,1.0
2019-12-08 16:00:00,0.54,16.542059,0.5972222222222222
2019-12-08 17:00:00,0.09,0.0,0.0
2019-12-08 18:00:00,0.57,0.0,0.0
2019-12-08 19:00:00,0.35,0.0,0.0
2019-12-08 20:00:00,0.3,0.0,0.0
2019-12-08 21:00:00,0.02,0.0,0.0
2019-12-08 22:00:00,0.04,0.0,0.0
2019-12-08 23:00:00,0.0,0.0,0.0
2019-12-09 00:00:00,0.0,0.0,0.0
2019-12-09 01:00:00,0.08,0.0,0.0
2019-12-09 02:00:00,0.61,0.0,0.0
2019-12-09 03:00:00,1.0,0.0,0.0
2019-12-09 04:00:00,0.9,0.0,0.0
2019-12-09 05:00:00,0.84,0.0,0.0
2019-12-09 06:00:00,0.77,0.0,0.0
2019-12-09 07:00:00,0.73,45.849438,0.8363888888888888
2019-12-09 08:00:00,0.72,186.07736,1.0
2019-12-09 09:00:00,0.67,287.79388,1.0
2019-12-09 10:00:00,0.92,307.17905,1.0
2019-12-09 11:00:00,0.74,313.34637,1.0
2019-12-09 12:00:00,0.72,391.88724,1.0
2019-12-09 13:00:00,0.46,452.09045,1.0
2019-12-09 14:00:00,0.28,332.48038,1.0
2019-12-09 15:00:00,0.08,163.53001,1.0
2019-12-09 16:00:00,0.11,17.481623,0.5980555555555556
2019-12-09 17:00:00,0.13,0.0,0.0
2019-12-09 18:00:00,0.29,0.0,0.0
2019-12-09 19:00:00,0.2,0.0,0.0
2019-12-09 20:00:00,0.08,0.0,0.0
2019-12-09 21:00:00,0.24,0.0,0.0
2019-12-09 22:00:00,0.58,0.0,0.0
2019-12-09 23:00:00,0.83,0.0,0.0
2019-12-10 00:00:00,0.48,0.0,0.0
2019-12-10 01:00:00,0.45,0.0,0.0
2019-12-10 02:00:00,0.55,0.0,0.0
2019-12-10 03:00:00,0.59,0.0,0.0
2019-12-10 04:00:00,0.07,0.0,0.0
2019-12-10 05:00:00,0.11,0.0,0.0
2019-12-10 06:00:00,0.29,0.0,0.0
2019-12-10 07:00:00,0.27,52.815025,0.8225
2019-12-10 08:00:00,0.15,228.88138,1.0
2019-12-10 09:00:00,0.28,403.51996,1.0
2019-12-10 10:00:00,0.11,559.1557,1.0
2019-12-10 11:00:00,0.43,604.96686,1.0
2019-12-10 12:00:00,0.38,576.7413,1.0
2019-12-10 13:00:00,0.26,514.0892,1.0
2019-12-10 14:00:00,0.16,363.55753,1.0
2019-12-10 15:00:00,0.3,180.59917,1.0
2019-12-10 16:00:00,0.28,18.427355,0.5994444444444444
2019-12-10 17:00:00,0.53,0.0,0.0
2019-12-10 18:00:00,0.45,0.0,0.0
2019-12-10 19:00:00,0.4,0.0,0.0
2019-12-10 20:00:00,0.08,0.0,0.0
2019-12-10 21:00:00,0.16,0.0,0.0
2019-12-10 22:00:00,0.05,0.0,0.0
2019-12-10 23:00:00,0.0,0.0,0.0
2019-12-11 00:00:00,0.0,0.0,0.0
2019-12-11 01:00:00,0.0,0.0,0.0
2019-12-11 02:00:00,0.0,0.0,0.0
2019-12-11 03:00:00,0.0,0.0,0.0
2019-12-11 04:00:00,0.0,0.0,0.0
2019-12-11 05:00:00,0.0,0.0,0.0
2019-12-11 06:00:00,0.0,0.0,0.0
2019-12-11 07:00:00,0.05,62.98092,0.8088888888888889
2019-12-11 08:00:00,0.06,269.75024,1.0
2019-12-11 09:00:00,0.0,454.4299,1.0
2019-12-11 10:00:00,0.59,573.93115,1.0
2019-12-11 11:00:00,0.79,531.6701,1.0
2019-12-11 12:00:00,1.0,347.84512,1.0
2019-12-11 13:00:00,0.96,373.72885,1.0
2019-12-11 14:00:00,0.9,332.38123,1.0
2019-12-11 15:00:00,0.89,128.82382,1.0
2019-12-11 16:00:00,0.99,10.861358,0.6013888888888889
2019-12-11 17:00:00,0.7,0.0,0.0
2019-12-11 18:00:00,0.17,0.0,0.0
2019-12-11 19:00:00,0.36,0.0,0.0
2019-12-11 20:00:00,0.05,0.0,0.0
2019-12-11 21:00:00,0.02,0.0,0.0
2019-12-11 22:00:00,0.09,0.0,0.0
2019-12-11 23:00:00,0.05,0.0,0.0
2019-12-12 00:00:00,0.03,0.0,0.0
2019-12-12 01:00:00,0.03,0.0,0.0
2019-12-12 02:00:00,0.39,0.0,0.0
2019-12-12 03:00:00,0.39,0.0,0.0
2019-12-12 04:00:00,1.0,0.0,0.0
2019-12-12 05:00:00,0.97,0.0,0.0
2019-12-12 06:00:00,0.79,0.0,0.0
2019-12-12 07:00:00,0.98,31.462196,0.7955555555555556
2019-12-12 08:00:00,1.0,102.56177,1.0
2019-12-12 09:00:00,0.98,250.9251,1.0
2019-12-12 10:00:00,1.0,312.7552,1.0
2019-12-12 11:00:00,0.81,523.7533,1.0
2019-12-12 12:00:00,0.52,553.1454,1.0
2019-12-12 13:00:00,0.8,401.78488,1.0
2019-12-12 14:00:00,0.91,216.80548,1.0
2019-12-12 15:00:00,0.32,170.93555,1.0
2019-12-12 16:00:00,0.52,13.640419,0.6041666666666666
2019-12-12 17:00:00,0.49,0.0,0.0
2019-12-12 18:00:00,0.03,0.0,0.0
2019-12-12 19:00:00,0.67,0.0,0.0
2019-12-12 20:00:00,0.43,0.0,0.0
2019-12-12 21:00:00,0.86,0.0,0.0
2019-12-12 22:00:00,0.01,0.0,0.0
2019-12-12 23:00:00,0.06,0.0,0.0
2019-12-13 00:00:00,0.01,0.0,0.0
2019-12-13 01:00:00,0.01,0.0,0.0
2019-12-13 02:00:00,0.6,0.0,0.0
2019-12-13 03:00:00,0.4,0.0,0.0
2019-12-13 04:00:00,0.67,0.0,0.0
2019-12-13 05:00:00,0.26,0.0,0.0
2019-12-13 06:00:00,0.57,0.0,0.0
2019-12-13 07:00:00,0.46,34.097713,0.7827777777777778
2019-12-13 08:00:00,0.29,148.63922,1.0
2019-12-13 09:00:00,0.98,289.45718,1.0
2019-12-13 10:00:00,0.9,345.6001,1.0
2019-12-13 11:00:00,0.96,368.40347,1.0
2019-12-13 12:00:00,0.88,509.33972,1.0
2019-12-13 13:00:00,0.87,398.37665,1.0
2019-12-13 14:00:00,0.67,264.05704,1.0
2019-12-13 15:00:00,0.96,124.69299,1.0
2019-12-13 16:00:00,0.96,11.793772,0.6075
2019-12-13 17:00:00,0.95,0.0,0.0
2019-12-13 18:00:00,0.9,0.0,0.0
2019-12-13 19:00:00,0.95,0.0,0.0
2019-12-13 20:00:00,0.51,0.0,0.0
2019-12-13 21:00:00,0.92,0.0,0.0
2019-12-13 22:00:00,0.91,0.0,0.0
2019-12-13 23:00:00,0.96,0.0,0.0
2019-12-14 00:00:00,0.93,0.0,0.0
2019-12-14 01:00:00,0.97,0.0,0.0
2019-12-14 02:00:00,0.99,0.0,0.0
2019-12-14 03:00:00,0.99,0.0,0.0
2019-12-14 04:00:00,1.0,0.0,0.0
2019-12-14 05:00:00,0.62,0.0,0.0
2019-12-14 06:00:00,0.32,0.0,0.0
2019-12-14 07:00:00,0.33,45.14145,0.7702777777777777
2019-12-14 08:00:00,0.26,208.70128,1.0
2019-12-14 09:00:00,0.72,313.59613,1.0
2019-12-14 10:00:00,0.87,347.6836,1.0
2019-12-14 11:00:00,0.46,488.86566,1.0
2019-12-14 12:00:00,0.4,575.4201,1.0
2019-12-14 13:00:00,0.52,391.58716,1.0
2019-12-14 14:00:00,0.99,189.30577,1.0
2019-12-14 15:00:00,0.57,130.88557,1.0
2019-12-14 16:00:00,0.87,11.795311,0.6113888888888889
2019-12-14 17:00:00,0.24,0.0,0.0
2019-12-14 18:00:00,0.72,0.0,0.0
2019-12-14 19:00:00,0.49,0.0,0.0
2019-12-14 20:00:00,0.46,0.0,0.0
2019-12-14 21:00:00,0.34,0.0,0.0
2019-12-14 22:00:00,0.34,0.0,0.0
2019-12-14 23:00:00,0.1,0.0,0.0
2019-12-15 00:00:00,0.06,0.0,0.0
2019-12-15 01:00:00,0.02,0.0,0.0
2019-12-15 02:00:00,0.01,0.0,0.0
2019-12-15 03:00:00,0.34,0.0,0.0
2019-12-15 04:00:00,0.67,0.0,0.0
2019-12-15 05:00:00,0.31,0.0,0.0
2019-12-15 06:00:00,1.0,0.0,0.0
2019-12-15 07:00:00,1.0,13.727062,0.7583333333333333
2019-12-15 08:00:00,1.0,72.41863,1.0
2019-12-15 09:00:00,1.0,162.40112,1.0
2019-12-15 10:00:00,1.0,275.23093,1.0
2019-12-15 11:00:00,1.0,302.01083,1.0
2019-12-15 12:00:00,1.0,328.1097,1.0
2019-12-15 13:00:00,1.0,291.07803,1.0
2019-12-15 14:00:00,1.0,185.946,1.0
2019-12-15 15:00:00,1.0,78.885826,1.0
2019-12-15 16:00:00,1.0,7.9513845,0.6158333333333333
2019-12-15 17:00:00,1.0,0.0,0.0
2019-12-15 18:00:00,1.0,0.0,0.0
2019-12-15 19:00:00,1.0,0.0,0.0
2019-12-15 20:00:00,0.99,0.0,0.0
2019-12-15 21:00:00,1.0,0.0,0.0
2019-12-15 22:00:00,0.99,0.0,0.0
2019-12-15 23:00:00,1.0,0.0,0.0
2019-12-16 00:00:00,1.0,0.0,0.0
2019-12-16 01:00:00,1.0,0.0,0.0
2019-12-16 02:00:00,1.0,0.0,0.0
2019-12-16 03:00:00,1.0,0.0,0.0
2019-12-16 04:00:00,1.0,0.0,0.0
2019-12-16 05:00:00,0.99,0.0,0.0
2019-12-16 06:00:00,1.0,0.0,0.0
2019-12-16 07:00:00,1.0,10.933154,0.7466666666666667
2019-12-16 08:00:00,1.0,63.611076,1.0
2019-12-16 09:00:00,1.0,141.35033,1.0
2019-12-16 10:00:00,0.97,370.63605,1.0
2019-12-16 11:00:00,0.57,608.7639,1.0
2019-12-16 12:00:00,0.19,620.37665,1.0
2019-12-16 13:00:00,0.01,536.7856,1.0
2019-12-16 14:00:00,0.02,393.235,1.0
2019-12-16 15:00:00,0.0,202.85686,1.0
2019-12-16 16:00:00,0.0,26.158062,0.6208333333333333
2019-12-16 17:00:00,0.0,0.0,0.0
2019-12-16 18:00:00,0.0,0.0,0.0
2019-12-16 19:00:00,0.0,0.0,0.0
2019-12-16 20:00:00,0.0,0.0,0.0
2019-12-16 21:00:00,0.0,0.0,0.0
2019-12-16 22:00:00,0.0,0.0,0.0
2019-12-16 23:00:00,0.01,0.0,0.0
2019-12-17 00:00:00,0.01,0.0,0.0
2019-12-17 01:00:00,0.01,0.0,0.0
2019-12-17 02:00:00,0.0,0.0,0.0
2019-12-17 03:00:00,0.0,0.0,0.0
2019-12-17 04:00:00,0.0,0.0,0.0
2019-12-17 05:00:00,0.0,0.0,0.0
2019-12-17 06:00:00,0.0,0.0,0.0
2019-12-17 07:00:00,0.0,53.591034,0.7355555555555555
2019-12-17 08:00:00,0.12,255.52216,1.0
2019-12-17 09:00:00,1.0,323.64145,1.0
2019-12-17 10:00:00,0.92,278.58368,1.0
2019-12-17 11:00:00,0.82,395.34482,1.0
2019-12-17 12:00:00,0.17,584.6267,1.0
2019-12-17 13:00:00,0.0,525.85944,1.0
2019-12-17 14:00:00,0.0,380.37515,1.0
2019-12-17 15:00:00,0.0,192.70541,1.0
2019-12-17 16:00:00,0.0,24.214201,0.6263888888888889
2019-12-17 17:00:00,0.0,0.0,0.0
2019-12-17 18:00:00,0.0,0.0,0.0
2019-12-17 19:00:00,0.0,0.0,0.0
2019-12-17 20:00:00,0.0,0.0,0.0
2019-12-17 21:00:00,0.0,0.0,0.0
2019-12-17 22:00:00,0.0,0.0,0.0
2019-12-17 23:00:00,0.0,0.0,0.0
2019-12-18 00:00:00,0.0,0.0,0.0
2019-12-18 01:00:00,0.0,0.0,0.0
2019-12-18 02:00:00,0.0,0.0,0.0
2019-12-18 03:00:00,0.0,0.0,0.0
2019-12-18 04:00:00,0.0,0.0,0.0
2019-12-18 05:00:00,0.0,0.0,0.0
2019-12-18 06:00:00,0.0,0.0,0.0
2019-12-18 07:00:00,0.05,52.951473,0.725
2019-12-18 08:00:00,0.38,268.38998,1.0
2019-12-18 09:00:00,0.12,457.46982,1.0
2019-12-18 10:00:00,0.01,588.40063,1.0
2019-12-18 11:00:00,0.1,648.4986,1.0
2019-12-18 12:00:00,0.24,630.6348,1.0
2019-12-18 13:00:00,0.79,535.89417,1.0
2019-12-18 14:00:00,0.82,388.74857,1.0
2019-12-18 15:00:00,0.86,188.03236,1.0
2019-12-18 16:00:00,0.9,20.427666,0.6325
2019-12-18 17:00:00,0.94,0.0,0.0
2019-12-18 18:00:00,0.94,0.0,0.0
2019-12-18 19:00:00,0.98,0.0,0.0
2019-12-18 20:00:00,1.0,0.0,0.0
2019-12-18 21:00:00,1.0,0.0,0.0
2019-12-18 22:00:00,1.0,0.0,0.0
2019-12-18 23:00:00,0.82,0.0,0.0
2019-12-19 00:00:00,0.68,0.0,0.0
2019-12-19 01:00:00,0.34,0.0,0.0
2019-12-19 02:00:00,0.0,0.0,0.0
2019-12-19 03:00:00,0.71,0.0,0.0
2019-12-19 04:00:00,0.96,0.0,0.0
2019-12-19 05:00:00,0.98,0.0,0.0
2019-12-19 06:00:00,0.98,0.0,0.0
2019-12-19 07:00:00,0.94,27.37103,0.715
2019-12-19 08:00:00,0.78,217.30034,1.0
2019-12-19 09:00:00,0.93,381.6774,1.0
2019-12-19 10:00:00,0.89,477.4077,1.0
2019-12-19 11:00:00,0.94,497.1104,1.0
2019-12-19 12:00:00,0.93,448.75177,1.0
2019-12-19 13:00:00,0.92,432.5359,1.0
2019-12-19 14:00:00,0.89,337.38617,1.0
2019-12-19 15:00:00,0.85,146.10854,1.0
2019-12-19 16:00:00,0.94,16.660103,0.6391666666666667
2019-12-19 17:00:00,0.91,0.0,0.0
2019-12-19 18:00:00,0.87,0.0,0.0
2019-12-19 19:00:00,0.36,0.0,0.0
2019-12-19 20:00:00,0.3,0.0,0.0
2019-12-19 21:00:00,0.31,0.0,0.0
2019-12-19 22:00:00,0.07,0.0,0.0
2019-12-19 23:00:00,0.0,0.0,0.0
2019-12-20 00:00:00,0.0,0.0,0.0
2019-12-20 01:00:00,0.0,0.0,0.0
2019-12-20 02:00:00,0.0,0.0,0.0
2019-12-20 03:00:00,0.0,0.0,0.0
2019-12-20 04:00:00,0.0,0.0,0.0
2019-12-20 05:00:00,0.0,0.0,0.0
2019-12-20 06:00:00,0.0,0.0,0.0
2019-12-20 07:00:00,0.0,46.79184,0.7058333333333333
2019-12-20 08:00:00,0.0,254.20377,1.0
2019-12-20 09:00:00,0.0,434.63364,1.0
2019-12-20 10:00:00,0.01,560.4033,1.0
2019-12-20 11:00:00,0.02,615.37604,1.0
2019-12-20 12:00:00,0.0,602.3794,1.0
2019-12-20 13:00:00,0.12,518.5514,1.0
2019-12-20 14:00:00,0.0,376.15884,1.0
2019-12-20 15:00:00,0.07,191.78697,1.0
2019-12-20 16:00:00,0.86,19.455595,0.6461111111111111
2019-12-20 17:00:00,0.62,0.0,0.0
2019-12-20 18:00:00,0.89,0.0,0.0
2019-12-20 19:00:00,0.01,0.0,0.0
2019-12-20 20:00:00,0.33,0.0,0.0
2019-12-20 21:00:00,0.0,0.0,0.0
2019-12-20 22:00:00,0.01,0.0,0.0
2019-12-20 23:00:00,0.01,0.0,0.0
2019-12-21 00:00:00,0.27,0.0,0.0
2019-12-21 01:00:00,0.0,0.0,0.0
2019-12-21 02:00:00,0.0,0.0,0.0
2019-12-21 03:00:00,0.0,0.0,0.0
2019-12-21 04:00:00,0.0,0.0,0.0
2019-12-21 05:00:00,0.0,0.0,0.0
2019-12-21 06:00:00,0.0,0.0,0.0
2019-12-21 07:00:00,0.0,46.05547,0.6969444444444445
2019-12-21 08:00:00,0.0,259.07956,1.0
2019-12-21 09:00:00,0.1,444.48013,1.0
2019-12-21 10:00:00,0.48,575.08136,1.0
2019-12-21 11:00:00,0.25,624.91003,1.0
2019-12-21 12:00:00,0.13,608.3472,1.0
2019-12-21 13:00:00,0.01,526.0446,1.0
2019-12-21 14:00:00,0.0,383.09515,1.0
2019-12-21 15:00:00,0.0,197.3886,1.0
2019-12-21 16:00:00,0.0,26.82644,0.6536111111111111
2019-12-21 17:00:00,0.0,0.0,0.0
2019-12-21 18:00:00,0.02,0.0,0.0
2019-12-21 19:00:00,0.0,0.0,0.0
2019-12-21 20:00:00,0.15,0.0,0.0
2019-12-21 21:00:00,0.89,0.0,0.0
2019-12-21 22:00:00,0.64,0.0,0.0
2019-12-21 23:00:00,0.67,0.0,0.0
2019-12-22 00:00:00,0.55,0.0,0.0
2019-12-22 01:00:00,0.87,0.0,0.0
2019-12-22 02:00:00,0.93,0.0,0.0
2019-12-22 03:00:00,0.99,0.0,0.0
2019-12-22 04:00:00,0.7,0.0,0.0
2019-12-22 05:00:00,0.46,0.0,0.0
2019-12-22 06:00:00,0.98,0.0,0.0
2019-12-22 07:00:00,0.96,21.768908,0.6888888888888889
2019-12-22 08:00:00,0.91,188.20511,1.0
2019-12-22 09:00:00,1.0,308.87827,1.0
2019-12-22 10:00:00,0.93,464.77414,1.0
2019-12-22 11:00:00,0.34,599.54266,1.0
2019-12-22 12:00:00,0.65,571.79126,1.0
2019-12-22 13:00:00,0.98,419.7145,1.0
2019-12-22 14:00:00,0.95,301.6072,1.0
2019-12-22 15:00:00,0.98,109.2285,1.0
2019-12-22 16:00:00,0.97,13.717404,0.6616666666666666
2019-12-22 17:00:00,0.95,0.0,0.0
2019-12-22 18:00:00,0.95,0.0,0.0
2019-12-22 19:00:00,0.92,0.0,0.0
2019-12-22 20:00:00,0.97,0.0,0.0
2019-12-22 21:00:00,0.98,0.0,0.0
2019-12-22 22:00:00,0.99,0.0,0.0
2019-12-22 23:00:00,1.0,0.0,0.0
2019-12-23 00:00:00,1.0,0.0,0.0
2019-12-23 01:00:00,1.0,0.0,0.0
2019-12-23 02:00:00,1.0,0.0,0.0
2019-12-23 03:00:00,1.0,0.0,0.0
2019-12-23 04:00:00,1.0,0.0,0.0
2019-12-23 05:00:00,1.0,0.0,0.0
2019-12-23 06:00:00,0.92,0.0,0.0
2019-12-23 07:00:00,1.0,9.939231,0.6813888888888889
2019-12-23 08:00:00,1.0,82.42277,1.0
2019-12-23 09:00:00,1.0,171.00578,1.0
2019-12-23 10:00:00,1.0,232.0088,1.0
2019-12-23 11:00:00,0.99,277.3539,1.0
2019-12-23 12:00:00,0.99,321.31967,1.0
2019-12-23 13:00:00,0.94,394.09036,1.0
2019-12-23 14:00:00,0.94,291.5427,1.0
2019-12-23 15:00:00,0.96,104.863365,1.0
2019-12-23 16:00:00,0.96,11.819932,0.6702777777777778
2019-12-23 17:00:00,0.96,0.0,0.0
2019-12-23 18:00:00,0.97,0.0,0.0
2019-12-23 19:00:00,1.0,0.0,0.0
2019-12-23 20:00:00,1.0,0.0,0.0
2019-12-23 21:00:00,1.0,0.0,0.0
2019-12-23 22:00:00,1.0,0.0,0.0
2019-12-23 23:00:00,1.0,0.0,0.0
2019-12-24 00:00:00,0.68,0.0,0.0
2019-12-24 01:00:00,0.8,0.0,0.0
2019-12-24 02:00:00,0.59,0.0,0.0
2019-12-24 03:00:00,0.46,0.0,0.0
2019-12-24 04:00:00,0.25,0.0,0.0
2019-12-24 05:00:00,0.46,0.0,0.0
2019-12-24 06:00:00,1.0,0.0,0.0
2019-12-24 07:00:00,1.0,5.963538,0.6747222222222222
2019-12-24 08:00:00,1.0,66.070625,1.0
2019-12-24 09:00:00,0.91,156.62766,1.0
2019-12-24 10:00:00,0.96,275.20035,1.0
2019-12-24 11:00:00,0.62,524.0653,1.0
2019-12-24 12:00:00,0.71,504.47354,1.0
2019-12-24 13:00:00,0.49,477.4448,1.0
2019-12-24 14:00:00,0.29,368.38782,1.0
2019-12-24 15:00:00,0.72,183.93785,1.0
2019-12-24 16:00:00,0.09,25.789019,0.6791666666666667
2019-12-24 17:00:00,0.81,0.0,0.0
2019-12-24 18:00:00,0.2,0.0,0.0
2019-12-24 19:00:00,1.0,0.0,0.0
2019-12-24 20:00:00,1.0,0.0,0.0
2019-12-24 21:00:00,1.0,0.0,0.0
2019-12-24 22:00:00,1.0,0.0,0.0
2019-12-24 23:00:00,0.99,0.0,0.0
2019-12-25 00:00:00,0.59,0.0,0.0
2019-12-25 01:00:00,0.04,0.0,0.0
2019-12-25 02:00:00,0.0,0.0,0.0
2019-12-25 03:00:00,0.16,0.0,0.0
2019-12-25 04:00:00,0.24,0.0,0.0
2019-12-25 05:00:00,0.25,0.0,0.0
2019-12-25 06:00:00,0.4,0.0,0.0
2019-12-25 07:00:00,0.29,36.885384,0.6686111111111112
2019-12-25 08:00:00,0.19,187.12685,1.0
2019-12-25 09:00:00,0.28,343.71088,1.0
2019-12-25 10:00:00,0.45,474.9316,1.0
2019-12-25 11:00:00,0.5,458.9616,1.0
2019-12-25 12:00:00,0.64,461.75986,1.0
2019-12-25 13:00:00,0.99,301.14474,1.0
2019-12-25 14:00:00,1.0,189.31203,1.0
2019-12-25 15:00:00,0.9,128.00151,1.0
2019-12-25 16:00:00,0.25,24.704493,0.6883333333333334
2019-12-25 17:00:00,0.04,0.0,0.0
2019-12-25 18:00:00,0.02,0.0,0.0
2019-12-25 19:00:00,0.0,0.0,0.0
2019-12-25 20:00:00,0.0,0.0,0.0
2019-12-25 21:00:00,0.0,0.0,0.0
2019-12-25 22:00:00,0.11,0.0,0.0
2019-12-25 23:00:00,0.02,0.0,0.0
2019-12-26 00:00:00,0.02,0.0,0.0
2019-12-26 01:00:00,0.01,0.0,0.0
2019-12-26 02:00:00,0.01,0.0,0.0
2019-12-26 03:00:00,0.03,0.0,0.0
2019-12-26 04:00:00,0.56,0.0,0.0
2019-12-26 05:00:00,0.92,0.0,0.0
2019-12-26 06:00:00,0.99,0.0,0.0
2019-12-26 07:00:00,0.78,23.96391,0.6630555555555555
2019-12-26 08:00:00,0.07,225.34229,1.0
2019-12-26 09:00:00,0.12,408.20227,1.0
2019-12-26 10:00:00,0.0,544.1072,1.0
2019-12-26 11:00:00,0.0,609.00793,1.0
2019-12-26 12:00:00,0.0,600.50574,1.0
2019-12-26 13:00:00,0.0,522.807,1.0
2019-12-26 14:00:00,0.0,383.1812,1.0
2019-12-26 15:00:00,0.0,199.26732,1.0
2019-12-26 16:00:00,0.0,30.156929,0.6986111111111111
2019-12-26 17:00:00,0.0,0.0,0.0
2019-12-26 18:00:00,0.0,0.0,0.0
2019-12-26 19:00:00,0.11,0.0,0.0
2019-12-26 20:00:00,0.08,0.0,0.0
2019-12-26 21:00:00,0.01,0.0,0.0
2019-12-26 22:00:00,0.57,0.0,0.0
2019-12-26 23:00:00,0.94,0.0,0.0
2019-12-27 00:00:00,0.86,0.0,0.0
2019-12-27 01:00:00,0.42,0.0,0.0
2019-12-27 02:00:00,0.3,0.0,0.0
2019-12-27 03:00:00,0.25,0.0,0.0
2019-12-27 04:00:00,0.39,0.0,0.0
2019-12-27 05:00:00,0.34,0.0,0.0
2019-12-27 06:00:00,0.74,0.0,0.0
2019-12-27 07:00:00,0.56,15.996406,0.6580555555555555
2019-12-27 08:00:00,0.48,128.51279,1.0
2019-12-27 09:00:00,0.45,314.4494,1.0
2019-12-27 10:00:00,0.98,230.00636,1.0
2019-12-27 11:00:00,0.98,233.67526,1.0
2019-12-27 12:00:00,0.87,442.19064,1.0
2019-12-27 13:00:00,0.9,371.29227,1.0
2019-12-27 14:00:00,0.72,320.8544,1.0
2019-12-27 15:00:00,0.96,125.21789,1.0
2019-12-27 16:00:00,0.64,22.80934,0.7091666666666666
2019-12-27 17:00:00,0.58,0.0,0.0
2019-12-27 18:00:00,0.82,0.0,0.0
2019-12-27 19:00:00,0.89,0.0,0.0
2019-12-27 20:00:00,0.93,0.0,0.0
2019-12-27 21:00:00,0.99,0.0,0.0
2019-12-27 22:00:00,0.72,0.0,0.0
2019-12-27 23:00:00,0.74,0.0,0.0
2019-12-28 00:00:00,0.43,0.0,0.0
2019-12-28 01:00:00,0.67,0.0,0.0
2019-12-28 02:00:00,1.0,0.0,0.0
2019-12-28 03:00:00,1.0,0.0,0.0
2019-12-28 04:00:00,1.0,0.0,0.0
2019-12-28 05:00:00,1.0,0.0,0.0
2019-12-28 06:00:00,0.98,0.0,0.0
2019-12-28 07:00:00,1.0,4.9696155,0.6533333333333333
2019-12-28 08:00:00,1.0,50.525288,1.0
2019-12-28 09:00:00,1.0,81.511955,1.0
2019-12-28 10:00:00,1.0,132.19177,1.0
2019-12-28 11:00:00,1.0,132.19177,1.0
2019-12-28 12:00:00,1.0,150.61156,1.0
2019-12-28 13:00:00,1.0,116.289,1.0
2019-12-28 14:00:00,1.0,79.18134,1.0
2019-12-28 15:00:00,1.0,55.65969,1.0
2019-12-28 16:00:00,1.0,8.945308,0.7205555555555555
2019-12-28 17:00:00,1.0,0.0,0.0
2019-12-28 18:00:00,0.99,0.0,0.0
2019-12-28 19:00:00,0.99,0.0,0.0
2019-12-28 20:00:00,1.0,0.0,0.0
2019-12-28 21:00:00,1.0,0.0,0.0
2019-12-28 22:00:00,1.0,0.0,0.0
2019-12-28 23:00:00,0.83,0.0,0.0
2019-12-29 00:00:00,0.3,0.0,0.0
2019-12-29 01:00:00,0.46,0.0,0.0
2019-12-29 02:00:00,0.71,0.0,0.0
2019-12-29 03:00:00,0.77,0.0,0.0
2019-12-29 04:00:00,0.6,0.0,0.0
2019-12-29 05:00:00,0.32,0.0,0.0
2019-12-29 06:00:00,0.46,0.0,0.0
2019-12-29 07:00:00,0.39,34.194927,0.6494444444444445
2019-12-29 08:00:00,0.31,227.79686,1.0
2019-12-29 09:00:00,0.25,352.6948,1.0
2019-12-29 10:00:00,0.79,468.13303,1.0
2019-12-29 11:00:00,0.53,599.03217,1.0
2019-12-29 12:00:00,0.0,602.02747,1.0
2019-12-29 13:00:00,0.01,540.97266,1.0
2019-12-29 14:00:00,0.0,403.29013,1.0
2019-12-29 15:00:00,0.0,217.96527,1.0
2019-12-29 16:00:00,0.0,36.136383,0.7327777777777778
2019-12-29 17:00:00,0.0,0.0,0.0
2019-12-29 18:00:00,0.42,0.0,0.0
2019-12-29 19:00:00,0.09,0.0,0.0
2019-12-29 20:00:00,0.17,0.0,0.0
2019-12-29 21:00:00,0.09,0.0,0.0
2019-12-29 22:00:00,0.02,0.0,0.0
2019-12-29 23:00:00,0.0,0.0,0.0
2019-12-30 00:00:00,0.01,0.0,0.0
2019-12-30 01:00:00,0.02,0.0,0.0
2019-12-30 02:00:00,0.0,0.0,0.0
2019-12-30 03:00:00,0.0,0.0,0.0
2019-12-30 04:00:00,0.0,0.0,0.0
2019-12-30 05:00:00,0.0,0.0,0.0
2019-12-30 06:00:00,0.0,0.0,0.0
2019-12-30 07:00:00,0.0,37.261726,0.6458333333333334
2019-12-30 08:00:00,0.0,237.46681,1.0
2019-12-30 09:00:00,0.0,424.49518,1.0
2019-12-30 10:00:00,0.0,557.8232,1.0
2019-12-30 11:00:00,0.0,623.12604,1.0
2019-12-30 12:00:00,0.0,617.54114,1.0
2019-12-30 13:00:00,0.0,541.50604,1.0
2019-12-30 14:00:00,0.0,402.5081,1.0
2019-12-30 15:00:00,0.0,217.41672,1.0
2019-12-30 16:00:00,0.0,37.727837,0.7452777777777778
2019-12-30 17:00:00,0.0,0.0,0.0
2019-12-30 18:00:00,0.0,0.0,0.0
2019-12-30 19:00:00,0.0,0.0,0.0
2019-12-30 20:00:00,0.0,0.0,0.0
2019-12-30 21:00:00,0.0,0.0,0.0
2019-12-30 22:00:00,0.0,0.0,0.0
2019-12-30 23:00:00,0.0,0.0,0.0
2019-12-31 00:00:00,0.0,0.0,0.0
2019-12-31 01:00:00,0.0,0.0,0.0
2019-12-31 02:00:00,0.0,0.0,0.0
2019-12-31 03:00:00,0.0,0.0,0.0
2019-12-31 04:00:00,0.0,0.0,0.0
2019-12-31 05:00:00,0.0,0.0,0.0
2019-12-31 06:00:00,0.0,0.0,0.0
2019-12-31 07:00:00,0.0,40.315872,0.6427777777777778
2019-12-31 08:00:00,0.0,248.39821,1.0
2019-12-31 09:00:00,0.0,440.26578,1.0
2019-12-31 10:00:00,0.0,577.3166,1.0
2019-12-31 11:00:00,0.0,644.4364,1.0
2019-12-31 12:00:00,0.0,637.3759,1.0
2019-12-31 13:00:00,0.0,557.97504,1.0
2019-12-31 14:00:00,0.0,412.89996,1.0
2019-12-31 15:00:00,0.0,223.89072,1.0
2019-12-31 16:00:00,0.01,38.493046,0.7583333333333333
2019-12-31 17:00:00,0.0,0.0,0.0
2019-12-31 18:00:00,1.0,0.0,0.0
2019-12-31 19:00:00,1.0,0.0,0.0
2019-12-31 20:00:00,0.83,0.0,0.0
2019-12-31 21:00:00,0.47,0.0,0.0
2019-12-31 22:00:00,0.08,0.0,0.0
2019-12-31 23:00:00,0.03,0.0,0.0
2020-01-01 00:00:00,0.27,0.0,0.0
2020-01-01 01:00:00,0.05,0.0,0.0
2020-01-01 02:00:00,0.01,0.0,0.0
2020-01-01 03:00:00,0.0,0.0,0.0
2020-01-01 04:00:00,0.01,0.0,0.0
2020-01-01 05:00:00,0.49,0.0,0.0
2020-01-01 06:00:00,1.0,0.0,0.0
2020-01-01 07:00:00,1.0,13.023177,0.6402777777777777
2020-01-01 08:00:00,0.22,201.56792,1.0
2020-01-01 09:00:00,0.31,364.83865,1.0
2020-01-01 10:00:00,0.74,542.11884,1.0
2020-01-01 11:00:00,1.0,197.8862,1.0
2020-01-01 12:00:00,0.98,253.6583,1.0
2020-01-01 13:00:00,0.9,294.75354,1.0
2020-01-01 14:00:00,0.7,253.51782,1.0
2020-01-01 15:00:00,0.0,215.58823,1.0
2020-01-01 16:00:00,0.0,40.02787,0.7719444444444444
2020-01-01 17:00:00,0.0,0.0,0.0
2020-01-01 18:00:00,0.19,0.0,0.0
2020-01-01 19:00:00,0.0,0.0,0.0
2020-01-01 20:00:00,0.0,0.0,0.0
2020-01-01 21:00:00,0.0,0.0,0.0
2020-01-01 22:00:00,0.0,0.0,0.0
2020-01-01 23:00:00,0.0,0.0,0.0
2020-01-02 00:00:00,0.0,0.0,0.0
2020-01-02 01:00:00,0.31,0.0,0.0
2020-01-02 02:00:00,0.02,0.0,0.0
2020-01-02 03:00:00,0.0,0.0,0.0
2020-01-02 04:00:00,0.08,0.0,0.0
2020-01-02 05:00:00,0.3,0.0,0.0
2020-01-02 06:00:00,0.38,0.0,0.0
2020-01-02 07:00:00,0.45,28.175745,0.6383333333333333
2020-01-02 08:00:00,0.81,170.30292,1.0
2020-01-02 09:00:00,0.12,411.3644,1.0
2020-01-02 10:00:00,0.06,541.67816,1.0
2020-01-02 11:00:00,0.01,610.03455,1.0
2020-01-02 12:00:00,0.02,600.24835,1.0
2020-01-02 13:00:00,0.01,539.40106,1.0
2020-01-02 14:00:00,0.0,407.48566,1.0
2020-01-02 15:00:00,0.01,224.42607,1.0
2020-01-02 16:00:00,0.0,41.527336,0.7861111111111111
2020-01-02 17:00:00,0.01,0.0,0.0
2020-01-02 18:00:00,0.0,0.0,0.0
2020-01-02 19:00:00,0.42,0.0,0.0
2020-01-02 20:00:00,0.99,0.0,0.0
2020-01-02 21:00:00,0.12,0.0,0.0
2020-01-02 22:00:00,0.3,0.0,0.0
2020-01-02 23:00:00,0.11,0.0,0.0
2020-01-03 00:00:00,0.28,0.0,0.0
2020-01-03 01:00:00,0.51,0.0,0.0
2020-01-03 02:00:00,0.57,0.0,0.0
2020-01-03 03:00:00,0.68,0.0,0.0
2020-01-03 04:00:00,0.56,0.0,0.0
2020-01-03 05:00:00,0.65,0.0,0.0
2020-01-03 06:00:00,0.63,0.0,0.0
2020-01-03 07:00:00,0.52,21.101524,0.6369444444444444
2020-01-03 08:00:00,0.62,171.995,1.0
2020-01-03 09:00:00,0.74,259.94,1.0
2020-01-03 10:00:00,0.83,375.66565,1.0
2020-01-03 11:00:00,0.76,454.39532,1.0
2020-01-03 12:00:00,0.52,483.37582,1.0
2020-01-03 13:00:00,0.2,431.98767,1.0
2020-01-03 14:00:00,0.35,326.6748,1.0
2020-01-03 15:00:00,0.47,152.1477,1.0
2020-01-03 16:00:00,0.61,26.589897,0.8005555555555556
2020-01-03 17:00:00,0.72,0.0,0.0
2020-01-03 18:00:00,0.16,0.0,0.0
2020-01-03 19:00:00,0.4,0.0,0.0
2020-01-03 20:00:00,0.6,0.0,0.0
2020-01-03 21:00:00,0.49,0.0,0.0
2020-01-03 22:00:00,0.35,0.0,0.0
2020-01-03 23:00:00,0.3,0.0,0.0
2020-01-04 00:00:00,0.22,0.0,0.0
2020-01-04 01:00:00,0.2,0.0,0.0
2020-01-04 02:00:00,0.47,0.0,0.0
2020-01-04 03:00:00,0.14,0.0,0.0
2020-01-04 04:00:00,0.08,0.0,0.0
2020-01-04 05:00:00,0.03,0.0,0.0
2020-01-04 06:00:00,0.0,0.0,0.0
2020-01-04 07:00:00,0.94,15.9832325,0.6361111111111111
2020-01-04 08:00:00,0.75,197.4462,1.0
2020-01-04 09:00:00,0.24,398.2578,1.0
2020-01-04 10:00:00,0.37,530.0256,1.0
2020-01-04 11:00:00,0.85,534.3473,1.0
2020-01-04 12:00:00,0.92,479.95987,1.0
2020-01-04 13:00:00,0.51,512.4539,1.0
2020-01-04 14:00:00,0.33,397.4316,1.0
2020-01-04 15:00:00,0.0,224.04922,1.0
2020-01-04 16:00:00,0.0,43.692646,0.8155555555555556
2020-01-04 17:00:00,0.0,0.0,0.0
2020-01-04 18:00:00,0.0,0.0,0.0
2020-01-04 19:00:00,0.01,0.0,0.0
2020-01-04 20:00:00,0.02,0.0,0.0
2020-01-04 21:00:00,0.03,0.0,0.0
2020-01-04 22:00:00,0.01,0.0,0.0
2020-01-04 23:00:00,0.0,0.0,0.0
2020-01-05 00:00:00,0.0,0.0,0.0
2020-01-05 01:00:00,0.0,0.0,0.0
2020-01-05 02:00:00,0.0,0.0,0.0
2020-01-05 03:00:00,0.0,0.0,0.0
2020-01-05 04:00:00,0.0,0.0,0.0
2020-01-05 05:00:00,0.0,0.0,0.0
2020-01-05 06:00:00,0.0,0.0,0.0
2020-01-05 07:00:00,0.0,34.087547,0.6358333333333334
2020-01-05 08:00:00,0.0,232.6328,1.0
2020-01-05 09:00:00,0.28,415.19724,1.0
2020-01-05 10:00:00,0.46,500.28006,1.0
2020-01-05 11:00:00,0.36,604.2409,1.0
2020-01-05 12:00:00,0.39,600.1108,1.0
2020-01-05 13:00:00,0.39,538.2575,1.0
2020-01-05 14:00:00,0.23,401.03268,1.0
2020-01-05 15:00:00,0.01,219.78908,1.0
2020-01-05 16:00:00,0.01,43.39678,0.8308333333333333
2020-01-05 17:00:00,0.04,0.0,0.0
2020-01-05 18:00:00,0.04,0.0,0.0
2020-01-05 19:00:00,0.07,0.0,0.0
2020-01-05 20:00:00,0.01,0.0,0.0
2020-01-05 21:00:00,0.32,0.0,0.0
2020-01-05 22:00:00,0.01,0.0,0.0
2020-01-05 23:00:00,0.0,0.0,0.0
2020-01-06 00:00:00,0.0,0.0,0.0
2020-01-06 01:00:00,0.0,0.0,0.0
2020-01-06 02:00:00,0.0,0.0,0.0
2020-01-06 03:00:00,0.01,0.0,0.0
2020-01-06 04:00:00,0.04,0.0,0.0
2020-01-06 05:00:00,0.95,0.0,0.0
2020-01-06 06:00:00,0.09,0.0,0.0
2020-01-06 07:00:00,0.3,25.981104,0.6361111111111111
2020-01-06 08:00:00,0.36,196.60675,1.0
2020-01-06 09:00:00,0.82,276.6548,1.0
2020-01-06 10:00:00,0.78,447.447,1.0
2020-01-06 11:00:00,0.77,638.7734,1.0
2020-01-06 12:00:00,0.04,573.55804,1.0
2020-01-06 13:00:00,0.01,480.22137,1.0
2020-01-06 14:00:00,0.02,386.1688,1.0
2020-01-06 15:00:00,0.02,228.13802,1.0
2020-01-06 16:00:00,0.01,48.178562,0.8463888888888889
2020-01-06 17:00:00,0.0,0.0,0.0
2020-01-06 18:00:00,0.52,0.0,0.0
2020-01-06 19:00:00,0.5,0.0,0.0
2020-01-06 20:00:00,0.48,0.0,0.0
2020-01-06 21:00:00,0.34,0.0,0.0
2020-01-06 22:00:00,0.74,0.0,0.0
2020-01-06 23:00:00,0.15,0.0,0.0
2020-01-07 00:00:00,0.0,0.0,0.0
2020-01-07 01:00:00,0.02,0.0,0.0
2020-01-07 02:00:00,0.04,0.0,0.0
2020-01-07 03:00:00,0.02,0.0,0.0
2020-01-07 04:00:00,0.05,0.0,0.0
2020-01-07 05:00:00,0.03,0.0,0.0
2020-01-07 06:00:00,0.32,0.0,0.0
2020-01-07 07:00:00,0.54,33.899284,0.6372222222222222
2020-01-07 08:00:00,0.82,229.17426,1.0
2020-01-07 09:00:00,0.94,415.17374,1.0
2020-01-07 10:00:00,0.78,551.76697,1.0
2020-01-07 11:00:00,0.58,621.25024,1.0
2020-01-07 12:00:00,0.32,620.6908,1.0
2020-01-07 13:00:00,0.89,537.1486,1.0
2020-01-07 14:00:00,0.69,394.02954,1.0
2020-01-07 15:00:00,0.84,218.46873,1.0
2020-01-07 16:00:00,0.0,50.50517,0.8622222222222222
2020-01-07 17:00:00,0.0,0.0,0.0
2020-01-07 18:00:00,0.36,0.0,0.0
2020-01-07 19:00:00,0.5,0.0,0.0
2020-01-07 20:00:00,0.92,0.0,0.0
2020-01-07 21:00:00,0.99,0.0,0.0
2020-01-07 22:00:00,1.0,0.0,0.0
2020-01-07 23:00:00,1.0,0.0,0.0
2020-01-08 00:00:00,0.98,0.0,0.0
2020-01-08 01:00:00,1.0,0.0,0.0
2020-01-08 02:00:00,0.95,0.0,0.0
2020-01-08 03:00:00,0.89,0.0,0.0
2020-01-08 04:00:00,0.55,0.0,0.0
2020-01-08 05:00:00,0.61,0.0,0.0
2020-01-08 06:00:00,0.15,0.0,0.0
2020-01-08 07:00:00,0.34,31.792633,0.6386111111111111
2020-01-08 08:00:00,0.06,234.70572,1.0
2020-01-08 09:00:00,0.0,420.9855,1.0
2020-01-08 10:00:00,0.0,545.877,1.0
2020-01-08 11:00:00,0.21,621.5735,1.0
2020-01-08 12:00:00,0.24,614.59735,1.0
2020-01-08 13:00:00,0.0,550.97437,1.0
2020-01-08 14:00:00,0.32,400.0893,1.0
2020-01-08 15:00:00,0.26,224.99753,1.0
2020-01-08 16:00:00,0.0,53.468616,0.8783333333333333
2020-01-08 17:00:00,0.01,0.0,0.0
2020-01-08 18:00:00,0.0,0.0,0.0
2020-01-08 19:00:00,0.0,0.0,0.0
2020-01-08 20:00:00,0.0,0.0,0.0
2020-01-08 21:00:00,0.0,0.0,0.0
2020-01-08 22:00:00,0.0,0.0,0.0
2020-01-08 23:00:00,0.0,0.0,0.0
2020-01-09 00:00:00,0.0,0.0,0.0
2020-01-09 01:00:00,0.0,0.0,0.0
2020-01-09 02:00:00,0.0,0.0,0.0
2020-01-09 03:00:00,0.05,0.0,0.0
2020-01-09 04:00:00,0.31,0.0,0.0
2020-01-09 05:00:00,0.37,0.0,0.0
2020-01-09 06:00:00,0.87,0.0,0.0
2020-01-09 07:00:00,0.17,27.712088,0.6408333333333334
2020-01-09 08:00:00,0.01,236.10896,1.0
2020-01-09 09:00:00,0.01,421.84207,1.0
2020-01-09 10:00:00,0.01,553.57654,1.0
2020-01-09 11:00:00,0.27,624.4999,1.0
2020-01-09 12:00:00,0.9,566.14514,1.0
2020-01-09 13:00:00,0.91,519.6251,1.0
2020-01-09 14:00:00,0.94,320.3567,1.0
2020-01-09 15:00:00,0.83,137.12788,1.0
2020-01-09 16:00:00,1.0,11.927076,0.8947222222222222
2020-01-09 17:00:00,1.0,0.0,0.0
2020-01-09 18:00:00,1.0,0.0,0.0
2020-01-09 19:00:00,1.0,0.0,0.0
2020-01-09 20:00:00,1.0,0.0,0.0
2020-01-09 21:00:00,1.0,0.0,0.0
2020-01-09 22:00:00,0.96,0.0,0.0
2020-01-09 23:00:00,1.0,0.0,0.0
2020-01-10 00:00:00,0.51,0.0,0.0
2020-01-10 01:00:00,0.32,0.0,0.0
2020-01-10 02:00:00,0.35,0.0,0.0
2020-01-10 03:00:00,0.32,0.0,0.0
2020-01-10 04:00:00,0.13,0.0,0.0
2020-01-10 05:00:00,0.24,0.0,0.0
2020-01-10 06:00:00,0.2,0.0,0.0
2020-01-10 07:00:00,0.65,28.586212,0.6438888888888888
2020-01-10 08:00:00,1.0,189.27124,1.0
2020-01-10 09:00:00,0.52,349.88394,1.0
2020-01-10 10:00:00,0.05,523.3371,1.0
2020-01-10 11:00:00,0.17,641.27747,1.0
2020-01-10 12:00:00,0.57,498.73856,1.0
2020-01-10 13:00:00,0.87,417.8739,1.0
2020-01-10 14:00:00,0.71,350.11835,1.0
2020-01-10 15:00:00,0.51,222.08527,1.0
2020-01-10 16:00:00,0.26,55.673454,0.9113888888888889
2020-01-10 17:00:00,0.04,0.0,0.0
2020-01-10 18:00:00,0.1,0.0,0.0
2020-01-10 19:00:00,0.13,0.0,0.0
2020-01-10 20:00:00,0.17,0.0,0.0
2020-01-10 21:00:00,0.19,0.0,0.0
2020-01-10 22:00:00,0.1,0.0,0.0
2020-01-10 23:00:00,0.07,0.0,0.0
2020-01-11 00:00:00,0.44,0.0,0.0
2020-01-11 01:00:00,0.32,0.0,0.0
2020-01-11 02:00:00,0.0,0.0,0.0
2020-01-11 03:00:00,0.0,0.0,0.0
2020-01-11 04:00:00,0.01,0.0,0.0
2020-01-11 05:00:00,0.0,0.0,0.0
2020-01-11 06:00:00,0.11,0.0,0.0
2020-01-11 07:00:00,0.96,23.590185,0.6472222222222223
2020-01-11 08:00:00,0.89,129.87698,1.0
2020-01-11 09:00:00,0.22,422.36694,1.0
2020-01-11 10:00:00,0.21,538.29944,1.0
2020-01-11 11:00:00,0.26,604.68524,1.0
2020-01-11 12:00:00,0.19,625.2593,1.0
2020-01-11 13:00:00,0.3,554.59283,1.0
2020-01-11 14:00:00,0.01,437.2454,1.0
2020-01-11 15:00:00,0.0,240.29951,1.0
2020-01-11 16:00:00,0.97,44.10656,0.9280555555555555
2020-01-11 17:00:00,0.8,0.0,0.0
2020-01-11 18:00:00,0.98,0.0,0.0
2020-01-11 19:00:00,0.94,0.0,0.0
2020-01-11 20:00:00,0.66,0.0,0.0
2020-01-11 21:00:00,0.02,0.0,0.0
2020-01-11 22:00:00,0.0,0.0,0.0
2020-01-11 23:00:00,0.29,0.0,0.0
2020-01-12 00:00:00,0.27,0.0,0.0
2020-01-12 01:00:00,0.0,0.0,0.0
2020-01-12 02:00:00,0.43,0.0,0.0
2020-01-12 03:00:00,0.85,0.0,0.0
2020-01-12 04:00:00,0.23,0.0,0.0
2020-01-12 05:00:00,0.26,0.0,0.0
2020-01-12 06:00:00,0.02,0.0,0.0
2020-01-12 07:00:00,0.02,36.041737,0.6513888888888889
2020-01-12 08:00:00,0.02,242.89923,1.0
2020-01-12 09:00:00,0.05,418.682,1.0
2020-01-12 10:00:00,0.04,567.7933,1.0
2020-01-12 11:00:00,0.22,652.99866,1.0
2020-01-12 12:00:00,0.52,633.9719,1.0
2020-01-12 13:00:00,0.45,539.5328,1.0
2020-01-12 14:00:00,0.69,354.1774,1.0
2020-01-12 15:00:00,0.04,204.44524,1.0
2020-01-12 16:00:00,0.19,56.508408,0.945
2020-01-12 17:00:00,0.01,0.0,0.0
2020-01-12 18:00:00,0.01,0.0,0.0
2020-01-12 19:00:00,0.0,0.0,0.0
2020-01-12 20:00:00,0.0,0.0,0.0
2020-01-12 21:00:00,0.0,0.0,0.0
2020-01-12 22:00:00,0.0,0.0,0.0
2020-01-12 23:00:00,0.0,0.0,0.0
2020-01-13 00:00:00,0.0,0.0,0.0
2020-01-13 01:00:00,0.73,0.0,0.0
2020-01-13 02:00:00,0.15,0.0,0.0
2020-01-13 03:00:00,0.37,0.0,0.0
2020-01-13 04:00:00,0.35,0.0,0.0
2020-01-13 05:00:00,0.22,0.0,0.0
2020-01-13 06:00:00,0.0,0.0,0.0
2020-01-13 07:00:00,0.0,36.81342,0.6561111111111111
2020-01-13 08:00:00,0.0,242.05122,1.0
2020-01-13 09:00:00,0.0,431.0157,1.0
2020-01-13 10:00:00,0.0,583.0166,1.0
2020-01-13 11:00:00,0.14,586.3957,1.0
2020-01-13 12:00:00,0.91,326.8384,1.0
2020-01-13 13:00:00,0.73,425.16394,1.0
2020-01-13 14:00:00,0.31,416.86285,1.0
2020-01-13 15:00:00,0.0,256.93237,1.0
2020-01-13 16:00:00,0.0,67.21145,0.9619444444444445
2020-01-13 17:00:00,0.0,0.0,0.0
2020-01-13 18:00:00,0.0,0.0,0.0
2020-01-13 19:00:00,0.0,0.0,0.0
2020-01-13 20:00:00,0.0,0.0,0.0
2020-01-13 21:00:00,0.0,0.0,0.0
2020-01-13 22:00:00,0.0,0.0,0.0
2020-01-13 23:00:00,0.0,0.0,0.0
2020-01-14 00:00:00,0.0,0.0,0.0
2020-01-14 01:00:00,0.0,0.0,0.0
2020-01-14 02:00:00,0.01,0.0,0.0
2020-01-14 03:00:00,0.01,0.0,0.0
2020-01-14 04:00:00,0.0,0.0,0.0
2020-01-14 05:00:00,0.0,0.0,0.0
2020-01-14 06:00:00,0.0,0.0,0.0
2020-01-14 07:00:00,0.0,38.44379,0.6616666666666666
2020-01-14 08:00:00,0.0,242.91127,1.0
2020-01-14 09:00:00,0.0,435.96942,1.0
2020-01-14 10:00:00,0.0,574.43884,1.0
2020-01-14 11:00:00,0.0,647.597,1.0
2020-01-14 12:00:00,0.0,646.9924,1.0
2020-01-14 13:00:00,0.01,574.5501,1.0
2020-01-14 14:00:00,0.01,441.7802,1.0
2020-01-14 15:00:00,0.02,257.0131,1.0
2020-01-14 16:00:00,0.0,66.71618,0.9788888888888889
2020-01-14 17:00:00,0.0,0.0,0.0
2020-01-14 18:00:00,0.0,0.0,0.0
2020-01-14 19:00:00,0.01,0.0,0.0
2020-01-14 20:00:00,0.06,0.0,0.0
2020-01-14 21:00:00,0.0,0.0,0.0
2020-01-14 22:00:00,0.04,0.0,0.0
2020-01-14 23:00:00,0.04,0.0,0.0
2020-01-15 00:00:00,0.02,0.0,0.0
2020-01-15 01:00:00,0.06,0.0,0.0
2020-01-15 02:00:00,0.0,0.0,0.0
2020-01-15 03:00:00,0.0,0.0,0.0
2020-01-15 04:00:00,0.0,0.0,0.0
2020-01-15 05:00:00,0.0,0.0,0.0
2020-01-15 06:00:00,0.0,0.0,0.0
2020-01-15 07:00:00,0.0,39.15819,0.6677777777777778
2020-01-15 08:00:00,0.0,242.93517,1.0
2020-01-15 09:00:00,0.0,432.08636,1.0
2020-01-15 10:00:00,0.0,571.7541,1.0
2020-01-15 11:00:00,0.0,644.69464,1.0
2020-01-15 12:00:00,0.0,643.4681,1.0
2020-01-15 13:00:00,0.0,570.7749,1.0
2020-01-15 14:00:00,0.0,436.1307,1.0
2020-01-15 15:00:00,0.0,255.41699,1.0
2020-01-15 16:00:00,0.0,68.76759,0.9963888888888889
2020-01-15 17:00:00,0.0,0.0,0.0
2020-01-15 18:00:00,0.0,0.0,0.0
2020-01-15 19:00:00,0.0,0.0,0.0
2020-01-15 20:00:00,0.0,0.0,0.0
2020-01-15 21:00:00,0.03,0.0,0.0
2020-01-15 22:00:00,0.01,0.0,0.0
2020-01-15 23:00:00,0.56,0.0,0.0
2020-01-16 00:00:00,0.55,0.0,0.0
2020-01-16 01:00:00,0.5,0.0,0.0
2020-01-16 02:00:00,0.45,0.0,0.0
2020-01-16 03:00:00,0.42,0.0,0.0
2020-01-16 04:00:00,0.42,0.0,0.0
2020-01-16 05:00:00,0.45,0.0,0.0
2020-01-16 06:00:00,0.65,0.0,0.0
2020-01-16 07:00:00,0.81,34.2366,0.6744444444444444
2020-01-16 08:00:00,0.95,207.15549,1.0
2020-01-16 09:00:00,0.86,397.63272,1.0
2020-01-16 10:00:00,0.94,428.35873,1.0
2020-01-16 11:00:00,0.99,402.35168,1.0
2020-01-16 12:00:00,1.0,358.1579,1.0
2020-01-16 13:00:00,1.0,300.31235,1.0
2020-01-16 14:00:00,1.0,203.44269,1.0
2020-01-16 15:00:00,1.0,114.933876,1.0
2020-01-16 16:00:00,1.0,29.915466,1.0
2020-01-16 17:00:00,1.0,0.0,0.014166666666666666
2020-01-16 18:00:00,1.0,0.0,0.0
2020-01-16 19:00:00,1.0,0.0,0.0
2020-01-16 20:00:00,1.0,0.0,0.0
2020-01-16 21:00:00,1.0,0.0,0.0
2020-01-16 22:00:00,1.0,0.0,0.0
2020-01-16 23:00:00,1.0,0.0,0.0
2020-01-17 00:00:00,1.0,0.0,0.0
2020-01-17 01:00:00,0.89,0.0,0.0
2020-01-17 02:00:00,0.74,0.0,0.0
2020-01-17 03:00:00,0.07,0.0,0.0
2020-01-17 04:00:00,0.0,0.0,0.0
2020-01-17 05:00:00,0.14,0.0,0.0
2020-01-17 06:00:00,0.0,0.0,0.0
2020-01-17 07:00:00,0.0,40.34177,0.6816666666666666
2020-01-17 08:00:00,0.0,244.31595,1.0
2020-01-17 09:00:00,0.06,414.8366,1.0
2020-01-17 10:00:00,0.4,521.7457,1.0
2020-01-17 11:00:00,0.4,624.67334,1.0
2020-01-17 12:00:00,0.07,625.83954,1.0
2020-01-17 13:00:00,0.23,526.97784,1.0
2020-01-17 14:00:00,0.76,352.21655,1.0
2020-01-17 15:00:00,0.02,256.61496,1.0
2020-01-17 16:00:00,0.22,65.55287,1.0
2020-01-17 17:00:00,0.89,0.0,0.0325
2020-01-17 18:00:00,1.0,0.0,0.0
2020-01-17 19:00:00,0.96,0.0,0.0
2020-01-17 20:00:00,0.3,0.0,0.0
2020-01-17 21:00:00,0.07,0.0,0.0
2020-01-17 22:00:00,0.73,0.0,0.0
2020-01-17 23:00:00,0.8,0.0,0.0
2020-01-18 00:00:00,0.63,0.0,0.0
2020-01-18 01:00:00,0.55,0.0,0.0
2020-01-18 02:00:00,0.51,0.0,0.0
2020-01-18 03:00:00,0.05,0.0,0.0
2020-01-18 04:00:00,0.31,0.0,0.0
2020-01-18 05:00:00,0.67,0.0,0.0
2020-01-18 06:00:00,0.47,0.0,0.0
2020-01-18 07:00:00,0.48,37.467003,0.6897222222222222
2020-01-18 08:00:00,0.37,237.52205,1.0
2020-01-18 09:00:00,0.68,430.56564,1.0
2020-01-18 10:00:00,0.7,556.20135,1.0
2020-01-18 11:00:00,0.79,614.2352,1.0
2020-01-18 12:00:00,0.67,618.3568,1.0
2020-01-18 13:00:00,0.89,509.1588,1.0
2020-01-18 14:00:00,0.75,425.85986,1.0
2020-01-18 15:00:00,0.19,260.90173,1.0
2020-01-18 16:00:00,0.0,76.77171,1.0
2020-01-18 17:00:00,0.0,0.0,0.051111111111111114
2020-01-18 18:00:00,0.0,0.0,0.0
2020-01-18 19:00:00,0.0,0.0,0.0
2020-01-18 20:00:00,0.0,0.0,0.0
2020-01-18 21:00:00,0.0,0.0,0.0
2020-01-18 22:00:00,0.0,0.0,0.0
2020-01-18 23:00:00,0.0,0.0,0.0
2020-01-19 00:00:00,0.0,0.0,0.0
2020-01-19 01:00:00,0.0,0.0,0.0
2020-01-19 02:00:00,0.0,0.0,0.0
2020-01-19 03:00:00,0.0,0.0,0.0
2020-01-19 04:00:00,0.0,0.0,0.0
2020-01-19 05:00:00,0.0,0.0,0.0
2020-01-19 06:00:00,0.0,0.0,0.0
2020-01-19 07:00:00,0.0,40.622406,0.6983333333333334
2020-01-19 08:00:00,0.0,238.11653,1.0
2020-01-19 09:00:00,0.0,428.4587,1.0
2020-01-19 10:00:00,0.0,567.4556,1.0
2020-01-19 11:00:00,0.0,642.86554,1.0
2020-01-19 12:00:00,0.0,648.1123,1.0
2020-01-19 13:00:00,0.01,579.80054,1.0
2020-01-19 14:00:00,0.0,440.6034,1.0
2020-01-19 15:00:00,0.0,271.97046,1.0
2020-01-19 16:00:00,0.0,81.671196,1.0
2020-01-19 17:00:00,0.0,0.0,0.06972222222222223
2020-01-19 18:00:00,0.0,0.0,0.0
2020-01-19 19:00:00,0.0,0.0,0.0
2020-01-19 20:00:00,0.0,0.0,0.0
2020-01-19 21:00:00,0.0,0.0,0.0
2020-01-19 22:00:00,0.0,0.0,0.0
2020-01-19 23:00:00,0.0,0.0,0.0
2020-01-20 00:00:00,0.0,0.0,0.0
2020-01-20 01:00:00,0.0,0.0,0.0
2020-01-20 02:00:00,0.0,0.0,0.0
2020-01-20 03:00:00,0.0,0.0,0.0
2020-01-20 04:00:00,0.0,0.0,0.0
2020-01-20 05:00:00,0.0,0.0,0.0
2020-01-20 06:00:00,0.0,0.0,0.0
2020-01-20 07:00:00,0.97,42.238064,0.7072222222222222
2020-01-20 08:00:00,0.98,217.253,1.0
2020-01-20 09:00:00,0.94,390.70978,1.0
2020-01-20 10:00:00,0.9,561.32336,1.0
2020-01-20 11:00:00,0.99,652.852,1.0
2020-01-20 12:00:00,0.99,660.36365,1.0
2020-01-20 13:00:00,0.98,588.515,1.0
2020-01-20 14:00:00,0.67,465.67087,1.0
2020-01-20 15:00:00,0.99,269.26883,1.0
2020-01-20 16:00:00,1.0,60.92335,1.0
2020-01-20 17:00:00,0.99,0.0,0.08888888888888889
2020-01-20 18:00:00,0.99,0.0,0.0
2020-01-20 19:00:00,0.99,0.0,0.0
2020-01-20 20:00:00,1.0,0.0,0.0
2020-01-20 21:00:00,1.0,0.0,0.0
2020-01-20 22:00:00,1.0,0.0,0.0
2020-01-20 23:00:00,1.0,0.0,0.0
2020-01-21 00:00:00,1.0,0.0,0.0
2020-01-21 01:00:00,1.0,0.0,0.0
2020-01-21 02:00:00,1.0,0.0,0.0
2020-01-21 03:00:00,0.99,0.0,0.0
2020-01-21 04:00:00,0.99,0.0,0.0
2020-01-21 05:00:00,1.0,0.0,0.0
2020-01-21 06:00:00,1.0,0.0,0.0
2020-01-21 07:00:00,1.0,7.9513845,0.7169444444444445
2020-01-21 08:00:00,1.0,69.69961,1.0
2020-01-21 09:00:00,1.0,135.92822,1.0
2020-01-21 10:00:00,1.0,224.25769,1.0
2020-01-21 11:00:00,1.0,364.0226,1.0
2020-01-21 12:00:00,1.0,158.58226,1.0
2020-01-21 13:00:00,1.0,185.4525,1.0
2020-01-21 14:00:00,1.0,144.98776,1.0
2020-01-21 15:00:00,1.0,98.42095,1.0
2020-01-21 16:00:00,1.0,29.295506,1.0
2020-01-21 17:00:00,1.0,0.0,0.10805555555555556
2020-01-21 18:00:00,0.9,0.0,0.0
2020-01-21 19:00:00,0.79,0.0,0.0
2020-01-21 20:00:00,0.9,0.0,0.0
2020-01-21 21:00:00,0.9,0.0,0.0
2020-01-21 22:00:00,0.97,0.0,0.0
2020-01-21 23:00:00,0.98,0.0,0.0
2020-01-22 00:00:00,0.87,0.0,0.0
2020-01-22 01:00:00,0.1,0.0,0.0
2020-01-22 02:00:00,0.47,0.0,0.0
2020-01-22 03:00:00,0.98,0.0,0.0
2020-01-22 04:00:00,1.0,0.0,0.0
2020-01-22 05:00:00,1.0,0.0,0.0
2020-01-22 06:00:00,1.0,0.0,0.0
2020-01-22 07:00:00,1.0,20.804047,0.7272222222222222
2020-01-22 08:00:00,1.0,148.80252,1.0
2020-01-22 09:00:00,1.0,253.89941,1.0
2020-01-22 10:00:00,1.0,361.2061,1.0
2020-01-22 11:00:00,1.0,397.26428,1.0
2020-01-22 12:00:00,0.77,636.4684,1.0
2020-01-22 13:00:00,0.77,511.68933,1.0
2020-01-22 14:00:00,0.95,378.76263,1.0
2020-01-22 15:00:00,0.69,241.76408,1.0
2020-01-22 16:00:00,0.89,63.734184,1.0
2020-01-22 17:00:00,0.61,0.0,0.12777777777777777
2020-01-22 18:00:00,0.2,0.0,0.0
2020-01-22 19:00:00,0.5,0.0,0.0
2020-01-22 20:00:00,0.64,0.0,0.0
2020-01-22 21:00:00,0.54,0.0,0.0
2020-01-22 22:00:00,0.93,0.0,0.0
2020-01-22 23:00:00,0.57,0.0,0.0
2020-01-23 00:00:00,0.74,0.0,0.0
2020-01-23 01:00:00,0.55,0.0,0.0
2020-01-23 02:00:00,0.16,0.0,0.0
2020-01-23 03:00:00,0.09,0.0,0.0
2020-01-23 04:00:00,0.4,0.0,0.0
2020-01-23 05:00:00,0.14,0.0,0.0
2020-01-23 06:00:00,0.58,0.0,0.0
2020-01-23 07:00:00,0.53,28.104845,0.7377777777777778
2020-01-23 08:00:00,0.89,67.83237,1.0
2020-01-23 09:00:00,0.7,251.55574,1.0
2020-01-23 10:00:00,0.5,355.8664,1.0
2020-01-23 11:00:00,0.78,521.43726,1.0
2020-01-23 12:00:00,0.84,501.77887,1.0
2020-01-23 13:00:00,0.88,502.32608,1.0
2020-01-23 14:00:00,0.89,421.25937,1.0
2020-01-23 15:00:00,0.94,194.29784,1.0
2020-01-23 16:00:00,0.99,63.207928,1.0
2020-01-23 17:00:00,0.92,0.0,0.14722222222222223
2020-01-23 18:00:00,0.97,0.0,0.0
2020-01-23 19:00:00,0.9,0.0,0.0
2020-01-23 20:00:00,0.57,0.0,0.0
2020-01-23 21:00:00,0.53,0.0,0.0
2020-01-23 22:00:00,0.61,0.0,0.0
2020-01-23 23:00:00,0.49,0.0,0.0
2020-01-24 00:00:00,0.52,0.0,0.0
2020-01-24 01:00:00,0.55,0.0,0.0
2020-01-24 02:00:00,0.47,0.0,0.0
2020-01-24 03:00:00,0.37,0.0,0.0
2020-01-24 04:00:00,0.39,0.0,0.0
2020-01-24 05:00:00,0.42,0.0,0.0
2020-01-24 06:00:00,0.74,0.0,0.0
2020-01-24 07:00:00,0.4,33.573517,0.7491666666666666
2020-01-24 08:00:00,0.37,174.39612,1.0
2020-01-24 09:00:00,0.51,360.4065,1.0
2020-01-24 10:00:00,0.28,498.6201,1.0
2020-01-24 11:00:00,0.68,586.3857,1.0
2020-01-24 12:00:00,0.79,582.7168,1.0
2020-01-24 13:00:00,0.58,547.3651,1.0
2020-01-24 14:00:00,0.76,435.8979,1.0
2020-01-24 15:00:00,0.92,228.09395,1.0
2020-01-24 16:00:00,0.97,52.001324,1.0
2020-01-24 17:00:00,1.0,0.0,0.16694444444444445
2020-01-24 18:00:00,1.0,0.0,0.0
2020-01-24 19:00:00,1.0,0.0,0.0
2020-01-24 20:00:00,1.0,0.0,0.0
2020-01-24 21:00:00,1.0,0.0,0.0
2020-01-24 22:00:00,1.0,0.0,0.0
2020-01-24 23:00:00,1.0,0.0,0.0
2020-01-25 00:00:00,1.0,0.0,0.0
2020-01-25 01:00:00,0.94,0.0,0.0
2020-01-25 02:00:00,0.97,0.0,0.0
2020-01-25 03:00:00,1.0,0.0,0.0
2020-01-25 04:00:00,1.0,0.0,0.0
2020-01-25 05:00:00,0.98,0.0,0.0
2020-01-25 06:00:00,0.98,0.0,0.0
2020-01-25 07:00:00,0.79,21.591085,0.7608333333333334
2020-01-25 08:00:00,0.71,115.902756,1.0
2020-01-25 09:00:00,0.31,258.82285,1.0
2020-01-25 10:00:00,0.34,443.81842,1.0
2020-01-25 11:00:00,0.24,547.91943,1.0
2020-01-25 12:00:00,0.15,609.0007,1.0
2020-01-25 13:00:00,0.1,572.5824,1.0
2020-01-25 14:00:00,0.05,460.63043,1.0
2020-01-25 15:00:00,0.48,271.8129,1.0
2020-01-25 16:00:00,1.0,77.32643,1.0
2020-01-25 17:00:00,0.99,0.0,0.18694444444444444
2020-01-25 18:00:00,0.03,0.0,0.0
2020-01-25 19:00:00,0.55,0.0,0.0
2020-01-25 20:00:00,1.0,0.0,0.0
2020-01-25 21:00:00,1.0,0.0,0.0
2020-01-25 22:00:00,0.66,0.0,0.0
2020-01-25 23:00:00,0.64,0.0,0.0
2020-01-26 00:00:00,0.84,0.0,0.0
2020-01-26 01:00:00,0.84,0.0,0.0
2020-01-26 02:00:00,0.74,0.0,0.0
2020-01-26 03:00:00,0.56,0.0,0.0
2020-01-26 04:00:00,0.48,0.0,0.0
2020-01-26 05:00:00,0.28,0.0,0.0
2020-01-26 06:00:00,0.07,0.0,0.0
2020-01-26 07:00:00,0.47,47.379646,0.7730555555555556
2020-01-26 08:00:00,0.03,250.22249,1.0
2020-01-26 09:00:00,0.67,396.82425,1.0
2020-01-26 10:00:00,0.86,527.9584,1.0
2020-01-26 11:00:00,0.32,623.15485,1.0
2020-01-26 12:00:00,0.72,627.32336,1.0
2020-01-26 13:00:00,0.73,552.00745,1.0
2020-01-26 14:00:00,0.84,450.2922,1.0
2020-01-26 15:00:00,0.86,242.0002,1.0
2020-01-26 16:00:00,0.95,68.88554,1.0
2020-01-26 17:00:00,1.0,0.0,0.20666666666666667
2020-01-26 18:00:00,0.45,0.0,0.0
2020-01-26 19:00:00,0.24,0.0,0.0
2020-01-26 20:00:00,0.33,0.0,0.0
2020-01-26 21:00:00,0.73,0.0,0.0
2020-01-26 22:00:00,0.39,0.0,0.0
2020-01-26 23:00:00,0.61,0.0,0.0
2020-01-27 00:00:00,0.91,0.0,0.0
2020-01-27 01:00:00,0.78,0.0,0.0
2020-01-27 02:00:00,0.87,0.0,0.0
2020-01-27 03:00:00,0.95,0.0,0.0
2020-01-27 04:00:00,1.0,0.0,0.0
2020-01-27 05:00:00,1.0,0.0,0.0
2020-01-27 06:00:00,1.0,0.0,0.0
2020-01-27 07:00:00,1.0,10.933154,0.7858333333333334
2020-01-27 08:00:00,1.0,83.6343,1.0
2020-01-27 09:00:00,0.93,198.51385,1.0
2020-01-27 10:00:00,0.8,276.2146,1.0
2020-01-27 11:00:00,1.0,181.02132,1.0
2020-01-27 12:00:00,1.0,177.29904,1.0
2020-01-27 13:00:00,1.0,82.97774,1.0
2020-01-27 14:00:00,1.0,122.93424,1.0
2020-01-27 15:00:00,1.0,99.46429,1.0
2020-01-27 16:00:00,1.0,24.848078,1.0
2020-01-27 17:00:00,1.0,0.0,0.22666666666666666
2020-01-27 18:00:00,1.0,0.0,0.0
2020-01-27 19:00:00,1.0,0.0,0.0
2020-01-27 20:00:00,1.0,0.0,0.0
2020-01-27 21:00:00,1.0,0.0,0.0
2020-01-27 22:00:00,1.0,0.0,0.0
2020-01-27 23:00:00,1.0,0.0,0.0
2020-01-28 00:00:00,0.73,0.0,0.0
2020-01-28 01:00:00,0.36,0.0,0.0
2020-01-28 02:00:00,0.42,0.0,0.0
2020-01-28 03:00:00,0.63,0.0,0.0
2020-01-28 04:00:00,0.67,0.0,0.0
2020-01-28 05:00:00,0.67,0.0,0.0
2020-01-28 06:00:00,0.39,0.0,0.0
2020-01-28 07:00:00,0.26,47.382557,0.7988888888888889
2020-01-28 08:00:00,0.51,197.31277,1.0
2020-01-28 09:00:00,0.56,326.36954,1.0
2020-01-28 10:00:00,0.36,478.6017,1.0
2020-01-28 11:00:00,0.18,623.5201,1.0
2020-01-28 12:00:00,0.03,668.47565,1.0
2020-01-28 13:00:00,0.02,626.01984,1.0
2020-01-28 14:00:00,0.01,499.0095,1.0
2020-01-28 15:00:00,0.01,314.49258,1.0
2020-01-28 16:00:00,0.01,113.14652,1.0
2020-01-28 17:00:00,0.0,0.0,0.24666666666666667
2020-01-28 18:00:00,0.0,0.0,0.0
2020-01-28 19:00:00,0.01,0.0,0.0
2020-01-28 20:00:00,0.0,0.0,0.0
2020-01-28 21:00:00,0.91,0.0,0.0
2020-01-28 22:00:00,0.95,0.0,0.0
2020-01-28 23:00:00,0.99,0.0,0.0
2020-01-29 00:00:00,1.0,0.0,0.0
2020-01-29 01:00:00,0.94,0.0,0.0
2020-01-29 02:00:00,1.0,0.0,0.0
2020-01-29 03:00:00,1.0,0.0,0.0
2020-01-29 04:00:00,0.97,0.0,0.0
2020-01-29 05:00:00,0.99,0.0,0.0
2020-01-29 06:00:00,1.0,0.0,0.0
2020-01-29 07:00:00,1.0,12.921,0.8125
2020-01-29 08:00:00,0.99,76.63623,1.0
2020-01-29 09:00:00,0.98,209.04639,1.0
2020-01-29 10:00:00,0.97,334.28796,1.0
2020-01-29 11:00:00,0.97,493.2889,1.0
2020-01-29 12:00:00,0.96,478.59268,1.0
2020-01-29 13:00:00,0.94,472.03183,1.0
2020-01-29 14:00:00,0.85,353.34302,1.0
2020-01-29 15:00:00,0.38,252.35466,1.0
2020-01-29 16:00:00,0.15,102.751976,1.0
2020-01-29 17:00:00,0.27,0.0,0.26666666666666666
2020-01-29 18:00:00,0.4,0.0,0.0
2020-01-29 19:00:00,0.51,0.0,0.0
2020-01-29 20:00:00,0.99,0.0,0.0
2020-01-29 21:00:00,1.0,0.0,0.0
2020-01-29 22:00:00,0.89,0.0,0.0
2020-01-29 23:00:00,0.62,0.0,0.0
2020-01-30 00:00:00,0.1,0.0,0.0
2020-01-30 01:00:00,0.12,0.0,0.0
2020-01-30 02:00:00,0.05,0.0,0.0
2020-01-30 03:00:00,0.05,0.0,0.0
2020-01-30 04:00:00,0.3,0.0,0.0
2020-01-30 05:00:00,0.31,0.0,0.0
2020-01-30 06:00:00,0.43,0.0,0.0
2020-01-30 07:00:00,0.86,52.74357,0.8263888888888888
2020-01-30 08:00:00,0.85,196.68573,1.0
2020-01-30 09:00:00,0.48,390.3053,1.0
2020-01-30 10:00:00,0.27,540.15955,1.0
2020-01-30 11:00:00,0.47,614.61224,1.0
2020-01-30 12:00:00,0.97,497.54266,1.0
2020-01-30 13:00:00,1.0,244.92644,1.0
2020-01-30 14:00:00,1.0,149.39233,1.0
2020-01-30 15:00:00,0.99,118.55023,1.0
2020-01-30 16:00:00,1.0,36.130608,1.0
2020-01-30 17:00:00,1.0,0.99392307,0.2866666666666667
2020-01-30 18:00:00,1.0,0.0,0.0
2020-01-30 19:00:00,0.49,0.0,0.0
2020-01-30 20:00:00,0.81,0.0,0.0
2020-01-30 21:00:00,0.46,0.0,0.0
2020-01-30 22:00:00,0.26,0.0,0.0
2020-01-30 23:00:00,0.19,0.0,0.0
2020-01-31 00:00:00,0.01,0.0,0.0
2020-01-31 01:00:00,0.0,0.0,0.0
2020-01-31 02:00:00,0.05,0.0,0.0
2020-01-31 03:00:00,0.02,0.0,0.0
2020-01-31 04:00:00,0.01,0.0,0.0
2020-01-31 05:00:00,0.0,0.0,0.0
2020-01-31 06:00:00,0.02,0.0,0.0
2020-01-31 07:00:00,0.18,59.570686,0.8408333333333333
2020-01-31 08:00:00,0.24,272.56512,1.0
2020-01-31 09:00:00,0.35,468.0677,1.0
2020-01-31 10:00:00,0.6,545.48114,1.0
2020-01-31 11:00:00,0.87,591.37854,1.0
2020-01-31 12:00:00,0.89,613.05414,1.0
2020-01-31 13:00:00,0.83,614.74896,1.0
2020-01-31 14:00:00,0.64,504.97275,1.0
2020-01-31 15:00:00,0.85,307.46024,1.0
2020-01-31 16:00:00,0.68,101.565895,1.0
2020-01-31 17:00:00,0.65,1.9878461,0.3063888888888889
2020-01-31 18:00:00,0.6,0.0,0.0
2020-01-31 19:00:00,0.6,0.0,0.0
2020-01-31 20:00:00,0.3,0.0,0.0
2020-01-31 21:00:00,0.03,0.0,0.0
2020-01-31 22:00:00,0.68,0.0,0.0
2020-01-31 23:00:00,0.0,0.0,0.0
2020-02-01 00:00:00,0.69,0.0,0.0
2020-02-01 01:00:00,0.78,0.0,0.0
2020-02-01 02:00:00,0.78,0.0,0.0
2020-02-01 03:00:00,0.82,0.0,0.0
2020-02-01 04:00:00,0.85,0.0,0.0
2020-02-01 05:00:00,0.86,0.0,0.0
2020-02-01 06:00:00,0.76,0.0,0.0
2020-02-01 07:00:00,0.45,57.94107,0.8555555555555555
2020-02-01 08:00:00,0.41,234.34752,1.0
2020-02-01 09:00:00,0.17,432.85974,1.0
2020-02-01 10:00:00,0.4,571.217,1.0
2020-02-01 11:00:00,0.1,699.19543,1.0
2020-02-01 12:00:00,0.98,694.63055,1.0
2020-02-01 13:00:00,0.87,623.73395,1.0
2020-02-01 14:00:00,0.98,501.31012,1.0
2020-02-01 15:00:00,1.0,302.08356,1.0
2020-02-01 16:00:00,0.97,106.860405,1.0
2020-02-01 17:00:00,1.0,1.9878461,0.32611111111111113
2020-02-01 18:00:00,0.99,0.0,0.0
2020-02-01 19:00:00,1.0,0.0,0.0
2020-02-01 20:00:00,1.0,0.0,0.0
2020-02-01 21:00:00,1.0,0.0,0.0
2020-02-01 22:00:00,1.0,0.0,0.0
2020-02-01 23:00:00,1.0,0.0,0.0
2020-02-02 00:00:00,1.0,0.0,0.0
2020-02-02 01:00:00,1.0,0.0,0.0
2020-02-02 02:00:00,1.0,0.0,0.0
2020-02-02 03:00:00,1.0,0.0,0.0
2020-02-02 04:00:00,0.91,0.0,0.0
2020-02-02 05:00:00,0.36,0.0,0.0
2020-02-02 06:00:00,0.27,0.0,0.0
2020-02-02 07:00:00,0.24,67.385025,0.8708333333333333
2020-02-02 08:00:00,0.0,284.69257,1.0
2020-02-02 09:00:00,0.0,483.28622,1.0
2020-02-02 10:00:00,0.0,629.9628,1.0
2020-02-02 11:00:00,0.0,711.17194,1.0
2020-02-02 12:00:00,0.0,719.9649,1.0
2020-02-02 13:00:00,0.0,653.81415,1.0
2020-02-02 14:00:00,0.0,521.3974,1.0
2020-02-02 15:00:00,0.0,336.28778,1.0
2020-02-02 16:00:00,0.0,131.69173,1.0
2020-02-02 17:00:00,0.0,4.6073213,0.34555555555555556
2020-02-02 18:00:00,0.0,0.0,0.0
2020-02-02 19:00:00,0.0,0.0,0.0
2020-02-02 20:00:00,0.0,0.0,0.0
2020-02-02 21:00:00,0.0,0.0,0.0
2020-02-02 22:00:00,0.23,0.0,0.0
2020-02-02 23:00:00,0.16,0.0,0.0
2020-02-03 00:00:00,0.36,0.0,0.0
2020-02-03 01:00:00,0.83,0.0,0.0
2020-02-03 02:00:00,0.98,0.0,0.0
2020-02-03 03:00:00,0.99,0.0,0.0
2020-02-03 04:00:00,1.0,0.0,0.0
2020-02-03 05:00:00,1.0,0.0,0.0
2020-02-03 06:00:00,1.0,0.0,0.0
2020-02-03 07:00:00,1.0,4.9696155,0.8863888888888889
2020-02-03 08:00:00,1.0,27.829845,1.0
2020-02-03 09:00:00,1.0,54.66577,1.0
2020-02-03 10:00:00,1.0,103.368,1.0
2020-02-03 11:00:00,1.0,149.20613,1.0
2020-02-03 12:00:00,1.0,167.11565,1.0
2020-02-03 13:00:00,1.0,156.86125,1.0
2020-02-03 14:00:00,1.0,139.3703,1.0
2020-02-03 15:00:00,1.0,107.73045,1.0
2020-02-03 16:00:00,1.0,34.787308,1.0
2020-02-03 17:00:00,1.0,0.99392307,0.36527777777777776
2020-02-03 18:00:00,1.0,0.0,0.0
2020-02-03 19:00:00,1.0,0.0,0.0
2020-02-03 20:00:00,1.0,0.0,0.0
2020-02-03 21:00:00,1.0,0.0,0.0
2020-02-03 22:00:00,1.0,0.0,0.0
2020-02-03 23:00:00,1.0,0.0,0.0
2020-02-04 00:00:00,1.0,0.0,0.0
2020-02-04 01:00:00,1.0,0.0,0.0
2020-02-04 02:00:00,1.0,0.0,0.0
2020-02-04 03:00:00,1.0,0.0,0.0
2020-02-04 04:00:00,1.0,0.0,0.0
2020-02-04 05:00:00,1.0,0.0,0.0
2020-02-04 06:00:00,0.99,0.0,0.0
2020-02-04 07:00:00,1.0,25.287382,0.9027777777777778
2020-02-04 08:00:00,1.0,101.15823,1.0
2020-02-04 09:00:00,1.0,262.57532,1.0
2020-02-04 10:00:00,0.99,405.17654,1.0
2020-02-04 11:00:00,0.94,594.0996,1.0
2020-02-04 12:00:00,0.93,620.01904,1.0
2020-02-04 13:00:00,0.92,618.2402,1.0
2020-02-04 14:00:00,0.81,501.23016,1.0
2020-02-04 15:00:00,0.78,290.63608,1.0
2020-02-04 16:00:00,0.91,95.83632,1.0
2020-02-04 17:00:00,0.85,3.9756923,0.38472222222222224
2020-02-04 18:00:00,0.71,0.0,0.0
2020-02-04 19:00:00,0.42,0.0,0.0
2020-02-04 20:00:00,0.2,0.0,0.0
2020-02-04 21:00:00,0.04,0.0,0.0
2020-02-04 22:00:00,0.01,0.0,0.0
2020-02-04 23:00:00,0.0,0.0,0.0
2020-02-05 00:00:00,0.0,0.0,0.0
2020-02-05 01:00:00,0.02,0.0,0.0
2020-02-05 02:00:00,0.01,0.0,0.0
2020-02-05 03:00:00,0.0,0.0,0.0
2020-02-05 04:00:00,0.0,0.0,0.0
2020-02-05 05:00:00,0.0,0.0,0.0
2020-02-05 06:00:00,0.09,0.0,0.0
2020-02-05 07:00:00,0.08,82.20083,0.9197222222222222
2020-02-05 08:00:00,0.06,313.5598,1.0
2020-02-05 09:00:00,0.29,525.9584,1.0
2020-02-05 10:00:00,0.23,673.4299,1.0
2020-02-05 11:00:00,0.27,758.5967,1.0
2020-02-05 12:00:00,0.27,763.6342,1.0
2020-02-05 13:00:00,0.04,695.20496,1.0
2020-02-05 14:00:00,0.23,554.0481,1.0
2020-02-05 15:00:00,0.09,360.54108,1.0
2020-02-05 16:00:00,0.08,149.8928,1.0
2020-02-05 17:00:00,0.01,5.9743485,0.40444444444444444
2020-02-05 18:00:00,0.61,0.0,0.0
2020-02-05 19:00:00,0.24,0.0,0.0
2020-02-05 20:00:00,0.92,0.0,0.0
2020-02-05 21:00:00,0.99,0.0,0.0
2020-02-05 22:00:00,0.05,0.0,0.0
2020-02-05 23:00:00,0.0,0.0,0.0
2020-02-06 00:00:00,0.04,0.0,0.0
2020-02-06 01:00:00,0.55,0.0,0.0
2020-02-06 02:00:00,0.73,0.0,0.0
2020-02-06 03:00:00,0.87,0.0,0.0
2020-02-06 04:00:00,0.93,0.0,0.0
2020-02-06 05:00:00,0.82,0.0,0.0
2020-02-06 06:00:00,1.0,0.0,0.0
2020-02-06 07:00:00,0.9,42.17762,0.9369444444444445
2020-02-06 08:00:00,0.89,193.44022,1.0
2020-02-06 09:00:00,0.59,415.64365,1.0
2020-02-06 10:00:00,0.83,444.61765,1.0
2020-02-06 11:00:00,1.0,319.24545,1.0
2020-02-06 12:00:00,1.0,380.77667,1.0
2020-02-06 13:00:00,0.9,350.84003,1.0
2020-02-06 14:00:00,0.95,346.97632,1.0
2020-02-06 15:00:00,0.93,236.29234,1.0
2020-02-06 16:00:00,0.91,88.916595,1.0
2020-02-06 17:00:00,0.97,3.9756923,0.4241666666666667
2020-02-06 18:00:00,0.92,0.0,0.0
2020-02-06 19:00:00,0.99,0.0,0.0
2020-02-06 20:00:00,0.99,0.0,0.0
2020-02-06 21:00:00,1.0,0.0,0.0
2020-02-06 22:00:00,0.99,0.0,0.0
2020-02-06 23:00:00,1.0,0.0,0.0
2020-02-07 00:00:00,0.99,0.0,0.0
2020-02-07 01:00:00,1.0,0.0,0.0
2020-02-07 02:00:00,1.0,0.0,0.0
2020-02-07 03:00:00,0.97,0.0,0.0
2020-02-07 04:00:00,0.98,0.0,0.0
2020-02-07 05:00:00,0.88,0.0,0.0
2020-02-07 06:00:00,0.94,0.0,0.0
2020-02-07 07:00:00,1.0,19.878462,0.955
2020-02-07 08:00:00,1.0,89.02453,1.0
2020-02-07 09:00:00,0.99,113.66263,1.0
2020-02-07 10:00:00,0.99,242.41586,1.0
2020-02-07 11:00:00,1.0,389.2334,1.0
2020-02-07 12:00:00,0.98,341.7405,1.0
2020-02-07 13:00:00,0.81,485.53622,1.0
2020-02-07 14:00:00,1.0,408.43286,1.0
2020-02-07 15:00:00,1.0,183.4799,1.0
2020-02-07 16:00:00,1.0,55.415558,1.0
2020-02-07 17:00:00,1.0,3.9756923,0.4438888888888889
2020-02-07 18:00:00,0.98,0.0,0.0
2020-02-07 19:00:00,0.95,0.0,0.0
2020-02-07 20:00:00,0.82,0.0,0.0
2020-02-07 21:00:00,0.88,0.0,0.0
2020-02-07 22:00:00,0.98,0.0,0.0
2020-02-07 23:00:00,0.99,0.0,0.0
2020-02-08 00:00:00,0.61,0.0,0.0
2020-02-08 01:00:00,0.95,0.0,0.0
2020-02-08 02:00:00,0.7,0.0,0.0
2020-02-08 03:00:00,0.81,0.0,0.0
2020-02-08 04:00:00,0.65,0.0,0.0
2020-02-08 05:00:00,0.29,0.0,0.0
2020-02-08 06:00:00,0.64,0.0,0.0
2020-02-08 07:00:00,0.15,72.84035,0.9733333333333334
2020-02-08 08:00:00,0.56,270.8165,1.0
2020-02-08 09:00:00,0.04,525.53235,1.0
2020-02-08 10:00:00,0.0,685.16406,1.0
2020-02-08 11:00:00,0.01,771.2745,1.0
2020-02-08 12:00:00,0.0,779.0422,1.0
2020-02-08 13:00:00,0.0,711.9022,1.0
2020-02-08 14:00:00,0.0,574.6534,1.0
2020-02-08 15:00:00,0.0,388.9066,1.0
2020-02-08 16:00:00,0.0,163.61113,1.0
2020-02-08 17:00:00,0.0,9.138535,0.4638888888888889
2020-02-08 18:00:00,0.01,0.0,0.0
2020-02-08 19:00:00,0.0,0.0,0.0
2020-02-08 20:00:00,0.01,0.0,0.0
2020-02-08 21:00:00,0.6,0.0,0.0
2020-02-08 22:00:00,0.85,0.0,0.0
2020-02-08 23:00:00,1.0,0.0,0.0
2020-02-09 00:00:00,1.0,0.0,0.0
2020-02-09 01:00:00,1.0,0.0,0.0
2020-02-09 02:00:00,1.0,0.0,0.0
2020-02-09 03:00:00,0.98,0.0,0.0
2020-02-09 04:00:00,1.0,0.0,0.0
2020-02-09 05:00:00,0.97,0.0,0.0
2020-02-09 06:00:00,1.0,0.0,0.0
2020-02-09 07:00:00,1.0,15.902769,0.9922222222222222
2020-02-09 08:00:00,1.0,102.37408,1.0
2020-02-09 09:00:00,0.99,226.12978,1.0
2020-02-09 10:00:00,1.0,345.2352,1.0
2020-02-09 11:00:00,1.0,470.9393,1.0
2020-02-09 12:00:00,1.0,495.57526,1.0
2020-02-09 13:00:00,1.0,545.9302,1.0
2020-02-09 14:00:00,1.0,477.22183,1.0
2020-02-09 15:00:00,0.88,320.3634,1.0
2020-02-09 16:00:00,1.0,131.58038,1.0
2020-02-09 17:00:00,0.95,6.9574614,0.4836111111111111
2020-02-09 18:00:00,0.95,0.0,0.0
2020-02-09 19:00:00,0.72,0.0,0.0
2020-02-09 20:00:00,0.23,0.0,0.0
2020-02-09 21:00:00,0.01,0.0,0.0
2020-02-09 22:00:00,0.01,0.0,0.0
2020-02-09 23:00:00,0.01,0.0,0.0
2020-02-10 00:00:00,0.01,0.0,0.0
2020-02-10 01:00:00,0.0,0.0,0.0
2020-02-10 02:00:00,0.0,0.0,0.0
2020-02-10 03:00:00,0.01,0.0,0.0
2020-02-10 04:00:00,0.03,0.0,0.0
2020-02-10 05:00:00,0.36,0.0,0.0
2020-02-10 06:00:00,0.18,0.0,0.011666666666666667
2020-02-10 07:00:00,0.06,78.58946,1.0
2020-02-10 08:00:00,0.15,267.78647,1.0
2020-02-10 09:00:00,0.65,305.3735,1.0
2020-02-10 10:00:00,0.97,322.6933,1.0
2020-02-10 11:00:00,0.91,399.003,1.0
2020-02-10 12:00:00,0.85,482.90555,1.0
2020-02-10 13:00:00,0.83,424.36697,1.0
2020-02-10 14:00:00,0.94,297.52084,1.0
2020-02-10 15:00:00,1.0,241.36829,1.0
2020-02-10 16:00:00,0.88,80.4966,1.0
2020-02-10 17:00:00,0.92,5.963538,0.5033333333333333
2020-02-10 18:00:00,0.99,0.0,0.0
2020-02-10 19:00:00,1.0,0.0,0.0
2020-02-10 20:00:00,1.0,0.0,0.0
2020-02-10 21:00:00,1.0,0.0,0.0
2020-02-10 22:00:00,1.0,0.0,0.0
2020-02-10 23:00:00,1.0,0.0,0.0
2020-02-11 00:00:00,1.0,0.0,0.0
2020-02-11 01:00:00,0.98,0.0,0.0
2020-02-11 02:00:00,0.97,0.0,0.0
2020-02-11 03:00:00,0.79,0.0,0.0
2020-02-11 04:00:00,0.69,0.0,0.0
2020-02-11 05:00:00,0.9,0.0,0.0
2020-02-11 06:00:00,0.57,0.0,0.03138888888888889
2020-02-11 07:00:00,0.01,103.86649,1.0
2020-02-11 08:00:00,0.0,344.7901,1.0
2020-02-11 09:00:00,0.0,560.7646,1.0
2020-02-11 10:00:00,0.01,722.9136,1.0
2020-02-11 11:00:00,0.0,812.3841,1.0
2020-02-11 12:00:00,0.0,821.36835,1.0
2020-02-11 13:00:00,0.0,750.582,1.0
2020-02-11 14:00:00,0.0,609.9896,1.0
2020-02-11 15:00:00,0.0,412.0881,1.0
2020-02-11 16:00:00,0.0,182.57343,1.0
2020-02-11 17:00:00,0.0,14.760478,0.5230555555555556
2020-02-11 18:00:00,0.0,0.0,0.0
2020-02-11 19:00:00,0.0,0.0,0.0
2020-02-11 20:00:00,0.0,0.0,0.0
2020-02-11 21:00:00,0.01,0.0,0.0
2020-02-11 22:00:00,0.32,0.0,0.0
2020-02-11 23:00:00,0.81,0.0,0.0
2020-02-12 00:00:00,0.99,0.0,0.0
2020-02-12 01:00:00,0.75,0.0,0.0
2020-02-12 02:00:00,0.01,0.0,0.0
2020-02-12 03:00:00,0.01,0.0,0.0
2020-02-12 04:00:00,0.01,0.0,0.0
2020-02-12 05:00:00,0.0,0.0,0.0
2020-02-12 06:00:00,0.11,0.0,0.05138888888888889
2020-02-12 07:00:00,0.5,85.09432,1.0
2020-02-12 08:00:00,0.64,270.4835,1.0
2020-02-12 09:00:00,0.87,404.59503,1.0
2020-02-12 10:00:00,0.95,457.49442,1.0
2020-02-12 11:00:00,1.0,499.27103,1.0
2020-02-12 12:00:00,0.92,615.2826,1.0
2020-02-12 13:00:00,0.87,510.55426,1.0
2020-02-12 14:00:00,0.72,347.55566,1.0
2020-02-12 15:00:00,0.9,229.56653,1.0
2020-02-12 16:00:00,0.93,87.27594,1.0
2020-02-12 17:00:00,0.92,9.225377,0.5427777777777778
2020-02-12 18:00:00,0.98,0.0,0.0
2020-02-12 19:00:00,0.89,0.0,0.0
2020-02-12 20:00:00,1.0,0.0,0.0
2020-02-12 21:00:00,0.98,0.0,0.0
2020-02-12 22:00:00,1.0,0.0,0.0
2020-02-12 23:00:00,0.98,0.0,0.0
2020-02-13 00:00:00,0.96,0.0,0.0
2020-02-13 01:00:00,0.87,0.0,0.0
2020-02-13 02:00:00,0.89,0.0,0.0
2020-02-13 03:00:00,0.73,0.0,0.0
2020-02-13 04:00:00,0.98,0.0,0.0
2020-02-13 05:00:00,0.79,0.0,0.0
2020-02-13 06:00:00,0.87,0.0,0.07194444444444445
2020-02-13 07:00:00,0.94,52.34492,1.0
2020-02-13 08:00:00,0.68,185.8446,1.0
2020-02-13 09:00:00,0.66,388.1451,1.0
2020-02-13 10:00:00,0.66,551.5271,1.0
2020-02-13 11:00:00,0.51,762.25555,1.0
2020-02-13 12:00:00,0.64,772.13965,1.0
2020-02-13 13:00:00,0.68,686.664,1.0
2020-02-13 14:00:00,0.44,582.89606,1.0
2020-02-13 15:00:00,0.22,400.80353,1.0
2020-02-13 16:00:00,0.11,178.07541,1.0
2020-02-13 17:00:00,0.13,15.189823,0.5625
2020-02-13 18:00:00,0.19,0.0,0.0
2020-02-13 19:00:00,0.1,0.0,0.0
2020-02-13 20:00:00,0.03,0.0,0.0
2020-02-13 21:00:00,0.01,0.0,0.0
2020-02-13 22:00:00,0.0,0.0,0.0
2020-02-13 23:00:00,0.0,0.0,0.0
2020-02-14 00:00:00,0.0,0.0,0.0
2020-02-14 01:00:00,0.0,0.0,0.0
2020-02-14 02:00:00,0.0,0.0,0.0
2020-02-14 03:00:00,0.0,0.0,0.0
2020-02-14 04:00:00,0.0,0.0,0.0
2020-02-14 05:00:00,0.0,0.0,0.0
2020-02-14 06:00:00,0.73,0.0,0.0925
2020-02-14 07:00:00,0.45,113.302765,1.0
2020-02-14 08:00:00,0.0,346.02438,1.0
2020-02-14 09:00:00,0.0,552.84314,1.0
2020-02-14 10:00:00,0.59,708.3824,1.0
2020-02-14 11:00:00,0.11,796.5725,1.0
2020-02-14 12:00:00,0.03,813.6295,1.0
2020-02-14 13:00:00,0.02,748.3691,1.0
2020-02-14 14:00:00,0.29,603.67474,1.0
2020-02-14 15:00:00,0.3,414.42206,1.0
2020-02-14 16:00:00,0.0,190.85687,1.0
2020-02-14 17:00:00,0.0,17.752274,0.5822222222222222
2020-02-14 18:00:00,0.0,0.0,0.0
2020-02-14 19:00:00,0.0,0.0,0.0
2020-02-14 20:00:00,0.0,0.0,0.0
2020-02-14 21:00:00,0.0,0.0,0.0
2020-02-14 22:00:00,0.0,0.0,0.0
2020-02-14 23:00:00,0.2,0.0,0.0
2020-02-15 00:00:00,0.0,0.0,0.0
2020-02-15 01:00:00,0.0,0.0,0.0
2020-02-15 02:00:00,0.0,0.0,0.0
2020-02-15 03:00:00,0.0,0.0,0.0
2020-02-15 04:00:00,0.0,0.0,0.0
2020-02-15 05:00:00,0.22,0.0,0.0
2020-02-15 06:00:00,0.27,0.0,0.11361111111111111
2020-02-15 07:00:00,0.05,119.8482,1.0
2020-02-15 08:00:00,0.0,356.65317,1.0
2020-02-15 09:00:00,0.0,566.41437,1.0
2020-02-15 10:00:00,0.0,719.66284,1.0
2020-02-15 11:00:00,0.0,807.93,1.0
2020-02-15 12:00:00,0.0,816.4793,1.0
2020-02-15 13:00:00,0.2,742.95374,1.0
2020-02-15 14:00:00,0.42,543.5524,1.0
2020-02-15 15:00:00,0.0,419.0763,1.0
2020-02-15 16:00:00,0.0,189.71036,1.0
2020-02-15 17:00:00,0.01,19.768156,0.6019444444444444
2020-02-15 18:00:00,0.02,0.0,0.0
2020-02-15 19:00:00,0.47,0.0,0.0
2020-02-15 20:00:00,0.52,0.0,0.0
2020-02-15 21:00:00,0.62,0.0,0.0
2020-02-15 22:00:00,0.45,0.0,0.0
2020-02-15 23:00:00,0.01,0.0,0.0
2020-02-16 00:00:00,0.02,0.0,0.0
2020-02-16 01:00:00,0.0,0.0,0.0
2020-02-16 02:00:00,0.0,0.0,0.0
2020-02-16 03:00:00,0.03,0.0,0.0
2020-02-16 04:00:00,0.21,0.0,0.0
2020-02-16 05:00:00,0.53,0.0,0.0
2020-02-16 06:00:00,0.77,0.0,0.135
2020-02-16 07:00:00,0.54,93.73541,1.0
2020-02-16 08:00:00,0.96,233.76013,1.0
2020-02-16 09:00:00,0.93,512.7523,1.0
2020-02-16 10:00:00,0.67,655.0563,1.0
2020-02-16 11:00:00,0.39,795.7811,1.0
2020-02-16 12:00:00,0.91,743.3082,1.0
2020-02-16 13:00:00,0.89,694.48157,1.0
2020-02-16 14:00:00,0.92,534.2176,1.0
2020-02-16 15:00:00,0.1,404.43228,1.0
2020-02-16 16:00:00,0.48,191.25902,1.0
2020-02-16 17:00:00,0.28,17.645369,0.6213888888888889
2020-02-16 18:00:00,0.88,0.0,0.0
2020-02-16 19:00:00,0.28,0.0,0.0
2020-02-16 20:00:00,0.65,0.0,0.0
2020-02-16 21:00:00,0.18,0.0,0.0
2020-02-16 22:00:00,0.01,0.0,0.0
2020-02-16 23:00:00,0.0,0.0,0.0
2020-02-17 00:00:00,0.0,0.0,0.0
2020-02-17 01:00:00,0.4,0.0,0.0
2020-02-17 02:00:00,0.28,0.0,0.0
2020-02-17 03:00:00,0.12,0.0,0.0
2020-02-17 04:00:00,0.02,0.0,0.0
2020-02-17 05:00:00,0.01,0.0,0.0
2020-02-17 06:00:00,0.04,0.0,0.15666666666666668
2020-02-17 07:00:00,0.04,115.27025,1.0
2020-02-17 08:00:00,0.48,248.21918,1.0
2020-02-17 09:00:00,0.62,378.71674,1.0
2020-02-17 10:00:00,0.71,543.68463,1.0
2020-02-17 11:00:00,0.85,667.2785,1.0
2020-02-17 12:00:00,0.62,624.5921,1.0
2020-02-17 13:00:00,0.83,582.8946,1.0
2020-02-17 14:00:00,0.86,402.80853,1.0
2020-02-17 15:00:00,0.93,214.50975,1.0
2020-02-17 16:00:00,0.93,99.58475,1.0
2020-02-17 17:00:00,0.96,8.118165,0.6408333333333334
2020-02-17 18:00:00,1.0,0.0,0.0
2020-02-17 19:00:00,1.0,0.0,0.0
2020-02-17 20:00:00,1.0,0.0,0.0
2020-02-17 21:00:00,1.0,0.0,0.0
2020-02-17 22:00:00,0.99,0.0,0.0
2020-02-17 23:00:00,1.0,0.0,0.0
2020-02-18 00:00:00,1.0,0.0,0.0
2020-02-18 01:00:00,1.0,0.0,0.0
2020-02-18 02:00:00,1.0,0.0,0.0
2020-02-18 03:00:00,1.0,0.0,0.0
2020-02-18 04:00:00,0.99,0.0,0.0
2020-02-18 05:00:00,1.0,0.0,0.0
2020-02-18 06:00:00,0.16,0.0,0.17833333333333334
2020-02-18 07:00:00,0.02,127.86148,1.0
2020-02-18 08:00:00,0.06,342.44397,1.0
2020-02-18 09:00:00,1.0,525.66595,1.0
2020-02-18 10:00:00,0.92,500.28812,1.0
2020-02-18 11:00:00,0.97,603.53906,1.0
2020-02-18 12:00:00,0.77,707.42554,1.0
2020-02-18 13:00:00,0.92,686.2587,1.0
2020-02-18 14:00:00,0.95,526.4126,1.0
2020-02-18 15:00:00,0.91,355.02692,1.0
2020-02-18 16:00:00,0.95,148.02074,1.0
2020-02-18 17:00:00,0.97,16.344912,0.66
2020-02-18 18:00:00,0.95,0.0,0.0
2020-02-18 19:00:00,0.9,0.0,0.0
2020-02-18 20:00:00,0.8,0.0,0.0
2020-02-18 21:00:00,0.72,0.0,0.0
2020-02-18 22:00:00,0.58,0.0,0.0
2020-02-18 23:00:00,0.42,0.0,0.0
2020-02-19 00:00:00,0.3,0.0,0.0
2020-02-19 01:00:00,0.16,0.0,0.0
2020-02-19 02:00:00,0.19,0.0,0.0
2020-02-19 03:00:00,0.07,0.0,0.0
2020-02-19 04:00:00,0.07,0.0,0.0
2020-02-19 05:00:00,0.08,0.0,0.0
2020-02-19 06:00:00,0.32,0.0,0.20027777777777778
2020-02-19 07:00:00,0.4,117.72442,1.0
2020-02-19 08:00:00,0.42,280.89688,1.0
2020-02-19 09:00:00,0.64,399.971,1.0
2020-02-19 10:00:00,0.75,400.26382,1.0
2020-02-19 11:00:00,0.96,479.2061,1.0
2020-02-19 12:00:00,0.98,471.33026,1.0
2020-02-19 13:00:00,1.0,412.84174,1.0
2020-02-19 14:00:00,0.99,302.55313,1.0
2020-02-19 15:00:00,0.97,149.7177,1.0
2020-02-19 16:00:00,0.99,83.63542,1.0
2020-02-19 17:00:00,1.0,7.9513845,0.6791666666666667
2020-02-19 18:00:00,1.0,0.0,0.0
2020-02-19 19:00:00,1.0,0.0,0.0
2020-02-19 20:00:00,1.0,0.0,0.0
2020-02-19 21:00:00,0.97,0.0,0.0
2020-02-19 22:00:00,0.96,0.0,0.0
2020-02-19 23:00:00,0.99,0.0,0.0
2020-02-20 00:00:00,0.96,0.0,0.0
2020-02-20 01:00:00,1.0,0.0,0.0
2020-02-20 02:00:00,0.95,0.0,0.0
2020-02-20 03:00:00,0.85,0.0,0.0
2020-02-20 04:00:00,0.65,0.0,0.0
2020-02-20 05:00:00,0.44,0.0,0.0
2020-02-20 06:00:00,0.28,0.0,0.2225
2020-02-20 07:00:00,0.0,150.48412,1.0
2020-02-20 08:00:00,0.0,401.47467,1.0
2020-02-20 09:00:00,0.0,621.14886,1.0
2020-02-20 10:00:00,0.0,779.4866,1.0
2020-02-20 11:00:00,0.0,861.1493,1.0
2020-02-20 12:00:00,0.0,869.83636,1.0
2020-02-20 13:00:00,0.0,800.0994,1.0
2020-02-20 14:00:00,0.0,657.6261,1.0
2020-02-20 15:00:00,0.0,457.34003,1.0
2020-02-20 16:00:00,0.0,222.06569,1.0
2020-02-20 17:00:00,0.0,28.50534,0.6983333333333334
2020-02-20 18:00:00,0.0,0.0,0.0
2020-02-20 19:00:00,0.0,0.0,0.0
2020-02-20 20:00:00,0.0,0.0,0.0
2020-02-20 21:00:00,0.0,0.0,0.0
2020-02-20 22:00:00,0.0,0.0,0.0
2020-02-20 23:00:00,0.0,0.0,0.0
2020-02-21 00:00:00,0.0,0.0,0.0
2020-02-21 01:00:00,0.0,0.0,0.0
2020-02-21 02:00:00,0.0,0.0,0.0
2020-02-21 03:00:00,0.0,0.0,0.0
2020-02-21 04:00:00,0.0,0.0,0.0
2020-02-21 05:00:00,0.0,0.0,0.0
2020-02-21 06:00:00,0.0,0.0,0.24472222222222223
2020-02-21 07:00:00,0.0,160.63374,1.0
2020-02-21 08:00:00,0.0,407.39362,1.0
2020-02-21 09:00:00,0.0,625.2111,1.0
2020-02-21 10:00:00,0.0,781.1682,1.0
2020-02-21 11:00:00,0.0,863.0461,1.0
2020-02-21 12:00:00,0.0,865.6356,1.0
2020-02-21 13:00:00,0.02,790.6518,1.0
2020-02-21 14:00:00,0.57,607.1819,1.0
2020-02-21 15:00:00,0.63,406.7443,1.0
2020-02-21 16:00:00,0.0,217.32416,1.0
2020-02-21 17:00:00,0.0,29.247307,0.7172222222222222
2020-02-21 18:00:00,0.0,0.0,0.0
2020-02-21 19:00:00,0.0,0.0,0.0
2020-02-21 20:00:00,0.0,0.0,0.0
2020-02-21 21:00:00,0.0,0.0,0.0
2020-02-21 22:00:00,0.04,0.0,0.0
2020-02-21 23:00:00,0.01,0.0,0.0
2020-02-22 00:00:00,0.81,0.0,0.0
2020-02-22 01:00:00,0.63,0.0,0.0
2020-02-22 02:00:00,0.49,0.0,0.0
2020-02-22 03:00:00,0.6,0.0,0.0
2020-02-22 04:00:00,0.7,0.0,0.0
2020-02-22 05:00:00,0.95,0.0,0.0
2020-02-22 06:00:00,0.95,0.0,0.26694444444444443
2020-02-22 07:00:00,0.9,118.6046,1.0
2020-02-22 08:00:00,0.9,328.16495,1.0
2020-02-22 09:00:00,0.76,543.32715,1.0
2020-02-22 10:00:00,0.9,690.35376,1.0
2020-02-22 11:00:00,0.98,734.85425,1.0
2020-02-22 12:00:00,0.94,748.3335,1.0
2020-02-22 13:00:00,0.99,602.7396,1.0
2020-02-22 14:00:00,0.99,517.1377,1.0
2020-02-22 15:00:00,0.98,330.04474,1.0
2020-02-22 16:00:00,1.0,155.99188,1.0
2020-02-22 17:00:00,1.0,18.963007,0.7361111111111112
2020-02-22 18:00:00,0.97,0.0,0.0
2020-02-22 19:00:00,1.0,0.0,0.0
2020-02-22 20:00:00,1.0,0.0,0.0
2020-02-22 21:00:00,0.99,0.0,0.0
2020-02-22 22:00:00,1.0,0.0,0.0
2020-02-22 23:00:00,0.92,0.0,0.0
2020-02-23 00:00:00,0.92,0.0,0.0
2020-02-23 01:00:00,0.98,0.0,0.0
2020-02-23 02:00:00,0.79,0.0,0.0
2020-02-23 03:00:00,0.86,0.0,0.0
2020-02-23 04:00:00,1.0,0.0,0.0
2020-02-23 05:00:00,1.0,0.0,0.0
2020-02-23 06:00:00,1.0,0.99392307,0.28944444444444445
2020-02-23 07:00:00,0.99,27.829845,1.0
2020-02-23 08:00:00,0.97,78.51992,1.0
2020-02-23 09:00:00,1.0,163.00339,1.0
2020-02-23 10:00:00,0.99,261.2075,1.0
2020-02-23 11:00:00,0.97,259.03516,1.0
2020-02-23 12:00:00,1.0,317.80417,1.0
2020-02-23 13:00:00,1.0,371.35333,1.0
2020-02-23 14:00:00,1.0,323.69553,1.0
2020-02-23 15:00:00,1.0,234.13806,1.0
2020-02-23 16:00:00,1.0,121.3432,1.0
2020-02-23 17:00:00,1.0,30.7634,0.7547222222222222
2020-02-23 18:00:00,0.21,0.0,0.0
2020-02-23 19:00:00,0.75,0.0,0.0
2020-02-23 20:00:00,0.46,0.0,0.0
2020-02-23 21:00:00,0.63,0.0,0.0
2020-02-23 22:00:00,0.17,0.0,0.0
2020-02-23 23:00:00,0.03,0.0,0.0
2020-02-24 00:00:00,0.0,0.0,0.0
2020-02-24 01:00:00,0.0,0.0,0.0
2020-02-24 02:00:00,0.0,0.0,0.0
2020-02-24 03:00:00,0.0,0.0,0.0
2020-02-24 04:00:00,0.0,0.0,0.0
2020-02-24 05:00:00,0.0,0.0,0.0
2020-02-24 06:00:00,0.06,4.990012,0.3125
2020-02-24 07:00:00,0.16,142.12488,1.0
2020-02-24 08:00:00,0.83,327.50595,1.0
2020-02-24 09:00:00,0.59,516.8059,1.0
2020-02-24 10:00:00,0.0,803.52356,1.0
2020-02-24 11:00:00,0.03,862.5339,1.0
2020-02-24 12:00:00,0.29,778.61145,1.0
2020-02-24 13:00:00,0.36,759.88007,1.0
2020-02-24 14:00:00,0.32,604.6648,1.0
2020-02-24 15:00:00,0.27,431.26318,1.0
2020-02-24 16:00:00,0.5,177.87044,1.0
2020-02-24 17:00:00,0.69,29.353163,0.7733333333333333
2020-02-24 18:00:00,0.49,0.0,0.0
2020-02-24 19:00:00,0.45,0.0,0.0
2020-02-24 20:00:00,0.49,0.0,0.0
2020-02-24 21:00:00,0.63,0.0,0.0
2020-02-24 22:00:00,0.68,0.0,0.0
2020-02-24 23:00:00,0.8,0.0,0.0
2020-02-25 00:00:00,0.97,0.0,0.0
2020-02-25 01:00:00,0.13,0.0,0.0
2020-02-25 02:00:00,0.56,0.0,0.0
2020-02-25 03:00:00,0.69,0.0,0.0
2020-02-25 04:00:00,0.46,0.0,0.0
2020-02-25 05:00:00,0.47,0.0,0.0
2020-02-25 06:00:00,0.6,2.981769,0.33611111111111114
2020-02-25 07:00:00,0.96,95.01145,1.0
2020-02-25 08:00:00,1.0,212.45699,1.0
2020-02-25 09:00:00,1.0,255.40443,1.0
2020-02-25 10:00:00,1.0,391.87515,1.0
2020-02-25 11:00:00,0.97,543.165,1.0
2020-02-25 12:00:00,0.92,630.4894,1.0
2020-02-25 13:00:00,0.99,540.6161,1.0
2020-02-25 14:00:00,0.91,397.74637,1.0
2020-02-25 15:00:00,0.7,354.24936,1.0
2020-02-25 16:00:00,0.46,190.3828,1.0
2020-02-25 17:00:00,0.27,33.27102,0.7919444444444445
2020-02-25 18:00:00,0.05,0.0,0.0
2020-02-25 19:00:00,0.04,0.0,0.0
2020-02-25 20:00:00,0.06,0.0,0.0
2020-02-25 21:00:00,0.01,0.0,0.0
2020-02-25 22:00:00,0.0,0.0,0.0
2020-02-25 23:00:00,0.0,0.0,0.0
2020-02-26 00:00:00,0.0,0.0,0.0
2020-02-26 01:00:00,0.0,0.0,0.0
2020-02-26 02:00:00,0.05,0.0,0.0
2020-02-26 03:00:00,0.02,0.0,0.0
2020-02-26 04:00:00,0.0,0.0,0.0
2020-02-26 05:00:00,0.0,0.0,0.0
2020-02-26 06:00:00,0.0,7.4992476,0.3597222222222222
2020-02-26 07:00:00,0.01,180.68752,1.0
2020-02-26 08:00:00,0.0,423.4043,1.0
2020-02-26 09:00:00,0.0,633.9178,1.0
2020-02-26 10:00:00,0.0,787.17786,1.0
2020-02-26 11:00:00,0.0,867.3158,1.0
2020-02-26 12:00:00,0.45,798.6501,1.0
2020-02-26 13:00:00,1.0,647.8534,1.0
2020-02-26 14:00:00,1.0,333.17416,1.0
2020-02-26 15:00:00,0.81,324.5285,1.0
2020-02-26 16:00:00,0.29,233.89098,1.0
2020-02-26 17:00:00,0.01,37.188778,0.8102777777777778
2020-02-26 18:00:00,0.0,0.0,0.0
2020-02-26 19:00:00,0.0,0.0,0.0
2020-02-26 20:00:00,0.0,0.0,0.0
2020-02-26 21:00:00,0.0,0.0,0.0
2020-02-26 22:00:00,0.17,0.0,0.0
2020-02-26 23:00:00,1.0,0.0,0.0
2020-02-27 00:00:00,0.99,0.0,0.0
2020-02-27 01:00:00,0.67,0.0,0.0
2020-02-27 02:00:00,0.85,0.0,0.0
2020-02-27 03:00:00,0.67,0.0,0.0
2020-02-27 04:00:00,0.9,0.0,0.0
2020-02-27 05:00:00,0.07,0.0,0.0
2020-02-27 06:00:00,0.28,5.6297493,0.38416666666666666
2020-02-27 07:00:00,0.79,125.9436,1.0
2020-02-27 08:00:00,0.97,242.44545,1.0
2020-02-27 09:00:00,0.57,485.86514,1.0
2020-02-27 10:00:00,0.29,727.442,1.0
2020-02-27 11:00:00,0.12,829.0983,1.0
2020-02-27 12:00:00,0.04,863.1907,1.0
2020-02-27 13:00:00,0.18,783.7104,1.0
2020-02-27 14:00:00,0.37,647.07635,1.0
2020-02-27 15:00:00,0.33,450.52036,1.0
2020-02-27 16:00:00,0.21,231.70633,1.0
2020-02-27 17:00:00,0.25,36.873623,0.8288888888888889
2020-02-27 18:00:00,0.39,0.0,0.0
2020-02-27 19:00:00,0.65,0.0,0.0
2020-02-27 20:00:00,0.58,0.0,0.0
2020-02-27 21:00:00,0.0,0.0,0.0
2020-02-27 22:00:00,0.0,0.0,0.0
2020-02-27 23:00:00,0.0,0.0,0.0
2020-02-28 00:00:00,0.0,0.0,0.0
2020-02-28 01:00:00,0.0,0.0,0.0
2020-02-28 02:00:00,0.0,0.0,0.0
2020-02-28 03:00:00,0.0,0.0,0.0
2020-02-28 04:00:00,0.0,0.0,0.0
2020-02-28 05:00:00,0.0,0.0,0.0
2020-02-28 06:00:00,0.0,9.073923,0.4086111111111111
2020-02-28 07:00:00,0.0,187.99893,1.0
2020-02-28 08:00:00,0.0,429.83505,1.0
2020-02-28 09:00:00,0.0,639.23157,1.0
2020-02-28 10:00:00,0.0,792.53986,1.0
2020-02-28 11:00:00,0.0,875.37415,1.0
2020-02-28 12:00:00,0.0,880.84845,1.0
2020-02-28 13:00:00,0.0,809.1459,1.0
2020-02-28 14:00:00,0.0,667.0428,1.0
2020-02-28 15:00:00,0.0,469.86777,1.0
2020-02-28 16:00:00,0.0,240.69534,1.0
2020-02-28 17:00:00,0.0,41.577656,0.8472222222222222
2020-02-28 18:00:00,0.0,0.0,0.0
2020-02-28 19:00:00,0.0,0.0,0.0
2020-02-28 20:00:00,0.31,0.0,0.0
2020-02-28 21:00:00,0.85,0.0,0.0
2020-02-28 22:00:00,0.97,0.0,0.0
2020-02-28 23:00:00,0.99,0.0,0.0
2020-02-29 00:00:00,0.99,0.0,0.0
2020-02-29 01:00:00,0.77,0.0,0.0
2020-02-29 02:00:00,0.03,0.0,0.0
2020-02-29 03:00:00,0.99,0.0,0.0
2020-02-29 04:00:00,0.99,0.0,0.0
2020-02-29 05:00:00,1.0,0.0,0.0
2020-02-29 06:00:00,1.0,4.9696155,0.43333333333333335
2020-02-29 07:00:00,1.0,81.33314,1.0
2020-02-29 08:00:00,1.0,225.3205,1.0
2020-02-29 09:00:00,1.0,374.15396,1.0
2020-02-29 10:00:00,1.0,457.0032,1.0
2020-02-29 11:00:00,1.0,477.1954,1.0
2020-02-29 12:00:00,1.0,510.3343,1.0
2020-02-29 13:00:00,1.0,557.3828,1.0
2020-02-29 14:00:00,1.0,491.11093,1.0
2020-02-29 15:00:00,0.95,303.31638,1.0
2020-02-29 16:00:00,0.94,184.31721,1.0
2020-02-29 17:00:00,0.65,41.430115,0.8655555555555555
2020-02-29 18:00:00,0.69,0.0,0.0
2020-02-29 19:00:00,0.54,0.0,0.0
2020-02-29 20:00:00,0.71,0.0,0.0
2020-02-29 21:00:00,0.79,0.0,0.0
2020-02-29 22:00:00,0.63,0.0,0.0
2020-02-29 23:00:00,0.55,0.0,0.0
2020-03-01 00:00:00,0.42,0.0,0.0
2020-03-01 01:00:00,0.82,0.0,0.0
2020-03-01 02:00:00,0.91,0.0,0.0
2020-03-01 03:00:00,0.79,0.0,0.0
2020-03-01 04:00:00,0.61,0.0,0.0
2020-03-01 05:00:00,0.29,0.0,0.0
2020-03-01 06:00:00,0.0,12.092742,0.45861111111111114
2020-03-01 07:00:00,0.02,191.39845,1.0
2020-03-01 08:00:00,0.34,369.89163,1.0
2020-03-01 09:00:00,0.27,559.4463,1.0
2020-03-01 10:00:00,0.13,760.75885,1.0
2020-03-01 11:00:00,0.53,723.90546,1.0
2020-03-01 12:00:00,0.97,595.90826,1.0
2020-03-01 13:00:00,0.95,490.9342,1.0
2020-03-01 14:00:00,0.88,498.3829,1.0
2020-03-01 15:00:00,0.53,371.4737,1.0
2020-03-01 16:00:00,0.77,163.19366,1.0
2020-03-01 17:00:00,0.67,19.814518,0.8836111111111111
2020-03-01 18:00:00,0.99,0.0,0.0
2020-03-01 19:00:00,1.0,0.0,0.0
2020-03-01 20:00:00,0.98,0.0,0.0
2020-03-01 21:00:00,0.97,0.0,0.0
2020-03-01 22:00:00,0.98,0.0,0.0
2020-03-01 23:00:00,0.98,0.0,0.0
2020-03-02 00:00:00,0.99,0.0,0.0
2020-03-02 01:00:00,0.77,0.0,0.0
2020-03-02 02:00:00,0.97,0.0,0.0
2020-03-02 03:00:00,1.0,0.0,0.0
2020-03-02 04:00:00,0.98,0.0,0.0
2020-03-02 05:00:00,0.93,0.0,0.0
2020-03-02 06:00:00,0.82,8.569717,0.48388888888888887
2020-03-02 07:00:00,0.04,116.78647,1.0
2020-03-02 08:00:00,0.31,257.93958,1.0
2020-03-02 09:00:00,0.43,422.58066,1.0
2020-03-02 10:00:00,0.36,709.57764,1.0
2020-03-02 11:00:00,0.34,832.2644,1.0
2020-03-02 12:00:00,0.06,875.3277,1.0
2020-03-02 13:00:00,0.07,813.06287,1.0
2020-03-02 14:00:00,0.56,653.0059,1.0
2020-03-02 15:00:00,0.95,381.2661,1.0
2020-03-02 16:00:00,0.96,201.64943,1.0
2020-03-02 17:00:00,0.66,46.69879,0.9019444444444444
2020-03-02 18:00:00,0.0,0.0,0.0
2020-03-02 19:00:00,0.0,0.0,0.0
2020-03-02 20:00:00,0.0,0.0,0.0
2020-03-02 21:00:00,0.0,0.0,0.0
2020-03-02 22:00:00,0.0,0.0,0.0
2020-03-02 23:00:00,0.0,0.0,0.0
2020-03-03 00:00:00,0.0,0.0,0.0
2020-03-03 01:00:00,0.0,0.0,0.0
2020-03-03 02:00:00,0.0,0.0,0.0
2020-03-03 03:00:00,0.0,0.0,0.0
2020-03-03 04:00:00,0.0,0.0,0.0
2020-03-03 05:00:00,0.0,0.0,0.0
2020-03-03 06:00:00,0.0,17.09121,0.5094444444444445
2020-03-03 07:00:00,0.0,211.75153,1.0
2020-03-03 08:00:00,0.01,451.13208,1.0
2020-03-03 09:00:00,0.0,657.6773,1.0
2020-03-03 10:00:00,0.0,805.07324,1.0
2020-03-03 11:00:00,0.01,880.8245,1.0
2020-03-03 12:00:00,0.01,886.7993,1.0
2020-03-03 13:00:00,0.01,817.60724,1.0
2020-03-03 14:00:00,0.0,679.51074,1.0
2020-03-03 15:00:00,0.37,485.8459,1.0
2020-03-03 16:00:00,0.34,259.7931,1.0
2020-03-03 17:00:00,0.32,51.01478,0.92
2020-03-03 18:00:00,0.01,0.0,0.0
2020-03-03 19:00:00,0.26,0.0,0.0
2020-03-03 20:00:00,0.28,0.0,0.0
2020-03-03 21:00:00,0.0,0.0,0.0
2020-03-03 22:00:00,0.0,0.0,0.0
2020-03-03 23:00:00,0.0,0.0,0.0
2020-03-04 00:00:00,0.0,0.0,0.0
2020-03-04 01:00:00,0.0,0.0,0.0
2020-03-04 02:00:00,0.0,0.0,0.0
2020-03-04 03:00:00,0.01,0.0,0.0
2020-03-04 04:00:00,0.0,0.0,0.0
2020-03-04 05:00:00,0.0,0.0,0.0
2020-03-04 06:00:00,0.0,20.90708,0.535
2020-03-04 07:00:00,0.0,226.08257,1.0
2020-03-04 08:00:00,0.0,470.9323,1.0
2020-03-04 09:00:00,0.0,675.57916,1.0
2020-03-04 10:00:00,0.03,826.6213,1.0
2020-03-04 11:00:00,0.01,903.4972,1.0
2020-03-04 12:00:00,0.0,904.1285,1.0
2020-03-04 13:00:00,0.06,835.4731,1.0
2020-03-04 14:00:00,0.52,679.21014,1.0
2020-03-04 15:00:00,0.43,481.42422,1.0
2020-03-04 16:00:00,0.0,255.4731,1.0
2020-03-04 17:00:00,0.0,50.546013,0.9377777777777778
2020-03-04 18:00:00,0.0,0.0,0.0
2020-03-04 19:00:00,0.0,0.0,0.0
2020-03-04 20:00:00,0.28,0.0,0.0
2020-03-04 21:00:00,0.04,0.0,0.0
2020-03-04 22:00:00,0.11,0.0,0.0
2020-03-04 23:00:00,0.0,0.0,0.0
2020-03-05 00:00:00,0.0,0.0,0.0
2020-03-05 01:00:00,0.0,0.0,0.0
2020-03-05 02:00:00,0.22,0.0,0.0
2020-03-05 03:00:00,0.84,0.0,0.0
2020-03-05 04:00:00,0.05,0.0,0.0
2020-03-05 05:00:00,0.13,0.0,0.0
2020-03-05 06:00:00,0.16,14.354962,0.5608333333333333
2020-03-05 07:00:00,0.03,168.05003,1.0
2020-03-05 08:00:00,0.01,422.75403,1.0
2020-03-05 09:00:00,0.0,646.67017,1.0
2020-03-05 10:00:00,0.0,797.82135,1.0
2020-03-05 11:00:00,0.0,877.98285,1.0
2020-03-05 12:00:00,0.0,879.0767,1.0
2020-03-05 13:00:00,0.0,806.50415,1.0
2020-03-05 14:00:00,0.0,666.0252,1.0
2020-03-05 15:00:00,0.0,471.3947,1.0
2020-03-05 16:00:00,0.0,247.45377,1.0
2020-03-05 17:00:00,0.0,50.12188,0.9558333333333333
2020-03-05 18:00:00,0.0,0.0,0.0
2020-03-05 19:00:00,0.0,0.0,0.0
2020-03-05 20:00:00,0.0,0.0,0.0
2020-03-05 21:00:00,0.0,0.0,0.0
2020-03-05 22:00:00,0.07,0.0,0.0
2020-03-05 23:00:00,0.0,0.0,0.0
2020-03-06 00:00:00,0.0,0.0,0.0
2020-03-06 01:00:00,0.0,0.0,0.0
2020-03-06 02:00:00,0.0,0.0,0.0
2020-03-06 03:00:00,0.14,0.0,0.0
2020-03-06 04:00:00,0.33,0.0,0.0
2020-03-06 05:00:00,0.42,0.0,0.0
2020-03-06 06:00:00,0.78,19.149187,0.5869444444444445
2020-03-06 07:00:00,1.0,186.08368,1.0
2020-03-06 08:00:00,0.06,394.64435,1.0
2020-03-06 09:00:00,0.0,602.4837,1.0
2020-03-06 10:00:00,0.0,733.2219,1.0
2020-03-06 11:00:00,0.0,876.66406,1.0
2020-03-06 12:00:00,0.0,880.8968,1.0
2020-03-06 13:00:00,0.92,789.91345,1.0
2020-03-06 14:00:00,0.6,647.3289,1.0
2020-03-06 15:00:00,0.0,464.15692,1.0
2020-03-06 16:00:00,0.0,239.81184,1.0
2020-03-06 17:00:00,0.46,49.951553,0.9736111111111111
2020-03-06 18:00:00,0.77,0.0,0.0
2020-03-06 19:00:00,0.72,0.0,0.0
2020-03-06 20:00:00,0.66,0.0,0.0
2020-03-06 21:00:00,0.49,0.0,0.0
2020-03-06 22:00:00,0.39,0.0,0.0
2020-03-06 23:00:00,0.66,0.0,0.0
2020-03-07 00:00:00,0.79,0.0,0.0
2020-03-07 01:00:00,0.9,0.0,0.0
2020-03-07 02:00:00,0.88,0.0,0.0
2020-03-07 03:00:00,0.71,0.0,0.0
2020-03-07 04:00:00,0.85,0.0,0.0
2020-03-07 05:00:00,0.88,0.0,0.0
2020-03-07 06:00:00,0.95,20.871414,0.6127777777777778
2020-03-07 07:00:00,0.0,217.98308,1.0
2020-03-07 08:00:00,0.14,438.0068,1.0
2020-03-07 09:00:00,0.0,616.2887,1.0
2020-03-07 10:00:00,0.79,717.23987,1.0
2020-03-07 11:00:00,0.89,780.1858,1.0
2020-03-07 12:00:00,0.76,715.8717,1.0
2020-03-07 13:00:00,0.46,712.7675,1.0
2020-03-07 14:00:00,0.28,632.93176,1.0
2020-03-07 15:00:00,0.0,466.37772,1.0
2020-03-07 16:00:00,0.34,248.07906,1.0
2020-03-07 17:00:00,0.31,51.330154,0.9913888888888889
2020-03-07 18:00:00,0.52,0.0,0.0
2020-03-07 19:00:00,0.3,0.0,0.0
2020-03-07 20:00:00,0.33,0.0,0.0
2020-03-07 21:00:00,0.21,0.0,0.0
2020-03-07 22:00:00,0.26,0.0,0.0
2020-03-07 23:00:00,0.0,0.0,0.0
2020-03-08 00:00:00,0.0,0.0,0.0
2020-03-08 01:00:00,0.0,0.0,0.0
2020-03-08 02:00:00,0.0,0.0,0.0
2020-03-08 03:00:00,0.0,0.0,0.0
2020-03-08 04:00:00,0.0,0.0,0.0
2020-03-08 05:00:00,0.24,0.0,0.0
2020-03-08 06:00:00,0.0,26.38886,0.6388888888888888
2020-03-08 07:00:00,0.0,212.92047,1.0
2020-03-08 08:00:00,0.0,447.47794,1.0
2020-03-08 09:00:00,0.01,645.4817,1.0
2020-03-08 10:00:00,0.0,789.66095,1.0
2020-03-08 11:00:00,0.0,863.61426,1.0
2020-03-08 12:00:00,0.0,871.45135,1.0
2020-03-08 13:00:00,0.0,793.12274,1.0
2020-03-08 14:00:00,0.3,608.8371,1.0
2020-03-08 15:00:00,0.55,350.0729,1.0
2020-03-08 16:00:00,0.64,159.63187,1.0
2020-03-08 17:00:00,0.47,43.561596,1.0
2020-03-08 18:00:00,0.57,0.0,0.009166666666666667
2020-03-08 19:00:00,1.0,0.0,0.0
2020-03-08 20:00:00,0.74,0.0,0.0
2020-03-08 21:00:00,0.81,0.0,0.0
2020-03-08 22:00:00,1.0,0.0,0.0
2020-03-08 23:00:00,1.0,0.0,0.0
2020-03-09 00:00:00,1.0,0.0,0.0
2020-03-09 01:00:00,1.0,0.0,0.0
2020-03-09 02:00:00,0.97,0.0,0.0
2020-03-09 03:00:00,0.88,0.0,0.0
2020-03-09 04:00:00,0.54,0.0,0.0
2020-03-09 05:00:00,0.59,0.0,0.0
2020-03-09 06:00:00,1.0,4.9696155,0.665
2020-03-09 07:00:00,1.0,68.77425,1.0
2020-03-09 08:00:00,1.0,195.15343,1.0
2020-03-09 09:00:00,1.0,467.6425,1.0
2020-03-09 10:00:00,0.6,737.54095,1.0
2020-03-09 11:00:00,0.03,868.1351,1.0
2020-03-09 12:00:00,0.32,871.84186,1.0
2020-03-09 13:00:00,0.81,702.40186,1.0
2020-03-09 14:00:00,0.87,606.3882,1.0
2020-03-09 15:00:00,0.0,444.41733,1.0
2020-03-09 16:00:00,0.18,245.32268,1.0
2020-03-09 17:00:00,0.94,37.001045,1.0
2020-03-09 18:00:00,0.84,0.0,0.026944444444444444
2020-03-09 19:00:00,0.06,0.0,0.0
2020-03-09 20:00:00,0.0,0.0,0.0
2020-03-09 21:00:00,0.09,0.0,0.0
2020-03-09 22:00:00,0.0,0.0,0.0
2020-03-09 23:00:00,0.62,0.0,0.0
2020-03-10 00:00:00,0.78,0.0,0.0
2020-03-10 01:00:00,0.8,0.0,0.0
2020-03-10 02:00:00,0.72,0.0,0.0
2020-03-10 03:00:00,0.71,0.0,0.0
2020-03-10 04:00:00,0.07,0.0,0.0
2020-03-10 05:00:00,0.1,0.0,0.0
2020-03-10 06:00:00,0.34,32.125637,0.6911111111111111
2020-03-10 07:00:00,0.87,212.64268,1.0
2020-03-10 08:00:00,0.44,458.31912,1.0
2020-03-10 09:00:00,0.13,661.5929,1.0
2020-03-10 10:00:00,0.12,803.19806,1.0
2020-03-10 11:00:00,0.22,871.5049,1.0
2020-03-10 12:00:00,0.37,878.79364,1.0
2020-03-10 13:00:00,0.99,733.8177,1.0
2020-03-10 14:00:00,0.42,664.09125,1.0
2020-03-10 15:00:00,0.29,467.94482,1.0
2020-03-10 16:00:00,0.0,258.15598,1.0
2020-03-10 17:00:00,0.0,57.296803,1.0
2020-03-10 18:00:00,0.0,0.0,0.044444444444444446
2020-03-10 19:00:00,0.0,0.0,0.0
2020-03-10 20:00:00,0.01,0.0,0.0
2020-03-10 21:00:00,0.0,0.0,0.0
2020-03-10 22:00:00,0.0,0.0,0.0
2020-03-10 23:00:00,0.01,0.0,0.0
2020-03-11 00:00:00,0.0,0.0,0.0
2020-03-11 01:00:00,0.0,0.0,0.0
2020-03-11 02:00:00,0.0,0.0,0.0
2020-03-11 03:00:00,0.0,0.0,0.0
2020-03-11 04:00:00,0.0,0.0,0.0
2020-03-11 05:00:00,0.0,0.0,0.0
2020-03-11 06:00:00,0.0,35.2586,0.7172222222222222
2020-03-11 07:00:00,0.85,232.67664,1.0
2020-03-11 08:00:00,0.63,458.0651,1.0
2020-03-11 09:00:00,0.85,654.72394,1.0
2020-03-11 10:00:00,1.0,791.7704,1.0
2020-03-11 11:00:00,0.38,852.8627,1.0
2020-03-11 12:00:00,0.0,888.0563,1.0
2020-03-11 13:00:00,0.0,837.5084,1.0
2020-03-11 14:00:00,0.05,661.84326,1.0
2020-03-11 15:00:00,0.14,476.28107,1.0
2020-03-11 16:00:00,0.14,255.07129,1.0
2020-03-11 17:00:00,0.01,57.916443,1.0
2020-03-11 18:00:00,0.27,0.0,0.06194444444444445
2020-03-11 19:00:00,0.25,0.0,0.0
2020-03-11 20:00:00,0.0,0.0,0.0
2020-03-11 21:00:00,0.01,0.0,0.0
2020-03-11 22:00:00,0.03,0.0,0.0
2020-03-11 23:00:00,0.07,0.0,0.0
2020-03-12 00:00:00,0.19,0.0,0.0
2020-03-12 01:00:00,0.97,0.0,0.0
2020-03-12 02:00:00,0.98,0.0,0.0
2020-03-12 03:00:00,0.98,0.0,0.0
2020-03-12 04:00:00,0.96,0.0,0.0
2020-03-12 05:00:00,0.92,0.0,0.0
2020-03-12 06:00:00,0.97,25.5333,0.7430555555555556
2020-03-12 07:00:00,0.99,149.38501,1.0
2020-03-12 08:00:00,0.99,346.57608,1.0
2020-03-12 09:00:00,1.0,542.9201,1.0
2020-03-12 10:00:00,1.0,546.48376,1.0
2020-03-12 11:00:00,0.99,650.70306,1.0
2020-03-12 12:00:00,0.96,642.425,1.0
2020-03-12 13:00:00,0.98,337.94482,1.0
2020-03-12 14:00:00,1.0,199.65034,1.0
2020-03-12 15:00:00,1.0,329.3978,1.0
2020-03-12 16:00:00,1.0,158.05594,1.0
2020-03-12 17:00:00,0.99,44.39165,1.0
2020-03-12 18:00:00,0.76,0.0,0.07916666666666666
2020-03-12 19:00:00,1.0,0.0,0.0
2020-03-12 20:00:00,0.99,0.0,0.0
2020-03-12 21:00:00,1.0,0.0,0.0
2020-03-12 22:00:00,1.0,0.0,0.0
2020-03-12 23:00:00,1.0,0.0,0.0
2020-03-13 00:00:00,1.0,0.0,0.0
2020-03-13 01:00:00,0.98,0.0,0.0
2020-03-13 02:00:00,1.0,0.0,0.0
2020-03-13 03:00:00,1.0,0.0,0.0
2020-03-13 04:00:00,0.99,0.0,0.0
2020-03-13 05:00:00,0.99,0.0,0.0
2020-03-13 06:00:00,1.0,5.963538,0.7688888888888888
2020-03-13 07:00:00,1.0,20.872385,1.0
2020-03-13 08:00:00,1.0,57.64754,1.0
2020-03-13 09:00:00,0.99,191.69688,1.0
2020-03-13 10:00:00,1.0,338.6673,1.0
2020-03-13 11:00:00,1.0,303.19003,1.0
2020-03-13 12:00:00,1.0,312.24185,1.0
2020-03-13 13:00:00,1.0,356.68958,1.0
2020-03-13 14:00:00,1.0,336.41064,1.0
2020-03-13 15:00:00,0.93,248.79074,1.0
2020-03-13 16:00:00,0.68,185.39145,1.0
2020-03-13 17:00:00,0.51,22.786446,1.0
2020-03-13 18:00:00,0.49,0.0,0.09666666666666666
2020-03-13 19:00:00,0.55,0.0,0.0
2020-03-13 20:00:00,0.38,0.0,0.0
2020-03-13 21:00:00,0.37,0.0,0.0
2020-03-13 22:00:00,0.8,0.0,0.0
2020-03-13 23:00:00,0.98,0.0,0.0
2020-03-14 00:00:00,0.94,0.0,0.0
2020-03-14 01:00:00,0.98,0.0,0.0
2020-03-14 02:00:00,1.0,0.0,0.0
2020-03-14 03:00:00,0.89,0.0,0.0
2020-03-14 04:00:00,0.76,0.0,0.0
2020-03-14 05:00:00,0.61,0.0,0.0
2020-03-14 06:00:00,0.96,20.573383,0.7947222222222222
2020-03-14 07:00:00,0.96,134.03076,1.0
2020-03-14 08:00:00,1.0,263.14987,1.0
2020-03-14 09:00:00,1.0,399.2678,1.0
2020-03-14 10:00:00,0.9,681.20386,1.0
2020-03-14 11:00:00,0.0,882.76654,1.0
2020-03-14 12:00:00,0.0,892.0989,1.0
2020-03-14 13:00:00,0.0,826.0664,1.0
2020-03-14 14:00:00,0.18,658.2974,1.0
2020-03-14 15:00:00,0.17,471.57474,1.0
2020-03-14 16:00:00,0.19,251.44588,1.0
2020-03-14 17:00:00,0.36,40.489704,1.0
2020-03-14 18:00:00,0.69,0.0,0.11388888888888889
2020-03-14 19:00:00,0.8,0.0,0.0
2020-03-14 20:00:00,0.77,0.0,0.0
2020-03-14 21:00:00,0.6,0.0,0.0
2020-03-14 22:00:00,0.49,0.0,0.0
2020-03-14 23:00:00,0.39,0.0,0.0
2020-03-15 00:00:00,0.34,0.0,0.0
2020-03-15 01:00:00,0.98,0.0,0.0
2020-03-15 02:00:00,0.94,0.0,0.0
2020-03-15 03:00:00,0.78,0.0,0.0
2020-03-15 04:00:00,1.0,0.0,0.0
2020-03-15 05:00:00,0.91,0.0,0.0
2020-03-15 06:00:00,0.94,25.965893,0.8208333333333333
2020-03-15 07:00:00,1.0,139.27603,1.0
2020-03-15 08:00:00,0.92,321.18228,1.0
2020-03-15 09:00:00,0.78,629.9381,1.0
2020-03-15 10:00:00,0.53,799.19135,1.0
2020-03-15 11:00:00,0.24,883.7209,1.0
2020-03-15 12:00:00,0.9,848.6291,1.0
2020-03-15 13:00:00,0.97,735.80615,1.0
2020-03-15 14:00:00,0.86,662.7981,1.0
2020-03-15 15:00:00,0.89,471.53445,1.0
2020-03-15 16:00:00,0.94,228.98337,1.0
2020-03-15 17:00:00,0.89,60.354755,1.0
2020-03-15 18:00:00,0.2,0.0,0.13111111111111112
2020-03-15 19:00:00,0.44,0.0,0.0
2020-03-15 20:00:00,0.26,0.0,0.0
2020-03-15 21:00:00,0.1,0.0,0.0
2020-03-15 22:00:00,0.0,0.0,0.0
2020-03-15 23:00:00,0.0,0.0,0.0
2020-03-16 00:00:00,0.0,0.0,0.0
2020-03-16 01:00:00,0.0,0.0,0.0
2020-03-16 02:00:00,0.0,0.0,0.0
2020-03-16 03:00:00,0.0,0.0,0.0
2020-03-16 04:00:00,0.0,0.0,0.0
2020-03-16 05:00:00,0.0,0.0,0.0
2020-03-16 06:00:00,0.0,51.6381,0.8472222222222222
2020-03-16 07:00:00,0.0,264.3722,1.0
2020-03-16 08:00:00,0.0,496.07144,1.0
2020-03-16 09:00:00,0.26,694.5497,1.0
2020-03-16 10:00:00,0.82,808.618,1.0
2020-03-16 11:00:00,0.88,882.60785,1.0
2020-03-16 12:00:00,0.76,881.1924,1.0
2020-03-16 13:00:00,0.73,812.8118,1.0
2020-03-16 14:00:00,0.61,669.9839,1.0
2020-03-16 15:00:00,0.22,501.1218,1.0
2020-03-16 16:00:00,0.49,266.31424,1.0
2020-03-16 17:00:00,0.73,62.759735,1.0
2020-03-16 18:00:00,0.94,0.0,0.14833333333333334
2020-03-16 19:00:00,0.96,0.0,0.0
2020-03-16 20:00:00,0.98,0.0,0.0
2020-03-16 21:00:00,1.0,0.0,0.0
2020-03-16 22:00:00,1.0,0.0,0.0
2020-03-16 23:00:00,1.0,0.0,0.0
2020-03-17 00:00:00,1.0,0.0,0.0
2020-03-17 01:00:00,1.0,0.0,0.0
2020-03-17 02:00:00,1.0,0.0,0.0
2020-03-17 03:00:00,1.0,0.0,0.0
2020-03-17 04:00:00,1.0,0.0,0.0
2020-03-17 05:00:00,1.0,0.0,0.0
2020-03-17 06:00:00,1.0,10.55672,0.8738888888888889
2020-03-17 07:00:00,1.0,66.17083,1.0
2020-03-17 08:00:00,1.0,185.47488,1.0
2020-03-17 09:00:00,1.0,415.32434,1.0
2020-03-17 10:00:00,1.0,647.15424,1.0
2020-03-17 11:00:00,0.7,782.4623,1.0
2020-03-17 12:00:00,0.57,864.8052,1.0
2020-03-17 13:00:00,0.56,798.66785,1.0
2020-03-17 14:00:00,0.59,651.2818,1.0
2020-03-17 15:00:00,0.88,424.9538,1.0
2020-03-17 16:00:00,0.8,221.95096,1.0
2020-03-17 17:00:00,0.41,48.813274,1.0
2020-03-17 18:00:00,0.7,0.0,0.16527777777777777
2020-03-17 19:00:00,0.51,0.0,0.0
2020-03-17 20:00:00,0.34,0.0,0.0
2020-03-17 21:00:00,0.29,0.0,0.0
2020-03-17 22:00:00,0.25,0.0,0.0
2020-03-17 23:00:00,0.56,0.0,0.0
2020-03-18 00:00:00,0.69,0.0,0.0
2020-03-18 01:00:00,0.01,0.0,0.0
2020-03-18 02:00:00,0.0,0.0,0.0
2020-03-18 03:00:00,0.0,0.0,0.0
2020-03-18 04:00:00,0.0,0.0,0.0
2020-03-18 05:00:00,0.01,0.0,0.0
2020-03-18 06:00:00,0.0,58.67249,0.9005555555555556
2020-03-18 07:00:00,0.0,273.86133,1.0
2020-03-18 08:00:00,0.0,506.16837,1.0
2020-03-18 09:00:00,0.0,705.6192,1.0
2020-03-18 10:00:00,0.0,846.2686,1.0
2020-03-18 11:00:00,0.14,909.391,1.0
2020-03-18 12:00:00,0.0,917.4733,1.0
2020-03-18 13:00:00,0.78,814.5668,1.0
2020-03-18 14:00:00,0.94,650.33545,1.0
2020-03-18 15:00:00,0.98,384.34686,1.0
2020-03-18 16:00:00,0.99,208.35182,1.0
2020-03-18 17:00:00,0.87,35.39821,1.0
2020-03-18 18:00:00,1.0,0.0,0.1825
2020-03-18 19:00:00,1.0,0.0,0.0
2020-03-18 20:00:00,1.0,0.0,0.0
2020-03-18 21:00:00,1.0,0.0,0.0
2020-03-18 22:00:00,1.0,0.0,0.0
2020-03-18 23:00:00,1.0,0.0,0.0
2020-03-19 00:00:00,1.0,0.0,0.0
2020-03-19 01:00:00,1.0,0.0,0.0
2020-03-19 02:00:00,1.0,0.0,0.0
2020-03-19 03:00:00,1.0,0.0,0.0
2020-03-19 04:00:00,1.0,0.0,0.0
2020-03-19 05:00:00,1.0,0.0,0.0
2020-03-19 06:00:00,1.0,4.5397854,0.9275
2020-03-19 07:00:00,1.0,19.878462,1.0
2020-03-19 08:00:00,1.0,22.860231,1.0
2020-03-19 09:00:00,1.0,55.65969,1.0
2020-03-19 10:00:00,1.0,103.368,1.0
2020-03-19 11:00:00,1.0,127.22215,1.0
2020-03-19 12:00:00,1.0,218.66309,1.0
2020-03-19 13:00:00,1.0,224.84946,1.0
2020-03-19 14:00:00,1.0,239.71811,1.0
2020-03-19 15:00:00,1.0,230.59016,1.0
2020-03-19 16:00:00,1.0,126.232635,1.0
2020-03-19 17:00:00,1.0,53.07536,1.0
2020-03-19 18:00:00,1.0,0.0,0.19944444444444445
2020-03-19 19:00:00,0.99,0.0,0.0
2020-03-19 20:00:00,0.99,0.0,0.0
2020-03-19 21:00:00,0.99,0.0,0.0
2020-03-19 22:00:00,1.0,0.0,0.0
2020-03-19 23:00:00,1.0,0.0,0.0
2020-03-20 00:00:00,1.0,0.0,0.0
2020-03-20 01:00:00,1.0,0.0,0.0
2020-03-20 02:00:00,1.0,0.0,0.0
2020-03-20 03:00:00,1.0,0.0,0.0
2020-03-20 04:00:00,1.0,0.0,0.0
2020-03-20 05:00:00,1.0,0.0,0.0
2020-03-20 06:00:00,0.98,24.848078,0.9544444444444444
2020-03-20 07:00:00,0.99,158.33998,1.0
2020-03-20 08:00:00,0.98,352.67188,1.0
2020-03-20 09:00:00,0.97,481.72714,1.0
2020-03-20 10:00:00,0.96,710.25586,1.0
2020-03-20 11:00:00,0.97,684.1853,1.0
2020-03-20 12:00:00,0.99,812.5216,1.0
2020-03-20 13:00:00,1.0,646.3666,1.0
2020-03-20 14:00:00,1.0,545.8226,1.0
2020-03-20 15:00:00,0.96,407.9455,1.0
2020-03-20 16:00:00,0.8,243.6062,1.0
2020-03-20 17:00:00,0.72,49.454147,1.0
2020-03-20 18:00:00,0.9,0.0,0.21666666666666667
2020-03-20 19:00:00,0.51,0.0,0.0
2020-03-20 20:00:00,0.27,0.0,0.0
2020-03-20 21:00:00,0.08,0.0,0.0
2020-03-20 22:00:00,0.03,0.0,0.0
2020-03-20 23:00:00,0.0,0.0,0.0
2020-03-21 00:00:00,0.0,0.0,0.0
2020-03-21 01:00:00,0.0,0.0,0.0
2020-03-21 02:00:00,0.0,0.0,0.0
2020-03-21 03:00:00,0.0,0.0,0.0
2020-03-21 04:00:00,0.0,0.0,0.0
2020-03-21 05:00:00,0.0,0.0,0.0
2020-03-21 06:00:00,0.32,75.179405,0.9816666666666667
2020-03-21 07:00:00,0.01,307.38147,1.0
2020-03-21 08:00:00,0.0,552.18945,1.0
2020-03-21 09:00:00,0.0,758.5447,1.0
2020-03-21 10:00:00,0.46,856.1982,1.0
2020-03-21 11:00:00,0.34,972.60266,1.0
2020-03-21 12:00:00,0.87,912.3798,1.0
2020-03-21 13:00:00,0.97,766.8719,1.0
2020-03-21 14:00:00,0.97,594.18384,1.0
2020-03-21 15:00:00,1.0,428.5359,1.0
2020-03-21 16:00:00,0.99,220.57846,1.0
2020-03-21 17:00:00,0.99,67.018814,1.0
2020-03-21 18:00:00,0.99,0.0,0.2336111111111111
2020-03-21 19:00:00,1.0,0.0,0.0
2020-03-21 20:00:00,0.99,0.0,0.0
2020-03-21 21:00:00,0.86,0.0,0.0
2020-03-21 22:00:00,0.0,0.0,0.0
2020-03-21 23:00:00,0.0,0.0,0.0
2020-03-22 00:00:00,0.0,0.0,0.0
2020-03-22 01:00:00,0.0,0.0,0.0
2020-03-22 02:00:00,0.0,0.0,0.0
2020-03-22 03:00:00,0.0,0.0,0.0
2020-03-22 04:00:00,0.15,0.0,0.0
2020-03-22 05:00:00,0.3,0.0,0.008888888888888889
2020-03-22 06:00:00,0.77,59.080772,1.0
2020-03-22 07:00:00,0.69,209.77292,1.0
2020-03-22 08:00:00,0.79,414.5319,1.0
2020-03-22 09:00:00,0.01,782.02356,1.0
2020-03-22 10:00:00,0.22,882.0521,1.0
2020-03-22 11:00:00,0.18,896.783,1.0
2020-03-22 12:00:00,0.1,906.99524,1.0
2020-03-22 13:00:00,0.01,897.1562,1.0
2020-03-22 14:00:00,0.0,755.38043,1.0
2020-03-22 15:00:00,0.0,551.69653,1.0
2020-03-22 16:00:00,0.0,316.7315,1.0
2020-03-22 17:00:00,0.02,90.51328,1.0
2020-03-22 18:00:00,0.0,0.0,0.25055555555555553
2020-03-22 19:00:00,0.0,0.0,0.0
2020-03-22 20:00:00,0.0,0.0,0.0
2020-03-22 21:00:00,0.01,0.0,0.0
2020-03-22 22:00:00,0.01,0.0,0.0
2020-03-22 23:00:00,0.01,0.0,0.0
2020-03-23 00:00:00,0.0,0.0,0.0
2020-03-23 01:00:00,0.0,0.0,0.0
2020-03-23 02:00:00,0.28,0.0,0.0
2020-03-23 03:00:00,0.12,0.0,0.0
2020-03-23 04:00:00,0.0,0.0,0.0
2020-03-23 05:00:00,0.0,0.0,0.03611111111111111
2020-03-23 06:00:00,0.0,83.9932,1.0
2020-03-23 07:00:00,0.0,318.9388,1.0
2020-03-23 08:00:00,0.0,560.3663,1.0
2020-03-23 09:00:00,0.0,761.35956,1.0
2020-03-23 10:00:00,0.17,897.83636,1.0
2020-03-23 11:00:00,0.3,940.5301,1.0
2020-03-23 12:00:00,0.69,839.8789,1.0
2020-03-23 13:00:00,1.0,683.10284,1.0
2020-03-23 14:00:00,0.98,503.38776,1.0
2020-03-23 15:00:00,0.77,405.7496,1.0
2020-03-23 16:00:00,0.87,222.01297,1.0
2020-03-23 17:00:00,0.97,47.79626,1.0
2020-03-23 18:00:00,0.99,0.99392307,0.26722222222222225
2020-03-23 19:00:00,0.97,0.0,0.0
2020-03-23 20:00:00,0.92,0.0,0.0
2020-03-23 21:00:00,0.05,0.0,0.0
2020-03-23 22:00:00,0.13,0.0,0.0
2020-03-23 23:00:00,0.33,0.0,0.0
2020-03-24 00:00:00,0.46,0.0,0.0
2020-03-24 01:00:00,0.01,0.0,0.0
2020-03-24 02:00:00,0.0,0.0,0.0
2020-03-24 03:00:00,0.25,0.0,0.0
2020-03-24 04:00:00,0.35,0.0,0.0
2020-03-24 05:00:00,0.23,0.0,0.06333333333333334
2020-03-24 06:00:00,0.32,76.963196,1.0
2020-03-24 07:00:00,0.45,264.77457,1.0
2020-03-24 08:00:00,0.37,469.8439,1.0
2020-03-24 09:00:00,0.14,696.0503,1.0
2020-03-24 10:00:00,0.03,876.51556,1.0
2020-03-24 11:00:00,0.01,963.7792,1.0
2020-03-24 12:00:00,0.0,951.9521,1.0
2020-03-24 13:00:00,0.0,881.296,1.0
2020-03-24 14:00:00,0.0,728.59467,1.0
2020-03-24 15:00:00,0.0,529.6821,1.0
2020-03-24 16:00:00,0.01,301.29623,1.0
2020-03-24 17:00:00,0.02,85.51535,1.0
2020-03-24 18:00:00,0.04,1.9878461,0.2841666666666667
2020-03-24 19:00:00,0.01,0.0,0.0
2020-03-24 20:00:00,0.52,0.0,0.0
2020-03-24 21:00:00,0.46,0.0,0.0
2020-03-24 22:00:00,0.67,0.0,0.0
2020-03-24 23:00:00,0.36,0.0,0.0
2020-03-25 00:00:00,0.32,0.0,0.0
2020-03-25 01:00:00,0.78,0.0,0.0
2020-03-25 02:00:00,0.79,0.0,0.0
2020-03-25 03:00:00,0.71,0.0,0.0
2020-03-25 04:00:00,0.7,0.0,0.0
2020-03-25 05:00:00,0.49,0.0,0.09055555555555556
2020-03-25 06:00:00,0.91,54.44432,1.0
2020-03-25 07:00:00,0.92,226.61816,1.0
2020-03-25 08:00:00,0.94,381.34494,1.0
2020-03-25 09:00:00,0.77,675.3716,1.0
2020-03-25 10:00:00,0.82,737.0639,1.0
2020-03-25 11:00:00,0.77,687.02295,1.0
2020-03-25 12:00:00,0.4,813.61816,1.0
2020-03-25 13:00:00,0.33,804.48755,1.0
2020-03-25 14:00:00,0.63,695.4669,1.0
2020-03-25 15:00:00,0.01,469.03552,1.0
2020-03-25 16:00:00,0.07,243.50165,1.0
2020-03-25 17:00:00,0.67,73.35267,1.0
2020-03-25 18:00:00,0.61,1.9878461,0.3011111111111111
2020-03-25 19:00:00,0.74,0.0,0.0
2020-03-25 20:00:00,0.67,0.0,0.0
2020-03-25 21:00:00,0.52,0.0,0.0
2020-03-25 22:00:00,0.42,0.0,0.0
2020-03-25 23:00:00,0.58,0.0,0.0
2020-03-26 00:00:00,0.68,0.0,0.0
2020-03-26 01:00:00,0.64,0.0,0.0
2020-03-26 02:00:00,0.71,0.0,0.0
2020-03-26 03:00:00,0.13,0.0,0.0
2020-03-26 04:00:00,0.28,0.0,0.0
2020-03-26 05:00:00,0.14,0.0,0.11777777777777777
2020-03-26 06:00:00,0.08,86.34082,1.0
2020-03-26 07:00:00,0.58,255.09604,1.0
2020-03-26 08:00:00,0.81,369.76508,1.0
2020-03-26 09:00:00,0.68,583.6548,1.0
2020-03-26 10:00:00,0.38,788.45026,1.0
2020-03-26 11:00:00,0.3,875.66046,1.0
2020-03-26 12:00:00,0.29,849.86633,1.0
2020-03-26 13:00:00,0.55,810.7726,1.0
2020-03-26 14:00:00,0.57,660.81366,1.0
2020-03-26 15:00:00,0.27,462.19183,1.0
2020-03-26 16:00:00,0.21,261.7925,1.0
2020-03-26 17:00:00,0.25,83.50327,1.0
2020-03-26 18:00:00,0.4,1.9893655,0.31777777777777777
2020-03-26 19:00:00,0.54,0.0,0.0
2020-03-26 20:00:00,0.98,0.0,0.0
2020-03-26 21:00:00,0.78,0.0,0.0
2020-03-26 22:00:00,0.74,0.0,0.0
2020-03-26 23:00:00,1.0,0.0,0.0
2020-03-27 00:00:00,0.82,0.0,0.0
2020-03-27 01:00:00,0.65,0.0,0.0
2020-03-27 02:00:00,0.76,0.0,0.0
2020-03-27 03:00:00,0.75,0.0,0.0
2020-03-27 04:00:00,0.8,0.0,0.0
2020-03-27 05:00:00,0.99,0.0,0.145
2020-03-27 06:00:00,0.54,53.433666,1.0
2020-03-27 07:00:00,1.0,131.49426,1.0
2020-03-27 08:00:00,0.97,224.40749,1.0
2020-03-27 09:00:00,1.0,381.05606,1.0
2020-03-27 10:00:00,1.0,505.49347,1.0
2020-03-27 11:00:00,1.0,664.2656,1.0
2020-03-27 12:00:00,0.63,753.23773,1.0
2020-03-27 13:00:00,0.64,715.843,1.0
2020-03-27 14:00:00,0.62,539.47156,1.0
2020-03-27 15:00:00,0.86,258.4884,1.0
2020-03-27 16:00:00,0.67,135.2251,1.0
2020-03-27 17:00:00,0.84,21.162615,1.0
2020-03-27 18:00:00,1.0,0.0,0.3347222222222222
2020-03-27 19:00:00,1.0,0.0,0.0
2020-03-27 20:00:00,0.99,0.0,0.0
2020-03-27 21:00:00,0.87,0.0,0.0
2020-03-27 22:00:00,1.0,0.0,0.0
2020-03-27 23:00:00,1.0,0.0,0.0
2020-03-28 00:00:00,1.0,0.0,0.0
2020-03-28 01:00:00,1.0,0.0,0.0
2020-03-28 02:00:00,1.0,0.0,0.0
2020-03-28 03:00:00,1.0,0.0,0.0
2020-03-28 04:00:00,1.0,0.0,0.0
2020-03-28 05:00:00,0.98,0.0,0.17194444444444446
2020-03-28 06:00:00,0.95,104.769875,1.0
2020-03-28 07:00:00,0.48,341.14343,1.0
2020-03-28 08:00:00,0.24,561.26715,1.0
2020-03-28 09:00:00,0.78,740.37335,1.0
2020-03-28 10:00:00,0.02,921.58936,1.0
2020-03-28 11:00:00,0.41,1001.3429,1.0
2020-03-28 12:00:00,0.67,987.2804,1.0
2020-03-28 13:00:00,0.0,921.4271,1.0
2020-03-28 14:00:00,0.0,776.52136,1.0
2020-03-28 15:00:00,0.01,568.18,1.0
2020-03-28 16:00:00,0.01,330.3722,1.0
2020-03-28 17:00:00,0.01,100.888794,1.0
2020-03-28 18:00:00,0.01,2.9832883,0.35138888888888886
2020-03-28 19:00:00,0.0,0.0,0.0
2020-03-28 20:00:00,0.06,0.0,0.0
2020-03-28 21:00:00,0.02,0.0,0.0
2020-03-28 22:00:00,0.02,0.0,0.0
2020-03-28 23:00:00,0.05,0.0,0.0
2020-03-29 00:00:00,0.09,0.0,0.0
2020-03-29 01:00:00,0.07,0.0,0.0
2020-03-29 02:00:00,0.0,0.0,0.0
2020-03-29 03:00:00,0.0,0.0,0.0
2020-03-29 04:00:00,0.0,0.0,0.0
2020-03-29 05:00:00,0.0,0.0,0.1986111111111111
2020-03-29 06:00:00,0.02,107.37983,1.0
2020-03-29 07:00:00,0.87,304.1571,1.0
2020-03-29 08:00:00,0.92,529.29297,1.0
2020-03-29 09:00:00,0.76,716.1206,1.0
2020-03-29 10:00:00,0.02,835.768,1.0
2020-03-29 11:00:00,0.12,876.43506,1.0
2020-03-29 12:00:00,0.98,873.7436,1.0
2020-03-29 13:00:00,0.7,794.4744,1.0
2020-03-29 14:00:00,0.67,666.1809,1.0
2020-03-29 15:00:00,0.44,519.80334,1.0
2020-03-29 16:00:00,0.85,300.38742,1.0
2020-03-29 17:00:00,0.91,65.54561,1.0
2020-03-29 18:00:00,0.74,2.981769,0.3680555555555556
2020-03-29 19:00:00,0.44,0.0,0.0
2020-03-29 20:00:00,0.52,0.0,0.0
2020-03-29 21:00:00,0.92,0.0,0.0
2020-03-29 22:00:00,0.99,0.0,0.0
2020-03-29 23:00:00,0.94,0.0,0.0
2020-03-30 00:00:00,0.94,0.0,0.0
2020-03-30 01:00:00,0.96,0.0,0.0
2020-03-30 02:00:00,0.98,0.0,0.0
2020-03-30 03:00:00,0.94,0.0,0.0
2020-03-30 04:00:00,0.96,0.0,0.0
2020-03-30 05:00:00,0.97,0.0,0.22527777777777777
2020-03-30 06:00:00,0.93,59.77309,1.0
2020-03-30 07:00:00,0.93,232.5741,1.0
2020-03-30 08:00:00,0.94,415.7641,1.0
2020-03-30 09:00:00,0.96,611.5309,1.0
2020-03-30 10:00:00,0.95,809.49365,1.0
2020-03-30 11:00:00,0.96,897.82306,1.0
2020-03-30 12:00:00,0.8,890.5018,1.0
2020-03-30 13:00:00,0.57,708.0057,1.0
2020-03-30 14:00:00,0.42,479.618,1.0
2020-03-30 15:00:00,0.72,445.63687,1.0
2020-03-30 16:00:00,0.44,273.552,1.0
2020-03-30 17:00:00,0.22,82.00781,1.0
2020-03-30 18:00:00,0.07,2.9832883,0.385
2020-03-30 19:00:00,0.02,0.0,0.0
2020-03-30 20:00:00,0.0,0.0,0.0
2020-03-30 21:00:00,0.0,0.0,0.0
2020-03-30 22:00:00,0.0,0.0,0.0
2020-03-30 23:00:00,0.01,0.0,0.0
2020-03-31 00:00:00,0.0,0.0,0.0
2020-03-31 01:00:00,0.03,0.0,0.0
2020-03-31 02:00:00,0.47,0.0,0.0
2020-03-31 03:00:00,0.95,0.0,0.0
2020-03-31 04:00:00,0.87,0.0,0.0
2020-03-31 05:00:00,0.55,0.0,0.25166666666666665
2020-03-31 06:00:00,0.2,111.3504,1.0
2020-03-31 07:00:00,0.04,334.0494,1.0
2020-03-31 08:00:00,0.02,553.3379,1.0
2020-03-31 09:00:00,0.02,751.67456,1.0
2020-03-31 10:00:00,0.01,892.92706,1.0
2020-03-31 11:00:00,0.0,962.8664,1.0
2020-03-31 12:00:00,0.0,962.6954,1.0
2020-03-31 13:00:00,0.0,881.66016,1.0
2020-03-31 14:00:00,0.09,714.67303,1.0
2020-03-31 15:00:00,0.01,511.17038,1.0
2020-03-31 16:00:00,0.01,309.81927,1.0
2020-03-31 17:00:00,0.01,99.03788,1.0
2020-03-31 18:00:00,0.01,2.9848075,0.40166666666666667
2020-03-31 19:00:00,0.0,0.0,0.0
2020-03-31 20:00:00,0.0,0.0,0.0
2020-03-31 21:00:00,0.0,0.0,0.0
2020-03-31 22:00:00,0.0,0.0,0.0
2020-03-31 23:00:00,0.0,0.0,0.0
2020-04-01 00:00:00,0.0,0.0,0.0
2020-04-01 01:00:00,0.0,0.0,0.0
2020-04-01 02:00:00,0.0,0.0,0.0
2020-04-01 03:00:00,0.06,0.0,0.0
2020-04-01 04:00:00,0.23,0.0,0.0
2020-04-01 05:00:00,0.78,0.0,0.27805555555555556
2020-04-01 06:00:00,0.98,96.55594,1.0
2020-04-01 07:00:00,0.99,281.65958,1.0
2020-04-01 08:00:00,1.0,502.21252,1.0
2020-04-01 09:00:00,0.95,702.0405,1.0
2020-04-01 10:00:00,0.97,845.43835,1.0
2020-04-01 11:00:00,0.82,930.9938,1.0
2020-04-01 12:00:00,0.84,908.28796,1.0
2020-04-01 13:00:00,0.77,831.4695,1.0
2020-04-01 14:00:00,0.83,649.6392,1.0
2020-04-01 15:00:00,0.79,413.1904,1.0
2020-04-01 16:00:00,0.67,228.81326,1.0
2020-04-01 17:00:00,0.73,87.767204,1.0
2020-04-01 18:00:00,0.6,3.9772115,0.41833333333333333
2020-04-01 19:00:00,0.31,0.0,0.0
2020-04-01 20:00:00,0.39,0.0,0.0
2020-04-01 21:00:00,0.5,0.0,0.0
2020-04-01 22:00:00,0.7,0.0,0.0
2020-04-01 23:00:00,1.0,0.0,0.0
2020-04-02 00:00:00,1.0,0.0,0.0
2020-04-02 01:00:00,1.0,0.0,0.0
2020-04-02 02:00:00,1.0,0.0,0.0
2020-04-02 03:00:00,1.0,0.0,0.0
2020-04-02 04:00:00,1.0,0.0,0.0
2020-04-02 05:00:00,1.0,0.99392307,0.3038888888888889
2020-04-02 06:00:00,1.0,14.908846,1.0
2020-04-02 07:00:00,1.0,50.69008,1.0
2020-04-02 08:00:00,1.0,72.55638,1.0
2020-04-02 09:00:00,1.0,170.95477,1.0
2020-04-02 10:00:00,1.0,210.7117,1.0
2020-04-02 11:00:00,1.0,230.04808,1.0
2020-04-02 12:00:00,1.0,293.86703,1.0
2020-04-02 13:00:00,1.0,269.11017,1.0
2020-04-02 14:00:00,0.82,262.97595,1.0
2020-04-02 15:00:00,0.78,198.84534,1.0
2020-04-02 16:00:00,1.0,73.55031,1.0
2020-04-02 17:00:00,0.7,37.52567,1.0
2020-04-02 18:00:00,1.0,1.9878461,0.435
2020-04-02 19:00:00,1.0,0.0,0.0
2020-04-02 20:00:00,0.99,0.0,0.0
2020-04-02 21:00:00,0.98,0.0,0.0
2020-04-02 22:00:00,0.99,0.0,0.0
2020-04-02 23:00:00,0.99,0.0,0.0
2020-04-03 00:00:00,0.99,0.0,0.0
2020-04-03 01:00:00,0.99,0.0,0.0
2020-04-03 02:00:00,0.99,0.0,0.0
2020-04-03 03:00:00,0.98,0.0,0.0
2020-04-03 04:00:00,0.98,0.0,0.0
2020-04-03 05:00:00,0.92,1.9878461,0.32972222222222225
2020-04-03 06:00:00,0.96,65.05068,1.0
2020-04-03 07:00:00,0.9,233.7438,1.0
2020-04-03 08:00:00,0.72,468.50098,1.0
2020-04-03 09:00:00,0.66,646.1896,1.0
2020-04-03 10:00:00,0.95,624.9226,1.0
2020-04-03 11:00:00,1.0,540.2117,1.0
2020-04-03 12:00:00,1.0,611.6877,1.0
2020-04-03 13:00:00,0.98,524.84845,1.0
2020-04-03 14:00:00,0.98,486.21283,1.0
2020-04-03 15:00:00,0.97,493.3103,1.0
2020-04-03 16:00:00,1.0,261.48633,1.0
2020-04-03 17:00:00,0.99,90.879425,1.0
2020-04-03 18:00:00,0.99,3.9772115,0.45166666666666666
2020-04-03 19:00:00,0.99,0.0,0.0
2020-04-03 20:00:00,0.92,0.0,0.0
2020-04-03 21:00:00,0.98,0.0,0.0
2020-04-03 22:00:00,0.96,0.0,0.0
2020-04-03 23:00:00,0.64,0.0,0.0
2020-04-04 00:00:00,0.25,0.0,0.0
2020-04-04 01:00:00,0.07,0.0,0.0
2020-04-04 02:00:00,0.01,0.0,0.0
2020-04-04 03:00:00,0.0,0.0,0.0
2020-04-04 04:00:00,0.0,0.0,0.0
2020-04-04 05:00:00,0.0,3.5750222,0.35555555555555557
2020-04-04 06:00:00,0.0,132.38152,1.0
2020-04-04 07:00:00,0.0,364.51523,1.0
2020-04-04 08:00:00,0.0,596.07355,1.0
2020-04-04 09:00:00,0.0,789.3388,1.0
2020-04-04 10:00:00,0.0,924.0046,1.0
2020-04-04 11:00:00,0.05,984.992,1.0
2020-04-04 12:00:00,0.01,968.9258,1.0
2020-04-04 13:00:00,0.02,888.3711,1.0
2020-04-04 14:00:00,0.2,729.00867,1.0
2020-04-04 15:00:00,0.16,508.75366,1.0
2020-04-04 16:00:00,0.18,294.78955,1.0
2020-04-04 17:00:00,0.54,98.82235,1.0
2020-04-04 18:00:00,0.35,4.972654,0.4683333333333333
2020-04-04 19:00:00,0.3,0.0,0.0
2020-04-04 20:00:00,0.18,0.0,0.0
2020-04-04 21:00:00,0.0,0.0,0.0
2020-04-04 22:00:00,0.0,0.0,0.0
2020-04-04 23:00:00,0.0,0.0,0.0
2020-04-05 00:00:00,0.32,0.0,0.0
2020-04-05 01:00:00,0.36,0.0,0.0
2020-04-05 02:00:00,0.41,0.0,0.0
2020-04-05 03:00:00,0.46,0.0,0.0
2020-04-05 04:00:00,0.44,0.0,0.0
2020-04-05 05:00:00,0.35,4.5164614,0.3813888888888889
2020-04-05 06:00:00,0.39,131.38095,1.0
2020-04-05 07:00:00,0.0,364.37164,1.0
2020-04-05 08:00:00,0.33,592.67834,1.0
2020-04-05 09:00:00,0.29,779.32526,1.0
2020-04-05 10:00:00,0.38,906.73865,1.0
2020-04-05 11:00:00,0.34,948.7438,1.0
2020-04-05 12:00:00,0.26,930.21063,1.0
2020-04-05 13:00:00,0.1,768.4566,1.0
2020-04-05 14:00:00,0.4,641.3507,1.0
2020-04-05 15:00:00,0.42,480.49402,1.0
2020-04-05 16:00:00,0.69,252.61719,1.0
2020-04-05 17:00:00,0.52,101.742,1.0
2020-04-05 18:00:00,0.25,4.974173,0.485
2020-04-05 19:00:00,0.07,0.0,0.0
2020-04-05 20:00:00,0.11,0.0,0.0
2020-04-05 21:00:00,0.18,0.0,0.0
2020-04-05 22:00:00,0.0,0.0,0.0
2020-04-05 23:00:00,0.0,0.0,0.0
2020-04-06 00:00:00,0.0,0.0,0.0
2020-04-06 01:00:00,0.0,0.0,0.0
2020-04-06 02:00:00,0.13,0.0,0.0
2020-04-06 03:00:00,0.0,0.0,0.0
2020-04-06 04:00:00,0.14,0.0,0.0
2020-04-06 05:00:00,0.13,5.956501,0.4072222222222222
2020-04-06 06:00:00,0.0,139.60449,1.0
2020-04-06 07:00:00,0.0,371.51477,1.0
2020-04-06 08:00:00,0.0,602.94794,1.0
2020-04-06 09:00:00,0.0,796.13336,1.0
2020-04-06 10:00:00,0.0,933.0372,1.0
2020-04-06 11:00:00,0.0,997.0216,1.0
2020-04-06 12:00:00,0.0,985.62195,1.0
2020-04-06 13:00:00,0.0,902.3843,1.0
2020-04-06 14:00:00,0.01,755.55743,1.0
2020-04-06 15:00:00,0.0,558.2365,1.0
2020-04-06 16:00:00,0.0,332.69543,1.0
2020-04-06 17:00:00,0.01,114.36447,1.0
2020-04-06 18:00:00,0.12,4.9778214,0.5016666666666667
2020-04-06 19:00:00,0.01,0.0,0.0
2020-04-06 20:00:00,0.0,0.0,0.0
2020-04-06 21:00:00,0.0,0.0,0.0
2020-04-06 22:00:00,0.0,0.0,0.0
2020-04-06 23:00:00,0.0,0.0,0.0
2020-04-07 00:00:00,0.0,0.0,0.0
2020-04-07 01:00:00,0.0,0.0,0.0
2020-04-07 02:00:00,0.0,0.0,0.0
2020-04-07 03:00:00,0.0,0.0,0.0
2020-04-07 04:00:00,0.0,0.0,0.0
2020-04-07 05:00:00,0.0,6.8645105,0.43333333333333335
2020-04-07 06:00:00,0.0,145.74425,1.0
2020-04-07 07:00:00,0.0,378.6182,1.0
2020-04-07 08:00:00,0.0,609.75214,1.0
2020-04-07 09:00:00,0.0,800.3896,1.0
2020-04-07 10:00:00,0.0,932.8934,1.0
2020-04-07 11:00:00,0.0,995.78296,1.0
2020-04-07 12:00:00,0.0,985.5088,1.0
2020-04-07 13:00:00,0.0,903.3823,1.0
2020-04-07 14:00:00,0.0,745.7525,1.0
2020-04-07 15:00:00,0.23,532.6267,1.0
2020-04-07 16:00:00,0.0,324.8799,1.0
2020-04-07 17:00:00,0.0,108.55258,1.0
2020-04-07 18:00:00,0.0,5.9965954,0.5183333333333333
2020-04-07 19:00:00,0.0,0.0,0.0
2020-04-07 20:00:00,0.0,0.0,0.0
2020-04-07 21:00:00,0.0,0.0,0.0
2020-04-07 22:00:00,0.0,0.0,0.0
2020-04-07 23:00:00,0.0,0.0,0.0
2020-04-08 00:00:00,0.0,0.0,0.0
2020-04-08 01:00:00,0.0,0.0,0.0
2020-04-08 02:00:00,0.0,0.0,0.0
2020-04-08 03:00:00,0.0,0.0,0.0
2020-04-08 04:00:00,0.0,0.0,0.0
2020-04-08 05:00:00,0.0,8.191659,0.45916666666666667
2020-04-08 06:00:00,0.0,149.1773,1.0
2020-04-08 07:00:00,0.0,381.53378,1.0
2020-04-08 08:00:00,0.0,609.26514,1.0
2020-04-08 09:00:00,0.0,796.64105,1.0
2020-04-08 10:00:00,0.0,928.07404,1.0
2020-04-08 11:00:00,0.0,988.7391,1.0
2020-04-08 12:00:00,0.0,969.46246,1.0
2020-04-08 13:00:00,0.04,843.59454,1.0
2020-04-08 14:00:00,0.45,734.6002,1.0
2020-04-08 15:00:00,0.44,527.5592,1.0
2020-04-08 16:00:00,0.28,336.49234,1.0
2020-04-08 17:00:00,0.0,118.640305,1.0
2020-04-08 18:00:00,0.0,6.0346174,0.5352777777777777
2020-04-08 19:00:00,0.0,0.0,0.0
2020-04-08 20:00:00,0.0,0.0,0.0
2020-04-08 21:00:00,0.0,0.0,0.0
2020-04-08 22:00:00,0.0,0.0,0.0
2020-04-08 23:00:00,0.0,0.0,0.0
2020-04-09 00:00:00,0.0,0.0,0.0
2020-04-09 01:00:00,0.0,0.0,0.0
2020-04-09 02:00:00,0.0,0.0,0.0
2020-04-09 03:00:00,0.0,0.0,0.0
2020-04-09 04:00:00,0.0,0.0,0.0
2020-04-09 05:00:00,0.0,9.078483,0.485
2020-04-09 06:00:00,0.0,151.2093,1.0
2020-04-09 07:00:00,0.0,378.53085,1.0
2020-04-09 08:00:00,0.0,602.8428,1.0
2020-04-09 09:00:00,0.0,788.05035,1.0
2020-04-09 10:00:00,0.0,916.1576,1.0
2020-04-09 11:00:00,0.06,980.427,1.0
2020-04-09 12:00:00,0.1,968.49506,1.0
2020-04-09 13:00:00,0.12,860.6143,1.0
2020-04-09 14:00:00,0.42,693.34973,1.0
2020-04-09 15:00:00,0.28,469.1046,1.0
2020-04-09 16:00:00,0.53,273.51144,1.0
2020-04-09 17:00:00,0.62,101.74393,1.0
2020-04-09 18:00:00,0.59,7.017104,0.5519444444444445
2020-04-09 19:00:00,0.4,0.0,0.0
2020-04-09 20:00:00,0.38,0.0,0.0
2020-04-09 21:00:00,0.37,0.0,0.0
2020-04-09 22:00:00,0.17,0.0,0.0
2020-04-09 23:00:00,0.02,0.0,0.0
2020-04-10 00:00:00,0.04,0.0,0.0
2020-04-10 01:00:00,0.07,0.0,0.0
2020-04-10 02:00:00,0.0,0.0,0.0
2020-04-10 03:00:00,0.0,0.0,0.0
2020-04-10 04:00:00,0.0,0.0,0.0
2020-04-10 05:00:00,0.01,9.974212,0.5108333333333334
2020-04-10 06:00:00,0.0,159.87648,1.0
2020-04-10 07:00:00,0.47,386.76758,1.0
2020-04-10 08:00:00,0.21,609.381,1.0
2020-04-10 09:00:00,0.0,797.34326,1.0
2020-04-10 10:00:00,0.19,894.4063,1.0
2020-04-10 11:00:00,0.45,899.8469,1.0
2020-04-10 12:00:00,0.42,854.3959,1.0
2020-04-10 13:00:00,0.68,509.70636,1.0
2020-04-10 14:00:00,0.77,430.87427,1.0
2020-04-10 15:00:00,0.54,379.1055,1.0
2020-04-10 16:00:00,0.92,203.3661,1.0
2020-04-10 17:00:00,0.9,56.137543,1.0
2020-04-10 18:00:00,1.0,4.9696155,0.5686111111111111
2020-04-10 19:00:00,1.0,0.0,0.0
2020-04-10 20:00:00,1.0,0.0,0.0
2020-04-10 21:00:00,1.0,0.0,0.0
2020-04-10 22:00:00,0.89,0.0,0.0
2020-04-10 23:00:00,0.08,0.0,0.0
2020-04-11 00:00:00,0.01,0.0,0.0
2020-04-11 01:00:00,0.0,0.0,0.0
2020-04-11 02:00:00,0.0,0.0,0.0
2020-04-11 03:00:00,0.0,0.0,0.0
2020-04-11 04:00:00,0.0,0.0,0.0
2020-04-11 05:00:00,0.0,12.497522,0.5363888888888889
2020-04-11 06:00:00,0.0,166.87413,1.0
2020-04-11 07:00:00,0.0,402.69202,1.0
2020-04-11 08:00:00,0.0,628.7653,1.0
2020-04-11 09:00:00,0.0,817.1661,1.0
2020-04-11 10:00:00,0.0,945.2619,1.0
2020-04-11 11:00:00,0.16,1011.9721,1.0
2020-04-11 12:00:00,0.39,951.9785,1.0
2020-04-11 13:00:00,0.7,899.1517,1.0
2020-04-11 14:00:00,0.26,766.98083,1.0
2020-04-11 15:00:00,0.02,577.69617,1.0
2020-04-11 16:00:00,0.64,356.57605,1.0
2020-04-11 17:00:00,0.92,109.595,1.0
2020-04-11 18:00:00,0.96,9.006406,0.5852777777777778
2020-04-11 19:00:00,1.0,0.0,0.0
2020-04-11 20:00:00,1.0,0.0,0.0
2020-04-11 21:00:00,1.0,0.0,0.0
2020-04-11 22:00:00,1.0,0.0,0.0
2020-04-11 23:00:00,1.0,0.0,0.0
2020-04-12 00:00:00,1.0,0.0,0.0
2020-04-12 01:00:00,1.0,0.0,0.0
2020-04-12 02:00:00,1.0,0.0,0.0
2020-04-12 03:00:00,0.98,0.0,0.0
2020-04-12 04:00:00,0.99,0.0,0.0
2020-04-12 05:00:00,1.0,3.9756923,0.5619444444444445
2020-04-12 06:00:00,0.99,49.251575,1.0
2020-04-12 07:00:00,1.0,136.3753,1.0
2020-04-12 08:00:00,1.0,223.01782,1.0
2020-04-12 09:00:00,1.0,370.75595,1.0
2020-04-12 10:00:00,1.0,425.15744,1.0
2020-04-12 11:00:00,1.0,450.06564,1.0
2020-04-12 12:00:00,1.0,446.86282,1.0
2020-04-12 13:00:00,1.0,616.0136,1.0
2020-04-12 14:00:00,1.0,505.2742,1.0
2020-04-12 15:00:00,1.0,270.5527,1.0
2020-04-12 16:00:00,1.0,155.33366,1.0
2020-04-12 17:00:00,1.0,84.913,1.0
2020-04-12 18:00:00,0.99,5.963538,0.6022222222222222
2020-04-12 19:00:00,1.0,0.0,0.0
2020-04-12 20:00:00,1.0,0.0,0.0
2020-04-12 21:00:00,1.0,0.0,0.0
2020-04-12 22:00:00,1.0,0.0,0.0
2020-04-12 23:00:00,0.99,0.0,0.0
2020-04-13 00:00:00,0.97,0.0,0.0
2020-04-13 01:00:00,1.0,0.0,0.0
2020-04-13 02:00:00,1.0,0.0,0.0
2020-04-13 03:00:00,1.0,0.0,0.0
2020-04-13 04:00:00,1.0,0.0,0.0
2020-04-13 05:00:00,1.0,6.2230325,0.5875
2020-04-13 06:00:00,1.0,73.95428,1.0
2020-04-13 07:00:00,1.0,183.67436,1.0
2020-04-13 08:00:00,1.0,328.89752,1.0
2020-04-13 09:00:00,1.0,600.4177,1.0
2020-04-13 10:00:00,0.98,686.0822,1.0
2020-04-13 11:00:00,0.96,809.6033,1.0
2020-04-13 12:00:00,1.0,684.4017,1.0
2020-04-13 13:00:00,0.94,643.4329,1.0
2020-04-13 14:00:00,1.0,599.061,1.0
2020-04-13 15:00:00,0.94,270.47583,1.0
2020-04-13 16:00:00,0.99,185.18887,1.0
2020-04-13 17:00:00,0.99,98.37616,1.0
2020-04-13 18:00:00,0.99,9.939231,0.6188888888888889
2020-04-13 19:00:00,1.0,0.0,0.0
2020-04-13 20:00:00,0.97,0.0,0.0
2020-04-13 21:00:00,0.74,0.0,0.0
2020-04-13 22:00:00,0.46,0.0,0.0
2020-04-13 23:00:00,0.13,0.0,0.0
2020-04-14 00:00:00,0.52,0.0,0.0
2020-04-14 01:00:00,0.26,0.0,0.0
2020-04-14 02:00:00,0.01,0.0,0.0
2020-04-14 03:00:00,0.05,0.0,0.0
2020-04-14 04:00:00,0.01,0.0,0.0
2020-04-14 05:00:00,0.0,18.546824,0.6125
2020-04-14 06:00:00,0.0,197.76268,1.0
2020-04-14 07:00:00,0.0,450.42892,1.0
2020-04-14 08:00:00,0.0,689.5369,1.0
2020-04-14 09:00:00,0.03,881.7316,1.0
2020-04-14 10:00:00,0.0,1017.9573,1.0
2020-04-14 11:00:00,0.0,1081.7206,1.0
2020-04-14 12:00:00,0.01,1067.9022,1.0
2020-04-14 13:00:00,0.0,979.16205,1.0
2020-04-14 14:00:00,0.0,824.01526,1.0
2020-04-14 15:00:00,0.01,617.9387,1.0
2020-04-14 16:00:00,0.19,380.32162,1.0
2020-04-14 17:00:00,0.45,146.70627,1.0
2020-04-14 18:00:00,0.61,12.198178,0.6355555555555555
2020-04-14 19:00:00,0.26,0.0,0.0
2020-04-14 20:00:00,0.44,0.0,0.0
2020-04-14 21:00:00,0.21,0.0,0.0
2020-04-14 22:00:00,0.02,0.0,0.0
2020-04-14 23:00:00,0.35,0.0,0.0
2020-04-15 00:00:00,0.68,0.0,0.0
2020-04-15 01:00:00,0.53,0.0,0.0
2020-04-15 02:00:00,0.88,0.0,0.0
2020-04-15 03:00:00,0.99,0.0,0.0
2020-04-15 04:00:00,1.0,0.0,0.0
2020-04-15 05:00:00,0.77,19.386251,0.6375
2020-04-15 06:00:00,0.04,186.52855,1.0
2020-04-15 07:00:00,0.01,436.9558,1.0
2020-04-15 08:00:00,0.15,672.83545,1.0
2020-04-15 09:00:00,0.11,868.16473,1.0
2020-04-15 10:00:00,0.54,1008.5344,1.0
2020-04-15 11:00:00,0.02,1028.2468,1.0
2020-04-15 12:00:00,0.11,1036.6735,1.0
2020-04-15 13:00:00,0.13,963.16315,1.0
2020-04-15 14:00:00,0.3,764.70294,1.0
2020-04-15 15:00:00,0.33,525.0464,1.0
2020-04-15 16:00:00,0.32,320.99203,1.0
2020-04-15 17:00:00,0.31,89.77133,1.0
2020-04-15 18:00:00,0.94,8.995085,0.6522222222222223
2020-04-15 19:00:00,0.99,0.0,0.0
2020-04-15 20:00:00,0.99,0.0,0.0
2020-04-15 21:00:00,1.0,0.0,0.0
2020-04-15 22:00:00,1.0,0.0,0.0
2020-04-15 23:00:00,1.0,0.0,0.0
2020-04-16 00:00:00,1.0,0.0,0.0
2020-04-16 01:00:00,1.0,0.0,0.0
2020-04-16 02:00:00,1.0,0.0,0.0
2020-04-16 03:00:00,1.0,0.0,0.0
2020-04-16 04:00:00,1.0,0.0,0.0
2020-04-16 05:00:00,1.0,4.9696155,0.6622222222222223
2020-04-16 06:00:00,1.0,55.65969,1.0
2020-04-16 07:00:00,1.0,139.2846,1.0
2020-04-16 08:00:00,0.99,379.44208,1.0
2020-04-16 09:00:00,0.98,563.7086,1.0
2020-04-16 10:00:00,1.0,391.92004,1.0
2020-04-16 11:00:00,0.99,529.741,1.0
2020-04-16 12:00:00,0.99,331.9703,1.0
2020-04-16 13:00:00,1.0,450.02863,1.0
2020-04-16 14:00:00,0.99,474.0025,1.0
2020-04-16 15:00:00,0.98,326.04486,1.0
2020-04-16 16:00:00,1.0,170.8208,1.0
2020-04-16 17:00:00,0.99,115.68774,1.0
2020-04-16 18:00:00,0.99,12.921,0.6691666666666667
2020-04-16 19:00:00,1.0,0.0,0.0
2020-04-16 20:00:00,0.99,0.0,0.0
2020-04-16 21:00:00,1.0,0.0,0.0
2020-04-16 22:00:00,0.93,0.0,0.0
2020-04-16 23:00:00,0.9,0.0,0.0
2020-04-17 00:00:00,0.86,0.0,0.0
2020-04-17 01:00:00,0.76,0.0,0.0
2020-04-17 02:00:00,0.11,0.0,0.0
2020-04-17 03:00:00,0.03,0.0,0.0
2020-04-17 04:00:00,0.0,0.0,0.0
2020-04-17 05:00:00,0.0,18.586502,0.6866666666666666
2020-04-17 06:00:00,0.0,189.59642,1.0
2020-04-17 07:00:00,0.02,457.8125,1.0
2020-04-17 08:00:00,0.01,696.2611,1.0
2020-04-17 09:00:00,0.0,892.7567,1.0
2020-04-17 10:00:00,0.0,1031.7616,1.0
2020-04-17 11:00:00,0.0,1098.4976,1.0
2020-04-17 12:00:00,0.0,1085.8723,1.0
2020-04-17 13:00:00,0.0,996.2622,1.0
2020-04-17 14:00:00,0.0,839.47186,1.0
2020-04-17 15:00:00,0.0,630.333,1.0
2020-04-17 16:00:00,0.0,391.33047,1.0
2020-04-17 17:00:00,0.0,154.03198,1.0
2020-04-17 18:00:00,0.1,12.572686,0.6858333333333333
2020-04-17 19:00:00,0.29,0.0,0.0
2020-04-17 20:00:00,0.26,0.0,0.0
2020-04-17 21:00:00,0.36,0.0,0.0
2020-04-17 22:00:00,0.52,0.0,0.0
2020-04-17 23:00:00,0.31,0.0,0.0
2020-04-18 00:00:00,0.2,0.0,0.0
2020-04-18 01:00:00,0.0,0.0,0.0
2020-04-18 02:00:00,0.0,0.0,0.0
2020-04-18 03:00:00,0.0,0.0,0.0
2020-04-18 04:00:00,0.0,0.0,0.0
2020-04-18 05:00:00,0.0,24.420994,0.7111111111111111
2020-04-18 06:00:00,0.0,202.38937,1.0
2020-04-18 07:00:00,0.31,441.7666,1.0
2020-04-18 08:00:00,0.95,537.05444,1.0
2020-04-18 09:00:00,1.0,643.0467,1.0
2020-04-18 10:00:00,1.0,651.4608,1.0
2020-04-18 11:00:00,1.0,649.5996,1.0
2020-04-18 12:00:00,1.0,759.13904,1.0
2020-04-18 13:00:00,0.99,737.9002,1.0
2020-04-18 14:00:00,0.99,439.21912,1.0
2020-04-18 15:00:00,0.99,368.67465,1.0
2020-04-18 16:00:00,0.96,308.25104,1.0
2020-04-18 17:00:00,0.9,130.6712,1.0
2020-04-18 18:00:00,0.94,17.085766,0.7025
2020-04-18 19:00:00,0.7,0.0,0.0
2020-04-18 20:00:00,0.89,0.0,0.0
2020-04-18 21:00:00,0.79,0.0,0.0
2020-04-18 22:00:00,1.0,0.0,0.0
2020-04-18 23:00:00,1.0,0.0,0.0
2020-04-19 00:00:00,1.0,0.0,0.0
2020-04-19 01:00:00,1.0,0.0,0.0
2020-04-19 02:00:00,1.0,0.0,0.0
2020-04-19 03:00:00,1.0,0.0,0.0
2020-04-19 04:00:00,0.85,0.0,0.0
2020-04-19 05:00:00,0.36,22.98092,0.7347222222222223
2020-04-19 06:00:00,0.22,197.242,1.0
2020-04-19 07:00:00,0.13,429.19684,1.0
2020-04-19 08:00:00,0.06,673.0914,1.0
2020-04-19 09:00:00,0.47,867.82904,1.0
2020-04-19 10:00:00,0.77,1001.4581,1.0
2020-04-19 11:00:00,0.7,1060.0126,1.0
2020-04-19 12:00:00,0.59,1035.5753,1.0
2020-04-19 13:00:00,0.39,949.68365,1.0
2020-04-19 14:00:00,0.33,773.9937,1.0
2020-04-19 15:00:00,0.57,568.4513,1.0
2020-04-19 16:00:00,0.88,322.6868,1.0
2020-04-19 17:00:00,0.06,148.13484,1.0
2020-04-19 18:00:00,0.57,14.453253,0.7191666666666666
2020-04-19 19:00:00,0.65,0.0,0.0
2020-04-19 20:00:00,0.8,0.0,0.0
2020-04-19 21:00:00,0.48,0.0,0.0
2020-04-19 22:00:00,0.99,0.0,0.0
2020-04-19 23:00:00,1.0,0.0,0.0
2020-04-20 00:00:00,0.49,0.0,0.0
2020-04-20 01:00:00,0.94,0.0,0.0
2020-04-20 02:00:00,0.92,0.0,0.0
2020-04-20 03:00:00,0.72,0.0,0.0
2020-04-20 04:00:00,0.29,0.0,0.0
2020-04-20 05:00:00,0.02,26.084291,0.7583333333333333
2020-04-20 06:00:00,0.05,199.13814,1.0
2020-04-20 07:00:00,0.04,436.83676,1.0
2020-04-20 08:00:00,0.05,657.6886,1.0
2020-04-20 09:00:00,0.03,842.19836,1.0
2020-04-20 10:00:00,0.0,971.60876,1.0
2020-04-20 11:00:00,0.01,1024.1306,1.0
2020-04-20 12:00:00,0.08,1023.151,1.0
2020-04-20 13:00:00,0.02,934.07275,1.0
2020-04-20 14:00:00,0.04,788.2149,1.0
2020-04-20 15:00:00,0.01,594.16223,1.0
2020-04-20 16:00:00,0.01,366.31036,1.0
2020-04-20 17:00:00,0.01,135.69249,1.0
2020-04-20 18:00:00,0.31,12.71384,0.7358333333333333
2020-04-20 19:00:00,0.17,0.0,0.0
2020-04-20 20:00:00,0.08,0.0,0.0
2020-04-20 21:00:00,0.02,0.0,0.0
2020-04-20 22:00:00,0.01,0.0,0.0
2020-04-20 23:00:00,0.06,0.0,0.0
2020-04-21 00:00:00,0.31,0.0,0.0
2020-04-21 01:00:00,0.1,0.0,0.0
2020-04-21 02:00:00,0.25,0.0,0.0
2020-04-21 03:00:00,0.18,0.0,0.0
2020-04-21 04:00:00,0.15,0.0,0.0
2020-04-21 05:00:00,0.05,24.942892,0.7813888888888889
2020-04-21 06:00:00,0.02,184.09746,1.0
2020-04-21 07:00:00,0.2,426.8281,1.0
2020-04-21 08:00:00,0.39,646.80914,1.0
2020-04-21 09:00:00,0.49,828.2888,1.0
2020-04-21 10:00:00,0.54,953.22217,1.0
2020-04-21 11:00:00,0.38,1003.87573,1.0
2020-04-21 12:00:00,0.48,1009.908,1.0
2020-04-21 13:00:00,0.63,871.2802,1.0
2020-04-21 14:00:00,0.67,659.75037,1.0
2020-04-21 15:00:00,0.93,448.0497,1.0
2020-04-21 16:00:00,0.91,266.4906,1.0
2020-04-21 17:00:00,0.82,84.2567,1.0
2020-04-21 18:00:00,0.93,15.135976,0.7525
2020-04-21 19:00:00,0.81,0.0,0.0
2020-04-21 20:00:00,0.82,0.0,0.0
2020-04-21 21:00:00,0.85,0.0,0.0
2020-04-21 22:00:00,0.87,0.0,0.0
2020-04-21 23:00:00,0.89,0.0,0.0
2020-04-22 00:00:00,0.85,0.0,0.0
2020-04-22 01:00:00,0.06,0.0,0.0
2020-04-22 02:00:00,0.02,0.0,0.0
2020-04-22 03:00:00,0.02,0.0,0.0
2020-04-22 04:00:00,0.0,0.0,0.0
2020-04-22 05:00:00,0.0,26.982079,0.8041666666666667
2020-04-22 06:00:00,0.5,175.41077,1.0
2020-04-22 07:00:00,0.36,409.39008,1.0
2020-04-22 08:00:00,0.43,599.3371,1.0
2020-04-22 09:00:00,0.01,771.7968,1.0
2020-04-22 10:00:00,0.52,776.895,1.0
2020-04-22 11:00:00,0.51,830.1395,1.0
2020-04-22 12:00:00,0.58,810.4168,1.0
2020-04-22 13:00:00,0.22,812.15533,1.0
2020-04-22 14:00:00,0.19,703.95557,1.0
2020-04-22 15:00:00,0.28,551.4535,1.0
2020-04-22 16:00:00,0.15,353.35345,1.0
2020-04-22 17:00:00,0.09,143.03648,1.0
2020-04-22 18:00:00,0.21,14.873306,0.7691666666666667
2020-04-22 19:00:00,0.12,0.0,0.0
2020-04-22 20:00:00,0.02,0.0,0.0
2020-04-22 21:00:00,0.0,0.0,0.0
2020-04-22 22:00:00,0.0,0.0,0.0
2020-04-22 23:00:00,0.0,0.0,0.0
2020-04-23 00:00:00,0.0,0.0,0.0
2020-04-23 01:00:00,0.0,0.0,0.0
2020-04-23 02:00:00,0.01,0.0,0.0
2020-04-23 03:00:00,1.0,0.0,0.0
2020-04-23 04:00:00,0.85,0.0,0.0
2020-04-23 05:00:00,0.56,28.567173,0.8266666666666667
2020-04-23 06:00:00,0.88,164.19324,1.0
2020-04-23 07:00:00,0.59,379.48917,1.0
2020-04-23 08:00:00,0.45,593.8397,1.0
2020-04-23 09:00:00,0.87,430.87695,1.0
2020-04-23 10:00:00,0.76,714.57336,1.0
2020-04-23 11:00:00,0.38,837.8364,1.0
2020-04-23 12:00:00,0.85,882.79694,1.0
2020-04-23 13:00:00,0.67,852.0092,1.0
2020-04-23 14:00:00,0.61,691.51086,1.0
2020-04-23 15:00:00,0.62,536.3227,1.0
2020-04-23 16:00:00,0.27,349.81757,1.0
2020-04-23 17:00:00,0.3,112.139,1.0
2020-04-23 18:00:00,1.0,13.172931,0.7858333333333334
2020-04-23 19:00:00,1.0,0.0,0.0
2020-04-23 20:00:00,1.0,0.0,0.0
2020-04-23 21:00:00,1.0,0.0,0.0
2020-04-23 22:00:00,0.8,0.0,0.0
2020-04-23 23:00:00,0.25,0.0,0.0
2020-04-24 00:00:00,0.09,0.0,0.0
2020-04-24 01:00:00,0.98,0.0,0.0
2020-04-24 02:00:00,0.73,0.0,0.0
2020-04-24 03:00:00,0.21,0.0,0.0
2020-04-24 04:00:00,0.3,0.0,0.0
2020-04-24 05:00:00,0.99,26.536758,0.8486111111111111
2020-04-24 06:00:00,1.0,132.98311,1.0
2020-04-24 07:00:00,0.39,283.19778,1.0
2020-04-24 08:00:00,0.23,480.4111,1.0
2020-04-24 09:00:00,0.35,759.1593,1.0
2020-04-24 10:00:00,0.22,854.6685,1.0
2020-04-24 11:00:00,0.38,893.6696,1.0
2020-04-24 12:00:00,0.38,873.49365,1.0
2020-04-24 13:00:00,0.36,882.7599,1.0
2020-04-24 14:00:00,0.42,704.42957,1.0
2020-04-24 15:00:00,0.41,529.74005,1.0
2020-04-24 16:00:00,0.29,344.57062,1.0
2020-04-24 17:00:00,0.29,151.4901,1.0
2020-04-24 18:00:00,0.27,15.235304,0.8025
2020-04-24 19:00:00,0.49,0.0,0.0
2020-04-24 20:00:00,0.99,0.0,0.0
2020-04-24 21:00:00,0.53,0.0,0.0
2020-04-24 22:00:00,0.29,0.0,0.0
2020-04-24 23:00:00,0.14,0.0,0.0
2020-04-25 00:00:00,0.96,0.0,0.0
2020-04-25 01:00:00,0.91,0.0,0.0
2020-04-25 02:00:00,0.92,0.0,0.0
2020-04-25 03:00:00,0.75,0.0,0.0
2020-04-25 04:00:00,0.69,0.0,0.0
2020-04-25 05:00:00,0.77,22.211952,0.8708333333333333
2020-04-25 06:00:00,0.34,144.91866,1.0
2020-04-25 07:00:00,0.26,389.42987,1.0
2020-04-25 08:00:00,0.1,614.34375,1.0
2020-04-25 09:00:00,0.17,773.7297,1.0
2020-04-25 10:00:00,0.36,868.91364,1.0
2020-04-25 11:00:00,0.43,965.98206,1.0
2020-04-25 12:00:00,0.19,919.37115,1.0
2020-04-25 13:00:00,0.55,833.83655,1.0
2020-04-25 14:00:00,0.17,770.5916,1.0
2020-04-25 15:00:00,0.25,576.87683,1.0
2020-04-25 16:00:00,0.2,362.16376,1.0
2020-04-25 17:00:00,0.0,158.35362,1.0
2020-04-25 18:00:00,0.48,18.092756,0.8191666666666667
2020-04-25 19:00:00,0.97,0.0,0.0
2020-04-25 20:00:00,1.0,0.0,0.0
2020-04-25 21:00:00,1.0,0.0,0.0
2020-04-25 22:00:00,0.89,0.0,0.0
2020-04-25 23:00:00,0.52,0.0,0.0
2020-04-26 00:00:00,0.64,0.0,0.0
2020-04-26 01:00:00,0.63,0.0,0.0
2020-04-26 02:00:00,0.53,0.0,0.0
2020-04-26 03:00:00,0.73,0.0,0.0
2020-04-26 04:00:00,1.0,0.0,0.0
2020-04-26 05:00:00,1.0,26.882202,0.8927777777777778
2020-04-26 06:00:00,0.79,199.68184,1.0
2020-04-26 07:00:00,1.0,425.26627,1.0
2020-04-26 08:00:00,0.97,633.3578,1.0
2020-04-26 09:00:00,0.97,697.5677,1.0
2020-04-26 10:00:00,1.0,823.52606,1.0
2020-04-26 11:00:00,0.91,901.7552,1.0
2020-04-26 12:00:00,0.93,687.80804,1.0
2020-04-26 13:00:00,0.97,604.76575,1.0
2020-04-26 14:00:00,1.0,218.91644,1.0
2020-04-26 15:00:00,1.0,266.7162,1.0
2020-04-26 16:00:00,0.96,176.03407,1.0
2020-04-26 17:00:00,0.92,91.43115,1.0
2020-04-26 18:00:00,0.95,8.526962,0.8358333333333333
2020-04-26 19:00:00,0.86,0.0,0.0
2020-04-26 20:00:00,1.0,0.0,0.0
2020-04-26 21:00:00,1.0,0.0,0.0
2020-04-26 22:00:00,0.7,0.0,0.0
2020-04-26 23:00:00,0.0,0.0,0.0
2020-04-27 00:00:00,0.0,0.0,0.0
2020-04-27 01:00:00,0.0,0.0,0.0
2020-04-27 02:00:00,0.0,0.0,0.0
2020-04-27 03:00:00,0.0,0.0,0.0
2020-04-27 04:00:00,0.0,0.0,0.0
2020-04-27 05:00:00,0.0,41.566532,0.9144444444444444
2020-04-27 06:00:00,0.0,227.26158,1.0
2020-04-27 07:00:00,0.0,456.11984,1.0
2020-04-27 08:00:00,0.0,671.24066,1.0
2020-04-27 09:00:00,0.0,848.77,1.0
2020-04-27 10:00:00,0.03,970.94403,1.0
2020-04-27 11:00:00,0.1,1015.80585,1.0
2020-04-27 12:00:00,0.1,1008.64343,1.0
2020-04-27 13:00:00,0.29,865.59595,1.0
2020-04-27 14:00:00,0.02,769.9891,1.0
2020-04-27 15:00:00,0.27,580.60376,1.0
2020-04-27 16:00:00,0.41,372.0491,1.0
2020-04-27 17:00:00,0.45,161.57939,1.0
2020-04-27 18:00:00,0.7,19.487324,0.8527777777777777
2020-04-27 19:00:00,0.62,0.0,0.0
2020-04-27 20:00:00,1.0,0.0,0.0
2020-04-27 21:00:00,0.92,0.0,0.0
2020-04-27 22:00:00,0.9,0.0,0.0
2020-04-27 23:00:00,0.65,0.0,0.0
2020-04-28 00:00:00,0.66,0.0,0.0
2020-04-28 01:00:00,0.17,0.0,0.0
2020-04-28 02:00:00,0.05,0.0,0.0
2020-04-28 03:00:00,0.05,0.0,0.0
2020-04-28 04:00:00,0.0,0.0,0.0
2020-04-28 05:00:00,0.02,37.25263,0.9358333333333333
2020-04-28 06:00:00,0.05,225.53545,1.0
2020-04-28 07:00:00,0.06,453.95447,1.0
2020-04-28 08:00:00,0.01,666.2876,1.0
2020-04-28 09:00:00,0.33,852.90686,1.0
2020-04-28 10:00:00,0.81,957.71936,1.0
2020-04-28 11:00:00,0.0,1037.201,1.0
2020-04-28 12:00:00,0.0,1018.1366,1.0
2020-04-28 13:00:00,0.0,937.62225,1.0
2020-04-28 14:00:00,0.0,794.9537,1.0
2020-04-28 15:00:00,0.0,605.16895,1.0
2020-04-28 16:00:00,0.14,387.066,1.0
2020-04-28 17:00:00,0.0,159.67264,1.0
2020-04-28 18:00:00,0.33,16.35926,0.8694444444444445
2020-04-28 19:00:00,0.01,0.0,0.0
2020-04-28 20:00:00,0.14,0.0,0.0
2020-04-28 21:00:00,0.0,0.0,0.0
2020-04-28 22:00:00,0.0,0.0,0.0
2020-04-28 23:00:00,0.0,0.0,0.0
2020-04-29 00:00:00,0.0,0.0,0.0
2020-04-29 01:00:00,0.0,0.0,0.0
2020-04-29 02:00:00,0.0,0.0,0.0
2020-04-29 03:00:00,0.0,0.0,0.0
2020-04-29 04:00:00,0.0,0.0,0.0
2020-04-29 05:00:00,0.0,45.10778,0.9569444444444445
2020-04-29 06:00:00,0.0,233.46835,1.0
2020-04-29 07:00:00,0.0,461.84747,1.0
2020-04-29 08:00:00,0.0,675.7647,1.0
2020-04-29 09:00:00,0.0,849.818,1.0
2020-04-29 10:00:00,0.0,968.72644,1.0
2020-04-29 11:00:00,0.49,1023.0346,1.0
2020-04-29 12:00:00,0.65,1006.4035,1.0
2020-04-29 13:00:00,0.69,920.55273,1.0
2020-04-29 14:00:00,0.59,778.5626,1.0
2020-04-29 15:00:00,0.62,577.49164,1.0
2020-04-29 16:00:00,0.4,376.86896,1.0
2020-04-29 17:00:00,0.44,165.5181,1.0
2020-04-29 18:00:00,0.0,20.03775,0.8861111111111111
2020-04-29 19:00:00,0.62,0.0,0.0
2020-04-29 20:00:00,0.62,0.0,0.0
2020-04-29 21:00:00,0.56,0.0,0.0
2020-04-29 22:00:00,0.74,0.0,0.0
2020-04-29 23:00:00,0.88,0.0,0.0
2020-04-30 00:00:00,0.68,0.0,0.0
2020-04-30 01:00:00,0.46,0.0,0.0
2020-04-30 02:00:00,0.43,0.0,0.0
2020-04-30 03:00:00,0.87,0.0,0.0
2020-04-30 04:00:00,1.0,0.0,0.0
2020-04-30 05:00:00,1.0,41.825924,0.9780555555555556
2020-04-30 06:00:00,1.0,181.29886,1.0
2020-04-30 07:00:00,0.99,367.952,1.0
2020-04-30 08:00:00,0.98,573.6091,1.0
2020-04-30 09:00:00,0.91,742.52295,1.0
2020-04-30 10:00:00,0.98,702.58997,1.0
2020-04-30 11:00:00,0.98,708.3635,1.0
2020-04-30 12:00:00,0.99,680.58594,1.0
2020-04-30 13:00:00,1.0,594.8574,1.0
2020-04-30 14:00:00,0.99,309.20682,1.0
2020-04-30 15:00:00,0.93,381.13074,1.0
2020-04-30 16:00:00,0.78,339.97208,1.0
2020-04-30 17:00:00,1.0,154.10014,1.0
2020-04-30 18:00:00,0.95,19.328773,0.9030555555555555
2020-04-30 19:00:00,0.31,0.0,0.0
2020-04-30 20:00:00,0.33,0.0,0.0
2020-04-30 21:00:00,0.81,0.0,0.0
2020-04-30 22:00:00,0.6,0.0,0.0
2020-04-30 23:00:00,0.07,0.0,0.0
2020-05-01 00:00:00,0.0,0.0,0.0
2020-05-01 01:00:00,0.08,0.0,0.0
2020-05-01 02:00:00,0.15,0.0,0.0
2020-05-01 03:00:00,0.01,0.0,0.0
2020-05-01 04:00:00,0.0,0.0,0.0
2020-05-01 05:00:00,0.0,48.611217,0.9986111111111111
2020-05-01 06:00:00,0.36,229.79787,1.0
2020-05-01 07:00:00,0.12,452.92203,1.0
2020-05-01 08:00:00,0.0,668.3615,1.0
2020-05-01 09:00:00,0.01,826.43915,1.0
2020-05-01 10:00:00,0.3,863.5024,1.0
2020-05-01 11:00:00,0.56,869.01953,1.0
2020-05-01 12:00:00,0.41,816.5303,1.0
2020-05-01 13:00:00,0.49,702.4973,1.0
2020-05-01 14:00:00,0.48,661.71814,1.0
2020-05-01 15:00:00,0.27,528.92554,1.0
2020-05-01 16:00:00,0.05,343.2585,1.0
2020-05-01 17:00:00,0.45,162.08067,1.0
2020-05-01 18:00:00,0.47,20.299519,0.9197222222222222
2020-05-01 19:00:00,0.54,0.0,0.0
2020-05-01 20:00:00,0.58,0.0,0.0
2020-05-01 21:00:00,1.0,0.0,0.0
2020-05-01 22:00:00,0.53,0.0,0.0
2020-05-01 23:00:00,0.75,0.0,0.0
2020-05-02 00:00:00,1.0,0.0,0.0
2020-05-02 01:00:00,0.99,0.0,0.0
2020-05-02 02:00:00,0.95,0.0,0.0
2020-05-02 03:00:00,1.0,0.0,0.0
2020-05-02 04:00:00,1.0,0.0,0.01888888888888889
2020-05-02 05:00:00,1.0,12.921,1.0
2020-05-02 06:00:00,1.0,56.653618,1.0
2020-05-02 07:00:00,1.0,173.22171,1.0
2020-05-02 08:00:00,1.0,364.5952,1.0
2020-05-02 09:00:00,1.0,362.7909,1.0
2020-05-02 10:00:00,1.0,535.0718,1.0
2020-05-02 11:00:00,0.79,821.3258,1.0
2020-05-02 12:00:00,0.49,785.4069,1.0
2020-05-02 13:00:00,0.69,662.89496,1.0
2020-05-02 14:00:00,0.83,555.85736,1.0
2020-05-02 15:00:00,0.63,428.54187,1.0
2020-05-02 16:00:00,0.82,305.89383,1.0
2020-05-02 17:00:00,0.87,98.16131,1.0
2020-05-02 18:00:00,0.41,20.067612,0.9363888888888889
2020-05-02 19:00:00,1.0,0.0,0.0
2020-05-02 20:00:00,0.98,0.0,0.0
2020-05-02 21:00:00,0.84,0.0,0.0
2020-05-02 22:00:00,0.2,0.0,0.0
2020-05-02 23:00:00,0.43,0.0,0.0
2020-05-03 00:00:00,0.5,0.0,0.0
2020-05-03 01:00:00,0.23,0.0,0.0
2020-05-03 02:00:00,0.1,0.0,0.0
2020-05-03 03:00:00,0.04,0.0,0.0
2020-05-03 04:00:00,0.14,0.0,0.03888888888888889
2020-05-03 05:00:00,0.08,41.340523,1.0
2020-05-03 06:00:00,0.4,176.26045,1.0
2020-05-03 07:00:00,0.2,364.1272,1.0
2020-05-03 08:00:00,0.01,612.7757,1.0
2020-05-03 09:00:00,0.0,836.80304,1.0
2020-05-03 10:00:00,0.2,925.76105,1.0
2020-05-03 11:00:00,0.08,999.894,1.0
2020-05-03 12:00:00,0.23,880.97894,1.0
2020-05-03 13:00:00,0.07,879.2836,1.0
2020-05-03 14:00:00,0.1,720.6491,1.0
2020-05-03 15:00:00,0.3,533.97034,1.0
2020-05-03 16:00:00,0.37,368.37524,1.0
2020-05-03 17:00:00,0.61,161.836,1.0
2020-05-03 18:00:00,0.85,25.80407,0.9530555555555555
2020-05-03 19:00:00,0.62,0.0,0.0
2020-05-03 20:00:00,0.03,0.0,0.0
2020-05-03 21:00:00,0.5,0.0,0.0
2020-05-03 22:00:00,0.7,0.0,0.0
2020-05-03 23:00:00,1.0,0.0,0.0
2020-05-04 00:00:00,1.0,0.0,0.0
2020-05-04 01:00:00,0.97,0.0,0.0
2020-05-04 02:00:00,1.0,0.0,0.0
2020-05-04 03:00:00,0.86,0.0,0.0
2020-05-04 04:00:00,1.0,0.0,0.058611111111111114
2020-05-04 05:00:00,0.77,42.400692,1.0
2020-05-04 06:00:00,0.06,220.74931,1.0
2020-05-04 07:00:00,0.07,447.96368,1.0
2020-05-04 08:00:00,0.17,649.1351,1.0
2020-05-04 09:00:00,0.14,792.9448,1.0
2020-05-04 10:00:00,0.17,942.72754,1.0
2020-05-04 11:00:00,0.01,952.2767,1.0
2020-05-04 12:00:00,0.18,1029.4222,1.0
2020-05-04 13:00:00,0.03,914.3192,1.0
2020-05-04 14:00:00,0.0,816.73004,1.0
2020-05-04 15:00:00,0.0,620.8843,1.0
2020-05-04 16:00:00,0.0,403.22662,1.0
2020-05-04 17:00:00,0.0,182.27126,1.0
2020-05-04 18:00:00,0.0,24.383076,0.9697222222222223
2020-05-04 19:00:00,0.0,0.0,0.0
2020-05-04 20:00:00,0.0,0.0,0.0
2020-05-04 21:00:00,0.0,0.0,0.0
2020-05-04 22:00:00,0.0,0.0,0.0
2020-05-04 23:00:00,0.0,0.0,0.0
2020-05-05 00:00:00,0.0,0.0,0.0
2020-05-05 01:00:00,0.0,0.0,0.0
2020-05-05 02:00:00,0.0,0.0,0.0
2020-05-05 03:00:00,0.0,0.0,0.0
2020-05-05 04:00:00,0.0,0.0,0.07805555555555556
2020-05-05 05:00:00,0.0,61.257084,1.0
2020-05-05 06:00:00,0.0,260.57297,1.0
2020-05-05 07:00:00,0.0,489.31607,1.0
2020-05-05 08:00:00,0.0,703.8603,1.0
2020-05-05 09:00:00,0.0,877.563,1.0
2020-05-05 10:00:00,0.0,992.9469,1.0
2020-05-05 11:00:00,0.0,1045.024,1.0
2020-05-05 12:00:00,0.0,1035.9764,1.0
2020-05-05 13:00:00,0.17,936.9249,1.0
2020-05-05 14:00:00,0.43,780.6948,1.0
2020-05-05 15:00:00,0.68,579.2836,1.0
2020-05-05 16:00:00,0.5,387.34726,1.0
2020-05-05 17:00:00,0.0,172.89017,1.0
2020-05-05 18:00:00,0.17,26.560064,0.9863888888888889
2020-05-05 19:00:00,0.23,0.0,0.0
2020-05-05 20:00:00,0.11,0.0,0.0
2020-05-05 21:00:00,0.23,0.0,0.0
2020-05-05 22:00:00,0.19,0.0,0.0
2020-05-05 23:00:00,0.0,0.0,0.0
2020-05-06 00:00:00,0.0,0.0,0.0
2020-05-06 01:00:00,0.13,0.0,0.0
2020-05-06 02:00:00,0.0,0.0,0.0
2020-05-06 03:00:00,0.0,0.0,0.0
2020-05-06 04:00:00,0.0,0.0,0.09694444444444444
2020-05-06 05:00:00,0.0,59.120697,1.0
2020-05-06 06:00:00,0.0,251.43492,1.0
2020-05-06 07:00:00,0.31,476.37732,1.0
2020-05-06 08:00:00,0.31,685.01886,1.0
2020-05-06 09:00:00,0.08,859.15796,1.0
2020-05-06 10:00:00,0.0,976.7955,1.0
2020-05-06 11:00:00,0.77,1021.6218,1.0
2020-05-06 12:00:00,0.65,971.67865,1.0
2020-05-06 13:00:00,0.55,918.32526,1.0
2020-05-06 14:00:00,0.52,761.0198,1.0
2020-05-06 15:00:00,0.53,562.0876,1.0
2020-05-06 16:00:00,0.93,299.41348,1.0
2020-05-06 17:00:00,0.93,153.99045,1.0
2020-05-06 18:00:00,0.66,26.896591,1.0
2020-05-06 19:00:00,0.05,0.0,0.002777777777777778
2020-05-06 20:00:00,0.07,0.0,0.0
2020-05-06 21:00:00,0.03,0.0,0.0
2020-05-06 22:00:00,0.0,0.0,0.0
2020-05-06 23:00:00,0.01,0.0,0.0
2020-05-07 00:00:00,0.0,0.0,0.0
2020-05-07 01:00:00,0.0,0.0,0.0
2020-05-07 02:00:00,0.0,0.0,0.0
2020-05-07 03:00:00,0.0,0.0,0.0
2020-05-07 04:00:00,0.0,0.0,0.11555555555555555
2020-05-07 05:00:00,0.0,62.65051,1.0
2020-05-07 06:00:00,0.0,259.44635,1.0
2020-05-07 07:00:00,0.0,488.8764,1.0
2020-05-07 08:00:00,0.0,703.2322,1.0
2020-05-07 09:00:00,0.0,878.0966,1.0
2020-05-07 10:00:00,0.0,992.4626,1.0
2020-05-07 11:00:00,0.03,1039.9608,1.0
2020-05-07 12:00:00,0.11,1020.14056,1.0
2020-05-07 13:00:00,0.0,943.2928,1.0
2020-05-07 14:00:00,0.11,800.2875,1.0
2020-05-07 15:00:00,0.12,612.637,1.0
2020-05-07 16:00:00,0.0,396.75345,1.0
2020-05-07 17:00:00,0.01,191.96617,1.0
2020-05-07 18:00:00,0.0,27.337545,1.0
2020-05-07 19:00:00,0.0,0.0,0.019166666666666665
2020-05-07 20:00:00,0.0,0.0,0.0
2020-05-07 21:00:00,0.0,0.0,0.0
2020-05-07 22:00:00,0.0,0.0,0.0
2020-05-07 23:00:00,0.36,0.0,0.0
2020-05-08 00:00:00,1.0,0.0,0.0
2020-05-08 01:00:00,0.98,0.0,0.0
2020-05-08 02:00:00,1.0,0.0,0.0
2020-05-08 03:00:00,0.99,0.0,0.0
2020-05-08 04:00:00,1.0,0.0,0.13361111111111112
2020-05-08 05:00:00,1.0,13.914923,1.0
2020-05-08 06:00:00,1.0,59.635384,1.0
2020-05-08 07:00:00,1.0,149.08847,1.0
2020-05-08 08:00:00,1.0,320.0145,1.0
2020-05-08 09:00:00,1.0,572.8557,1.0
2020-05-08 10:00:00,0.87,879.56824,1.0
2020-05-08 11:00:00,0.01,1033.8008,1.0
2020-05-08 12:00:00,0.0,1027.1332,1.0
2020-05-08 13:00:00,0.01,922.68085,1.0
2020-05-08 14:00:00,0.24,790.56726,1.0
2020-05-08 15:00:00,0.01,613.92645,1.0
2020-05-08 16:00:00,0.01,399.3799,1.0
2020-05-08 17:00:00,0.12,182.285,1.0
2020-05-08 18:00:00,0.91,30.054369,1.0
2020-05-08 19:00:00,0.09,0.0,0.035277777777777776
2020-05-08 20:00:00,0.0,0.0,0.0
2020-05-08 21:00:00,0.02,0.0,0.0
2020-05-08 22:00:00,0.01,0.0,0.0
2020-05-08 23:00:00,0.01,0.0,0.0
2020-05-09 00:00:00,0.01,0.0,0.0
2020-05-09 01:00:00,0.3,0.0,0.0
2020-05-09 02:00:00,0.69,0.0,0.0
2020-05-09 03:00:00,0.0,0.0,0.0
2020-05-09 04:00:00,0.0,0.0,0.15138888888888888
2020-05-09 05:00:00,0.0,65.11819,1.0
2020-05-09 06:00:00,0.04,255.99265,1.0
2020-05-09 07:00:00,0.36,406.52783,1.0
2020-05-09 08:00:00,0.47,514.0979,1.0
2020-05-09 09:00:00,1.0,611.29913,1.0
2020-05-09 10:00:00,0.96,688.1241,1.0
2020-05-09 11:00:00,0.67,786.5667,1.0
2020-05-09 12:00:00,0.22,918.472,1.0
2020-05-09 13:00:00,0.21,923.5078,1.0
2020-05-09 14:00:00,0.28,776.60364,1.0
2020-05-09 15:00:00,0.17,596.65485,1.0
2020-05-09 16:00:00,0.36,385.26865,1.0
2020-05-09 17:00:00,0.49,123.871635,1.0
2020-05-09 18:00:00,0.98,11.50256,1.0
2020-05-09 19:00:00,0.95,0.0,0.05138888888888889
2020-05-09 20:00:00,0.95,0.0,0.0
2020-05-09 21:00:00,1.0,0.0,0.0
2020-05-09 22:00:00,0.97,0.0,0.0
2020-05-09 23:00:00,0.91,0.0,0.0
2020-05-10 00:00:00,0.63,0.0,0.0
2020-05-10 01:00:00,0.22,0.0,0.0
2020-05-10 02:00:00,0.07,0.0,0.0
2020-05-10 03:00:00,0.09,0.0,0.0
2020-05-10 04:00:00,0.0,0.0,0.1686111111111111
2020-05-10 05:00:00,0.0,67.719444,1.0
2020-05-10 06:00:00,0.01,260.79193,1.0
2020-05-10 07:00:00,0.0,486.39252,1.0
2020-05-10 08:00:00,0.38,700.3549,1.0
2020-05-10 09:00:00,0.37,866.7124,1.0
2020-05-10 10:00:00,0.54,979.6857,1.0
2020-05-10 11:00:00,0.58,1022.9743,1.0
2020-05-10 12:00:00,0.5,999.7518,1.0
2020-05-10 13:00:00,0.19,886.91583,1.0
2020-05-10 14:00:00,0.0,760.131,1.0
2020-05-10 15:00:00,0.04,610.12897,1.0
2020-05-10 16:00:00,0.05,394.39478,1.0
2020-05-10 17:00:00,0.1,180.84755,1.0
2020-05-10 18:00:00,0.01,29.6544,1.0
2020-05-10 19:00:00,0.22,0.0,0.0675
2020-05-10 20:00:00,0.44,0.0,0.0
2020-05-10 21:00:00,0.21,0.0,0.0
2020-05-10 22:00:00,0.67,0.0,0.0
2020-05-10 23:00:00,0.27,0.0,0.0
2020-05-11 00:00:00,1.0,0.0,0.0
2020-05-11 01:00:00,0.95,0.0,0.0
2020-05-11 02:00:00,0.92,0.0,0.0
2020-05-11 03:00:00,0.58,0.0,0.0
2020-05-11 04:00:00,0.99,0.0,0.1852777777777778
2020-05-11 05:00:00,1.0,18.809109,1.0
2020-05-11 06:00:00,0.99,115.77148,1.0
2020-05-11 07:00:00,1.0,228.40427,1.0
2020-05-11 08:00:00,0.99,203.95116,1.0
2020-05-11 09:00:00,1.0,341.95264,1.0
2020-05-11 10:00:00,1.0,191.97371,1.0
2020-05-11 11:00:00,1.0,177.11314,1.0
2020-05-11 12:00:00,1.0,286.35773,1.0
2020-05-11 13:00:00,0.98,414.30493,1.0
2020-05-11 14:00:00,0.99,349.4915,1.0
2020-05-11 15:00:00,0.71,499.46194,1.0
2020-05-11 16:00:00,0.71,357.90607,1.0
2020-05-11 17:00:00,0.74,166.22842,1.0
2020-05-11 18:00:00,1.0,27.28266,1.0
2020-05-11 19:00:00,1.0,0.0,0.08305555555555555
2020-05-11 20:00:00,1.0,0.0,0.0
2020-05-11 21:00:00,1.0,0.0,0.0
2020-05-11 22:00:00,1.0,0.0,0.0
2020-05-11 23:00:00,0.99,0.0,0.0
2020-05-12 00:00:00,0.94,0.0,0.0
2020-05-12 01:00:00,0.81,0.0,0.0
2020-05-12 02:00:00,1.0,0.0,0.0
2020-05-12 03:00:00,1.0,0.0,0.0
2020-05-12 04:00:00,1.0,0.0,0.2013888888888889
2020-05-12 05:00:00,1.0,40.44667,1.0
2020-05-12 06:00:00,1.0,159.16615,1.0
2020-05-12 07:00:00,1.0,342.00067,1.0
2020-05-12 08:00:00,0.93,561.57086,1.0
2020-05-12 09:00:00,0.12,821.0106,1.0
2020-05-12 10:00:00,0.27,906.1576,1.0
2020-05-12 11:00:00,0.19,996.1176,1.0
2020-05-12 12:00:00,0.54,902.89984,1.0
2020-05-12 13:00:00,0.73,834.6934,1.0
2020-05-12 14:00:00,0.68,754.63586,1.0
2020-05-12 15:00:00,0.46,566.38214,1.0
2020-05-12 16:00:00,0.45,361.4341,1.0
2020-05-12 17:00:00,0.3,162.91783,1.0
2020-05-12 18:00:00,0.62,31.785503,1.0
2020-05-12 19:00:00,0.53,0.0,0.09888888888888889
2020-05-12 20:00:00,0.06,0.0,0.0
2020-05-12 21:00:00,0.57,0.0,0.0
2020-05-12 22:00:00,0.86,0.0,0.0
2020-05-12 23:00:00,0.46,0.0,0.0
2020-05-13 00:00:00,0.88,0.0,0.0
2020-05-13 01:00:00,0.9,0.0,0.0
2020-05-13 02:00:00,0.3,0.0,0.0
2020-05-13 03:00:00,0.46,0.0,0.0
2020-05-13 04:00:00,0.91,0.0,0.21694444444444444
2020-05-13 05:00:00,0.84,73.06771,1.0
2020-05-13 06:00:00,0.76,267.39172,1.0
2020-05-13 07:00:00,0.52,447.1187,1.0
2020-05-13 08:00:00,0.76,672.5517,1.0
2020-05-13 09:00:00,0.75,853.7101,1.0
2020-05-13 10:00:00,0.75,920.5482,1.0
2020-05-13 11:00:00,0.52,1013.249,1.0
2020-05-13 12:00:00,0.02,870.6222,1.0
2020-05-13 13:00:00,0.59,822.4413,1.0
2020-05-13 14:00:00,0.72,624.2458,1.0
2020-05-13 15:00:00,0.93,464.58887,1.0
2020-05-13 16:00:00,1.0,185.28119,1.0
2020-05-13 17:00:00,0.01,171.30856,1.0
2020-05-13 18:00:00,0.15,34.32385,1.0
2020-05-13 19:00:00,0.42,0.0,0.11416666666666667
2020-05-13 20:00:00,0.4,0.0,0.0
2020-05-13 21:00:00,0.47,0.0,0.0
2020-05-13 22:00:00,0.14,0.0,0.0
2020-05-13 23:00:00,0.09,0.0,0.0
2020-05-14 00:00:00,0.26,0.0,0.0
2020-05-14 01:00:00,0.76,0.0,0.0
2020-05-14 02:00:00,1.0,0.0,0.0
2020-05-14 03:00:00,1.0,0.0,0.0
2020-05-14 04:00:00,0.5,0.0,0.23222222222222222
2020-05-14 05:00:00,0.46,37.384136,1.0
2020-05-14 06:00:00,0.61,164.22523,1.0
2020-05-14 07:00:00,0.12,405.6498,1.0
2020-05-14 08:00:00,0.13,621.5945,1.0
2020-05-14 09:00:00,0.24,767.66046,1.0
2020-05-14 10:00:00,0.4,780.4851,1.0
2020-05-14 11:00:00,0.7,736.91406,1.0
2020-05-14 12:00:00,0.81,444.5357,1.0
2020-05-14 13:00:00,0.77,696.81647,1.0
2020-05-14 14:00:00,0.82,605.1753,1.0
2020-05-14 15:00:00,0.46,471.44482,1.0
2020-05-14 16:00:00,0.81,321.3495,1.0
2020-05-14 17:00:00,0.35,145.5614,1.0
2020-05-14 18:00:00,0.39,30.008877,1.0
2020-05-14 19:00:00,0.5,0.0,0.1297222222222222
2020-05-14 20:00:00,0.44,0.0,0.0
2020-05-14 21:00:00,0.3,0.0,0.0
2020-05-14 22:00:00,0.34,0.0,0.0
2020-05-14 23:00:00,0.39,0.0,0.0
2020-05-15 00:00:00,0.17,0.0,0.0
2020-05-15 01:00:00,0.08,0.0,0.0
2020-05-15 02:00:00,0.27,0.0,0.0
2020-05-15 03:00:00,0.46,0.0,0.0
2020-05-15 04:00:00,0.88,0.0,0.24694444444444444
2020-05-15 05:00:00,1.0,35.101612,1.0
2020-05-15 06:00:00,1.0,110.3307,1.0
2020-05-15 07:00:00,1.0,186.20683,1.0
2020-05-15 08:00:00,0.77,378.1287,1.0
2020-05-15 09:00:00,1.0,562.877,1.0
2020-05-15 10:00:00,1.0,551.5122,1.0
2020-05-15 11:00:00,0.93,419.0316,1.0
2020-05-15 12:00:00,0.92,559.288,1.0
2020-05-15 13:00:00,0.94,472.6048,1.0
2020-05-15 14:00:00,0.93,538.3095,1.0
2020-05-15 15:00:00,0.96,352.30835,1.0
2020-05-15 16:00:00,0.96,249.8699,1.0
2020-05-15 17:00:00,0.95,75.46983,1.0
2020-05-15 18:00:00,0.63,24.641464,1.0
2020-05-15 19:00:00,0.88,0.0,0.14527777777777778
2020-05-15 20:00:00,0.96,0.0,0.0
2020-05-15 21:00:00,0.24,0.0,0.0
2020-05-15 22:00:00,0.36,0.0,0.0
2020-05-15 23:00:00,0.98,0.0,0.0
2020-05-16 00:00:00,0.52,0.0,0.0
2020-05-16 01:00:00,0.1,0.0,0.0
2020-05-16 02:00:00,0.0,0.0,0.0
2020-05-16 03:00:00,0.0,0.0,0.0
2020-05-16 04:00:00,0.04,0.0,0.2613888888888889
2020-05-16 05:00:00,0.36,47.654026,1.0
2020-05-16 06:00:00,0.48,191.77103,1.0
2020-05-16 07:00:00,0.41,346.2835,1.0
2020-05-16 08:00:00,0.23,577.8566,1.0
2020-05-16 09:00:00,0.23,717.10486,1.0
2020-05-16 10:00:00,0.17,853.0206,1.0
2020-05-16 11:00:00,0.25,829.9554,1.0
2020-05-16 12:00:00,0.7,885.93866,1.0
2020-05-16 13:00:00,0.3,824.65424,1.0
2020-05-16 14:00:00,0.28,739.89636,1.0
2020-05-16 15:00:00,0.57,494.9824,1.0
2020-05-16 16:00:00,0.18,362.7278,1.0
2020-05-16 17:00:00,0.28,189.15814,1.0
2020-05-16 18:00:00,0.79,37.100414,1.0
2020-05-16 19:00:00,0.77,0.0,0.16055555555555556
2020-05-16 20:00:00,0.43,0.0,0.0
2020-05-16 21:00:00,0.86,0.0,0.0
2020-05-16 22:00:00,0.31,0.0,0.0
2020-05-16 23:00:00,0.35,0.0,0.0
2020-05-17 00:00:00,0.34,0.0,0.0
2020-05-17 01:00:00,0.38,0.0,0.0
2020-05-17 02:00:00,0.24,0.0,0.0
2020-05-17 03:00:00,0.0,0.0,0.0
2020-05-17 04:00:00,0.0,0.0,0.2752777777777778
2020-05-17 05:00:00,0.0,77.46765,1.0
2020-05-17 06:00:00,0.0,269.06784,1.0
2020-05-17 07:00:00,0.0,486.3908,1.0
2020-05-17 08:00:00,0.0,690.30475,1.0
2020-05-17 09:00:00,0.0,856.2287,1.0
2020-05-17 10:00:00,0.44,959.56195,1.0
2020-05-17 11:00:00,0.53,986.5385,1.0
2020-05-17 12:00:00,0.44,942.0424,1.0
2020-05-17 13:00:00,0.37,894.96466,1.0
2020-05-17 14:00:00,0.66,742.4068,1.0
2020-05-17 15:00:00,0.8,574.5426,1.0
2020-05-17 16:00:00,0.73,388.47513,1.0
2020-05-17 17:00:00,0.58,181.13791,1.0
2020-05-17 18:00:00,0.93,42.958565,1.0
2020-05-17 19:00:00,0.94,0.0,0.17583333333333334
2020-05-17 20:00:00,0.87,0.0,0.0
2020-05-17 21:00:00,0.97,0.0,0.0
2020-05-17 22:00:00,0.91,0.0,0.0
2020-05-17 23:00:00,0.9,0.0,0.0
2020-05-18 00:00:00,0.93,0.0,0.0
2020-05-18 01:00:00,0.92,0.0,0.0
2020-05-18 02:00:00,0.95,0.0,0.0
2020-05-18 03:00:00,0.84,0.0,0.0
2020-05-18 04:00:00,0.83,0.99392307,0.28888888888888886
2020-05-18 05:00:00,0.81,74.86204,1.0
2020-05-18 06:00:00,0.88,243.78603,1.0
2020-05-18 07:00:00,0.89,471.17575,1.0
2020-05-18 08:00:00,0.87,685.4285,1.0
2020-05-18 09:00:00,0.8,864.4571,1.0
2020-05-18 10:00:00,0.81,981.2789,1.0
2020-05-18 11:00:00,0.27,1028.5853,1.0
2020-05-18 12:00:00,0.67,907.2165,1.0
2020-05-18 13:00:00,0.46,847.37616,1.0
2020-05-18 14:00:00,0.53,725.0676,1.0
2020-05-18 15:00:00,0.47,611.71533,1.0
2020-05-18 16:00:00,0.37,400.65543,1.0
2020-05-18 17:00:00,0.31,177.42986,1.0
2020-05-18 18:00:00,0.55,34.590805,1.0
2020-05-18 19:00:00,0.71,0.0,0.19111111111111112
2020-05-18 20:00:00,0.63,0.0,0.0
2020-05-18 21:00:00,0.24,0.0,0.0
2020-05-18 22:00:00,0.07,0.0,0.0
2020-05-18 23:00:00,0.0,0.0,0.0
2020-05-19 00:00:00,0.0,0.0,0.0
2020-05-19 01:00:00,0.0,0.0,0.0
2020-05-19 02:00:00,0.0,0.0,0.0
2020-05-19 03:00:00,0.0,0.0,0.0
2020-05-19 04:00:00,0.0,1.9878461,0.30194444444444446
2020-05-19 05:00:00,0.0,83.23449,1.0
2020-05-19 06:00:00,0.0,281.72897,1.0
2020-05-19 07:00:00,0.0,504.62317,1.0
2020-05-19 08:00:00,0.0,710.72266,1.0
2020-05-19 09:00:00,0.0,880.7844,1.0
2020-05-19 10:00:00,0.0,993.10596,1.0
2020-05-19 11:00:00,0.13,983.8703,1.0
2020-05-19 12:00:00,0.58,827.1703,1.0
2020-05-19 13:00:00,0.76,668.399,1.0
2020-05-19 14:00:00,0.42,548.804,1.0
2020-05-19 15:00:00,0.61,455.248,1.0
2020-05-19 16:00:00,0.64,273.66788,1.0
2020-05-19 17:00:00,0.82,153.47803,1.0
2020-05-19 18:00:00,0.72,36.237892,1.0
2020-05-19 19:00:00,0.62,0.0,0.2063888888888889
2020-05-19 20:00:00,0.15,0.0,0.0
2020-05-19 21:00:00,0.31,0.0,0.0
2020-05-19 22:00:00,0.33,0.0,0.0
2020-05-19 23:00:00,0.09,0.0,0.0
2020-05-20 00:00:00,0.75,0.0,0.0
2020-05-20 01:00:00,0.39,0.0,0.0
2020-05-20 02:00:00,0.0,0.0,0.0
2020-05-20 03:00:00,0.0,0.0,0.0
2020-05-20 04:00:00,0.12,1.9878461,0.31472222222222224
2020-05-20 05:00:00,0.39,82.58273,1.0
2020-05-20 06:00:00,0.12,277.1247,1.0
2020-05-20 07:00:00,0.01,501.97568,1.0
2020-05-20 08:00:00,0.0,711.1789,1.0
2020-05-20 09:00:00,0.58,869.7408,1.0
2020-05-20 10:00:00,0.91,975.2791,1.0
2020-05-20 11:00:00,0.78,1041.4801,1.0
2020-05-20 12:00:00,0.52,1038.3557,1.0
2020-05-20 13:00:00,0.27,956.31995,1.0
2020-05-20 14:00:00,0.0,827.2186,1.0
2020-05-20 15:00:00,0.04,642.5415,1.0
2020-05-20 16:00:00,0.0,431.29318,1.0
2020-05-20 17:00:00,0.0,216.34433,1.0
2020-05-20 18:00:00,0.0,40.54114,1.0
2020-05-20 19:00:00,0.0,0.0,0.22138888888888889
2020-05-20 20:00:00,0.0,0.0,0.0
2020-05-20 21:00:00,0.0,0.0,0.0
2020-05-20 22:00:00,0.0,0.0,0.0
2020-05-20 23:00:00,0.0,0.0,0.0
2020-05-21 00:00:00,0.0,0.0,0.0
2020-05-21 01:00:00,0.01,0.0,0.0
2020-05-21 02:00:00,0.0,0.0,0.0
2020-05-21 03:00:00,0.41,0.0,0.0
2020-05-21 04:00:00,0.23,2.239512,0.3269444444444444
2020-05-21 05:00:00,0.0,87.50057,1.0
2020-05-21 06:00:00,0.0,290.122,1.0
2020-05-21 07:00:00,0.0,515.13477,1.0
2020-05-21 08:00:00,0.0,724.39343,1.0
2020-05-21 09:00:00,0.0,895.4744,1.0
2020-05-21 10:00:00,0.0,1008.7337,1.0
2020-05-21 11:00:00,0.01,1022.6413,1.0
2020-05-21 12:00:00,0.49,918.61774,1.0
2020-05-21 13:00:00,0.66,689.4489,1.0
2020-05-21 14:00:00,0.87,551.27466,1.0
2020-05-21 15:00:00,0.91,356.08597,1.0
2020-05-21 16:00:00,0.94,271.4743,1.0
2020-05-21 17:00:00,0.95,131.87187,1.0
2020-05-21 18:00:00,0.94,43.464626,1.0
2020-05-21 19:00:00,0.51,0.0,0.2361111111111111
2020-05-21 20:00:00,0.01,0.0,0.0
2020-05-21 21:00:00,0.01,0.0,0.0
2020-05-21 22:00:00,0.08,0.0,0.0
2020-05-21 23:00:00,0.11,0.0,0.0
2020-05-22 00:00:00,0.0,0.0,0.0
2020-05-22 01:00:00,0.0,0.0,0.0
2020-05-22 02:00:00,0.0,0.0,0.0
2020-05-22 03:00:00,0.0,0.0,0.0
2020-05-22 04:00:00,0.0,2.2413297,0.3388888888888889
2020-05-22 05:00:00,0.0,87.49934,1.0
2020-05-22 06:00:00,0.0,286.62402,1.0
2020-05-22 07:00:00,0.0,509.30005,1.0
2020-05-22 08:00:00,0.0,718.437,1.0
2020-05-22 09:00:00,0.0,889.6228,1.0
2020-05-22 10:00:00,0.2,1008.12665,1.0
2020-05-22 11:00:00,0.4,1049.372,1.0
2020-05-22 12:00:00,0.48,1005.0397,1.0
2020-05-22 13:00:00,0.49,914.99866,1.0
2020-05-22 14:00:00,0.4,740.5108,1.0
2020-05-22 15:00:00,0.38,595.6742,1.0
2020-05-22 16:00:00,0.73,425.52338,1.0
2020-05-22 17:00:00,0.96,140.10063,1.0
2020-05-22 18:00:00,0.54,44.601276,1.0
2020-05-22 19:00:00,0.33,0.0,0.25083333333333335
2020-05-22 20:00:00,0.05,0.0,0.0
2020-05-22 21:00:00,0.34,0.0,0.0
2020-05-22 22:00:00,0.68,0.0,0.0
2020-05-22 23:00:00,0.0,0.0,0.0
2020-05-23 00:00:00,0.26,0.0,0.0
2020-05-23 01:00:00,0.8,0.0,0.0
2020-05-23 02:00:00,0.85,0.0,0.0
2020-05-23 03:00:00,0.76,0.0,0.0
2020-05-23 04:00:00,0.98,1.9878461,0.35
2020-05-23 05:00:00,0.88,73.11101,1.0
2020-05-23 06:00:00,0.49,274.5602,1.0
2020-05-23 07:00:00,0.0,515.21344,1.0
2020-05-23 08:00:00,0.16,714.56464,1.0
2020-05-23 09:00:00,0.4,879.80664,1.0
2020-05-23 10:00:00,0.22,954.0446,1.0
2020-05-23 11:00:00,0.47,913.7255,1.0
2020-05-23 12:00:00,0.72,823.3384,1.0
2020-05-23 13:00:00,0.48,735.70233,1.0
2020-05-23 14:00:00,0.63,503.27197,1.0
2020-05-23 15:00:00,0.81,387.7936,1.0
2020-05-23 16:00:00,1.0,184.01927,1.0
2020-05-23 17:00:00,0.92,183.53345,1.0
2020-05-23 18:00:00,0.85,28.525993,1.0
2020-05-23 19:00:00,0.82,0.0,0.2652777777777778
2020-05-23 20:00:00,0.4,0.0,0.0
2020-05-23 21:00:00,0.33,0.0,0.0
2020-05-23 22:00:00,0.46,0.0,0.0
2020-05-23 23:00:00,0.24,0.0,0.0
2020-05-24 00:00:00,0.67,0.0,0.0
2020-05-24 01:00:00,0.59,0.0,0.0
2020-05-24 02:00:00,0.27,0.0,0.0
2020-05-24 03:00:00,0.12,0.0,0.0
2020-05-24 04:00:00,0.23,2.981769,0.36083333333333334
2020-05-24 05:00:00,0.33,54.43436,1.0
2020-05-24 06:00:00,0.62,226.51692,1.0
2020-05-24 07:00:00,0.99,306.84714,1.0
2020-05-24 08:00:00,0.33,524.8874,1.0
2020-05-24 09:00:00,0.88,473.62292,1.0
2020-05-24 10:00:00,0.77,481.11304,1.0
2020-05-24 11:00:00,0.84,506.29074,1.0
2020-05-24 12:00:00,0.62,659.7851,1.0
2020-05-24 13:00:00,0.99,164.2038,1.0
2020-05-24 14:00:00,1.0,71.563255,1.0
2020-05-24 15:00:00,1.0,121.46258,1.0
2020-05-24 16:00:00,1.0,18.884539,1.0
2020-05-24 17:00:00,1.0,40.50217,1.0
2020-05-24 18:00:00,1.0,12.921,1.0
2020-05-24 19:00:00,1.0,0.0,0.27944444444444444
2020-05-24 20:00:00,1.0,0.0,0.0
2020-05-24 21:00:00,0.8,0.0,0.0
2020-05-24 22:00:00,0.52,0.0,0.0
2020-05-24 23:00:00,0.27,0.0,0.0
2020-05-25 00:00:00,0.15,0.0,0.0
2020-05-25 01:00:00,0.03,0.0,0.0
2020-05-25 02:00:00,0.0,0.0,0.0
2020-05-25 03:00:00,0.0,0.0,0.0
2020-05-25 04:00:00,0.01,2.2443023,0.3713888888888889
2020-05-25 05:00:00,0.02,82.44324,1.0
2020-05-25 06:00:00,0.21,249.07654,1.0
2020-05-25 07:00:00,0.06,494.185,1.0
2020-05-25 08:00:00,0.0,711.4572,1.0
2020-05-25 09:00:00,0.0,888.58655,1.0
2020-05-25 10:00:00,0.22,954.47974,1.0
2020-05-25 11:00:00,0.2,836.1419,1.0
2020-05-25 12:00:00,0.33,931.6773,1.0
2020-05-25 13:00:00,0.29,876.2707,1.0
2020-05-25 14:00:00,0.21,699.87067,1.0
2020-05-25 15:00:00,0.31,535.2099,1.0
2020-05-25 16:00:00,0.28,345.5444,1.0
2020-05-25 17:00:00,0.27,183.94029,1.0
2020-05-25 18:00:00,0.4,41.36304,1.0
2020-05-25 19:00:00,0.3,0.99392307,0.29333333333333333
2020-05-25 20:00:00,0.1,0.0,0.0
2020-05-25 21:00:00,0.0,0.0,0.0
2020-05-25 22:00:00,0.0,0.0,0.0
2020-05-25 23:00:00,0.0,0.0,0.0
2020-05-26 00:00:00,0.0,0.0,0.0
2020-05-26 01:00:00,0.0,0.0,0.0
2020-05-26 02:00:00,0.0,0.0,0.0
2020-05-26 03:00:00,0.0,0.0,0.0
2020-05-26 04:00:00,0.0,2.24457,0.3811111111111111
2020-05-26 05:00:00,0.0,89.27596,1.0
2020-05-26 06:00:00,0.0,286.35678,1.0
2020-05-26 07:00:00,0.0,505.527,1.0
2020-05-26 08:00:00,0.0,708.9079,1.0
2020-05-26 09:00:00,0.0,870.19135,1.0
2020-05-26 10:00:00,0.05,986.5915,1.0
2020-05-26 11:00:00,0.61,1036.756,1.0
2020-05-26 12:00:00,0.0,1018.989,1.0
2020-05-26 13:00:00,0.01,941.6605,1.0
2020-05-26 14:00:00,0.57,752.27234,1.0
2020-05-26 15:00:00,0.35,489.5733,1.0
2020-05-26 16:00:00,0.4,325.0841,1.0
2020-05-26 17:00:00,0.32,204.2175,1.0
2020-05-26 18:00:00,0.09,44.687027,1.0
2020-05-26 19:00:00,0.36,1.9878461,0.30694444444444446
2020-05-26 20:00:00,0.02,0.0,0.0
2020-05-26 21:00:00,0.04,0.0,0.0
2020-05-26 22:00:00,0.02,0.0,0.0
2020-05-26 23:00:00,0.01,0.0,0.0
2020-05-27 00:00:00,0.19,0.0,0.0
2020-05-27 01:00:00,0.14,0.0,0.0
2020-05-27 02:00:00,0.37,0.0,0.0
2020-05-27 03:00:00,0.45,0.0,0.0
2020-05-27 04:00:00,0.43,2.981769,0.39055555555555554
2020-05-27 05:00:00,0.35,82.88482,1.0
2020-05-27 06:00:00,0.34,277.75555,1.0
2020-05-27 07:00:00,0.0,495.37762,1.0
2020-05-27 08:00:00,0.46,694.4454,1.0
2020-05-27 09:00:00,0.31,861.23303,1.0
2020-05-27 10:00:00,0.37,812.25854,1.0
2020-05-27 11:00:00,0.38,811.4247,1.0
2020-05-27 12:00:00,0.46,787.45544,1.0
2020-05-27 13:00:00,0.52,765.7394,1.0
2020-05-27 14:00:00,0.81,627.8732,1.0
2020-05-27 15:00:00,0.77,463.708,1.0
2020-05-27 16:00:00,0.96,303.8857,1.0
2020-05-27 17:00:00,0.97,161.38632,1.0
2020-05-27 18:00:00,0.96,41.3385,1.0
2020-05-27 19:00:00,0.78,0.99392307,0.3202777777777778
2020-05-27 20:00:00,0.38,0.0,0.0
2020-05-27 21:00:00,0.22,0.0,0.0
2020-05-27 22:00:00,0.01,0.0,0.0
2020-05-27 23:00:00,0.02,0.0,0.0
2020-05-28 00:00:00,0.04,0.0,0.0
2020-05-28 01:00:00,0.06,0.0,0.0
2020-05-28 02:00:00,0.02,0.0,0.0
2020-05-28 03:00:00,0.0,0.0,0.0
2020-05-28 04:00:00,0.14,2.2441175,0.39944444444444444
2020-05-28 05:00:00,0.28,70.44781,1.0
2020-05-28 06:00:00,0.53,229.76917,1.0
2020-05-28 07:00:00,0.4,366.53845,1.0
2020-05-28 08:00:00,0.75,513.6369,1.0
2020-05-28 09:00:00,0.71,664.9243,1.0
2020-05-28 10:00:00,0.56,771.3529,1.0
2020-05-28 11:00:00,0.8,650.4468,1.0
2020-05-28 12:00:00,0.23,784.161,1.0
2020-05-28 13:00:00,0.28,647.70667,1.0
2020-05-28 14:00:00,0.22,645.50757,1.0
2020-05-28 15:00:00,0.54,433.4705,1.0
2020-05-28 16:00:00,0.49,248.2376,1.0
2020-05-28 17:00:00,0.6,140.82526,1.0
2020-05-28 18:00:00,0.66,43.907543,1.0
2020-05-28 19:00:00,0.45,1.9878461,0.3333333333333333
2020-05-28 20:00:00,0.56,0.0,0.0
2020-05-28 21:00:00,0.24,0.0,0.0
2020-05-28 22:00:00,0.14,0.0,0.0
2020-05-28 23:00:00,0.1,0.0,0.0
2020-05-29 00:00:00,0.13,0.0,0.0
2020-05-29 01:00:00,0.12,0.0,0.0
2020-05-29 02:00:00,0.08,0.0,0.0
2020-05-29 03:00:00,0.03,0.0,0.0
2020-05-29 04:00:00,0.01,3.2374437,0.4077777777777778
2020-05-29 05:00:00,0.0,90.59832,1.0
2020-05-29 06:00:00,0.0,280.25082,1.0
2020-05-29 07:00:00,0.0,490.4725,1.0
2020-05-29 08:00:00,0.0,689.5389,1.0
2020-05-29 09:00:00,0.02,804.1581,1.0
2020-05-29 10:00:00,0.16,912.83356,1.0
2020-05-29 11:00:00,0.3,916.7826,1.0
2020-05-29 12:00:00,0.51,899.4824,1.0
2020-05-29 13:00:00,0.91,594.4906,1.0
2020-05-29 14:00:00,0.48,712.77277,1.0
2020-05-29 15:00:00,0.23,557.58374,1.0
2020-05-29 16:00:00,0.71,337.9816,1.0
2020-05-29 17:00:00,0.18,199.04778,1.0
2020-05-29 18:00:00,0.19,50.054516,1.0
2020-05-29 19:00:00,0.19,1.9878461,0.3458333333333333
2020-05-29 20:00:00,0.18,0.0,0.0
2020-05-29 21:00:00,0.18,0.0,0.0
2020-05-29 22:00:00,0.37,0.0,0.0
2020-05-29 23:00:00,0.47,0.0,0.0
2020-05-30 00:00:00,0.35,0.0,0.0
2020-05-30 01:00:00,0.38,0.0,0.0
2020-05-30 02:00:00,0.81,0.0,0.0
2020-05-30 03:00:00,0.79,0.0,0.0
2020-05-30 04:00:00,0.31,3.2366266,0.41555555555555557
2020-05-30 05:00:00,0.26,90.76953,1.0
2020-05-30 06:00:00,0.02,273.92435,1.0
2020-05-30 07:00:00,0.06,483.6617,1.0
2020-05-30 08:00:00,0.26,656.4215,1.0
2020-05-30 09:00:00,0.45,743.6598,1.0
2020-05-30 10:00:00,0.72,799.5826,1.0
2020-05-30 11:00:00,0.77,720.2974,1.0
2020-05-30 12:00:00,0.87,777.537,1.0
2020-05-30 13:00:00,0.84,631.5669,1.0
2020-05-30 14:00:00,0.93,492.64227,1.0
2020-05-30 15:00:00,0.95,389.2656,1.0
2020-05-30 16:00:00,0.95,253.80138,1.0
2020-05-30 17:00:00,0.94,146.78078,1.0
2020-05-30 18:00:00,1.0,31.321192,1.0
2020-05-30 19:00:00,1.0,0.99392307,0.35833333333333334
2020-05-30 20:00:00,1.0,0.0,0.0
2020-05-30 21:00:00,1.0,0.0,0.0
2020-05-30 22:00:00,0.99,0.0,0.0
2020-05-30 23:00:00,0.97,0.0,0.0
2020-05-31 00:00:00,0.96,0.0,0.0
2020-05-31 01:00:00,0.99,0.0,0.0
2020-05-31 02:00:00,0.96,0.0,0.0
2020-05-31 03:00:00,0.55,0.0,0.0
2020-05-31 04:00:00,0.47,3.2355037,0.4230555555555556
2020-05-31 05:00:00,0.43,89.956,1.0
2020-05-31 06:00:00,0.23,279.70352,1.0
2020-05-31 07:00:00,0.66,487.39767,1.0
2020-05-31 08:00:00,0.0,688.8098,1.0
2020-05-31 09:00:00,0.32,847.6961,1.0
2020-05-31 10:00:00,0.57,958.31903,1.0
2020-05-31 11:00:00,0.53,952.40137,1.0
2020-05-31 12:00:00,0.75,889.6477,1.0
2020-05-31 13:00:00,0.93,664.3802,1.0
2020-05-31 14:00:00,0.97,530.33496,1.0
2020-05-31 15:00:00,0.99,433.4272,1.0
2020-05-31 16:00:00,0.99,223.12657,1.0
2020-05-31 17:00:00,1.0,113.081345,1.0
2020-05-31 18:00:00,1.0,50.74959,1.0
2020-05-31 19:00:00,0.97,1.9878461,0.37
2020-05-31 20:00:00,1.0,0.0,0.0
2020-05-31 21:00:00,0.99,0.0,0.0
2020-05-31 22:00:00,0.96,0.0,0.0
2020-05-31 23:00:00,0.98,0.0,0.0
2020-06-01 00:00:00,0.99,0.0,0.0
2020-06-01 01:00:00,0.99,0.0,0.0
2020-06-01 02:00:00,1.0,0.0,0.0
2020-06-01 03:00:00,1.0,0.0,0.0
2020-06-01 04:00:00,0.98,3.9756923,0.4297222222222222
2020-06-01 05:00:00,0.99,87.53929,1.0
2020-06-01 06:00:00,0.83,270.23416,1.0
2020-06-01 07:00:00,0.38,490.0601,1.0
2020-06-01 08:00:00,0.51,691.1914,1.0
2020-06-01 09:00:00,0.68,844.4761,1.0
2020-06-01 10:00:00,0.84,921.5266,1.0
2020-06-01 11:00:00,0.89,922.97626,1.0
2020-06-01 12:00:00,0.83,893.93805,1.0
2020-06-01 13:00:00,0.76,733.5925,1.0
2020-06-01 14:00:00,0.91,646.1731,1.0
2020-06-01 15:00:00,0.88,494.8225,1.0
2020-06-01 16:00:00,0.93,344.603,1.0
2020-06-01 17:00:00,0.97,178.97357,1.0
2020-06-01 18:00:00,0.99,54.126923,1.0
2020-06-01 19:00:00,0.98,1.9878461,0.3813888888888889
2020-06-01 20:00:00,0.97,0.0,0.0
2020-06-01 21:00:00,0.97,0.0,0.0
2020-06-01 22:00:00,0.96,0.0,0.0
2020-06-01 23:00:00,0.96,0.0,0.0
2020-06-02 00:00:00,0.97,0.0,0.0
2020-06-02 01:00:00,0.98,0.0,0.0
2020-06-02 02:00:00,0.93,0.0,0.0
2020-06-02 03:00:00,0.95,0.0,0.0
2020-06-02 04:00:00,0.95,3.9756923,0.43583333333333335
2020-06-02 05:00:00,0.92,82.06512,1.0
2020-06-02 06:00:00,0.89,261.98654,1.0
2020-06-02 07:00:00,0.92,454.52335,1.0
2020-06-02 08:00:00,0.96,546.63776,1.0
2020-06-02 09:00:00,0.96,634.5922,1.0
2020-06-02 10:00:00,0.96,669.3134,1.0
2020-06-02 11:00:00,0.98,800.4599,1.0
2020-06-02 12:00:00,0.96,868.0262,1.0
2020-06-02 13:00:00,0.9,806.21075,1.0
2020-06-02 14:00:00,0.69,740.8395,1.0
2020-06-02 15:00:00,0.49,566.45026,1.0
2020-06-02 16:00:00,0.4,380.248,1.0
2020-06-02 17:00:00,0.51,219.01213,1.0
2020-06-02 18:00:00,0.19,54.39683,1.0
2020-06-02 19:00:00,0.49,2.9832883,0.3925
2020-06-02 20:00:00,0.72,0.0,0.0
2020-06-02 21:00:00,0.43,0.0,0.0
2020-06-02 22:00:00,0.72,0.0,0.0
2020-06-02 23:00:00,0.8,0.0,0.0
2020-06-03 00:00:00,0.49,0.0,0.0
2020-06-03 01:00:00,0.75,0.0,0.0
2020-06-03 02:00:00,0.93,0.0,0.0
2020-06-03 03:00:00,0.83,0.0,0.0
2020-06-03 04:00:00,0.36,4.224752,0.4413888888888889
2020-06-03 05:00:00,0.39,94.549736,1.0
2020-06-03 06:00:00,0.0,287.03412,1.0
2020-06-03 07:00:00,0.0,498.2352,1.0
2020-06-03 08:00:00,0.0,696.1294,1.0
2020-06-03 09:00:00,0.15,822.3546,1.0
2020-06-03 10:00:00,0.31,829.34753,1.0
2020-06-03 11:00:00,0.45,802.3675,1.0
2020-06-03 12:00:00,0.35,880.5695,1.0
2020-06-03 13:00:00,0.11,858.4524,1.0
2020-06-03 14:00:00,0.35,624.96204,1.0
2020-06-03 15:00:00,0.55,540.0744,1.0
2020-06-03 16:00:00,0.72,313.72455,1.0
2020-06-03 17:00:00,0.83,118.38169,1.0
2020-06-03 18:00:00,0.99,45.739334,1.0
2020-06-03 19:00:00,0.78,2.981769,0.4033333333333333
2020-06-03 20:00:00,0.76,0.0,0.0
2020-06-03 21:00:00,1.0,0.0,0.0
2020-06-03 22:00:00,0.87,0.0,0.0
2020-06-03 23:00:00,0.38,0.0,0.0
2020-06-04 00:00:00,0.36,0.0,0.0
2020-06-04 01:00:00,0.27,0.0,0.0
2020-06-04 02:00:00,0.0,0.0,0.0
2020-06-04 03:00:00,0.0,0.0,0.0
2020-06-04 04:00:00,0.0,3.47534,0.4463888888888889
2020-06-04 05:00:00,0.0,95.8759,1.0
2020-06-04 06:00:00,0.0,289.80722,1.0
2020-06-04 07:00:00,0.0,504.22162,1.0
2020-06-04 08:00:00,0.0,700.0186,1.0
2020-06-04 09:00:00,0.21,784.68945,1.0
2020-06-04 10:00:00,0.38,832.44495,1.0
2020-06-04 11:00:00,0.35,807.875,1.0
2020-06-04 12:00:00,0.67,880.3535,1.0
2020-06-04 13:00:00,0.53,792.1306,1.0
2020-06-04 14:00:00,0.92,580.2923,1.0
2020-06-04 15:00:00,0.55,509.22287,1.0
2020-06-04 16:00:00,0.63,329.1745,1.0
2020-06-04 17:00:00,0.93,197.06258,1.0
2020-06-04 18:00:00,0.25,58.61102,1.0
2020-06-04 19:00:00,0.36,2.9832883,0.41388888888888886
2020-06-04 20:00:00,0.1,0.0,0.0
2020-06-04 21:00:00,0.11,0.0,0.0
2020-06-04 22:00:00,0.0,0.0,0.0
2020-06-04 23:00:00,0.0,0.0,0.0
2020-06-05 00:00:00,0.21,0.0,0.0
2020-06-05 01:00:00,0.0,0.0,0.0
2020-06-05 02:00:00,0.0,0.0,0.0
2020-06-05 03:00:00,0.0,0.0,0.0
2020-06-05 04:00:00,0.0,3.4700608,0.4508333333333333
2020-06-05 05:00:00,0.0,96.059555,1.0
2020-06-05 06:00:00,0.0,284.54773,1.0
2020-06-05 07:00:00,0.0,505.06686,1.0
2020-06-05 08:00:00,0.0,704.0902,1.0
2020-06-05 09:00:00,0.25,801.54266,1.0
2020-06-05 10:00:00,0.27,875.1173,1.0
2020-06-05 11:00:00,0.34,882.25946,1.0
2020-06-05 12:00:00,0.58,790.91675,1.0
2020-06-05 13:00:00,0.57,781.85443,1.0
2020-06-05 14:00:00,0.42,685.9209,1.0
2020-06-05 15:00:00,0.46,511.27805,1.0
2020-06-05 16:00:00,0.83,344.7057,1.0
2020-06-05 17:00:00,0.98,151.15646,1.0
2020-06-05 18:00:00,0.99,57.310757,1.0
2020-06-05 19:00:00,0.99,2.981769,0.4241666666666667
2020-06-05 20:00:00,1.0,0.0,0.0
2020-06-05 21:00:00,1.0,0.0,0.0
2020-06-05 22:00:00,1.0,0.0,0.0
2020-06-05 23:00:00,1.0,0.0,0.0
2020-06-06 00:00:00,1.0,0.0,0.0
2020-06-06 01:00:00,1.0,0.0,0.0
2020-06-06 02:00:00,0.76,0.0,0.0
2020-06-06 03:00:00,0.92,0.0,0.0
2020-06-06 04:00:00,0.95,3.9756923,0.45472222222222225
2020-06-06 05:00:00,0.83,43.1544,1.0
2020-06-06 06:00:00,1.0,75.56341,1.0
2020-06-06 07:00:00,1.0,144.3351,1.0
2020-06-06 08:00:00,1.0,149.20097,1.0
2020-06-06 09:00:00,1.0,364.09592,1.0
2020-06-06 10:00:00,0.98,176.45877,1.0
2020-06-06 11:00:00,0.98,789.5823,1.0
2020-06-06 12:00:00,0.97,845.3345,1.0
2020-06-06 13:00:00,0.99,454.37973,1.0
2020-06-06 14:00:00,0.91,479.43567,1.0
2020-06-06 15:00:00,0.97,373.90134,1.0
2020-06-06 16:00:00,0.92,303.91245,1.0
2020-06-06 17:00:00,0.95,190.0265,1.0
2020-06-06 18:00:00,0.91,65.12728,1.0
2020-06-06 19:00:00,0.03,3.9772115,0.43444444444444447
2020-06-06 20:00:00,0.0,0.0,0.0
2020-06-06 21:00:00,0.0,0.0,0.0
2020-06-06 22:00:00,0.0,0.0,0.0
2020-06-06 23:00:00,0.0,0.0,0.0
2020-06-07 00:00:00,0.0,0.0,0.0
2020-06-07 01:00:00,0.0,0.0,0.0
2020-06-07 02:00:00,0.0,0.0,0.0
2020-06-07 03:00:00,0.0,0.0,0.0
2020-06-07 04:00:00,0.0,4.4515643,0.45805555555555555
2020-06-07 05:00:00,0.0,99.806984,1.0
2020-06-07 06:00:00,0.0,297.15176,1.0
2020-06-07 07:00:00,0.0,512.83704,1.0
2020-06-07 08:00:00,0.0,711.98505,1.0
2020-06-07 09:00:00,0.0,876.5997,1.0
2020-06-07 10:00:00,0.0,989.09064,1.0
2020-06-07 11:00:00,0.03,1025.4285,1.0
2020-06-07 12:00:00,0.06,988.8346,1.0
2020-06-07 13:00:00,0.31,887.5402,1.0
2020-06-07 14:00:00,0.04,748.0393,1.0
2020-06-07 15:00:00,0.27,605.5576,1.0
2020-06-07 16:00:00,0.05,381.37723,1.0
2020-06-07 17:00:00,0.71,208.1859,1.0
2020-06-07 18:00:00,0.61,55.35742,1.0
2020-06-07 19:00:00,0.01,2.9848075,0.44416666666666665
2020-06-07 20:00:00,0.0,0.0,0.0
2020-06-07 21:00:00,0.0,0.0,0.0
2020-06-07 22:00:00,0.0,0.0,0.0
2020-06-07 23:00:00,0.0,0.0,0.0
2020-06-08 00:00:00,0.0,0.0,0.0
2020-06-08 01:00:00,0.0,0.0,0.0
2020-06-08 02:00:00,0.0,0.0,0.0
2020-06-08 03:00:00,0.0,0.0,0.0
2020-06-08 04:00:00,0.0,4.444487,0.4608333333333333
2020-06-08 05:00:00,0.01,95.61264,1.0
2020-06-08 06:00:00,0.03,287.96344,1.0
2020-06-08 07:00:00,0.0,503.10086,1.0
2020-06-08 08:00:00,0.01,704.10583,1.0
2020-06-08 09:00:00,0.0,836.6441,1.0
2020-06-08 10:00:00,0.38,852.68884,1.0
2020-06-08 11:00:00,0.31,884.2773,1.0
2020-06-08 12:00:00,0.18,872.21936,1.0
2020-06-08 13:00:00,0.34,717.3809,1.0
2020-06-08 14:00:00,0.39,697.46594,1.0
2020-06-08 15:00:00,0.21,601.7931,1.0
2020-06-08 16:00:00,0.06,424.2482,1.0
2020-06-08 17:00:00,0.01,194.61765,1.0
2020-06-08 18:00:00,0.16,61.996296,1.0
2020-06-08 19:00:00,0.56,2.9832883,0.45361111111111113
2020-06-08 20:00:00,0.91,0.0,0.0
2020-06-08 21:00:00,1.0,0.0,0.0
2020-06-08 22:00:00,0.97,0.0,0.0
2020-06-08 23:00:00,0.95,0.0,0.0
2020-06-09 00:00:00,0.99,0.0,0.0
2020-06-09 01:00:00,1.0,0.0,0.0
2020-06-09 02:00:00,1.0,0.0,0.0
2020-06-09 03:00:00,0.97,0.0,0.0
2020-06-09 04:00:00,1.0,0.99392307,0.46305555555555555
2020-06-09 05:00:00,1.0,27.829845,1.0
2020-06-09 06:00:00,1.0,65.60377,1.0
2020-06-09 07:00:00,1.0,171.61882,1.0
2020-06-09 08:00:00,1.0,186.1933,1.0
2020-06-09 09:00:00,1.0,320.25342,1.0
2020-06-09 10:00:00,1.0,642.48157,1.0
2020-06-09 11:00:00,1.0,811.1367,1.0
2020-06-09 12:00:00,0.44,1014.2763,1.0
2020-06-09 13:00:00,0.17,905.89087,1.0
2020-06-09 14:00:00,0.07,835.71857,1.0
2020-06-09 15:00:00,0.0,664.361,1.0
2020-06-09 16:00:00,0.0,463.07877,1.0
2020-06-09 17:00:00,0.0,222.79662,1.0
2020-06-09 18:00:00,0.1,61.609634,1.0
2020-06-09 19:00:00,0.0,3.978731,0.4627777777777778
2020-06-09 20:00:00,0.0,0.0,0.0
2020-06-09 21:00:00,0.01,0.0,0.0
2020-06-09 22:00:00,0.0,0.0,0.0
2020-06-09 23:00:00,0.0,0.0,0.0
2020-06-10 00:00:00,0.0,0.0,0.0
2020-06-10 01:00:00,0.0,0.0,0.0
2020-06-10 02:00:00,0.01,0.0,0.0
2020-06-10 03:00:00,0.01,0.0,0.0
2020-06-10 04:00:00,0.0,4.428787,0.4647222222222222
2020-06-10 05:00:00,0.0,97.79015,1.0
2020-06-10 06:00:00,0.0,292.58795,1.0
2020-06-10 07:00:00,0.0,508.9627,1.0
2020-06-10 08:00:00,0.0,711.2657,1.0
2020-06-10 09:00:00,0.0,877.8139,1.0
2020-06-10 10:00:00,0.1,985.8076,1.0
2020-06-10 11:00:00,0.25,1034.5612,1.0
2020-06-10 12:00:00,0.27,999.38806,1.0
2020-06-10 13:00:00,0.34,940.15076,1.0
2020-06-10 14:00:00,0.47,702.4824,1.0
2020-06-10 15:00:00,0.64,522.33673,1.0
2020-06-10 16:00:00,0.46,423.82574,1.0
2020-06-10 17:00:00,0.54,206.7425,1.0
2020-06-10 18:00:00,0.27,64.65334,1.0
2020-06-10 19:00:00,0.19,4.9711347,0.4713888888888889
2020-06-10 20:00:00,0.05,0.0,0.0
2020-06-10 21:00:00,0.02,0.0,0.0
2020-06-10 22:00:00,0.0,0.0,0.0
2020-06-10 23:00:00,0.0,0.0,0.0
2020-06-11 00:00:00,0.0,0.0,0.0
2020-06-11 01:00:00,0.0,0.0,0.0
2020-06-11 02:00:00,0.0,0.0,0.0
2020-06-11 03:00:00,0.0,0.0,0.0
2020-06-11 04:00:00,0.0,4.420236,0.4658333333333333
2020-06-11 05:00:00,0.0,99.51995,1.0
2020-06-11 06:00:00,0.0,295.40195,1.0
2020-06-11 07:00:00,0.0,511.91025,1.0
2020-06-11 08:00:00,0.0,714.206,1.0
2020-06-11 09:00:00,0.0,878.7234,1.0
2020-06-11 10:00:00,0.0,991.08856,1.0
2020-06-11 11:00:00,0.0,1038.4706,1.0
2020-06-11 12:00:00,0.39,937.5024,1.0
2020-06-11 13:00:00,0.5,869.3921,1.0
2020-06-11 14:00:00,0.34,743.749,1.0
2020-06-11 15:00:00,0.51,555.9982,1.0
2020-06-11 16:00:00,0.1,403.33664,1.0
2020-06-11 17:00:00,0.07,219.67839,1.0
2020-06-11 18:00:00,0.04,64.01931,1.0
2020-06-11 19:00:00,0.02,3.978731,0.4797222222222222
2020-06-11 20:00:00,0.0,0.0,0.0
2020-06-11 21:00:00,0.0,0.0,0.0
2020-06-11 22:00:00,0.0,0.0,0.0
2020-06-11 23:00:00,0.0,0.0,0.0
2020-06-12 00:00:00,0.0,0.0,0.0
2020-06-12 01:00:00,0.0,0.0,0.0
2020-06-12 02:00:00,0.0,0.0,0.0
2020-06-12 03:00:00,0.0,0.0,0.0
2020-06-12 04:00:00,0.0,4.4113073,0.4663888888888889
2020-06-12 05:00:00,0.0,98.41977,1.0
2020-06-12 06:00:00,0.0,294.24594,1.0
2020-06-12 07:00:00,0.0,510.7336,1.0
2020-06-12 08:00:00,0.0,710.87555,1.0
2020-06-12 09:00:00,0.0,874.395,1.0
2020-06-12 10:00:00,0.08,965.0291,1.0
2020-06-12 11:00:00,0.32,1011.48224,1.0
2020-06-12 12:00:00,0.15,982.4288,1.0
2020-06-12 13:00:00,0.58,808.5529,1.0
2020-06-12 14:00:00,0.54,644.1301,1.0
2020-06-12 15:00:00,0.29,545.147,1.0
2020-06-12 16:00:00,0.55,412.44315,1.0
2020-06-12 17:00:00,0.21,222.36386,1.0
2020-06-12 18:00:00,0.49,57.84874,1.0
2020-06-12 19:00:00,0.18,3.978731,0.4875
2020-06-12 20:00:00,0.04,0.0,0.0
2020-06-12 21:00:00,0.24,0.0,0.0
2020-06-12 22:00:00,0.13,0.0,0.0
2020-06-12 23:00:00,0.0,0.0,0.0
2020-06-13 00:00:00,0.0,0.0,0.0
2020-06-13 01:00:00,0.0,0.0,0.0
2020-06-13 02:00:00,0.0,0.0,0.0
2020-06-13 03:00:00,0.06,0.0,0.0
2020-06-13 04:00:00,0.0,4.4019103,0.4666666666666667
2020-06-13 05:00:00,0.0,95.79842,1.0
2020-06-13 06:00:00,0.0,286.1479,1.0
2020-06-13 07:00:00,0.36,448.55228,1.0
2020-06-13 08:00:00,0.45,612.34827,1.0
2020-06-13 09:00:00,0.28,818.86145,1.0
2020-06-13 10:00:00,0.14,928.6302,1.0
2020-06-13 11:00:00,0.76,770.3582,1.0
2020-06-13 12:00:00,0.21,911.89655,1.0
2020-06-13 13:00:00,0.95,532.2561,1.0
2020-06-13 14:00:00,0.63,562.8235,1.0
2020-06-13 15:00:00,0.69,501.98807,1.0
2020-06-13 16:00:00,1.0,218.22804,1.0
2020-06-13 17:00:00,0.98,116.40262,1.0
2020-06-13 18:00:00,0.99,46.762966,1.0
2020-06-13 19:00:00,0.94,3.9756923,0.495
2020-06-13 20:00:00,0.91,0.0,0.0
2020-06-13 21:00:00,0.98,0.0,0.0
2020-06-13 22:00:00,0.98,0.0,0.0
2020-06-13 23:00:00,1.0,0.0,0.0
2020-06-14 00:00:00,0.97,0.0,0.0
2020-06-14 01:00:00,0.97,0.0,0.0
2020-06-14 02:00:00,0.91,0.0,0.0
2020-06-14 03:00:00,0.39,0.0,0.0
2020-06-14 04:00:00,1.0,4.1839747,0.4661111111111111
2020-06-14 05:00:00,0.99,84.12786,1.0
2020-06-14 06:00:00,0.02,285.0217,1.0
2020-06-14 07:00:00,0.01,497.9776,1.0
2020-06-14 08:00:00,0.91,659.2867,1.0
2020-06-14 09:00:00,0.64,794.79474,1.0
2020-06-14 10:00:00,0.69,960.6257,1.0
2020-06-14 11:00:00,0.03,1029.003,1.0
2020-06-14 12:00:00,0.15,1000.3791,1.0
2020-06-14 13:00:00,0.06,859.44763,1.0
2020-06-14 14:00:00,0.11,781.0216,1.0
2020-06-14 15:00:00,0.05,629.8325,1.0
2020-06-14 16:00:00,0.25,434.22076,1.0
2020-06-14 17:00:00,0.27,169.8764,1.0
2020-06-14 18:00:00,0.38,65.022575,1.0
2020-06-14 19:00:00,0.28,4.972654,0.5022222222222222
2020-06-14 20:00:00,0.06,0.0,0.0
2020-06-14 21:00:00,0.06,0.0,0.0
2020-06-14 22:00:00,0.0,0.0,0.0
2020-06-14 23:00:00,0.0,0.0,0.0
2020-06-15 00:00:00,0.0,0.0,0.0
2020-06-15 01:00:00,0.0,0.0,0.0
2020-06-15 02:00:00,0.05,0.0,0.0
2020-06-15 03:00:00,0.01,0.0,0.0
2020-06-15 04:00:00,0.0,4.3822465,0.4652777777777778
2020-06-15 05:00:00,0.0,100.61723,1.0
2020-06-15 06:00:00,0.68,291.85205,1.0
2020-06-15 07:00:00,0.84,502.27087,1.0
2020-06-15 08:00:00,0.07,701.87634,1.0
2020-06-15 09:00:00,0.0,877.7226,1.0
2020-06-15 10:00:00,0.01,994.95013,1.0
2020-06-15 11:00:00,0.0,1051.1414,1.0
2020-06-15 12:00:00,0.01,1009.44965,1.0
2020-06-15 13:00:00,0.51,787.57513,1.0
2020-06-15 14:00:00,0.7,698.53735,1.0
2020-06-15 15:00:00,0.5,580.9419,1.0
2020-06-15 16:00:00,0.35,442.61868,1.0
2020-06-15 17:00:00,0.36,236.41797,1.0
2020-06-15 18:00:00,0.51,66.033554,1.0
2020-06-15 19:00:00,0.43,5.9650574,0.5086111111111111
2020-06-15 20:00:00,0.57,0.0,0.0
2020-06-15 21:00:00,0.15,0.0,0.0
2020-06-15 22:00:00,0.31,0.0,0.0
2020-06-15 23:00:00,0.08,0.0,0.0
2020-06-16 00:00:00,0.01,0.0,0.0
2020-06-16 01:00:00,0.0,0.0,0.0
2020-06-16 02:00:00,0.0,0.0,0.0
2020-06-16 03:00:00,0.0,0.0,0.0
2020-06-16 04:00:00,0.0,4.371878,0.46416666666666667
2020-06-16 05:00:00,0.0,98.844505,1.0
2020-06-16 06:00:00,0.46,296.68588,1.0
2020-06-16 07:00:00,0.25,512.2673,1.0
2020-06-16 08:00:00,0.82,710.2645,1.0
2020-06-16 09:00:00,0.87,864.1669,1.0
2020-06-16 10:00:00,0.91,956.05426,1.0
2020-06-16 11:00:00,0.72,918.5273,1.0
2020-06-16 12:00:00,0.91,953.3451,1.0
2020-06-16 13:00:00,0.38,868.1066,1.0
2020-06-16 14:00:00,0.44,690.27655,1.0
2020-06-16 15:00:00,0.4,563.88983,1.0
2020-06-16 16:00:00,0.15,406.96878,1.0
2020-06-16 17:00:00,0.15,219.86623,1.0
2020-06-16 18:00:00,0.47,65.98836,1.0
2020-06-16 19:00:00,0.03,4.974173,0.5147222222222222
2020-06-16 20:00:00,0.0,0.0,0.0
2020-06-16 21:00:00,0.0,0.0,0.0
2020-06-16 22:00:00,0.0,0.0,0.0
2020-06-16 23:00:00,0.0,0.0,0.0
2020-06-17 00:00:00,0.0,0.0,0.0
2020-06-17 01:00:00,0.0,0.0,0.0
2020-06-17 02:00:00,0.0,0.0,0.0
2020-06-17 03:00:00,0.0,0.0,0.0
2020-06-17 04:00:00,0.0,4.3613024,0.4625
2020-06-17 05:00:00,0.23,98.74612,1.0
2020-06-17 06:00:00,0.44,295.59137,1.0
2020-06-17 07:00:00,0.31,512.0886,1.0
2020-06-17 08:00:00,0.14,714.3598,1.0
2020-06-17 09:00:00,0.28,874.67456,1.0
2020-06-17 10:00:00,0.22,986.8038,1.0
2020-06-17 11:00:00,0.0,1046.6615,1.0
2020-06-17 12:00:00,0.0,1037.3955,1.0
2020-06-17 13:00:00,0.0,963.0322,1.0
2020-06-17 14:00:00,0.05,804.78424,1.0
2020-06-17 15:00:00,0.19,598.2052,1.0
2020-06-17 16:00:00,0.17,388.03607,1.0
2020-06-17 17:00:00,0.16,213.52454,1.0
2020-06-17 18:00:00,0.29,65.5771,1.0
2020-06-17 19:00:00,0.5,4.972654,0.52
2020-06-17 20:00:00,0.31,0.0,0.0
2020-06-17 21:00:00,0.0,0.0,0.0
2020-06-17 22:00:00,0.0,0.0,0.0
2020-06-17 23:00:00,0.0,0.0,0.0
2020-06-18 00:00:00,0.0,0.0,0.0
2020-06-18 01:00:00,0.0,0.0,0.0
2020-06-18 02:00:00,0.01,0.0,0.0
2020-06-18 03:00:00,0.0,0.0,0.0
2020-06-18 04:00:00,0.01,4.3504596,0.4602777777777778
2020-06-18 05:00:00,0.0,92.990166,1.0
2020-06-18 06:00:00,0.01,278.66455,1.0
2020-06-18 07:00:00,0.02,487.99622,1.0
2020-06-18 08:00:00,0.03,680.2682,1.0
2020-06-18 09:00:00,0.04,841.2076,1.0
2020-06-18 10:00:00,0.12,900.6259,1.0
2020-06-18 11:00:00,0.19,960.6982,1.0
2020-06-18 12:00:00,0.29,921.4782,1.0
2020-06-18 13:00:00,0.74,574.93805,1.0
2020-06-18 14:00:00,0.82,336.52417,1.0
2020-06-18 15:00:00,0.87,249.7126,1.0
2020-06-18 16:00:00,0.98,148.5833,1.0
2020-06-18 17:00:00,0.79,77.74012,1.0
2020-06-18 18:00:00,0.97,30.40218,1.0
2020-06-18 19:00:00,1.0,1.9878461,0.525
2020-06-18 20:00:00,0.89,0.0,0.0
2020-06-18 21:00:00,0.93,0.0,0.0
2020-06-18 22:00:00,0.87,0.0,0.0
2020-06-18 23:00:00,0.54,0.0,0.0
2020-06-19 00:00:00,0.72,0.0,0.0
2020-06-19 01:00:00,0.67,0.0,0.0
2020-06-19 02:00:00,0.79,0.0,0.0
2020-06-19 03:00:00,0.66,0.0,0.0
2020-06-19 04:00:00,0.73,2.981769,0.4575
2020-06-19 05:00:00,0.89,26.685772,1.0
2020-06-19 06:00:00,0.46,196.46326,1.0
2020-06-19 07:00:00,0.91,319.67984,1.0
2020-06-19 08:00:00,0.72,399.7079,1.0
2020-06-19 09:00:00,0.54,603.37244,1.0
2020-06-19 10:00:00,0.34,763.8412,1.0
2020-06-19 11:00:00,0.5,767.7627,1.0
2020-06-19 12:00:00,0.71,676.111,1.0
2020-06-19 13:00:00,1.0,430.1296,1.0
2020-06-19 14:00:00,0.99,363.4489,1.0
2020-06-19 15:00:00,0.69,423.4034,1.0
2020-06-19 16:00:00,0.94,294.02856,1.0
2020-06-19 17:00:00,0.98,169.92172,1.0
2020-06-19 18:00:00,0.5,65.86633,1.0
2020-06-19 19:00:00,0.75,5.9650574,0.5294444444444445
2020-06-19 20:00:00,0.73,0.0,0.0
2020-06-19 21:00:00,0.06,0.0,0.0
2020-06-19 22:00:00,0.0,0.0,0.0
2020-06-19 23:00:00,0.0,0.0,0.0
2020-06-20 00:00:00,0.0,0.0,0.0
2020-06-20 01:00:00,0.0,0.0,0.0
2020-06-20 02:00:00,0.0,0.0,0.0
2020-06-20 03:00:00,0.0,0.0,0.0
2020-06-20 04:00:00,0.0,4.328143,0.45472222222222225
2020-06-20 05:00:00,0.0,97.63954,1.0
2020-06-20 06:00:00,0.0,293.3694,1.0
2020-06-20 07:00:00,0.0,506.61633,1.0
2020-06-20 08:00:00,0.91,651.86725,1.0
2020-06-20 09:00:00,0.85,785.76056,1.0
2020-06-20 10:00:00,0.0,983.80273,1.0
2020-06-20 11:00:00,0.0,1043.3636,1.0
2020-06-20 12:00:00,0.0,1034.1556,1.0
2020-06-20 13:00:00,0.21,936.3518,1.0
2020-06-20 14:00:00,0.42,788.2933,1.0
2020-06-20 15:00:00,0.57,608.5436,1.0
2020-06-20 16:00:00,0.2,378.88266,1.0
2020-06-20 17:00:00,0.31,165.98836,1.0
2020-06-20 18:00:00,0.95,68.984436,1.0
2020-06-20 19:00:00,0.97,5.963538,0.5330555555555555
2020-06-20 20:00:00,1.0,0.0,0.0
2020-06-20 21:00:00,1.0,0.0,0.0
2020-06-20 22:00:00,1.0,0.0,0.0
2020-06-20 23:00:00,1.0,0.0,0.0
2020-06-21 00:00:00,1.0,0.0,0.0
2020-06-21 01:00:00,0.98,0.0,0.0
2020-06-21 02:00:00,0.99,0.0,0.0
2020-06-21 03:00:00,0.95,0.0,0.0
2020-06-21 04:00:00,1.0,2.981769,0.45111111111111113
2020-06-21 05:00:00,1.0,47.708305,1.0
2020-06-21 06:00:00,1.0,104.36192,1.0
2020-06-21 07:00:00,1.0,171.9487,1.0
2020-06-21 08:00:00,1.0,248.48077,1.0
2020-06-21 09:00:00,1.0,452.94336,1.0
2020-06-21 10:00:00,1.0,663.05023,1.0
2020-06-21 11:00:00,1.0,790.2196,1.0
2020-06-21 12:00:00,1.0,467.8866,1.0
2020-06-21 13:00:00,1.0,546.4593,1.0
2020-06-21 14:00:00,0.6,641.2185,1.0
2020-06-21 15:00:00,0.68,376.8659,1.0
2020-06-21 16:00:00,0.7,303.69272,1.0
2020-06-21 17:00:00,0.53,150.8111,1.0
2020-06-21 18:00:00,0.28,64.778465,1.0
2020-06-21 19:00:00,0.79,5.9650574,0.5361111111111111
2020-06-21 20:00:00,0.63,0.0,0.0
2020-06-21 21:00:00,0.86,0.0,0.0
2020-06-21 22:00:00,0.79,0.0,0.0
2020-06-21 23:00:00,0.68,0.0,0.0
2020-06-22 00:00:00,0.68,0.0,0.0
2020-06-22 01:00:00,0.95,0.0,0.0
2020-06-22 02:00:00,0.96,0.0,0.0
2020-06-22 03:00:00,0.23,0.0,0.0
2020-06-22 04:00:00,0.0,4.140376,0.44722222222222224
2020-06-22 05:00:00,0.0,90.19944,1.0
2020-06-22 06:00:00,0.0,276.46555,1.0
2020-06-22 07:00:00,0.0,484.9448,1.0
2020-06-22 08:00:00,0.0,681.54724,1.0
2020-06-22 09:00:00,0.19,778.53534,1.0
2020-06-22 10:00:00,0.31,806.407,1.0
2020-06-22 11:00:00,0.34,824.70874,1.0
2020-06-22 12:00:00,0.36,839.0608,1.0
2020-06-22 13:00:00,0.34,799.3288,1.0
2020-06-22 14:00:00,0.33,639.0302,1.0
2020-06-22 15:00:00,0.29,503.7129,1.0
2020-06-22 16:00:00,0.6,354.01987,1.0
2020-06-22 17:00:00,0.77,218.40363,1.0
2020-06-22 18:00:00,0.62,61.318253,1.0
2020-06-22 19:00:00,0.62,4.9711347,0.5386111111111112
2020-06-22 20:00:00,0.22,0.0,0.0
2020-06-22 21:00:00,0.1,0.0,0.0
2020-06-22 22:00:00,0.16,0.0,0.0
2020-06-22 23:00:00,0.63,0.0,0.0
2020-06-23 00:00:00,0.9,0.0,0.0
2020-06-23 01:00:00,0.63,0.0,0.0
2020-06-23 02:00:00,0.12,0.0,0.0
2020-06-23 03:00:00,0.03,0.0,0.0
2020-06-23 04:00:00,0.01,4.1341805,0.44277777777777777
2020-06-23 05:00:00,0.0,88.47809,1.0
2020-06-23 06:00:00,0.08,271.4998,1.0
2020-06-23 07:00:00,0.1,480.67084,1.0
2020-06-23 08:00:00,0.01,678.4348,1.0
2020-06-23 09:00:00,0.02,788.4796,1.0
2020-06-23 10:00:00,0.28,883.3524,1.0
2020-06-23 11:00:00,0.4,855.10785,1.0
2020-06-23 12:00:00,0.53,874.8425,1.0
2020-06-23 13:00:00,0.93,552.1553,1.0
2020-06-23 14:00:00,0.47,614.52686,1.0
2020-06-23 15:00:00,0.67,461.639,1.0
2020-06-23 16:00:00,0.7,359.47546,1.0
2020-06-23 17:00:00,0.54,173.77132,1.0
2020-06-23 18:00:00,0.81,70.71837,1.0
2020-06-23 19:00:00,0.41,4.972654,0.5408333333333334
2020-06-23 20:00:00,0.45,0.0,0.0
2020-06-23 21:00:00,0.04,0.0,0.0
2020-06-23 22:00:00,0.0,0.0,0.0
2020-06-23 23:00:00,0.0,0.0,0.0
2020-06-24 00:00:00,0.0,0.0,0.0
2020-06-24 01:00:00,0.0,0.0,0.0
2020-06-24 02:00:00,0.0,0.0,0.0
2020-06-24 03:00:00,0.0,0.0,0.0
2020-06-24 04:00:00,0.0,4.12748,0.43777777777777777
2020-06-24 05:00:00,0.0,90.54512,1.0
2020-06-24 06:00:00,0.04,279.38312,1.0
2020-06-24 07:00:00,0.33,483.8252,1.0
2020-06-24 08:00:00,0.46,627.86786,1.0
2020-06-24 09:00:00,0.32,784.5387,1.0
2020-06-24 10:00:00,0.7,814.0368,1.0
2020-06-24 11:00:00,0.39,908.1141,1.0
2020-06-24 12:00:00,0.46,885.26416,1.0
2020-06-24 13:00:00,0.43,846.8074,1.0
2020-06-24 14:00:00,0.77,668.0603,1.0
2020-06-24 15:00:00,0.54,534.2988,1.0
2020-06-24 16:00:00,0.69,315.70718,1.0
2020-06-24 17:00:00,0.89,62.930458,1.0
2020-06-24 18:00:00,1.0,26.224033,1.0
2020-06-24 19:00:00,0.99,3.9756923,0.5425
2020-06-24 20:00:00,0.95,0.0,0.0
2020-06-24 21:00:00,0.97,0.0,0.0
2020-06-24 22:00:00,0.94,0.0,0.0
2020-06-24 23:00:00,0.83,0.0,0.0
2020-06-25 00:00:00,0.35,0.0,0.0
2020-06-25 01:00:00,0.26,0.0,0.0
2020-06-25 02:00:00,0.01,0.0,0.0
2020-06-25 03:00:00,0.5,0.0,0.0
2020-06-25 04:00:00,0.66,4.1204224,0.43222222222222223
2020-06-25 05:00:00,0.49,80.759415,1.0
2020-06-25 06:00:00,0.31,254.72748,1.0
2020-06-25 07:00:00,0.03,470.83087,1.0
2020-06-25 08:00:00,0.09,667.7085,1.0
2020-06-25 09:00:00,0.66,811.7635,1.0
2020-06-25 10:00:00,0.8,724.19244,1.0
2020-06-25 11:00:00,0.93,636.4907,1.0
2020-06-25 12:00:00,0.95,700.354,1.0
2020-06-25 13:00:00,0.96,727.11115,1.0
2020-06-25 14:00:00,0.92,551.65643,1.0
2020-06-25 15:00:00,0.6,574.4012,1.0
2020-06-25 16:00:00,0.63,328.1641,1.0
2020-06-25 17:00:00,0.94,195.59338,1.0
2020-06-25 18:00:00,0.84,71.620445,1.0
2020-06-25 19:00:00,0.95,5.963538,0.5436111111111112
2020-06-25 20:00:00,0.96,0.0,0.0
2020-06-25 21:00:00,0.83,0.0,0.0
2020-06-25 22:00:00,0.49,0.0,0.0
2020-06-25 23:00:00,0.5,0.0,0.0
2020-06-26 00:00:00,0.35,0.0,0.0
2020-06-26 01:00:00,0.47,0.0,0.0
2020-06-26 02:00:00,0.23,0.0,0.0
2020-06-26 03:00:00,0.33,0.0,0.0
2020-06-26 04:00:00,0.0,3.118915,0.4261111111111111
2020-06-26 05:00:00,0.0,87.10621,1.0
2020-06-26 06:00:00,0.06,268.51483,1.0
2020-06-26 07:00:00,0.0,478.83014,1.0
2020-06-26 08:00:00,0.0,675.59406,1.0
2020-06-26 09:00:00,0.01,831.42303,1.0
2020-06-26 10:00:00,0.73,866.8478,1.0
2020-06-26 11:00:00,0.79,805.7227,1.0
2020-06-26 12:00:00,0.98,518.41077,1.0
2020-06-26 13:00:00,0.83,545.2729,1.0
2020-06-26 14:00:00,0.74,573.4085,1.0
2020-06-26 15:00:00,0.84,304.94397,1.0
2020-06-26 16:00:00,0.75,263.55753,1.0
2020-06-26 17:00:00,1.0,78.61133,1.0
2020-06-26 18:00:00,0.97,51.622723,1.0
2020-06-26 19:00:00,0.99,4.9696155,0.5444444444444444
2020-06-26 20:00:00,0.91,0.0,0.0
2020-06-26 21:00:00,0.91,0.0,0.0
2020-06-26 22:00:00,0.95,0.0,0.0
2020-06-26 23:00:00,0.76,0.0,0.0
2020-06-27 00:00:00,0.79,0.0,0.0
2020-06-27 01:00:00,0.77,0.0,0.0
2020-06-27 02:00:00,0.48,0.0,0.0
2020-06-27 03:00:00,0.36,0.0,0.0
2020-06-27 04:00:00,0.0,3.1109133,0.41944444444444445
2020-06-27 05:00:00,0.0,89.32623,1.0
2020-06-27 06:00:00,0.0,278.40955,1.0
2020-06-27 07:00:00,0.01,489.3745,1.0
2020-06-27 08:00:00,0.0,689.5201,1.0
2020-06-27 09:00:00,0.09,817.8268,1.0
2020-06-27 10:00:00,0.07,949.1548,1.0
2020-06-27 11:00:00,0.24,970.76917,1.0
2020-06-27 12:00:00,0.22,955.67786,1.0
2020-06-27 13:00:00,0.4,783.5998,1.0
2020-06-27 14:00:00,0.77,598.0883,1.0
2020-06-27 15:00:00,0.55,542.3841,1.0
2020-06-27 16:00:00,0.38,354.16373,1.0
2020-06-27 17:00:00,0.48,220.43079,1.0
2020-06-27 18:00:00,0.54,66.87587,1.0
2020-06-27 19:00:00,0.61,5.9665766,0.5444444444444444
2020-06-27 20:00:00,0.33,0.0,0.0
2020-06-27 21:00:00,0.22,0.0,0.0
2020-06-27 22:00:00,0.17,0.0,0.0
2020-06-27 23:00:00,0.07,0.0,0.0
2020-06-28 00:00:00,0.24,0.0,0.0
2020-06-28 01:00:00,0.36,0.0,0.0
2020-06-28 02:00:00,0.16,0.0,0.0
2020-06-28 03:00:00,0.0,0.0,0.0
2020-06-28 04:00:00,0.15,3.1024587,0.4122222222222222
2020-06-28 05:00:00,0.47,86.96516,1.0
2020-06-28 06:00:00,0.12,278.4347,1.0
2020-06-28 07:00:00,0.47,479.8213,1.0
2020-06-28 08:00:00,0.46,680.3928,1.0
2020-06-28 09:00:00,0.88,775.13367,1.0
2020-06-28 10:00:00,0.89,592.0487,1.0
2020-06-28 11:00:00,0.71,821.51825,1.0
2020-06-28 12:00:00,0.88,588.46136,1.0
2020-06-28 13:00:00,0.97,598.1229,1.0
2020-06-28 14:00:00,0.99,482.44336,1.0
2020-06-28 15:00:00,0.85,581.3955,1.0
2020-06-28 16:00:00,0.99,256.49313,1.0
2020-06-28 17:00:00,0.97,163.26201,1.0
2020-06-28 18:00:00,0.89,73.83945,1.0
2020-06-28 19:00:00,0.81,5.9665766,0.5441666666666667
2020-06-28 20:00:00,0.81,0.0,0.0
2020-06-28 21:00:00,0.82,0.0,0.0
2020-06-28 22:00:00,0.75,0.0,0.0
2020-06-28 23:00:00,0.43,0.0,0.0
2020-06-29 00:00:00,0.09,0.0,0.0
2020-06-29 01:00:00,0.0,0.0,0.0
2020-06-29 02:00:00,0.0,0.0,0.0
2020-06-29 03:00:00,0.0,0.0,0.0
2020-06-29 04:00:00,0.01,3.0935442,0.40444444444444444
2020-06-29 05:00:00,0.63,77.0657,1.0
2020-06-29 06:00:00,0.24,268.6412,1.0
2020-06-29 07:00:00,0.28,466.67178,1.0
2020-06-29 08:00:00,0.12,577.41046,1.0
2020-06-29 09:00:00,0.47,822.1347,1.0
2020-06-29 10:00:00,0.97,940.09326,1.0
2020-06-29 11:00:00,0.95,955.3662,1.0
2020-06-29 12:00:00,0.97,890.9796,1.0
2020-06-29 13:00:00,0.84,840.1802,1.0
2020-06-29 14:00:00,0.74,725.07886,1.0
2020-06-29 15:00:00,0.85,528.0977,1.0
2020-06-29 16:00:00,0.94,362.9347,1.0
2020-06-29 17:00:00,0.85,239.7288,1.0
2020-06-29 18:00:00,0.97,72.98321,1.0
2020-06-29 19:00:00,0.72,5.9665766,0.5433333333333333
2020-06-29 20:00:00,0.12,0.0,0.0
2020-06-29 21:00:00,0.04,0.0,0.0
2020-06-29 22:00:00,0.0,0.0,0.0
2020-06-29 23:00:00,0.0,0.0,0.0
2020-06-30 00:00:00,0.0,0.0,0.0
2020-06-30 01:00:00,0.0,0.0,0.0
2020-06-30 02:00:00,0.0,0.0,0.0
2020-06-30 03:00:00,0.0,0.0,0.0
2020-06-30 04:00:00,0.02,3.084128,0.3963888888888889
2020-06-30 05:00:00,0.0,86.825294,1.0
2020-06-30 06:00:00,0.0,277.53412,1.0
2020-06-30 07:00:00,0.0,493.69904,1.0
2020-06-30 08:00:00,0.09,630.4641,1.0
2020-06-30 09:00:00,0.76,617.2036,1.0
2020-06-30 10:00:00,0.45,879.9581,1.0
2020-06-30 11:00:00,0.33,923.3931,1.0
2020-06-30 12:00:00,0.24,998.50574,1.0
2020-06-30 13:00:00,0.54,840.4661,1.0
2020-06-30 14:00:00,0.48,780.7596,1.0
2020-06-30 15:00:00,0.64,576.925,1.0
2020-06-30 16:00:00,0.28,456.19238,1.0
2020-06-30 17:00:00,0.01,220.43962,1.0
2020-06-30 18:00:00,0.15,74.06309,1.0
2020-06-30 19:00:00,0.0,4.974173,0.5422222222222223
2020-06-30 20:00:00,0.14,0.0,0.0
2020-06-30 21:00:00,0.35,0.0,0.0
2020-06-30 22:00:00,0.31,0.0,0.0
2020-06-30 23:00:00,0.19,0.0,0.0
2020-07-01 00:00:00,0.05,0.0,0.0
2020-07-01 01:00:00,0.0,0.0,0.0
2020-07-01 02:00:00,0.0,0.0,0.0
2020-07-01 03:00:00,0.01,0.0,0.0
2020-07-01 04:00:00,0.0,3.074327,0.38805555555555554
2020-07-01 05:00:00,0.0,86.57903,1.0
2020-07-01 06:00:00,0.0,280.5773,1.0
2020-07-01 07:00:00,0.0,498.1669,1.0
2020-07-01 08:00:00,0.0,704.85736,1.0
2020-07-01 09:00:00,0.0,873.94965,1.0
2020-07-01 10:00:00,0.0,990.8621,1.0
2020-07-01 11:00:00,0.0,1048.0881,1.0
2020-07-01 12:00:00,0.0,1029.1475,1.0
2020-07-01 13:00:00,0.08,928.47455,1.0
2020-07-01 14:00:00,0.42,716.46655,1.0
2020-07-01 15:00:00,0.62,580.17975,1.0
2020-07-01 16:00:00,0.57,371.66333,1.0
2020-07-01 17:00:00,0.86,212.30058,1.0
2020-07-01 18:00:00,0.33,72.812035,1.0
2020-07-01 19:00:00,0.0,5.968096,0.5402777777777777
2020-07-01 20:00:00,0.03,0.0,0.0
2020-07-01 21:00:00,0.0,0.0,0.0
2020-07-01 22:00:00,0.0,0.0,0.0
2020-07-01 23:00:00,0.0,0.0,0.0
2020-07-02 00:00:00,0.0,0.0,0.0
2020-07-02 01:00:00,0.0,0.0,0.0
2020-07-02 02:00:00,0.0,0.0,0.0
2020-07-02 03:00:00,0.0,0.0,0.0
2020-07-02 04:00:00,0.0,2.0700083,0.37916666666666665
2020-07-02 05:00:00,0.0,86.33152,1.0
2020-07-02 06:00:00,0.0,277.67853,1.0
2020-07-02 07:00:00,0.0,491.04733,1.0
2020-07-02 08:00:00,0.0,691.3777,1.0
2020-07-02 09:00:00,0.01,857.34796,1.0
2020-07-02 10:00:00,0.17,934.25305,1.0
2020-07-02 11:00:00,0.37,916.46893,1.0
2020-07-02 12:00:00,0.55,829.50824,1.0
2020-07-02 13:00:00,0.77,769.89923,1.0
2020-07-02 14:00:00,0.61,686.9386,1.0
2020-07-02 15:00:00,0.42,609.2583,1.0
2020-07-02 16:00:00,0.24,459.1596,1.0
2020-07-02 17:00:00,0.75,213.42113,1.0
2020-07-02 18:00:00,0.02,72.54822,1.0
2020-07-02 19:00:00,0.0,5.968096,0.5380555555555555
2020-07-02 20:00:00,0.1,0.0,0.0
2020-07-02 21:00:00,0.74,0.0,0.0
2020-07-02 22:00:00,0.93,0.0,0.0
2020-07-02 23:00:00,0.78,0.0,0.0
2020-07-03 00:00:00,0.35,0.0,0.0
2020-07-03 01:00:00,0.26,0.0,0.0
2020-07-03 02:00:00,0.07,0.0,0.0
2020-07-03 03:00:00,0.02,0.0,0.0
2020-07-03 04:00:00,0.0,2.0591762,0.37
2020-07-03 05:00:00,0.0,81.55742,1.0
2020-07-03 06:00:00,0.3,254.00409,1.0
2020-07-03 07:00:00,0.21,443.62967,1.0
2020-07-03 08:00:00,0.18,603.01056,1.0
2020-07-03 09:00:00,0.17,766.0133,1.0
2020-07-03 10:00:00,0.35,874.1141,1.0
2020-07-03 11:00:00,0.33,893.8066,1.0
2020-07-03 12:00:00,0.55,776.0863,1.0
2020-07-03 13:00:00,0.41,765.503,1.0
2020-07-03 14:00:00,0.42,697.0052,1.0
2020-07-03 15:00:00,0.62,441.4445,1.0
2020-07-03 16:00:00,0.94,214.60118,1.0
2020-07-03 17:00:00,0.95,156.58067,1.0
2020-07-03 18:00:00,0.8,72.129135,1.0
2020-07-03 19:00:00,0.29,5.9665766,0.5352777777777777
2020-07-03 20:00:00,0.37,0.0,0.0
2020-07-03 21:00:00,0.03,0.0,0.0
2020-07-03 22:00:00,0.17,0.0,0.0
2020-07-03 23:00:00,0.28,0.0,0.0
2020-07-04 00:00:00,0.92,0.0,0.0
2020-07-04 01:00:00,0.99,0.0,0.0
2020-07-04 02:00:00,0.87,0.0,0.0
2020-07-04 03:00:00,0.5,0.0,0.0
2020-07-04 04:00:00,0.45,1.9878461,0.36027777777777775
2020-07-04 05:00:00,0.36,76.077774,1.0
2020-07-04 06:00:00,0.0,264.97638,1.0
2020-07-04 07:00:00,0.37,471.50183,1.0
2020-07-04 08:00:00,0.49,637.32214,1.0
2020-07-04 09:00:00,0.8,738.40314,1.0
2020-07-04 10:00:00,0.82,824.17377,1.0
2020-07-04 11:00:00,0.78,799.8258,1.0
2020-07-04 12:00:00,0.77,842.7824,1.0
2020-07-04 13:00:00,0.48,790.919,1.0
2020-07-04 14:00:00,0.69,615.81415,1.0
2020-07-04 15:00:00,0.92,515.2073,1.0
2020-07-04 16:00:00,0.96,283.55655,1.0
2020-07-04 17:00:00,0.99,90.66734,1.0
2020-07-04 18:00:00,0.96,45.080097,1.0
2020-07-04 19:00:00,0.75,5.9650574,0.5319444444444444
2020-07-04 20:00:00,0.8,0.0,0.0
2020-07-04 21:00:00,0.91,0.0,0.0
2020-07-04 22:00:00,0.91,0.0,0.0
2020-07-04 23:00:00,0.63,0.0,0.0
2020-07-05 00:00:00,0.43,0.0,0.0
2020-07-05 01:00:00,0.0,0.0,0.0
2020-07-05 02:00:00,0.0,0.0,0.0
2020-07-05 03:00:00,0.0,0.0,0.0
2020-07-05 04:00:00,0.0,2.0361168,0.35055555555555556
2020-07-05 05:00:00,0.0,79.635124,1.0
2020-07-05 06:00:00,0.08,262.10815,1.0
2020-07-05 07:00:00,0.0,471.85883,1.0
2020-07-05 08:00:00,0.0,669.93463,1.0
2020-07-05 09:00:00,0.01,833.6275,1.0
2020-07-05 10:00:00,0.02,911.3677,1.0
2020-07-05 11:00:00,0.21,940.3435,1.0
2020-07-05 12:00:00,0.68,844.3313,1.0
2020-07-05 13:00:00,0.62,758.83887,1.0
2020-07-05 14:00:00,0.41,683.4882,1.0
2020-07-05 15:00:00,0.69,467.73248,1.0
2020-07-05 16:00:00,0.65,341.7976,1.0
2020-07-05 17:00:00,0.89,176.73795,1.0
2020-07-05 18:00:00,0.48,70.91929,1.0
2020-07-05 19:00:00,0.13,5.9665766,0.5280555555555555
2020-07-05 20:00:00,0.02,0.0,0.0
2020-07-05 21:00:00,0.01,0.0,0.0
2020-07-05 22:00:00,0.0,0.0,0.0
2020-07-05 23:00:00,0.0,0.0,0.0
2020-07-06 00:00:00,0.0,0.0,0.0
2020-07-06 01:00:00,0.0,0.0,0.0
2020-07-06 02:00:00,0.0,0.0,0.0
2020-07-06 03:00:00,0.0,0.0,0.0
2020-07-06 04:00:00,0.0,1.0297803,0.3402777777777778
2020-07-06 05:00:00,0.0,80.02678,1.0
2020-07-06 06:00:00,0.0,269.17505,1.0
2020-07-06 07:00:00,0.0,483.5883,1.0
2020-07-06 08:00:00,0.0,686.176,1.0
2020-07-06 09:00:00,0.0,848.9736,1.0
2020-07-06 10:00:00,0.35,866.76556,1.0
2020-07-06 11:00:00,0.59,758.6777,1.0
2020-07-06 12:00:00,0.63,849.5149,1.0
2020-07-06 13:00:00,0.34,899.60034,1.0
2020-07-06 14:00:00,0.19,770.1205,1.0
2020-07-06 15:00:00,0.28,542.8428,1.0
2020-07-06 16:00:00,0.82,262.7568,1.0
2020-07-06 17:00:00,0.91,197.01169,1.0
2020-07-06 18:00:00,0.66,54.54019,1.0
2020-07-06 19:00:00,0.75,3.9772115,0.5233333333333333
2020-07-06 20:00:00,0.31,0.0,0.0
2020-07-06 21:00:00,0.22,0.0,0.0
2020-07-06 22:00:00,0.0,0.0,0.0
2020-07-06 23:00:00,0.05,0.0,0.0
2020-07-07 00:00:00,0.08,0.0,0.0
2020-07-07 01:00:00,0.0,0.0,0.0
2020-07-07 02:00:00,0.0,0.0,0.0
2020-07-07 03:00:00,0.0,0.0,0.0
2020-07-07 04:00:00,0.0,1.0167917,0.33
2020-07-07 05:00:00,0.0,75.03675,1.0
2020-07-07 06:00:00,0.39,221.61952,1.0
2020-07-07 07:00:00,0.5,389.3375,1.0
2020-07-07 08:00:00,0.38,606.67487,1.0
2020-07-07 09:00:00,0.32,786.61255,1.0
2020-07-07 10:00:00,0.47,774.0635,1.0
2020-07-07 11:00:00,0.53,848.0365,1.0
2020-07-07 12:00:00,0.59,861.72955,1.0
2020-07-07 13:00:00,0.65,843.0023,1.0
2020-07-07 14:00:00,0.9,614.3024,1.0
2020-07-07 15:00:00,0.75,393.3162,1.0
2020-07-07 16:00:00,0.96,126.89855,1.0
2020-07-07 17:00:00,0.34,156.80458,1.0
2020-07-07 18:00:00,0.11,69.12284,1.0
2020-07-07 19:00:00,0.08,4.974173,0.5183333333333333
2020-07-07 20:00:00,0.18,0.0,0.0
2020-07-07 21:00:00,0.18,0.0,0.0
2020-07-07 22:00:00,0.0,0.0,0.0
2020-07-07 23:00:00,0.0,0.0,0.0
2020-07-08 00:00:00,0.0,0.0,0.0
2020-07-08 01:00:00,0.0,0.0,0.0
2020-07-08 02:00:00,0.0,0.0,0.0
2020-07-08 03:00:00,0.0,0.0,0.0
2020-07-08 04:00:00,0.0,1.0034535,0.31916666666666665
2020-07-08 05:00:00,0.0,81.54081,1.0
2020-07-08 06:00:00,0.0,276.4245,1.0
2020-07-08 07:00:00,0.0,494.44583,1.0
2020-07-08 08:00:00,0.0,702.4882,1.0
2020-07-08 09:00:00,0.0,876.0614,1.0
2020-07-08 10:00:00,0.0,994.1372,1.0
2020-07-08 11:00:00,0.0,1024.6986,1.0
2020-07-08 12:00:00,0.08,970.3597,1.0
2020-07-08 13:00:00,0.48,858.34015,1.0
2020-07-08 14:00:00,0.6,698.9952,1.0
2020-07-08 15:00:00,0.83,484.16455,1.0
2020-07-08 16:00:00,0.56,284.99182,1.0
2020-07-08 17:00:00,1.0,164.8541,1.0
2020-07-08 18:00:00,0.9,63.72506,1.0
2020-07-08 19:00:00,0.66,4.9711347,0.5127777777777778
2020-07-08 20:00:00,0.45,0.0,0.0
2020-07-08 21:00:00,0.35,0.0,0.0
2020-07-08 22:00:00,0.3,0.0,0.0
2020-07-08 23:00:00,0.01,0.0,0.0
2020-07-09 00:00:00,0.0,0.0,0.0
2020-07-09 01:00:00,0.0,0.0,0.0
2020-07-09 02:00:00,0.0,0.0,0.0
2020-07-09 03:00:00,0.0,0.0,0.0
2020-07-09 04:00:00,0.0,1.9878461,0.30833333333333335
2020-07-09 05:00:00,0.0,78.258484,1.0
2020-07-09 06:00:00,0.0,268.63312,1.0
2020-07-09 07:00:00,0.0,485.3828,1.0
2020-07-09 08:00:00,0.0,688.0991,1.0
2020-07-09 09:00:00,0.02,853.0342,1.0
2020-07-09 10:00:00,0.08,943.967,1.0
2020-07-09 11:00:00,0.51,902.068,1.0
2020-07-09 12:00:00,0.28,876.06396,1.0
2020-07-09 13:00:00,0.67,839.3359,1.0
2020-07-09 14:00:00,0.51,739.0868,1.0
2020-07-09 15:00:00,0.43,607.36304,1.0
2020-07-09 16:00:00,0.57,416.06262,1.0
2020-07-09 17:00:00,0.02,242.1215,1.0
2020-07-09 18:00:00,0.03,68.694405,1.0
2020-07-09 19:00:00,0.01,3.978731,0.5066666666666667
2020-07-09 20:00:00,0.04,0.0,0.0
2020-07-09 21:00:00,0.0,0.0,0.0
2020-07-09 22:00:00,0.02,0.0,0.0
2020-07-09 23:00:00,0.01,0.0,0.0
2020-07-10 00:00:00,0.0,0.0,0.0
2020-07-10 01:00:00,0.0,0.0,0.0
2020-07-10 02:00:00,0.0,0.0,0.0
2020-07-10 03:00:00,0.0,0.0,0.0
2020-07-10 04:00:00,0.0,1.9878461,0.2972222222222222
2020-07-10 05:00:00,0.0,77.03741,1.0
2020-07-10 06:00:00,0.01,269.80994,1.0
2020-07-10 07:00:00,0.0,487.79187,1.0
2020-07-10 08:00:00,0.0,694.8187,1.0
2020-07-10 09:00:00,0.0,869.4314,1.0
2020-07-10 10:00:00,0.0,995.9789,1.0
2020-07-10 11:00:00,0.0,1052.1549,1.0
2020-07-10 12:00:00,0.0,1044.0762,1.0
2020-07-10 13:00:00,0.0,974.8101,1.0
2020-07-10 14:00:00,0.0,846.95306,1.0
2020-07-10 15:00:00,0.0,676.584,1.0
2020-07-10 16:00:00,0.0,464.86673,1.0
2020-07-10 17:00:00,0.81,242.10768,1.0
2020-07-10 18:00:00,0.94,74.58104,1.0
2020-07-10 19:00:00,0.8,5.9650574,0.5
2020-07-10 20:00:00,0.72,0.0,0.0
2020-07-10 21:00:00,0.98,0.0,0.0
2020-07-10 22:00:00,1.0,0.0,0.0
2020-07-10 23:00:00,0.98,0.0,0.0
2020-07-11 00:00:00,0.81,0.0,0.0
2020-07-11 01:00:00,0.0,0.0,0.0
2020-07-11 02:00:00,0.0,0.0,0.0
2020-07-11 03:00:00,0.0,0.0,0.0
2020-07-11 04:00:00,0.0,0.99392307,0.2861111111111111
2020-07-11 05:00:00,0.0,73.77224,1.0
2020-07-11 06:00:00,0.21,261.02548,1.0
2020-07-11 07:00:00,0.0,474.454,1.0
2020-07-11 08:00:00,0.17,677.1087,1.0
2020-07-11 09:00:00,0.44,839.01385,1.0
2020-07-11 10:00:00,0.51,912.722,1.0
2020-07-11 11:00:00,0.77,971.5879,1.0
2020-07-11 12:00:00,0.92,868.72736,1.0
2020-07-11 13:00:00,0.86,858.37177,1.0
2020-07-11 14:00:00,0.49,772.5092,1.0
2020-07-11 15:00:00,0.61,599.40405,1.0
2020-07-11 16:00:00,0.66,409.23892,1.0
2020-07-11 17:00:00,0.44,237.37111,1.0
2020-07-11 18:00:00,0.31,68.705,1.0
2020-07-11 19:00:00,0.01,4.972654,0.49277777777777776
2020-07-11 20:00:00,0.03,0.0,0.0
2020-07-11 21:00:00,0.02,0.0,0.0
2020-07-11 22:00:00,0.0,0.0,0.0
2020-07-11 23:00:00,0.0,0.0,0.0
2020-07-12 00:00:00,0.0,0.0,0.0
2020-07-12 01:00:00,0.0,0.0,0.0
2020-07-12 02:00:00,0.0,0.0,0.0
2020-07-12 03:00:00,0.0,0.0,0.0
2020-07-12 04:00:00,0.0,0.0,0.2747222222222222
2020-07-12 05:00:00,0.08,73.00398,1.0
2020-07-12 06:00:00,0.0,260.23093,1.0
2020-07-12 07:00:00,0.0,471.73898,1.0
2020-07-12 08:00:00,0.0,672.3949,1.0
2020-07-12 09:00:00,0.25,810.5612,1.0
2020-07-12 10:00:00,0.45,784.2276,1.0
2020-07-12 11:00:00,0.35,810.20135,1.0
2020-07-12 12:00:00,0.79,616.9828,1.0
2020-07-12 13:00:00,0.98,270.05536,1.0
2020-07-12 14:00:00,0.63,513.5181,1.0
2020-07-12 15:00:00,0.83,451.56223,1.0
2020-07-12 16:00:00,0.78,291.4822,1.0
2020-07-12 17:00:00,0.96,226.72433,1.0
2020-07-12 18:00:00,0.55,66.79941,1.0
2020-07-12 19:00:00,1.0,3.9772115,0.4847222222222222
2020-07-12 20:00:00,1.0,0.0,0.0
2020-07-12 21:00:00,0.91,0.0,0.0
2020-07-12 22:00:00,0.8,0.0,0.0
2020-07-12 23:00:00,0.87,0.0,0.0
2020-07-13 00:00:00,0.02,0.0,0.0
2020-07-13 01:00:00,0.62,0.0,0.0
2020-07-13 02:00:00,0.69,0.0,0.0
2020-07-13 03:00:00,0.95,0.0,0.0
2020-07-13 04:00:00,0.94,0.0,0.2627777777777778
2020-07-13 05:00:00,0.99,61.88872,1.0
2020-07-13 06:00:00,0.48,215.36151,1.0
2020-07-13 07:00:00,0.7,413.70236,1.0
2020-07-13 08:00:00,0.52,577.115,1.0
2020-07-13 09:00:00,0.66,744.1066,1.0
2020-07-13 10:00:00,0.36,627.2485,1.0
2020-07-13 11:00:00,0.48,871.6574,1.0
2020-07-13 12:00:00,0.99,644.0911,1.0
2020-07-13 13:00:00,0.67,652.8541,1.0
2020-07-13 14:00:00,0.97,507.79196,1.0
2020-07-13 15:00:00,0.33,534.9413,1.0
2020-07-13 16:00:00,0.87,260.99017,1.0
2020-07-13 17:00:00,0.68,79.66934,1.0
2020-07-13 18:00:00,0.93,44.124313,1.0
2020-07-13 19:00:00,0.79,3.9772115,0.47638888888888886
2020-07-13 20:00:00,0.33,0.0,0.0
2020-07-13 21:00:00,0.05,0.0,0.0
2020-07-13 22:00:00,0.49,0.0,0.0
2020-07-13 23:00:00,0.08,0.0,0.0
2020-07-14 00:00:00,0.23,0.0,0.0
2020-07-14 01:00:00,0.49,0.0,0.0
2020-07-14 02:00:00,0.68,0.0,0.0
2020-07-14 03:00:00,0.62,0.0,0.0
2020-07-14 04:00:00,0.81,0.0,0.25055555555555553
2020-07-14 05:00:00,0.93,65.84763,1.0
2020-07-14 06:00:00,0.91,226.54695,1.0
2020-07-14 07:00:00,0.91,424.57172,1.0
2020-07-14 08:00:00,0.93,591.72394,1.0
2020-07-14 09:00:00,0.78,731.4776,1.0
2020-07-14 10:00:00,0.72,808.2472,1.0
2020-07-14 11:00:00,0.85,739.06445,1.0
2020-07-14 12:00:00,0.98,687.6426,1.0
2020-07-14 13:00:00,0.77,771.7022,1.0
2020-07-14 14:00:00,0.89,569.64197,1.0
2020-07-14 15:00:00,1.0,324.97012,1.0
2020-07-14 16:00:00,0.81,309.49197,1.0
2020-07-14 17:00:00,0.99,68.92317,1.0
2020-07-14 18:00:00,0.56,56.491776,1.0
2020-07-14 19:00:00,0.42,3.9772115,0.4672222222222222
2020-07-14 20:00:00,0.08,0.0,0.0
2020-07-14 21:00:00,0.47,0.0,0.0
2020-07-14 22:00:00,0.49,0.0,0.0
2020-07-14 23:00:00,0.67,0.0,0.0
2020-07-15 00:00:00,0.9,0.0,0.0
2020-07-15 01:00:00,0.81,0.0,0.0
2020-07-15 02:00:00,0.61,0.0,0.0
2020-07-15 03:00:00,0.59,0.0,0.0
2020-07-15 04:00:00,0.16,0.0,0.23805555555555555
2020-07-15 05:00:00,0.25,67.49951,1.0
2020-07-15 06:00:00,0.25,249.90672,1.0
2020-07-15 07:00:00,0.0,461.27618,1.0
2020-07-15 08:00:00,0.0,647.1255,1.0
2020-07-15 09:00:00,0.3,712.57874,1.0
2020-07-15 10:00:00,0.3,847.2174,1.0
2020-07-15 11:00:00,0.5,843.4512,1.0
2020-07-15 12:00:00,0.68,659.2253,1.0
2020-07-15 13:00:00,0.58,715.75397,1.0
2020-07-15 14:00:00,0.81,505.87894,1.0
2020-07-15 15:00:00,0.82,442.3834,1.0
2020-07-15 16:00:00,0.89,313.1998,1.0
2020-07-15 17:00:00,0.6,177.14893,1.0
2020-07-15 18:00:00,0.66,54.76236,1.0
2020-07-15 19:00:00,0.3,3.9772115,0.4577777777777778
2020-07-15 20:00:00,0.43,0.0,0.0
2020-07-15 21:00:00,0.22,0.0,0.0
2020-07-15 22:00:00,0.53,0.0,0.0
2020-07-15 23:00:00,0.33,0.0,0.0
2020-07-16 00:00:00,0.49,0.0,0.0
2020-07-16 01:00:00,0.58,0.0,0.0
2020-07-16 02:00:00,0.2,0.0,0.0
2020-07-16 03:00:00,0.34,0.0,0.0
2020-07-16 04:00:00,0.35,0.0,0.225
2020-07-16 05:00:00,0.47,66.634964,1.0
2020-07-16 06:00:00,0.14,246.12593,1.0
2020-07-16 07:00:00,0.76,448.38138,1.0
2020-07-16 08:00:00,0.17,659.126,1.0
2020-07-16 09:00:00,0.46,727.8418,1.0
2020-07-16 10:00:00,0.24,773.391,1.0
2020-07-16 11:00:00,0.64,791.49927,1.0
2020-07-16 12:00:00,0.69,632.3695,1.0
2020-07-16 13:00:00,0.65,657.9906,1.0
2020-07-16 14:00:00,0.93,479.07773,1.0
2020-07-16 15:00:00,0.93,411.48325,1.0
2020-07-16 16:00:00,1.0,174.10634,1.0
2020-07-16 17:00:00,0.97,120.39188,1.0
2020-07-16 18:00:00,0.99,50.059673,1.0
2020-07-16 19:00:00,0.89,3.9756923,0.4475
2020-07-16 20:00:00,0.34,0.0,0.0
2020-07-16 21:00:00,0.25,0.0,0.0
2020-07-16 22:00:00,0.2,0.0,0.0
2020-07-16 23:00:00,0.03,0.0,0.0
2020-07-17 00:00:00,0.17,0.0,0.0
2020-07-17 01:00:00,0.3,0.0,0.0
2020-07-17 02:00:00,0.05,0.0,0.0
2020-07-17 03:00:00,0.61,0.0,0.0
2020-07-17 04:00:00,0.9,0.0,0.21194444444444444
2020-07-17 05:00:00,0.89,63.185177,1.0
2020-07-17 06:00:00,0.93,223.0056,1.0
2020-07-17 07:00:00,0.29,445.8715,1.0
2020-07-17 08:00:00,0.12,630.0169,1.0
2020-07-17 09:00:00,0.46,719.2657,1.0
2020-07-17 10:00:00,0.32,735.09454,1.0
2020-07-17 11:00:00,0.2,944.787,1.0
2020-07-17 12:00:00,0.18,942.39087,1.0
2020-07-17 13:00:00,0.22,842.3903,1.0
2020-07-17 14:00:00,0.38,671.60693,1.0
2020-07-17 15:00:00,0.78,389.88568,1.0
2020-07-17 16:00:00,0.95,245.8073,1.0
2020-07-17 17:00:00,0.98,66.97681,1.0
2020-07-17 18:00:00,0.97,25.842,1.0
2020-07-17 19:00:00,0.99,0.99392307,0.43694444444444447
2020-07-17 20:00:00,0.99,0.0,0.0
2020-07-17 21:00:00,0.95,0.0,0.0
2020-07-17 22:00:00,0.81,0.0,0.0
2020-07-17 23:00:00,0.72,0.0,0.0
2020-07-18 00:00:00,0.93,0.0,0.0
2020-07-18 01:00:00,0.21,0.0,0.0
2020-07-18 02:00:00,0.23,0.0,0.0
2020-07-18 03:00:00,0.15,0.0,0.0
2020-07-18 04:00:00,0.0,0.0,0.19833333333333333
2020-07-18 05:00:00,0.01,59.014404,1.0
2020-07-18 06:00:00,0.18,231.43617,1.0
2020-07-18 07:00:00,0.32,449.45148,1.0
2020-07-18 08:00:00,0.24,647.79034,1.0
2020-07-18 09:00:00,0.24,723.8495,1.0
2020-07-18 10:00:00,0.42,830.5538,1.0
2020-07-18 11:00:00,0.46,970.92737,1.0
2020-07-18 12:00:00,0.57,814.12897,1.0
2020-07-18 13:00:00,0.6,761.3977,1.0
2020-07-18 14:00:00,0.5,690.87134,1.0
2020-07-18 15:00:00,0.53,528.3041,1.0
2020-07-18 16:00:00,0.71,339.0085,1.0
2020-07-18 17:00:00,0.84,167.00392,1.0
2020-07-18 18:00:00,0.57,53.781597,1.0
2020-07-18 19:00:00,0.34,2.9832883,0.42583333333333334
2020-07-18 20:00:00,0.28,0.0,0.0
2020-07-18 21:00:00,0.22,0.0,0.0
2020-07-18 22:00:00,0.11,0.0,0.0
2020-07-18 23:00:00,0.04,0.0,0.0
2020-07-19 00:00:00,0.01,0.0,0.0
2020-07-19 01:00:00,0.22,0.0,0.0
2020-07-19 02:00:00,0.29,0.0,0.0
2020-07-19 03:00:00,0.2,0.0,0.0
2020-07-19 04:00:00,0.03,0.0,0.18472222222222223
2020-07-19 05:00:00,0.19,59.129276,1.0
2020-07-19 06:00:00,0.19,223.63606,1.0
2020-07-19 07:00:00,0.22,410.31595,1.0
2020-07-19 08:00:00,0.22,598.4365,1.0
2020-07-19 09:00:00,0.42,729.1298,1.0
2020-07-19 10:00:00,0.79,815.0276,1.0
2020-07-19 11:00:00,0.77,842.7451,1.0
2020-07-19 12:00:00,0.79,628.1022,1.0
2020-07-19 13:00:00,0.57,769.3902,1.0
2020-07-19 14:00:00,0.81,628.5903,1.0
2020-07-19 15:00:00,0.96,404.91333,1.0
2020-07-19 16:00:00,0.67,348.25916,1.0
2020-07-19 17:00:00,0.65,200.19963,1.0
2020-07-19 18:00:00,0.67,62.84035,1.0
2020-07-19 19:00:00,0.27,2.9832883,0.4141666666666667
2020-07-19 20:00:00,0.36,0.0,0.0
2020-07-19 21:00:00,0.88,0.0,0.0
2020-07-19 22:00:00,0.16,0.0,0.0
2020-07-19 23:00:00,0.11,0.0,0.0
2020-07-20 00:00:00,0.0,0.0,0.0
2020-07-20 01:00:00,0.01,0.0,0.0
2020-07-20 02:00:00,0.0,0.0,0.0
2020-07-20 03:00:00,0.0,0.0,0.0
2020-07-20 04:00:00,0.05,0.0,0.17083333333333334
2020-07-20 05:00:00,0.0,58.602108,1.0
2020-07-20 06:00:00,0.0,244.2717,1.0
2020-07-20 07:00:00,0.0,459.28137,1.0
2020-07-20 08:00:00,0.0,663.43536,1.0
2020-07-20 09:00:00,0.02,836.2862,1.0
2020-07-20 10:00:00,0.24,908.6229,1.0
2020-07-20 11:00:00,0.56,863.13806,1.0
2020-07-20 12:00:00,0.39,932.6836,1.0
2020-07-20 13:00:00,0.35,729.1276,1.0
2020-07-20 14:00:00,0.42,750.5908,1.0
2020-07-20 15:00:00,0.28,523.945,1.0
2020-07-20 16:00:00,0.46,404.1729,1.0
2020-07-20 17:00:00,0.33,211.88705,1.0
2020-07-20 18:00:00,0.14,58.267075,1.0
2020-07-20 19:00:00,0.29,2.9832883,0.4022222222222222
2020-07-20 20:00:00,0.17,0.0,0.0
2020-07-20 21:00:00,0.01,0.0,0.0
2020-07-20 22:00:00,0.0,0.0,0.0
2020-07-20 23:00:00,0.0,0.0,0.0
2020-07-21 00:00:00,0.0,0.0,0.0
2020-07-21 01:00:00,0.0,0.0,0.0
2020-07-21 02:00:00,0.0,0.0,0.0
2020-07-21 03:00:00,0.0,0.0,0.0
2020-07-21 04:00:00,0.0,0.0,0.15666666666666668
2020-07-21 05:00:00,0.0,57.91101,1.0
2020-07-21 06:00:00,0.01,227.32478,1.0
2020-07-21 07:00:00,0.05,416.14307,1.0
2020-07-21 08:00:00,0.01,641.27026,1.0
2020-07-21 09:00:00,0.0,803.4486,1.0
2020-07-21 10:00:00,0.1,917.5932,1.0
2020-07-21 11:00:00,0.53,875.70654,1.0
2020-07-21 12:00:00,0.27,782.45355,1.0
2020-07-21 13:00:00,0.67,565.89386,1.0
2020-07-21 14:00:00,0.57,700.86993,1.0
2020-07-21 15:00:00,0.65,448.39084,1.0
2020-07-21 16:00:00,0.53,359.21878,1.0
2020-07-21 17:00:00,0.77,205.58835,1.0
2020-07-21 18:00:00,0.72,62.15969,1.0
2020-07-21 19:00:00,0.28,2.9832883,0.38972222222222225
2020-07-21 20:00:00,0.11,0.0,0.0
2020-07-21 21:00:00,0.04,0.0,0.0
2020-07-21 22:00:00,0.01,0.0,0.0
2020-07-21 23:00:00,0.01,0.0,0.0
2020-07-22 00:00:00,0.0,0.0,0.0
2020-07-22 01:00:00,0.0,0.0,0.0
2020-07-22 02:00:00,0.0,0.0,0.0
2020-07-22 03:00:00,0.75,0.0,0.0
2020-07-22 04:00:00,0.92,0.0,0.14222222222222222
2020-07-22 05:00:00,0.77,56.68847,1.0
2020-07-22 06:00:00,0.86,220.14122,1.0
2020-07-22 07:00:00,0.97,409.62717,1.0
2020-07-22 08:00:00,0.97,561.92883,1.0
2020-07-22 09:00:00,0.98,721.3475,1.0
2020-07-22 10:00:00,0.98,798.2777,1.0
2020-07-22 11:00:00,0.99,702.07074,1.0
2020-07-22 12:00:00,0.98,778.1462,1.0
2020-07-22 13:00:00,0.86,715.8447,1.0
2020-07-22 14:00:00,0.94,648.6333,1.0
2020-07-22 15:00:00,1.0,332.05597,1.0
2020-07-22 16:00:00,1.0,164.92982,1.0
2020-07-22 17:00:00,1.0,68.19428,1.0
2020-07-22 18:00:00,0.98,37.42907,1.0
2020-07-22 19:00:00,0.94,1.9878461,0.37666666666666665
2020-07-22 20:00:00,0.93,0.0,0.0
2020-07-22 21:00:00,0.97,0.0,0.0
2020-07-22 22:00:00,0.97,0.0,0.0
2020-07-22 23:00:00,0.99,0.0,0.0
2020-07-23 00:00:00,1.0,0.0,0.0
2020-07-23 01:00:00,1.0,0.0,0.0
2020-07-23 02:00:00,0.95,0.0,0.0
2020-07-23 03:00:00,0.94,0.0,0.0
2020-07-23 04:00:00,0.83,0.0,0.12777777777777777
2020-07-23 05:00:00,0.69,54.29546,1.0
2020-07-23 06:00:00,0.57,205.17958,1.0
2020-07-23 07:00:00,0.93,384.73282,1.0
2020-07-23 08:00:00,0.4,623.05505,1.0
2020-07-23 09:00:00,0.28,785.63525,1.0
2020-07-23 10:00:00,0.15,880.6089,1.0
2020-07-23 11:00:00,0.16,885.98334,1.0
2020-07-23 12:00:00,0.24,842.91754,1.0
2020-07-23 13:00:00,0.27,778.52875,1.0
2020-07-23 14:00:00,0.23,734.7559,1.0
2020-07-23 15:00:00,0.9,492.2924,1.0
2020-07-23 16:00:00,0.93,257.70718,1.0
2020-07-23 17:00:00,0.99,117.6027,1.0
2020-07-23 18:00:00,0.92,57.749714,1.0
2020-07-23 19:00:00,0.28,1.9893655,0.3630555555555556
2020-07-23 20:00:00,0.39,0.0,0.0
2020-07-23 21:00:00,0.19,0.0,0.0
2020-07-23 22:00:00,0.63,0.0,0.0
2020-07-23 23:00:00,0.62,0.0,0.0
2020-07-24 00:00:00,0.92,0.0,0.0
2020-07-24 01:00:00,0.68,0.0,0.0
2020-07-24 02:00:00,0.22,0.0,0.0
2020-07-24 03:00:00,0.4,0.0,0.0
2020-07-24 04:00:00,0.45,0.0,0.11305555555555556
2020-07-24 05:00:00,0.48,37.45543,1.0
2020-07-24 06:00:00,0.96,149.53502,1.0
2020-07-24 07:00:00,0.46,408.01602,1.0
2020-07-24 08:00:00,0.55,572.91644,1.0
2020-07-24 09:00:00,0.67,755.5312,1.0
2020-07-24 10:00:00,0.53,739.5886,1.0
2020-07-24 11:00:00,0.59,598.2735,1.0
2020-07-24 12:00:00,0.42,669.36505,1.0
2020-07-24 13:00:00,0.61,482.44196,1.0
2020-07-24 14:00:00,0.79,417.7082,1.0
2020-07-24 15:00:00,0.99,323.12164,1.0
2020-07-24 16:00:00,0.81,290.23798,1.0
2020-07-24 17:00:00,0.83,142.96823,1.0
2020-07-24 18:00:00,0.93,37.87694,1.0
2020-07-24 19:00:00,0.94,0.99392307,0.3491666666666667
2020-07-24 20:00:00,0.95,0.0,0.0
2020-07-24 21:00:00,1.0,0.0,0.0
2020-07-24 22:00:00,0.75,0.0,0.0
2020-07-24 23:00:00,0.81,0.0,0.0
2020-07-25 00:00:00,0.3,0.0,0.0
2020-07-25 01:00:00,0.48,0.0,0.0
2020-07-25 02:00:00,0.87,0.0,0.0
2020-07-25 03:00:00,0.87,0.0,0.0
2020-07-25 04:00:00,0.48,0.0,0.09833333333333333
2020-07-25 05:00:00,0.36,47.037724,1.0
2020-07-25 06:00:00,0.33,170.55626,1.0
2020-07-25 07:00:00,0.51,322.3531,1.0
2020-07-25 08:00:00,0.38,556.0482,1.0
2020-07-25 09:00:00,0.44,685.06055,1.0
2020-07-25 10:00:00,0.82,632.6663,1.0
2020-07-25 11:00:00,0.73,706.17487,1.0
2020-07-25 12:00:00,0.74,448.29163,1.0
2020-07-25 13:00:00,0.88,277.80453,1.0
2020-07-25 14:00:00,0.98,389.1225,1.0
2020-07-25 15:00:00,0.86,409.46646,1.0
2020-07-25 16:00:00,0.98,187.17247,1.0
2020-07-25 17:00:00,1.0,84.57475,1.0
2020-07-25 18:00:00,0.95,23.088148,1.0
2020-07-25 19:00:00,0.96,0.99392307,0.3347222222222222
2020-07-25 20:00:00,0.99,0.0,0.0
2020-07-25 21:00:00,0.94,0.0,0.0
2020-07-25 22:00:00,1.0,0.0,0.0
2020-07-25 23:00:00,0.98,0.0,0.0
2020-07-26 00:00:00,0.94,0.0,0.0
2020-07-26 01:00:00,1.0,0.0,0.0
2020-07-26 02:00:00,0.89,0.0,0.0
2020-07-26 03:00:00,0.88,0.0,0.0
2020-07-26 04:00:00,0.13,0.0,0.08361111111111111
2020-07-26 05:00:00,0.45,33.70391,1.0
2020-07-26 06:00:00,1.0,114.1645,1.0
2020-07-26 07:00:00,1.0,244.94228,1.0
2020-07-26 08:00:00,0.98,471.23425,1.0
2020-07-26 09:00:00,1.0,636.0507,1.0
2020-07-26 10:00:00,1.0,672.1635,1.0
2020-07-26 11:00:00,0.9,636.5375,1.0
2020-07-26 12:00:00,0.85,415.9854,1.0
2020-07-26 13:00:00,0.84,439.4077,1.0
2020-07-26 14:00:00,0.69,506.9873,1.0
2020-07-26 15:00:00,0.81,415.66498,1.0
2020-07-26 16:00:00,0.84,255.50418,1.0
2020-07-26 17:00:00,0.93,195.35077,1.0
2020-07-26 18:00:00,0.92,52.615944,1.0
2020-07-26 19:00:00,0.67,1.9878461,0.32
2020-07-26 20:00:00,0.73,0.0,0.0
2020-07-26 21:00:00,0.82,0.0,0.0
2020-07-26 22:00:00,1.0,0.0,0.0
2020-07-26 23:00:00,0.97,0.0,0.0
2020-07-27 00:00:00,0.91,0.0,0.0
2020-07-27 01:00:00,0.98,0.0,0.0
2020-07-27 02:00:00,0.98,0.0,0.0
2020-07-27 03:00:00,1.0,0.0,0.0
2020-07-27 04:00:00,0.93,0.0,0.06861111111111111
2020-07-27 05:00:00,0.32,44.762432,1.0
2020-07-27 06:00:00,0.99,195.8152,1.0
2020-07-27 07:00:00,0.81,412.20612,1.0
2020-07-27 08:00:00,0.36,625.3751,1.0
2020-07-27 09:00:00,0.23,787.5677,1.0
2020-07-27 10:00:00,0.25,896.7894,1.0
2020-07-27 11:00:00,0.07,946.0291,1.0
2020-07-27 12:00:00,0.45,849.24054,1.0
2020-07-27 13:00:00,0.47,718.4621,1.0
2020-07-27 14:00:00,0.24,642.91156,1.0
2020-07-27 15:00:00,0.25,515.46606,1.0
2020-07-27 16:00:00,0.7,328.30148,1.0
2020-07-27 17:00:00,0.88,141.96794,1.0
2020-07-27 18:00:00,0.43,43.231968,1.0
2020-07-27 19:00:00,0.4,1.9878461,0.3047222222222222
2020-07-27 20:00:00,0.42,0.0,0.0
2020-07-27 21:00:00,0.64,0.0,0.0
2020-07-27 22:00:00,0.93,0.0,0.0
2020-07-27 23:00:00,0.74,0.0,0.0
2020-07-28 00:00:00,0.18,0.0,0.0
2020-07-28 01:00:00,0.07,0.0,0.0
2020-07-28 02:00:00,0.09,0.0,0.0
2020-07-28 03:00:00,0.0,0.0,0.0
2020-07-28 04:00:00,0.01,0.0,0.05388888888888889
2020-07-28 05:00:00,0.25,42.60859,1.0
2020-07-28 06:00:00,0.29,211.13792,1.0
2020-07-28 07:00:00,0.86,339.1264,1.0
2020-07-28 08:00:00,0.93,448.4432,1.0
2020-07-28 09:00:00,0.66,606.5362,1.0
2020-07-28 10:00:00,0.73,495.9763,1.0
2020-07-28 11:00:00,0.91,548.4517,1.0
2020-07-28 12:00:00,0.62,466.54825,1.0
2020-07-28 13:00:00,0.96,445.05194,1.0
2020-07-28 14:00:00,0.49,547.6363,1.0
2020-07-28 15:00:00,0.64,440.9298,1.0
2020-07-28 16:00:00,0.49,290.00195,1.0
2020-07-28 17:00:00,0.23,204.27151,1.0
2020-07-28 18:00:00,0.32,42.978855,1.0
2020-07-28 19:00:00,0.15,0.99392307,0.2891666666666667
2020-07-28 20:00:00,0.28,0.0,0.0
2020-07-28 21:00:00,0.01,0.0,0.0
2020-07-28 22:00:00,0.28,0.0,0.0
2020-07-28 23:00:00,0.0,0.0,0.0
2020-07-29 00:00:00,0.0,0.0,0.0
2020-07-29 01:00:00,0.0,0.0,0.0
2020-07-29 02:00:00,0.0,0.0,0.0
2020-07-29 03:00:00,0.0,0.0,0.0
2020-07-29 04:00:00,0.0,0.0,0.03888888888888889
2020-07-29 05:00:00,0.0,48.876762,1.0
2020-07-29 06:00:00,0.0,228.33572,1.0
2020-07-29 07:00:00,0.0,447.39468,1.0
2020-07-29 08:00:00,0.0,652.07,1.0
2020-07-29 09:00:00,0.06,807.6772,1.0
2020-07-29 10:00:00,0.0,944.59094,1.0
2020-07-29 11:00:00,0.21,951.0011,1.0
2020-07-29 12:00:00,0.14,978.44934,1.0
2020-07-29 13:00:00,0.13,949.05585,1.0
2020-07-29 14:00:00,0.04,816.8097,1.0
2020-07-29 15:00:00,0.04,636.67786,1.0
2020-07-29 16:00:00,0.06,436.9283,1.0
2020-07-29 17:00:00,0.02,184.62839,1.0
2020-07-29 18:00:00,0.13,44.23141,1.0
2020-07-29 19:00:00,0.23,0.0,0.2733333333333333
2020-07-29 20:00:00,0.09,0.0,0.0
2020-07-29 21:00:00,0.07,0.0,0.0
2020-07-29 22:00:00,0.02,0.0,0.0
2020-07-29 23:00:00,0.0,0.0,0.0
2020-07-30 00:00:00,0.02,0.0,0.0
2020-07-30 01:00:00,0.0,0.0,0.0
2020-07-30 02:00:00,0.0,0.0,0.0
2020-07-30 03:00:00,0.0,0.0,0.0
2020-07-30 04:00:00,0.0,0.0,0.02388888888888889
2020-07-30 05:00:00,0.0,47.421078,1.0
2020-07-30 06:00:00,0.07,218.35301,1.0
2020-07-30 07:00:00,0.03,434.96268,1.0
2020-07-30 08:00:00,0.0,640.7337,1.0
2020-07-30 09:00:00,0.18,797.35065,1.0
2020-07-30 10:00:00,0.48,644.80286,1.0
2020-07-30 11:00:00,0.43,653.9992,1.0
2020-07-30 12:00:00,0.36,812.58417,1.0
2020-07-30 13:00:00,0.5,721.0614,1.0
2020-07-30 14:00:00,0.59,604.2434,1.0
2020-07-30 15:00:00,0.6,463.66757,1.0
2020-07-30 16:00:00,0.57,308.96017,1.0
2020-07-30 17:00:00,0.7,136.39598,1.0
2020-07-30 18:00:00,0.78,30.319576,1.0
2020-07-30 19:00:00,0.13,0.0,0.2569444444444444
2020-07-30 20:00:00,0.05,0.0,0.0
2020-07-30 21:00:00,0.01,0.0,0.0
2020-07-30 22:00:00,0.01,0.0,0.0
2020-07-30 23:00:00,0.0,0.0,0.0
2020-07-31 00:00:00,0.0,0.0,0.0
2020-07-31 01:00:00,0.0,0.0,0.0
2020-07-31 02:00:00,0.0,0.0,0.0
2020-07-31 03:00:00,0.0,0.0,0.0
2020-07-31 04:00:00,0.0,0.0,0.008888888888888889
2020-07-31 05:00:00,0.0,45.616737,1.0
2020-07-31 06:00:00,0.0,223.01506,1.0
2020-07-31 07:00:00,0.0,438.97073,1.0
2020-07-31 08:00:00,0.0,643.72723,1.0
2020-07-31 09:00:00,0.0,810.41724,1.0
2020-07-31 10:00:00,0.17,844.9017,1.0
2020-07-31 11:00:00,0.39,893.1782,1.0
2020-07-31 12:00:00,0.61,807.4313,1.0
2020-07-31 13:00:00,0.34,731.80927,1.0
2020-07-31 14:00:00,0.71,616.1018,1.0
2020-07-31 15:00:00,0.61,478.61078,1.0
2020-07-31 16:00:00,0.31,335.85883,1.0
2020-07-31 17:00:00,0.28,162.45618,1.0
2020-07-31 18:00:00,0.0,44.55513,1.0
2020-07-31 19:00:00,0.51,0.0,0.24
2020-07-31 20:00:00,0.27,0.0,0.0
2020-07-31 21:00:00,0.0,0.0,0.0
2020-07-31 22:00:00,0.0,0.0,0.0
2020-07-31 23:00:00,0.0,0.0,0.0
2020-08-01 00:00:00,0.0,0.0,0.0
2020-08-01 01:00:00,0.0,0.0,0.0
2020-08-01 02:00:00,0.0,0.0,0.0
2020-08-01 03:00:00,0.0,0.0,0.0
2020-08-01 04:00:00,0.0,0.0,0.0
2020-08-01 05:00:00,0.0,44.814537,0.9938888888888889
2020-08-01 06:00:00,0.0,223.50458,1.0
2020-08-01 07:00:00,0.0,439.74252,1.0
2020-08-01 08:00:00,0.0,645.7541,1.0
2020-08-01 09:00:00,0.0,816.69116,1.0
2020-08-01 10:00:00,0.08,845.3116,1.0
2020-08-01 11:00:00,0.15,954.4091,1.0
2020-08-01 12:00:00,0.23,872.2864,1.0
2020-08-01 13:00:00,0.47,735.0387,1.0
2020-08-01 14:00:00,0.76,522.90594,1.0
2020-08-01 15:00:00,0.64,440.2448,1.0
2020-08-01 16:00:00,0.91,257.34995,1.0
2020-08-01 17:00:00,0.2,172.04112,1.0
2020-08-01 18:00:00,0.89,44.95936,1.0
2020-08-01 19:00:00,0.92,0.0,0.22305555555555556
2020-08-01 20:00:00,0.09,0.0,0.0
2020-08-01 21:00:00,0.21,0.0,0.0
2020-08-01 22:00:00,0.29,0.0,0.0
2020-08-01 23:00:00,0.8,0.0,0.0
2020-08-02 00:00:00,0.2,0.0,0.0
2020-08-02 01:00:00,0.04,0.0,0.0
2020-08-02 02:00:00,0.02,0.0,0.0
2020-08-02 03:00:00,0.01,0.0,0.0
2020-08-02 04:00:00,0.0,0.0,0.0
2020-08-02 05:00:00,0.2,43.306984,0.9788888888888889
2020-08-02 06:00:00,0.0,217.74373,1.0
2020-08-02 07:00:00,0.17,430.4717,1.0
2020-08-02 08:00:00,0.59,632.83734,1.0
2020-08-02 09:00:00,0.75,778.13934,1.0
2020-08-02 10:00:00,0.76,787.3573,1.0
2020-08-02 11:00:00,0.51,903.3371,1.0
2020-08-02 12:00:00,0.54,849.87665,1.0
2020-08-02 13:00:00,0.4,678.6117,1.0
2020-08-02 14:00:00,0.7,579.78784,1.0
2020-08-02 15:00:00,0.4,523.1802,1.0
2020-08-02 16:00:00,0.45,338.4878,1.0
2020-08-02 17:00:00,0.71,146.20018,1.0
2020-08-02 18:00:00,0.57,38.357662,1.0
2020-08-02 19:00:00,0.41,0.0,0.20527777777777778
2020-08-02 20:00:00,0.03,0.0,0.0
2020-08-02 21:00:00,0.02,0.0,0.0
2020-08-02 22:00:00,0.03,0.0,0.0
2020-08-02 23:00:00,0.08,0.0,0.0
2020-08-03 00:00:00,0.0,0.0,0.0
2020-08-03 01:00:00,0.0,0.0,0.0
2020-08-03 02:00:00,0.0,0.0,0.0
2020-08-03 03:00:00,0.0,0.0,0.0
2020-08-03 04:00:00,0.0,0.0,0.0
2020-08-03 05:00:00,0.0,41.509533,0.9636111111111111
2020-08-03 06:00:00,0.0,215.0934,1.0
2020-08-03 07:00:00,0.01,429.13266,1.0
2020-08-03 08:00:00,0.0,637.55304,1.0
2020-08-03 09:00:00,0.09,806.164,1.0
2020-08-03 10:00:00,0.17,882.466,1.0
2020-08-03 11:00:00,0.55,932.03217,1.0
2020-08-03 12:00:00,0.75,876.8437,1.0
2020-08-03 13:00:00,0.65,724.9512,1.0
2020-08-03 14:00:00,0.2,756.3501,1.0
2020-08-03 15:00:00,0.64,412.20374,1.0
2020-08-03 16:00:00,0.83,380.9534,1.0
2020-08-03 17:00:00,0.6,135.65057,1.0
2020-08-03 18:00:00,0.56,42.9809,1.0
2020-08-03 19:00:00,0.47,0.0,0.18694444444444444
2020-08-03 20:00:00,0.6,0.0,0.0
2020-08-03 21:00:00,0.6,0.0,0.0
2020-08-03 22:00:00,0.7,0.0,0.0
2020-08-03 23:00:00,0.37,0.0,0.0
2020-08-04 00:00:00,0.09,0.0,0.0
2020-08-04 01:00:00,0.35,0.0,0.0
2020-08-04 02:00:00,0.51,0.0,0.0
2020-08-04 03:00:00,0.35,0.0,0.0
2020-08-04 04:00:00,0.45,0.0,0.0
2020-08-04 05:00:00,0.05,39.039013,0.9483333333333334
2020-08-04 06:00:00,0.54,173.96234,1.0
2020-08-04 07:00:00,0.05,421.65878,1.0
2020-08-04 08:00:00,0.03,638.3219,1.0
2020-08-04 09:00:00,0.33,766.70593,1.0
2020-08-04 10:00:00,0.16,874.2475,1.0
2020-08-04 11:00:00,0.52,809.444,1.0
2020-08-04 12:00:00,0.37,884.51135,1.0
2020-08-04 13:00:00,0.69,736.7616,1.0
2020-08-04 14:00:00,0.49,652.9459,1.0
2020-08-04 15:00:00,0.25,489.38052,1.0
2020-08-04 16:00:00,0.4,350.13687,1.0
2020-08-04 17:00:00,0.37,184.60733,1.0
2020-08-04 18:00:00,0.44,33.9211,1.0
2020-08-04 19:00:00,0.29,0.0,0.16833333333333333
2020-08-04 20:00:00,0.0,0.0,0.0
2020-08-04 21:00:00,0.07,0.0,0.0
2020-08-04 22:00:00,0.13,0.0,0.0
2020-08-04 23:00:00,0.19,0.0,0.0
2020-08-05 00:00:00,0.15,0.0,0.0
2020-08-05 01:00:00,0.0,0.0,0.0
2020-08-05 02:00:00,0.0,0.0,0.0
2020-08-05 03:00:00,0.0,0.0,0.0
2020-08-05 04:00:00,0.01,0.0,0.0
2020-08-05 05:00:00,0.0,37.29853,0.9327777777777778
2020-08-05 06:00:00,0.31,190.60507,1.0
2020-08-05 07:00:00,0.01,429.66357,1.0
2020-08-05 08:00:00,0.0,634.7893,1.0
2020-08-05 09:00:00,0.14,756.893,1.0
2020-08-05 10:00:00,0.21,850.3295,1.0
2020-08-05 11:00:00,0.36,855.9041,1.0
2020-08-05 12:00:00,0.37,758.0073,1.0
2020-08-05 13:00:00,0.58,688.87726,1.0
2020-08-05 14:00:00,0.78,572.43823,1.0
2020-08-05 15:00:00,0.34,497.974,1.0
2020-08-05 16:00:00,0.61,302.87122,1.0
2020-08-05 17:00:00,0.4,171.476,1.0
2020-08-05 18:00:00,0.54,29.365473,1.0
2020-08-05 19:00:00,0.39,0.0,0.14916666666666667
2020-08-05 20:00:00,0.13,0.0,0.0
2020-08-05 21:00:00,0.18,0.0,0.0
2020-08-05 22:00:00,0.32,0.0,0.0
2020-08-05 23:00:00,0.38,0.0,0.0
2020-08-06 00:00:00,0.0,0.0,0.0
2020-08-06 01:00:00,0.25,0.0,0.0
2020-08-06 02:00:00,0.59,0.0,0.0
2020-08-06 03:00:00,0.95,0.0,0.0
2020-08-06 04:00:00,0.98,0.0,0.0
2020-08-06 05:00:00,0.4,30.015034,0.9172222222222223
2020-08-06 06:00:00,0.46,175.4424,1.0
2020-08-06 07:00:00,0.36,407.99536,1.0
2020-08-06 08:00:00,0.19,612.36053,1.0
2020-08-06 09:00:00,0.39,755.85254,1.0
2020-08-06 10:00:00,0.22,744.02106,1.0
2020-08-06 11:00:00,0.51,710.9733,1.0
2020-08-06 12:00:00,0.38,792.1061,1.0
2020-08-06 13:00:00,0.53,753.9614,1.0
2020-08-06 14:00:00,0.55,599.49927,1.0
2020-08-06 15:00:00,0.7,386.02942,1.0
2020-08-06 16:00:00,0.8,242.1462,1.0
2020-08-06 17:00:00,0.47,107.20334,1.0
2020-08-06 18:00:00,0.64,32.98551,1.0
2020-08-06 19:00:00,0.21,0.0,0.1297222222222222
2020-08-06 20:00:00,0.0,0.0,0.0
2020-08-06 21:00:00,0.23,0.0,0.0
2020-08-06 22:00:00,0.24,0.0,0.0
2020-08-06 23:00:00,0.08,0.0,0.0
2020-08-07 00:00:00,0.01,0.0,0.0
2020-08-07 01:00:00,0.0,0.0,0.0
2020-08-07 02:00:00,0.0,0.0,0.0
2020-08-07 03:00:00,0.0,0.0,0.0
2020-08-07 04:00:00,0.0,0.0,0.0
2020-08-07 05:00:00,0.0,39.440456,0.9016666666666666
2020-08-07 06:00:00,0.0,221.5703,1.0
2020-08-07 07:00:00,0.0,446.48935,1.0
2020-08-07 08:00:00,0.0,659.44885,1.0
2020-08-07 09:00:00,0.0,836.0459,1.0
2020-08-07 10:00:00,0.0,960.9339,1.0
2020-08-07 11:00:00,0.0,1014.49994,1.0
2020-08-07 12:00:00,0.66,811.46423,1.0
2020-08-07 13:00:00,0.68,787.00116,1.0
2020-08-07 14:00:00,0.79,679.97687,1.0
2020-08-07 15:00:00,0.49,527.4513,1.0
2020-08-07 16:00:00,0.59,382.96628,1.0
2020-08-07 17:00:00,0.21,164.391,1.0
2020-08-07 18:00:00,0.07,35.553856,1.0
2020-08-07 19:00:00,0.02,0.0,0.10972222222222222
2020-08-07 20:00:00,0.21,0.0,0.0
2020-08-07 21:00:00,0.0,0.0,0.0
2020-08-07 22:00:00,0.0,0.0,0.0
2020-08-07 23:00:00,0.0,0.0,0.0
2020-08-08 00:00:00,0.0,0.0,0.0
2020-08-08 01:00:00,0.0,0.0,0.0
2020-08-08 02:00:00,0.0,0.0,0.0
2020-08-08 03:00:00,0.04,0.0,0.0
2020-08-08 04:00:00,0.26,0.0,0.0
2020-08-08 05:00:00,0.0,36.819794,0.8861111111111111
2020-08-08 06:00:00,0.29,193.79153,1.0
2020-08-08 07:00:00,0.27,379.74606,1.0
2020-08-08 08:00:00,0.4,545.0245,1.0
2020-08-08 09:00:00,0.46,726.76556,1.0
2020-08-08 10:00:00,0.49,842.2463,1.0
2020-08-08 11:00:00,0.31,857.7378,1.0
2020-08-08 12:00:00,0.74,877.8637,1.0
2020-08-08 13:00:00,0.76,738.54706,1.0
2020-08-08 14:00:00,0.57,632.59863,1.0
2020-08-08 15:00:00,0.72,516.67786,1.0
2020-08-08 16:00:00,0.99,344.87878,1.0
2020-08-08 17:00:00,1.0,178.5924,1.0
2020-08-08 18:00:00,0.98,32.583965,1.0
2020-08-08 19:00:00,0.0,0.0,0.08916666666666667
2020-08-08 20:00:00,0.0,0.0,0.0
2020-08-08 21:00:00,0.0,0.0,0.0
2020-08-08 22:00:00,0.0,0.0,0.0
2020-08-08 23:00:00,0.0,0.0,0.0
2020-08-09 00:00:00,0.0,0.0,0.0
2020-08-09 01:00:00,0.02,0.0,0.0
2020-08-09 02:00:00,0.01,0.0,0.0
2020-08-09 03:00:00,0.01,0.0,0.0
2020-08-09 04:00:00,0.18,0.0,0.0
2020-08-09 05:00:00,0.1,36.072414,0.8702777777777778
2020-08-09 06:00:00,0.03,216.41174,1.0
2020-08-09 07:00:00,0.0,441.5126,1.0
2020-08-09 08:00:00,0.0,654.7151,1.0
2020-08-09 09:00:00,0.0,832.5666,1.0
2020-08-09 10:00:00,0.0,959.6339,1.0
2020-08-09 11:00:00,0.17,978.24347,1.0
2020-08-09 12:00:00,0.49,924.8569,1.0
2020-08-09 13:00:00,0.83,852.88196,1.0
2020-08-09 14:00:00,0.61,741.26117,1.0
2020-08-09 15:00:00,0.64,524.49524,1.0
2020-08-09 16:00:00,0.07,357.14008,1.0
2020-08-09 17:00:00,0.93,173.64983,1.0
2020-08-09 18:00:00,0.56,28.745796,1.0
2020-08-09 19:00:00,0.58,0.0,0.06861111111111111
2020-08-09 20:00:00,0.23,0.0,0.0
2020-08-09 21:00:00,0.12,0.0,0.0
2020-08-09 22:00:00,0.17,0.0,0.0
2020-08-09 23:00:00,0.3,0.0,0.0
2020-08-10 00:00:00,0.09,0.0,0.0
2020-08-10 01:00:00,0.31,0.0,0.0
2020-08-10 02:00:00,0.19,0.0,0.0
2020-08-10 03:00:00,0.18,0.0,0.0
2020-08-10 04:00:00,0.0,0.0,0.0
2020-08-10 05:00:00,0.0,33.349777,0.8544444444444445
2020-08-10 06:00:00,0.24,202.94508,1.0
2020-08-10 07:00:00,0.05,425.76187,1.0
2020-08-10 08:00:00,0.0,636.4536,1.0
2020-08-10 09:00:00,0.02,778.7411,1.0
2020-08-10 10:00:00,0.09,895.9414,1.0
2020-08-10 11:00:00,0.24,966.2298,1.0
2020-08-10 12:00:00,0.35,903.9677,1.0
2020-08-10 13:00:00,0.61,834.9304,1.0
2020-08-10 14:00:00,0.45,614.39453,1.0
2020-08-10 15:00:00,0.48,506.70535,1.0
2020-08-10 16:00:00,0.78,310.19742,1.0
2020-08-10 17:00:00,0.59,52.560436,1.0
2020-08-10 18:00:00,0.47,27.189238,1.0
2020-08-10 19:00:00,0.38,0.0,0.0475
2020-08-10 20:00:00,0.04,0.0,0.0
2020-08-10 21:00:00,0.0,0.0,0.0
2020-08-10 22:00:00,0.01,0.0,0.0
2020-08-10 23:00:00,0.0,0.0,0.0
2020-08-11 00:00:00,0.0,0.0,0.0
2020-08-11 01:00:00,0.0,0.0,0.0
2020-08-11 02:00:00,0.0,0.0,0.0
2020-08-11 03:00:00,0.26,0.0,0.0
2020-08-11 04:00:00,0.02,0.0,0.0
2020-08-11 05:00:00,0.0,32.56917,0.8386111111111111
2020-08-11 06:00:00,0.02,209.18358,1.0
2020-08-11 07:00:00,0.0,432.4829,1.0
2020-08-11 08:00:00,0.28,604.8722,1.0
2020-08-11 09:00:00,0.53,728.7245,1.0
2020-08-11 10:00:00,0.48,753.1114,1.0
2020-08-11 11:00:00,0.75,736.06305,1.0
2020-08-11 12:00:00,0.93,753.46875,1.0
2020-08-11 13:00:00,0.91,650.94385,1.0
2020-08-11 14:00:00,0.68,637.4936,1.0
2020-08-11 15:00:00,0.72,460.12585,1.0
2020-08-11 16:00:00,0.3,362.5096,1.0
2020-08-11 17:00:00,0.7,109.89853,1.0
2020-08-11 18:00:00,0.6,26.863565,1.0
2020-08-11 19:00:00,0.23,0.0,0.026111111111111113
2020-08-11 20:00:00,0.34,0.0,0.0
2020-08-11 21:00:00,0.43,0.0,0.0
2020-08-11 22:00:00,0.0,0.0,0.0
2020-08-11 23:00:00,0.0,0.0,0.0
2020-08-12 00:00:00,0.0,0.0,0.0
2020-08-12 01:00:00,0.02,0.0,0.0
2020-08-12 02:00:00,0.02,0.0,0.0
2020-08-12 03:00:00,0.0,0.0,0.0
2020-08-12 04:00:00,0.0,0.0,0.0
2020-08-12 05:00:00,0.0,31.775192,0.8227777777777778
2020-08-12 06:00:00,0.0,211.1378,1.0
2020-08-12 07:00:00,0.0,430.05408,1.0
2020-08-12 08:00:00,0.0,642.31934,1.0
2020-08-12 09:00:00,0.26,756.05304,1.0
2020-08-12 10:00:00,0.36,847.7204,1.0
2020-08-12 11:00:00,0.63,728.2975,1.0
2020-08-12 12:00:00,0.52,812.4983,1.0
2020-08-12 13:00:00,0.4,798.72424,1.0
2020-08-12 14:00:00,0.67,678.9713,1.0
2020-08-12 15:00:00,0.56,558.554,1.0
2020-08-12 16:00:00,0.62,331.78168,1.0
2020-08-12 17:00:00,0.69,97.96131,1.0
2020-08-12 18:00:00,0.23,26.50441,1.0
2020-08-12 19:00:00,0.03,0.0,0.0044444444444444444
2020-08-12 20:00:00,0.0,0.0,0.0
2020-08-12 21:00:00,0.01,0.0,0.0
2020-08-12 22:00:00,0.05,0.0,0.0
2020-08-12 23:00:00,0.0,0.0,0.0
2020-08-13 00:00:00,0.0,0.0,0.0
2020-08-13 01:00:00,0.0,0.0,0.0
2020-08-13 02:00:00,0.0,0.0,0.0
2020-08-13 03:00:00,0.0,0.0,0.0
2020-08-13 04:00:00,0.0,0.0,0.0
2020-08-13 05:00:00,0.0,31.979977,0.8069444444444445
2020-08-13 06:00:00,0.0,207.323,1.0
2020-08-13 07:00:00,0.0,432.9997,1.0
2020-08-13 08:00:00,0.0,648.73724,1.0
2020-08-13 09:00:00,0.0,827.7462,1.0
2020-08-13 10:00:00,0.32,958.47156,1.0
2020-08-13 11:00:00,0.39,1010.47864,1.0
2020-08-13 12:00:00,0.49,968.02155,1.0
2020-08-13 13:00:00,0.76,911.6778,1.0
2020-08-13 14:00:00,0.5,764.16254,1.0
2020-08-13 15:00:00,0.19,596.9722,1.0
2020-08-13 16:00:00,0.03,373.3866,1.0
2020-08-13 17:00:00,0.4,137.85309,1.0
2020-08-13 18:00:00,0.91,25.291862,0.9822222222222222
2020-08-13 19:00:00,0.16,0.0,0.0
2020-08-13 20:00:00,0.3,0.0,0.0
2020-08-13 21:00:00,0.01,0.0,0.0
2020-08-13 22:00:00,0.0,0.0,0.0
2020-08-13 23:00:00,0.0,0.0,0.0
2020-08-14 00:00:00,0.0,0.0,0.0
2020-08-14 01:00:00,0.0,0.0,0.0
2020-08-14 02:00:00,0.0,0.0,0.0
2020-08-14 03:00:00,0.0,0.0,0.0
2020-08-14 04:00:00,0.0,0.0,0.0
2020-08-14 05:00:00,0.0,31.201237,0.7911111111111111
2020-08-14 06:00:00,0.0,210.1621,1.0
2020-08-14 07:00:00,0.0,438.3687,1.0
2020-08-14 08:00:00,0.0,654.1972,1.0
2020-08-14 09:00:00,0.0,832.2207,1.0
2020-08-14 10:00:00,0.0,954.96515,1.0
2020-08-14 11:00:00,0.18,1003.26294,1.0
2020-08-14 12:00:00,0.01,939.4713,1.0
2020-08-14 13:00:00,0.14,868.2642,1.0
2020-08-14 14:00:00,0.4,738.1155,1.0
2020-08-14 15:00:00,0.65,533.85425,1.0
2020-08-14 16:00:00,0.59,338.0196,1.0
2020-08-14 17:00:00,0.57,166.322,1.0
2020-08-14 18:00:00,0.78,25.561932,0.96
2020-08-14 19:00:00,0.15,0.0,0.0
2020-08-14 20:00:00,0.09,0.0,0.0
2020-08-14 21:00:00,0.0,0.0,0.0
2020-08-14 22:00:00,0.0,0.0,0.0
2020-08-14 23:00:00,0.0,0.0,0.0
2020-08-15 00:00:00,0.0,0.0,0.0
2020-08-15 01:00:00,0.0,0.0,0.0
2020-08-15 02:00:00,0.0,0.0,0.0
2020-08-15 03:00:00,0.0,0.0,0.0
2020-08-15 04:00:00,0.0,0.0,0.0
2020-08-15 05:00:00,0.0,28.375345,0.7755555555555556
2020-08-15 06:00:00,0.0,201.15903,1.0
2020-08-15 07:00:00,0.0,425.09445,1.0
2020-08-15 08:00:00,0.0,639.8242,1.0
2020-08-15 09:00:00,0.0,816.9536,1.0
2020-08-15 10:00:00,0.04,918.13983,1.0
2020-08-15 11:00:00,0.25,978.7254,1.0
2020-08-15 12:00:00,0.41,887.10583,1.0
2020-08-15 13:00:00,0.39,852.60834,1.0
2020-08-15 14:00:00,0.35,709.96814,1.0
2020-08-15 15:00:00,0.34,518.1706,1.0
2020-08-15 16:00:00,0.36,363.81958,1.0
2020-08-15 17:00:00,0.16,170.26295,1.0
2020-08-15 18:00:00,0.06,22.419792,0.9377777777777778
2020-08-15 19:00:00,0.16,0.0,0.0
2020-08-15 20:00:00,0.06,0.0,0.0
2020-08-15 21:00:00,0.0,0.0,0.0
2020-08-15 22:00:00,0.0,0.0,0.0
2020-08-15 23:00:00,0.0,0.0,0.0
2020-08-16 00:00:00,0.0,0.0,0.0
2020-08-16 01:00:00,0.0,0.0,0.0
2020-08-16 02:00:00,0.0,0.0,0.0
2020-08-16 03:00:00,0.0,0.0,0.0
2020-08-16 04:00:00,0.0,0.0,0.0
2020-08-16 05:00:00,0.0,25.459745,0.7597222222222222
2020-08-16 06:00:00,0.0,195.28218,1.0
2020-08-16 07:00:00,0.0,420.4818,1.0
2020-08-16 08:00:00,0.0,639.81946,1.0
2020-08-16 09:00:00,0.0,823.64874,1.0
2020-08-16 10:00:00,0.0,946.3336,1.0
2020-08-16 11:00:00,0.0,1002.78796,1.0
2020-08-16 12:00:00,0.0,990.8183,1.0
2020-08-16 13:00:00,0.08,889.5201,1.0
2020-08-16 14:00:00,0.1,766.9935,1.0
2020-08-16 15:00:00,0.07,593.4758,1.0
2020-08-16 16:00:00,0.48,317.0133,1.0
2020-08-16 17:00:00,0.36,173.85101,1.0
2020-08-16 18:00:00,0.01,21.255554,0.915
2020-08-16 19:00:00,0.0,0.0,0.0
2020-08-16 20:00:00,0.14,0.0,0.0
2020-08-16 21:00:00,0.03,0.0,0.0
2020-08-16 22:00:00,0.0,0.0,0.0
2020-08-16 23:00:00,0.0,0.0,0.0
2020-08-17 00:00:00,0.0,0.0,0.0
2020-08-17 01:00:00,0.0,0.0,0.0
2020-08-17 02:00:00,0.0,0.0,0.0
2020-08-17 03:00:00,0.0,0.0,0.0
2020-08-17 04:00:00,0.11,0.0,0.0
2020-08-17 05:00:00,0.4,23.586678,0.7438888888888889
2020-08-17 06:00:00,0.02,182.77312,1.0
2020-08-17 07:00:00,0.02,403.37207,1.0
2020-08-17 08:00:00,0.01,618.56976,1.0
2020-08-17 09:00:00,0.0,794.59283,1.0
2020-08-17 10:00:00,0.28,873.84717,1.0
2020-08-17 11:00:00,0.78,909.43835,1.0
2020-08-17 12:00:00,0.77,856.97485,1.0
2020-08-17 13:00:00,0.95,490.06216,1.0
2020-08-17 14:00:00,0.75,650.26825,1.0
2020-08-17 15:00:00,0.91,503.30508,1.0
2020-08-17 16:00:00,0.73,338.5822,1.0
2020-08-17 17:00:00,0.85,142.10342,1.0
2020-08-17 18:00:00,0.88,18.445839,0.8922222222222222
2020-08-17 19:00:00,0.27,0.0,0.0
2020-08-17 20:00:00,0.03,0.0,0.0
2020-08-17 21:00:00,0.0,0.0,0.0
2020-08-17 22:00:00,0.67,0.0,0.0
2020-08-17 23:00:00,0.07,0.0,0.0
2020-08-18 00:00:00,0.0,0.0,0.0
2020-08-18 01:00:00,0.0,0.0,0.0
2020-08-18 02:00:00,0.0,0.0,0.0
2020-08-18 03:00:00,0.18,0.0,0.0
2020-08-18 04:00:00,0.59,0.0,0.0
2020-08-18 05:00:00,0.01,24.748909,0.7283333333333334
2020-08-18 06:00:00,0.6,190.03506,1.0
2020-08-18 07:00:00,0.14,411.1116,1.0
2020-08-18 08:00:00,0.71,614.47034,1.0
2020-08-18 09:00:00,0.82,731.09125,1.0
2020-08-18 10:00:00,0.87,867.594,1.0
2020-08-18 11:00:00,0.93,819.75995,1.0
2020-08-18 12:00:00,0.93,770.6789,1.0
2020-08-18 13:00:00,0.84,697.59375,1.0
2020-08-18 14:00:00,0.65,540.0829,1.0
2020-08-18 15:00:00,0.66,299.68756,1.0
2020-08-18 16:00:00,0.67,287.6457,1.0
2020-08-18 17:00:00,0.93,115.32064,1.0
2020-08-18 18:00:00,0.98,18.757063,0.8691666666666666
2020-08-18 19:00:00,0.96,0.0,0.0
2020-08-18 20:00:00,0.96,0.0,0.0
2020-08-18 21:00:00,0.94,0.0,0.0
2020-08-18 22:00:00,0.57,0.0,0.0
2020-08-18 23:00:00,0.01,0.0,0.0
2020-08-19 00:00:00,0.01,0.0,0.0
2020-08-19 01:00:00,0.63,0.0,0.0
2020-08-19 02:00:00,0.59,0.0,0.0
2020-08-19 03:00:00,0.48,0.0,0.0
2020-08-19 04:00:00,0.49,0.0,0.0
2020-08-19 05:00:00,0.64,22.936071,0.7125
2020-08-19 06:00:00,0.0,185.292,1.0
2020-08-19 07:00:00,0.0,406.46262,1.0
2020-08-19 08:00:00,0.0,616.11237,1.0
2020-08-19 09:00:00,0.0,785.0032,1.0
2020-08-19 10:00:00,0.26,869.81647,1.0
2020-08-19 11:00:00,0.11,934.90826,1.0
2020-08-19 12:00:00,0.44,774.1992,1.0
2020-08-19 13:00:00,0.71,672.49084,1.0
2020-08-19 14:00:00,0.97,362.5392,1.0
2020-08-19 15:00:00,0.72,414.89615,1.0
2020-08-19 16:00:00,0.9,231.1346,1.0
2020-08-19 17:00:00,0.91,37.600574,1.0
2020-08-19 18:00:00,0.67,18.869698,0.8461111111111111
2020-08-19 19:00:00,0.39,0.0,0.0
2020-08-19 20:00:00,0.33,0.0,0.0
2020-08-19 21:00:00,0.04,0.0,0.0
2020-08-19 22:00:00,0.37,0.0,0.0
2020-08-19 23:00:00,0.24,0.0,0.0
2020-08-20 00:00:00,0.2,0.0,0.0
2020-08-20 01:00:00,0.08,0.0,0.0
2020-08-20 02:00:00,0.0,0.0,0.0
2020-08-20 03:00:00,0.0,0.0,0.0
2020-08-20 04:00:00,0.0,0.0,0.0
2020-08-20 05:00:00,0.0,22.019741,0.6969444444444445
2020-08-20 06:00:00,0.01,184.98589,1.0
2020-08-20 07:00:00,0.0,405.26077,1.0
2020-08-20 08:00:00,0.02,615.0059,1.0
2020-08-20 09:00:00,0.0,789.95557,1.0
2020-08-20 10:00:00,0.02,880.9605,1.0
2020-08-20 11:00:00,0.56,909.98096,1.0
2020-08-20 12:00:00,0.81,733.77954,1.0
2020-08-20 13:00:00,0.41,723.7527,1.0
2020-08-20 14:00:00,0.81,530.99976,1.0
2020-08-20 15:00:00,0.55,398.2944,1.0
2020-08-20 16:00:00,0.49,318.05197,1.0
2020-08-20 17:00:00,0.73,138.08685,1.0
2020-08-20 18:00:00,0.35,18.072706,0.8227777777777778
2020-08-20 19:00:00,0.63,0.0,0.0
2020-08-20 20:00:00,0.86,0.0,0.0
2020-08-20 21:00:00,1.0,0.0,0.0
2020-08-20 22:00:00,0.78,0.0,0.0
2020-08-20 23:00:00,0.62,0.0,0.0
2020-08-21 00:00:00,0.0,0.0,0.0
2020-08-21 01:00:00,0.0,0.0,0.0
2020-08-21 02:00:00,0.0,0.0,0.0
2020-08-21 03:00:00,0.0,0.0,0.0
2020-08-21 04:00:00,0.0,0.0,0.0
2020-08-21 05:00:00,0.0,21.199387,0.6813888888888889
2020-08-21 06:00:00,0.0,183.58081,1.0
2020-08-21 07:00:00,0.0,405.06418,1.0
2020-08-21 08:00:00,0.0,617.1243,1.0
2020-08-21 09:00:00,0.0,762.24084,1.0
2020-08-21 10:00:00,0.3,851.5062,1.0
2020-08-21 11:00:00,0.28,897.5869,1.0
2020-08-21 12:00:00,0.24,935.0093,1.0
2020-08-21 13:00:00,0.17,828.2355,1.0
2020-08-21 14:00:00,0.18,690.5725,1.0
2020-08-21 15:00:00,0.11,561.5151,1.0
2020-08-21 16:00:00,0.19,348.5482,1.0
2020-08-21 17:00:00,0.23,135.3135,1.0
2020-08-21 18:00:00,0.25,13.9552965,0.7991666666666667
2020-08-21 19:00:00,0.18,0.0,0.0
2020-08-21 20:00:00,0.04,0.0,0.0
2020-08-21 21:00:00,0.01,0.0,0.0
2020-08-21 22:00:00,0.0,0.0,0.0
2020-08-21 23:00:00,0.0,0.0,0.0
2020-08-22 00:00:00,0.0,0.0,0.0
2020-08-22 01:00:00,0.0,0.0,0.0
2020-08-22 02:00:00,0.0,0.0,0.0
2020-08-22 03:00:00,0.0,0.0,0.0
2020-08-22 04:00:00,0.0,0.0,0.0
2020-08-22 05:00:00,0.0,21.38151,0.6658333333333334
2020-08-22 06:00:00,0.0,186.566,1.0
2020-08-22 07:00:00,0.0,411.73,1.0
2020-08-22 08:00:00,0.0,627.2907,1.0
2020-08-22 09:00:00,0.0,807.94763,1.0
2020-08-22 10:00:00,0.0,935.22015,1.0
2020-08-22 11:00:00,0.0,993.7148,1.0
2020-08-22 12:00:00,0.17,972.3522,1.0
2020-08-22 13:00:00,0.64,849.6281,1.0
2020-08-22 14:00:00,0.35,723.0245,1.0
2020-08-22 15:00:00,0.25,547.13525,1.0
2020-08-22 16:00:00,0.35,359.09094,1.0
2020-08-22 17:00:00,0.05,154.06064,1.0
2020-08-22 18:00:00,0.15,14.929844,0.7752777777777777
2020-08-22 19:00:00,0.09,0.0,0.0
2020-08-22 20:00:00,0.01,0.0,0.0
2020-08-22 21:00:00,0.0,0.0,0.0
2020-08-22 22:00:00,0.0,0.0,0.0
2020-08-22 23:00:00,0.0,0.0,0.0
2020-08-23 00:00:00,0.0,0.0,0.0
2020-08-23 01:00:00,0.0,0.0,0.0
2020-08-23 02:00:00,0.0,0.0,0.0
2020-08-23 03:00:00,0.0,0.0,0.0
2020-08-23 04:00:00,0.0,0.0,0.0
2020-08-23 05:00:00,0.18,19.276762,0.6502777777777777
2020-08-23 06:00:00,0.0,181.53516,1.0
2020-08-23 07:00:00,0.13,400.84024,1.0
2020-08-23 08:00:00,0.27,614.15247,1.0
2020-08-23 09:00:00,0.48,759.7107,1.0
2020-08-23 10:00:00,0.47,843.3161,1.0
2020-08-23 11:00:00,0.52,877.52875,1.0
2020-08-23 12:00:00,0.63,900.1507,1.0
2020-08-23 13:00:00,0.63,767.9096,1.0
2020-08-23 14:00:00,0.54,628.97577,1.0
2020-08-23 15:00:00,0.47,479.834,1.0
2020-08-23 16:00:00,0.52,297.49088,1.0
2020-08-23 17:00:00,0.57,102.50566,1.0
2020-08-23 18:00:00,0.83,14.525249,0.7511111111111111
2020-08-23 19:00:00,0.66,0.0,0.0
2020-08-23 20:00:00,0.55,0.0,0.0
2020-08-23 21:00:00,0.48,0.0,0.0
2020-08-23 22:00:00,0.82,0.0,0.0
2020-08-23 23:00:00,0.19,0.0,0.0
2020-08-24 00:00:00,0.23,0.0,0.0
2020-08-24 01:00:00,0.32,0.0,0.0
2020-08-24 02:00:00,0.23,0.0,0.0
2020-08-24 03:00:00,0.12,0.0,0.0
2020-08-24 04:00:00,0.0,0.0,0.0
2020-08-24 05:00:00,0.0,18.27472,0.6347222222222222
2020-08-24 06:00:00,0.08,175.31787,1.0
2020-08-24 07:00:00,0.01,399.81308,1.0
2020-08-24 08:00:00,0.02,605.0377,1.0
2020-08-24 09:00:00,0.15,736.0783,1.0
2020-08-24 10:00:00,0.22,843.53894,1.0
2020-08-24 11:00:00,0.24,927.2616,1.0
2020-08-24 12:00:00,0.53,691.4367,1.0
2020-08-24 13:00:00,0.76,680.6847,1.0
2020-08-24 14:00:00,0.61,584.08276,1.0
2020-08-24 15:00:00,0.88,353.5045,1.0
2020-08-24 16:00:00,0.7,232.85724,1.0
2020-08-24 17:00:00,0.63,106.06137,1.0
2020-08-24 18:00:00,0.67,11.697918,0.7263888888888889
2020-08-24 19:00:00,0.64,0.0,0.0
2020-08-24 20:00:00,0.73,0.0,0.0
2020-08-24 21:00:00,0.6,0.0,0.0
2020-08-24 22:00:00,0.5,0.0,0.0
2020-08-24 23:00:00,0.12,0.0,0.0
2020-08-25 00:00:00,0.19,0.0,0.0
2020-08-25 01:00:00,0.31,0.0,0.0
2020-08-25 02:00:00,0.34,0.0,0.0
2020-08-25 03:00:00,0.4,0.0,0.0
2020-08-25 04:00:00,0.26,0.0,0.0
2020-08-25 05:00:00,0.34,15.063266,0.6191666666666666
2020-08-25 06:00:00,0.2,158.41803,1.0
2020-08-25 07:00:00,0.26,362.5274,1.0
2020-08-25 08:00:00,0.23,568.1688,1.0
2020-08-25 09:00:00,0.14,636.8217,1.0
2020-08-25 10:00:00,0.31,761.1672,1.0
2020-08-25 11:00:00,0.44,814.75397,1.0
2020-08-25 12:00:00,0.69,788.3315,1.0
2020-08-25 13:00:00,0.61,628.8974,1.0
2020-08-25 14:00:00,0.57,579.81305,1.0
2020-08-25 15:00:00,0.78,466.52533,1.0
2020-08-25 16:00:00,0.89,214.9808,1.0
2020-08-25 17:00:00,0.88,103.85578,1.0
2020-08-25 18:00:00,0.67,10.511511,0.7013888888888888
2020-08-25 19:00:00,0.65,0.0,0.0
2020-08-25 20:00:00,0.58,0.0,0.0
2020-08-25 21:00:00,0.43,0.0,0.0
2020-08-25 22:00:00,0.41,0.0,0.0
2020-08-25 23:00:00,0.49,0.0,0.0
2020-08-26 00:00:00,0.1,0.0,0.0
2020-08-26 01:00:00,0.86,0.0,0.0
2020-08-26 02:00:00,0.88,0.0,0.0
2020-08-26 03:00:00,0.73,0.0,0.0
2020-08-26 04:00:00,0.03,0.0,0.0
2020-08-26 05:00:00,0.0,13.97833,0.6036111111111111
2020-08-26 06:00:00,0.18,151.15704,1.0
2020-08-26 07:00:00,0.18,329.0808,1.0
2020-08-26 08:00:00,0.25,511.2733,1.0
2020-08-26 09:00:00,0.3,699.3616,1.0
2020-08-26 10:00:00,0.42,625.56934,1.0
2020-08-26 11:00:00,0.9,630.03796,1.0
2020-08-26 12:00:00,0.66,779.23065,1.0
2020-08-26 13:00:00,0.73,749.17224,1.0
2020-08-26 14:00:00,0.69,541.9436,1.0
2020-08-26 15:00:00,0.93,334.91574,1.0
2020-08-26 16:00:00,1.0,134.26585,1.0
2020-08-26 17:00:00,1.0,15.902769,1.0
2020-08-26 18:00:00,1.0,4.9696155,0.6761111111111111
2020-08-26 19:00:00,1.0,0.0,0.0
2020-08-26 20:00:00,1.0,0.0,0.0
2020-08-26 21:00:00,0.99,0.0,0.0
2020-08-26 22:00:00,0.98,0.0,0.0
2020-08-26 23:00:00,0.88,0.0,0.0
2020-08-27 00:00:00,0.98,0.0,0.0
2020-08-27 01:00:00,0.95,0.0,0.0
2020-08-27 02:00:00,0.59,0.0,0.0
2020-08-27 03:00:00,0.77,0.0,0.0
2020-08-27 04:00:00,0.96,0.0,0.0
2020-08-27 05:00:00,0.87,15.542638,0.5880555555555556
2020-08-27 06:00:00,0.0,171.34889,1.0
2020-08-27 07:00:00,0.0,393.17773,1.0
2020-08-27 08:00:00,0.0,604.8073,1.0
2020-08-27 09:00:00,0.0,783.6521,1.0
2020-08-27 10:00:00,0.03,886.49786,1.0
2020-08-27 11:00:00,0.2,931.0835,1.0
2020-08-27 12:00:00,0.37,889.1398,1.0
2020-08-27 13:00:00,0.18,807.6995,1.0
2020-08-27 14:00:00,0.33,589.27893,1.0
2020-08-27 15:00:00,0.56,329.33203,1.0
2020-08-27 16:00:00,0.76,207.5373,1.0
2020-08-27 17:00:00,0.74,79.76793,1.0
2020-08-27 18:00:00,0.53,9.330149,0.6505555555555556
2020-08-27 19:00:00,0.14,0.0,0.0
2020-08-27 20:00:00,0.04,0.0,0.0
2020-08-27 21:00:00,0.02,0.0,0.0
2020-08-27 22:00:00,0.02,0.0,0.0
2020-08-27 23:00:00,0.01,0.0,0.0
2020-08-28 00:00:00,0.0,0.0,0.0
2020-08-28 01:00:00,0.0,0.0,0.0
2020-08-28 02:00:00,0.0,0.0,0.0
2020-08-28 03:00:00,0.32,0.0,0.0
2020-08-28 04:00:00,0.77,0.0,0.0
2020-08-28 05:00:00,0.89,11.44242,0.5725
2020-08-28 06:00:00,0.87,132.97223,1.0
2020-08-28 07:00:00,0.9,312.3132,1.0
2020-08-28 08:00:00,0.93,487.90897,1.0
2020-08-28 09:00:00,0.91,633.7114,1.0
2020-08-28 10:00:00,0.94,696.14636,1.0
2020-08-28 11:00:00,0.88,690.0146,1.0
2020-08-28 12:00:00,0.91,668.15967,1.0
2020-08-28 13:00:00,1.0,427.44986,1.0
2020-08-28 14:00:00,0.95,337.50803,1.0
2020-08-28 15:00:00,1.0,114.4286,1.0
2020-08-28 16:00:00,0.92,105.32599,1.0
2020-08-28 17:00:00,1.0,10.933154,1.0
2020-08-28 18:00:00,1.0,1.9878461,0.6247222222222222
2020-08-28 19:00:00,1.0,0.0,0.0
2020-08-28 20:00:00,1.0,0.0,0.0
2020-08-28 21:00:00,0.85,0.0,0.0
2020-08-28 22:00:00,0.99,0.0,0.0
2020-08-28 23:00:00,1.0,0.0,0.0
2020-08-29 00:00:00,0.49,0.0,0.0
2020-08-29 01:00:00,0.95,0.0,0.0
2020-08-29 02:00:00,0.71,0.0,0.0
2020-08-29 03:00:00,0.71,0.0,0.0
2020-08-29 04:00:00,0.84,0.0,0.0
2020-08-29 05:00:00,0.23,5.963538,0.5569444444444445
2020-08-29 06:00:00,0.97,64.24974,1.0
2020-08-29 07:00:00,1.0,177.18947,1.0
2020-08-29 08:00:00,1.0,309.86304,1.0
2020-08-29 09:00:00,0.99,448.4632,1.0
2020-08-29 10:00:00,0.98,299.46576,1.0
2020-08-29 11:00:00,1.0,362.6062,1.0
2020-08-29 12:00:00,0.99,414.93884,1.0
2020-08-29 13:00:00,0.99,450.85986,1.0
2020-08-29 14:00:00,1.0,371.192,1.0
2020-08-29 15:00:00,1.0,360.87134,1.0
2020-08-29 16:00:00,0.99,160.67363,1.0
2020-08-29 17:00:00,0.83,109.12949,1.0
2020-08-29 18:00:00,0.34,8.088545,0.5988888888888889
2020-08-29 19:00:00,0.86,0.0,0.0
2020-08-29 20:00:00,0.39,0.0,0.0
2020-08-29 21:00:00,1.0,0.0,0.0
2020-08-29 22:00:00,0.41,0.0,0.0
2020-08-29 23:00:00,0.0,0.0,0.0
2020-08-30 00:00:00,0.0,0.0,0.0
2020-08-30 01:00:00,0.0,0.0,0.0
2020-08-30 02:00:00,0.08,0.0,0.0
2020-08-30 03:00:00,0.37,0.0,0.0
2020-08-30 04:00:00,0.37,0.0,0.0
2020-08-30 05:00:00,0.01,13.437998,0.5413888888888889
2020-08-30 06:00:00,0.0,168.17145,1.0
2020-08-30 07:00:00,0.0,394.36542,1.0
2020-08-30 08:00:00,0.0,609.3703,1.0
2020-08-30 09:00:00,0.0,789.6672,1.0
2020-08-30 10:00:00,0.02,888.94586,1.0
2020-08-30 11:00:00,0.1,894.99475,1.0
2020-08-30 12:00:00,0.44,747.09515,1.0
2020-08-30 13:00:00,0.4,652.86566,1.0
2020-08-30 14:00:00,0.31,638.1856,1.0
2020-08-30 15:00:00,0.62,482.01462,1.0
2020-08-30 16:00:00,0.58,258.18454,1.0
2020-08-30 17:00:00,0.99,118.99752,1.0
2020-08-30 18:00:00,0.08,6.997644,0.5725
2020-08-30 19:00:00,0.0,0.0,0.0
2020-08-30 20:00:00,0.21,0.0,0.0
2020-08-30 21:00:00,0.19,0.0,0.0
2020-08-30 22:00:00,0.46,0.0,0.0
2020-08-30 23:00:00,0.17,0.0,0.0
2020-08-31 00:00:00,0.04,0.0,0.0
2020-08-31 01:00:00,0.0,0.0,0.0
2020-08-31 02:00:00,0.0,0.0,0.0
2020-08-31 03:00:00,0.0,0.0,0.0
2020-08-31 04:00:00,0.0,0.0,0.0
2020-08-31 05:00:00,0.0,12.571969,0.5258333333333334
2020-08-31 06:00:00,0.01,161.90132,1.0
2020-08-31 07:00:00,0.0,386.9386,1.0
2020-08-31 08:00:00,0.0,602.483,1.0
2020-08-31 09:00:00,0.0,768.46326,1.0
2020-08-31 10:00:00,0.15,851.69727,1.0
2020-08-31 11:00:00,0.21,859.62897,1.0
2020-08-31 12:00:00,0.46,692.6367,1.0
2020-08-31 13:00:00,0.4,674.07935,1.0
2020-08-31 14:00:00,0.76,465.69513,1.0
2020-08-31 15:00:00,0.95,320.05444,1.0
2020-08-31 16:00:00,0.62,241.49944,1.0
2020-08-31 17:00:00,0.98,40.965107,1.0
2020-08-31 18:00:00,1.0,6.9574614,0.5463888888888889
2020-08-31 19:00:00,0.95,0.0,0.0
2020-08-31 20:00:00,0.98,0.0,0.0
2020-08-31 21:00:00,1.0,0.0,0.0
2020-08-31 22:00:00,0.99,0.0,0.0
2020-08-31 23:00:00,0.99,0.0,0.0
2020-09-01 00:00:00,1.0,0.0,0.0
2020-09-01 01:00:00,1.0,0.0,0.0
2020-09-01 02:00:00,1.0,0.0,0.0
2020-09-01 03:00:00,1.0,0.0,0.0
2020-09-01 04:00:00,0.9,0.0,0.0
2020-09-01 05:00:00,0.0,9.015273,0.5102777777777778
2020-09-01 06:00:00,0.11,142.73247,1.0
2020-09-01 07:00:00,0.02,336.90698,1.0
2020-09-01 08:00:00,0.01,564.6251,1.0
2020-09-01 09:00:00,0.02,774.16516,1.0
2020-09-01 10:00:00,0.01,902.4423,1.0
2020-09-01 11:00:00,0.0,960.3514,1.0
2020-09-01 12:00:00,0.0,956.3287,1.0
2020-09-01 13:00:00,0.0,880.5269,1.0
2020-09-01 14:00:00,0.0,736.08295,1.0
2020-09-01 15:00:00,0.0,545.2243,1.0
2020-09-01 16:00:00,0.0,326.44095,1.0
2020-09-01 17:00:00,0.0,115.536644,1.0
2020-09-01 18:00:00,0.0,4.977212,0.5197222222222222
2020-09-01 19:00:00,0.0,0.0,0.0
2020-09-01 20:00:00,0.0,0.0,0.0
2020-09-01 21:00:00,0.0,0.0,0.0
2020-09-01 22:00:00,0.0,0.0,0.0
2020-09-01 23:00:00,0.0,0.0,0.0
2020-09-02 00:00:00,0.0,0.0,0.0
2020-09-02 01:00:00,0.0,0.0,0.0
2020-09-02 02:00:00,0.0,0.0,0.0
2020-09-02 03:00:00,0.0,0.0,0.0
2020-09-02 04:00:00,0.0,0.0,0.0
2020-09-02 05:00:00,0.0,10.476872,0.49472222222222223
2020-09-02 06:00:00,0.0,164.08276,1.0
2020-09-02 07:00:00,0.0,393.10587,1.0
2020-09-02 08:00:00,0.0,610.9902,1.0
2020-09-02 09:00:00,0.0,791.1231,1.0
2020-09-02 10:00:00,0.0,915.1267,1.0
2020-09-02 11:00:00,0.0,972.9399,1.0
2020-09-02 12:00:00,0.0,961.60864,1.0
2020-09-02 13:00:00,0.0,881.707,1.0
2020-09-02 14:00:00,0.0,741.2053,1.0
2020-09-02 15:00:00,0.0,550.98975,1.0
2020-09-02 16:00:00,0.0,331.35516,1.0
2020-09-02 17:00:00,0.0,114.1743,1.0
2020-09-02 18:00:00,0.0,4.9756923,0.49333333333333335
2020-09-02 19:00:00,0.0,0.0,0.0
2020-09-02 20:00:00,0.0,0.0,0.0
2020-09-02 21:00:00,0.0,0.0,0.0
2020-09-02 22:00:00,0.0,0.0,0.0
2020-09-02 23:00:00,0.0,0.0,0.0
2020-09-03 00:00:00,0.0,0.0,0.0
2020-09-03 01:00:00,0.0,0.0,0.0
2020-09-03 02:00:00,0.0,0.0,0.0
2020-09-03 03:00:00,0.0,0.0,0.0
2020-09-03 04:00:00,0.0,0.0,0.0
2020-09-03 05:00:00,0.07,9.189198,0.4791666666666667
2020-09-03 06:00:00,0.74,151.49411,1.0
2020-09-03 07:00:00,0.77,377.78635,1.0
2020-09-03 08:00:00,0.75,593.79065,1.0
2020-09-03 09:00:00,0.79,774.6993,1.0
2020-09-03 10:00:00,0.32,900.6625,1.0
2020-09-03 11:00:00,0.0,958.6189,1.0
2020-09-03 12:00:00,0.0,946.43805,1.0
2020-09-03 13:00:00,0.05,833.69904,1.0
2020-09-03 14:00:00,0.13,697.2538,1.0
2020-09-03 15:00:00,0.01,532.4478,1.0
2020-09-03 16:00:00,0.55,305.19058,1.0
2020-09-03 17:00:00,0.61,99.76762,1.0
2020-09-03 18:00:00,0.07,4.974173,0.4666666666666667
2020-09-03 19:00:00,0.0,0.0,0.0
2020-09-03 20:00:00,0.04,0.0,0.0
2020-09-03 21:00:00,0.19,0.0,0.0
2020-09-03 22:00:00,0.28,0.0,0.0
2020-09-03 23:00:00,0.14,0.0,0.0
2020-09-04 00:00:00,0.0,0.0,0.0
2020-09-04 01:00:00,0.0,0.0,0.0
2020-09-04 02:00:00,0.0,0.0,0.0
2020-09-04 03:00:00,0.0,0.0,0.0
2020-09-04 04:00:00,0.0,0.0,0.0
2020-09-04 05:00:00,0.0,9.726921,0.4636111111111111
2020-09-04 06:00:00,0.0,157.63876,1.0
2020-09-04 07:00:00,0.0,384.93008,1.0
2020-09-04 08:00:00,0.0,600.9039,1.0
2020-09-04 09:00:00,0.0,778.99634,1.0
2020-09-04 10:00:00,0.0,899.90955,1.0
2020-09-04 11:00:00,0.0,944.1726,1.0
2020-09-04 12:00:00,0.07,919.9728,1.0
2020-09-04 13:00:00,0.32,803.2548,1.0
2020-09-04 14:00:00,0.47,676.54736,1.0
2020-09-04 15:00:00,0.24,477.91025,1.0
2020-09-04 16:00:00,0.46,279.7169,1.0
2020-09-04 17:00:00,0.64,90.54996,1.0
2020-09-04 18:00:00,0.45,3.978731,0.44
2020-09-04 19:00:00,0.04,0.0,0.0
2020-09-04 20:00:00,0.0,0.0,0.0
2020-09-04 21:00:00,0.0,0.0,0.0
2020-09-04 22:00:00,0.0,0.0,0.0
2020-09-04 23:00:00,0.0,0.0,0.0
2020-09-05 00:00:00,0.0,0.0,0.0
2020-09-05 01:00:00,0.0,0.0,0.0
2020-09-05 02:00:00,0.0,0.0,0.0
2020-09-05 03:00:00,0.0,0.0,0.0
2020-09-05 04:00:00,0.0,0.0,0.0
2020-09-05 05:00:00,0.0,8.388,0.44805555555555554
2020-09-05 06:00:00,0.0,155.12085,1.0
2020-09-05 07:00:00,0.0,381.58096,1.0
2020-09-05 08:00:00,0.0,598.8596,1.0
2020-09-05 09:00:00,0.0,777.0073,1.0
2020-09-05 10:00:00,0.0,902.52106,1.0
2020-09-05 11:00:00,0.0,964.99475,1.0
2020-09-05 12:00:00,0.17,912.51495,1.0
2020-09-05 13:00:00,0.23,807.9789,1.0
2020-09-05 14:00:00,0.48,635.3277,1.0
2020-09-05 15:00:00,0.85,515.21313,1.0
2020-09-05 16:00:00,0.29,299.67624,1.0
2020-09-05 17:00:00,0.01,94.06164,1.0
2020-09-05 18:00:00,0.02,3.978731,0.41333333333333333
2020-09-05 19:00:00,0.0,0.0,0.0
2020-09-05 20:00:00,0.0,0.0,0.0
2020-09-05 21:00:00,0.0,0.0,0.0
2020-09-05 22:00:00,0.0,0.0,0.0
2020-09-05 23:00:00,0.0,0.0,0.0
2020-09-06 00:00:00,0.0,0.0,0.0
2020-09-06 01:00:00,0.0,0.0,0.0
2020-09-06 02:00:00,0.0,0.0,0.0
2020-09-06 03:00:00,0.0,0.0,0.0
2020-09-06 04:00:00,0.0,0.0,0.0
2020-09-06 05:00:00,0.0,8.492319,0.43277777777777776
2020-09-06 06:00:00,0.0,156.08658,1.0
2020-09-06 07:00:00,0.0,386.27466,1.0
2020-09-06 08:00:00,0.0,604.5534,1.0
2020-09-06 09:00:00,0.0,781.5409,1.0
2020-09-06 10:00:00,0.0,902.2938,1.0
2020-09-06 11:00:00,0.0,961.24585,1.0
2020-09-06 12:00:00,0.47,862.04,1.0
2020-09-06 13:00:00,0.38,611.53827,1.0
2020-09-06 14:00:00,0.96,408.85858,1.0
2020-09-06 15:00:00,0.89,185.55754,1.0
2020-09-06 16:00:00,0.11,225.72076,1.0
2020-09-06 17:00:00,0.93,93.704735,1.0
2020-09-06 18:00:00,0.35,2.9832883,0.38666666666666666
2020-09-06 19:00:00,0.58,0.0,0.0
2020-09-06 20:00:00,0.39,0.0,0.0
2020-09-06 21:00:00,0.32,0.0,0.0
2020-09-06 22:00:00,0.19,0.0,0.0
2020-09-06 23:00:00,0.02,0.0,0.0
2020-09-07 00:00:00,0.0,0.0,0.0
2020-09-07 01:00:00,0.0,0.0,0.0
2020-09-07 02:00:00,0.0,0.0,0.0
2020-09-07 03:00:00,0.0,0.0,0.0
2020-09-07 04:00:00,0.0,0.0,0.0
2020-09-07 05:00:00,0.0,7.6083865,0.4172222222222222
2020-09-07 06:00:00,0.0,154.83493,1.0
2020-09-07 07:00:00,0.0,388.65497,1.0
2020-09-07 08:00:00,0.0,615.202,1.0
2020-09-07 09:00:00,0.0,801.1238,1.0
2020-09-07 10:00:00,0.0,921.74615,1.0
2020-09-07 11:00:00,0.0,982.40924,1.0
2020-09-07 12:00:00,0.0,969.8125,1.0
2020-09-07 13:00:00,0.0,883.9365,1.0
2020-09-07 14:00:00,0.0,732.3335,1.0
2020-09-07 15:00:00,0.0,533.30774,1.0
2020-09-07 16:00:00,0.49,292.424,1.0
2020-09-07 17:00:00,0.98,90.92066,1.0
2020-09-07 18:00:00,0.0,2.9832883,0.36
2020-09-07 19:00:00,0.1,0.0,0.0
2020-09-07 20:00:00,1.0,0.0,0.0
2020-09-07 21:00:00,1.0,0.0,0.0
2020-09-07 22:00:00,1.0,0.0,0.0
2020-09-07 23:00:00,1.0,0.0,0.0
2020-09-08 00:00:00,1.0,0.0,0.0
2020-09-08 01:00:00,1.0,0.0,0.0
2020-09-08 02:00:00,1.0,0.0,0.0
2020-09-08 03:00:00,1.0,0.0,0.0
2020-09-08 04:00:00,0.99,0.0,0.0
2020-09-08 05:00:00,1.0,0.99392307,0.40166666666666667
2020-09-08 06:00:00,1.0,13.914923,1.0
2020-09-08 07:00:00,1.0,34.787308,1.0
2020-09-08 08:00:00,1.0,60.7599,1.0
2020-09-08 09:00:00,1.0,95.41661,1.0
2020-09-08 10:00:00,1.0,126.61321,1.0
2020-09-08 11:00:00,1.0,187.31741,1.0
2020-09-08 12:00:00,1.0,144.11885,1.0
2020-09-08 13:00:00,1.0,177.83492,1.0
2020-09-08 14:00:00,1.0,143.12492,1.0
2020-09-08 15:00:00,1.0,94.42269,1.0
2020-09-08 16:00:00,1.0,55.65969,1.0
2020-09-08 17:00:00,1.0,25.842,1.0
2020-09-08 18:00:00,1.0,0.99392307,0.3333333333333333
2020-09-08 19:00:00,1.0,0.0,0.0
2020-09-08 20:00:00,1.0,0.0,0.0
2020-09-08 21:00:00,1.0,0.0,0.0
2020-09-08 22:00:00,1.0,0.0,0.0
2020-09-08 23:00:00,0.99,0.0,0.0
2020-09-09 00:00:00,0.99,0.0,0.0
2020-09-09 01:00:00,1.0,0.0,0.0
2020-09-09 02:00:00,1.0,0.0,0.0
2020-09-09 03:00:00,1.0,0.0,0.0
2020-09-09 04:00:00,1.0,0.0,0.0
2020-09-09 05:00:00,1.0,2.981769,0.3863888888888889
2020-09-09 06:00:00,1.0,53.959187,1.0
2020-09-09 07:00:00,1.0,126.22823,1.0
2020-09-09 08:00:00,1.0,234.56584,1.0
2020-09-09 09:00:00,0.99,429.88455,1.0
2020-09-09 10:00:00,0.96,660.0536,1.0
2020-09-09 11:00:00,0.99,686.89514,1.0
2020-09-09 12:00:00,1.0,711.5406,1.0
2020-09-09 13:00:00,0.97,553.542,1.0
2020-09-09 14:00:00,0.97,442.29578,1.0
2020-09-09 15:00:00,0.99,354.95163,1.0
2020-09-09 16:00:00,0.91,249.27002,1.0
2020-09-09 17:00:00,0.81,66.666885,1.0
2020-09-09 18:00:00,0.31,1.9878461,0.30666666666666664
2020-09-09 19:00:00,0.21,0.0,0.0
2020-09-09 20:00:00,0.1,0.0,0.0
2020-09-09 21:00:00,0.04,0.0,0.0
2020-09-09 22:00:00,0.1,0.0,0.0
2020-09-09 23:00:00,0.09,0.0,0.0
2020-09-10 00:00:00,0.13,0.0,0.0
2020-09-10 01:00:00,0.91,0.0,0.0
2020-09-10 02:00:00,1.0,0.0,0.0
2020-09-10 03:00:00,0.97,0.0,0.0
2020-09-10 04:00:00,0.99,0.0,0.0
2020-09-10 05:00:00,0.7,3.9756923,0.37083333333333335
2020-09-10 06:00:00,0.96,83.104614,1.0
2020-09-10 07:00:00,0.96,313.3716,1.0
2020-09-10 08:00:00,0.39,551.8207,1.0
2020-09-10 09:00:00,0.9,748.41766,1.0
2020-09-10 10:00:00,0.59,870.5159,1.0
2020-09-10 11:00:00,0.73,878.1879,1.0
2020-09-10 12:00:00,0.81,885.1034,1.0
2020-09-10 13:00:00,0.0,842.5475,1.0
2020-09-10 14:00:00,0.0,712.1902,1.0
2020-09-10 15:00:00,0.0,514.0892,1.0
2020-09-10 16:00:00,0.03,288.92743,1.0
2020-09-10 17:00:00,0.63,42.88877,1.0
2020-09-10 18:00:00,0.98,0.0,0.2802777777777778
2020-09-10 19:00:00,1.0,0.0,0.0
2020-09-10 20:00:00,0.99,0.0,0.0
2020-09-10 21:00:00,0.96,0.0,0.0
2020-09-10 22:00:00,0.99,0.0,0.0
2020-09-10 23:00:00,1.0,0.0,0.0
2020-09-11 00:00:00,0.64,0.0,0.0
2020-09-11 01:00:00,0.24,0.0,0.0
2020-09-11 02:00:00,0.66,0.0,0.0
2020-09-11 03:00:00,0.02,0.0,0.0
2020-09-11 04:00:00,0.0,0.0,0.0
2020-09-11 05:00:00,0.11,4.693823,0.3552777777777778
2020-09-11 06:00:00,0.27,116.280464,1.0
2020-09-11 07:00:00,0.01,346.603,1.0
2020-09-11 08:00:00,0.27,581.3407,1.0
2020-09-11 09:00:00,0.03,776.26587,1.0
2020-09-11 10:00:00,0.68,818.32837,1.0
2020-09-11 11:00:00,0.65,852.0143,1.0
2020-09-11 12:00:00,0.34,743.6172,1.0
2020-09-11 13:00:00,0.25,762.63654,1.0
2020-09-11 14:00:00,0.57,602.29944,1.0
2020-09-11 15:00:00,0.87,421.81085,1.0
2020-09-11 16:00:00,0.02,268.96176,1.0
2020-09-11 17:00:00,0.0,73.24573,1.0
2020-09-11 18:00:00,0.02,0.0,0.25333333333333335
2020-09-11 19:00:00,0.02,0.0,0.0
2020-09-11 20:00:00,0.07,0.0,0.0
2020-09-11 21:00:00,0.0,0.0,0.0
2020-09-11 22:00:00,0.0,0.0,0.0
2020-09-11 23:00:00,0.0,0.0,0.0
2020-09-12 00:00:00,0.0,0.0,0.0
2020-09-12 01:00:00,0.0,0.0,0.0
2020-09-12 02:00:00,0.0,0.0,0.0
2020-09-12 03:00:00,0.0,0.0,0.0
2020-09-12 04:00:00,0.0,0.0,0.0
2020-09-12 05:00:00,0.0,3.7497213,0.3397222222222222
2020-09-12 06:00:00,0.0,138.28447,1.0
2020-09-12 07:00:00,0.0,364.58408,1.0
2020-09-12 08:00:00,0.0,589.4945,1.0
2020-09-12 09:00:00,0.0,772.34015,1.0
2020-09-12 10:00:00,0.0,897.5687,1.0
2020-09-12 11:00:00,0.0,953.97675,1.0
2020-09-12 12:00:00,0.0,939.3639,1.0
2020-09-12 13:00:00,0.0,853.8986,1.0
2020-09-12 14:00:00,0.0,704.5006,1.0
2020-09-12 15:00:00,0.0,504.47247,1.0
2020-09-12 16:00:00,0.0,279.74435,1.0
2020-09-12 17:00:00,0.0,72.68664,1.0
2020-09-12 18:00:00,0.01,0.0,0.2263888888888889
2020-09-12 19:00:00,0.0,0.0,0.0
2020-09-12 20:00:00,0.0,0.0,0.0
2020-09-12 21:00:00,0.0,0.0,0.0
2020-09-12 22:00:00,0.0,0.0,0.0
2020-09-12 23:00:00,0.0,0.0,0.0
2020-09-13 00:00:00,0.0,0.0,0.0
2020-09-13 01:00:00,0.0,0.0,0.0
2020-09-13 02:00:00,0.0,0.0,0.0
2020-09-13 03:00:00,0.0,0.0,0.0
2020-09-13 04:00:00,0.0,0.0,0.0
2020-09-13 05:00:00,0.0,3.803044,0.3244444444444444
2020-09-13 06:00:00,0.0,139.03267,1.0
2020-09-13 07:00:00,0.0,367.04544,1.0
2020-09-13 08:00:00,0.0,587.50616,1.0
2020-09-13 09:00:00,0.0,769.269,1.0
2020-09-13 10:00:00,0.0,892.54114,1.0
2020-09-13 11:00:00,0.0,949.0697,1.0
2020-09-13 12:00:00,0.0,933.42914,1.0
2020-09-13 13:00:00,0.0,851.25366,1.0
2020-09-13 14:00:00,0.0,700.46735,1.0
2020-09-13 15:00:00,0.0,503.1945,1.0
2020-09-13 16:00:00,0.0,277.2175,1.0
2020-09-13 17:00:00,0.0,66.278694,1.0
2020-09-13 18:00:00,0.01,0.0,0.19916666666666666
2020-09-13 19:00:00,0.13,0.0,0.0
2020-09-13 20:00:00,0.01,0.0,0.0
2020-09-13 21:00:00,0.02,0.0,0.0
2020-09-13 22:00:00,0.0,0.0,0.0
2020-09-13 23:00:00,0.0,0.0,0.0
2020-09-14 00:00:00,0.0,0.0,0.0
2020-09-14 01:00:00,0.0,0.0,0.0
2020-09-14 02:00:00,0.0,0.0,0.0
2020-09-14 03:00:00,0.0,0.0,0.0
2020-09-14 04:00:00,0.0,0.0,0.0
2020-09-14 05:00:00,0.0,3.8602324,0.3088888888888889
2020-09-14 06:00:00,0.0,134.76996,1.0
2020-09-14 07:00:00,0.0,361.83194,1.0
2020-09-14 08:00:00,0.0,580.4839,1.0
2020-09-14 09:00:00,0.0,759.307,1.0
2020-09-14 10:00:00,0.0,880.3046,1.0
2020-09-14 11:00:00,0.1,895.31165,1.0
2020-09-14 12:00:00,0.03,864.4942,1.0
2020-09-14 13:00:00,0.03,802.47754,1.0
2020-09-14 14:00:00,0.11,665.82043,1.0
2020-09-14 15:00:00,0.03,469.60162,1.0
2020-09-14 16:00:00,0.03,256.85184,1.0
2020-09-14 17:00:00,0.03,63.61713,1.0
2020-09-14 18:00:00,0.22,0.0,0.17166666666666666
2020-09-14 19:00:00,0.0,0.0,0.0
2020-09-14 20:00:00,0.0,0.0,0.0
2020-09-14 21:00:00,0.0,0.0,0.0
2020-09-14 22:00:00,0.03,0.0,0.0
2020-09-14 23:00:00,0.03,0.0,0.0
2020-09-15 00:00:00,0.01,0.0,0.0
2020-09-15 01:00:00,0.0,0.0,0.0
2020-09-15 02:00:00,0.0,0.0,0.0
2020-09-15 03:00:00,0.0,0.0,0.0
2020-09-15 04:00:00,0.0,0.0,0.0
2020-09-15 05:00:00,0.0,2.928008,0.29333333333333333
2020-09-15 06:00:00,0.0,133.53041,1.0
2020-09-15 07:00:00,0.0,361.89548,1.0
2020-09-15 08:00:00,0.0,582.02515,1.0
2020-09-15 09:00:00,0.0,764.1423,1.0
2020-09-15 10:00:00,0.0,888.7572,1.0
2020-09-15 11:00:00,0.0,945.13086,1.0
2020-09-15 12:00:00,0.0,927.11554,1.0
2020-09-15 13:00:00,0.0,838.00195,1.0
2020-09-15 14:00:00,0.0,658.31116,1.0
2020-09-15 15:00:00,0.01,468.45157,1.0
2020-09-15 16:00:00,0.0,262.741,1.0
2020-09-15 17:00:00,0.07,61.048542,1.0
2020-09-15 18:00:00,0.23,0.0,0.14416666666666667
2020-09-15 19:00:00,0.52,0.0,0.0
2020-09-15 20:00:00,0.65,0.0,0.0
2020-09-15 21:00:00,0.45,0.0,0.0
2020-09-15 22:00:00,0.39,0.0,0.0
2020-09-15 23:00:00,0.08,0.0,0.0
2020-09-16 00:00:00,0.0,0.0,0.0
2020-09-16 01:00:00,0.0,0.0,0.0
2020-09-16 02:00:00,0.0,0.0,0.0
2020-09-16 03:00:00,0.0,0.0,0.0
2020-09-16 04:00:00,0.0,0.0,0.0
2020-09-16 05:00:00,0.0,2.9944992,0.2777777777777778
2020-09-16 06:00:00,0.0,127.799194,1.0
2020-09-16 07:00:00,0.0,348.2941,1.0
2020-09-16 08:00:00,0.0,561.4594,1.0
2020-09-16 09:00:00,0.0,737.20105,1.0
2020-09-16 10:00:00,0.0,860.01227,1.0
2020-09-16 11:00:00,0.0,916.91644,1.0
2020-09-16 12:00:00,0.0,902.704,1.0
2020-09-16 13:00:00,0.0,818.37555,1.0
2020-09-16 14:00:00,0.0,673.4052,1.0
2020-09-16 15:00:00,0.0,479.76688,1.0
2020-09-16 16:00:00,0.0,259.21747,1.0
2020-09-16 17:00:00,0.0,60.58215,1.0
2020-09-16 18:00:00,0.0,0.0,0.11666666666666667
2020-09-16 19:00:00,0.0,0.0,0.0
2020-09-16 20:00:00,0.0,0.0,0.0
2020-09-16 21:00:00,0.0,0.0,0.0
2020-09-16 22:00:00,0.0,0.0,0.0
2020-09-16 23:00:00,0.0,0.0,0.0
2020-09-17 00:00:00,0.0,0.0,0.0
2020-09-17 01:00:00,0.0,0.0,0.0
2020-09-17 02:00:00,0.0,0.0,0.0
2020-09-17 03:00:00,0.0,0.0,0.0
2020-09-17 04:00:00,0.0,0.0,0.0
2020-09-17 05:00:00,0.0,0.0,0.26222222222222225
2020-09-17 06:00:00,0.0,130.22044,1.0
2020-09-17 07:00:00,0.0,357.39902,1.0
2020-09-17 08:00:00,0.0,579.099,1.0
2020-09-17 09:00:00,0.0,759.04016,1.0
2020-09-17 10:00:00,0.0,881.1657,1.0
2020-09-17 11:00:00,0.19,913.6889,1.0
2020-09-17 12:00:00,0.08,889.8081,1.0
2020-09-17 13:00:00,0.04,814.68427,1.0
2020-09-17 14:00:00,0.1,659.54236,1.0
2020-09-17 15:00:00,0.09,463.59637,1.0
2020-09-17 16:00:00,0.13,248.22603,1.0
2020-09-17 17:00:00,0.12,57.609306,1.0
2020-09-17 18:00:00,0.01,0.0,0.08888888888888889
2020-09-17 19:00:00,0.01,0.0,0.0
2020-09-17 20:00:00,0.0,0.0,0.0
2020-09-17 21:00:00,0.0,0.0,0.0
2020-09-17 22:00:00,0.0,0.0,0.0
2020-09-17 23:00:00,0.0,0.0,0.0
2020-09-18 00:00:00,0.0,0.0,0.0
2020-09-18 01:00:00,0.0,0.0,0.0
2020-09-18 02:00:00,0.0,0.0,0.0
2020-09-18 03:00:00,0.0,0.0,0.0
2020-09-18 04:00:00,0.0,0.0,0.0
2020-09-18 05:00:00,0.0,0.0,0.24666666666666667
2020-09-18 06:00:00,0.01,123.15884,1.0
2020-09-18 07:00:00,0.0,350.09793,1.0
2020-09-18 08:00:00,0.0,567.29065,1.0
2020-09-18 09:00:00,0.0,745.4016,1.0
2020-09-18 10:00:00,0.04,809.91327,1.0
2020-09-18 11:00:00,0.3,799.66,1.0
2020-09-18 12:00:00,0.1,887.5254,1.0
2020-09-18 13:00:00,0.12,789.7008,1.0
2020-09-18 14:00:00,0.59,652.4181,1.0
2020-09-18 15:00:00,0.52,450.36383,1.0
2020-09-18 16:00:00,0.27,229.38222,1.0
2020-09-18 17:00:00,0.09,48.71945,1.0
2020-09-18 18:00:00,0.81,0.0,0.06111111111111111
2020-09-18 19:00:00,0.94,0.0,0.0
2020-09-18 20:00:00,0.97,0.0,0.0
2020-09-18 21:00:00,0.97,0.0,0.0
2020-09-18 22:00:00,0.95,0.0,0.0
2020-09-18 23:00:00,0.91,0.0,0.0
2020-09-19 00:00:00,0.99,0.0,0.0
2020-09-19 01:00:00,0.98,0.0,0.0
2020-09-19 02:00:00,0.97,0.0,0.0
2020-09-19 03:00:00,0.9,0.0,0.0
2020-09-19 04:00:00,0.8,0.0,0.0
2020-09-19 05:00:00,0.94,0.0,0.23083333333333333
2020-09-19 06:00:00,0.93,96.82197,1.0
2020-09-19 07:00:00,0.48,323.9426,1.0
2020-09-19 08:00:00,0.4,566.7028,1.0
2020-09-19 09:00:00,0.11,743.33484,1.0
2020-09-19 10:00:00,0.14,852.094,1.0
2020-09-19 11:00:00,0.52,739.7594,1.0
2020-09-19 12:00:00,0.6,698.56946,1.0
2020-09-19 13:00:00,0.82,586.8059,1.0
2020-09-19 14:00:00,0.94,456.7879,1.0
2020-09-19 15:00:00,0.84,323.49466,1.0
2020-09-19 16:00:00,0.83,187.08939,1.0
2020-09-19 17:00:00,0.81,37.458702,1.0
2020-09-19 18:00:00,0.2,0.0,0.03305555555555555
2020-09-19 19:00:00,0.01,0.0,0.0
2020-09-19 20:00:00,0.01,0.0,0.0
2020-09-19 21:00:00,0.02,0.0,0.0
2020-09-19 22:00:00,0.12,0.0,0.0
2020-09-19 23:00:00,0.0,0.0,0.0
2020-09-20 00:00:00,0.0,0.0,0.0
2020-09-20 01:00:00,0.07,0.0,0.0
2020-09-20 02:00:00,0.0,0.0,0.0
2020-09-20 03:00:00,0.0,0.0,0.0
2020-09-20 04:00:00,0.0,0.0,0.0
2020-09-20 05:00:00,0.0,0.0,0.2152777777777778
2020-09-20 06:00:00,0.26,110.229645,1.0
2020-09-20 07:00:00,0.36,291.21228,1.0
2020-09-20 08:00:00,0.37,465.47348,1.0
2020-09-20 09:00:00,0.26,647.462,1.0
2020-09-20 10:00:00,0.55,668.5875,1.0
2020-09-20 11:00:00,0.61,714.8627,1.0
2020-09-20 12:00:00,0.78,654.9825,1.0
2020-09-20 13:00:00,0.58,660.4707,1.0
2020-09-20 14:00:00,0.56,492.02692,1.0
2020-09-20 15:00:00,0.52,320.68277,1.0
2020-09-20 16:00:00,0.47,177.73544,1.0
2020-09-20 17:00:00,0.6,39.229755,1.0
2020-09-20 18:00:00,0.77,0.0,0.005277777777777778
2020-09-20 19:00:00,0.67,0.0,0.0
2020-09-20 20:00:00,0.65,0.0,0.0
2020-09-20 21:00:00,0.32,0.0,0.0
2020-09-20 22:00:00,0.42,0.0,0.0
2020-09-20 23:00:00,0.53,0.0,0.0
2020-09-21 00:00:00,0.44,0.0,0.0
2020-09-21 01:00:00,0.4,0.0,0.0
2020-09-21 02:00:00,0.6,0.0,0.0
2020-09-21 03:00:00,0.68,0.0,0.0
2020-09-21 04:00:00,0.65,0.0,0.0
2020-09-21 05:00:00,0.49,0.0,0.19972222222222222
2020-09-21 06:00:00,0.63,114.8337,1.0
2020-09-21 07:00:00,0.45,339.88782,1.0
2020-09-21 08:00:00,0.32,557.0109,1.0
2020-09-21 09:00:00,0.33,731.5192,1.0
2020-09-21 10:00:00,0.39,799.9371,1.0
2020-09-21 11:00:00,0.32,834.8905,1.0
2020-09-21 12:00:00,0.16,838.56226,1.0
2020-09-21 13:00:00,0.17,620.7914,1.0
2020-09-21 14:00:00,0.69,460.09885,1.0
2020-09-21 15:00:00,0.75,232.62466,1.0
2020-09-21 16:00:00,0.84,139.6571,1.0
2020-09-21 17:00:00,0.69,37.436428,0.9775
2020-09-21 18:00:00,0.73,0.0,0.0
2020-09-21 19:00:00,0.64,0.0,0.0
2020-09-21 20:00:00,0.29,0.0,0.0
2020-09-21 21:00:00,0.47,0.0,0.0
2020-09-21 22:00:00,0.68,0.0,0.0
2020-09-21 23:00:00,0.77,0.0,0.0
2020-09-22 00:00:00,0.64,0.0,0.0
2020-09-22 01:00:00,0.25,0.0,0.0
2020-09-22 02:00:00,0.25,0.0,0.0
2020-09-22 03:00:00,0.38,0.0,0.0
2020-09-22 04:00:00,0.05,0.0,0.0
2020-09-22 05:00:00,0.1,0.0,0.18388888888888888
2020-09-22 06:00:00,0.49,90.41145,1.0
2020-09-22 07:00:00,0.43,272.57993,1.0
2020-09-22 08:00:00,0.69,441.62466,1.0
2020-09-22 09:00:00,0.72,642.5068,1.0
2020-09-22 10:00:00,0.77,715.5877,1.0
2020-09-22 11:00:00,0.58,761.5433,1.0
2020-09-22 12:00:00,0.66,697.56647,1.0
2020-09-22 13:00:00,0.74,507.7337,1.0
2020-09-22 14:00:00,0.41,527.7448,1.0
2020-09-22 15:00:00,0.74,360.03345,1.0
2020-09-22 16:00:00,0.94,132.94945,1.0
2020-09-22 17:00:00,0.99,28.1632,0.9497222222222222
2020-09-22 18:00:00,0.92,0.0,0.0
2020-09-22 19:00:00,0.89,0.0,0.0
2020-09-22 20:00:00,0.97,0.0,0.0
2020-09-22 21:00:00,0.85,0.0,0.0
2020-09-22 22:00:00,0.84,0.0,0.0
2020-09-22 23:00:00,0.85,0.0,0.0
2020-09-23 00:00:00,0.71,0.0,0.0
2020-09-23 01:00:00,0.45,0.0,0.0
2020-09-23 02:00:00,0.45,0.0,0.0
2020-09-23 03:00:00,0.45,0.0,0.0
2020-09-23 04:00:00,0.58,0.0,0.0
2020-09-23 05:00:00,0.28,0.0,0.16805555555555557
2020-09-23 06:00:00,0.32,87.51073,1.0
2020-09-23 07:00:00,0.32,258.2646,1.0
2020-09-23 08:00:00,0.3,376.06073,1.0
2020-09-23 09:00:00,0.38,654.2267,1.0
2020-09-23 10:00:00,0.22,782.0377,1.0
2020-09-23 11:00:00,0.29,796.964,1.0
2020-09-23 12:00:00,0.18,834.3119,1.0
2020-09-23 13:00:00,0.2,696.6832,1.0
2020-09-23 14:00:00,0.44,587.53815,1.0
2020-09-23 15:00:00,0.75,417.7525,1.0
2020-09-23 16:00:00,0.63,192.54964,1.0
2020-09-23 17:00:00,0.04,35.93286,0.9222222222222223
2020-09-23 18:00:00,0.0,0.0,0.0
2020-09-23 19:00:00,0.01,0.0,0.0
2020-09-23 20:00:00,0.01,0.0,0.0
2020-09-23 21:00:00,0.58,0.0,0.0
2020-09-23 22:00:00,0.16,0.0,0.0
2020-09-23 23:00:00,0.04,0.0,0.0
2020-09-24 00:00:00,0.01,0.0,0.0
2020-09-24 01:00:00,0.0,0.0,0.0
2020-09-24 02:00:00,0.0,0.0,0.0
2020-09-24 03:00:00,0.0,0.0,0.0
2020-09-24 04:00:00,0.0,0.0,0.0
2020-09-24 05:00:00,0.0,0.0,0.15222222222222223
2020-09-24 06:00:00,0.15,110.06648,1.0
2020-09-24 07:00:00,0.0,335.20453,1.0
2020-09-24 08:00:00,0.0,551.1083,1.0
2020-09-24 09:00:00,0.01,725.9896,1.0
2020-09-24 10:00:00,0.0,839.35284,1.0
2020-09-24 11:00:00,0.94,883.9603,1.0
2020-09-24 12:00:00,0.92,847.31934,1.0
2020-09-24 13:00:00,0.89,748.2209,1.0
2020-09-24 14:00:00,0.68,629.34406,1.0
2020-09-24 15:00:00,0.18,438.60764,1.0
2020-09-24 16:00:00,0.22,218.83455,1.0
2020-09-24 17:00:00,0.02,36.21446,0.8947222222222222
2020-09-24 18:00:00,0.0,0.0,0.0
2020-09-24 19:00:00,0.0,0.0,0.0
2020-09-24 20:00:00,0.0,0.0,0.0
2020-09-24 21:00:00,0.0,0.0,0.0
2020-09-24 22:00:00,0.05,0.0,0.0
2020-09-24 23:00:00,0.68,0.0,0.0
2020-09-25 00:00:00,0.81,0.0,0.0
2020-09-25 01:00:00,0.66,0.0,0.0
2020-09-25 02:00:00,0.05,0.0,0.0
2020-09-25 03:00:00,0.0,0.0,0.0
2020-09-25 04:00:00,0.0,0.0,0.0
2020-09-25 05:00:00,0.0,0.0,0.1363888888888889
2020-09-25 06:00:00,1.0,95.24793,1.0
2020-09-25 07:00:00,1.0,268.08905,1.0
2020-09-25 08:00:00,1.0,441.00266,1.0
2020-09-25 09:00:00,1.0,591.9749,1.0
2020-09-25 10:00:00,0.99,590.4766,1.0
2020-09-25 11:00:00,1.0,628.61475,1.0
2020-09-25 12:00:00,0.95,645.4087,1.0
2020-09-25 13:00:00,0.68,742.4243,1.0
2020-09-25 14:00:00,0.52,630.8756,1.0
2020-09-25 15:00:00,0.43,430.75677,1.0
2020-09-25 16:00:00,0.92,200.91942,1.0
2020-09-25 17:00:00,0.89,32.67855,0.8672222222222222
2020-09-25 18:00:00,0.68,0.0,0.0
2020-09-25 19:00:00,0.75,0.0,0.0
2020-09-25 20:00:00,0.69,0.0,0.0
2020-09-25 21:00:00,0.76,0.0,0.0
2020-09-25 22:00:00,1.0,0.0,0.0
2020-09-25 23:00:00,1.0,0.0,0.0
2020-09-26 00:00:00,1.0,0.0,0.0
2020-09-26 01:00:00,1.0,0.0,0.0
2020-09-26 02:00:00,1.0,0.0,0.0
2020-09-26 03:00:00,1.0,0.0,0.0
2020-09-26 04:00:00,1.0,0.0,0.0
2020-09-26 05:00:00,1.0,0.0,0.12055555555555555
2020-09-26 06:00:00,1.0,82.087814,1.0
2020-09-26 07:00:00,1.0,319.89944,1.0
2020-09-26 08:00:00,1.0,512.2986,1.0
2020-09-26 09:00:00,1.0,696.3426,1.0
2020-09-26 10:00:00,1.0,791.97284,1.0
2020-09-26 11:00:00,1.0,842.9171,1.0
2020-09-26 12:00:00,1.0,825.04724,1.0
2020-09-26 13:00:00,0.95,706.99176,1.0
2020-09-26 14:00:00,0.97,546.665,1.0
2020-09-26 15:00:00,0.75,407.2222,1.0
2020-09-26 16:00:00,0.99,190.49387,1.0
2020-09-26 17:00:00,0.98,30.574783,0.84
2020-09-26 18:00:00,0.09,0.0,0.0
2020-09-26 19:00:00,0.67,0.0,0.0
2020-09-26 20:00:00,0.43,0.0,0.0
2020-09-26 21:00:00,0.45,0.0,0.0
2020-09-26 22:00:00,0.27,0.0,0.0
2020-09-26 23:00:00,0.06,0.0,0.0
2020-09-27 00:00:00,0.11,0.0,0.0
2020-09-27 01:00:00,0.73,0.0,0.0
2020-09-27 02:00:00,0.65,0.0,0.0
2020-09-27 03:00:00,0.0,0.0,0.0
2020-09-27 04:00:00,0.0,0.0,0.0
2020-09-27 05:00:00,0.0,0.0,0.10444444444444445
2020-09-27 06:00:00,0.1,93.838356,1.0
2020-09-27 07:00:00,0.77,159.09549,1.0
2020-09-27 08:00:00,0.86,176.78654,1.0
2020-09-27 09:00:00,1.0,84.48347,1.0
2020-09-27 10:00:00,0.94,162.35452,1.0
2020-09-27 11:00:00,0.81,442.9844,1.0
2020-09-27 12:00:00,0.87,645.3163,1.0
2020-09-27 13:00:00,0.81,474.23706,1.0
2020-09-27 14:00:00,0.99,269.84204,1.0
2020-09-27 15:00:00,0.94,140.78503,1.0
2020-09-27 16:00:00,0.55,94.07119,1.0
2020-09-27 17:00:00,0.59,7.4397354,0.8130555555555555
2020-09-27 18:00:00,1.0,0.0,0.0
2020-09-27 19:00:00,0.99,0.0,0.0
2020-09-27 20:00:00,0.47,0.0,0.0
2020-09-27 21:00:00,0.86,0.0,0.0
2020-09-27 22:00:00,0.95,0.0,0.0
2020-09-27 23:00:00,0.61,0.0,0.0
2020-09-28 00:00:00,0.46,0.0,0.0
2020-09-28 01:00:00,0.42,0.0,0.0
2020-09-28 02:00:00,0.37,0.0,0.0
2020-09-28 03:00:00,0.16,0.0,0.0
2020-09-28 04:00:00,0.01,0.0,0.0
2020-09-28 05:00:00,0.0,0.0,0.08861111111111111
2020-09-28 06:00:00,0.11,93.47359,1.0
2020-09-28 07:00:00,0.0,328.73132,1.0
2020-09-28 08:00:00,0.0,544.6982,1.0
2020-09-28 09:00:00,0.0,718.9484,1.0
2020-09-28 10:00:00,0.0,858.04767,1.0
2020-09-28 11:00:00,0.0,909.6152,1.0
2020-09-28 12:00:00,0.0,883.14435,1.0
2020-09-28 13:00:00,0.0,788.26086,1.0
2020-09-28 14:00:00,0.0,633.77014,1.0
2020-09-28 15:00:00,0.0,430.60538,1.0
2020-09-28 16:00:00,0.0,205.90955,1.0
2020-09-28 17:00:00,0.0,27.779047,0.7863888888888889
2020-09-28 18:00:00,0.53,0.0,0.0
2020-09-28 19:00:00,0.67,0.0,0.0
2020-09-28 20:00:00,0.0,0.0,0.0
2020-09-28 21:00:00,0.01,0.0,0.0
2020-09-28 22:00:00,0.0,0.0,0.0
2020-09-28 23:00:00,0.5,0.0,0.0
2020-09-29 00:00:00,0.01,0.0,0.0
2020-09-29 01:00:00,0.0,0.0,0.0
2020-09-29 02:00:00,0.28,0.0,0.0
2020-09-29 03:00:00,0.0,0.0,0.0
2020-09-29 04:00:00,0.0,0.0,0.0
2020-09-29 05:00:00,0.0,0.0,0.0725
2020-09-29 06:00:00,0.04,97.16587,1.0
2020-09-29 07:00:00,0.37,318.76474,1.0
2020-09-29 08:00:00,0.49,535.8429,1.0
2020-09-29 09:00:00,0.0,714.9997,1.0
2020-09-29 10:00:00,0.0,834.43646,1.0
2020-09-29 11:00:00,0.0,884.5435,1.0
2020-09-29 12:00:00,0.0,863.3141,1.0
2020-09-29 13:00:00,0.0,774.18884,1.0
2020-09-29 14:00:00,0.0,621.9899,1.0
2020-09-29 15:00:00,0.0,420.9661,1.0
2020-09-29 16:00:00,0.0,199.45978,1.0
2020-09-29 17:00:00,0.0,26.385593,0.7597222222222222
2020-09-29 18:00:00,0.0,0.0,0.0
2020-09-29 19:00:00,0.0,0.0,0.0
2020-09-29 20:00:00,0.0,0.0,0.0
2020-09-29 21:00:00,0.0,0.0,0.0
2020-09-29 22:00:00,0.0,0.0,0.0
2020-09-29 23:00:00,0.0,0.0,0.0
2020-09-30 00:00:00,0.0,0.0,0.0
2020-09-30 01:00:00,0.0,0.0,0.0
2020-09-30 02:00:00,0.0,0.0,0.0
2020-09-30 03:00:00,0.0,0.0,0.0
2020-09-30 04:00:00,0.0,0.0,0.0
2020-09-30 05:00:00,0.0,0.0,0.05638888888888889
2020-09-30 06:00:00,0.0,98.036026,1.0
2020-09-30 07:00:00,0.0,327.36642,1.0
2020-09-30 08:00:00,0.0,545.6197,1.0
2020-09-30 09:00:00,0.0,722.4478,1.0
2020-09-30 10:00:00,0.0,838.2427,1.0
2020-09-30 11:00:00,0.0,885.9715,1.0
2020-09-30 12:00:00,0.0,860.1493,1.0
2020-09-30 13:00:00,0.0,764.30615,1.0
2020-09-30 14:00:00,0.0,609.97925,1.0
2020-09-30 15:00:00,0.0,409.09705,1.0
2020-09-30 16:00:00,0.0,189.01596,1.0
2020-09-30 17:00:00,0.0,23.229801,0.7336111111111111
2020-09-30 18:00:00,0.0,0.0,0.0
2020-09-30 19:00:00,0.0,0.0,0.0
2020-09-30 20:00:00,0.0,0.0,0.0
2020-09-30 21:00:00,0.0,0.0,0.0
2020-09-30 22:00:00,0.0,0.0,0.0
2020-09-30 23:00:00,0.0,0.0,0.0
2020-10-01 00:00:00,0.0,0.0,0.0
2020-10-01 01:00:00,0.0,0.0,0.0
2020-10-01 02:00:00,0.0,0.0,0.0
2020-10-01 03:00:00,0.0,0.0,0.0
2020-10-01 04:00:00,0.0,0.0,0.0
2020-10-01 05:00:00,0.0,0.0,0.04
2020-10-01 06:00:00,0.0,91.46612,1.0
2020-10-01 07:00:00,0.0,315.38852,1.0
2020-10-01 08:00:00,0.0,533.1262,1.0
2020-10-01 09:00:00,0.0,709.261,1.0
2020-10-01 10:00:00,0.0,827.69867,1.0
2020-10-01 11:00:00,0.0,875.59674,1.0
2020-10-01 12:00:00,0.0,852.1692,1.0
2020-10-01 13:00:00,0.0,758.6307,1.0
2020-10-01 14:00:00,0.0,604.4265,1.0
2020-10-01 15:00:00,0.16,405.58926,1.0
2020-10-01 16:00:00,0.57,182.49805,1.0
2020-10-01 17:00:00,0.39,20.280262,0.7072222222222222
2020-10-01 18:00:00,0.84,0.0,0.0
2020-10-01 19:00:00,0.88,0.0,0.0
2020-10-01 20:00:00,0.94,0.0,0.0
2020-10-01 21:00:00,0.97,0.0,0.0
2020-10-01 22:00:00,0.94,0.0,0.0
2020-10-01 23:00:00,0.9,0.0,0.0
2020-10-02 00:00:00,0.94,0.0,0.0
2020-10-02 01:00:00,0.88,0.0,0.0
2020-10-02 02:00:00,0.72,0.0,0.0
2020-10-02 03:00:00,0.88,0.0,0.0
2020-10-02 04:00:00,0.86,0.0,0.0
2020-10-02 05:00:00,0.81,0.0,0.02388888888888889
2020-10-02 06:00:00,0.62,90.032776,1.0
2020-10-02 07:00:00,0.37,319.84024,1.0
2020-10-02 08:00:00,0.04,538.8347,1.0
2020-10-02 09:00:00,0.39,713.1724,1.0
2020-10-02 10:00:00,0.73,833.2416,1.0
2020-10-02 11:00:00,0.7,882.1349,1.0
2020-10-02 12:00:00,0.88,854.1178,1.0
2020-10-02 13:00:00,0.88,726.09174,1.0
2020-10-02 14:00:00,0.77,536.3099,1.0
2020-10-02 15:00:00,0.34,311.69144,1.0
2020-10-02 16:00:00,0.3,166.90825,1.0
2020-10-02 17:00:00,0.24,19.127237,0.6805555555555556
2020-10-02 18:00:00,0.36,0.0,0.0
2020-10-02 19:00:00,0.63,0.0,0.0
2020-10-02 20:00:00,0.69,0.0,0.0
2020-10-02 21:00:00,0.43,0.0,0.0
2020-10-02 22:00:00,0.73,0.0,0.0
2020-10-02 23:00:00,0.89,0.0,0.0
2020-10-03 00:00:00,0.84,0.0,0.0
2020-10-03 01:00:00,0.86,0.0,0.0
2020-10-03 02:00:00,0.0,0.0,0.0
2020-10-03 03:00:00,0.0,0.0,0.0
2020-10-03 04:00:00,0.0,0.0,0.0
2020-10-03 05:00:00,0.0,0.0,0.0075
2020-10-03 06:00:00,0.01,83.24062,1.0
2020-10-03 07:00:00,0.0,302.39325,1.0
2020-10-03 08:00:00,0.13,518.57446,1.0
2020-10-03 09:00:00,0.0,692.7248,1.0
2020-10-03 10:00:00,0.0,810.5719,1.0
2020-10-03 11:00:00,0.0,856.5622,1.0
2020-10-03 12:00:00,0.0,830.74725,1.0
2020-10-03 13:00:00,0.06,731.268,1.0
2020-10-03 14:00:00,0.01,583.2518,1.0
2020-10-03 15:00:00,0.53,386.9697,1.0
2020-10-03 16:00:00,0.04,171.46797,1.0
2020-10-03 17:00:00,0.0,16.669552,0.6541666666666667
2020-10-03 18:00:00,0.12,0.0,0.0
2020-10-03 19:00:00,0.02,0.0,0.0
2020-10-03 20:00:00,0.69,0.0,0.0
2020-10-03 21:00:00,0.55,0.0,0.0
2020-10-03 22:00:00,0.82,0.0,0.0
2020-10-03 23:00:00,0.13,0.0,0.0
2020-10-04 00:00:00,0.29,0.0,0.0
2020-10-04 01:00:00,0.27,0.0,0.0
2020-10-04 02:00:00,0.27,0.0,0.0
2020-10-04 03:00:00,0.36,0.0,0.0
2020-10-04 04:00:00,0.35,0.0,0.0
2020-10-04 05:00:00,0.27,0.0,0.0
2020-10-04 06:00:00,0.01,85.39329,0.9911111111111112
2020-10-04 07:00:00,0.0,312.93085,1.0
2020-10-04 08:00:00,0.0,531.2938,1.0
2020-10-04 09:00:00,0.0,708.50366,1.0
2020-10-04 10:00:00,0.18,825.9204,1.0
2020-10-04 11:00:00,0.63,873.5493,1.0
2020-10-04 12:00:00,0.69,846.1154,1.0
2020-10-04 13:00:00,0.68,751.4545,1.0
2020-10-04 14:00:00,0.0,596.01935,1.0
2020-10-04 15:00:00,0.0,393.7007,1.0
2020-10-04 16:00:00,0.0,173.02931,1.0
2020-10-04 17:00:00,0.0,15.748477,0.6275
2020-10-04 18:00:00,0.0,0.0,0.0
2020-10-04 19:00:00,0.0,0.0,0.0
2020-10-04 20:00:00,0.0,0.0,0.0
2020-10-04 21:00:00,0.0,0.0,0.0
2020-10-04 22:00:00,0.0,0.0,0.0
2020-10-04 23:00:00,0.0,0.0,0.0
2020-10-05 00:00:00,0.0,0.0,0.0
2020-10-05 01:00:00,0.0,0.0,0.0
2020-10-05 02:00:00,0.0,0.0,0.0
2020-10-05 03:00:00,0.0,0.0,0.0
2020-10-05 04:00:00,0.0,0.0,0.0
2020-10-05 05:00:00,0.0,0.0,0.0
2020-10-05 06:00:00,0.0,85.249886,0.9744444444444444
2020-10-05 07:00:00,0.0,316.20758,1.0
2020-10-05 08:00:00,0.0,537.8822,1.0
2020-10-05 09:00:00,0.0,713.7036,1.0
2020-10-05 10:00:00,0.0,828.65454,1.0
2020-10-05 11:00:00,0.0,873.0656,1.0
2020-10-05 12:00:00,0.0,845.706,1.0
2020-10-05 13:00:00,0.01,748.4181,1.0
2020-10-05 14:00:00,0.24,582.65704,1.0
2020-10-05 15:00:00,0.37,374.90845,1.0
2020-10-05 16:00:00,0.0,169.52045,1.0
2020-10-05 17:00:00,0.0,15.03946,0.6011111111111112
2020-10-05 18:00:00,0.0,0.0,0.0
2020-10-05 19:00:00,0.0,0.0,0.0
2020-10-05 20:00:00,0.0,0.0,0.0
2020-10-05 21:00:00,0.0,0.0,0.0
2020-10-05 22:00:00,0.0,0.0,0.0
2020-10-05 23:00:00,0.0,0.0,0.0
2020-10-06 00:00:00,0.0,0.0,0.0
2020-10-06 01:00:00,0.0,0.0,0.0
2020-10-06 02:00:00,0.0,0.0,0.0
2020-10-06 03:00:00,0.0,0.0,0.0
2020-10-06 04:00:00,0.0,0.0,0.0
2020-10-06 05:00:00,0.0,0.0,0.0
2020-10-06 06:00:00,0.0,82.68118,0.9577777777777777
2020-10-06 07:00:00,0.0,312.05618,1.0
2020-10-06 08:00:00,0.01,530.2315,1.0
2020-10-06 09:00:00,0.36,709.2792,1.0
2020-10-06 10:00:00,0.28,826.87616,1.0
2020-10-06 11:00:00,0.0,875.7516,1.0
2020-10-06 12:00:00,0.0,850.74554,1.0
2020-10-06 13:00:00,0.0,752.167,1.0
2020-10-06 14:00:00,0.0,591.9044,1.0
2020-10-06 15:00:00,0.0,388.18973,1.0
2020-10-06 16:00:00,0.0,166.03148,1.0
2020-10-06 17:00:00,0.0,13.326106,0.5744444444444444
2020-10-06 18:00:00,0.0,0.0,0.0
2020-10-06 19:00:00,0.0,0.0,0.0
2020-10-06 20:00:00,0.0,0.0,0.0
2020-10-06 21:00:00,0.0,0.0,0.0
2020-10-06 22:00:00,0.0,0.0,0.0
2020-10-06 23:00:00,0.0,0.0,0.0
2020-10-07 00:00:00,0.0,0.0,0.0
2020-10-07 01:00:00,0.0,0.0,0.0
2020-10-07 02:00:00,0.0,0.0,0.0
2020-10-07 03:00:00,0.0,0.0,0.0
2020-10-07 04:00:00,0.0,0.0,0.0
2020-10-07 05:00:00,0.0,0.0,0.0
2020-10-07 06:00:00,0.0,79.05504,0.9411111111111111
2020-10-07 07:00:00,0.0,307.24167,1.0
2020-10-07 08:00:00,0.0,526.3633,1.0
2020-10-07 09:00:00,0.0,703.85284,1.0
2020-10-07 10:00:00,0.0,820.1826,1.0
2020-10-07 11:00:00,0.0,865.6558,1.0
2020-10-07 12:00:00,0.0,838.453,1.0
2020-10-07 13:00:00,0.03,740.10443,1.0
2020-10-07 14:00:00,0.0,581.0116,1.0
2020-10-07 15:00:00,0.0,378.33,1.0
2020-10-07 16:00:00,0.0,158.45233,1.0
2020-10-07 17:00:00,0.0,11.600703,0.5480555555555555
2020-10-07 18:00:00,0.0,0.0,0.0
2020-10-07 19:00:00,0.05,0.0,0.0
2020-10-07 20:00:00,0.25,0.0,0.0
2020-10-07 21:00:00,0.41,0.0,0.0
2020-10-07 22:00:00,0.64,0.0,0.0
2020-10-07 23:00:00,0.79,0.0,0.0
2020-10-08 00:00:00,0.81,0.0,0.0
2020-10-08 01:00:00,0.77,0.0,0.0
2020-10-08 02:00:00,0.76,0.0,0.0
2020-10-08 03:00:00,0.02,0.0,0.0
2020-10-08 04:00:00,0.17,0.0,0.0
2020-10-08 05:00:00,0.39,0.0,0.0
2020-10-08 06:00:00,0.62,65.380775,0.9244444444444444
2020-10-08 07:00:00,0.62,293.63782,1.0
2020-10-08 08:00:00,0.41,516.3853,1.0
2020-10-08 09:00:00,0.31,693.3393,1.0
2020-10-08 10:00:00,0.11,811.10034,1.0
2020-10-08 11:00:00,0.0,857.8662,1.0
2020-10-08 12:00:00,0.0,832.03204,1.0
2020-10-08 13:00:00,0.0,735.9507,1.0
2020-10-08 14:00:00,0.0,577.90546,1.0
2020-10-08 15:00:00,0.0,374.0801,1.0
2020-10-08 16:00:00,0.06,153.92209,1.0
2020-10-08 17:00:00,0.0,9.86169,0.5219444444444444
2020-10-08 18:00:00,0.0,0.0,0.0
2020-10-08 19:00:00,0.0,0.0,0.0
2020-10-08 20:00:00,0.0,0.0,0.0
2020-10-08 21:00:00,0.0,0.0,0.0
2020-10-08 22:00:00,0.0,0.0,0.0
2020-10-08 23:00:00,0.77,0.0,0.0
2020-10-09 00:00:00,0.63,0.0,0.0
2020-10-09 01:00:00,0.0,0.0,0.0
2020-10-09 02:00:00,0.0,0.0,0.0
2020-10-09 03:00:00,0.0,0.0,0.0
2020-10-09 04:00:00,0.11,0.0,0.0
2020-10-09 05:00:00,0.01,0.0,0.0
2020-10-09 06:00:00,0.82,59.596207,0.9075
2020-10-09 07:00:00,0.18,289.84738,1.0
2020-10-09 08:00:00,0.38,483.4339,1.0
2020-10-09 09:00:00,0.15,666.0358,1.0
2020-10-09 10:00:00,0.0,781.2309,1.0
2020-10-09 11:00:00,0.26,812.9628,1.0
2020-10-09 12:00:00,0.61,625.7214,1.0
2020-10-09 13:00:00,0.6,608.8501,1.0
2020-10-09 14:00:00,0.97,453.96484,1.0
2020-10-09 15:00:00,0.57,228.5663,1.0
2020-10-09 16:00:00,0.44,104.52931,1.0
2020-10-09 17:00:00,0.93,4.80198,0.49583333333333335
2020-10-09 18:00:00,0.98,0.0,0.0
2020-10-09 19:00:00,0.84,0.0,0.0
2020-10-09 20:00:00,0.88,0.0,0.0
2020-10-09 21:00:00,0.09,0.0,0.0
2020-10-09 22:00:00,0.44,0.0,0.0
2020-10-09 23:00:00,0.17,0.0,0.0
2020-10-10 00:00:00,0.02,0.0,0.0
2020-10-10 01:00:00,0.0,0.0,0.0
2020-10-10 02:00:00,0.0,0.0,0.0
2020-10-10 03:00:00,0.0,0.0,0.0
2020-10-10 04:00:00,0.0,0.0,0.0
2020-10-10 05:00:00,0.07,0.0,0.0
2020-10-10 06:00:00,0.31,62.62488,0.8905555555555555
2020-10-10 07:00:00,0.32,266.3972,1.0
2020-10-10 08:00:00,0.19,498.77985,1.0
2020-10-10 09:00:00,0.02,676.07416,1.0
2020-10-10 10:00:00,0.0,790.46893,1.0
2020-10-10 11:00:00,0.0,814.5167,1.0
2020-10-10 12:00:00,0.2,749.6605,1.0
2020-10-10 13:00:00,0.55,557.37683,1.0
2020-10-10 14:00:00,0.56,402.67377,1.0
2020-10-10 15:00:00,0.56,240.13843,1.0
2020-10-10 16:00:00,0.46,101.57868,1.0
2020-10-10 17:00:00,0.45,7.484351,0.4697222222222222
2020-10-10 18:00:00,0.38,0.0,0.0
2020-10-10 19:00:00,0.06,0.0,0.0
2020-10-10 20:00:00,0.35,0.0,0.0
2020-10-10 21:00:00,0.58,0.0,0.0
2020-10-10 22:00:00,0.83,0.0,0.0
2020-10-10 23:00:00,0.72,0.0,0.0
2020-10-11 00:00:00,0.5,0.0,0.0
2020-10-11 01:00:00,0.68,0.0,0.0
2020-10-11 02:00:00,0.34,0.0,0.0
2020-10-11 03:00:00,0.0,0.0,0.0
2020-10-11 04:00:00,0.64,0.0,0.0
2020-10-11 05:00:00,0.0,0.0,0.0
2020-10-11 06:00:00,0.0,65.833595,0.8736111111111111
2020-10-11 07:00:00,0.0,286.90375,1.0
2020-10-11 08:00:00,0.0,505.8983,1.0
2020-10-11 09:00:00,0.33,586.6999,1.0
2020-10-11 10:00:00,0.55,790.8407,1.0
2020-10-11 11:00:00,0.51,785.7967,1.0
2020-10-11 12:00:00,0.84,552.54254,1.0
2020-10-11 13:00:00,0.32,671.62665,1.0
2020-10-11 14:00:00,0.66,407.10315,1.0
2020-10-11 15:00:00,0.67,250.39815,1.0
2020-10-11 16:00:00,0.0,141.06247,1.0
2020-10-11 17:00:00,0.01,6.5297465,0.4438888888888889
2020-10-11 18:00:00,0.32,0.0,0.0
2020-10-11 19:00:00,0.0,0.0,0.0
2020-10-11 20:00:00,0.0,0.0,0.0
2020-10-11 21:00:00,0.0,0.0,0.0
2020-10-11 22:00:00,0.0,0.0,0.0
2020-10-11 23:00:00,0.0,0.0,0.0
2020-10-12 00:00:00,0.0,0.0,0.0
2020-10-12 01:00:00,0.0,0.0,0.0
2020-10-12 02:00:00,0.0,0.0,0.0
2020-10-12 03:00:00,0.0,0.0,0.0
2020-10-12 04:00:00,0.0,0.0,0.0
2020-10-12 05:00:00,0.0,0.0,0.0
2020-10-12 06:00:00,0.0,65.58843,0.8566666666666667
2020-10-12 07:00:00,0.0,290.3944,1.0
2020-10-12 08:00:00,0.0,509.5538,1.0
2020-10-12 09:00:00,0.0,684.22003,1.0
2020-10-12 10:00:00,0.01,796.22784,1.0
2020-10-12 11:00:00,0.17,842.7833,1.0
2020-10-12 12:00:00,0.21,807.5793,1.0
2020-10-12 13:00:00,0.16,718.7341,1.0
2020-10-12 14:00:00,0.0,560.4901,1.0
2020-10-12 15:00:00,0.0,357.465,1.0
2020-10-12 16:00:00,0.0,138.74095,1.0
2020-10-12 17:00:00,0.0,5.57897,0.41833333333333333
2020-10-12 18:00:00,0.0,0.0,0.0
2020-10-12 19:00:00,0.0,0.0,0.0
2020-10-12 20:00:00,0.0,0.0,0.0
2020-10-12 21:00:00,0.92,0.0,0.0
2020-10-12 22:00:00,0.1,0.0,0.0
2020-10-12 23:00:00,0.0,0.0,0.0
2020-10-13 00:00:00,0.0,0.0,0.0
2020-10-13 01:00:00,0.0,0.0,0.0
2020-10-13 02:00:00,0.0,0.0,0.0
2020-10-13 03:00:00,0.0,0.0,0.0
2020-10-13 04:00:00,0.0,0.0,0.0
2020-10-13 05:00:00,0.0,0.0,0.0
2020-10-13 06:00:00,0.37,60.64738,0.8394444444444444
2020-10-13 07:00:00,0.43,275.21094,1.0
2020-10-13 08:00:00,0.41,497.10712,1.0
2020-10-13 09:00:00,0.0,668.887,1.0
2020-10-13 10:00:00,0.0,782.24646,1.0
2020-10-13 11:00:00,0.0,827.22174,1.0
2020-10-13 12:00:00,0.0,799.10236,1.0
2020-10-13 13:00:00,0.33,699.20294,1.0
2020-10-13 14:00:00,0.2,540.86786,1.0
2020-10-13 15:00:00,0.0,343.9925,1.0
2020-10-13 16:00:00,0.0,129.98956,1.0
2020-10-13 17:00:00,0.33,4.744921,0.39305555555555555
2020-10-13 18:00:00,0.4,0.0,0.0
2020-10-13 19:00:00,0.23,0.0,0.0
2020-10-13 20:00:00,0.91,0.0,0.0
2020-10-13 21:00:00,0.96,0.0,0.0
2020-10-13 22:00:00,1.0,0.0,0.0
2020-10-13 23:00:00,1.0,0.0,0.0
2020-10-14 00:00:00,1.0,0.0,0.0
2020-10-14 01:00:00,1.0,0.0,0.0
2020-10-14 02:00:00,1.0,0.0,0.0
2020-10-14 03:00:00,1.0,0.0,0.0
2020-10-14 04:00:00,0.91,0.0,0.0
2020-10-14 05:00:00,0.98,0.0,0.0
2020-10-14 06:00:00,0.97,50.79549,0.8222222222222222
2020-10-14 07:00:00,0.44,265.07446,1.0
2020-10-14 08:00:00,0.26,486.86197,1.0
2020-10-14 09:00:00,0.24,660.9221,1.0
2020-10-14 10:00:00,0.0,773.01794,1.0
2020-10-14 11:00:00,0.01,818.139,1.0
2020-10-14 12:00:00,0.0,785.44855,1.0
2020-10-14 13:00:00,0.0,671.9171,1.0
2020-10-14 14:00:00,0.03,473.85132,1.0
2020-10-14 15:00:00,0.39,265.8955,1.0
2020-10-14 16:00:00,0.35,107.744316,1.0
2020-10-14 17:00:00,0.15,3.8808498,0.3680555555555556
2020-10-14 18:00:00,0.92,0.0,0.0
2020-10-14 19:00:00,1.0,0.0,0.0
2020-10-14 20:00:00,0.98,0.0,0.0
2020-10-14 21:00:00,0.96,0.0,0.0
2020-10-14 22:00:00,0.99,0.0,0.0
2020-10-14 23:00:00,0.84,0.0,0.0
2020-10-15 00:00:00,0.46,0.0,0.0
2020-10-15 01:00:00,0.32,0.0,0.0
2020-10-15 02:00:00,0.43,0.0,0.0
2020-10-15 03:00:00,0.22,0.0,0.0
2020-10-15 04:00:00,0.85,0.0,0.0
2020-10-15 05:00:00,0.7,0.0,0.0
2020-10-15 06:00:00,0.67,22.732187,0.805
2020-10-15 07:00:00,0.48,143.07422,1.0
2020-10-15 08:00:00,0.69,360.70468,1.0
2020-10-15 09:00:00,0.35,579.26556,1.0
2020-10-15 10:00:00,0.38,700.0101,1.0
2020-10-15 11:00:00,0.31,801.40686,1.0
2020-10-15 12:00:00,0.15,783.7116,1.0
2020-10-15 13:00:00,0.14,690.1361,1.0
2020-10-15 14:00:00,0.86,528.42676,1.0
2020-10-15 15:00:00,0.45,332.1886,1.0
2020-10-15 16:00:00,0.02,121.64171,1.0
2020-10-15 17:00:00,0.14,3.9002285,0.3433333333333333
2020-10-15 18:00:00,0.02,0.0,0.0
2020-10-15 19:00:00,0.0,0.0,0.0
2020-10-15 20:00:00,0.66,0.0,0.0
2020-10-15 21:00:00,0.48,0.0,0.0
2020-10-15 22:00:00,0.02,0.0,0.0
2020-10-15 23:00:00,0.01,0.0,0.0
2020-10-16 00:00:00,0.0,0.0,0.0
2020-10-16 01:00:00,0.0,0.0,0.0
2020-10-16 02:00:00,0.05,0.0,0.0
2020-10-16 03:00:00,0.01,0.0,0.0
2020-10-16 04:00:00,0.35,0.0,0.0
2020-10-16 05:00:00,0.56,0.0,0.0
2020-10-16 06:00:00,0.51,50.88358,0.7875
2020-10-16 07:00:00,0.86,242.39307,1.0
2020-10-16 08:00:00,0.87,456.185,1.0
2020-10-16 09:00:00,1.0,641.10724,1.0
2020-10-16 10:00:00,1.0,710.7312,1.0
2020-10-16 11:00:00,0.96,795.1225,1.0
2020-10-16 12:00:00,0.68,791.05927,1.0
2020-10-16 13:00:00,0.35,691.3137,1.0
2020-10-16 14:00:00,0.91,527.08813,1.0
2020-10-16 15:00:00,0.67,314.5819,1.0
2020-10-16 16:00:00,0.44,110.86171,1.0
2020-10-16 17:00:00,0.57,2.981769,0.3188888888888889
2020-10-16 18:00:00,1.0,0.0,0.0
2020-10-16 19:00:00,1.0,0.0,0.0
2020-10-16 20:00:00,1.0,0.0,0.0
2020-10-16 21:00:00,1.0,0.0,0.0
2020-10-16 22:00:00,1.0,0.0,0.0
2020-10-16 23:00:00,1.0,0.0,0.0
2020-10-17 00:00:00,0.98,0.0,0.0
2020-10-17 01:00:00,0.99,0.0,0.0
2020-10-17 02:00:00,0.97,0.0,0.0
2020-10-17 03:00:00,1.0,0.0,0.0
2020-10-17 04:00:00,0.98,0.0,0.0
2020-10-17 05:00:00,0.99,0.0,0.0
2020-10-17 06:00:00,0.0,50.5338,0.7702777777777777
2020-10-17 07:00:00,0.33,260.0596,1.0
2020-10-17 08:00:00,0.85,411.04483,1.0
2020-10-17 09:00:00,0.65,611.01447,1.0
2020-10-17 10:00:00,0.77,716.6912,1.0
2020-10-17 11:00:00,0.34,793.13934,1.0
2020-10-17 12:00:00,0.72,758.02747,1.0
2020-10-17 13:00:00,0.86,638.98804,1.0
2020-10-17 14:00:00,0.63,505.35815,1.0
2020-10-17 15:00:00,0.88,258.11005,1.0
2020-10-17 16:00:00,0.46,90.5017,1.0
2020-10-17 17:00:00,0.64,1.95786,0.295
2020-10-17 18:00:00,0.02,0.0,0.0
2020-10-17 19:00:00,0.07,0.0,0.0
2020-10-17 20:00:00,0.56,0.0,0.0
2020-10-17 21:00:00,0.99,0.0,0.0
2020-10-17 22:00:00,0.75,0.0,0.0
2020-10-17 23:00:00,0.65,0.0,0.0
2020-10-18 00:00:00,0.43,0.0,0.0
2020-10-18 01:00:00,0.59,0.0,0.0
2020-10-18 02:00:00,0.64,0.0,0.0
2020-10-18 03:00:00,0.91,0.0,0.0
2020-10-18 04:00:00,0.82,0.0,0.0
2020-10-18 05:00:00,0.87,0.0,0.0
2020-10-18 06:00:00,1.0,17.29028,0.7527777777777778
2020-10-18 07:00:00,1.0,57.434505,1.0
2020-10-18 08:00:00,1.0,199.6051,1.0
2020-10-18 09:00:00,1.0,313.65973,1.0
2020-10-18 10:00:00,1.0,401.7224,1.0
2020-10-18 11:00:00,0.97,508.89,1.0
2020-10-18 12:00:00,0.08,626.67816,1.0
2020-10-18 13:00:00,0.26,643.9364,1.0
2020-10-18 14:00:00,0.36,474.47495,1.0
2020-10-18 15:00:00,0.32,284.8795,1.0
2020-10-18 16:00:00,0.0,105.55846,1.0
2020-10-18 17:00:00,0.1,0.0,0.2713888888888889
2020-10-18 18:00:00,0.16,0.0,0.0
2020-10-18 19:00:00,0.0,0.0,0.0
2020-10-18 20:00:00,0.0,0.0,0.0
2020-10-18 21:00:00,0.0,0.0,0.0
2020-10-18 22:00:00,0.0,0.0,0.0
2020-10-18 23:00:00,0.0,0.0,0.0
2020-10-19 00:00:00,0.07,0.0,0.0
2020-10-19 01:00:00,0.4,0.0,0.0
2020-10-19 02:00:00,0.71,0.0,0.0
2020-10-19 03:00:00,1.0,0.0,0.0
2020-10-19 04:00:00,0.93,0.0,0.0
2020-10-19 05:00:00,0.96,0.0,0.0
2020-10-19 06:00:00,0.99,39.145607,0.735
2020-10-19 07:00:00,0.88,221.2972,1.0
2020-10-19 08:00:00,0.94,424.81778,1.0
2020-10-19 09:00:00,1.0,535.83026,1.0
2020-10-19 10:00:00,0.86,688.0922,1.0
2020-10-19 11:00:00,0.93,733.22894,1.0
2020-10-19 12:00:00,0.99,638.18854,1.0
2020-10-19 13:00:00,0.71,536.74384,1.0
2020-10-19 14:00:00,0.67,395.78418,1.0
2020-10-19 15:00:00,0.79,219.6248,1.0
2020-10-19 16:00:00,0.98,68.20967,1.0
2020-10-19 17:00:00,0.94,0.0,0.24833333333333332
2020-10-19 18:00:00,0.0,0.0,0.0
2020-10-19 19:00:00,0.27,0.0,0.0
2020-10-19 20:00:00,0.36,0.0,0.0
2020-10-19 21:00:00,0.16,0.0,0.0
2020-10-19 22:00:00,0.02,0.0,0.0
2020-10-19 23:00:00,0.86,0.0,0.0
2020-10-20 00:00:00,0.93,0.0,0.0
2020-10-20 01:00:00,0.96,0.0,0.0
2020-10-20 02:00:00,1.0,0.0,0.0
2020-10-20 03:00:00,1.0,0.0,0.0
2020-10-20 04:00:00,0.98,0.0,0.0
2020-10-20 05:00:00,0.93,0.0,0.0
2020-10-20 06:00:00,0.89,31.035395,0.7175
2020-10-20 07:00:00,0.95,160.43053,1.0
2020-10-20 08:00:00,0.97,336.0797,1.0
2020-10-20 09:00:00,0.96,540.459,1.0
2020-10-20 10:00:00,0.97,700.0146,1.0
2020-10-20 11:00:00,0.99,717.87946,1.0
2020-10-20 12:00:00,1.0,684.7169,1.0
2020-10-20 13:00:00,0.98,566.3799,1.0
2020-10-20 14:00:00,0.78,434.1927,1.0
2020-10-20 15:00:00,0.65,242.17386,1.0
2020-10-20 16:00:00,0.26,95.38916,1.0
2020-10-20 17:00:00,0.43,0.0,0.22555555555555556
2020-10-20 18:00:00,0.17,0.0,0.0
2020-10-20 19:00:00,0.2,0.0,0.0
2020-10-20 20:00:00,0.19,0.0,0.0
2020-10-20 21:00:00,0.2,0.0,0.0
2020-10-20 22:00:00,0.59,0.0,0.0
2020-10-20 23:00:00,0.48,0.0,0.0
2020-10-21 00:00:00,0.1,0.0,0.0
2020-10-21 01:00:00,0.41,0.0,0.0
2020-10-21 02:00:00,0.32,0.0,0.0
2020-10-21 03:00:00,0.47,0.0,0.0
2020-10-21 04:00:00,0.64,0.0,0.0
2020-10-21 05:00:00,0.76,0.0,0.0
2020-10-21 06:00:00,1.0,29.170652,0.6994444444444444
2020-10-21 07:00:00,1.0,165.63783,1.0
2020-10-21 08:00:00,1.0,338.8388,1.0
2020-10-21 09:00:00,1.0,485.9531,1.0
2020-10-21 10:00:00,1.0,561.88086,1.0
2020-10-21 11:00:00,1.0,622.38715,1.0
2020-10-21 12:00:00,1.0,644.0264,1.0
2020-10-21 13:00:00,1.0,626.1852,1.0
2020-10-21 14:00:00,0.95,481.28818,1.0
2020-10-21 15:00:00,0.89,295.72626,1.0
2020-10-21 16:00:00,0.78,90.06072,1.0
2020-10-21 17:00:00,0.49,0.0,0.20277777777777778
2020-10-21 18:00:00,0.5,0.0,0.0
2020-10-21 19:00:00,0.78,0.0,0.0
2020-10-21 20:00:00,0.83,0.0,0.0
2020-10-21 21:00:00,0.8,0.0,0.0
2020-10-21 22:00:00,0.87,0.0,0.0
2020-10-21 23:00:00,0.75,0.0,0.0
2020-10-22 00:00:00,0.84,0.0,0.0
2020-10-22 01:00:00,0.7,0.0,0.0
2020-10-22 02:00:00,0.72,0.0,0.0
2020-10-22 03:00:00,0.79,0.0,0.0
2020-10-22 04:00:00,0.99,0.0,0.0
2020-10-22 05:00:00,1.0,0.0,0.0
2020-10-22 06:00:00,0.99,14.380665,0.6816666666666666
2020-10-22 07:00:00,1.0,94.51639,1.0
2020-10-22 08:00:00,1.0,240.50795,1.0
2020-10-22 09:00:00,1.0,359.41876,1.0
2020-10-22 10:00:00,1.0,433.09088,1.0
2020-10-22 11:00:00,1.0,473.342,1.0
2020-10-22 12:00:00,1.0,450.9434,1.0
2020-10-22 13:00:00,1.0,374.60788,1.0
2020-10-22 14:00:00,1.0,299.9294,1.0
2020-10-22 15:00:00,1.0,165.06783,1.0
2020-10-22 16:00:00,1.0,18.884539,1.0
2020-10-22 17:00:00,1.0,0.0,0.1802777777777778
2020-10-22 18:00:00,0.99,0.0,0.0
2020-10-22 19:00:00,1.0,0.0,0.0
2020-10-22 20:00:00,1.0,0.0,0.0
2020-10-22 21:00:00,0.98,0.0,0.0
2020-10-22 22:00:00,0.93,0.0,0.0
2020-10-22 23:00:00,0.8,0.0,0.0
2020-10-23 00:00:00,0.58,0.0,0.0
2020-10-23 01:00:00,0.69,0.0,0.0
2020-10-23 02:00:00,0.84,0.0,0.0
2020-10-23 03:00:00,0.88,0.0,0.0
2020-10-23 04:00:00,0.91,0.0,0.0
2020-10-23 05:00:00,0.88,0.0,0.0
2020-10-23 06:00:00,0.99,4.9696155,0.6636111111111112
2020-10-23 07:00:00,0.99,60.37441,1.0
2020-10-23 08:00:00,0.88,216.76643,1.0
2020-10-23 09:00:00,0.96,345.98935,1.0
2020-10-23 10:00:00,0.99,558.2611,1.0
2020-10-23 11:00:00,0.96,743.3052,1.0
2020-10-23 12:00:00,0.95,734.4576,1.0
2020-10-23 13:00:00,0.92,623.67316,1.0
2020-10-23 14:00:00,0.93,491.38602,1.0
2020-10-23 15:00:00,0.95,276.32294,1.0
2020-10-23 16:00:00,0.95,71.74407,1.0
2020-10-23 17:00:00,0.87,0.0,0.15805555555555556
2020-10-23 18:00:00,0.11,0.0,0.0
2020-10-23 19:00:00,0.0,0.0,0.0
2020-10-23 20:00:00,0.21,0.0,0.0
2020-10-23 21:00:00,0.0,0.0,0.0
2020-10-23 22:00:00,0.0,0.0,0.0
2020-10-23 23:00:00,0.0,0.0,0.0
2020-10-24 00:00:00,0.0,0.0,0.0
2020-10-24 01:00:00,0.0,0.0,0.0
2020-10-24 02:00:00,0.0,0.0,0.0
2020-10-24 03:00:00,0.0,0.0,0.0
2020-10-24 04:00:00,0.0,0.0,0.0
2020-10-24 05:00:00,0.41,0.0,0.0
2020-10-24 06:00:00,0.0,34.353313,0.6452777777777777
2020-10-24 07:00:00,0.29,236.36488,1.0
2020-10-24 08:00:00,0.48,450.75604,1.0
2020-10-24 09:00:00,0.54,610.9877,1.0
2020-10-24 10:00:00,0.62,727.4257,1.0
2020-10-24 11:00:00,0.04,772.9304,1.0
2020-10-24 12:00:00,0.25,735.77356,1.0
2020-10-24 13:00:00,0.21,625.8469,1.0
2020-10-24 14:00:00,0.11,487.89743,1.0
2020-10-24 15:00:00,0.26,281.869,1.0
2020-10-24 16:00:00,0.72,80.468666,1.0
2020-10-24 17:00:00,0.42,0.0,0.13583333333333333
2020-10-24 18:00:00,0.95,0.0,0.0
2020-10-24 19:00:00,0.91,0.0,0.0
2020-10-24 20:00:00,0.82,0.0,0.0
2020-10-24 21:00:00,0.73,0.0,0.0
2020-10-24 22:00:00,0.22,0.0,0.0
2020-10-24 23:00:00,0.54,0.0,0.0
2020-10-25 00:00:00,0.6,0.0,0.0
2020-10-25 01:00:00,0.92,0.0,0.0
2020-10-25 02:00:00,0.99,0.0,0.0
2020-10-25 03:00:00,1.0,0.0,0.0
2020-10-25 04:00:00,1.0,0.0,0.0
2020-10-25 05:00:00,1.0,0.0,0.0
2020-10-25 06:00:00,1.0,3.9756923,0.6269444444444444
2020-10-25 07:00:00,1.0,50.69008,1.0
2020-10-25 08:00:00,0.99,151.09184,1.0
2020-10-25 09:00:00,1.0,184.40244,1.0
2020-10-25 10:00:00,1.0,246.48102,1.0
2020-10-25 11:00:00,1.0,230.26227,1.0
2020-10-25 12:00:00,1.0,234.93004,1.0
2020-10-25 13:00:00,1.0,133.1857,1.0
2020-10-25 14:00:00,1.0,125.645065,1.0
2020-10-25 15:00:00,1.0,87.63668,1.0
2020-10-25 16:00:00,0.99,23.854153,1.0
2020-10-25 17:00:00,1.0,0.0,0.11388888888888889
2020-10-25 18:00:00,1.0,0.0,0.0
2020-10-25 19:00:00,1.0,0.0,0.0
2020-10-25 20:00:00,1.0,0.0,0.0
2020-10-25 21:00:00,1.0,0.0,0.0
2020-10-25 22:00:00,1.0,0.0,0.0
2020-10-25 23:00:00,1.0,0.0,0.0
2020-10-26 00:00:00,1.0,0.0,0.0
2020-10-26 01:00:00,1.0,0.0,0.0
2020-10-26 02:00:00,1.0,0.0,0.0
2020-10-26 03:00:00,1.0,0.0,0.0
2020-10-26 04:00:00,1.0,0.0,0.0
2020-10-26 05:00:00,1.0,0.0,0.0
2020-10-26 06:00:00,1.0,11.927076,0.6086111111111111
2020-10-26 07:00:00,1.0,110.291664,1.0
2020-10-26 08:00:00,1.0,315.5838,1.0
2020-10-26 09:00:00,0.98,472.58047,1.0
2020-10-26 10:00:00,0.99,471.29556,1.0
2020-10-26 11:00:00,1.0,556.6106,1.0
2020-10-26 12:00:00,1.0,634.00214,1.0
2020-10-26 13:00:00,0.79,582.7297,1.0
2020-10-26 14:00:00,0.2,475.58093,1.0
2020-10-26 15:00:00,0.09,270.97635,1.0
2020-10-26 16:00:00,0.28,83.23337,1.0
2020-10-26 17:00:00,0.03,0.0,0.09222222222222222
2020-10-26 18:00:00,0.01,0.0,0.0
2020-10-26 19:00:00,0.0,0.0,0.0
2020-10-26 20:00:00,0.01,0.0,0.0
2020-10-26 21:00:00,0.0,0.0,0.0
2020-10-26 22:00:00,0.0,0.0,0.0
2020-10-26 23:00:00,0.0,0.0,0.0
2020-10-27 00:00:00,0.0,0.0,0.0
2020-10-27 01:00:00,0.0,0.0,0.0
2020-10-27 02:00:00,0.0,0.0,0.0
2020-10-27 03:00:00,0.0,0.0,0.0
2020-10-27 04:00:00,0.0,0.0,0.0
2020-10-27 05:00:00,0.0,0.0,0.0
2020-10-27 06:00:00,0.0,32.571583,0.59
2020-10-27 07:00:00,0.0,257.6186,1.0
2020-10-27 08:00:00,0.0,492.01947,1.0
2020-10-27 09:00:00,0.0,677.3308,1.0
2020-10-27 10:00:00,0.0,798.4966,1.0
2020-10-27 11:00:00,0.0,843.7534,1.0
2020-10-27 12:00:00,0.0,811.8958,1.0
2020-10-27 13:00:00,0.0,704.40173,1.0
2020-10-27 14:00:00,0.0,532.44464,1.0
2020-10-27 15:00:00,0.0,312.65546,1.0
2020-10-27 16:00:00,0.0,86.08073,1.0
2020-10-27 17:00:00,0.0,0.0,0.07055555555555555
2020-10-27 18:00:00,0.0,0.0,0.0
2020-10-27 19:00:00,0.0,0.0,0.0
2020-10-27 20:00:00,0.0,0.0,0.0
2020-10-27 21:00:00,0.0,0.0,0.0
2020-10-27 22:00:00,0.0,0.0,0.0
2020-10-27 23:00:00,0.0,0.0,0.0
2020-10-28 00:00:00,0.0,0.0,0.0
2020-10-28 01:00:00,0.0,0.0,0.0
2020-10-28 02:00:00,0.0,0.0,0.0
2020-10-28 03:00:00,0.0,0.0,0.0
2020-10-28 04:00:00,0.0,0.0,0.0
2020-10-28 05:00:00,0.0,0.0,0.0
2020-10-28 06:00:00,0.07,25.579994,0.5713888888888888
2020-10-28 07:00:00,0.77,223.59189,1.0
2020-10-28 08:00:00,0.69,441.1863,1.0
2020-10-28 09:00:00,0.13,618.4487,1.0
2020-10-28 10:00:00,0.8,732.8796,1.0
2020-10-28 11:00:00,0.67,770.187,1.0
2020-10-28 12:00:00,0.56,729.81946,1.0
2020-10-28 13:00:00,0.62,632.54297,1.0
2020-10-28 14:00:00,0.01,481.03238,1.0
2020-10-28 15:00:00,0.41,275.79108,1.0
2020-10-28 16:00:00,0.0,72.82164,1.0
2020-10-28 17:00:00,0.0,0.0,0.049444444444444444
2020-10-28 18:00:00,0.23,0.0,0.0
2020-10-28 19:00:00,0.22,0.0,0.0
2020-10-28 20:00:00,0.17,0.0,0.0
2020-10-28 21:00:00,0.0,0.0,0.0
2020-10-28 22:00:00,0.0,0.0,0.0
2020-10-28 23:00:00,0.0,0.0,0.0
2020-10-29 00:00:00,0.0,0.0,0.0
2020-10-29 01:00:00,0.0,0.0,0.0
2020-10-29 02:00:00,0.0,0.0,0.0
2020-10-29 03:00:00,0.0,0.0,0.0
2020-10-29 04:00:00,0.0,0.0,0.0
2020-10-29 05:00:00,0.0,0.0,0.0
2020-10-29 06:00:00,0.02,24.009462,0.5527777777777778
2020-10-29 07:00:00,0.02,221.09578,1.0
2020-10-29 08:00:00,0.02,437.07126,1.0
2020-10-29 09:00:00,0.03,610.44086,1.0
2020-10-29 10:00:00,0.02,722.78064,1.0
2020-10-29 11:00:00,0.02,768.9937,1.0
2020-10-29 12:00:00,0.01,738.30054,1.0
2020-10-29 13:00:00,0.0,638.15857,1.0
2020-10-29 14:00:00,0.0,476.71906,1.0
2020-10-29 15:00:00,0.0,274.4624,1.0
2020-10-29 16:00:00,0.0,71.41685,1.0
2020-10-29 17:00:00,0.0,0.0,0.02861111111111111
2020-10-29 18:00:00,0.0,0.0,0.0
2020-10-29 19:00:00,0.0,0.0,0.0
2020-10-29 20:00:00,0.0,0.0,0.0
2020-10-29 21:00:00,0.0,0.0,0.0
2020-10-29 22:00:00,0.0,0.0,0.0
2020-10-29 23:00:00,0.0,0.0,0.0
2020-10-30 00:00:00,0.0,0.0,0.0
2020-10-30 01:00:00,0.0,0.0,0.0
2020-10-30 02:00:00,0.0,0.0,0.0
2020-10-30 03:00:00,0.0,0.0,0.0
2020-10-30 04:00:00,0.0,0.0,0.0
2020-10-30 05:00:00,0.0,0.0,0.0
2020-10-30 06:00:00,0.0,21.809538,0.5338888888888889
2020-10-30 07:00:00,0.0,221.6883,1.0
2020-10-30 08:00:00,0.0,438.38232,1.0
2020-10-30 09:00:00,0.0,612.5046,1.0
2020-10-30 10:00:00,0.0,724.93365,1.0
2020-10-30 11:00:00,0.0,768.1579,1.0
2020-10-30 12:00:00,0.0,737.0665,1.0
2020-10-30 13:00:00,0.0,635.3851,1.0
2020-10-30 14:00:00,0.0,473.04132,1.0
2020-10-30 15:00:00,0.0,271.39883,1.0
2020-10-30 16:00:00,0.0,68.52834,1.0
2020-10-30 17:00:00,0.0,0.0,0.008055555555555555
2020-10-30 18:00:00,0.0,0.0,0.0
2020-10-30 19:00:00,0.0,0.0,0.0
2020-10-30 20:00:00,0.0,0.0,0.0
2020-10-30 21:00:00,0.0,0.0,0.0
2020-10-30 22:00:00,0.0,0.0,0.0
2020-10-30 23:00:00,0.0,0.0,0.0
2020-10-31 00:00:00,0.0,0.0,0.0
2020-10-31 01:00:00,0.0,0.0,0.0
2020-10-31 02:00:00,0.0,0.0,0.0
2020-10-31 03:00:00,0.0,0.0,0.0
2020-10-31 04:00:00,0.23,0.0,0.0
2020-10-31 05:00:00,0.0,0.0,0.0
2020-10-31 06:00:00,0.0,21.215685,0.5152777777777777
2020-10-31 07:00:00,0.0,215.71602,1.0
2020-10-31 08:00:00,0.0,431.6527,1.0
2020-10-31 09:00:00,0.0,605.34955,1.0
2020-10-31 10:00:00,0.0,716.58936,1.0
2020-10-31 11:00:00,0.0,759.85767,1.0
2020-10-31 12:00:00,0.0,727.5607,1.0
2020-10-31 13:00:00,0.0,625.24695,1.0
2020-10-31 14:00:00,0.0,464.01654,1.0
2020-10-31 15:00:00,0.0,261.93234,1.0
2020-10-31 16:00:00,0.0,63.071632,0.9877777777777778
2020-10-31 17:00:00,0.0,0.0,0.0
2020-10-31 18:00:00,0.0,0.0,0.0
2020-10-31 19:00:00,0.0,0.0,0.0
2020-10-31 20:00:00,0.0,0.0,0.0
2020-10-31 21:00:00,0.0,0.0,0.0
2020-10-31 22:00:00,0.0,0.0,0.0
2020-10-31 23:00:00,0.0,0.0,0.0
2020-11-01 00:00:00,0.0,0.0,0.0
2020-11-01 01:00:00,0.0,0.0,0.0
2020-11-01 02:00:00,0.0,0.0,0.0
2020-11-01 03:00:00,0.0,0.0,0.0
2020-11-01 04:00:00,0.0,0.0,0.0
2020-11-01 05:00:00,0.0,0.0,0.0
2020-11-01 06:00:00,0.0,18.86153,0.4963888888888889
2020-11-01 07:00:00,0.01,212.68886,1.0
2020-11-01 08:00:00,0.0,426.8862,1.0
2020-11-01 09:00:00,0.0,601.16675,1.0
2020-11-01 10:00:00,0.0,712.72705,1.0
2020-11-01 11:00:00,0.0,752.5356,1.0
2020-11-01 12:00:00,0.0,719.80493,1.0
2020-11-01 13:00:00,0.0,617.87683,1.0
2020-11-01 14:00:00,0.0,458.53607,1.0
2020-11-01 15:00:00,0.0,258.6326,1.0
2020-11-01 16:00:00,0.0,61.34085,0.9680555555555556
2020-11-01 17:00:00,0.0,0.0,0.0
2020-11-01 18:00:00,0.0,0.0,0.0
2020-11-01 19:00:00,0.0,0.0,0.0
2020-11-01 20:00:00,0.0,0.0,0.0
2020-11-01 21:00:00,0.0,0.0,0.0
2020-11-01 22:00:00,0.0,0.0,0.0
2020-11-01 23:00:00,0.0,0.0,0.0
2020-11-02 00:00:00,0.0,0.0,0.0
2020-11-02 01:00:00,0.0,0.0,0.0
2020-11-02 02:00:00,0.0,0.0,0.0
2020-11-02 03:00:00,0.0,0.0,0.0
2020-11-02 04:00:00,0.0,0.0,0.0
2020-11-02 05:00:00,0.0,0.0,0.0
2020-11-02 06:00:00,0.0,18.242775,0.4775
2020-11-02 07:00:00,0.0,208.62846,1.0
2020-11-02 08:00:00,0.0,422.5008,1.0
2020-11-02 09:00:00,0.0,594.3612,1.0
2020-11-02 10:00:00,0.0,704.8195,1.0
2020-11-02 11:00:00,0.0,746.9466,1.0
2020-11-02 12:00:00,0.0,715.6588,1.0
2020-11-02 13:00:00,0.0,616.0827,1.0
2020-11-02 14:00:00,0.0,457.6262,1.0
2020-11-02 15:00:00,0.0,256.5399,1.0
2020-11-02 16:00:00,0.0,59.59208,0.9488888888888889
2020-11-02 17:00:00,0.0,0.0,0.0
2020-11-02 18:00:00,0.0,0.0,0.0
2020-11-02 19:00:00,0.0,0.0,0.0
2020-11-02 20:00:00,0.0,0.0,0.0
2020-11-02 21:00:00,0.0,0.0,0.0
2020-11-02 22:00:00,0.02,0.0,0.0
2020-11-02 23:00:00,0.0,0.0,0.0
2020-11-03 00:00:00,0.0,0.0,0.0
2020-11-03 01:00:00,0.0,0.0,0.0
2020-11-03 02:00:00,0.0,0.0,0.0
2020-11-03 03:00:00,0.0,0.0,0.0
2020-11-03 04:00:00,0.03,0.0,0.0
2020-11-03 05:00:00,0.31,0.0,0.0
2020-11-03 06:00:00,0.59,12.775104,0.45861111111111114
2020-11-03 07:00:00,0.61,172.48164,1.0
2020-11-03 08:00:00,0.66,361.73914,1.0
2020-11-03 09:00:00,0.52,564.1347,1.0
2020-11-03 10:00:00,0.25,687.512,1.0
2020-11-03 11:00:00,0.95,627.8147,1.0
2020-11-03 12:00:00,0.83,578.449,1.0
2020-11-03 13:00:00,0.86,452.1818,1.0
2020-11-03 14:00:00,0.44,422.60364,1.0
2020-11-03 15:00:00,0.25,242.35101,1.0
2020-11-03 16:00:00,0.05,54.887486,0.93
2020-11-03 17:00:00,0.1,0.0,0.0
2020-11-03 18:00:00,0.19,0.0,0.0
2020-11-03 19:00:00,0.28,0.0,0.0
2020-11-03 20:00:00,0.23,0.0,0.0
2020-11-03 21:00:00,0.4,0.0,0.0
2020-11-03 22:00:00,0.11,0.0,0.0
2020-11-03 23:00:00,0.12,0.0,0.0
2020-11-04 00:00:00,0.24,0.0,0.0
2020-11-04 01:00:00,0.28,0.0,0.0
2020-11-04 02:00:00,0.01,0.0,0.0
2020-11-04 03:00:00,0.0,0.0,0.0
2020-11-04 04:00:00,0.0,0.0,0.0
2020-11-04 05:00:00,0.0,0.0,0.0
2020-11-04 06:00:00,0.03,13.029731,0.44
2020-11-04 07:00:00,0.06,185.6082,1.0
2020-11-04 08:00:00,0.04,392.1751,1.0
2020-11-04 09:00:00,0.02,553.45074,1.0
2020-11-04 10:00:00,0.01,660.8969,1.0
2020-11-04 11:00:00,0.0,718.8669,1.0
2020-11-04 12:00:00,0.0,691.2553,1.0
2020-11-04 13:00:00,0.0,593.71277,1.0
2020-11-04 14:00:00,0.0,439.89664,1.0
2020-11-04 15:00:00,0.0,242.85794,1.0
2020-11-04 16:00:00,0.0,53.047703,0.9113888888888889
2020-11-04 17:00:00,0.0,0.0,0.0
2020-11-04 18:00:00,0.0,0.0,0.0
2020-11-04 19:00:00,0.0,0.0,0.0
2020-11-04 20:00:00,0.0,0.0,0.0
2020-11-04 21:00:00,0.0,0.0,0.0
2020-11-04 22:00:00,0.0,0.0,0.0
2020-11-04 23:00:00,0.0,0.0,0.0
2020-11-05 00:00:00,0.0,0.0,0.0
2020-11-05 01:00:00,0.0,0.0,0.0
2020-11-05 02:00:00,0.0,0.0,0.0
2020-11-05 03:00:00,0.0,0.0,0.0
2020-11-05 04:00:00,0.0,0.0,0.0
2020-11-05 05:00:00,0.0,0.0,0.0
2020-11-05 06:00:00,0.0,12.30686,0.4211111111111111
2020-11-05 07:00:00,0.0,192.62318,1.0
2020-11-05 08:00:00,0.0,403.26096,1.0
2020-11-05 09:00:00,0.0,572.78235,1.0
2020-11-05 10:00:00,0.0,683.5985,1.0
2020-11-05 11:00:00,0.0,725.0624,1.0
2020-11-05 12:00:00,0.0,694.88745,1.0
2020-11-05 13:00:00,0.0,596.25995,1.0
2020-11-05 14:00:00,0.0,439.91815,1.0
2020-11-05 15:00:00,0.0,242.92693,1.0
2020-11-05 16:00:00,0.0,52.177425,0.8936111111111111
2020-11-05 17:00:00,0.0,0.0,0.0
2020-11-05 18:00:00,0.0,0.0,0.0
2020-11-05 19:00:00,0.0,0.0,0.0
2020-11-05 20:00:00,0.0,0.0,0.0
2020-11-05 21:00:00,0.0,0.0,0.0
2020-11-05 22:00:00,0.0,0.0,0.0
2020-11-05 23:00:00,0.0,0.0,0.0
2020-11-06 00:00:00,0.0,0.0,0.0
2020-11-06 01:00:00,0.0,0.0,0.0
2020-11-06 02:00:00,0.0,0.0,0.0
2020-11-06 03:00:00,0.0,0.0,0.0
2020-11-06 04:00:00,0.35,0.0,0.0
2020-11-06 05:00:00,0.17,0.0,0.0
2020-11-06 06:00:00,0.0,12.595953,0.4022222222222222
2020-11-06 07:00:00,0.85,181.89374,1.0
2020-11-06 08:00:00,0.37,401.97714,1.0
2020-11-06 09:00:00,0.92,548.7112,1.0
2020-11-06 10:00:00,0.85,677.9013,1.0
2020-11-06 11:00:00,0.9,695.02295,1.0
2020-11-06 12:00:00,0.96,600.4598,1.0
2020-11-06 13:00:00,0.96,484.54315,1.0
2020-11-06 14:00:00,0.9,361.82812,1.0
2020-11-06 15:00:00,0.99,173.24408,1.0
2020-11-06 16:00:00,0.94,35.840107,0.8763888888888889
2020-11-06 17:00:00,1.0,0.0,0.0
2020-11-06 18:00:00,1.0,0.0,0.0
2020-11-06 19:00:00,1.0,0.0,0.0
2020-11-06 20:00:00,1.0,0.0,0.0
2020-11-06 21:00:00,1.0,0.0,0.0
2020-11-06 22:00:00,0.93,0.0,0.0
2020-11-06 23:00:00,0.37,0.0,0.0
2020-11-07 00:00:00,0.43,0.0,0.0
2020-11-07 01:00:00,0.3,0.0,0.0
2020-11-07 02:00:00,1.0,0.0,0.0
2020-11-07 03:00:00,1.0,0.0,0.0
2020-11-07 04:00:00,1.0,0.0,0.0
2020-11-07 05:00:00,0.39,0.0,0.0
2020-11-07 06:00:00,0.18,7.283402,0.3836111111111111
2020-11-07 07:00:00,0.93,96.71688,1.0
2020-11-07 08:00:00,0.62,288.23672,1.0
2020-11-07 09:00:00,0.14,522.6652,1.0
2020-11-07 10:00:00,0.59,572.07294,1.0
2020-11-07 11:00:00,0.32,639.05554,1.0
2020-11-07 12:00:00,0.91,397.17365,1.0
2020-11-07 13:00:00,0.96,341.14938,1.0
2020-11-07 14:00:00,0.55,332.806,1.0
2020-11-07 15:00:00,0.66,162.75905,1.0
2020-11-07 16:00:00,0.09,39.33133,0.8594444444444445
2020-11-07 17:00:00,0.21,0.0,0.0
2020-11-07 18:00:00,0.09,0.0,0.0
2020-11-07 19:00:00,0.12,0.0,0.0
2020-11-07 20:00:00,0.02,0.0,0.0
2020-11-07 21:00:00,0.05,0.0,0.0
2020-11-07 22:00:00,0.15,0.0,0.0
2020-11-07 23:00:00,0.93,0.0,0.0
2020-11-08 00:00:00,0.85,0.0,0.0
2020-11-08 01:00:00,0.96,0.0,0.0
2020-11-08 02:00:00,0.27,0.0,0.0
2020-11-08 03:00:00,0.43,0.0,0.0
2020-11-08 04:00:00,0.34,0.0,0.0
2020-11-08 05:00:00,0.54,0.0,0.0
2020-11-08 06:00:00,0.0,6.3997097,0.365
2020-11-08 07:00:00,0.0,186.0417,1.0
2020-11-08 08:00:00,0.0,403.74765,1.0
2020-11-08 09:00:00,0.0,571.41956,1.0
2020-11-08 10:00:00,0.0,684.7206,1.0
2020-11-08 11:00:00,0.0,727.26874,1.0
2020-11-08 12:00:00,0.0,697.12366,1.0
2020-11-08 13:00:00,0.0,599.2527,1.0
2020-11-08 14:00:00,0.0,440.84482,1.0
2020-11-08 15:00:00,0.0,240.42377,1.0
2020-11-08 16:00:00,0.0,47.414265,0.8433333333333334
2020-11-08 17:00:00,0.0,0.0,0.0
2020-11-08 18:00:00,0.0,0.0,0.0
2020-11-08 19:00:00,0.01,0.0,0.0
2020-11-08 20:00:00,0.92,0.0,0.0
2020-11-08 21:00:00,0.37,0.0,0.0
2020-11-08 22:00:00,0.72,0.0,0.0
2020-11-08 23:00:00,0.72,0.0,0.0
2020-11-09 00:00:00,0.92,0.0,0.0
2020-11-09 01:00:00,0.67,0.0,0.0
2020-11-09 02:00:00,0.85,0.0,0.0
2020-11-09 03:00:00,0.8,0.0,0.0
2020-11-09 04:00:00,0.86,0.0,0.0
2020-11-09 05:00:00,0.81,0.0,0.0
2020-11-09 06:00:00,0.61,4.5302663,0.3461111111111111
2020-11-09 07:00:00,0.69,58.90063,1.0
2020-11-09 08:00:00,0.92,76.22255,1.0
2020-11-09 09:00:00,1.0,123.36788,1.0
2020-11-09 10:00:00,1.0,161.32358,1.0
2020-11-09 11:00:00,1.0,111.83214,1.0
2020-11-09 12:00:00,0.97,157.63358,1.0
2020-11-09 13:00:00,0.68,302.33685,1.0
2020-11-09 14:00:00,0.96,112.35772,1.0
2020-11-09 15:00:00,0.92,102.46423,1.0
2020-11-09 16:00:00,0.93,7.9513845,0.8277777777777777
2020-11-09 17:00:00,1.0,0.0,0.0
2020-11-09 18:00:00,1.0,0.0,0.0
2020-11-09 19:00:00,1.0,0.0,0.0
2020-11-09 20:00:00,1.0,0.0,0.0
2020-11-09 21:00:00,1.0,0.0,0.0
2020-11-09 22:00:00,1.0,0.0,0.0
2020-11-09 23:00:00,1.0,0.0,0.0
2020-11-10 00:00:00,1.0,0.0,0.0
2020-11-10 01:00:00,0.92,0.0,0.0
2020-11-10 02:00:00,0.73,0.0,0.0
2020-11-10 03:00:00,0.14,0.0,0.0
2020-11-10 04:00:00,0.06,0.0,0.0
2020-11-10 05:00:00,0.12,0.0,0.0
2020-11-10 06:00:00,0.04,5.653062,0.3275
2020-11-10 07:00:00,0.02,168.8904,1.0
2020-11-10 08:00:00,1.0,327.06168,1.0
2020-11-10 09:00:00,0.02,548.1033,1.0
2020-11-10 10:00:00,0.01,668.2718,1.0
2020-11-10 11:00:00,0.01,712.11035,1.0
2020-11-10 12:00:00,0.0,688.8354,1.0
2020-11-10 13:00:00,0.0,596.2913,1.0
2020-11-10 14:00:00,0.0,437.43912,1.0
2020-11-10 15:00:00,0.02,234.17775,1.0
2020-11-10 16:00:00,0.0,38.816788,0.8125
2020-11-10 17:00:00,1.0,0.0,0.0
2020-11-10 18:00:00,0.95,0.0,0.0
2020-11-10 19:00:00,1.0,0.0,0.0
2020-11-10 20:00:00,0.25,0.0,0.0
2020-11-10 21:00:00,0.01,0.0,0.0
2020-11-10 22:00:00,0.0,0.0,0.0
2020-11-10 23:00:00,0.01,0.0,0.0
2020-11-11 00:00:00,0.14,0.0,0.0
2020-11-11 01:00:00,0.0,0.0,0.0
2020-11-11 02:00:00,0.0,0.0,0.0
2020-11-11 03:00:00,0.0,0.0,0.0
2020-11-11 04:00:00,0.0,0.0,0.0
2020-11-11 05:00:00,0.0,0.0,0.0
2020-11-11 06:00:00,0.01,5.793988,0.3086111111111111
2020-11-11 07:00:00,0.0,178.45062,1.0
2020-11-11 08:00:00,0.0,392.6888,1.0
2020-11-11 09:00:00,0.0,567.6429,1.0
2020-11-11 10:00:00,0.0,681.0823,1.0
2020-11-11 11:00:00,0.0,724.63403,1.0
2020-11-11 12:00:00,0.0,693.17053,1.0
2020-11-11 13:00:00,0.0,592.44556,1.0
2020-11-11 14:00:00,0.0,433.713,1.0
2020-11-11 15:00:00,0.01,232.9566,1.0
2020-11-11 16:00:00,0.1,42.39556,0.7977777777777778
2020-11-11 17:00:00,0.0,0.0,0.0
2020-11-11 18:00:00,0.01,0.0,0.0
2020-11-11 19:00:00,0.0,0.0,0.0
2020-11-11 20:00:00,0.02,0.0,0.0
2020-11-11 21:00:00,0.02,0.0,0.0
2020-11-11 22:00:00,0.14,0.0,0.0
2020-11-11 23:00:00,0.02,0.0,0.0
2020-11-12 00:00:00,0.11,0.0,0.0
2020-11-12 01:00:00,0.14,0.0,0.0
2020-11-12 02:00:00,0.26,0.0,0.0
2020-11-12 03:00:00,0.26,0.0,0.0
2020-11-12 04:00:00,0.37,0.0,0.0
2020-11-12 05:00:00,0.35,0.0,0.0
2020-11-12 06:00:00,0.99,0.99392307,0.28944444444444445
2020-11-12 07:00:00,0.78,85.92224,1.0
2020-11-12 08:00:00,0.6,238.54555,1.0
2020-11-12 09:00:00,0.41,430.2161,1.0
2020-11-12 10:00:00,0.17,662.9932,1.0
2020-11-12 11:00:00,0.27,713.18427,1.0
2020-11-12 12:00:00,0.0,691.58246,1.0
2020-11-12 13:00:00,0.0,596.447,1.0
2020-11-12 14:00:00,0.0,432.43747,1.0
2020-11-12 15:00:00,0.0,227.89209,1.0
2020-11-12 16:00:00,0.0,39.85695,0.7833333333333333
2020-11-12 17:00:00,0.0,0.0,0.0
2020-11-12 18:00:00,0.0,0.0,0.0
2020-11-12 19:00:00,0.0,0.0,0.0
2020-11-12 20:00:00,0.0,0.0,0.0
2020-11-12 21:00:00,0.0,0.0,0.0
2020-11-12 22:00:00,0.0,0.0,0.0
2020-11-12 23:00:00,0.0,0.0,0.0
2020-11-13 00:00:00,0.0,0.0,0.0
2020-11-13 01:00:00,0.0,0.0,0.0
2020-11-13 02:00:00,0.0,0.0,0.0
2020-11-13 03:00:00,0.0,0.0,0.0
2020-11-13 04:00:00,0.0,0.0,0.0
2020-11-13 05:00:00,0.0,0.0,0.0
2020-11-13 06:00:00,0.01,0.0,0.2702777777777778
2020-11-13 07:00:00,0.02,172.06702,1.0
2020-11-13 08:00:00,0.02,384.03894,1.0
2020-11-13 09:00:00,0.0,562.872,1.0
2020-11-13 10:00:00,0.0,676.7323,1.0
2020-11-13 11:00:00,0.0,721.5327,1.0
2020-11-13 12:00:00,0.0,691.2205,1.0
2020-11-13 13:00:00,0.0,590.82324,1.0
2020-11-13 14:00:00,0.0,429.1616,1.0
2020-11-13 15:00:00,0.0,226.6449,1.0
2020-11-13 16:00:00,0.25,38.736908,0.7694444444444445
2020-11-13 17:00:00,0.0,0.0,0.0
2020-11-13 18:00:00,0.0,0.0,0.0
2020-11-13 19:00:00,0.94,0.0,0.0
2020-11-13 20:00:00,0.42,0.0,0.0
2020-11-13 21:00:00,0.45,0.0,0.0
2020-11-13 22:00:00,0.5,0.0,0.0
2020-11-13 23:00:00,0.0,0.0,0.0
2020-11-14 00:00:00,0.27,0.0,0.0
2020-11-14 01:00:00,0.23,0.0,0.0
2020-11-14 02:00:00,0.31,0.0,0.0
2020-11-14 03:00:00,0.03,0.0,0.0
2020-11-14 04:00:00,0.83,0.0,0.0
2020-11-14 05:00:00,0.06,0.0,0.0
2020-11-14 06:00:00,0.94,0.0,0.2511111111111111
2020-11-14 07:00:00,0.53,110.15589,1.0
2020-11-14 08:00:00,0.03,317.72116,1.0
2020-11-14 09:00:00,0.92,389.83237,1.0
2020-11-14 10:00:00,0.82,311.37357,1.0
2020-11-14 11:00:00,0.96,457.99118,1.0
2020-11-14 12:00:00,0.0,652.59454,1.0
2020-11-14 13:00:00,0.03,562.7289,1.0
2020-11-14 14:00:00,0.02,410.8638,1.0
2020-11-14 15:00:00,0.3,211.32143,1.0
2020-11-14 16:00:00,0.01,36.073837,0.7558333333333334
2020-11-14 17:00:00,0.36,0.0,0.0
2020-11-14 18:00:00,0.42,0.0,0.0
2020-11-14 19:00:00,0.26,0.0,0.0
2020-11-14 20:00:00,0.08,0.0,0.0
2020-11-14 21:00:00,0.02,0.0,0.0
2020-11-14 22:00:00,0.02,0.0,0.0
2020-11-14 23:00:00,0.0,0.0,0.0
2020-11-15 00:00:00,0.0,0.0,0.0
2020-11-15 01:00:00,0.0,0.0,0.0
2020-11-15 02:00:00,0.01,0.0,0.0
2020-11-15 03:00:00,0.0,0.0,0.0
2020-11-15 04:00:00,0.0,0.0,0.0
2020-11-15 05:00:00,0.0,0.0,0.0
2020-11-15 06:00:00,0.08,0.0,0.23222222222222222
2020-11-15 07:00:00,0.01,146.70804,1.0
2020-11-15 08:00:00,0.03,353.6994,1.0
2020-11-15 09:00:00,0.84,526.68335,1.0
2020-11-15 10:00:00,0.89,654.04706,1.0
2020-11-15 11:00:00,0.0,703.9054,1.0
2020-11-15 12:00:00,0.32,649.73193,1.0
2020-11-15 13:00:00,0.17,542.2489,1.0
2020-11-15 14:00:00,0.9,352.0862,1.0
2020-11-15 15:00:00,0.42,199.88998,1.0
2020-11-15 16:00:00,0.07,32.341415,0.7427777777777778
2020-11-15 17:00:00,0.0,0.0,0.0
2020-11-15 18:00:00,0.01,0.0,0.0
2020-11-15 19:00:00,0.17,0.0,0.0
2020-11-15 20:00:00,0.44,0.0,0.0
2020-11-15 21:00:00,0.8,0.0,0.0
2020-11-15 22:00:00,0.73,0.0,0.0
2020-11-15 23:00:00,0.43,0.0,0.0
2020-11-16 00:00:00,0.09,0.0,0.0
2020-11-16 01:00:00,0.05,0.0,0.0
2020-11-16 02:00:00,0.1,0.0,0.0
2020-11-16 03:00:00,0.01,0.0,0.0
2020-11-16 04:00:00,0.04,0.0,0.0
2020-11-16 05:00:00,0.03,0.0,0.0
2020-11-16 06:00:00,0.03,0.0,0.21305555555555555
2020-11-16 07:00:00,0.2,137.79103,1.0
2020-11-16 08:00:00,0.23,349.44644,1.0
2020-11-16 09:00:00,0.45,514.6121,1.0
2020-11-16 10:00:00,0.6,621.7872,1.0
2020-11-16 11:00:00,0.77,656.66626,1.0
2020-11-16 12:00:00,0.77,635.2357,1.0
2020-11-16 13:00:00,0.71,542.39777,1.0
2020-11-16 14:00:00,0.81,390.2882,1.0
2020-11-16 15:00:00,0.47,200.94939,1.0
2020-11-16 16:00:00,0.23,31.074743,0.7302777777777778
2020-11-16 17:00:00,0.09,0.0,0.0
2020-11-16 18:00:00,0.0,0.0,0.0
2020-11-16 19:00:00,0.0,0.0,0.0
2020-11-16 20:00:00,0.31,0.0,0.0
2020-11-16 21:00:00,0.47,0.0,0.0
2020-11-16 22:00:00,0.42,0.0,0.0
2020-11-16 23:00:00,0.25,0.0,0.0
2020-11-17 00:00:00,0.05,0.0,0.0
2020-11-17 01:00:00,0.63,0.0,0.0
2020-11-17 02:00:00,0.83,0.0,0.0
2020-11-17 03:00:00,0.89,0.0,0.0
2020-11-17 04:00:00,0.88,0.0,0.0
2020-11-17 05:00:00,0.89,0.0,0.0
2020-11-17 06:00:00,0.85,0.0,0.1938888888888889
2020-11-17 07:00:00,0.76,145.25035,1.0
2020-11-17 08:00:00,0.21,358.7516,1.0
2020-11-17 09:00:00,0.13,535.84393,1.0
2020-11-17 10:00:00,0.04,648.90326,1.0
2020-11-17 11:00:00,0.67,688.6197,1.0
2020-11-17 12:00:00,0.67,646.1365,1.0
2020-11-17 13:00:00,0.14,565.02893,1.0
2020-11-17 14:00:00,0.0,409.5329,1.0
2020-11-17 15:00:00,0.0,213.34729,1.0
2020-11-17 16:00:00,0.0,31.915035,0.7180555555555556
2020-11-17 17:00:00,0.0,0.0,0.0
2020-11-17 18:00:00,0.0,0.0,0.0
2020-11-17 19:00:00,0.16,0.0,0.0
2020-11-17 20:00:00,0.5,0.0,0.0
2020-11-17 21:00:00,0.27,0.0,0.0
2020-11-17 22:00:00,0.74,0.0,0.0
2020-11-17 23:00:00,0.0,0.0,0.0
2020-11-18 00:00:00,0.29,0.0,0.0
2020-11-18 01:00:00,0.83,0.0,0.0
2020-11-18 02:00:00,1.0,0.0,0.0
2020-11-18 03:00:00,0.99,0.0,0.0
2020-11-18 04:00:00,1.0,0.0,0.0
2020-11-18 05:00:00,1.0,0.0,0.0
2020-11-18 06:00:00,1.0,0.0,0.17472222222222222
2020-11-18 07:00:00,1.0,75.58064,1.0
2020-11-18 08:00:00,1.0,201.05379,1.0
2020-11-18 09:00:00,1.0,317.78436,1.0
2020-11-18 10:00:00,1.0,419.89633,1.0
2020-11-18 11:00:00,1.0,413.40805,1.0
2020-11-18 12:00:00,1.0,466.5209,1.0
2020-11-18 13:00:00,0.97,461.56253,1.0
2020-11-18 14:00:00,0.85,332.84064,1.0
2020-11-18 15:00:00,0.16,181.8576,1.0
2020-11-18 16:00:00,0.05,29.617094,0.7066666666666667
2020-11-18 17:00:00,0.05,0.0,0.0
2020-11-18 18:00:00,0.0,0.0,0.0
2020-11-18 19:00:00,0.0,0.0,0.0
2020-11-18 20:00:00,0.0,0.0,0.0
2020-11-18 21:00:00,0.0,0.0,0.0
2020-11-18 22:00:00,0.0,0.0,0.0
2020-11-18 23:00:00,0.0,0.0,0.0
2020-11-19 00:00:00,0.0,0.0,0.0
2020-11-19 01:00:00,0.0,0.0,0.0
2020-11-19 02:00:00,0.0,0.0,0.0
2020-11-19 03:00:00,0.0,0.0,0.0
2020-11-19 04:00:00,0.0,0.0,0.0
2020-11-19 05:00:00,0.0,0.0,0.0
2020-11-19 06:00:00,0.0,0.0,0.15583333333333332
2020-11-19 07:00:00,0.0,132.19293,1.0
2020-11-19 08:00:00,0.0,340.94028,1.0
2020-11-19 09:00:00,0.0,510.45358,1.0
2020-11-19 10:00:00,0.0,620.63464,1.0
2020-11-19 11:00:00,0.0,662.3433,1.0
2020-11-19 12:00:00,0.0,636.4907,1.0
2020-11-19 13:00:00,0.0,540.86475,1.0
2020-11-19 14:00:00,0.0,388.94165,1.0
2020-11-19 15:00:00,0.01,198.29726,1.0
2020-11-19 16:00:00,0.01,28.272615,0.6955555555555556
2020-11-19 17:00:00,0.02,0.0,0.0
2020-11-19 18:00:00,0.01,0.0,0.0
2020-11-19 19:00:00,0.0,0.0,0.0
2020-11-19 20:00:00,0.0,0.0,0.0
2020-11-19 21:00:00,0.0,0.0,0.0
2020-11-19 22:00:00,0.0,0.0,0.0
2020-11-19 23:00:00,0.0,0.0,0.0
2020-11-20 00:00:00,0.0,0.0,0.0
2020-11-20 01:00:00,0.0,0.0,0.0
2020-11-20 02:00:00,0.36,0.0,0.0
2020-11-20 03:00:00,0.47,0.0,0.0
2020-11-20 04:00:00,0.67,0.0,0.0
2020-11-20 05:00:00,0.03,0.0,0.0
2020-11-20 06:00:00,0.1,0.0,0.13722222222222222
2020-11-20 07:00:00,0.38,118.22156,1.0
2020-11-20 08:00:00,0.01,328.6552,1.0
2020-11-20 09:00:00,0.0,496.1609,1.0
2020-11-20 10:00:00,0.0,607.879,1.0
2020-11-20 11:00:00,0.0,649.9521,1.0
2020-11-20 12:00:00,0.15,622.46765,1.0
2020-11-20 13:00:00,0.23,522.2267,1.0
2020-11-20 14:00:00,0.0,379.5182,1.0
2020-11-20 15:00:00,0.57,177.30183,1.0
2020-11-20 16:00:00,0.94,20.082226,0.685
2020-11-20 17:00:00,0.99,0.0,0.0
2020-11-20 18:00:00,0.94,0.0,0.0
2020-11-20 19:00:00,0.94,0.0,0.0
2020-11-20 20:00:00,0.96,0.0,0.0
2020-11-20 21:00:00,0.91,0.0,0.0
2020-11-20 22:00:00,0.79,0.0,0.0
2020-11-20 23:00:00,0.76,0.0,0.0
2020-11-21 00:00:00,0.95,0.0,0.0
2020-11-21 01:00:00,0.95,0.0,0.0
2020-11-21 02:00:00,0.97,0.0,0.0
2020-11-21 03:00:00,0.96,0.0,0.0
2020-11-21 04:00:00,0.73,0.0,0.0
2020-11-21 05:00:00,0.52,0.0,0.0
2020-11-21 06:00:00,0.0,0.0,0.11861111111111111
2020-11-21 07:00:00,0.0,123.98943,1.0
2020-11-21 08:00:00,0.0,328.30328,1.0
2020-11-21 09:00:00,0.0,497.00452,1.0
2020-11-21 10:00:00,0.0,607.2217,1.0
2020-11-21 11:00:00,0.18,625.92035,1.0
2020-11-21 12:00:00,0.21,552.23615,1.0
2020-11-21 13:00:00,0.02,462.05005,1.0
2020-11-21 14:00:00,0.02,376.1011,1.0
2020-11-21 15:00:00,0.01,193.93448,1.0
2020-11-21 16:00:00,0.0,26.116043,0.6747222222222222
2020-11-21 17:00:00,0.18,0.0,0.0
2020-11-21 18:00:00,0.02,0.0,0.0
2020-11-21 19:00:00,0.0,0.0,0.0
2020-11-21 20:00:00,0.0,0.0,0.0
2020-11-21 21:00:00,0.0,0.0,0.0
2020-11-21 22:00:00,0.0,0.0,0.0
2020-11-21 23:00:00,0.0,0.0,0.0
2020-11-22 00:00:00,0.0,0.0,0.0
2020-11-22 01:00:00,0.0,0.0,0.0
2020-11-22 02:00:00,0.01,0.0,0.0
2020-11-22 03:00:00,0.02,0.0,0.0
2020-11-22 04:00:00,0.02,0.0,0.0
2020-11-22 05:00:00,0.01,0.0,0.0
2020-11-22 06:00:00,0.0,0.0,0.1
2020-11-22 07:00:00,0.01,127.35413,1.0
2020-11-22 08:00:00,0.01,344.0142,1.0
2020-11-22 09:00:00,0.0,520.1602,1.0
2020-11-22 10:00:00,0.0,635.3368,1.0
2020-11-22 11:00:00,0.0,681.58325,1.0
2020-11-22 12:00:00,0.0,654.9882,1.0
2020-11-22 13:00:00,0.31,556.25336,1.0
2020-11-22 14:00:00,0.41,394.34808,1.0
2020-11-22 15:00:00,0.7,189.15245,1.0
2020-11-22 16:00:00,0.86,18.612972,0.6652777777777777
2020-11-22 17:00:00,0.42,0.0,0.0
2020-11-22 18:00:00,0.92,0.0,0.0
2020-11-22 19:00:00,1.0,0.0,0.0
2020-11-22 20:00:00,0.9,0.0,0.0
2020-11-22 21:00:00,0.3,0.0,0.0
2020-11-22 22:00:00,0.57,0.0,0.0
2020-11-22 23:00:00,0.6,0.0,0.0
2020-11-23 00:00:00,0.12,0.0,0.0
2020-11-23 01:00:00,0.01,0.0,0.0
2020-11-23 02:00:00,0.01,0.0,0.0
2020-11-23 03:00:00,0.01,0.0,0.0
2020-11-23 04:00:00,0.0,0.0,0.0
2020-11-23 05:00:00,0.2,0.0,0.0
2020-11-23 06:00:00,0.36,0.0,0.08194444444444444
2020-11-23 07:00:00,0.55,104.86975,1.0
2020-11-23 08:00:00,0.68,295.22968,1.0
2020-11-23 09:00:00,0.68,463.39395,1.0
2020-11-23 10:00:00,0.71,591.2541,1.0
2020-11-23 11:00:00,0.89,627.54504,1.0
2020-11-23 12:00:00,0.38,615.13586,1.0
2020-11-23 13:00:00,0.06,524.619,1.0
2020-11-23 14:00:00,0.01,380.3699,1.0
2020-11-23 15:00:00,0.06,192.5507,1.0
2020-11-23 16:00:00,0.1,23.173018,0.6563888888888889
2020-11-23 17:00:00,0.29,0.0,0.0
2020-11-23 18:00:00,0.1,0.0,0.0
2020-11-23 19:00:00,0.01,0.0,0.0
2020-11-23 20:00:00,0.33,0.0,0.0
2020-11-23 21:00:00,0.7,0.0,0.0
2020-11-23 22:00:00,0.89,0.0,0.0
2020-11-23 23:00:00,0.89,0.0,0.0
2020-11-24 00:00:00,0.93,0.0,0.0
2020-11-24 01:00:00,0.95,0.0,0.0
2020-11-24 02:00:00,0.97,0.0,0.0
2020-11-24 03:00:00,0.99,0.0,0.0
2020-11-24 04:00:00,0.96,0.0,0.0
2020-11-24 05:00:00,1.0,0.0,0.0
2020-11-24 06:00:00,1.0,0.0,0.06388888888888888
2020-11-24 07:00:00,1.0,5.963538,1.0
2020-11-24 08:00:00,1.0,42.738693,1.0
2020-11-24 09:00:00,1.0,131.43233,1.0
2020-11-24 10:00:00,1.0,225.32515,1.0
2020-11-24 11:00:00,1.0,305.02863,1.0
2020-11-24 12:00:00,1.0,349.83728,1.0
2020-11-24 13:00:00,0.88,371.40036,1.0
2020-11-24 14:00:00,0.78,299.3487,1.0
2020-11-24 15:00:00,0.45,159.35773,1.0
2020-11-24 16:00:00,0.08,22.631182,0.6480555555555556
2020-11-24 17:00:00,0.15,0.0,0.0
2020-11-24 18:00:00,0.28,0.0,0.0
2020-11-24 19:00:00,0.24,0.0,0.0
2020-11-24 20:00:00,0.1,0.0,0.0
2020-11-24 21:00:00,0.03,0.0,0.0
2020-11-24 22:00:00,0.01,0.0,0.0
2020-11-24 23:00:00,0.0,0.0,0.0
2020-11-25 00:00:00,0.0,0.0,0.0
2020-11-25 01:00:00,0.0,0.0,0.0
2020-11-25 02:00:00,0.0,0.0,0.0
2020-11-25 03:00:00,0.0,0.0,0.0
2020-11-25 04:00:00,0.0,0.0,0.0
2020-11-25 05:00:00,0.0,0.0,0.0
2020-11-25 06:00:00,0.01,0.0,0.04638888888888889
2020-11-25 07:00:00,0.01,115.38391,1.0
2020-11-25 08:00:00,0.02,330.16837,1.0
2020-11-25 09:00:00,0.01,507.0848,1.0
2020-11-25 10:00:00,0.0,625.00586,1.0
2020-11-25 11:00:00,0.0,675.1261,1.0
2020-11-25 12:00:00,0.0,652.3628,1.0
2020-11-25 13:00:00,0.0,555.4985,1.0
2020-11-25 14:00:00,0.0,399.30798,1.0
2020-11-25 15:00:00,0.0,201.94588,1.0
2020-11-25 16:00:00,0.0,25.98412,0.6405555555555555
2020-11-25 17:00:00,0.0,0.0,0.0
2020-11-25 18:00:00,0.0,0.0,0.0
2020-11-25 19:00:00,0.0,0.0,0.0
2020-11-25 20:00:00,0.0,0.0,0.0
2020-11-25 21:00:00,0.0,0.0,0.0
2020-11-25 22:00:00,0.0,0.0,0.0
2020-11-25 23:00:00,0.0,0.0,0.0
2020-11-26 00:00:00,0.0,0.0,0.0
2020-11-26 01:00:00,0.0,0.0,0.0
2020-11-26 02:00:00,0.0,0.0,0.0
2020-11-26 03:00:00,0.0,0.0,0.0
2020-11-26 04:00:00,0.0,0.0,0.0
2020-11-26 05:00:00,0.0,0.0,0.0
2020-11-26 06:00:00,0.32,0.0,0.028888888888888888
2020-11-26 07:00:00,0.51,103.66449,1.0
2020-11-26 08:00:00,0.0,317.79788,1.0
2020-11-26 09:00:00,0.0,491.10596,1.0
2020-11-26 10:00:00,0.01,594.47314,1.0
2020-11-26 11:00:00,0.21,608.9142,1.0
2020-11-26 12:00:00,0.25,589.439,1.0
2020-11-26 13:00:00,0.06,528.78253,1.0
2020-11-26 14:00:00,0.01,373.97427,1.0
2020-11-26 15:00:00,0.28,177.13014,1.0
2020-11-26 16:00:00,0.39,19.433966,0.6333333333333333
2020-11-26 17:00:00,0.51,0.0,0.0
2020-11-26 18:00:00,0.99,0.0,0.0
2020-11-26 19:00:00,0.87,0.0,0.0
2020-11-26 20:00:00,0.92,0.0,0.0
2020-11-26 21:00:00,0.82,0.0,0.0
2020-11-26 22:00:00,0.21,0.0,0.0
2020-11-26 23:00:00,0.21,0.0,0.0
2020-11-27 00:00:00,0.21,0.0,0.0
2020-11-27 01:00:00,0.06,0.0,0.0
2020-11-27 02:00:00,0.01,0.0,0.0
2020-11-27 03:00:00,0.0,0.0,0.0
2020-11-27 04:00:00,0.0,0.0,0.0
2020-11-27 05:00:00,0.0,0.0,0.0
2020-11-27 06:00:00,0.0,0.0,0.011944444444444445
2020-11-27 07:00:00,0.0,104.93683,1.0
2020-11-27 08:00:00,0.0,322.7885,1.0
2020-11-27 09:00:00,0.0,500.7635,1.0
2020-11-27 10:00:00,0.0,619.7843,1.0
2020-11-27 11:00:00,0.0,668.9049,1.0
2020-11-27 12:00:00,0.0,646.0749,1.0
2020-11-27 13:00:00,0.0,553.60046,1.0
2020-11-27 14:00:00,0.0,398.46548,1.0
2020-11-27 15:00:00,0.0,201.06145,1.0
2020-11-27 16:00:00,0.0,24.615639,0.6269444444444444
2020-11-27 17:00:00,0.0,0.0,0.0
2020-11-27 18:00:00,0.0,0.0,0.0
2020-11-27 19:00:00,0.0,0.0,0.0
2020-11-27 20:00:00,0.0,0.0,0.0
2020-11-27 21:00:00,0.0,0.0,0.0
2020-11-27 22:00:00,0.0,0.0,0.0
2020-11-27 23:00:00,0.0,0.0,0.0
2020-11-28 00:00:00,0.0,0.0,0.0
2020-11-28 01:00:00,0.0,0.0,0.0
2020-11-28 02:00:00,0.0,0.0,0.0
2020-11-28 03:00:00,0.0,0.0,0.0
2020-11-28 04:00:00,0.0,0.0,0.0
2020-11-28 05:00:00,0.0,0.0,0.0
2020-11-28 06:00:00,0.0,0.0,0.0
2020-11-28 07:00:00,0.0,102.55265,0.9952777777777778
2020-11-28 08:00:00,0.0,319.49866,1.0
2020-11-28 09:00:00,0.0,495.4004,1.0
2020-11-28 10:00:00,0.0,613.2535,1.0
2020-11-28 11:00:00,0.0,661.1703,1.0
2020-11-28 12:00:00,0.0,637.0938,1.0
2020-11-28 13:00:00,0.0,543.57117,1.0
2020-11-28 14:00:00,0.0,389.20276,1.0
2020-11-28 15:00:00,0.0,194.79184,1.0
2020-11-28 16:00:00,0.0,23.00191,0.6211111111111111
2020-11-28 17:00:00,0.0,0.0,0.0
2020-11-28 18:00:00,0.0,0.0,0.0
2020-11-28 19:00:00,0.0,0.0,0.0
2020-11-28 20:00:00,0.0,0.0,0.0
2020-11-28 21:00:00,0.0,0.0,0.0
2020-11-28 22:00:00,0.0,0.0,0.0
2020-11-28 23:00:00,0.0,0.0,0.0
2020-11-29 00:00:00,0.0,0.0,0.0
2020-11-29 01:00:00,0.0,0.0,0.0
2020-11-29 02:00:00,0.0,0.0,0.0
2020-11-29 03:00:00,0.0,0.0,0.0
2020-11-29 04:00:00,0.0,0.0,0.0
2020-11-29 05:00:00,0.01,0.0,0.0
2020-11-29 06:00:00,0.39,0.0,0.0
2020-11-29 07:00:00,0.17,75.56111,0.9788888888888889
2020-11-29 08:00:00,0.31,254.31903,1.0
2020-11-29 09:00:00,0.32,458.85782,1.0
2020-11-29 10:00:00,0.01,592.11346,1.0
2020-11-29 11:00:00,0.0,644.00397,1.0
2020-11-29 12:00:00,0.0,623.039,1.0
2020-11-29 13:00:00,0.0,533.61176,1.0
2020-11-29 14:00:00,0.0,381.8539,1.0
2020-11-29 15:00:00,0.0,189.83327,1.0
2020-11-29 16:00:00,0.0,22.342207,0.6161111111111112
2020-11-29 17:00:00,0.0,0.0,0.0
2020-11-29 18:00:00,0.0,0.0,0.0
2020-11-29 19:00:00,0.0,0.0,0.0
2020-11-29 20:00:00,0.0,0.0,0.0
2020-11-29 21:00:00,0.0,0.0,0.0
2020-11-29 22:00:00,0.0,0.0,0.0
2020-11-29 23:00:00,0.0,0.0,0.0
2020-11-30 00:00:00,0.0,0.0,0.0
2020-11-30 01:00:00,0.0,0.0,0.0
2020-11-30 02:00:00,0.0,0.0,0.0
2020-11-30 03:00:00,0.0,0.0,0.0
2020-11-30 04:00:00,0.0,0.0,0.0
2020-11-30 05:00:00,0.0,0.0,0.0
2020-11-30 06:00:00,0.0,0.0,0.0
2020-11-30 07:00:00,0.0,98.64165,0.9625
2020-11-30 08:00:00,0.0,317.94986,1.0
2020-11-30 09:00:00,0.0,496.94397,1.0
2020-11-30 10:00:00,0.0,616.1983,1.0
2020-11-30 11:00:00,0.0,666.1201,1.0
2020-11-30 12:00:00,0.0,642.10156,1.0
2020-11-30 13:00:00,0.0,548.39984,1.0
2020-11-30 14:00:00,0.0,393.61975,1.0
2020-11-30 15:00:00,0.0,197.85313,1.0
2020-11-30 16:00:00,0.0,23.28553,0.6116666666666667
2020-11-30 17:00:00,0.0,0.0,0.0
2020-11-30 18:00:00,0.0,0.0,0.0
2020-11-30 19:00:00,0.0,0.0,0.0
2020-11-30 20:00:00,0.0,0.0,0.0
2020-11-30 21:00:00,0.99,0.0,0.0
2020-11-30 22:00:00,1.0,0.0,0.0
2020-11-30 23:00:00,0.01,0.0,0.0
2020-12-01 00:00:00,1.0,0.0,0.0
2020-12-01 01:00:00,1.0,0.0,0.0
2020-12-01 02:00:00,1.0,0.0,0.0
2020-12-01 03:00:00,0.99,0.0,0.0
2020-12-01 04:00:00,1.0,0.0,0.0
2020-12-01 05:00:00,1.0,0.0,0.0
2020-12-01 06:00:00,0.91,0.0,0.0
2020-12-01 07:00:00,1.0,41.544632,0.9463888888888888
2020-12-01 08:00:00,1.0,70.7763,1.0
2020-12-01 09:00:00,1.0,72.55638,1.0
2020-12-01 10:00:00,1.0,174.64822,1.0
2020-12-01 11:00:00,1.0,424.21906,1.0
2020-12-01 12:00:00,0.98,562.10944,1.0
2020-12-01 13:00:00,0.51,307.53442,1.0
2020-12-01 14:00:00,0.97,160.02618,1.0
2020-12-01 15:00:00,0.98,71.000626,1.0
2020-12-01 16:00:00,0.98,4.9696155,0.6077777777777778
2020-12-01 17:00:00,1.0,0.0,0.0
2020-12-01 18:00:00,0.9,0.0,0.0
2020-12-01 19:00:00,0.91,0.0,0.0
2020-12-01 20:00:00,0.89,0.0,0.0
2020-12-01 21:00:00,0.95,0.0,0.0
2020-12-01 22:00:00,0.96,0.0,0.0
2020-12-01 23:00:00,0.94,0.0,0.0
2020-12-02 00:00:00,0.97,0.0,0.0
2020-12-02 01:00:00,0.88,0.0,0.0
2020-12-02 02:00:00,0.58,0.0,0.0
2020-12-02 03:00:00,0.26,0.0,0.0
2020-12-02 04:00:00,0.16,0.0,0.0
2020-12-02 05:00:00,0.05,0.0,0.0
2020-12-02 06:00:00,0.04,0.0,0.0
2020-12-02 07:00:00,0.75,76.89507,0.9302777777777778
2020-12-02 08:00:00,0.88,236.3616,1.0
2020-12-02 09:00:00,0.55,448.67813,1.0
2020-12-02 10:00:00,0.93,517.0741,1.0
2020-12-02 11:00:00,0.96,419.7286,1.0
2020-12-02 12:00:00,0.73,483.80542,1.0
2020-12-02 13:00:00,0.96,407.83798,1.0
2020-12-02 14:00:00,0.96,266.469,1.0
2020-12-02 15:00:00,0.95,119.07709,1.0
2020-12-02 16:00:00,0.87,14.472623,0.6047222222222223
2020-12-02 17:00:00,0.3,0.0,0.0
2020-12-02 18:00:00,0.71,0.0,0.0
2020-12-02 19:00:00,0.57,0.0,0.0
2020-12-02 20:00:00,0.43,0.0,0.0
2020-12-02 21:00:00,0.19,0.0,0.0
2020-12-02 22:00:00,0.08,0.0,0.0
2020-12-02 23:00:00,0.32,0.0,0.0
2020-12-03 00:00:00,0.25,0.0,0.0
2020-12-03 01:00:00,0.3,0.0,0.0
2020-12-03 02:00:00,0.0,0.0,0.0
2020-12-03 03:00:00,0.0,0.0,0.0
2020-12-03 04:00:00,0.0,0.0,0.0
2020-12-03 05:00:00,0.0,0.0,0.0
2020-12-03 06:00:00,0.0,0.0,0.0
2020-12-03 07:00:00,0.0,83.52833,0.9144444444444444
2020-12-03 08:00:00,0.0,298.98254,1.0
2020-12-03 09:00:00,0.0,476.5134,1.0
2020-12-03 10:00:00,0.0,596.4851,1.0
2020-12-03 11:00:00,0.0,648.2888,1.0
2020-12-03 12:00:00,0.0,626.5276,1.0
2020-12-03 13:00:00,0.0,536.46643,1.0
2020-12-03 14:00:00,0.0,383.83652,1.0
2020-12-03 15:00:00,0.0,190.87587,1.0
2020-12-03 16:00:00,0.0,22.659992,0.6022222222222222
2020-12-03 17:00:00,0.0,0.0,0.0
2020-12-03 18:00:00,0.0,0.0,0.0
2020-12-03 19:00:00,0.0,0.0,0.0
2020-12-03 20:00:00,0.0,0.0,0.0
2020-12-03 21:00:00,0.0,0.0,0.0
2020-12-03 22:00:00,0.0,0.0,0.0
2020-12-03 23:00:00,0.0,0.0,0.0
2020-12-04 00:00:00,0.0,0.0,0.0
2020-12-04 01:00:00,0.0,0.0,0.0
2020-12-04 02:00:00,0.0,0.0,0.0
2020-12-04 03:00:00,0.0,0.0,0.0
2020-12-04 04:00:00,0.0,0.0,0.0
2020-12-04 05:00:00,0.0,0.0,0.0
2020-12-04 06:00:00,0.0,0.0,0.0
2020-12-04 07:00:00,0.0,78.28941,0.8986111111111111
2020-12-04 08:00:00,0.0,287.713,1.0
2020-12-04 09:00:00,0.0,462.67142,1.0
2020-12-04 10:00:00,0.0,580.55975,1.0
2020-12-04 11:00:00,0.0,631.0926,1.0
2020-12-04 12:00:00,0.0,609.8088,1.0
2020-12-04 13:00:00,0.0,520.6924,1.0
2020-12-04 14:00:00,0.0,372.61993,1.0
2020-12-04 15:00:00,0.0,184.66473,1.0
2020-12-04 16:00:00,0.0,20.898909,0.6002777777777778
2020-12-04 17:00:00,0.0,0.0,0.0
2020-12-04 18:00:00,0.0,0.0,0.0
2020-12-04 19:00:00,0.0,0.0,0.0
2020-12-04 20:00:00,0.0,0.0,0.0
2020-12-04 21:00:00,0.0,0.0,0.0
2020-12-04 22:00:00,0.0,0.0,0.0
2020-12-04 23:00:00,0.0,0.0,0.0
2020-12-05 00:00:00,0.0,0.0,0.0
2020-12-05 01:00:00,0.0,0.0,0.0
2020-12-05 02:00:00,0.0,0.0,0.0
2020-12-05 03:00:00,0.0,0.0,0.0
2020-12-05 04:00:00,0.0,0.0,0.0
2020-12-05 05:00:00,0.0,0.0,0.0
2020-12-05 06:00:00,0.0,0.0,0.0
2020-12-05 07:00:00,0.0,76.480644,0.8830555555555556
2020-12-05 08:00:00,0.0,285.41248,1.0
2020-12-05 09:00:00,0.0,459.87683,1.0
2020-12-05 10:00:00,0.0,577.7873,1.0
2020-12-05 11:00:00,0.0,628.61804,1.0
2020-12-05 12:00:00,0.0,607.95776,1.0
2020-12-05 13:00:00,0.0,517.7663,1.0
2020-12-05 14:00:00,0.0,370.86523,1.0
2020-12-05 15:00:00,0.0,183.66235,1.0
2020-12-05 16:00:00,0.0,20.984457,0.5991666666666666
2020-12-05 17:00:00,0.0,0.0,0.0
2020-12-05 18:00:00,0.0,0.0,0.0
2020-12-05 19:00:00,0.01,0.0,0.0
2020-12-05 20:00:00,0.0,0.0,0.0
2020-12-05 21:00:00,0.0,0.0,0.0
2020-12-05 22:00:00,0.37,0.0,0.0
2020-12-05 23:00:00,0.84,0.0,0.0
2020-12-06 00:00:00,0.52,0.0,0.0
2020-12-06 01:00:00,0.51,0.0,0.0
2020-12-06 02:00:00,0.55,0.0,0.0
2020-12-06 03:00:00,0.37,0.0,0.0
2020-12-06 04:00:00,0.0,0.0,0.0
2020-12-06 05:00:00,0.0,0.0,0.0
2020-12-06 06:00:00,0.0,0.0,0.0
2020-12-06 07:00:00,0.01,74.61871,0.8677777777777778
2020-12-06 08:00:00,0.48,285.07578,1.0
2020-12-06 09:00:00,0.0,462.3969,1.0
2020-12-06 10:00:00,0.0,581.42053,1.0
2020-12-06 11:00:00,0.0,632.0512,1.0
2020-12-06 12:00:00,0.0,611.5588,1.0
2020-12-06 13:00:00,0.0,523.55927,1.0
2020-12-06 14:00:00,0.28,374.34583,1.0
2020-12-06 15:00:00,0.0,186.47379,1.0
2020-12-06 16:00:00,0.0,21.061546,0.5986111111111111
2020-12-06 17:00:00,0.0,0.0,0.0
2020-12-06 18:00:00,0.0,0.0,0.0
2020-12-06 19:00:00,0.0,0.0,0.0
2020-12-06 20:00:00,0.0,0.0,0.0
2020-12-06 21:00:00,0.0,0.0,0.0
2020-12-06 22:00:00,0.0,0.0,0.0
2020-12-06 23:00:00,0.0,0.0,0.0
2020-12-07 00:00:00,0.0,0.0,0.0
2020-12-07 01:00:00,0.0,0.0,0.0
2020-12-07 02:00:00,0.0,0.0,0.0
2020-12-07 03:00:00,0.0,0.0,0.0
2020-12-07 04:00:00,0.0,0.0,0.0
2020-12-07 05:00:00,0.0,0.0,0.0
2020-12-07 06:00:00,0.0,0.0,0.0
2020-12-07 07:00:00,0.0,71.70857,0.8527777777777777
2020-12-07 08:00:00,0.0,283.71686,1.0
2020-12-07 09:00:00,0.0,462.44818,1.0
2020-12-07 10:00:00,0.0,584.0381,1.0
2020-12-07 11:00:00,0.0,638.42456,1.0
2020-12-07 12:00:00,0.0,621.6285,1.0
2020-12-07 13:00:00,0.0,533.21814,1.0
2020-12-07 14:00:00,0.0,382.7586,1.0
2020-12-07 15:00:00,0.0,191.57109,1.0
2020-12-07 16:00:00,0.0,23.02573,0.5986111111111111
2020-12-07 17:00:00,0.0,0.0,0.0
2020-12-07 18:00:00,0.0,0.0,0.0
2020-12-07 19:00:00,0.0,0.0,0.0
2020-12-07 20:00:00,0.0,0.0,0.0
2020-12-07 21:00:00,0.0,0.0,0.0
2020-12-07 22:00:00,0.0,0.0,0.0
2020-12-07 23:00:00,0.0,0.0,0.0
2020-12-08 00:00:00,0.13,0.0,0.0
2020-12-08 01:00:00,0.76,0.0,0.0
2020-12-08 02:00:00,0.06,0.0,0.0
2020-12-08 03:00:00,0.17,0.0,0.0
2020-12-08 04:00:00,0.0,0.0,0.0
2020-12-08 05:00:00,0.0,0.0,0.0
2020-12-08 06:00:00,0.0,0.0,0.0
2020-12-08 07:00:00,0.0,72.36261,0.8380555555555556
2020-12-08 08:00:00,0.0,289.4441,1.0
2020-12-08 09:00:00,0.01,468.3729,1.0
2020-12-08 10:00:00,0.19,581.535,1.0
2020-12-08 11:00:00,0.11,643.13043,1.0
2020-12-08 12:00:00,0.0,621.97327,1.0
2020-12-08 13:00:00,0.0,531.1856,1.0
2020-12-08 14:00:00,0.0,381.5728,1.0
2020-12-08 15:00:00,0.0,191.45625,1.0
2020-12-08 16:00:00,0.0,23.09246,0.5991666666666666
2020-12-08 17:00:00,0.0,0.0,0.0
2020-12-08 18:00:00,0.0,0.0,0.0
2020-12-08 19:00:00,0.0,0.0,0.0
2020-12-08 20:00:00,0.0,0.0,0.0
2020-12-08 21:00:00,0.0,0.0,0.0
2020-12-08 22:00:00,0.0,0.0,0.0
2020-12-08 23:00:00,0.0,0.0,0.0
2020-12-09 00:00:00,0.0,0.0,0.0
2020-12-09 01:00:00,0.0,0.0,0.0
2020-12-09 02:00:00,0.0,0.0,0.0
2020-12-09 03:00:00,0.0,0.0,0.0
2020-12-09 04:00:00,0.0,0.0,0.0
2020-12-09 05:00:00,0.0,0.0,0.0
2020-12-09 06:00:00,0.0,0.0,0.0
2020-12-09 07:00:00,0.0,70.358345,0.8238888888888889
2020-12-09 08:00:00,0.0,292.47565,1.0
2020-12-09 09:00:00,0.0,478.61584,1.0
2020-12-09 10:00:00,0.0,602.13715,1.0
2020-12-09 11:00:00,0.0,657.07074,1.0
2020-12-09 12:00:00,0.0,635.59955,1.0
2020-12-09 13:00:00,0.0,542.4017,1.0
2020-12-09 14:00:00,0.0,387.29083,1.0
2020-12-09 15:00:00,0.0,192.18864,1.0
2020-12-09 16:00:00,0.0,23.148376,0.6002777777777778
2020-12-09 17:00:00,0.0,0.0,0.0
2020-12-09 18:00:00,0.01,0.0,0.0
2020-12-09 19:00:00,0.12,0.0,0.0
2020-12-09 20:00:00,0.07,0.0,0.0
2020-12-09 21:00:00,0.87,0.0,0.0
2020-12-09 22:00:00,0.44,0.0,0.0
2020-12-09 23:00:00,0.72,0.0,0.0
2020-12-10 00:00:00,0.74,0.0,0.0
2020-12-10 01:00:00,0.92,0.0,0.0
2020-12-10 02:00:00,0.92,0.0,0.0
2020-12-10 03:00:00,0.95,0.0,0.0
2020-12-10 04:00:00,0.94,0.0,0.0
2020-12-10 05:00:00,0.9,0.0,0.0
2020-12-10 06:00:00,0.84,0.0,0.0
2020-12-10 07:00:00,0.73,44.43357,0.81
2020-12-10 08:00:00,0.99,175.76225,1.0
2020-12-10 09:00:00,1.0,278.5683,1.0
2020-12-10 10:00:00,1.0,303.70203,1.0
2020-12-10 11:00:00,1.0,279.92728,1.0
2020-12-10 12:00:00,1.0,229.43533,1.0
2020-12-10 13:00:00,1.0,196.49532,1.0
2020-12-10 14:00:00,1.0,158.70262,1.0
2020-12-10 15:00:00,1.0,46.168755,1.0
2020-12-10 16:00:00,1.0,6.9574614,0.6019444444444444
2020-12-10 17:00:00,1.0,0.0,0.0
2020-12-10 18:00:00,1.0,0.0,0.0
2020-12-10 19:00:00,1.0,0.0,0.0
2020-12-10 20:00:00,1.0,0.0,0.0
2020-12-10 21:00:00,1.0,0.0,0.0
2020-12-10 22:00:00,1.0,0.0,0.0
2020-12-10 23:00:00,1.0,0.0,0.0
2020-12-11 00:00:00,1.0,0.0,0.0
2020-12-11 01:00:00,1.0,0.0,0.0
2020-12-11 02:00:00,1.0,0.0,0.0
2020-12-11 03:00:00,1.0,0.0,0.0
2020-12-11 04:00:00,1.0,0.0,0.0
2020-12-11 05:00:00,0.98,0.0,0.0
2020-12-11 06:00:00,0.99,0.0,0.0
2020-12-11 07:00:00,0.99,17.350775,0.7966666666666666
2020-12-11 08:00:00,0.99,88.92872,1.0
2020-12-11 09:00:00,0.99,125.02838,1.0
2020-12-11 10:00:00,1.0,164.334,1.0
2020-12-11 11:00:00,1.0,184.87804,1.0
2020-12-11 12:00:00,1.0,201.44922,1.0
2020-12-11 13:00:00,0.99,173.72128,1.0
2020-12-11 14:00:00,1.0,190.90799,1.0
2020-12-11 15:00:00,1.0,101.42079,1.0
2020-12-11 16:00:00,0.98,8.806279,0.6044444444444445
2020-12-11 17:00:00,0.95,0.0,0.0
2020-12-11 18:00:00,0.96,0.0,0.0
2020-12-11 19:00:00,0.91,0.0,0.0
2020-12-11 20:00:00,0.92,0.0,0.0
2020-12-11 21:00:00,0.84,0.0,0.0
2020-12-11 22:00:00,0.55,0.0,0.0
2020-12-11 23:00:00,0.02,0.0,0.0
2020-12-12 00:00:00,0.01,0.0,0.0
2020-12-12 01:00:00,0.04,0.0,0.0
2020-12-12 02:00:00,0.19,0.0,0.0
2020-12-12 03:00:00,0.1,0.0,0.0
2020-12-12 04:00:00,0.01,0.0,0.0
2020-12-12 05:00:00,0.3,0.0,0.0
2020-12-12 06:00:00,0.95,0.0,0.0
2020-12-12 07:00:00,0.99,10.933154,0.7836111111111111
2020-12-12 08:00:00,1.0,46.714386,1.0
2020-12-12 09:00:00,1.0,119.645096,1.0
2020-12-12 10:00:00,1.0,227.42206,1.0
2020-12-12 11:00:00,0.99,447.6707,1.0
2020-12-12 12:00:00,0.99,517.27875,1.0
2020-12-12 13:00:00,1.0,313.8413,1.0
2020-12-12 14:00:00,1.0,177.6525,1.0
2020-12-12 15:00:00,1.0,88.36755,1.0
2020-12-12 16:00:00,1.0,3.9756923,0.6072222222222222
2020-12-12 17:00:00,1.0,0.0,0.0
2020-12-12 18:00:00,0.99,0.0,0.0
2020-12-12 19:00:00,1.0,0.0,0.0
2020-12-12 20:00:00,1.0,0.0,0.0
2020-12-12 21:00:00,1.0,0.0,0.0
2020-12-12 22:00:00,1.0,0.0,0.0
2020-12-12 23:00:00,1.0,0.0,0.0
2020-12-13 00:00:00,0.98,0.0,0.0
2020-12-13 01:00:00,0.11,0.0,0.0
2020-12-13 02:00:00,0.33,0.0,0.0
2020-12-13 03:00:00,0.02,0.0,0.0
2020-12-13 04:00:00,0.07,0.0,0.0
2020-12-13 05:00:00,0.32,0.0,0.0
2020-12-13 06:00:00,0.16,0.0,0.0
2020-12-13 07:00:00,0.04,56.958733,0.7713888888888889
2020-12-13 08:00:00,0.02,266.90384,1.0
2020-12-13 09:00:00,0.01,454.2539,1.0
2020-12-13 10:00:00,0.0,582.5253,1.0
2020-12-13 11:00:00,0.0,638.9281,1.0
2020-12-13 12:00:00,0.0,620.4368,1.0
2020-12-13 13:00:00,0.06,533.4422,1.0
2020-12-13 14:00:00,0.38,384.2602,1.0
2020-12-13 15:00:00,0.0,194.46957,1.0
2020-12-13 16:00:00,0.22,22.337378,0.6108333333333333
2020-12-13 17:00:00,1.0,0.0,0.0
2020-12-13 18:00:00,0.71,0.0,0.0
2020-12-13 19:00:00,0.23,0.0,0.0
2020-12-13 20:00:00,0.28,0.0,0.0
2020-12-13 21:00:00,0.42,0.0,0.0
2020-12-13 22:00:00,0.41,0.0,0.0
2020-12-13 23:00:00,0.0,0.0,0.0
2020-12-14 00:00:00,0.16,0.0,0.0
2020-12-14 01:00:00,0.26,0.0,0.0
2020-12-14 02:00:00,0.49,0.0,0.0
2020-12-14 03:00:00,0.84,0.0,0.0
2020-12-14 04:00:00,0.84,0.0,0.0
2020-12-14 05:00:00,0.2,0.0,0.0
2020-12-14 06:00:00,0.0,0.0,0.0
2020-12-14 07:00:00,0.48,45.4284,0.7594444444444445
2020-12-14 08:00:00,0.84,186.78862,1.0
2020-12-14 09:00:00,0.88,346.48148,1.0
2020-12-14 10:00:00,0.86,423.82657,1.0
2020-12-14 11:00:00,0.88,471.47806,1.0
2020-12-14 12:00:00,0.93,316.79556,1.0
2020-12-14 13:00:00,0.93,286.414,1.0
2020-12-14 14:00:00,0.9,245.24393,1.0
2020-12-14 15:00:00,0.94,99.0646,1.0
2020-12-14 16:00:00,0.99,6.9574614,0.6147222222222222
2020-12-14 17:00:00,0.99,0.0,0.0
2020-12-14 18:00:00,1.0,0.0,0.0
2020-12-14 19:00:00,1.0,0.0,0.0
2020-12-14 20:00:00,1.0,0.0,0.0
2020-12-14 21:00:00,1.0,0.0,0.0
2020-12-14 22:00:00,1.0,0.0,0.0
2020-12-14 23:00:00,1.0,0.0,0.0
2020-12-15 00:00:00,1.0,0.0,0.0
2020-12-15 01:00:00,1.0,0.0,0.0
2020-12-15 02:00:00,1.0,0.0,0.0
2020-12-15 03:00:00,1.0,0.0,0.0
2020-12-15 04:00:00,1.0,0.0,0.0
2020-12-15 05:00:00,1.0,0.0,0.0
2020-12-15 06:00:00,0.96,0.0,0.0
2020-12-15 07:00:00,0.98,17.560736,0.7480555555555556
2020-12-15 08:00:00,0.96,106.7096,1.0
2020-12-15 09:00:00,0.94,203.83115,1.0
2020-12-15 10:00:00,0.88,344.09088,1.0
2020-12-15 11:00:00,0.88,435.02744,1.0
2020-12-15 12:00:00,0.57,580.7186,1.0
2020-12-15 13:00:00,0.13,512.0058,1.0
2020-12-15 14:00:00,0.26,361.9882,1.0
2020-12-15 15:00:00,0.25,187.43706,1.0
2020-12-15 16:00:00,0.15,22.332668,0.6191666666666666
2020-12-15 17:00:00,0.23,0.0,0.0
2020-12-15 18:00:00,0.16,0.0,0.0
2020-12-15 19:00:00,0.08,0.0,0.0
2020-12-15 20:00:00,0.11,0.0,0.0
2020-12-15 21:00:00,0.13,0.0,0.0
2020-12-15 22:00:00,0.26,0.0,0.0
2020-12-15 23:00:00,0.36,0.0,0.0
2020-12-16 00:00:00,0.46,0.0,0.0
2020-12-16 01:00:00,0.67,0.0,0.0
2020-12-16 02:00:00,0.87,0.0,0.0
2020-12-16 03:00:00,1.0,0.0,0.0
2020-12-16 04:00:00,0.93,0.0,0.0
2020-12-16 05:00:00,0.99,0.0,0.0
2020-12-16 06:00:00,0.96,0.0,0.0
2020-12-16 07:00:00,0.92,24.284037,0.7372222222222222
2020-12-16 08:00:00,1.0,134.76862,1.0
2020-12-16 09:00:00,1.0,267.19785,1.0
2020-12-16 10:00:00,0.97,387.39374,1.0
2020-12-16 11:00:00,0.98,405.85126,1.0
2020-12-16 12:00:00,0.81,497.30188,1.0
2020-12-16 13:00:00,0.52,432.74402,1.0
2020-12-16 14:00:00,0.68,310.70718,1.0
2020-12-16 15:00:00,0.83,151.3883,1.0
2020-12-16 16:00:00,0.78,17.550938,0.6241666666666666
2020-12-16 17:00:00,0.73,0.0,0.0
2020-12-16 18:00:00,0.6,0.0,0.0
2020-12-16 19:00:00,0.64,0.0,0.0
2020-12-16 20:00:00,0.43,0.0,0.0
2020-12-16 21:00:00,0.4,0.0,0.0
2020-12-16 22:00:00,0.46,0.0,0.0
2020-12-16 23:00:00,0.78,0.0,0.0
2020-12-17 00:00:00,0.69,0.0,0.0
2020-12-17 01:00:00,0.42,0.0,0.0
2020-12-17 02:00:00,0.15,0.0,0.0
2020-12-17 03:00:00,0.02,0.0,0.0
2020-12-17 04:00:00,0.01,0.0,0.0
2020-12-17 05:00:00,0.78,0.0,0.0
2020-12-17 06:00:00,0.65,0.0,0.0
2020-12-17 07:00:00,1.0,47.163895,0.7272222222222222
2020-12-17 08:00:00,0.78,228.2975,1.0
2020-12-17 09:00:00,0.8,389.1165,1.0
2020-12-17 10:00:00,0.93,478.63974,1.0
2020-12-17 11:00:00,1.0,272.07574,1.0
2020-12-17 12:00:00,1.0,291.74402,1.0
2020-12-17 13:00:00,0.98,216.36308,1.0
2020-12-17 14:00:00,0.96,175.38943,1.0
2020-12-17 15:00:00,0.97,114.3579,1.0
2020-12-17 16:00:00,0.98,10.862086,0.6297222222222222
2020-12-17 17:00:00,0.98,0.0,0.0
2020-12-17 18:00:00,1.0,0.0,0.0
2020-12-17 19:00:00,0.48,0.0,0.0
2020-12-17 20:00:00,0.92,0.0,0.0
2020-12-17 21:00:00,0.99,0.0,0.0
2020-12-17 22:00:00,0.83,0.0,0.0
2020-12-17 23:00:00,0.0,0.0,0.0
2020-12-18 00:00:00,0.0,0.0,0.0
2020-12-18 01:00:00,0.0,0.0,0.0
2020-12-18 02:00:00,0.0,0.0,0.0
2020-12-18 03:00:00,0.0,0.0,0.0
2020-12-18 04:00:00,0.19,0.0,0.0
2020-12-18 05:00:00,0.49,0.0,0.0
2020-12-18 06:00:00,0.48,0.0,0.0
2020-12-18 07:00:00,0.94,22.471855,0.7177777777777777
2020-12-18 08:00:00,1.0,59.035675,1.0
2020-12-18 09:00:00,1.0,164.4199,1.0
2020-12-18 10:00:00,1.0,290.73984,1.0
2020-12-18 11:00:00,0.94,258.37592,1.0
2020-12-18 12:00:00,1.0,112.31331,1.0
2020-12-18 13:00:00,1.0,131.14102,1.0
2020-12-18 14:00:00,0.92,122.34632,1.0
2020-12-18 15:00:00,0.84,83.322975,1.0
2020-12-18 16:00:00,0.68,13.688951,0.6358333333333334
2020-12-18 17:00:00,0.66,0.0,0.0
2020-12-18 18:00:00,0.62,0.0,0.0
2020-12-18 19:00:00,0.39,0.0,0.0
2020-12-18 20:00:00,0.14,0.0,0.0
2020-12-18 21:00:00,0.08,0.0,0.0
2020-12-18 22:00:00,0.1,0.0,0.0
2020-12-18 23:00:00,0.22,0.0,0.0
2020-12-19 00:00:00,0.27,0.0,0.0
2020-12-19 01:00:00,0.38,0.0,0.0
2020-12-19 02:00:00,0.36,0.0,0.0
2020-12-19 03:00:00,0.17,0.0,0.0
2020-12-19 04:00:00,0.17,0.0,0.0
2020-12-19 05:00:00,0.18,0.0,0.0
2020-12-19 06:00:00,0.09,0.0,0.0
2020-12-19 07:00:00,0.13,42.80437,0.7091666666666666
2020-12-19 08:00:00,0.12,234.64159,1.0
2020-12-19 09:00:00,0.09,416.63913,1.0
2020-12-19 10:00:00,0.73,429.16275,1.0
2020-12-19 11:00:00,0.51,577.17206,1.0
2020-12-19 12:00:00,0.9,533.2286,1.0
2020-12-19 13:00:00,0.93,437.7621,1.0
2020-12-19 14:00:00,0.02,375.5032,1.0
2020-12-19 15:00:00,0.21,187.196,1.0
2020-12-19 16:00:00,0.1,24.121702,0.6425
2020-12-19 17:00:00,0.18,0.0,0.0
2020-12-19 18:00:00,0.48,0.0,0.0
2020-12-19 19:00:00,0.05,0.0,0.0
2020-12-19 20:00:00,0.19,0.0,0.0
2020-12-19 21:00:00,0.95,0.0,0.0
2020-12-19 22:00:00,0.86,0.0,0.0
2020-12-19 23:00:00,0.78,0.0,0.0
2020-12-20 00:00:00,0.75,0.0,0.0
2020-12-20 01:00:00,0.73,0.0,0.0
2020-12-20 02:00:00,0.23,0.0,0.0
2020-12-20 03:00:00,0.35,0.0,0.0
2020-12-20 04:00:00,0.21,0.0,0.0
2020-12-20 05:00:00,0.03,0.0,0.0
2020-12-20 06:00:00,0.66,0.0,0.0
2020-12-20 07:00:00,0.72,35.253674,0.7008333333333333
2020-12-20 08:00:00,1.0,163.67163,1.0
2020-12-20 09:00:00,0.95,268.37347,1.0
2020-12-20 10:00:00,0.87,480.79037,1.0
2020-12-20 11:00:00,1.0,398.8769,1.0
2020-12-20 12:00:00,0.86,461.50146,1.0
2020-12-20 13:00:00,0.86,419.45816,1.0
2020-12-20 14:00:00,0.46,315.47174,1.0
2020-12-20 15:00:00,0.57,156.45132,1.0
2020-12-20 16:00:00,0.96,20.260698,0.6497222222222222
2020-12-20 17:00:00,1.0,0.0,0.0
2020-12-20 18:00:00,0.75,0.0,0.0
2020-12-20 19:00:00,0.97,0.0,0.0
2020-12-20 20:00:00,0.94,0.0,0.0
2020-12-20 21:00:00,1.0,0.0,0.0
2020-12-20 22:00:00,0.77,0.0,0.0
2020-12-20 23:00:00,0.88,0.0,0.0
2020-12-21 00:00:00,0.92,0.0,0.0
2020-12-21 01:00:00,0.81,0.0,0.0
2020-12-21 02:00:00,0.74,0.0,0.0
2020-12-21 03:00:00,0.92,0.0,0.0
2020-12-21 04:00:00,1.0,0.0,0.0
2020-12-21 05:00:00,1.0,0.0,0.0
2020-12-21 06:00:00,1.0,0.0,0.0
2020-12-21 07:00:00,0.73,31.477375,0.6927777777777778
2020-12-21 08:00:00,0.84,182.2255,1.0
2020-12-21 09:00:00,0.83,325.27408,1.0
2020-12-21 10:00:00,1.0,342.9049,1.0
2020-12-21 11:00:00,0.99,312.24728,1.0
2020-12-21 12:00:00,0.99,365.91644,1.0
2020-12-21 13:00:00,0.99,372.46478,1.0
2020-12-21 14:00:00,0.94,311.10095,1.0
2020-12-21 15:00:00,1.0,170.72159,1.0
2020-12-21 16:00:00,1.0,22.194218,0.6577777777777778
2020-12-21 17:00:00,0.04,0.0,0.0
2020-12-21 18:00:00,0.02,0.0,0.0
2020-12-21 19:00:00,0.01,0.0,0.0
2020-12-21 20:00:00,0.0,0.0,0.0
2020-12-21 21:00:00,0.0,0.0,0.0
2020-12-21 22:00:00,0.0,0.0,0.0
2020-12-21 23:00:00,0.0,0.0,0.0
2020-12-22 00:00:00,0.0,0.0,0.0
2020-12-22 01:00:00,0.0,0.0,0.0
2020-12-22 02:00:00,0.0,0.0,0.0
2020-12-22 03:00:00,0.0,0.0,0.0
2020-12-22 04:00:00,0.0,0.0,0.0
2020-12-22 05:00:00,0.0,0.0,0.0
2020-12-22 06:00:00,0.31,0.0,0.0
2020-12-22 07:00:00,0.72,31.633474,0.6852777777777778
2020-12-22 08:00:00,0.24,226.49481,1.0
2020-12-22 09:00:00,0.0,434.50635,1.0
2020-12-22 10:00:00,0.0,556.567,1.0
2020-12-22 11:00:00,0.0,613.37494,1.0
2020-12-22 12:00:00,0.0,602.13464,1.0
2020-12-22 13:00:00,0.0,523.975,1.0
2020-12-22 14:00:00,0.0,381.9031,1.0
2020-12-22 15:00:00,0.0,199.89784,1.0
2020-12-22 16:00:00,0.22,26.790197,0.6663888888888889
2020-12-22 17:00:00,0.4,0.0,0.0
2020-12-22 18:00:00,0.86,0.0,0.0
2020-12-22 19:00:00,0.6,0.0,0.0
2020-12-22 20:00:00,0.04,0.0,0.0
2020-12-22 21:00:00,1.0,0.0,0.0
2020-12-22 22:00:00,0.09,0.0,0.0
2020-12-22 23:00:00,0.02,0.0,0.0
2020-12-23 00:00:00,0.52,0.0,0.0
2020-12-23 01:00:00,1.0,0.0,0.0
2020-12-23 02:00:00,0.0,0.0,0.0
2020-12-23 03:00:00,0.0,0.0,0.0
2020-12-23 04:00:00,0.04,0.0,0.0
2020-12-23 05:00:00,0.17,0.0,0.0
2020-12-23 06:00:00,0.25,0.0,0.0
2020-12-23 07:00:00,0.0,41.64018,0.6780555555555555
2020-12-23 08:00:00,0.22,244.82463,1.0
2020-12-23 09:00:00,0.44,396.80145,1.0
2020-12-23 10:00:00,0.32,523.172,1.0
2020-12-23 11:00:00,0.69,575.98364,1.0
2020-12-23 12:00:00,0.35,569.32996,1.0
2020-12-23 13:00:00,0.35,477.91,1.0
2020-12-23 14:00:00,0.12,378.0091,1.0
2020-12-23 15:00:00,0.03,203.23427,1.0
2020-12-23 16:00:00,0.18,28.56678,0.6758333333333333
2020-12-23 17:00:00,0.06,0.0,0.0
2020-12-23 18:00:00,0.14,0.0,0.0
2020-12-23 19:00:00,0.62,0.0,0.0
2020-12-23 20:00:00,0.42,0.0,0.0
2020-12-23 21:00:00,0.2,0.0,0.0
2020-12-23 22:00:00,0.33,0.0,0.0
2020-12-23 23:00:00,0.46,0.0,0.0
2020-12-24 00:00:00,0.01,0.0,0.0
2020-12-24 01:00:00,0.05,0.0,0.0
2020-12-24 02:00:00,0.51,0.0,0.0
2020-12-24 03:00:00,0.01,0.0,0.0
2020-12-24 04:00:00,0.0,0.0,0.0
2020-12-24 05:00:00,0.0,0.0,0.0
2020-12-24 06:00:00,0.0,0.0,0.0
2020-12-24 07:00:00,0.0,39.803207,0.6713888888888889
2020-12-24 08:00:00,0.43,233.1484,1.0
2020-12-24 09:00:00,0.34,411.4787,1.0
2020-12-24 10:00:00,0.44,537.5346,1.0
2020-12-24 11:00:00,0.74,578.19354,1.0
2020-12-24 12:00:00,0.36,585.3659,1.0
2020-12-24 13:00:00,0.02,509.39487,1.0
2020-12-24 14:00:00,0.0,377.1596,1.0
2020-12-24 15:00:00,0.0,197.379,1.0
2020-12-24 16:00:00,0.0,28.44983,0.6858333333333333
2020-12-24 17:00:00,0.0,0.0,0.0
2020-12-24 18:00:00,0.0,0.0,0.0
2020-12-24 19:00:00,0.0,0.0,0.0
2020-12-24 20:00:00,0.0,0.0,0.0
2020-12-24 21:00:00,0.0,0.0,0.0
2020-12-24 22:00:00,0.0,0.0,0.0
2020-12-24 23:00:00,0.0,0.0,0.0
2020-12-25 00:00:00,0.0,0.0,0.0
2020-12-25 01:00:00,0.0,0.0,0.0
2020-12-25 02:00:00,0.0,0.0,0.0
2020-12-25 03:00:00,0.0,0.0,0.0
2020-12-25 04:00:00,0.0,0.0,0.0
2020-12-25 05:00:00,0.0,0.0,0.0
2020-12-25 06:00:00,0.0,0.0,0.0
2020-12-25 07:00:00,0.0,40.931988,0.6652777777777777
2020-12-25 08:00:00,0.0,247.66544,1.0
2020-12-25 09:00:00,0.0,431.54736,1.0
2020-12-25 10:00:00,0.0,561.2791,1.0
2020-12-25 11:00:00,0.05,622.9678,1.0
2020-12-25 12:00:00,0.64,609.07184,1.0
2020-12-25 13:00:00,0.62,529.76575,1.0
2020-12-25 14:00:00,0.58,389.1656,1.0
2020-12-25 15:00:00,0.03,208.45657,1.0
2020-12-25 16:00:00,0.02,32.02842,0.6963888888888888
2020-12-25 17:00:00,0.05,0.0,0.0
2020-12-25 18:00:00,0.55,0.0,0.0
2020-12-25 19:00:00,0.71,0.0,0.0
2020-12-25 20:00:00,0.59,0.0,0.0
2020-12-25 21:00:00,0.61,0.0,0.0
2020-12-25 22:00:00,0.63,0.0,0.0
2020-12-25 23:00:00,0.48,0.0,0.0
2020-12-26 00:00:00,0.44,0.0,0.0
2020-12-26 01:00:00,0.0,0.0,0.0
2020-12-26 02:00:00,0.0,0.0,0.0
2020-12-26 03:00:00,0.92,0.0,0.0
2020-12-26 04:00:00,1.0,0.0,0.0
2020-12-26 05:00:00,1.0,0.0,0.0
2020-12-26 06:00:00,1.0,0.0,0.0
2020-12-26 07:00:00,1.0,19.959757,0.6597222222222222
2020-12-26 08:00:00,1.0,154.96895,1.0
2020-12-26 09:00:00,0.86,380.2291,1.0
2020-12-26 10:00:00,1.0,510.47485,1.0
2020-12-26 11:00:00,0.8,587.0393,1.0
2020-12-26 12:00:00,1.0,568.5923,1.0
2020-12-26 13:00:00,0.35,466.18143,1.0
2020-12-26 14:00:00,0.0,387.86066,1.0
2020-12-26 15:00:00,0.38,199.16112,1.0
2020-12-26 16:00:00,0.0,31.871096,0.7075
2020-12-26 17:00:00,0.0,0.0,0.0
2020-12-26 18:00:00,0.01,0.0,0.0
2020-12-26 19:00:00,0.0,0.0,0.0
2020-12-26 20:00:00,0.0,0.0,0.0
2020-12-26 21:00:00,0.06,0.0,0.0
2020-12-26 22:00:00,0.22,0.0,0.0
2020-12-26 23:00:00,0.42,0.0,0.0
2020-12-27 00:00:00,0.87,0.0,0.0
2020-12-27 01:00:00,0.89,0.0,0.0
2020-12-27 02:00:00,0.84,0.0,0.0
2020-12-27 03:00:00,0.75,0.0,0.0
2020-12-27 04:00:00,0.62,0.0,0.0
2020-12-27 05:00:00,0.02,0.0,0.0
2020-12-27 06:00:00,0.62,0.0,0.0
2020-12-27 07:00:00,0.02,26.058401,0.6544444444444445
2020-12-27 08:00:00,0.77,129.38434,1.0
2020-12-27 09:00:00,0.43,282.92194,1.0
2020-12-27 10:00:00,0.07,546.262,1.0
2020-12-27 11:00:00,0.02,612.05414,1.0
2020-12-27 12:00:00,0.78,612.2659,1.0
2020-12-27 13:00:00,0.82,507.84195,1.0
2020-12-27 14:00:00,0.48,330.88736,1.0
2020-12-27 15:00:00,0.61,137.35281,1.0
2020-12-27 16:00:00,0.4,27.37867,0.7191666666666666
2020-12-27 17:00:00,0.32,0.0,0.0
2020-12-27 18:00:00,0.55,0.0,0.0
2020-12-27 19:00:00,0.35,0.0,0.0
2020-12-27 20:00:00,0.88,0.0,0.0
2020-12-27 21:00:00,0.76,0.0,0.0
2020-12-27 22:00:00,0.69,0.0,0.0
2020-12-27 23:00:00,0.16,0.0,0.0
2020-12-28 00:00:00,0.02,0.0,0.0
2020-12-28 01:00:00,0.01,0.0,0.0
2020-12-28 02:00:00,0.71,0.0,0.0
2020-12-28 03:00:00,0.57,0.0,0.0
2020-12-28 04:00:00,0.92,0.0,0.0
2020-12-28 05:00:00,0.96,0.0,0.0
2020-12-28 06:00:00,0.31,0.0,0.0
2020-12-28 07:00:00,0.36,29.12682,0.65
2020-12-28 08:00:00,1.0,99.91258,1.0
2020-12-28 09:00:00,1.0,150.67117,1.0
2020-12-28 10:00:00,1.0,151.5814,1.0
2020-12-28 11:00:00,0.97,253.39735,1.0
2020-12-28 12:00:00,0.99,234.20433,1.0
2020-12-28 13:00:00,0.99,162.045,1.0
2020-12-28 14:00:00,1.0,103.03265,1.0
2020-12-28 15:00:00,1.0,35.78123,1.0
2020-12-28 16:00:00,1.0,7.9513845,0.7313888888888889
2020-12-28 17:00:00,1.0,0.0,0.0
2020-12-28 18:00:00,1.0,0.0,0.0
2020-12-28 19:00:00,1.0,0.0,0.0
2020-12-28 20:00:00,0.99,0.0,0.0
2020-12-28 21:00:00,0.98,0.0,0.0
2020-12-28 22:00:00,1.0,0.0,0.0
2020-12-28 23:00:00,0.99,0.0,0.0
2020-12-29 00:00:00,0.91,0.0,0.0
2020-12-29 01:00:00,1.0,0.0,0.0
2020-12-29 02:00:00,1.0,0.0,0.0
2020-12-29 03:00:00,0.89,0.0,0.0
2020-12-29 04:00:00,0.85,0.0,0.0
2020-12-29 05:00:00,0.41,0.0,0.0
2020-12-29 06:00:00,0.0,0.0,0.0
2020-12-29 07:00:00,0.05,31.201086,0.6458333333333334
2020-12-29 08:00:00,0.01,133.78906,1.0
2020-12-29 09:00:00,0.52,243.52786,1.0
2020-12-29 10:00:00,0.66,394.41876,1.0
2020-12-29 11:00:00,0.27,542.94836,1.0
2020-12-29 12:00:00,0.52,599.55505,1.0
2020-12-29 13:00:00,0.56,488.52795,1.0
2020-12-29 14:00:00,0.85,323.07245,1.0
2020-12-29 15:00:00,0.91,160.9438,1.0
2020-12-29 16:00:00,0.47,27.94294,0.7441666666666666
2020-12-29 17:00:00,0.27,0.0,0.0
2020-12-29 18:00:00,0.76,0.0,0.0
2020-12-29 19:00:00,0.32,0.0,0.0
2020-12-29 20:00:00,0.2,0.0,0.0
2020-12-29 21:00:00,0.01,0.0,0.0
2020-12-29 22:00:00,0.0,0.0,0.0
2020-12-29 23:00:00,0.0,0.0,0.0
2020-12-30 00:00:00,0.0,0.0,0.0
2020-12-30 01:00:00,0.0,0.0,0.0
2020-12-30 02:00:00,0.0,0.0,0.0
2020-12-30 03:00:00,0.0,0.0,0.0
2020-12-30 04:00:00,0.0,0.0,0.0
2020-12-30 05:00:00,0.0,0.0,0.0
2020-12-30 06:00:00,0.0,0.0,0.0
2020-12-30 07:00:00,0.0,40.33059,0.6425
2020-12-30 08:00:00,0.0,246.62643,1.0
2020-12-30 09:00:00,0.0,434.34464,1.0
2020-12-30 10:00:00,0.0,567.0876,1.0
2020-12-30 11:00:00,0.0,631.5224,1.0
2020-12-30 12:00:00,0.0,623.69775,1.0
2020-12-30 13:00:00,0.0,544.04626,1.0
2020-12-30 14:00:00,0.0,401.09314,1.0
2020-12-30 15:00:00,0.0,216.91263,1.0
2020-12-30 16:00:00,0.0,37.52642,0.7572222222222222
2020-12-30 17:00:00,0.0,0.0,0.0
2020-12-30 18:00:00,0.0,0.0,0.0
2020-12-30 19:00:00,0.0,0.0,0.0
2020-12-30 20:00:00,0.6,0.0,0.0
2020-12-30 21:00:00,0.76,0.0,0.0
2020-12-30 22:00:00,0.83,0.0,0.0
2020-12-30 23:00:00,0.83,0.0,0.0
2020-12-31 00:00:00,0.94,0.0,0.0
2020-12-31 01:00:00,1.0,0.0,0.0
2020-12-31 02:00:00,1.0,0.0,0.0
2020-12-31 03:00:00,0.99,0.0,0.0
2020-12-31 04:00:00,0.88,0.0,0.0
2020-12-31 05:00:00,0.91,0.0,0.0
2020-12-31 06:00:00,0.86,0.0,0.0
2020-12-31 07:00:00,0.49,29.198887,0.6397222222222222
2020-12-31 08:00:00,0.39,224.0254,1.0
2020-12-31 09:00:00,0.45,404.2476,1.0
2020-12-31 10:00:00,0.34,535.02625,1.0
2020-12-31 11:00:00,0.04,611.5401,1.0
2020-12-31 12:00:00,0.0,603.39716,1.0
2020-12-31 13:00:00,0.0,531.51587,1.0
2020-12-31 14:00:00,0.04,394.34473,1.0
2020-12-31 15:00:00,0.41,202.3654,1.0
2020-12-31 16:00:00,0.59,33.968224,0.7705555555555555
2020-12-31 17:00:00,0.37,0.0,0.0
2020-12-31 18:00:00,0.29,0.0,0.0
2020-12-31 19:00:00,0.77,0.0,0.0
2020-12-31 20:00:00,0.86,0.0,0.0
2020-12-31 21:00:00,0.01,0.0,0.0
2020-12-31 22:00:00,0.15,0.0,0.0
2020-12-31 23:00:00,0.13,0.0,0.0
2021-01-01 00:00:00,0.24,0.0,0.0
2021-01-01 01:00:00,0.43,0.0,0.0
2021-01-01 02:00:00,0.21,0.0,0.0
2021-01-01 03:00:00,0.43,0.0,0.0
2021-01-01 04:00:00,0.64,0.0,0.0
2021-01-01 05:00:00,0.89,0.0,0.0
2021-01-01 06:00:00,0.42,0.0,0.0
2021-01-01 07:00:00,0.2,29.195263,0.6375
2021-01-01 08:00:00,0.33,178.1699,1.0
2021-01-01 09:00:00,0.4,315.37833,1.0
2021-01-01 10:00:00,0.46,475.34735,1.0
2021-01-01 11:00:00,0.0,598.4975,1.0
2021-01-01 12:00:00,0.0,596.50555,1.0
2021-01-01 13:00:00,0.0,524.3236,1.0
2021-01-01 14:00:00,0.0,391.19183,1.0
2021-01-01 15:00:00,0.0,213.50777,1.0
2021-01-01 16:00:00,0.0,38.0564,0.7844444444444445
2021-01-01 17:00:00,0.0,0.0,0.0
2021-01-01 18:00:00,0.0,0.0,0.0
2021-01-01 19:00:00,0.0,0.0,0.0
2021-01-01 20:00:00,0.0,0.0,0.0
2021-01-01 21:00:00,0.0,0.0,0.0
2021-01-01 22:00:00,0.0,0.0,0.0
2021-01-01 23:00:00,0.0,0.0,0.0
2021-01-02 00:00:00,0.0,0.0,0.0
2021-01-02 01:00:00,0.0,0.0,0.0
2021-01-02 02:00:00,0.0,0.0,0.0
2021-01-02 03:00:00,0.0,0.0,0.0
2021-01-02 04:00:00,0.0,0.0,0.0
2021-01-02 05:00:00,0.0,0.0,0.0
2021-01-02 06:00:00,0.0,0.0,0.0
2021-01-02 07:00:00,0.0,37.278904,0.6358333333333334
2021-01-02 08:00:00,0.0,241.65898,1.0
2021-01-02 09:00:00,0.01,430.57626,1.0
2021-01-02 10:00:00,0.01,563.28986,1.0
2021-01-02 11:00:00,0.01,629.3219,1.0
2021-01-02 12:00:00,0.01,626.56836,1.0
2021-01-02 13:00:00,0.04,549.9636,1.0
2021-01-02 14:00:00,0.23,399.5229,1.0
2021-01-02 15:00:00,0.72,165.94543,1.0
2021-01-02 16:00:00,1.0,27.106295,0.7986111111111112
2021-01-02 17:00:00,1.0,0.0,0.0
2021-01-02 18:00:00,1.0,0.0,0.0
2021-01-02 19:00:00,0.24,0.0,0.0
2021-01-02 20:00:00,0.08,0.0,0.0
2021-01-02 21:00:00,0.01,0.0,0.0
2021-01-02 22:00:00,0.12,0.0,0.0
2021-01-02 23:00:00,0.03,0.0,0.0
2021-01-03 00:00:00,0.04,0.0,0.0
2021-01-03 01:00:00,0.01,0.0,0.0
2021-01-03 02:00:00,0.02,0.0,0.0
2021-01-03 03:00:00,0.02,0.0,0.0
2021-01-03 04:00:00,0.04,0.0,0.0
2021-01-03 05:00:00,0.04,0.0,0.0
2021-01-03 06:00:00,0.12,0.0,0.0
2021-01-03 07:00:00,0.79,28.148983,0.6347222222222222
2021-01-03 08:00:00,0.07,205.52243,1.0
2021-01-03 09:00:00,0.0,410.33582,1.0
2021-01-03 10:00:00,0.0,542.53925,1.0
2021-01-03 11:00:00,0.0,607.5908,1.0
2021-01-03 12:00:00,0.0,557.73395,1.0
2021-01-03 13:00:00,0.15,450.66284,1.0
2021-01-03 14:00:00,1.0,158.69664,1.0
2021-01-03 15:00:00,0.99,58.64146,1.0
2021-01-03 16:00:00,1.0,14.861502,0.8130555555555555
2021-01-03 17:00:00,1.0,0.0,0.0
2021-01-03 18:00:00,0.33,0.0,0.0
2021-01-03 19:00:00,0.32,0.0,0.0
2021-01-03 20:00:00,0.69,0.0,0.0
2021-01-03 21:00:00,0.97,0.0,0.0
2021-01-03 22:00:00,1.0,0.0,0.0
2021-01-03 23:00:00,1.0,0.0,0.0
2021-01-04 00:00:00,0.86,0.0,0.0
2021-01-04 01:00:00,0.87,0.0,0.0
2021-01-04 02:00:00,0.5,0.0,0.0
2021-01-04 03:00:00,0.17,0.0,0.0
2021-01-04 04:00:00,0.12,0.0,0.0
2021-01-04 05:00:00,0.16,0.0,0.0
2021-01-04 06:00:00,0.94,0.0,0.0
2021-01-04 07:00:00,0.91,21.027235,0.6344444444444445
2021-01-04 08:00:00,0.93,169.98854,1.0
2021-01-04 09:00:00,0.98,332.08862,1.0
2021-01-04 10:00:00,0.0,552.7119,1.0
2021-01-04 11:00:00,0.63,622.33026,1.0
2021-01-04 12:00:00,0.17,619.26825,1.0
2021-01-04 13:00:00,0.0,544.6084,1.0
2021-01-04 14:00:00,0.0,408.7535,1.0
2021-01-04 15:00:00,0.0,225.90308,1.0
2021-01-04 16:00:00,0.0,45.182507,0.8277777777777777
2021-01-04 17:00:00,0.0,0.0,0.0
2021-01-04 18:00:00,0.81,0.0,0.0
2021-01-04 19:00:00,0.8,0.0,0.0
2021-01-04 20:00:00,0.0,0.0,0.0
2021-01-04 21:00:00,0.21,0.0,0.0
2021-01-04 22:00:00,0.0,0.0,0.0
2021-01-04 23:00:00,0.0,0.0,0.0
2021-01-05 00:00:00,0.0,0.0,0.0
2021-01-05 01:00:00,0.25,0.0,0.0
2021-01-05 02:00:00,0.25,0.0,0.0
2021-01-05 03:00:00,0.0,0.0,0.0
2021-01-05 04:00:00,0.0,0.0,0.0
2021-01-05 05:00:00,0.0,0.0,0.0
2021-01-05 06:00:00,0.02,0.0,0.0
2021-01-05 07:00:00,0.04,31.048597,0.6347222222222222
2021-01-05 08:00:00,0.02,227.0231,1.0
2021-01-05 09:00:00,0.01,428.79565,1.0
2021-01-05 10:00:00,0.0,549.12274,1.0
2021-01-05 11:00:00,0.41,555.85345,1.0
2021-01-05 12:00:00,0.18,620.9666,1.0
2021-01-05 13:00:00,0.83,461.93347,1.0
2021-01-05 14:00:00,0.47,345.98572,1.0
2021-01-05 15:00:00,0.82,167.74344,1.0
2021-01-05 16:00:00,0.96,34.283234,0.8427777777777777
2021-01-05 17:00:00,0.96,0.0,0.0
2021-01-05 18:00:00,1.0,0.0,0.0
2021-01-05 19:00:00,1.0,0.0,0.0
2021-01-05 20:00:00,0.5,0.0,0.0
2021-01-05 21:00:00,0.61,0.0,0.0
2021-01-05 22:00:00,0.68,0.0,0.0
2021-01-05 23:00:00,0.76,0.0,0.0
2021-01-06 00:00:00,0.14,0.0,0.0
2021-01-06 01:00:00,0.09,0.0,0.0
2021-01-06 02:00:00,0.18,0.0,0.0
2021-01-06 03:00:00,0.17,0.0,0.0
2021-01-06 04:00:00,0.09,0.0,0.0
2021-01-06 05:00:00,0.12,0.0,0.0
2021-01-06 06:00:00,0.23,0.0,0.0
2021-01-06 07:00:00,0.13,32.964455,0.6358333333333334
2021-01-06 08:00:00,0.08,218.72018,1.0
2021-01-06 09:00:00,0.07,401.54803,1.0
2021-01-06 10:00:00,0.04,538.85657,1.0
2021-01-06 11:00:00,0.04,610.9008,1.0
2021-01-06 12:00:00,0.03,610.9327,1.0
2021-01-06 13:00:00,0.01,548.47845,1.0
2021-01-06 14:00:00,0.0,416.85065,1.0
2021-01-06 15:00:00,0.0,233.74178,1.0
2021-01-06 16:00:00,0.0,49.930214,0.8577777777777778
2021-01-06 17:00:00,0.0,0.0,0.0
2021-01-06 18:00:00,0.02,0.0,0.0
2021-01-06 19:00:00,0.07,0.0,0.0
2021-01-06 20:00:00,0.0,0.0,0.0
2021-01-06 21:00:00,0.04,0.0,0.0
2021-01-06 22:00:00,0.01,0.0,0.0
2021-01-06 23:00:00,0.0,0.0,0.0
2021-01-07 00:00:00,0.0,0.0,0.0
2021-01-07 01:00:00,0.0,0.0,0.0
2021-01-07 02:00:00,0.0,0.0,0.0
2021-01-07 03:00:00,0.0,0.0,0.0
2021-01-07 04:00:00,0.17,0.0,0.0
2021-01-07 05:00:00,0.8,0.0,0.0
2021-01-07 06:00:00,0.96,0.0,0.0
2021-01-07 07:00:00,0.96,15.912572,0.6375
2021-01-07 08:00:00,0.94,132.92776,1.0
2021-01-07 09:00:00,0.97,289.2562,1.0
2021-01-07 10:00:00,0.97,346.24927,1.0
2021-01-07 11:00:00,0.98,353.82657,1.0
2021-01-07 12:00:00,0.98,303.46823,1.0
2021-01-07 13:00:00,0.96,425.67062,1.0
2021-01-07 14:00:00,0.43,367.23346,1.0
2021-01-07 15:00:00,0.51,192.05821,1.0
2021-01-07 16:00:00,0.87,42.576843,0.8730555555555556
2021-01-07 17:00:00,0.18,0.0,0.0
2021-01-07 18:00:00,0.0,0.0,0.0
2021-01-07 19:00:00,0.55,0.0,0.0
2021-01-07 20:00:00,0.36,0.0,0.0
2021-01-07 21:00:00,0.0,0.0,0.0
2021-01-07 22:00:00,0.0,0.0,0.0
2021-01-07 23:00:00,0.0,0.0,0.0
2021-01-08 00:00:00,0.0,0.0,0.0
2021-01-08 01:00:00,0.0,0.0,0.0
2021-01-08 02:00:00,0.0,0.0,0.0
2021-01-08 03:00:00,0.0,0.0,0.0
2021-01-08 04:00:00,0.0,0.0,0.0
2021-01-08 05:00:00,0.18,0.0,0.0
2021-01-08 06:00:00,0.0,0.0,0.0
2021-01-08 07:00:00,0.0,36.669144,0.64
2021-01-08 08:00:00,0.0,236.53114,1.0
2021-01-08 09:00:00,0.0,426.53113,1.0
2021-01-08 10:00:00,0.0,563.4394,1.0
2021-01-08 11:00:00,0.0,634.6654,1.0
2021-01-08 12:00:00,0.0,633.4761,1.0
2021-01-08 13:00:00,0.0,562.4874,1.0
2021-01-08 14:00:00,0.0,428.05847,1.0
2021-01-08 15:00:00,0.0,245.50919,1.0
2021-01-08 16:00:00,0.0,55.870766,0.8886111111111111
2021-01-08 17:00:00,0.0,0.0,0.0
2021-01-08 18:00:00,0.03,0.0,0.0
2021-01-08 19:00:00,0.51,0.0,0.0
2021-01-08 20:00:00,0.69,0.0,0.0
2021-01-08 21:00:00,0.91,0.0,0.0
2021-01-08 22:00:00,0.92,0.0,0.0
2021-01-08 23:00:00,0.21,0.0,0.0
2021-01-09 00:00:00,0.17,0.0,0.0
2021-01-09 01:00:00,0.44,0.0,0.0
2021-01-09 02:00:00,0.91,0.0,0.0
2021-01-09 03:00:00,0.98,0.0,0.0
2021-01-09 04:00:00,0.99,0.0,0.0
2021-01-09 05:00:00,0.97,0.0,0.0
2021-01-09 06:00:00,0.97,0.0,0.0
2021-01-09 07:00:00,0.74,21.753798,0.6430555555555556
2021-01-09 08:00:00,0.56,140.76585,1.0
2021-01-09 09:00:00,0.55,198.99693,1.0
2021-01-09 10:00:00,0.87,216.47284,1.0
2021-01-09 11:00:00,0.97,157.00024,1.0
2021-01-09 12:00:00,0.93,253.68216,1.0
2021-01-09 13:00:00,0.92,351.38748,1.0
2021-01-09 14:00:00,0.89,193.5454,1.0
2021-01-09 15:00:00,0.99,86.04867,1.0
2021-01-09 16:00:00,1.0,13.563566,0.9047222222222222
2021-01-09 17:00:00,0.96,0.0,0.0
2021-01-09 18:00:00,0.96,0.0,0.0
2021-01-09 19:00:00,0.99,0.0,0.0
2021-01-09 20:00:00,0.99,0.0,0.0
2021-01-09 21:00:00,1.0,0.0,0.0
2021-01-09 22:00:00,1.0,0.0,0.0
2021-01-09 23:00:00,0.97,0.0,0.0
2021-01-10 00:00:00,0.88,0.0,0.0
2021-01-10 01:00:00,0.99,0.0,0.0
2021-01-10 02:00:00,1.0,0.0,0.0
2021-01-10 03:00:00,0.98,0.0,0.0
2021-01-10 04:00:00,1.0,0.0,0.0
2021-01-10 05:00:00,0.98,0.0,0.0
2021-01-10 06:00:00,0.92,0.0,0.0
2021-01-10 07:00:00,0.97,4.9696155,0.6466666666666666
2021-01-10 08:00:00,0.99,58.031376,1.0
2021-01-10 09:00:00,0.98,201.02727,1.0
2021-01-10 10:00:00,0.98,354.26187,1.0
2021-01-10 11:00:00,0.46,514.03296,1.0
2021-01-10 12:00:00,0.21,614.82275,1.0
2021-01-10 13:00:00,0.0,561.2892,1.0
2021-01-10 14:00:00,0.0,428.40085,1.0
2021-01-10 15:00:00,0.0,247.89128,1.0
2021-01-10 16:00:00,0.0,59.300934,0.9213888888888889
2021-01-10 17:00:00,0.0,0.0,0.0
2021-01-10 18:00:00,0.0,0.0,0.0
2021-01-10 19:00:00,0.0,0.0,0.0
2021-01-10 20:00:00,0.0,0.0,0.0
2021-01-10 21:00:00,0.0,0.0,0.0
2021-01-10 22:00:00,0.0,0.0,0.0
2021-01-10 23:00:00,0.0,0.0,0.0
2021-01-11 00:00:00,0.0,0.0,0.0
2021-01-11 01:00:00,0.0,0.0,0.0
2021-01-11 02:00:00,0.0,0.0,0.0
2021-01-11 03:00:00,0.0,0.0,0.0
2021-01-11 04:00:00,0.0,0.0,0.0
2021-01-11 05:00:00,0.0,0.0,0.0
2021-01-11 06:00:00,0.0,0.0,0.0
2021-01-11 07:00:00,0.0,39.995564,0.6511111111111111
2021-01-11 08:00:00,0.0,253.98492,1.0
2021-01-11 09:00:00,0.0,449.78787,1.0
2021-01-11 10:00:00,0.24,591.0133,1.0
2021-01-11 11:00:00,0.65,662.56586,1.0
2021-01-11 12:00:00,0.7,662.77856,1.0
2021-01-11 13:00:00,0.72,593.42114,1.0
2021-01-11 14:00:00,0.24,453.04465,1.0
2021-01-11 15:00:00,0.15,264.1844,1.0
2021-01-11 16:00:00,0.29,66.27796,0.9383333333333334
2021-01-11 17:00:00,0.0,0.0,0.0
2021-01-11 18:00:00,0.02,0.0,0.0
2021-01-11 19:00:00,0.44,0.0,0.0
2021-01-11 20:00:00,0.38,0.0,0.0
2021-01-11 21:00:00,0.11,0.0,0.0
2021-01-11 22:00:00,0.0,0.0,0.0
2021-01-11 23:00:00,0.0,0.0,0.0
2021-01-12 00:00:00,0.0,0.0,0.0
2021-01-12 01:00:00,0.0,0.0,0.0
2021-01-12 02:00:00,0.3,0.0,0.0
2021-01-12 03:00:00,0.59,0.0,0.0
2021-01-12 04:00:00,0.01,0.0,0.0
2021-01-12 05:00:00,0.03,0.0,0.0
2021-01-12 06:00:00,0.13,0.0,0.0
2021-01-12 07:00:00,0.44,38.751072,0.6558333333333334
2021-01-12 08:00:00,0.33,238.33067,1.0
2021-01-12 09:00:00,0.0,439.0809,1.0
2021-01-12 10:00:00,0.0,577.57404,1.0
2021-01-12 11:00:00,0.0,651.7459,1.0
2021-01-12 12:00:00,0.0,654.0143,1.0
2021-01-12 13:00:00,0.58,580.5548,1.0
2021-01-12 14:00:00,0.79,426.99158,1.0
2021-01-12 15:00:00,0.94,219.61627,1.0
2021-01-12 16:00:00,0.97,53.26048,0.9558333333333333
2021-01-12 17:00:00,0.45,0.0,0.0
2021-01-12 18:00:00,0.92,0.0,0.0
2021-01-12 19:00:00,0.97,0.0,0.0
2021-01-12 20:00:00,0.85,0.0,0.0
2021-01-12 21:00:00,0.73,0.0,0.0
2021-01-12 22:00:00,0.75,0.0,0.0
2021-01-12 23:00:00,1.0,0.0,0.0
2021-01-13 00:00:00,1.0,0.0,0.0
2021-01-13 01:00:00,0.96,0.0,0.0
2021-01-13 02:00:00,1.0,0.0,0.0
2021-01-13 03:00:00,1.0,0.0,0.0
2021-01-13 04:00:00,0.87,0.0,0.0
2021-01-13 05:00:00,1.0,0.0,0.0
2021-01-13 06:00:00,0.82,0.0,0.0
2021-01-13 07:00:00,0.84,28.01384,0.6613888888888889
2021-01-13 08:00:00,0.69,207.88657,1.0
2021-01-13 09:00:00,0.81,393.45184,1.0
2021-01-13 10:00:00,0.83,512.41925,1.0
2021-01-13 11:00:00,0.99,552.0682,1.0
2021-01-13 12:00:00,1.0,411.97006,1.0
2021-01-13 13:00:00,1.0,286.3883,1.0
2021-01-13 14:00:00,0.97,149.05426,1.0
2021-01-13 15:00:00,1.0,67.10372,1.0
2021-01-13 16:00:00,0.99,29.074638,0.9733333333333334
2021-01-13 17:00:00,1.0,0.0,0.0
2021-01-13 18:00:00,0.23,0.0,0.0
2021-01-13 19:00:00,0.07,0.0,0.0
2021-01-13 20:00:00,0.3,0.0,0.0
2021-01-13 21:00:00,0.3,0.0,0.0
2021-01-13 22:00:00,0.31,0.0,0.0
2021-01-13 23:00:00,0.46,0.0,0.0
2021-01-14 00:00:00,0.25,0.0,0.0
2021-01-14 01:00:00,0.16,0.0,0.0
2021-01-14 02:00:00,0.41,0.0,0.0
2021-01-14 03:00:00,0.83,0.0,0.0
2021-01-14 04:00:00,0.01,0.0,0.0
2021-01-14 05:00:00,0.04,0.0,0.0
2021-01-14 06:00:00,0.5,0.0,0.0
2021-01-14 07:00:00,0.56,33.51538,0.6672222222222223
2021-01-14 08:00:00,0.61,204.52475,1.0
2021-01-14 09:00:00,0.5,363.43585,1.0
2021-01-14 10:00:00,0.07,536.3118,1.0
2021-01-14 11:00:00,0.35,639.59357,1.0
2021-01-14 12:00:00,0.9,601.5575,1.0
2021-01-14 13:00:00,0.08,527.85455,1.0
2021-01-14 14:00:00,0.49,409.80252,1.0
2021-01-14 15:00:00,0.12,261.9292,1.0
2021-01-14 16:00:00,0.0,72.99901,0.9913888888888889
2021-01-14 17:00:00,0.03,0.0,0.0
2021-01-14 18:00:00,0.02,0.0,0.0
2021-01-14 19:00:00,0.01,0.0,0.0
2021-01-14 20:00:00,0.01,0.0,0.0
2021-01-14 21:00:00,0.01,0.0,0.0
2021-01-14 22:00:00,0.01,0.0,0.0
2021-01-14 23:00:00,0.01,0.0,0.0
2021-01-15 00:00:00,0.01,0.0,0.0
2021-01-15 01:00:00,0.0,0.0,0.0
2021-01-15 02:00:00,0.84,0.0,0.0
2021-01-15 03:00:00,0.33,0.0,0.0
2021-01-15 04:00:00,0.6,0.0,0.0
2021-01-15 05:00:00,0.0,0.0,0.0
2021-01-15 06:00:00,0.0,0.0,0.0
2021-01-15 07:00:00,0.0,41.714836,0.6738888888888889
2021-01-15 08:00:00,0.0,246.78677,1.0
2021-01-15 09:00:00,0.01,436.2162,1.0
2021-01-15 10:00:00,0.02,572.46497,1.0
2021-01-15 11:00:00,0.11,646.2363,1.0
2021-01-15 12:00:00,0.69,638.6534,1.0
2021-01-15 13:00:00,0.0,577.0578,1.0
2021-01-15 14:00:00,0.0,447.5744,1.0
2021-01-15 15:00:00,0.38,262.96643,1.0
2021-01-15 16:00:00,0.69,66.61105,1.0
2021-01-15 17:00:00,0.0,0.0,0.01
2021-01-15 18:00:00,0.09,0.0,0.0
2021-01-15 19:00:00,0.47,0.0,0.0
2021-01-15 20:00:00,0.0,0.0,0.0
2021-01-15 21:00:00,0.44,0.0,0.0
2021-01-15 22:00:00,0.92,0.0,0.0
2021-01-15 23:00:00,0.67,0.0,0.0
2021-01-16 00:00:00,0.84,0.0,0.0
2021-01-16 01:00:00,0.74,0.0,0.0
2021-01-16 02:00:00,0.99,0.0,0.0
2021-01-16 03:00:00,0.94,0.0,0.0
2021-01-16 04:00:00,0.81,0.0,0.0
2021-01-16 05:00:00,1.0,0.0,0.0
2021-01-16 06:00:00,1.0,0.0,0.0
2021-01-16 07:00:00,1.0,11.7309885,0.6811111111111111
2021-01-16 08:00:00,0.91,46.215572,1.0
2021-01-16 09:00:00,0.89,144.33623,1.0
2021-01-16 10:00:00,0.33,347.04248,1.0
2021-01-16 11:00:00,0.24,569.52155,1.0
2021-01-16 12:00:00,0.32,503.58606,1.0
2021-01-16 13:00:00,0.39,439.8141,1.0
2021-01-16 14:00:00,0.18,361.7758,1.0
2021-01-16 15:00:00,0.18,215.85912,1.0
2021-01-16 16:00:00,0.28,60.663017,1.0
2021-01-16 17:00:00,0.71,0.0,0.02861111111111111
2021-01-16 18:00:00,0.62,0.0,0.0
2021-01-16 19:00:00,0.53,0.0,0.0
2021-01-16 20:00:00,0.57,0.0,0.0
2021-01-16 21:00:00,0.59,0.0,0.0
2021-01-16 22:00:00,0.66,0.0,0.0
2021-01-16 23:00:00,0.82,0.0,0.0
2021-01-17 00:00:00,0.75,0.0,0.0
2021-01-17 01:00:00,0.69,0.0,0.0
2021-01-17 02:00:00,0.73,0.0,0.0
2021-01-17 03:00:00,0.67,0.0,0.0
2021-01-17 04:00:00,0.89,0.0,0.0
2021-01-17 05:00:00,0.79,0.0,0.0
2021-01-17 06:00:00,0.86,0.0,0.0
2021-01-17 07:00:00,0.99,7.7264023,0.6888888888888889
2021-01-17 08:00:00,0.8,105.04647,1.0
2021-01-17 09:00:00,0.7,222.25615,1.0
2021-01-17 10:00:00,0.69,333.86337,1.0
2021-01-17 11:00:00,0.81,491.72977,1.0
2021-01-17 12:00:00,0.8,539.0695,1.0
2021-01-17 13:00:00,0.56,498.53915,1.0
2021-01-17 14:00:00,0.47,398.82526,1.0
2021-01-17 15:00:00,0.24,231.61996,1.0
2021-01-17 16:00:00,0.79,60.71363,1.0
2021-01-17 17:00:00,0.55,0.0,0.0475
2021-01-17 18:00:00,0.87,0.0,0.0
2021-01-17 19:00:00,0.47,0.0,0.0
2021-01-17 20:00:00,0.78,0.0,0.0
2021-01-17 21:00:00,0.85,0.0,0.0
2021-01-17 22:00:00,0.98,0.0,0.0
2021-01-17 23:00:00,0.56,0.0,0.0
2021-01-18 00:00:00,0.76,0.0,0.0
2021-01-18 01:00:00,0.55,0.0,0.0
2021-01-18 02:00:00,0.83,0.0,0.0
2021-01-18 03:00:00,0.88,0.0,0.0
2021-01-18 04:00:00,0.84,0.0,0.0
2021-01-18 05:00:00,0.88,0.0,0.0
2021-01-18 06:00:00,0.97,0.0,0.0
2021-01-18 07:00:00,0.91,16.132591,0.6969444444444445
2021-01-18 08:00:00,0.92,104.202286,1.0
2021-01-18 09:00:00,0.64,269.56445,1.0
2021-01-18 10:00:00,0.88,336.38333,1.0
2021-01-18 11:00:00,0.89,172.98271,1.0
2021-01-18 12:00:00,0.87,312.52835,1.0
2021-01-18 13:00:00,0.65,346.95413,1.0
2021-01-18 14:00:00,0.52,389.5712,1.0
2021-01-18 15:00:00,0.95,202.68378,1.0
2021-01-18 16:00:00,0.89,60.773518,1.0
2021-01-18 17:00:00,0.98,0.0,0.06638888888888889
2021-01-18 18:00:00,0.97,0.0,0.0
2021-01-18 19:00:00,1.0,0.0,0.0
2021-01-18 20:00:00,0.97,0.0,0.0
2021-01-18 21:00:00,0.99,0.0,0.0
2021-01-18 22:00:00,1.0,0.0,0.0
2021-01-18 23:00:00,1.0,0.0,0.0
2021-01-19 00:00:00,1.0,0.0,0.0
2021-01-19 01:00:00,1.0,0.0,0.0
2021-01-19 02:00:00,1.0,0.0,0.0
2021-01-19 03:00:00,1.0,0.0,0.0
2021-01-19 04:00:00,1.0,0.0,0.0
2021-01-19 05:00:00,1.0,0.0,0.0
2021-01-19 06:00:00,1.0,0.0,0.0
2021-01-19 07:00:00,0.99,12.921,0.7058333333333333
2021-01-19 08:00:00,1.0,131.25735,1.0
2021-01-19 09:00:00,0.99,333.59018,1.0
2021-01-19 10:00:00,0.94,499.13803,1.0
2021-01-19 11:00:00,0.98,577.27747,1.0
2021-01-19 12:00:00,0.53,652.8763,1.0
2021-01-19 13:00:00,0.05,588.6391,1.0
2021-01-19 14:00:00,0.0,458.81097,1.0
2021-01-19 15:00:00,0.0,279.006,1.0
2021-01-19 16:00:00,0.0,84.62741,1.0
2021-01-19 17:00:00,0.0,0.0,0.08555555555555555
2021-01-19 18:00:00,0.0,0.0,0.0
2021-01-19 19:00:00,0.0,0.0,0.0
2021-01-19 20:00:00,0.0,0.0,0.0
2021-01-19 21:00:00,0.0,0.0,0.0
2021-01-19 22:00:00,0.0,0.0,0.0
2021-01-19 23:00:00,0.0,0.0,0.0
2021-01-20 00:00:00,0.0,0.0,0.0
2021-01-20 01:00:00,0.0,0.0,0.0
2021-01-20 02:00:00,0.0,0.0,0.0
2021-01-20 03:00:00,0.0,0.0,0.0
2021-01-20 04:00:00,0.0,0.0,0.0
2021-01-20 05:00:00,0.0,0.0,0.0
2021-01-20 06:00:00,0.0,0.0,0.0
2021-01-20 07:00:00,0.0,46.264122,0.715
2021-01-20 08:00:00,0.0,257.36426,1.0
2021-01-20 09:00:00,0.0,449.30838,1.0
2021-01-20 10:00:00,0.0,590.838,1.0
2021-01-20 11:00:00,0.0,664.3908,1.0
2021-01-20 12:00:00,0.0,667.9109,1.0
2021-01-20 13:00:00,0.0,600.42944,1.0
2021-01-20 14:00:00,0.0,469.878,1.0
2021-01-20 15:00:00,0.0,287.65085,1.0
2021-01-20 16:00:00,0.0,89.87528,1.0
2021-01-20 17:00:00,0.0,0.0,0.105
2021-01-20 18:00:00,0.0,0.0,0.0
2021-01-20 19:00:00,0.0,0.0,0.0
2021-01-20 20:00:00,0.0,0.0,0.0
2021-01-20 21:00:00,0.01,0.0,0.0
2021-01-20 22:00:00,0.01,0.0,0.0
2021-01-20 23:00:00,0.34,0.0,0.0
2021-01-21 00:00:00,0.0,0.0,0.0
2021-01-21 01:00:00,0.75,0.0,0.0
2021-01-21 02:00:00,1.0,0.0,0.0
2021-01-21 03:00:00,1.0,0.0,0.0
2021-01-21 04:00:00,1.0,0.0,0.0
2021-01-21 05:00:00,1.0,0.0,0.0
2021-01-21 06:00:00,1.0,0.0,0.0
2021-01-21 07:00:00,1.0,23.457453,0.725
2021-01-21 08:00:00,1.0,157.93896,1.0
2021-01-21 09:00:00,1.0,327.80933,1.0
2021-01-21 10:00:00,1.0,390.88928,1.0
2021-01-21 11:00:00,0.96,431.92172,1.0
2021-01-21 12:00:00,0.97,429.3949,1.0
2021-01-21 13:00:00,0.97,297.1552,1.0
2021-01-21 14:00:00,0.98,154.03163,1.0
2021-01-21 15:00:00,1.0,63.611076,1.0
2021-01-21 16:00:00,1.0,30.36733,1.0
2021-01-21 17:00:00,0.64,0.0,0.12444444444444444
2021-01-21 18:00:00,0.87,0.0,0.0
2021-01-21 19:00:00,0.33,0.0,0.0
2021-01-21 20:00:00,0.12,0.0,0.0
2021-01-21 21:00:00,0.01,0.0,0.0
2021-01-21 22:00:00,0.0,0.0,0.0
2021-01-21 23:00:00,0.02,0.0,0.0
2021-01-22 00:00:00,0.22,0.0,0.0
2021-01-22 01:00:00,0.1,0.0,0.0
2021-01-22 02:00:00,0.01,0.0,0.0
2021-01-22 03:00:00,0.01,0.0,0.0
2021-01-22 04:00:00,0.0,0.0,0.0
2021-01-22 05:00:00,0.0,0.0,0.0
2021-01-22 06:00:00,0.07,0.0,0.0
2021-01-22 07:00:00,0.09,38.5639,0.7352777777777778
2021-01-22 08:00:00,0.09,197.85321,1.0
2021-01-22 09:00:00,0.1,383.6992,1.0
2021-01-22 10:00:00,0.05,546.2636,1.0
2021-01-22 11:00:00,0.1,654.93994,1.0
2021-01-22 12:00:00,0.49,624.4096,1.0
2021-01-22 13:00:00,0.87,520.16486,1.0
2021-01-22 14:00:00,0.57,394.33176,1.0
2021-01-22 15:00:00,0.4,223.31421,1.0
2021-01-22 16:00:00,0.35,69.037094,1.0
2021-01-22 17:00:00,0.23,0.0,0.1438888888888889
2021-01-22 18:00:00,0.88,0.0,0.0
2021-01-22 19:00:00,0.92,0.0,0.0
2021-01-22 20:00:00,0.91,0.0,0.0
2021-01-22 21:00:00,0.7,0.0,0.0
2021-01-22 22:00:00,0.77,0.0,0.0
2021-01-22 23:00:00,0.46,0.0,0.0
2021-01-23 00:00:00,0.04,0.0,0.0
2021-01-23 01:00:00,0.0,0.0,0.0
2021-01-23 02:00:00,0.06,0.0,0.0
2021-01-23 03:00:00,0.38,0.0,0.0
2021-01-23 04:00:00,0.81,0.0,0.0
2021-01-23 05:00:00,0.03,0.0,0.0
2021-01-23 06:00:00,0.17,0.0,0.0
2021-01-23 07:00:00,0.03,48.490654,0.7461111111111111
2021-01-23 08:00:00,0.06,249.66339,1.0
2021-01-23 09:00:00,0.0,448.47043,1.0
2021-01-23 10:00:00,0.0,591.0958,1.0
2021-01-23 11:00:00,0.0,661.8523,1.0
2021-01-23 12:00:00,0.02,657.15247,1.0
2021-01-23 13:00:00,0.3,557.04083,1.0
2021-01-23 14:00:00,0.34,421.8128,1.0
2021-01-23 15:00:00,0.45,268.56656,1.0
2021-01-23 16:00:00,0.69,73.29146,1.0
2021-01-23 17:00:00,0.67,0.0,0.16333333333333333
2021-01-23 18:00:00,0.45,0.0,0.0
2021-01-23 19:00:00,0.56,0.0,0.0
2021-01-23 20:00:00,0.96,0.0,0.0
2021-01-23 21:00:00,0.98,0.0,0.0
2021-01-23 22:00:00,0.96,0.0,0.0
2021-01-23 23:00:00,0.93,0.0,0.0
2021-01-24 00:00:00,0.92,0.0,0.0
2021-01-24 01:00:00,0.9,0.0,0.0
2021-01-24 02:00:00,0.88,0.0,0.0
2021-01-24 03:00:00,0.78,0.0,0.0
2021-01-24 04:00:00,0.56,0.0,0.0
2021-01-24 05:00:00,0.78,0.0,0.0
2021-01-24 06:00:00,0.95,0.0,0.0
2021-01-24 07:00:00,0.92,28.25373,0.7575
2021-01-24 08:00:00,0.89,139.56662,1.0
2021-01-24 09:00:00,0.89,308.30096,1.0
2021-01-24 10:00:00,0.83,520.33966,1.0
2021-01-24 11:00:00,0.78,513.68274,1.0
2021-01-24 12:00:00,0.91,443.46896,1.0
2021-01-24 13:00:00,0.55,487.04565,1.0
2021-01-24 14:00:00,0.69,370.09213,1.0
2021-01-24 15:00:00,0.81,236.379,1.0
2021-01-24 16:00:00,0.28,93.38476,1.0
2021-01-24 17:00:00,0.1,0.0,0.18305555555555555
2021-01-24 18:00:00,0.91,0.0,0.0
2021-01-24 19:00:00,0.88,0.0,0.0
2021-01-24 20:00:00,0.63,0.0,0.0
2021-01-24 21:00:00,0.84,0.0,0.0
2021-01-24 22:00:00,0.73,0.0,0.0
2021-01-24 23:00:00,0.01,0.0,0.0
2021-01-25 00:00:00,0.98,0.0,0.0
2021-01-25 01:00:00,0.96,0.0,0.0
2021-01-25 02:00:00,0.99,0.0,0.0
2021-01-25 03:00:00,0.98,0.0,0.0
2021-01-25 04:00:00,0.99,0.0,0.0
2021-01-25 05:00:00,1.0,0.0,0.0
2021-01-25 06:00:00,0.96,0.0,0.0
2021-01-25 07:00:00,0.99,25.92434,0.7691666666666667
2021-01-25 08:00:00,0.98,137.48343,1.0
2021-01-25 09:00:00,0.92,343.816,1.0
2021-01-25 10:00:00,0.93,483.2278,1.0
2021-01-25 11:00:00,0.5,602.314,1.0
2021-01-25 12:00:00,0.25,614.15643,1.0
2021-01-25 13:00:00,0.19,531.8566,1.0
2021-01-25 14:00:00,0.39,386.13275,1.0
2021-01-25 15:00:00,0.72,223.78639,1.0
2021-01-25 16:00:00,0.92,47.60448,1.0
2021-01-25 17:00:00,0.99,0.0,0.2025
2021-01-25 18:00:00,1.0,0.0,0.0
2021-01-25 19:00:00,1.0,0.0,0.0
2021-01-25 20:00:00,1.0,0.0,0.0
2021-01-25 21:00:00,0.99,0.0,0.0
2021-01-25 22:00:00,0.99,0.0,0.0
2021-01-25 23:00:00,0.98,0.0,0.0
2021-01-26 00:00:00,0.99,0.0,0.0
2021-01-26 01:00:00,0.95,0.0,0.0
2021-01-26 02:00:00,0.94,0.0,0.0
2021-01-26 03:00:00,0.95,0.0,0.0
2021-01-26 04:00:00,0.95,0.0,0.0
2021-01-26 05:00:00,0.97,0.0,0.0
2021-01-26 06:00:00,1.0,0.0,0.0
2021-01-26 07:00:00,1.0,3.9756923,0.7813888888888889
2021-01-26 08:00:00,1.0,47.64832,1.0
2021-01-26 09:00:00,1.0,82.49562,1.0
2021-01-26 10:00:00,0.99,156.36171,1.0
2021-01-26 11:00:00,1.0,187.85147,1.0
2021-01-26 12:00:00,1.0,240.91989,1.0
2021-01-26 13:00:00,1.0,237.26724,1.0
2021-01-26 14:00:00,1.0,164.46092,1.0
2021-01-26 15:00:00,0.99,86.28133,1.0
2021-01-26 16:00:00,1.0,19.878462,1.0
2021-01-26 17:00:00,1.0,0.0,0.22194444444444444
2021-01-26 18:00:00,1.0,0.0,0.0
2021-01-26 19:00:00,1.0,0.0,0.0
2021-01-26 20:00:00,0.99,0.0,0.0
2021-01-26 21:00:00,0.99,0.0,0.0
2021-01-26 22:00:00,0.99,0.0,0.0
2021-01-26 23:00:00,0.98,0.0,0.0
2021-01-27 00:00:00,0.58,0.0,0.0
2021-01-27 01:00:00,0.64,0.0,0.0
2021-01-27 02:00:00,0.04,0.0,0.0
2021-01-27 03:00:00,0.02,0.0,0.0
2021-01-27 04:00:00,0.01,0.0,0.0
2021-01-27 05:00:00,0.0,0.0,0.0
2021-01-27 06:00:00,0.0,0.0,0.0
2021-01-27 07:00:00,0.0,63.181282,0.7941666666666667
2021-01-27 08:00:00,0.0,288.58548,1.0
2021-01-27 09:00:00,0.0,491.0014,1.0
2021-01-27 10:00:00,0.0,638.63727,1.0
2021-01-27 11:00:00,0.0,718.20544,1.0
2021-01-27 12:00:00,0.0,720.65717,1.0
2021-01-27 13:00:00,0.0,648.20593,1.0
2021-01-27 14:00:00,0.0,510.78104,1.0
2021-01-27 15:00:00,0.22,323.57678,1.0
2021-01-27 16:00:00,0.15,116.751305,1.0
2021-01-27 17:00:00,0.0,0.0,0.24138888888888888
2021-01-27 18:00:00,0.25,0.0,0.0
2021-01-27 19:00:00,0.32,0.0,0.0
2021-01-27 20:00:00,0.0,0.0,0.0
2021-01-27 21:00:00,0.0,0.0,0.0
2021-01-27 22:00:00,0.0,0.0,0.0
2021-01-27 23:00:00,0.0,0.0,0.0
2021-01-28 00:00:00,0.0,0.0,0.0
2021-01-28 01:00:00,0.0,0.0,0.0
2021-01-28 02:00:00,0.0,0.0,0.0
2021-01-28 03:00:00,0.19,0.0,0.0
2021-01-28 04:00:00,0.37,0.0,0.0
2021-01-28 05:00:00,0.6,0.0,0.0
2021-01-28 06:00:00,0.71,0.0,0.0
2021-01-28 07:00:00,0.65,48.626446,0.8075
2021-01-28 08:00:00,0.98,177.27708,1.0
2021-01-28 09:00:00,1.0,320.88422,1.0
2021-01-28 10:00:00,1.0,426.92657,1.0
2021-01-28 11:00:00,0.99,524.86414,1.0
2021-01-28 12:00:00,0.98,541.4607,1.0
2021-01-28 13:00:00,0.96,453.8284,1.0
2021-01-28 14:00:00,0.95,337.0331,1.0
2021-01-28 15:00:00,0.97,194.31505,1.0
2021-01-28 16:00:00,0.5,95.57577,1.0
2021-01-28 17:00:00,0.67,0.0,0.26055555555555554
2021-01-28 18:00:00,0.6,0.0,0.0
2021-01-28 19:00:00,0.3,0.0,0.0
2021-01-28 20:00:00,0.52,0.0,0.0
2021-01-28 21:00:00,0.48,0.0,0.0
2021-01-28 22:00:00,0.2,0.0,0.0
2021-01-28 23:00:00,0.0,0.0,0.0
2021-01-29 00:00:00,0.0,0.0,0.0
2021-01-29 01:00:00,0.24,0.0,0.0
2021-01-29 02:00:00,0.8,0.0,0.0
2021-01-29 03:00:00,0.83,0.0,0.0
2021-01-29 04:00:00,0.92,0.0,0.0
2021-01-29 05:00:00,0.86,0.0,0.0
2021-01-29 06:00:00,0.94,0.0,0.0
2021-01-29 07:00:00,0.93,31.75815,0.8213888888888888
2021-01-29 08:00:00,0.48,241.86928,1.0
2021-01-29 09:00:00,0.84,404.22318,1.0
2021-01-29 10:00:00,0.01,616.99866,1.0
2021-01-29 11:00:00,0.87,666.214,1.0
2021-01-29 12:00:00,0.0,706.9937,1.0
2021-01-29 13:00:00,0.0,640.1546,1.0
2021-01-29 14:00:00,0.0,509.02615,1.0
2021-01-29 15:00:00,0.01,325.82288,1.0
2021-01-29 16:00:00,0.0,121.856026,1.0
2021-01-29 17:00:00,0.0,2.804671,0.28
2021-01-29 18:00:00,0.0,0.0,0.0
2021-01-29 19:00:00,0.0,0.0,0.0
2021-01-29 20:00:00,0.0,0.0,0.0
2021-01-29 21:00:00,0.0,0.0,0.0
2021-01-29 22:00:00,0.27,0.0,0.0
2021-01-29 23:00:00,0.62,0.0,0.0
2021-01-30 00:00:00,0.95,0.0,0.0
2021-01-30 01:00:00,0.99,0.0,0.0
2021-01-30 02:00:00,0.81,0.0,0.0
2021-01-30 03:00:00,0.96,0.0,0.0
2021-01-30 04:00:00,0.72,0.0,0.0
2021-01-30 05:00:00,0.93,0.0,0.0
2021-01-30 06:00:00,0.62,0.0,0.0
2021-01-30 07:00:00,0.73,46.366726,0.8358333333333333
2021-01-30 08:00:00,0.93,205.35979,1.0
2021-01-30 09:00:00,0.2,440.2759,1.0
2021-01-30 10:00:00,0.66,472.1079,1.0
2021-01-30 11:00:00,0.36,604.59863,1.0
2021-01-30 12:00:00,0.13,675.29034,1.0
2021-01-30 13:00:00,0.09,615.0043,1.0
2021-01-30 14:00:00,0.07,503.164,1.0
2021-01-30 15:00:00,0.43,330.13644,1.0
2021-01-30 16:00:00,0.06,128.16684,1.0
2021-01-30 17:00:00,0.03,2.7432318,0.2997222222222222
2021-01-30 18:00:00,0.26,0.0,0.0
2021-01-30 19:00:00,0.08,0.0,0.0
2021-01-30 20:00:00,0.08,0.0,0.0
2021-01-30 21:00:00,0.28,0.0,0.0
2021-01-30 22:00:00,0.21,0.0,0.0
2021-01-30 23:00:00,0.11,0.0,0.0
2021-01-31 00:00:00,0.01,0.0,0.0
2021-01-31 01:00:00,0.07,0.0,0.0
2021-01-31 02:00:00,0.12,0.0,0.0
2021-01-31 03:00:00,0.15,0.0,0.0
2021-01-31 04:00:00,0.2,0.0,0.0
2021-01-31 05:00:00,0.19,0.0,0.0
2021-01-31 06:00:00,0.1,0.0,0.0
2021-01-31 07:00:00,0.07,63.759296,0.8511111111111112
2021-01-31 08:00:00,0.06,276.64862,1.0
2021-01-31 09:00:00,0.03,481.2694,1.0
2021-01-31 10:00:00,0.02,637.61,1.0
2021-01-31 11:00:00,0.01,722.8566,1.0
2021-01-31 12:00:00,0.0,729.2815,1.0
2021-01-31 13:00:00,0.0,663.033,1.0
2021-01-31 14:00:00,0.04,527.83887,1.0
2021-01-31 15:00:00,0.0,341.5809,1.0
2021-01-31 16:00:00,0.01,132.0916,1.0
2021-01-31 17:00:00,0.06,3.680584,0.3194444444444444
2021-01-31 18:00:00,0.31,0.0,0.0
2021-01-31 19:00:00,0.49,0.0,0.0
2021-01-31 20:00:00,0.14,0.0,0.0
2021-01-31 21:00:00,0.66,0.0,0.0
2021-01-31 22:00:00,0.74,0.0,0.0
2021-01-31 23:00:00,0.52,0.0,0.0
2021-02-01 00:00:00,0.3,0.0,0.0
2021-02-01 01:00:00,0.3,0.0,0.0
2021-02-01 02:00:00,0.63,0.0,0.0
2021-02-01 03:00:00,0.55,0.0,0.0
2021-02-01 04:00:00,0.32,0.0,0.0
2021-02-01 05:00:00,0.76,0.0,0.0
2021-02-01 06:00:00,0.91,0.0,0.0
2021-02-01 07:00:00,0.94,36.530853,0.8666666666666667
2021-02-01 08:00:00,0.95,198.39821,1.0
2021-02-01 09:00:00,0.92,333.61832,1.0
2021-02-01 10:00:00,1.0,409.33905,1.0
2021-02-01 11:00:00,1.0,448.3742,1.0
2021-02-01 12:00:00,0.97,383.34485,1.0
2021-02-01 13:00:00,0.93,312.73618,1.0
2021-02-01 14:00:00,1.0,213.90941,1.0
2021-02-01 15:00:00,1.0,134.0844,1.0
2021-02-01 16:00:00,1.0,32.74187,1.0
2021-02-01 17:00:00,1.0,0.99392307,0.33916666666666667
2021-02-01 18:00:00,0.99,0.0,0.0
2021-02-01 19:00:00,1.0,0.0,0.0
2021-02-01 20:00:00,0.97,0.0,0.0
2021-02-01 21:00:00,1.0,0.0,0.0
2021-02-01 22:00:00,1.0,0.0,0.0
2021-02-01 23:00:00,0.04,0.0,0.0
2021-02-02 00:00:00,0.0,0.0,0.0
2021-02-02 01:00:00,0.0,0.0,0.0
2021-02-02 02:00:00,0.0,0.0,0.0
2021-02-02 03:00:00,0.0,0.0,0.0
2021-02-02 04:00:00,0.0,0.0,0.0
2021-02-02 05:00:00,0.0,0.0,0.0
2021-02-02 06:00:00,0.0,0.0,0.0
2021-02-02 07:00:00,0.0,71.06565,0.8827777777777778
2021-02-02 08:00:00,0.0,288.42578,1.0
2021-02-02 09:00:00,0.0,486.1018,1.0
2021-02-02 10:00:00,0.0,629.2404,1.0
2021-02-02 11:00:00,0.0,705.5348,1.0
2021-02-02 12:00:00,0.0,709.5676,1.0
2021-02-02 13:00:00,0.0,642.14844,1.0
2021-02-02 14:00:00,0.0,509.18268,1.0
2021-02-02 15:00:00,0.19,327.23184,1.0
2021-02-02 16:00:00,0.0,129.17963,1.0
2021-02-02 17:00:00,0.01,4.5738873,0.3591666666666667
2021-02-02 18:00:00,0.0,0.0,0.0
2021-02-02 19:00:00,0.0,0.0,0.0
2021-02-02 20:00:00,0.0,0.0,0.0
2021-02-02 21:00:00,0.0,0.0,0.0
2021-02-02 22:00:00,0.0,0.0,0.0
2021-02-02 23:00:00,0.41,0.0,0.0
2021-02-03 00:00:00,0.0,0.0,0.0
2021-02-03 01:00:00,0.25,0.0,0.0
2021-02-03 02:00:00,0.34,0.0,0.0
2021-02-03 03:00:00,0.28,0.0,0.0
2021-02-03 04:00:00,0.47,0.0,0.0
2021-02-03 05:00:00,0.39,0.0,0.0
2021-02-03 06:00:00,0.49,0.0,0.0
2021-02-03 07:00:00,0.27,65.84069,0.8994444444444445
2021-02-03 08:00:00,0.13,266.78833,1.0
2021-02-03 09:00:00,0.03,486.83023,1.0
2021-02-03 10:00:00,0.0,629.27277,1.0
2021-02-03 11:00:00,0.12,709.789,1.0
2021-02-03 12:00:00,0.94,569.7142,1.0
2021-02-03 13:00:00,0.64,376.04257,1.0
2021-02-03 14:00:00,0.86,178.77861,1.0
2021-02-03 15:00:00,0.89,72.83246,1.0
2021-02-03 16:00:00,0.95,39.62295,1.0
2021-02-03 17:00:00,0.63,0.99392307,0.37916666666666665
2021-02-03 18:00:00,0.99,0.0,0.0
2021-02-03 19:00:00,0.99,0.0,0.0
2021-02-03 20:00:00,1.0,0.0,0.0
2021-02-03 21:00:00,1.0,0.0,0.0
2021-02-03 22:00:00,1.0,0.0,0.0
2021-02-03 23:00:00,1.0,0.0,0.0
2021-02-04 00:00:00,1.0,0.0,0.0
2021-02-04 01:00:00,1.0,0.0,0.0
2021-02-04 02:00:00,0.93,0.0,0.0
2021-02-04 03:00:00,0.82,0.0,0.0
2021-02-04 04:00:00,0.07,0.0,0.0
2021-02-04 05:00:00,0.06,0.0,0.0
2021-02-04 06:00:00,0.11,0.0,0.0
2021-02-04 07:00:00,0.0,68.099014,0.9166666666666666
2021-02-04 08:00:00,0.03,245.10767,1.0
2021-02-04 09:00:00,0.57,441.00552,1.0
2021-02-04 10:00:00,0.7,625.35236,1.0
2021-02-04 11:00:00,0.47,615.31964,1.0
2021-02-04 12:00:00,0.06,736.7642,1.0
2021-02-04 13:00:00,0.06,674.9795,1.0
2021-02-04 14:00:00,0.16,520.4382,1.0
2021-02-04 15:00:00,0.02,358.71243,1.0
2021-02-04 16:00:00,0.03,147.96667,1.0
2021-02-04 17:00:00,0.02,6.9867887,0.39916666666666667
2021-02-04 18:00:00,0.18,0.0,0.0
2021-02-04 19:00:00,1.0,0.0,0.0
2021-02-04 20:00:00,1.0,0.0,0.0
2021-02-04 21:00:00,1.0,0.0,0.0
2021-02-04 22:00:00,0.76,0.0,0.0
2021-02-04 23:00:00,0.29,0.0,0.0
2021-02-05 00:00:00,0.31,0.0,0.0
2021-02-05 01:00:00,0.51,0.0,0.0
2021-02-05 02:00:00,0.73,0.0,0.0
2021-02-05 03:00:00,0.45,0.0,0.0
2021-02-05 04:00:00,0.36,0.0,0.0
2021-02-05 05:00:00,0.65,0.0,0.0
2021-02-05 06:00:00,0.39,0.0,0.0
2021-02-05 07:00:00,0.2,65.39838,0.9341666666666667
2021-02-05 08:00:00,0.34,278.37073,1.0
2021-02-05 09:00:00,0.4,452.82147,1.0
2021-02-05 10:00:00,0.02,639.15765,1.0
2021-02-05 11:00:00,0.85,615.5732,1.0
2021-02-05 12:00:00,0.86,613.59393,1.0
2021-02-05 13:00:00,0.36,569.00494,1.0
2021-02-05 14:00:00,0.51,490.27438,1.0
2021-02-05 15:00:00,0.3,345.1889,1.0
2021-02-05 16:00:00,0.97,61.85811,1.0
2021-02-05 17:00:00,0.89,6.9088964,0.4191666666666667
2021-02-05 18:00:00,0.92,0.0,0.0
2021-02-05 19:00:00,0.82,0.0,0.0
2021-02-05 20:00:00,0.85,0.0,0.0
2021-02-05 21:00:00,0.55,0.0,0.0
2021-02-05 22:00:00,0.91,0.0,0.0
2021-02-05 23:00:00,0.97,0.0,0.0
2021-02-06 00:00:00,0.93,0.0,0.0
2021-02-06 01:00:00,0.88,0.0,0.0
2021-02-06 02:00:00,0.82,0.0,0.0
2021-02-06 03:00:00,0.85,0.0,0.0
2021-02-06 04:00:00,0.89,0.0,0.0
2021-02-06 05:00:00,0.88,0.0,0.0
2021-02-06 06:00:00,0.91,0.0,0.0
2021-02-06 07:00:00,0.75,47.190723,0.9522222222222222
2021-02-06 08:00:00,0.43,219.84192,1.0
2021-02-06 09:00:00,0.19,454.45572,1.0
2021-02-06 10:00:00,0.01,656.8615,1.0
2021-02-06 11:00:00,0.25,737.8688,1.0
2021-02-06 12:00:00,0.25,750.9796,1.0
2021-02-06 13:00:00,0.4,635.75323,1.0
2021-02-06 14:00:00,0.65,434.4029,1.0
2021-02-06 15:00:00,0.24,355.90195,1.0
2021-02-06 16:00:00,0.26,138.94939,1.0
2021-02-06 17:00:00,0.02,6.8360615,0.43916666666666665
2021-02-06 18:00:00,0.6,0.0,0.0
2021-02-06 19:00:00,0.97,0.0,0.0
2021-02-06 20:00:00,1.0,0.0,0.0
2021-02-06 21:00:00,0.54,0.0,0.0
2021-02-06 22:00:00,0.97,0.0,0.0
2021-02-06 23:00:00,0.99,0.0,0.0
2021-02-07 00:00:00,0.95,0.0,0.0
2021-02-07 01:00:00,0.8,0.0,0.0
2021-02-07 02:00:00,0.79,0.0,0.0
2021-02-07 03:00:00,0.75,0.0,0.0
2021-02-07 04:00:00,0.79,0.0,0.0
2021-02-07 05:00:00,0.22,0.0,0.0
2021-02-07 06:00:00,0.54,0.0,0.0
2021-02-07 07:00:00,0.09,79.43716,0.9705555555555555
2021-02-07 08:00:00,0.05,307.99832,1.0
2021-02-07 09:00:00,0.12,482.73187,1.0
2021-02-07 10:00:00,0.09,642.1389,1.0
2021-02-07 11:00:00,0.07,738.76575,1.0
2021-02-07 12:00:00,0.01,759.047,1.0
2021-02-07 13:00:00,0.0,691.9409,1.0
2021-02-07 14:00:00,0.0,566.4355,1.0
2021-02-07 15:00:00,0.0,379.82968,1.0
2021-02-07 16:00:00,0.0,162.78615,1.0
2021-02-07 17:00:00,0.0,9.560035,0.45916666666666667
2021-02-07 18:00:00,0.02,0.0,0.0
2021-02-07 19:00:00,0.02,0.0,0.0
2021-02-07 20:00:00,0.5,0.0,0.0
2021-02-07 21:00:00,0.83,0.0,0.0
2021-02-07 22:00:00,1.0,0.0,0.0
2021-02-07 23:00:00,1.0,0.0,0.0
2021-02-08 00:00:00,1.0,0.0,0.0
2021-02-08 01:00:00,0.96,0.0,0.0
2021-02-08 02:00:00,0.9,0.0,0.0
2021-02-08 03:00:00,0.25,0.0,0.0
2021-02-08 04:00:00,0.06,0.0,0.0
2021-02-08 05:00:00,0.11,0.0,0.0
2021-02-08 06:00:00,0.85,0.0,0.0
2021-02-08 07:00:00,0.09,57.91912,0.9894444444444445
2021-02-08 08:00:00,0.11,288.77905,1.0
2021-02-08 09:00:00,0.01,504.28275,1.0
2021-02-08 10:00:00,0.68,610.11053,1.0
2021-02-08 11:00:00,0.01,723.0816,1.0
2021-02-08 12:00:00,0.0,759.6957,1.0
2021-02-08 13:00:00,0.0,697.31525,1.0
2021-02-08 14:00:00,0.0,565.2227,1.0
2021-02-08 15:00:00,0.31,371.35483,1.0
2021-02-08 16:00:00,0.28,158.8316,1.0
2021-02-08 17:00:00,0.24,10.4260435,0.4791666666666667
2021-02-08 18:00:00,0.2,0.0,0.0
2021-02-08 19:00:00,0.01,0.0,0.0
2021-02-08 20:00:00,0.95,0.0,0.0
2021-02-08 21:00:00,0.94,0.0,0.0
2021-02-08 22:00:00,1.0,0.0,0.0
2021-02-08 23:00:00,0.99,0.0,0.0
2021-02-09 00:00:00,0.95,0.0,0.0
2021-02-09 01:00:00,0.93,0.0,0.0
2021-02-09 02:00:00,0.64,0.0,0.0
2021-02-09 03:00:00,0.55,0.0,0.0
2021-02-09 04:00:00,0.29,0.0,0.0
2021-02-09 05:00:00,0.47,0.0,0.0
2021-02-09 06:00:00,0.72,0.0,0.008611111111111111
2021-02-09 07:00:00,0.65,69.67928,1.0
2021-02-09 08:00:00,0.64,242.71024,1.0
2021-02-09 09:00:00,0.33,481.52924,1.0
2021-02-09 10:00:00,0.42,651.7723,1.0
2021-02-09 11:00:00,0.31,707.1358,1.0
2021-02-09 12:00:00,0.72,732.50916,1.0
2021-02-09 13:00:00,0.3,672.18066,1.0
2021-02-09 14:00:00,0.68,451.99524,1.0
2021-02-09 15:00:00,0.67,284.99078,1.0
2021-02-09 16:00:00,0.22,122.18092,1.0
2021-02-09 17:00:00,0.61,8.63168,0.49916666666666665
2021-02-09 18:00:00,0.13,0.0,0.0
2021-02-09 19:00:00,0.32,0.0,0.0
2021-02-09 20:00:00,0.71,0.0,0.0
2021-02-09 21:00:00,0.99,0.0,0.0
2021-02-09 22:00:00,0.89,0.0,0.0
2021-02-09 23:00:00,0.58,0.0,0.0
2021-02-10 00:00:00,0.91,0.0,0.0
2021-02-10 01:00:00,0.94,0.0,0.0
2021-02-10 02:00:00,0.9,0.0,0.0
2021-02-10 03:00:00,0.78,0.0,0.0
2021-02-10 04:00:00,0.69,0.0,0.0
2021-02-10 05:00:00,0.7,0.0,0.0
2021-02-10 06:00:00,1.0,0.0,0.027777777777777776
2021-02-10 07:00:00,1.0,24.936893,1.0
2021-02-10 08:00:00,1.0,73.893326,1.0
2021-02-10 09:00:00,0.95,151.57933,1.0
2021-02-10 10:00:00,0.75,406.66956,1.0
2021-02-10 11:00:00,0.45,560.2826,1.0
2021-02-10 12:00:00,0.32,622.28656,1.0
2021-02-10 13:00:00,0.41,654.50244,1.0
2021-02-10 14:00:00,0.05,546.4083,1.0
2021-02-10 15:00:00,0.02,371.51465,1.0
2021-02-10 16:00:00,0.03,162.33829,1.0
2021-02-10 17:00:00,0.03,12.492536,0.5191666666666667
2021-02-10 18:00:00,0.0,0.0,0.0
2021-02-10 19:00:00,0.0,0.0,0.0
2021-02-10 20:00:00,0.01,0.0,0.0
2021-02-10 21:00:00,0.03,0.0,0.0
2021-02-10 22:00:00,0.01,0.0,0.0
2021-02-10 23:00:00,0.08,0.0,0.0
2021-02-11 00:00:00,0.41,0.0,0.0
2021-02-11 01:00:00,0.28,0.0,0.0
2021-02-11 02:00:00,0.3,0.0,0.0
2021-02-11 03:00:00,0.11,0.0,0.0
2021-02-11 04:00:00,0.05,0.0,0.0
2021-02-11 05:00:00,0.2,0.0,0.0
2021-02-11 06:00:00,0.16,0.0,0.0475
2021-02-11 07:00:00,0.12,77.26787,1.0
2021-02-11 08:00:00,0.11,256.9364,1.0
2021-02-11 09:00:00,0.52,408.32892,1.0
2021-02-11 10:00:00,0.51,470.74722,1.0
2021-02-11 11:00:00,0.02,734.22784,1.0
2021-02-11 12:00:00,0.02,758.1018,1.0
2021-02-11 13:00:00,0.01,698.619,1.0
2021-02-11 14:00:00,0.07,562.0745,1.0
2021-02-11 15:00:00,0.19,374.4915,1.0
2021-02-11 16:00:00,0.0,164.81819,1.0
2021-02-11 17:00:00,0.23,12.359421,0.5388888888888889
2021-02-11 18:00:00,0.27,0.0,0.0
2021-02-11 19:00:00,0.86,0.0,0.0
2021-02-11 20:00:00,0.7,0.0,0.0
2021-02-11 21:00:00,0.86,0.0,0.0
2021-02-11 22:00:00,0.99,0.0,0.0
2021-02-11 23:00:00,0.99,0.0,0.0
2021-02-12 00:00:00,0.93,0.0,0.0
2021-02-12 01:00:00,0.94,0.0,0.0
2021-02-12 02:00:00,0.95,0.0,0.0
2021-02-12 03:00:00,0.95,0.0,0.0
2021-02-12 04:00:00,1.0,0.0,0.0
2021-02-12 05:00:00,1.0,0.0,0.0
2021-02-12 06:00:00,1.0,0.0,0.0675
2021-02-12 07:00:00,1.0,39.503555,1.0
2021-02-12 08:00:00,0.97,121.36594,1.0
2021-02-12 09:00:00,0.98,164.14809,1.0
2021-02-12 10:00:00,0.93,360.01065,1.0
2021-02-12 11:00:00,0.62,621.66296,1.0
2021-02-12 12:00:00,0.32,672.2336,1.0
2021-02-12 13:00:00,0.6,513.6429,1.0
2021-02-12 14:00:00,0.44,488.05756,1.0
2021-02-12 15:00:00,0.43,311.76083,1.0
2021-02-12 16:00:00,0.07,158.20406,1.0
2021-02-12 17:00:00,0.15,7.4776707,0.5586111111111111
2021-02-12 18:00:00,0.75,0.0,0.0
2021-02-12 19:00:00,0.92,0.0,0.0
2021-02-12 20:00:00,0.62,0.0,0.0
2021-02-12 21:00:00,0.79,0.0,0.0
2021-02-12 22:00:00,0.96,0.0,0.0
2021-02-12 23:00:00,0.99,0.0,0.0
2021-02-13 00:00:00,0.87,0.0,0.0
2021-02-13 01:00:00,0.74,0.0,0.0
2021-02-13 02:00:00,0.44,0.0,0.0
2021-02-13 03:00:00,0.45,0.0,0.0
2021-02-13 04:00:00,0.82,0.0,0.0
2021-02-13 05:00:00,0.59,0.0,0.0
2021-02-13 06:00:00,0.92,0.0,0.08777777777777777
2021-02-13 07:00:00,1.0,56.59149,1.0
2021-02-13 08:00:00,1.0,140.53261,1.0
2021-02-13 09:00:00,1.0,280.4346,1.0
2021-02-13 10:00:00,1.0,440.74445,1.0
2021-02-13 11:00:00,0.99,326.66052,1.0
2021-02-13 12:00:00,1.0,254.67023,1.0
2021-02-13 13:00:00,1.0,165.18648,1.0
2021-02-13 14:00:00,1.0,103.368,1.0
2021-02-13 15:00:00,1.0,91.62024,1.0
2021-02-13 16:00:00,1.0,40.750847,1.0
2021-02-13 17:00:00,1.0,2.981769,0.5780555555555555
2021-02-13 18:00:00,1.0,0.0,0.0
2021-02-13 19:00:00,0.99,0.0,0.0
2021-02-13 20:00:00,1.0,0.0,0.0
2021-02-13 21:00:00,1.0,0.0,0.0
2021-02-13 22:00:00,1.0,0.0,0.0
2021-02-13 23:00:00,1.0,0.0,0.0
2021-02-14 00:00:00,1.0,0.0,0.0
2021-02-14 01:00:00,1.0,0.0,0.0
2021-02-14 02:00:00,1.0,0.0,0.0
2021-02-14 03:00:00,1.0,0.0,0.0
2021-02-14 04:00:00,0.97,0.0,0.0
2021-02-14 05:00:00,0.98,0.0,0.0
2021-02-14 06:00:00,1.0,0.0,0.10833333333333334
2021-02-14 07:00:00,1.0,38.67567,1.0
2021-02-14 08:00:00,1.0,164.20758,1.0
2021-02-14 09:00:00,1.0,355.31033,1.0
2021-02-14 10:00:00,1.0,649.4976,1.0
2021-02-14 11:00:00,0.99,745.9637,1.0
2021-02-14 12:00:00,0.84,738.00903,1.0
2021-02-14 13:00:00,0.61,689.40356,1.0
2021-02-14 14:00:00,0.55,541.44885,1.0
2021-02-14 15:00:00,0.39,351.37146,1.0
2021-02-14 16:00:00,0.03,157.19745,1.0
2021-02-14 17:00:00,0.06,12.354889,0.5975
2021-02-14 18:00:00,0.9,0.0,0.0
2021-02-14 19:00:00,0.85,0.0,0.0
2021-02-14 20:00:00,0.6,0.0,0.0
2021-02-14 21:00:00,0.65,0.0,0.0
2021-02-14 22:00:00,0.35,0.0,0.0
2021-02-14 23:00:00,0.1,0.0,0.0
2021-02-15 00:00:00,0.15,0.0,0.0
2021-02-15 01:00:00,0.18,0.0,0.0
2021-02-15 02:00:00,0.58,0.0,0.0
2021-02-15 03:00:00,0.94,0.0,0.0
2021-02-15 04:00:00,0.97,0.0,0.0
2021-02-15 05:00:00,0.99,0.0,0.0
2021-02-15 06:00:00,1.0,0.0,0.1288888888888889
2021-02-15 07:00:00,0.52,105.96409,1.0
2021-02-15 08:00:00,0.43,324.605,1.0
2021-02-15 09:00:00,0.13,524.283,1.0
2021-02-15 10:00:00,0.02,717.2467,1.0
2021-02-15 11:00:00,0.05,797.98425,1.0
2021-02-15 12:00:00,0.02,811.3873,1.0
2021-02-15 13:00:00,0.01,744.6199,1.0
2021-02-15 14:00:00,0.05,592.8152,1.0
2021-02-15 15:00:00,0.5,343.5517,1.0
2021-02-15 16:00:00,1.0,153.34662,1.0
2021-02-15 17:00:00,0.78,16.865934,0.6169444444444444
2021-02-15 18:00:00,0.35,0.0,0.0
2021-02-15 19:00:00,0.72,0.0,0.0
2021-02-15 20:00:00,0.35,0.0,0.0
2021-02-15 21:00:00,0.99,0.0,0.0
2021-02-15 22:00:00,0.9,0.0,0.0
2021-02-15 23:00:00,0.58,0.0,0.0
2021-02-16 00:00:00,0.59,0.0,0.0
2021-02-16 01:00:00,0.05,0.0,0.0
2021-02-16 02:00:00,0.24,0.0,0.0
2021-02-16 03:00:00,0.04,0.0,0.0
2021-02-16 04:00:00,0.0,0.0,0.0
2021-02-16 05:00:00,0.0,0.0,0.0
2021-02-16 06:00:00,0.14,0.0,0.14972222222222223
2021-02-16 07:00:00,0.23,118.724686,1.0
2021-02-16 08:00:00,0.33,320.35626,1.0
2021-02-16 09:00:00,0.53,486.4557,1.0
2021-02-16 10:00:00,0.6,642.8037,1.0
2021-02-16 11:00:00,0.95,714.7346,1.0
2021-02-16 12:00:00,0.9,685.3074,1.0
2021-02-16 13:00:00,1.0,612.45245,1.0
2021-02-16 14:00:00,0.97,509.83188,1.0
2021-02-16 15:00:00,0.68,306.26422,1.0
2021-02-16 16:00:00,0.84,145.42648,1.0
2021-02-16 17:00:00,0.48,15.253766,0.6361111111111111
2021-02-16 18:00:00,0.84,0.0,0.0
2021-02-16 19:00:00,0.77,0.0,0.0
2021-02-16 20:00:00,0.59,0.0,0.0
2021-02-16 21:00:00,0.64,0.0,0.0
2021-02-16 22:00:00,0.33,0.0,0.0
2021-02-16 23:00:00,0.04,0.0,0.0
2021-02-17 00:00:00,0.56,0.0,0.0
2021-02-17 01:00:00,0.84,0.0,0.0
2021-02-17 02:00:00,0.81,0.0,0.0
2021-02-17 03:00:00,0.97,0.0,0.0
2021-02-17 04:00:00,0.93,0.0,0.0
2021-02-17 05:00:00,0.94,0.0,0.0
2021-02-17 06:00:00,0.6,0.0,0.17083333333333334
2021-02-17 07:00:00,0.77,85.484055,1.0
2021-02-17 08:00:00,0.73,278.44818,1.0
2021-02-17 09:00:00,0.83,471.80145,1.0
2021-02-17 10:00:00,0.81,659.5714,1.0
2021-02-17 11:00:00,0.78,693.1129,1.0
2021-02-17 12:00:00,0.81,623.98755,1.0
2021-02-17 13:00:00,0.97,496.60794,1.0
2021-02-17 14:00:00,0.99,331.5793,1.0
2021-02-17 15:00:00,0.99,189.47763,1.0
2021-02-17 16:00:00,0.99,76.003685,1.0
2021-02-17 17:00:00,0.99,7.9513845,0.655
2021-02-17 18:00:00,1.0,0.0,0.0
2021-02-17 19:00:00,1.0,0.0,0.0
2021-02-17 20:00:00,1.0,0.0,0.0
2021-02-17 21:00:00,1.0,0.0,0.0
2021-02-17 22:00:00,1.0,0.0,0.0
2021-02-17 23:00:00,1.0,0.0,0.0
2021-02-18 00:00:00,1.0,0.0,0.0
2021-02-18 01:00:00,0.99,0.0,0.0
2021-02-18 02:00:00,0.98,0.0,0.0
2021-02-18 03:00:00,0.99,0.0,0.0
2021-02-18 04:00:00,0.94,0.0,0.0
2021-02-18 05:00:00,1.0,0.0,0.0
2021-02-18 06:00:00,0.99,0.0,0.1925
2021-02-18 07:00:00,0.88,116.79885,1.0
2021-02-18 08:00:00,0.32,360.49808,1.0
2021-02-18 09:00:00,0.05,593.54486,1.0
2021-02-18 10:00:00,0.01,754.63184,1.0
2021-02-18 11:00:00,0.0,838.66583,1.0
2021-02-18 12:00:00,0.03,843.8431,1.0
2021-02-18 13:00:00,0.04,769.8914,1.0
2021-02-18 14:00:00,0.01,633.96136,1.0
2021-02-18 15:00:00,0.01,438.1441,1.0
2021-02-18 16:00:00,0.0,212.96147,1.0
2021-02-18 17:00:00,0.02,24.341206,0.6741666666666667
2021-02-18 18:00:00,0.06,0.0,0.0
2021-02-18 19:00:00,0.5,0.0,0.0
2021-02-18 20:00:00,0.05,0.0,0.0
2021-02-18 21:00:00,0.03,0.0,0.0
2021-02-18 22:00:00,0.03,0.0,0.0
2021-02-18 23:00:00,0.02,0.0,0.0
2021-02-19 00:00:00,0.01,0.0,0.0
2021-02-19 01:00:00,0.0,0.0,0.0
2021-02-19 02:00:00,0.14,0.0,0.0
2021-02-19 03:00:00,0.52,0.0,0.0
2021-02-19 04:00:00,0.98,0.0,0.0
2021-02-19 05:00:00,0.93,0.0,0.0
2021-02-19 06:00:00,1.0,0.0,0.21472222222222223
2021-02-19 07:00:00,0.11,93.04801,1.0
2021-02-19 08:00:00,0.14,367.3769,1.0
2021-02-19 09:00:00,0.64,585.0172,1.0
2021-02-19 10:00:00,0.0,761.01587,1.0
2021-02-19 11:00:00,0.01,838.6149,1.0
2021-02-19 12:00:00,0.15,835.17944,1.0
2021-02-19 13:00:00,0.97,725.2383,1.0
2021-02-19 14:00:00,0.84,530.4335,1.0
2021-02-19 15:00:00,0.08,412.31653,1.0
2021-02-19 16:00:00,0.0,214.85677,1.0
2021-02-19 17:00:00,0.0,27.360193,0.6930555555555555
2021-02-19 18:00:00,0.01,0.0,0.0
2021-02-19 19:00:00,0.28,0.0,0.0
2021-02-19 20:00:00,0.28,0.0,0.0
2021-02-19 21:00:00,0.55,0.0,0.0
2021-02-19 22:00:00,0.63,0.0,0.0
2021-02-19 23:00:00,0.48,0.0,0.0
2021-02-20 00:00:00,0.1,0.0,0.0
2021-02-20 01:00:00,0.39,0.0,0.0
2021-02-20 02:00:00,0.59,0.0,0.0
2021-02-20 03:00:00,0.01,0.0,0.0
2021-02-20 04:00:00,0.0,0.0,0.0
2021-02-20 05:00:00,0.01,0.0,0.0
2021-02-20 06:00:00,0.02,0.0,0.23722222222222222
2021-02-20 07:00:00,0.01,147.78824,1.0
2021-02-20 08:00:00,0.01,380.9998,1.0
2021-02-20 09:00:00,0.0,590.0967,1.0
2021-02-20 10:00:00,0.0,745.8899,1.0
2021-02-20 11:00:00,0.0,824.297,1.0
2021-02-20 12:00:00,0.0,829.93286,1.0
2021-02-20 13:00:00,0.41,679.96497,1.0
2021-02-20 14:00:00,0.57,462.28055,1.0
2021-02-20 15:00:00,0.67,347.51743,1.0
2021-02-20 16:00:00,0.49,166.8016,1.0
2021-02-20 17:00:00,0.55,9.144511,0.7119444444444445
2021-02-20 18:00:00,1.0,0.0,0.0
2021-02-20 19:00:00,1.0,0.0,0.0
2021-02-20 20:00:00,0.95,0.0,0.0
2021-02-20 21:00:00,0.94,0.0,0.0
2021-02-20 22:00:00,0.57,0.0,0.0
2021-02-20 23:00:00,0.83,0.0,0.0
2021-02-21 00:00:00,0.58,0.0,0.0
2021-02-21 01:00:00,0.5,0.0,0.0
2021-02-21 02:00:00,0.44,0.0,0.0
2021-02-21 03:00:00,0.26,0.0,0.0
2021-02-21 04:00:00,0.38,0.0,0.0
2021-02-21 05:00:00,0.31,0.0,0.0
2021-02-21 06:00:00,0.35,0.0,0.26
2021-02-21 07:00:00,0.26,105.16115,1.0
2021-02-21 08:00:00,0.05,349.78232,1.0
2021-02-21 09:00:00,0.07,594.6773,1.0
2021-02-21 10:00:00,0.19,713.09406,1.0
2021-02-21 11:00:00,0.26,740.93335,1.0
2021-02-21 12:00:00,0.1,793.6221,1.0
2021-02-21 13:00:00,0.08,740.90015,1.0
2021-02-21 14:00:00,0.1,602.3216,1.0
2021-02-21 15:00:00,0.15,395.7104,1.0
2021-02-21 16:00:00,0.03,216.33322,1.0
2021-02-21 17:00:00,0.0,30.152597,0.7308333333333333
2021-02-21 18:00:00,0.01,0.0,0.0
2021-02-21 19:00:00,0.01,0.0,0.0
2021-02-21 20:00:00,0.02,0.0,0.0
2021-02-21 21:00:00,0.03,0.0,0.0
2021-02-21 22:00:00,0.03,0.0,0.0
2021-02-21 23:00:00,0.02,0.0,0.0
2021-02-22 00:00:00,0.01,0.0,0.0
2021-02-22 01:00:00,0.02,0.0,0.0
2021-02-22 02:00:00,0.02,0.0,0.0
2021-02-22 03:00:00,0.02,0.0,0.0
2021-02-22 04:00:00,0.03,0.0,0.0
2021-02-22 05:00:00,0.02,0.0,0.0
2021-02-22 06:00:00,0.01,4.177128,0.2833333333333333
2021-02-22 07:00:00,0.04,152.56715,1.0
2021-02-22 08:00:00,0.05,370.64243,1.0
2021-02-22 09:00:00,0.07,564.4885,1.0
2021-02-22 10:00:00,0.04,728.36566,1.0
2021-02-22 11:00:00,0.02,823.19855,1.0
2021-02-22 12:00:00,0.0,833.3496,1.0
2021-02-22 13:00:00,0.01,760.3662,1.0
2021-02-22 14:00:00,0.01,620.73254,1.0
2021-02-22 15:00:00,0.01,432.2,1.0
2021-02-22 16:00:00,0.01,211.551,1.0
2021-02-22 17:00:00,0.02,29.964539,0.7497222222222222
2021-02-22 18:00:00,0.01,0.0,0.0
2021-02-22 19:00:00,0.01,0.0,0.0
2021-02-22 20:00:00,0.01,0.0,0.0
2021-02-22 21:00:00,0.01,0.0,0.0
2021-02-22 22:00:00,0.0,0.0,0.0
2021-02-22 23:00:00,0.0,0.0,0.0
2021-02-23 00:00:00,0.0,0.0,0.0
2021-02-23 01:00:00,0.67,0.0,0.0
2021-02-23 02:00:00,0.84,0.0,0.0
2021-02-23 03:00:00,0.93,0.0,0.0
2021-02-23 04:00:00,1.0,0.0,0.0
2021-02-23 05:00:00,1.0,0.0,0.0
2021-02-23 06:00:00,0.33,5.0234213,0.30694444444444446
2021-02-23 07:00:00,0.23,158.57635,1.0
2021-02-23 08:00:00,0.0,401.39313,1.0
2021-02-23 09:00:00,0.0,607.8523,1.0
2021-02-23 10:00:00,0.0,758.56116,1.0
2021-02-23 11:00:00,0.0,836.1378,1.0
2021-02-23 12:00:00,0.0,838.28796,1.0
2021-02-23 13:00:00,0.0,766.34985,1.0
2021-02-23 14:00:00,0.0,627.1591,1.0
2021-02-23 15:00:00,0.01,435.9278,1.0
2021-02-23 16:00:00,0.01,215.19246,1.0
2021-02-23 17:00:00,0.02,28.502369,0.7683333333333333
2021-02-23 18:00:00,0.0,0.0,0.0
2021-02-23 19:00:00,0.0,0.0,0.0
2021-02-23 20:00:00,0.09,0.0,0.0
2021-02-23 21:00:00,0.02,0.0,0.0
2021-02-23 22:00:00,0.08,0.0,0.0
2021-02-23 23:00:00,0.32,0.0,0.0
2021-02-24 00:00:00,0.3,0.0,0.0
2021-02-24 01:00:00,0.1,0.0,0.0
2021-02-24 02:00:00,0.1,0.0,0.0
2021-02-24 03:00:00,0.02,0.0,0.0
2021-02-24 04:00:00,0.01,0.0,0.0
2021-02-24 05:00:00,0.01,0.0,0.0
2021-02-24 06:00:00,0.0,4.8890004,0.33111111111111113
2021-02-24 07:00:00,0.05,149.27272,1.0
2021-02-24 08:00:00,0.57,305.20334,1.0
2021-02-24 09:00:00,0.33,522.71906,1.0
2021-02-24 10:00:00,0.12,728.7194,1.0
2021-02-24 11:00:00,0.48,810.1165,1.0
2021-02-24 12:00:00,0.76,741.6304,1.0
2021-02-24 13:00:00,0.56,597.83545,1.0
2021-02-24 14:00:00,0.78,372.58667,1.0
2021-02-24 15:00:00,0.89,120.940834,1.0
2021-02-24 16:00:00,1.0,26.835924,1.0
2021-02-24 17:00:00,1.0,13.951835,0.7869444444444444
2021-02-24 18:00:00,1.0,0.0,0.0
2021-02-24 19:00:00,1.0,0.0,0.0
2021-02-24 20:00:00,1.0,0.0,0.0
2021-02-24 21:00:00,1.0,0.0,0.0
2021-02-24 22:00:00,1.0,0.0,0.0
2021-02-24 23:00:00,1.0,0.0,0.0
2021-02-25 00:00:00,1.0,0.0,0.0
2021-02-25 01:00:00,1.0,0.0,0.0
2021-02-25 02:00:00,1.0,0.0,0.0
2021-02-25 03:00:00,1.0,0.0,0.0
2021-02-25 04:00:00,1.0,0.0,0.0
2021-02-25 05:00:00,1.0,0.0,0.0
2021-02-25 06:00:00,0.99,2.981769,0.3552777777777778
2021-02-25 07:00:00,0.97,110.74099,1.0
2021-02-25 08:00:00,0.88,411.78677,1.0
2021-02-25 09:00:00,0.19,634.9812,1.0
2021-02-25 10:00:00,0.04,792.4309,1.0
2021-02-25 11:00:00,0.0,868.6829,1.0
2021-02-25 12:00:00,0.0,872.6137,1.0
2021-02-25 13:00:00,0.02,801.04926,1.0
2021-02-25 14:00:00,0.02,660.2779,1.0
2021-02-25 15:00:00,0.03,464.81757,1.0
2021-02-25 16:00:00,0.0,235.76437,1.0
2021-02-25 17:00:00,0.0,38.24409,0.8055555555555556
2021-02-25 18:00:00,0.0,0.0,0.0
2021-02-25 19:00:00,0.0,0.0,0.0
2021-02-25 20:00:00,0.0,0.0,0.0
2021-02-25 21:00:00,0.0,0.0,0.0
2021-02-25 22:00:00,0.0,0.0,0.0
2021-02-25 23:00:00,0.0,0.0,0.0
2021-02-26 00:00:00,0.0,0.0,0.0
2021-02-26 01:00:00,0.42,0.0,0.0
2021-02-26 02:00:00,0.63,0.0,0.0
2021-02-26 03:00:00,0.05,0.0,0.0
2021-02-26 04:00:00,0.0,0.0,0.0
2021-02-26 05:00:00,0.0,0.0,0.0
2021-02-26 06:00:00,0.0,8.317258,0.37972222222222224
2021-02-26 07:00:00,0.01,187.76025,1.0
2021-02-26 08:00:00,0.0,434.48416,1.0
2021-02-26 09:00:00,0.0,645.9272,1.0
2021-02-26 10:00:00,0.0,801.6577,1.0
2021-02-26 11:00:00,0.0,895.86084,1.0
2021-02-26 12:00:00,0.0,896.33875,1.0
2021-02-26 13:00:00,0.0,820.76,1.0
2021-02-26 14:00:00,0.0,680.85077,1.0
2021-02-26 15:00:00,0.0,480.07538,1.0
2021-02-26 16:00:00,0.0,243.88919,1.0
2021-02-26 17:00:00,0.27,39.942375,0.8241666666666667
2021-02-26 18:00:00,0.83,0.0,0.0
2021-02-26 19:00:00,0.72,0.0,0.0
2021-02-26 20:00:00,0.0,0.0,0.0
2021-02-26 21:00:00,0.0,0.0,0.0
2021-02-26 22:00:00,0.68,0.0,0.0
2021-02-26 23:00:00,0.73,0.0,0.0
2021-02-27 00:00:00,1.0,0.0,0.0
2021-02-27 01:00:00,0.99,0.0,0.0
2021-02-27 02:00:00,0.84,0.0,0.0
2021-02-27 03:00:00,1.0,0.0,0.0
2021-02-27 04:00:00,0.99,0.0,0.0
2021-02-27 05:00:00,0.99,0.0,0.0
2021-02-27 06:00:00,1.0,4.9696155,0.40444444444444444
2021-02-27 07:00:00,0.23,180.32524,1.0
2021-02-27 08:00:00,0.38,393.9735,1.0
2021-02-27 09:00:00,0.63,515.3778,1.0
2021-02-27 10:00:00,0.76,479.43893,1.0
2021-02-27 11:00:00,1.0,455.84167,1.0
2021-02-27 12:00:00,0.66,825.6968,1.0
2021-02-27 13:00:00,0.38,780.06744,1.0
2021-02-27 14:00:00,0.2,673.9919,1.0
2021-02-27 15:00:00,0.21,465.51483,1.0
2021-02-27 16:00:00,0.83,210.52856,1.0
2021-02-27 17:00:00,0.1,40.665882,0.8425
2021-02-27 18:00:00,0.24,0.0,0.0
2021-02-27 19:00:00,0.0,0.0,0.0
2021-02-27 20:00:00,0.01,0.0,0.0
2021-02-27 21:00:00,0.0,0.0,0.0
2021-02-27 22:00:00,0.01,0.0,0.0
2021-02-27 23:00:00,0.0,0.0,0.0
2021-02-28 00:00:00,0.01,0.0,0.0
2021-02-28 01:00:00,0.41,0.0,0.0
2021-02-28 02:00:00,0.79,0.0,0.0
2021-02-28 03:00:00,0.91,0.0,0.0
2021-02-28 04:00:00,0.62,0.0,0.0
2021-02-28 05:00:00,0.41,0.0,0.0
2021-02-28 06:00:00,0.21,9.917041,0.42916666666666664
2021-02-28 07:00:00,0.01,193.1232,1.0
2021-02-28 08:00:00,0.0,452.0471,1.0
2021-02-28 09:00:00,0.0,663.8786,1.0
2021-02-28 10:00:00,0.0,821.85876,1.0
2021-02-28 11:00:00,0.0,905.56573,1.0
2021-02-28 12:00:00,0.0,910.64526,1.0
2021-02-28 13:00:00,0.0,839.61816,1.0
2021-02-28 14:00:00,0.0,693.9677,1.0
2021-02-28 15:00:00,0.0,492.0471,1.0
2021-02-28 16:00:00,0.0,254.91824,1.0
2021-02-28 17:00:00,0.0,46.229683,0.8608333333333333
2021-02-28 18:00:00,0.0,0.0,0.0
2021-02-28 19:00:00,0.0,0.0,0.0
2021-02-28 20:00:00,0.0,0.0,0.0
2021-02-28 21:00:00,0.0,0.0,0.0
2021-02-28 22:00:00,0.0,0.0,0.0
2021-02-28 23:00:00,0.0,0.0,0.0
2021-03-01 00:00:00,0.0,0.0,0.0
2021-03-01 01:00:00,0.0,0.0,0.0
2021-03-01 02:00:00,0.0,0.0,0.0
2021-03-01 03:00:00,0.0,0.0,0.0
2021-03-01 04:00:00,0.0,0.0,0.0
2021-03-01 05:00:00,0.0,0.0,0.0
2021-03-01 06:00:00,0.0,12.135383,0.45444444444444443
2021-03-01 07:00:00,0.0,198.53568,1.0
2021-03-01 08:00:00,0.0,442.49805,1.0
2021-03-01 09:00:00,0.0,653.78467,1.0
2021-03-01 10:00:00,0.0,806.97955,1.0
2021-03-01 11:00:00,0.0,888.825,1.0
2021-03-01 12:00:00,0.0,894.1843,1.0
2021-03-01 13:00:00,0.0,820.2887,1.0
2021-03-01 14:00:00,0.0,677.4943,1.0
2021-03-01 15:00:00,0.0,479.2532,1.0
2021-03-01 16:00:00,0.0,247.84671,1.0
2021-03-01 17:00:00,0.0,44.888878,0.8791666666666667
2021-03-01 18:00:00,0.0,0.0,0.0
2021-03-01 19:00:00,0.0,0.0,0.0
2021-03-01 20:00:00,0.0,0.0,0.0
2021-03-01 21:00:00,0.0,0.0,0.0
2021-03-01 22:00:00,0.0,0.0,0.0
2021-03-01 23:00:00,0.0,0.0,0.0
2021-03-02 00:00:00,0.0,0.0,0.0
2021-03-02 01:00:00,0.0,0.0,0.0
2021-03-02 02:00:00,0.0,0.0,0.0
2021-03-02 03:00:00,0.0,0.0,0.0
2021-03-02 04:00:00,0.0,0.0,0.0
2021-03-02 05:00:00,0.0,0.0,0.0
2021-03-02 06:00:00,0.0,14.211448,0.47944444444444445
2021-03-02 07:00:00,0.0,208.22638,1.0
2021-03-02 08:00:00,0.0,452.5994,1.0
2021-03-02 09:00:00,0.0,663.53845,1.0
2021-03-02 10:00:00,0.0,817.4608,1.0
2021-03-02 11:00:00,0.0,896.0178,1.0
2021-03-02 12:00:00,0.0,897.85187,1.0
2021-03-02 13:00:00,0.0,821.6905,1.0
2021-03-02 14:00:00,0.0,676.284,1.0
2021-03-02 15:00:00,0.0,475.60275,1.0
2021-03-02 16:00:00,0.0,246.24677,1.0
2021-03-02 17:00:00,0.0,45.464657,0.8975
2021-03-02 18:00:00,0.0,0.0,0.0
2021-03-02 19:00:00,0.0,0.0,0.0
2021-03-02 20:00:00,0.0,0.0,0.0
2021-03-02 21:00:00,0.0,0.0,0.0
2021-03-02 22:00:00,0.0,0.0,0.0
2021-03-02 23:00:00,0.0,0.0,0.0
2021-03-03 00:00:00,0.0,0.0,0.0
2021-03-03 01:00:00,0.0,0.0,0.0
2021-03-03 02:00:00,0.0,0.0,0.0
2021-03-03 03:00:00,0.0,0.0,0.0
2021-03-03 04:00:00,0.54,0.0,0.0
2021-03-03 05:00:00,0.8,0.0,0.0
2021-03-03 06:00:00,0.62,14.917407,0.5047222222222222
2021-03-03 07:00:00,0.09,202.17575,1.0
2021-03-03 08:00:00,0.0,445.6845,1.0
2021-03-03 09:00:00,0.0,653.472,1.0
2021-03-03 10:00:00,0.0,804.3097,1.0
2021-03-03 11:00:00,0.0,884.1596,1.0
2021-03-03 12:00:00,0.0,888.4087,1.0
2021-03-03 13:00:00,0.0,815.3089,1.0
2021-03-03 14:00:00,0.0,673.26117,1.0
2021-03-03 15:00:00,0.0,475.80453,1.0
2021-03-03 16:00:00,0.0,247.54243,1.0
2021-03-03 17:00:00,0.0,47.053005,0.9155555555555556
2021-03-03 18:00:00,0.0,0.0,0.0
2021-03-03 19:00:00,0.0,0.0,0.0
2021-03-03 20:00:00,0.0,0.0,0.0
2021-03-03 21:00:00,0.0,0.0,0.0
2021-03-03 22:00:00,0.0,0.0,0.0
2021-03-03 23:00:00,0.0,0.0,0.0
2021-03-04 00:00:00,0.0,0.0,0.0
2021-03-04 01:00:00,0.2,0.0,0.0
2021-03-04 02:00:00,0.23,0.0,0.0
2021-03-04 03:00:00,1.0,0.0,0.0
2021-03-04 04:00:00,0.89,0.0,0.0
2021-03-04 05:00:00,0.93,0.0,0.0
2021-03-04 06:00:00,0.48,12.479455,0.53
2021-03-04 07:00:00,0.77,101.15012,1.0
2021-03-04 08:00:00,0.82,253.51295,1.0
2021-03-04 09:00:00,1.0,247.19566,1.0
2021-03-04 10:00:00,1.0,246.34628,1.0
2021-03-04 11:00:00,1.0,315.1772,1.0
2021-03-04 12:00:00,0.99,507.8091,1.0
2021-03-04 13:00:00,0.96,498.3578,1.0
2021-03-04 14:00:00,1.0,146.01328,1.0
2021-03-04 15:00:00,1.0,68.580696,1.0
2021-03-04 16:00:00,1.0,63.611076,1.0
2021-03-04 17:00:00,1.0,8.945308,0.9336111111111111
2021-03-04 18:00:00,1.0,0.0,0.0
2021-03-04 19:00:00,1.0,0.0,0.0
2021-03-04 20:00:00,1.0,0.0,0.0
2021-03-04 21:00:00,1.0,0.0,0.0
2021-03-04 22:00:00,1.0,0.0,0.0
2021-03-04 23:00:00,1.0,0.0,0.0
2021-03-05 00:00:00,1.0,0.0,0.0
2021-03-05 01:00:00,0.34,0.0,0.0
2021-03-05 02:00:00,0.0,0.0,0.0
2021-03-05 03:00:00,0.0,0.0,0.0
2021-03-05 04:00:00,0.0,0.0,0.0
2021-03-05 05:00:00,0.01,0.0,0.0
2021-03-05 06:00:00,0.0,19.620413,0.5552777777777778
2021-03-05 07:00:00,0.0,205.77043,1.0
2021-03-05 08:00:00,0.0,442.2393,1.0
2021-03-05 09:00:00,0.0,647.3803,1.0
2021-03-05 10:00:00,0.0,797.6034,1.0
2021-03-05 11:00:00,0.0,877.2467,1.0
2021-03-05 12:00:00,0.0,880.54285,1.0
2021-03-05 13:00:00,0.0,808.9757,1.0
2021-03-05 14:00:00,0.0,670.4471,1.0
2021-03-05 15:00:00,0.0,474.5782,1.0
2021-03-05 16:00:00,0.0,249.00522,1.0
2021-03-05 17:00:00,0.0,49.130814,0.9516666666666667
2021-03-05 18:00:00,0.0,0.0,0.0
2021-03-05 19:00:00,0.0,0.0,0.0
2021-03-05 20:00:00,0.0,0.0,0.0
2021-03-05 21:00:00,0.0,0.0,0.0
2021-03-05 22:00:00,0.0,0.0,0.0
2021-03-05 23:00:00,0.0,0.0,0.0
2021-03-06 00:00:00,0.0,0.0,0.0
2021-03-06 01:00:00,0.0,0.0,0.0
2021-03-06 02:00:00,0.0,0.0,0.0
2021-03-06 03:00:00,0.0,0.0,0.0
2021-03-06 04:00:00,0.0,0.0,0.0
2021-03-06 05:00:00,0.0,0.0,0.0
2021-03-06 06:00:00,0.04,23.385729,0.5808333333333333
2021-03-06 07:00:00,0.38,220.34819,1.0
2021-03-06 08:00:00,0.47,459.6447,1.0
2021-03-06 09:00:00,0.69,665.1646,1.0
2021-03-06 10:00:00,0.44,817.29803,1.0
2021-03-06 11:00:00,0.8,894.7478,1.0
2021-03-06 12:00:00,0.89,895.1197,1.0
2021-03-06 13:00:00,0.92,812.6084,1.0
2021-03-06 14:00:00,0.91,656.56274,1.0
2021-03-06 15:00:00,0.93,476.56375,1.0
2021-03-06 16:00:00,0.93,236.3898,1.0
2021-03-06 17:00:00,0.55,50.765858,0.9694444444444444
2021-03-06 18:00:00,0.2,0.0,0.0
2021-03-06 19:00:00,0.8,0.0,0.0
2021-03-06 20:00:00,0.06,0.0,0.0
2021-03-06 21:00:00,0.79,0.0,0.0
2021-03-06 22:00:00,0.95,0.0,0.0
2021-03-06 23:00:00,0.99,0.0,0.0
2021-03-07 00:00:00,0.99,0.0,0.0
2021-03-07 01:00:00,1.0,0.0,0.0
2021-03-07 02:00:00,1.0,0.0,0.0
2021-03-07 03:00:00,1.0,0.0,0.0
2021-03-07 04:00:00,1.0,0.0,0.0
2021-03-07 05:00:00,1.0,0.0,0.0
2021-03-07 06:00:00,0.87,20.949215,0.6061111111111112
2021-03-07 07:00:00,0.85,210.09663,1.0
2021-03-07 08:00:00,0.85,429.8215,1.0
2021-03-07 09:00:00,0.97,611.3554,1.0
2021-03-07 10:00:00,0.98,761.0113,1.0
2021-03-07 11:00:00,0.95,810.7318,1.0
2021-03-07 12:00:00,0.92,808.6078,1.0
2021-03-07 13:00:00,0.97,702.696,1.0
2021-03-07 14:00:00,0.99,541.62164,1.0
2021-03-07 15:00:00,0.97,408.28677,1.0
2021-03-07 16:00:00,0.82,251.1749,1.0
2021-03-07 17:00:00,0.64,51.80127,0.9872222222222222
2021-03-07 18:00:00,0.83,0.0,0.0
2021-03-07 19:00:00,0.51,0.0,0.0
2021-03-07 20:00:00,0.37,0.0,0.0
2021-03-07 21:00:00,0.94,0.0,0.0
2021-03-07 22:00:00,0.98,0.0,0.0
2021-03-07 23:00:00,0.99,0.0,0.0
2021-03-08 00:00:00,0.99,0.0,0.0
2021-03-08 01:00:00,0.96,0.0,0.0
2021-03-08 02:00:00,0.18,0.0,0.0
2021-03-08 03:00:00,0.83,0.0,0.0
2021-03-08 04:00:00,0.86,0.0,0.0
2021-03-08 05:00:00,0.96,0.0,0.0
2021-03-08 06:00:00,0.99,12.848258,0.6313888888888889
2021-03-08 07:00:00,0.99,137.92197,1.0
2021-03-08 08:00:00,1.0,195.19893,1.0
2021-03-08 09:00:00,1.0,159.0277,1.0
2021-03-08 10:00:00,1.0,205.74208,1.0
2021-03-08 11:00:00,1.0,214.5602,1.0
2021-03-08 12:00:00,1.0,222.1613,1.0
2021-03-08 13:00:00,0.61,573.05743,1.0
2021-03-08 14:00:00,0.84,506.47635,1.0
2021-03-08 15:00:00,0.83,418.35474,1.0
2021-03-08 16:00:00,0.44,249.23225,1.0
2021-03-08 17:00:00,0.0,54.75115,1.0
2021-03-08 18:00:00,0.0,0.0,0.004722222222222222
2021-03-08 19:00:00,0.0,0.0,0.0
2021-03-08 20:00:00,0.0,0.0,0.0
2021-03-08 21:00:00,0.0,0.0,0.0
2021-03-08 22:00:00,0.0,0.0,0.0
2021-03-08 23:00:00,0.0,0.0,0.0
2021-03-09 00:00:00,0.0,0.0,0.0
2021-03-09 01:00:00,0.0,0.0,0.0
2021-03-09 02:00:00,0.0,0.0,0.0
2021-03-09 03:00:00,0.0,0.0,0.0
2021-03-09 04:00:00,0.0,0.0,0.0
2021-03-09 05:00:00,0.27,0.0,0.0
2021-03-09 06:00:00,0.32,27.089508,0.6566666666666666
2021-03-09 07:00:00,0.38,221.4967,1.0
2021-03-09 08:00:00,0.54,449.79053,1.0
2021-03-09 09:00:00,0.52,658.27496,1.0
2021-03-09 10:00:00,0.99,695.30695,1.0
2021-03-09 11:00:00,0.93,807.1843,1.0
2021-03-09 12:00:00,1.0,841.6635,1.0
2021-03-09 13:00:00,0.95,783.5086,1.0
2021-03-09 14:00:00,0.56,626.27356,1.0
2021-03-09 15:00:00,0.87,340.77173,1.0
2021-03-09 16:00:00,0.98,143.69933,1.0
2021-03-09 17:00:00,0.98,49.929104,1.0
2021-03-09 18:00:00,0.66,0.0,0.0225
2021-03-09 19:00:00,0.97,0.0,0.0
2021-03-09 20:00:00,0.92,0.0,0.0
2021-03-09 21:00:00,0.36,0.0,0.0
2021-03-09 22:00:00,0.48,0.0,0.0
2021-03-09 23:00:00,0.5,0.0,0.0
2021-03-10 00:00:00,0.98,0.0,0.0
2021-03-10 01:00:00,0.93,0.0,0.0
2021-03-10 02:00:00,0.96,0.0,0.0
2021-03-10 03:00:00,0.77,0.0,0.0
2021-03-10 04:00:00,0.93,0.0,0.0
2021-03-10 05:00:00,0.9,0.0,0.0
2021-03-10 06:00:00,1.0,3.8500977,0.6825
2021-03-10 07:00:00,1.0,81.88219,1.0
2021-03-10 08:00:00,1.0,219.88521,1.0
2021-03-10 09:00:00,1.0,455.44492,1.0
2021-03-10 10:00:00,0.94,672.8089,1.0
2021-03-10 11:00:00,0.8,792.6378,1.0
2021-03-10 12:00:00,0.51,805.32965,1.0
2021-03-10 13:00:00,0.57,741.4063,1.0
2021-03-10 14:00:00,0.61,624.6714,1.0
2021-03-10 15:00:00,0.45,475.59192,1.0
2021-03-10 16:00:00,0.11,264.948,1.0
2021-03-10 17:00:00,0.31,65.74742,1.0
2021-03-10 18:00:00,0.01,0.0,0.04
2021-03-10 19:00:00,0.0,0.0,0.0
2021-03-10 20:00:00,0.0,0.0,0.0
2021-03-10 21:00:00,0.0,0.0,0.0
2021-03-10 22:00:00,0.02,0.0,0.0
2021-03-10 23:00:00,0.0,0.0,0.0
2021-03-11 00:00:00,0.0,0.0,0.0
2021-03-11 01:00:00,0.04,0.0,0.0
2021-03-11 02:00:00,0.46,0.0,0.0
2021-03-11 03:00:00,0.11,0.0,0.0
2021-03-11 04:00:00,0.02,0.0,0.0
2021-03-11 05:00:00,0.01,0.0,0.0
2021-03-11 06:00:00,0.0,35.60357,0.7083333333333334
2021-03-11 07:00:00,0.01,241.93561,1.0
2021-03-11 08:00:00,0.18,451.7364,1.0
2021-03-11 09:00:00,0.17,648.7914,1.0
2021-03-11 10:00:00,0.08,823.28876,1.0
2021-03-11 11:00:00,0.0,914.6888,1.0
2021-03-11 12:00:00,0.01,921.157,1.0
2021-03-11 13:00:00,0.25,760.03125,1.0
2021-03-11 14:00:00,0.35,613.7228,1.0
2021-03-11 15:00:00,0.31,427.11475,1.0
2021-03-11 16:00:00,0.32,218.9198,1.0
2021-03-11 17:00:00,1.0,35.0499,1.0
2021-03-11 18:00:00,0.87,0.0,0.0575
2021-03-11 19:00:00,0.68,0.0,0.0
2021-03-11 20:00:00,0.99,0.0,0.0
2021-03-11 21:00:00,1.0,0.0,0.0
2021-03-11 22:00:00,1.0,0.0,0.0
2021-03-11 23:00:00,0.99,0.0,0.0
2021-03-12 00:00:00,0.97,0.0,0.0
2021-03-12 01:00:00,0.98,0.0,0.0
2021-03-12 02:00:00,0.99,0.0,0.0
2021-03-12 03:00:00,0.92,0.0,0.0
2021-03-12 04:00:00,0.95,0.0,0.0
2021-03-12 05:00:00,0.97,0.0,0.0
2021-03-12 06:00:00,0.96,9.939231,0.7344444444444445
2021-03-12 07:00:00,0.99,56.77151,1.0
2021-03-12 08:00:00,0.99,94.42269,1.0
2021-03-12 09:00:00,0.99,189.98474,1.0
2021-03-12 10:00:00,0.99,366.83224,1.0
2021-03-12 11:00:00,1.0,398.7404,1.0
2021-03-12 12:00:00,0.94,249.61794,1.0
2021-03-12 13:00:00,0.91,222.63876,1.0
2021-03-12 14:00:00,0.99,154.49138,1.0
2021-03-12 15:00:00,1.0,103.368,1.0
2021-03-12 16:00:00,0.99,111.13749,1.0
2021-03-12 17:00:00,0.79,25.417498,1.0
2021-03-12 18:00:00,0.8,0.0,0.07472222222222222
2021-03-12 19:00:00,0.98,0.0,0.0
2021-03-12 20:00:00,0.97,0.0,0.0
2021-03-12 21:00:00,0.98,0.0,0.0
2021-03-12 22:00:00,0.99,0.0,0.0
2021-03-12 23:00:00,1.0,0.0,0.0
2021-03-13 00:00:00,1.0,0.0,0.0
2021-03-13 01:00:00,1.0,0.0,0.0
2021-03-13 02:00:00,1.0,0.0,0.0
2021-03-13 03:00:00,1.0,0.0,0.0
2021-03-13 04:00:00,1.0,0.0,0.0
2021-03-13 05:00:00,1.0,0.0,0.0
2021-03-13 06:00:00,0.99,3.9756923,0.7608333333333334
2021-03-13 07:00:00,1.0,20.872385,1.0
2021-03-13 08:00:00,1.0,62.617153,1.0
2021-03-13 09:00:00,1.0,82.49562,1.0
2021-03-13 10:00:00,1.0,72.55638,1.0
2021-03-13 11:00:00,1.0,107.3437,1.0
2021-03-13 12:00:00,0.99,251.84631,1.0
2021-03-13 13:00:00,1.0,150.08238,1.0
2021-03-13 14:00:00,0.96,162.2453,1.0
2021-03-13 15:00:00,1.0,145.18532,1.0
2021-03-13 16:00:00,0.97,55.79602,1.0
2021-03-13 17:00:00,1.0,11.927076,1.0
2021-03-13 18:00:00,1.0,0.0,0.09222222222222222
2021-03-13 19:00:00,0.97,0.0,0.0
2021-03-13 20:00:00,0.81,0.0,0.0
2021-03-13 21:00:00,1.0,0.0,0.0
2021-03-13 22:00:00,0.87,0.0,0.0
2021-03-13 23:00:00,1.0,0.0,0.0
2021-03-14 00:00:00,1.0,0.0,0.0
2021-03-14 01:00:00,0.84,0.0,0.0
2021-03-14 02:00:00,1.0,0.0,0.0
2021-03-14 03:00:00,1.0,0.0,0.0
2021-03-14 04:00:00,1.0,0.0,0.0
2021-03-14 05:00:00,1.0,0.0,0.0
2021-03-14 06:00:00,1.0,6.9574614,0.7875
2021-03-14 07:00:00,1.0,37.769077,1.0
2021-03-14 08:00:00,0.98,119.00311,1.0
2021-03-14 09:00:00,1.0,151.07631,1.0
2021-03-14 10:00:00,1.0,163.99731,1.0
2021-03-14 11:00:00,1.0,246.49294,1.0
2021-03-14 12:00:00,1.0,316.20642,1.0
2021-03-14 13:00:00,1.0,231.82918,1.0
2021-03-14 14:00:00,1.0,268.4627,1.0
2021-03-14 15:00:00,1.0,161.01553,1.0
2021-03-14 16:00:00,1.0,103.39137,1.0
2021-03-14 17:00:00,1.0,23.695667,1.0
2021-03-14 18:00:00,1.0,0.0,0.10944444444444444
2021-03-14 19:00:00,0.99,0.0,0.0
2021-03-14 20:00:00,0.94,0.0,0.0
2021-03-14 21:00:00,0.98,0.0,0.0
2021-03-14 22:00:00,0.96,0.0,0.0
2021-03-14 23:00:00,0.73,0.0,0.0
2021-03-15 00:00:00,0.46,0.0,0.0
2021-03-15 01:00:00,0.24,0.0,0.0
2021-03-15 02:00:00,0.03,0.0,0.0
2021-03-15 03:00:00,0.01,0.0,0.0
2021-03-15 04:00:00,0.07,0.0,0.0
2021-03-15 05:00:00,0.83,0.0,0.0
2021-03-15 06:00:00,1.0,32.9295,0.8144444444444444
2021-03-15 07:00:00,0.96,210.03368,1.0
2021-03-15 08:00:00,0.64,432.53903,1.0
2021-03-15 09:00:00,0.15,676.43335,1.0
2021-03-15 10:00:00,0.33,746.6718,1.0
2021-03-15 11:00:00,0.49,870.11194,1.0
2021-03-15 12:00:00,0.08,907.1268,1.0
2021-03-15 13:00:00,0.07,843.4461,1.0
2021-03-15 14:00:00,0.79,647.90497,1.0
2021-03-15 15:00:00,0.83,498.8333,1.0
2021-03-15 16:00:00,0.35,287.1597,1.0
2021-03-15 17:00:00,0.19,68.54362,1.0
2021-03-15 18:00:00,0.53,0.0,0.12666666666666668
2021-03-15 19:00:00,0.91,0.0,0.0
2021-03-15 20:00:00,0.0,0.0,0.0
2021-03-15 21:00:00,0.0,0.0,0.0
2021-03-15 22:00:00,0.0,0.0,0.0
2021-03-15 23:00:00,0.0,0.0,0.0
2021-03-16 00:00:00,0.16,0.0,0.0
2021-03-16 01:00:00,0.35,0.0,0.0
2021-03-16 02:00:00,0.15,0.0,0.0
2021-03-16 03:00:00,0.07,0.0,0.0
2021-03-16 04:00:00,0.03,0.0,0.0
2021-03-16 05:00:00,0.02,0.0,0.0
2021-03-16 06:00:00,0.74,30.101677,0.8413888888888889
2021-03-16 07:00:00,0.96,143.99667,1.0
2021-03-16 08:00:00,0.9,360.71585,1.0
2021-03-16 09:00:00,0.42,598.25397,1.0
2021-03-16 10:00:00,0.84,663.79285,1.0
2021-03-16 11:00:00,0.94,679.2738,1.0
2021-03-16 12:00:00,0.98,596.69684,1.0
2021-03-16 13:00:00,1.0,325.01285,1.0
2021-03-16 14:00:00,0.98,277.60068,1.0
2021-03-16 15:00:00,0.98,239.24823,1.0
2021-03-16 16:00:00,0.99,132.2234,1.0
2021-03-16 17:00:00,0.99,38.58831,1.0
2021-03-16 18:00:00,0.96,0.0,0.1438888888888889
2021-03-16 19:00:00,1.0,0.0,0.0
2021-03-16 20:00:00,1.0,0.0,0.0
2021-03-16 21:00:00,0.92,0.0,0.0
2021-03-16 22:00:00,0.97,0.0,0.0
2021-03-16 23:00:00,0.99,0.0,0.0
2021-03-17 00:00:00,0.98,0.0,0.0
2021-03-17 01:00:00,1.0,0.0,0.0
2021-03-17 02:00:00,1.0,0.0,0.0
2021-03-17 03:00:00,0.95,0.0,0.0
2021-03-17 04:00:00,0.74,0.0,0.0
2021-03-17 05:00:00,0.5,0.0,0.0
2021-03-17 06:00:00,0.9,14.7919035,0.8683333333333333
2021-03-17 07:00:00,0.9,88.8978,1.0
2021-03-17 08:00:00,0.91,267.96573,1.0
2021-03-17 09:00:00,1.0,392.41257,1.0
2021-03-17 10:00:00,0.95,603.70166,1.0
2021-03-17 11:00:00,0.85,820.86017,1.0
2021-03-17 12:00:00,0.43,819.44934,1.0
2021-03-17 13:00:00,0.04,817.70636,1.0
2021-03-17 14:00:00,0.02,667.35266,1.0
2021-03-17 15:00:00,0.09,485.7929,1.0
2021-03-17 16:00:00,0.26,251.1632,1.0
2021-03-17 17:00:00,0.35,75.09467,1.0
2021-03-17 18:00:00,0.01,0.0,0.16111111111111112
2021-03-17 19:00:00,0.01,0.0,0.0
2021-03-17 20:00:00,0.0,0.0,0.0
2021-03-17 21:00:00,0.0,0.0,0.0
2021-03-17 22:00:00,0.0,0.0,0.0
2021-03-17 23:00:00,0.0,0.0,0.0
2021-03-18 00:00:00,0.0,0.0,0.0
2021-03-18 01:00:00,0.0,0.0,0.0
2021-03-18 02:00:00,0.0,0.0,0.0
2021-03-18 03:00:00,0.0,0.0,0.0
2021-03-18 04:00:00,0.0,0.0,0.0
2021-03-18 05:00:00,0.0,0.0,0.0
2021-03-18 06:00:00,0.0,63.392838,0.8955555555555555
2021-03-18 07:00:00,0.0,293.61536,1.0
2021-03-18 08:00:00,0.0,540.10175,1.0
2021-03-18 09:00:00,0.0,749.3883,1.0
2021-03-18 10:00:00,0.0,898.10547,1.0
2021-03-18 11:00:00,0.0,973.1504,1.0
2021-03-18 12:00:00,0.0,970.30273,1.0
2021-03-18 13:00:00,0.0,889.0911,1.0
2021-03-18 14:00:00,0.0,738.5193,1.0
2021-03-18 15:00:00,0.0,534.7317,1.0
2021-03-18 16:00:00,0.0,299.11703,1.0
2021-03-18 17:00:00,0.0,78.002884,1.0
2021-03-18 18:00:00,0.28,0.0,0.17805555555555555
2021-03-18 19:00:00,0.21,0.0,0.0
2021-03-18 20:00:00,0.43,0.0,0.0
2021-03-18 21:00:00,0.65,0.0,0.0
2021-03-18 22:00:00,0.51,0.0,0.0
2021-03-18 23:00:00,0.2,0.0,0.0
2021-03-19 00:00:00,0.1,0.0,0.0
2021-03-19 01:00:00,0.04,0.0,0.0
2021-03-19 02:00:00,0.0,0.0,0.0
2021-03-19 03:00:00,0.0,0.0,0.0
2021-03-19 04:00:00,0.0,0.0,0.0
2021-03-19 05:00:00,0.0,0.0,0.0
2021-03-19 06:00:00,0.0,63.64386,0.9227777777777778
2021-03-19 07:00:00,0.0,287.49255,1.0
2021-03-19 08:00:00,0.0,528.27594,1.0
2021-03-19 09:00:00,0.0,734.7543,1.0
2021-03-19 10:00:00,0.0,882.4315,1.0
2021-03-19 11:00:00,0.0,959.03577,1.0
2021-03-19 12:00:00,0.0,957.8102,1.0
2021-03-19 13:00:00,0.02,871.49084,1.0
2021-03-19 14:00:00,0.06,726.2489,1.0
2021-03-19 15:00:00,0.06,528.02295,1.0
2021-03-19 16:00:00,0.07,297.31912,1.0
2021-03-19 17:00:00,0.0,79.38494,1.0
2021-03-19 18:00:00,0.0,0.0,0.195
2021-03-19 19:00:00,0.0,0.0,0.0
2021-03-19 20:00:00,0.0,0.0,0.0
2021-03-19 21:00:00,0.0,0.0,0.0
2021-03-19 22:00:00,0.0,0.0,0.0
2021-03-19 23:00:00,0.13,0.0,0.0
2021-03-20 00:00:00,0.34,0.0,0.0
2021-03-20 01:00:00,0.64,0.0,0.0
2021-03-20 02:00:00,0.42,0.0,0.0
2021-03-20 03:00:00,0.29,0.0,0.0
2021-03-20 04:00:00,0.8,0.0,0.0
2021-03-20 05:00:00,0.44,0.0,0.0
2021-03-20 06:00:00,0.42,66.46454,0.95
2021-03-20 07:00:00,0.18,299.61624,1.0
2021-03-20 08:00:00,0.31,533.05695,1.0
2021-03-20 09:00:00,0.0,747.93756,1.0
2021-03-20 10:00:00,0.06,895.4581,1.0
2021-03-20 11:00:00,0.0,970.6854,1.0
2021-03-20 12:00:00,0.0,965.9119,1.0
2021-03-20 13:00:00,0.0,886.89526,1.0
2021-03-20 14:00:00,0.0,740.61536,1.0
2021-03-20 15:00:00,0.0,539.0209,1.0
2021-03-20 16:00:00,0.0,305.5112,1.0
2021-03-20 17:00:00,0.0,84.50406,1.0
2021-03-20 18:00:00,0.0,0.0,0.21222222222222223
2021-03-20 19:00:00,0.0,0.0,0.0
2021-03-20 20:00:00,0.0,0.0,0.0
2021-03-20 21:00:00,0.0,0.0,0.0
2021-03-20 22:00:00,0.0,0.0,0.0
2021-03-20 23:00:00,0.0,0.0,0.0
2021-03-21 00:00:00,0.0,0.0,0.0
2021-03-21 01:00:00,0.0,0.0,0.0
2021-03-21 02:00:00,0.01,0.0,0.0
2021-03-21 03:00:00,0.01,0.0,0.0
2021-03-21 04:00:00,0.01,0.0,0.0
2021-03-21 05:00:00,0.01,0.0,0.0
2021-03-21 06:00:00,0.0,74.3351,0.9772222222222222
2021-03-21 07:00:00,0.01,301.71506,1.0
2021-03-21 08:00:00,0.02,534.251,1.0
2021-03-21 09:00:00,0.03,737.3234,1.0
2021-03-21 10:00:00,0.4,853.62964,1.0
2021-03-21 11:00:00,0.79,667.83154,1.0
2021-03-21 12:00:00,0.95,539.09064,1.0
2021-03-21 13:00:00,0.98,313.06143,1.0
2021-03-21 14:00:00,1.0,204.74815,1.0
2021-03-21 15:00:00,1.0,166.97908,1.0
2021-03-21 16:00:00,1.0,104.35843,1.0
2021-03-21 17:00:00,1.0,34.787308,1.0
2021-03-21 18:00:00,1.0,0.0,0.22916666666666666
2021-03-21 19:00:00,0.97,0.0,0.0
2021-03-21 20:00:00,1.0,0.0,0.0
2021-03-21 21:00:00,1.0,0.0,0.0
2021-03-21 22:00:00,1.0,0.0,0.0
2021-03-21 23:00:00,1.0,0.0,0.0
2021-03-22 00:00:00,1.0,0.0,0.0
2021-03-22 01:00:00,1.0,0.0,0.0
2021-03-22 02:00:00,1.0,0.0,0.0
2021-03-22 03:00:00,0.99,0.0,0.0
2021-03-22 04:00:00,0.98,0.0,0.0
2021-03-22 05:00:00,0.99,0.0,0.004166666666666667
2021-03-22 06:00:00,0.99,34.291492,1.0
2021-03-22 07:00:00,1.0,109.14828,1.0
2021-03-22 08:00:00,1.0,231.40936,1.0
2021-03-22 09:00:00,1.0,407.63507,1.0
2021-03-22 10:00:00,1.0,760.1366,1.0
2021-03-22 11:00:00,0.97,960.18536,1.0
2021-03-22 12:00:00,0.53,869.62524,1.0
2021-03-22 13:00:00,0.21,775.1024,1.0
2021-03-22 14:00:00,0.24,621.5433,1.0
2021-03-22 15:00:00,0.23,430.62247,1.0
2021-03-22 16:00:00,0.34,250.86969,1.0
2021-03-22 17:00:00,0.49,77.14849,1.0
2021-03-22 18:00:00,0.44,0.0,0.2461111111111111
2021-03-22 19:00:00,0.44,0.0,0.0
2021-03-22 20:00:00,0.42,0.0,0.0
2021-03-22 21:00:00,0.93,0.0,0.0
2021-03-22 22:00:00,0.95,0.0,0.0
2021-03-22 23:00:00,0.53,0.0,0.0
2021-03-23 00:00:00,0.34,0.0,0.0
2021-03-23 01:00:00,0.87,0.0,0.0
2021-03-23 02:00:00,0.78,0.0,0.0
2021-03-23 03:00:00,0.64,0.0,0.0
2021-03-23 04:00:00,0.02,0.0,0.0
2021-03-23 05:00:00,0.04,0.0,0.03138888888888889
2021-03-23 06:00:00,0.96,65.5662,1.0
2021-03-23 07:00:00,0.55,212.0765,1.0
2021-03-23 08:00:00,0.56,330.96063,1.0
2021-03-23 09:00:00,0.95,498.5609,1.0
2021-03-23 10:00:00,0.95,650.3241,1.0
2021-03-23 11:00:00,0.78,816.8113,1.0
2021-03-23 12:00:00,0.59,896.73755,1.0
2021-03-23 13:00:00,0.22,839.7136,1.0
2021-03-23 14:00:00,0.29,684.5231,1.0
2021-03-23 15:00:00,0.54,400.71234,1.0
2021-03-23 16:00:00,0.44,240.70932,1.0
2021-03-23 17:00:00,0.69,64.29971,1.0
2021-03-23 18:00:00,0.81,0.0,0.26305555555555554
2021-03-23 19:00:00,0.96,0.0,0.0
2021-03-23 20:00:00,0.93,0.0,0.0
2021-03-23 21:00:00,0.97,0.0,0.0
2021-03-23 22:00:00,1.0,0.0,0.0
2021-03-23 23:00:00,1.0,0.0,0.0
2021-03-24 00:00:00,1.0,0.0,0.0
2021-03-24 01:00:00,1.0,0.0,0.0
2021-03-24 02:00:00,1.0,0.0,0.0
2021-03-24 03:00:00,1.0,0.0,0.0
2021-03-24 04:00:00,1.0,0.0,0.0
2021-03-24 05:00:00,1.0,0.0,0.058333333333333334
2021-03-24 06:00:00,1.0,25.842,1.0
2021-03-24 07:00:00,1.0,97.404465,1.0
2021-03-24 08:00:00,1.0,219.65701,1.0
2021-03-24 09:00:00,1.0,363.45493,1.0
2021-03-24 10:00:00,1.0,526.7313,1.0
2021-03-24 11:00:00,1.0,877.7946,1.0
2021-03-24 12:00:00,0.69,911.8081,1.0
2021-03-24 13:00:00,0.52,821.53064,1.0
2021-03-24 14:00:00,0.79,683.4423,1.0
2021-03-24 15:00:00,0.68,522.4077,1.0
2021-03-24 16:00:00,0.58,285.52005,1.0
2021-03-24 17:00:00,0.44,69.2051,1.0
2021-03-24 18:00:00,0.04,1.9878461,0.2797222222222222
2021-03-24 19:00:00,0.01,0.0,0.0
2021-03-24 20:00:00,0.01,0.0,0.0
2021-03-24 21:00:00,0.01,0.0,0.0
2021-03-24 22:00:00,0.0,0.0,0.0
2021-03-24 23:00:00,0.0,0.0,0.0
2021-03-25 00:00:00,0.0,0.0,0.0
2021-03-25 01:00:00,0.01,0.0,0.0
2021-03-25 02:00:00,0.0,0.0,0.0
2021-03-25 03:00:00,0.0,0.0,0.0
2021-03-25 04:00:00,0.06,0.0,0.0
2021-03-25 05:00:00,0.62,0.0,0.085
2021-03-25 06:00:00,0.3,93.718056,1.0
2021-03-25 07:00:00,0.29,336.19406,1.0
2021-03-25 08:00:00,0.21,558.9626,1.0
2021-03-25 09:00:00,0.64,705.9419,1.0
2021-03-25 10:00:00,0.98,792.15076,1.0
2021-03-25 11:00:00,1.0,692.3161,1.0
2021-03-25 12:00:00,0.99,753.7222,1.0
2021-03-25 13:00:00,0.89,810.32245,1.0
2021-03-25 14:00:00,0.95,626.9617,1.0
2021-03-25 15:00:00,0.98,483.0953,1.0
2021-03-25 16:00:00,0.94,246.56664,1.0
2021-03-25 17:00:00,0.93,93.14871,1.0
2021-03-25 18:00:00,0.99,1.9878461,0.2966666666666667
2021-03-25 19:00:00,0.99,0.0,0.0
2021-03-25 20:00:00,1.0,0.0,0.0
2021-03-25 21:00:00,1.0,0.0,0.0
2021-03-25 22:00:00,1.0,0.0,0.0
2021-03-25 23:00:00,0.99,0.0,0.0
2021-03-26 00:00:00,0.99,0.0,0.0
2021-03-26 01:00:00,0.97,0.0,0.0
2021-03-26 02:00:00,0.98,0.0,0.0
2021-03-26 03:00:00,0.99,0.0,0.0
2021-03-26 04:00:00,0.96,0.0,0.0
2021-03-26 05:00:00,0.93,0.0,0.11166666666666666
2021-03-26 06:00:00,0.97,57.169052,1.0
2021-03-26 07:00:00,0.98,204.17911,1.0
2021-03-26 08:00:00,0.92,378.0999,1.0
2021-03-26 09:00:00,0.9,626.1276,1.0
2021-03-26 10:00:00,0.92,828.62134,1.0
2021-03-26 11:00:00,0.9,896.771,1.0
2021-03-26 12:00:00,0.82,668.64453,1.0
2021-03-26 13:00:00,0.79,607.8907,1.0
2021-03-26 14:00:00,0.98,417.2369,1.0
2021-03-26 15:00:00,1.0,323.7552,1.0
2021-03-26 16:00:00,0.98,190.33052,1.0
2021-03-26 17:00:00,0.99,64.1401,1.0
2021-03-26 18:00:00,0.92,1.9878461,0.3136111111111111
2021-03-26 19:00:00,0.94,0.0,0.0
2021-03-26 20:00:00,0.79,0.0,0.0
2021-03-26 21:00:00,0.4,0.0,0.0
2021-03-26 22:00:00,0.21,0.0,0.0
2021-03-26 23:00:00,0.28,0.0,0.0
2021-03-27 00:00:00,0.15,0.0,0.0
2021-03-27 01:00:00,0.16,0.0,0.0
2021-03-27 02:00:00,0.06,0.0,0.0
2021-03-27 03:00:00,0.0,0.0,0.0
2021-03-27 04:00:00,0.11,0.0,0.0
2021-03-27 05:00:00,0.15,0.0,0.13833333333333334
2021-03-27 06:00:00,0.14,90.526375,1.0
2021-03-27 07:00:00,0.15,312.13928,1.0
2021-03-27 08:00:00,0.07,574.44275,1.0
2021-03-27 09:00:00,0.14,722.07434,1.0
2021-03-27 10:00:00,0.48,735.64874,1.0
2021-03-27 11:00:00,0.27,960.30896,1.0
2021-03-27 12:00:00,0.06,976.3484,1.0
2021-03-27 13:00:00,0.01,910.2796,1.0
2021-03-27 14:00:00,0.01,752.8913,1.0
2021-03-27 15:00:00,0.02,543.1422,1.0
2021-03-27 16:00:00,0.02,314.01727,1.0
2021-03-27 17:00:00,0.01,90.83865,1.0
2021-03-27 18:00:00,0.03,1.9893655,0.3302777777777778
2021-03-27 19:00:00,0.0,0.0,0.0
2021-03-27 20:00:00,0.0,0.0,0.0
2021-03-27 21:00:00,0.0,0.0,0.0
2021-03-27 22:00:00,0.0,0.0,0.0
2021-03-27 23:00:00,0.0,0.0,0.0
2021-03-28 00:00:00,0.0,0.0,0.0
2021-03-28 01:00:00,0.0,0.0,0.0
2021-03-28 02:00:00,0.0,0.0,0.0
2021-03-28 03:00:00,0.0,0.0,0.0
2021-03-28 04:00:00,0.0,0.0,0.0
2021-03-28 05:00:00,0.0,0.0,0.16444444444444445
2021-03-28 06:00:00,0.0,103.77464,1.0
2021-03-28 07:00:00,0.07,294.6286,1.0
2021-03-28 08:00:00,0.93,478.8084,1.0
2021-03-28 09:00:00,0.97,539.6914,1.0
2021-03-28 10:00:00,1.0,645.3878,1.0
2021-03-28 11:00:00,0.99,746.99097,1.0
2021-03-28 12:00:00,1.0,654.0351,1.0
2021-03-28 13:00:00,0.88,737.1127,1.0
2021-03-28 14:00:00,0.0,673.57404,1.0
2021-03-28 15:00:00,0.0,529.7338,1.0
2021-03-28 16:00:00,0.77,306.82446,1.0
2021-03-28 17:00:00,1.0,94.24498,1.0
2021-03-28 18:00:00,1.0,1.9893655,0.34694444444444444
2021-03-28 19:00:00,1.0,0.0,0.0
2021-03-28 20:00:00,1.0,0.0,0.0
2021-03-28 21:00:00,1.0,0.0,0.0
2021-03-28 22:00:00,1.0,0.0,0.0
2021-03-28 23:00:00,1.0,0.0,0.0
2021-03-29 00:00:00,1.0,0.0,0.0
2021-03-29 01:00:00,0.94,0.0,0.0
2021-03-29 02:00:00,0.87,0.0,0.0
2021-03-29 03:00:00,0.62,0.0,0.0
2021-03-29 04:00:00,0.27,0.0,0.0
2021-03-29 05:00:00,0.0,0.0,0.19055555555555556
2021-03-29 06:00:00,0.0,111.45424,1.0
2021-03-29 07:00:00,0.0,347.3033,1.0
2021-03-29 08:00:00,0.0,583.5535,1.0
2021-03-29 09:00:00,0.0,784.18066,1.0
2021-03-29 10:00:00,0.0,923.8455,1.0
2021-03-29 11:00:00,0.0,991.08813,1.0
2021-03-29 12:00:00,0.0,980.63104,1.0
2021-03-29 13:00:00,0.0,904.55707,1.0
2021-03-29 14:00:00,0.0,759.01587,1.0
2021-03-29 15:00:00,0.0,554.1609,1.0
2021-03-29 16:00:00,0.0,319.18753,1.0
2021-03-29 17:00:00,0.32,98.82367,1.0
2021-03-29 18:00:00,0.08,2.9832883,0.3638888888888889
2021-03-29 19:00:00,0.09,0.0,0.0
2021-03-29 20:00:00,0.72,0.0,0.0
2021-03-29 21:00:00,0.86,0.0,0.0
2021-03-29 22:00:00,0.75,0.0,0.0
2021-03-29 23:00:00,1.0,0.0,0.0
2021-03-30 00:00:00,1.0,0.0,0.0
2021-03-30 01:00:00,1.0,0.0,0.0
2021-03-30 02:00:00,0.99,0.0,0.0
2021-03-30 03:00:00,1.0,0.0,0.0
2021-03-30 04:00:00,1.0,0.0,0.0
2021-03-30 05:00:00,1.0,0.0,0.21666666666666667
2021-03-30 06:00:00,1.0,33.793385,1.0
2021-03-30 07:00:00,1.0,127.81131,1.0
2021-03-30 08:00:00,0.97,369.21558,1.0
2021-03-30 09:00:00,0.96,502.45682,1.0
2021-03-30 10:00:00,0.78,757.24963,1.0
2021-03-30 11:00:00,0.5,904.6924,1.0
2021-03-30 12:00:00,0.87,900.1301,1.0
2021-03-30 13:00:00,0.69,773.9453,1.0
2021-03-30 14:00:00,0.68,624.9485,1.0
2021-03-30 15:00:00,0.13,470.3013,1.0
2021-03-30 16:00:00,0.78,262.50497,1.0
2021-03-30 17:00:00,0.18,105.10478,1.0
2021-03-30 18:00:00,0.26,2.9848075,0.38055555555555554
2021-03-30 19:00:00,0.17,0.0,0.0
2021-03-30 20:00:00,0.0,0.0,0.0
2021-03-30 21:00:00,0.0,0.0,0.0
2021-03-30 22:00:00,0.01,0.0,0.0
2021-03-30 23:00:00,0.0,0.0,0.0
2021-03-31 00:00:00,0.0,0.0,0.0
2021-03-31 01:00:00,0.0,0.0,0.0
2021-03-31 02:00:00,0.0,0.0,0.0
2021-03-31 03:00:00,0.0,0.0,0.0
2021-03-31 04:00:00,0.0,0.0,0.0
2021-03-31 05:00:00,0.0,0.0,0.24305555555555555
2021-03-31 06:00:00,0.0,122.24713,1.0
2021-03-31 07:00:00,0.0,363.05865,1.0
2021-03-31 08:00:00,0.0,604.1546,1.0
2021-03-31 09:00:00,0.0,804.3701,1.0
2021-03-31 10:00:00,0.0,944.6438,1.0
2021-03-31 11:00:00,0.0,1012.8652,1.0
2021-03-31 12:00:00,0.0,1004.62555,1.0
2021-03-31 13:00:00,0.0,921.13934,1.0
2021-03-31 14:00:00,0.0,767.5232,1.0
2021-03-31 15:00:00,0.0,564.1427,1.0
2021-03-31 16:00:00,0.0,331.43973,1.0
2021-03-31 17:00:00,0.0,106.32991,1.0
2021-03-31 18:00:00,0.0,2.9848075,0.3972222222222222
2021-03-31 19:00:00,0.0,0.0,0.0
2021-03-31 20:00:00,0.0,0.0,0.0
2021-03-31 21:00:00,0.0,0.0,0.0
2021-03-31 22:00:00,0.0,0.0,0.0
2021-03-31 23:00:00,0.0,0.0,0.0
2021-04-01 00:00:00,0.0,0.0,0.0
2021-04-01 01:00:00,0.0,0.0,0.0
2021-04-01 02:00:00,0.0,0.0,0.0
2021-04-01 03:00:00,0.0,0.0,0.0
2021-04-01 04:00:00,0.0,0.0,0.0
2021-04-01 05:00:00,0.0,0.0,0.26944444444444443
2021-04-01 06:00:00,0.0,125.58279,1.0
2021-04-01 07:00:00,0.0,363.6789,1.0
2021-04-01 08:00:00,0.0,600.36316,1.0
2021-04-01 09:00:00,0.0,800.3259,1.0
2021-04-01 10:00:00,0.0,941.95856,1.0
2021-04-01 11:00:00,0.0,1012.59827,1.0
2021-04-01 12:00:00,0.0,1004.2688,1.0
2021-04-01 13:00:00,0.0,920.60425,1.0
2021-04-01 14:00:00,0.0,771.01685,1.0
2021-04-01 15:00:00,0.0,568.4437,1.0
2021-04-01 16:00:00,0.0,333.4416,1.0
2021-04-01 17:00:00,0.0,107.9827,1.0
2021-04-01 18:00:00,0.0,3.978731,0.41388888888888886
2021-04-01 19:00:00,0.0,0.0,0.0
2021-04-01 20:00:00,0.0,0.0,0.0
2021-04-01 21:00:00,0.0,0.0,0.0
2021-04-01 22:00:00,0.0,0.0,0.0
2021-04-01 23:00:00,0.0,0.0,0.0
2021-04-02 00:00:00,0.0,0.0,0.0
2021-04-02 01:00:00,0.0,0.0,0.0
2021-04-02 02:00:00,0.48,0.0,0.0
2021-04-02 03:00:00,1.0,0.0,0.0
2021-04-02 04:00:00,1.0,0.0,0.0
2021-04-02 05:00:00,1.0,1.9878461,0.2961111111111111
2021-04-02 06:00:00,1.0,55.583412,1.0
2021-04-02 07:00:00,1.0,176.46681,1.0
2021-04-02 08:00:00,1.0,250.25552,1.0
2021-04-02 09:00:00,1.0,482.76407,1.0
2021-04-02 10:00:00,0.58,832.3833,1.0
2021-04-02 11:00:00,0.0,962.68744,1.0
2021-04-02 12:00:00,0.33,972.7872,1.0
2021-04-02 13:00:00,0.05,895.62396,1.0
2021-04-02 14:00:00,0.0,747.8686,1.0
2021-04-02 15:00:00,0.0,549.094,1.0
2021-04-02 16:00:00,0.0,322.15216,1.0
2021-04-02 17:00:00,0.0,105.36243,1.0
2021-04-02 18:00:00,0.0,2.986327,0.43083333333333335
2021-04-02 19:00:00,0.0,0.0,0.0
2021-04-02 20:00:00,0.0,0.0,0.0
2021-04-02 21:00:00,0.0,0.0,0.0
2021-04-02 22:00:00,0.0,0.0,0.0
2021-04-02 23:00:00,0.0,0.0,0.0
2021-04-03 00:00:00,0.0,0.0,0.0
2021-04-03 01:00:00,0.0,0.0,0.0
2021-04-03 02:00:00,0.0,0.0,0.0
2021-04-03 03:00:00,0.0,0.0,0.0
2021-04-03 04:00:00,0.0,0.0,0.0
2021-04-03 05:00:00,0.0,3.6508229,0.3225
2021-04-03 06:00:00,0.27,128.49739,1.0
2021-04-03 07:00:00,0.56,358.59692,1.0
2021-04-03 08:00:00,0.53,589.69885,1.0
2021-04-03 09:00:00,0.62,783.30493,1.0
2021-04-03 10:00:00,0.05,922.2056,1.0
2021-04-03 11:00:00,0.0,990.55035,1.0
2021-04-03 12:00:00,0.0,983.478,1.0
2021-04-03 13:00:00,0.0,902.31226,1.0
2021-04-03 14:00:00,0.0,757.25995,1.0
2021-04-03 15:00:00,0.0,557.304,1.0
2021-04-03 16:00:00,0.0,329.15213,1.0
2021-04-03 17:00:00,0.0,109.74357,1.0
2021-04-03 18:00:00,0.07,3.9802501,0.4475
2021-04-03 19:00:00,0.31,0.0,0.0
2021-04-03 20:00:00,0.23,0.0,0.0
2021-04-03 21:00:00,0.42,0.0,0.0
2021-04-03 22:00:00,0.09,0.0,0.0
2021-04-03 23:00:00,0.0,0.0,0.0
2021-04-04 00:00:00,0.0,0.0,0.0
2021-04-04 01:00:00,0.0,0.0,0.0
2021-04-04 02:00:00,0.0,0.0,0.0
2021-04-04 03:00:00,0.0,0.0,0.0
2021-04-04 04:00:00,0.0,0.0,0.0
2021-04-04 05:00:00,0.2,3.5893216,0.3488888888888889
2021-04-04 06:00:00,0.74,126.303764,1.0
2021-04-04 07:00:00,0.72,342.8844,1.0
2021-04-04 08:00:00,0.41,581.7585,1.0
2021-04-04 09:00:00,0.68,761.9197,1.0
2021-04-04 10:00:00,0.9,877.8345,1.0
2021-04-04 11:00:00,0.82,933.3467,1.0
2021-04-04 12:00:00,0.86,898.12885,1.0
2021-04-04 13:00:00,0.82,783.0757,1.0
2021-04-04 14:00:00,0.42,649.15674,1.0
2021-04-04 15:00:00,0.05,495.56818,1.0
2021-04-04 16:00:00,0.32,289.81314,1.0
2021-04-04 17:00:00,0.67,84.34734,1.0
2021-04-04 18:00:00,0.52,3.978731,0.46416666666666667
2021-04-04 19:00:00,0.5,0.0,0.0
2021-04-04 20:00:00,0.16,0.0,0.0
2021-04-04 21:00:00,0.01,0.0,0.0
2021-04-04 22:00:00,0.0,0.0,0.0
2021-04-04 23:00:00,0.0,0.0,0.0
2021-04-05 00:00:00,0.0,0.0,0.0
2021-04-05 01:00:00,0.0,0.0,0.0
2021-04-05 02:00:00,0.0,0.0,0.0
2021-04-05 03:00:00,0.73,0.0,0.0
2021-04-05 04:00:00,1.0,0.0,0.0
2021-04-05 05:00:00,0.55,4.528433,0.37555555555555553
2021-04-05 06:00:00,0.82,125.02892,1.0
2021-04-05 07:00:00,0.36,361.58704,1.0
2021-04-05 08:00:00,0.64,570.3482,1.0
2021-04-05 09:00:00,0.86,748.4844,1.0
2021-04-05 10:00:00,0.92,863.3035,1.0
2021-04-05 11:00:00,0.98,829.7407,1.0
2021-04-05 12:00:00,0.94,786.1706,1.0
2021-04-05 13:00:00,0.2,904.49817,1.0
2021-04-05 14:00:00,0.64,600.4278,1.0
2021-04-05 15:00:00,0.79,424.4466,1.0
2021-04-05 16:00:00,0.94,263.53418,1.0
2021-04-05 17:00:00,0.02,94.0249,1.0
2021-04-05 18:00:00,0.07,4.974173,0.48083333333333333
2021-04-05 19:00:00,0.34,0.0,0.0
2021-04-05 20:00:00,0.29,0.0,0.0
2021-04-05 21:00:00,0.04,0.0,0.0
2021-04-05 22:00:00,0.12,0.0,0.0
2021-04-05 23:00:00,0.0,0.0,0.0
2021-04-06 00:00:00,0.01,0.0,0.0
2021-04-06 01:00:00,0.11,0.0,0.0
2021-04-06 02:00:00,0.6,0.0,0.0
2021-04-06 03:00:00,0.02,0.0,0.0
2021-04-06 04:00:00,0.0,0.0,0.0
2021-04-06 05:00:00,0.06,5.976712,0.40194444444444444
2021-04-06 06:00:00,0.03,135.36523,1.0
2021-04-06 07:00:00,0.25,333.8251,1.0
2021-04-06 08:00:00,0.02,591.1869,1.0
2021-04-06 09:00:00,0.0,789.39514,1.0
2021-04-06 10:00:00,0.01,928.26825,1.0
2021-04-06 11:00:00,0.45,886.4856,1.0
2021-04-06 12:00:00,0.81,758.7523,1.0
2021-04-06 13:00:00,0.83,513.3746,1.0
2021-04-06 14:00:00,0.64,473.2854,1.0
2021-04-06 15:00:00,0.91,253.68213,1.0
2021-04-06 16:00:00,0.97,17.890615,1.0
2021-04-06 17:00:00,0.99,29.817692,1.0
2021-04-06 18:00:00,1.0,1.9878461,0.4975
2021-04-06 19:00:00,1.0,0.0,0.0
2021-04-06 20:00:00,1.0,0.0,0.0
2021-04-06 21:00:00,1.0,0.0,0.0
2021-04-06 22:00:00,0.96,0.0,0.0
2021-04-06 23:00:00,1.0,0.0,0.0
2021-04-07 00:00:00,0.99,0.0,0.0
2021-04-07 01:00:00,0.64,0.0,0.0
2021-04-07 02:00:00,0.93,0.0,0.0
2021-04-07 03:00:00,0.91,0.0,0.0
2021-04-07 04:00:00,0.95,0.0,0.0
2021-04-07 05:00:00,0.99,4.4348836,0.4280555555555556
2021-04-07 06:00:00,0.65,75.175446,1.0
2021-04-07 07:00:00,0.96,126.90945,1.0
2021-04-07 08:00:00,0.99,259.84375,1.0
2021-04-07 09:00:00,0.75,481.19928,1.0
2021-04-07 10:00:00,0.63,584.4382,1.0
2021-04-07 11:00:00,0.46,777.2939,1.0
2021-04-07 12:00:00,0.25,891.1025,1.0
2021-04-07 13:00:00,0.07,872.5061,1.0
2021-04-07 14:00:00,0.01,757.2609,1.0
2021-04-07 15:00:00,0.03,563.5498,1.0
2021-04-07 16:00:00,0.03,341.62897,1.0
2021-04-07 17:00:00,0.02,116.9938,1.0
2021-04-07 18:00:00,0.01,4.999481,0.5144444444444445
2021-04-07 19:00:00,0.01,0.0,0.0
2021-04-07 20:00:00,0.0,0.0,0.0
2021-04-07 21:00:00,0.0,0.0,0.0
2021-04-07 22:00:00,0.64,0.0,0.0
2021-04-07 23:00:00,0.9,0.0,0.0
2021-04-08 00:00:00,0.62,0.0,0.0
2021-04-08 01:00:00,0.6,0.0,0.0
2021-04-08 02:00:00,0.79,0.0,0.0
2021-04-08 03:00:00,0.25,0.0,0.0
2021-04-08 04:00:00,0.01,0.0,0.0
2021-04-08 05:00:00,0.16,8.214463,0.45444444444444443
2021-04-08 06:00:00,0.17,147.71118,1.0
2021-04-08 07:00:00,0.24,361.51538,1.0
2021-04-08 08:00:00,0.13,552.3716,1.0
2021-04-08 09:00:00,0.0,797.6501,1.0
2021-04-08 10:00:00,0.0,929.9814,1.0
2021-04-08 11:00:00,0.35,978.5017,1.0
2021-04-08 12:00:00,0.43,956.3552,1.0
2021-04-08 13:00:00,0.08,839.7114,1.0
2021-04-08 14:00:00,0.31,728.2121,1.0
2021-04-08 15:00:00,0.29,536.9251,1.0
2021-04-08 16:00:00,0.76,336.7541,1.0
2021-04-08 17:00:00,0.13,113.44235,1.0
2021-04-08 18:00:00,0.43,6.0110235,0.5311111111111111
2021-04-08 19:00:00,0.01,0.0,0.0
2021-04-08 20:00:00,0.23,0.0,0.0
2021-04-08 21:00:00,0.0,0.0,0.0
2021-04-08 22:00:00,0.88,0.0,0.0
2021-04-08 23:00:00,0.0,0.0,0.0
2021-04-09 00:00:00,0.0,0.0,0.0
2021-04-09 01:00:00,0.0,0.0,0.0
2021-04-09 02:00:00,0.0,0.0,0.0
2021-04-09 03:00:00,0.0,0.0,0.0
2021-04-09 04:00:00,0.0,0.0,0.0
2021-04-09 05:00:00,0.02,9.098777,0.48055555555555557
2021-04-09 06:00:00,0.9,83.28635,1.0
2021-04-09 07:00:00,0.07,346.8463,1.0
2021-04-09 08:00:00,0.03,602.8042,1.0
2021-04-09 09:00:00,0.63,624.61127,1.0
2021-04-09 10:00:00,0.32,806.7895,1.0
2021-04-09 11:00:00,0.39,980.048,1.0
2021-04-09 12:00:00,0.31,974.1479,1.0
2021-04-09 13:00:00,0.18,889.5368,1.0
2021-04-09 14:00:00,0.04,780.0851,1.0
2021-04-09 15:00:00,0.02,573.7517,1.0
2021-04-09 16:00:00,0.01,347.17004,1.0
2021-04-09 17:00:00,0.0,122.00217,1.0
2021-04-09 18:00:00,0.0,7.0451155,0.5477777777777778
2021-04-09 19:00:00,0.0,0.0,0.0
2021-04-09 20:00:00,0.0,0.0,0.0
2021-04-09 21:00:00,0.0,0.0,0.0
2021-04-09 22:00:00,0.0,0.0,0.0
2021-04-09 23:00:00,0.0,0.0,0.0
2021-04-10 00:00:00,0.0,0.0,0.0
2021-04-10 01:00:00,0.0,0.0,0.0
2021-04-10 02:00:00,0.0,0.0,0.0
2021-04-10 03:00:00,0.0,0.0,0.0
2021-04-10 04:00:00,0.0,0.0,0.0
2021-04-10 05:00:00,0.0,10.341737,0.5063888888888889
2021-04-10 06:00:00,0.0,162.66055,1.0
2021-04-10 07:00:00,0.0,399.8413,1.0
2021-04-10 08:00:00,0.0,631.60266,1.0
2021-04-10 09:00:00,0.0,824.2512,1.0
2021-04-10 10:00:00,0.0,957.7233,1.0
2021-04-10 11:00:00,0.0,1022.70483,1.0
2021-04-10 12:00:00,0.0,1011.01544,1.0
2021-04-10 13:00:00,0.0,926.5972,1.0
2021-04-10 14:00:00,0.0,782.65704,1.0
2021-04-10 15:00:00,0.0,582.9,1.0
2021-04-10 16:00:00,0.0,352.2237,1.0
2021-04-10 17:00:00,0.0,122.68945,1.0
2021-04-10 18:00:00,0.02,7.095351,0.5644444444444444
2021-04-10 19:00:00,0.0,0.0,0.0
2021-04-10 20:00:00,0.24,0.0,0.0
2021-04-10 21:00:00,0.0,0.0,0.0
2021-04-10 22:00:00,0.0,0.0,0.0
2021-04-10 23:00:00,0.0,0.0,0.0
2021-04-11 00:00:00,0.18,0.0,0.0
2021-04-11 01:00:00,0.0,0.0,0.0
2021-04-11 02:00:00,0.0,0.0,0.0
2021-04-11 03:00:00,0.0,0.0,0.0
2021-04-11 04:00:00,0.0,0.0,0.0
2021-04-11 05:00:00,0.0,12.525893,0.5319444444444444
2021-04-11 06:00:00,0.0,169.4352,1.0
2021-04-11 07:00:00,0.0,401.77866,1.0
2021-04-11 08:00:00,0.16,623.94543,1.0
2021-04-11 09:00:00,0.0,807.98,1.0
2021-04-11 10:00:00,0.0,937.20593,1.0
2021-04-11 11:00:00,0.0,996.7705,1.0
2021-04-11 12:00:00,0.02,978.5739,1.0
2021-04-11 13:00:00,0.0,893.0426,1.0
2021-04-11 14:00:00,0.01,711.95544,1.0
2021-04-11 15:00:00,0.49,511.23944,1.0
2021-04-11 16:00:00,0.5,283.46375,1.0
2021-04-11 17:00:00,0.46,114.4733,1.0
2021-04-11 18:00:00,0.67,7.0422907,0.5811111111111111
2021-04-11 19:00:00,0.82,0.0,0.0
2021-04-11 20:00:00,0.84,0.0,0.0
2021-04-11 21:00:00,0.65,0.0,0.0
2021-04-11 22:00:00,0.39,0.0,0.0
2021-04-11 23:00:00,0.28,0.0,0.0
2021-04-12 00:00:00,0.04,0.0,0.0
2021-04-12 01:00:00,0.01,0.0,0.0
2021-04-12 02:00:00,0.02,0.0,0.0
2021-04-12 03:00:00,0.02,0.0,0.0
2021-04-12 04:00:00,0.01,0.0,0.0
2021-04-12 05:00:00,0.02,13.379473,0.5575
2021-04-12 06:00:00,0.07,160.50081,1.0
2021-04-12 07:00:00,0.18,384.15646,1.0
2021-04-12 08:00:00,0.51,552.9468,1.0
2021-04-12 09:00:00,0.79,705.2143,1.0
2021-04-12 10:00:00,0.36,699.2768,1.0
2021-04-12 11:00:00,0.47,723.40094,1.0
2021-04-12 12:00:00,0.58,716.6882,1.0
2021-04-12 13:00:00,0.74,683.7074,1.0
2021-04-12 14:00:00,0.79,626.6282,1.0
2021-04-12 15:00:00,0.64,445.9247,1.0
2021-04-12 16:00:00,0.29,281.1873,1.0
2021-04-12 17:00:00,0.46,39.756924,1.0
2021-04-12 18:00:00,0.99,6.9574614,0.5977777777777777
2021-04-12 19:00:00,0.96,0.0,0.0
2021-04-12 20:00:00,0.96,0.0,0.0
2021-04-12 21:00:00,0.96,0.0,0.0
2021-04-12 22:00:00,0.98,0.0,0.0
2021-04-12 23:00:00,0.99,0.0,0.0
2021-04-13 00:00:00,1.0,0.0,0.0
2021-04-13 01:00:00,1.0,0.0,0.0
2021-04-13 02:00:00,1.0,0.0,0.0
2021-04-13 03:00:00,1.0,0.0,0.0
2021-04-13 04:00:00,0.99,0.0,0.0
2021-04-13 05:00:00,0.99,2.981769,0.5827777777777777
2021-04-13 06:00:00,1.0,35.78123,1.0
2021-04-13 07:00:00,1.0,105.83327,1.0
2021-04-13 08:00:00,1.0,259.47705,1.0
2021-04-13 09:00:00,1.0,495.52332,1.0
2021-04-13 10:00:00,0.97,662.9248,1.0
2021-04-13 11:00:00,1.0,728.6454,1.0
2021-04-13 12:00:00,1.0,763.61835,1.0
2021-04-13 13:00:00,1.0,606.2361,1.0
2021-04-13 14:00:00,1.0,326.28577,1.0
2021-04-13 15:00:00,1.0,207.84993,1.0
2021-04-13 16:00:00,1.0,131.07587,1.0
2021-04-13 17:00:00,1.0,73.75918,1.0
2021-04-13 18:00:00,0.98,6.9574614,0.6147222222222222
2021-04-13 19:00:00,0.97,0.0,0.0
2021-04-13 20:00:00,0.86,0.0,0.0
2021-04-13 21:00:00,0.91,0.0,0.0
2021-04-13 22:00:00,0.83,0.0,0.0
2021-04-13 23:00:00,0.86,0.0,0.0
2021-04-14 00:00:00,0.79,0.0,0.0
2021-04-14 01:00:00,0.78,0.0,0.0
2021-04-14 02:00:00,0.97,0.0,0.0
2021-04-14 03:00:00,0.96,0.0,0.0
2021-04-14 04:00:00,0.96,0.0,0.0
2021-04-14 05:00:00,0.98,4.9696155,0.6075
2021-04-14 06:00:00,0.99,49.696156,1.0
2021-04-14 07:00:00,0.97,183.35088,1.0
2021-04-14 08:00:00,0.95,232.53831,1.0
2021-04-14 09:00:00,0.99,344.56848,1.0
2021-04-14 10:00:00,0.98,390.12268,1.0
2021-04-14 11:00:00,0.94,625.4938,1.0
2021-04-14 12:00:00,0.23,873.929,1.0
2021-04-14 13:00:00,0.25,817.6065,1.0
2021-04-14 14:00:00,0.88,671.9272,1.0
2021-04-14 15:00:00,0.75,441.6909,1.0
2021-04-14 16:00:00,0.72,278.24863,1.0
2021-04-14 17:00:00,0.64,59.07536,1.0
2021-04-14 18:00:00,0.99,4.9696155,0.6313888888888889
2021-04-14 19:00:00,0.99,0.0,0.0
2021-04-14 20:00:00,0.94,0.0,0.0
2021-04-14 21:00:00,1.0,0.0,0.0
2021-04-14 22:00:00,1.0,0.0,0.0
2021-04-14 23:00:00,0.61,0.0,0.0
2021-04-15 00:00:00,0.92,0.0,0.0
2021-04-15 01:00:00,0.97,0.0,0.0
2021-04-15 02:00:00,1.0,0.0,0.0
2021-04-15 03:00:00,1.0,0.0,0.0
2021-04-15 04:00:00,0.99,0.0,0.0
2021-04-15 05:00:00,0.96,6.9574614,0.6322222222222222
2021-04-15 06:00:00,0.97,70.995575,1.0
2021-04-15 07:00:00,1.0,151.72789,1.0
2021-04-15 08:00:00,0.98,177.07127,1.0
2021-04-15 09:00:00,0.98,236.613,1.0
2021-04-15 10:00:00,1.0,314.15332,1.0
2021-04-15 11:00:00,1.0,392.84726,1.0
2021-04-15 12:00:00,1.0,360.9365,1.0
2021-04-15 13:00:00,1.0,263.29962,1.0
2021-04-15 14:00:00,1.0,167.97299,1.0
2021-04-15 15:00:00,0.99,126.27702,1.0
2021-04-15 16:00:00,0.98,62.617153,1.0
2021-04-15 17:00:00,0.99,21.866308,1.0
2021-04-15 18:00:00,1.0,4.9696155,0.6480555555555556
2021-04-15 19:00:00,1.0,0.0,0.0
2021-04-15 20:00:00,1.0,0.0,0.0
2021-04-15 21:00:00,1.0,0.0,0.0
2021-04-15 22:00:00,1.0,0.0,0.0
2021-04-15 23:00:00,0.99,0.0,0.0
2021-04-16 00:00:00,0.99,0.0,0.0
2021-04-16 01:00:00,0.99,0.0,0.0
2021-04-16 02:00:00,1.0,0.0,0.0
2021-04-16 03:00:00,0.99,0.0,0.0
2021-04-16 04:00:00,1.0,0.0,0.0
2021-04-16 05:00:00,0.99,6.9574614,0.6563888888888889
2021-04-16 06:00:00,1.0,76.68598,1.0
2021-04-16 07:00:00,1.0,182.1604,1.0
2021-04-16 08:00:00,1.0,381.5673,1.0
2021-04-16 09:00:00,0.99,603.50665,1.0
2021-04-16 10:00:00,0.99,878.7005,1.0
2021-04-16 11:00:00,0.98,985.88556,1.0
2021-04-16 12:00:00,0.8,803.1347,1.0
2021-04-16 13:00:00,0.62,778.9153,1.0
2021-04-16 14:00:00,0.74,640.47656,1.0
2021-04-16 15:00:00,0.41,402.74884,1.0
2021-04-16 16:00:00,0.64,223.88586,1.0
2021-04-16 17:00:00,0.62,75.764465,1.0
2021-04-16 18:00:00,0.85,7.9513845,0.6647222222222222
2021-04-16 19:00:00,0.99,0.0,0.0
2021-04-16 20:00:00,1.0,0.0,0.0
2021-04-16 21:00:00,0.94,0.0,0.0
2021-04-16 22:00:00,0.95,0.0,0.0
2021-04-16 23:00:00,0.97,0.0,0.0
2021-04-17 00:00:00,0.98,0.0,0.0
2021-04-17 01:00:00,0.98,0.0,0.0
2021-04-17 02:00:00,1.0,0.0,0.0
2021-04-17 03:00:00,1.0,0.0,0.0
2021-04-17 04:00:00,1.0,0.0,0.0
2021-04-17 05:00:00,0.5,13.099887,0.6802777777777778
2021-04-17 06:00:00,0.89,130.64404,1.0
2021-04-17 07:00:00,0.86,250.81725,1.0
2021-04-17 08:00:00,0.82,532.55145,1.0
2021-04-17 09:00:00,0.48,753.40436,1.0
2021-04-17 10:00:00,0.32,937.76953,1.0
2021-04-17 11:00:00,0.08,1054.5206,1.0
2021-04-17 12:00:00,0.02,1074.4475,1.0
2021-04-17 13:00:00,0.0,975.8369,1.0
2021-04-17 14:00:00,0.0,848.4903,1.0
2021-04-17 15:00:00,0.0,632.5554,1.0
2021-04-17 16:00:00,0.0,389.70178,1.0
2021-04-17 17:00:00,0.0,138.77927,1.0
2021-04-17 18:00:00,0.24,13.32366,0.6813888888888889
2021-04-17 19:00:00,0.03,0.0,0.0
2021-04-17 20:00:00,0.0,0.0,0.0
2021-04-17 21:00:00,0.0,0.0,0.0
2021-04-17 22:00:00,0.0,0.0,0.0
2021-04-17 23:00:00,0.0,0.0,0.0
2021-04-18 00:00:00,0.0,0.0,0.0
2021-04-18 01:00:00,0.0,0.0,0.0
2021-04-18 02:00:00,0.0,0.0,0.0
2021-04-18 03:00:00,0.0,0.0,0.0
2021-04-18 04:00:00,0.0,0.0,0.0
2021-04-18 05:00:00,0.0,24.470478,0.7038888888888889
2021-04-18 06:00:00,0.0,199.6406,1.0
2021-04-18 07:00:00,0.16,419.80133,1.0
2021-04-18 08:00:00,0.07,674.26874,1.0
2021-04-18 09:00:00,0.01,865.34717,1.0
2021-04-18 10:00:00,0.03,997.2093,1.0
2021-04-18 11:00:00,0.0,1038.0275,1.0
2021-04-18 12:00:00,0.06,1016.56335,1.0
2021-04-18 13:00:00,0.19,917.90186,1.0
2021-04-18 14:00:00,0.58,806.8636,1.0
2021-04-18 15:00:00,0.54,577.11847,1.0
2021-04-18 16:00:00,0.6,315.58392,1.0
2021-04-18 17:00:00,0.88,123.425156,1.0
2021-04-18 18:00:00,0.89,12.361742,0.6977777777777778
2021-04-18 19:00:00,0.18,0.0,0.0
2021-04-18 20:00:00,0.09,0.0,0.0
2021-04-18 21:00:00,0.0,0.0,0.0
2021-04-18 22:00:00,0.0,0.0,0.0
2021-04-18 23:00:00,0.0,0.0,0.0
2021-04-19 00:00:00,0.01,0.0,0.0
2021-04-19 01:00:00,0.0,0.0,0.0
2021-04-19 02:00:00,0.0,0.0,0.0
2021-04-19 03:00:00,0.0,0.0,0.0
2021-04-19 04:00:00,0.01,0.0,0.0
2021-04-19 05:00:00,0.01,17.905977,0.7275
2021-04-19 06:00:00,0.74,154.86482,1.0
2021-04-19 07:00:00,0.86,370.37085,1.0
2021-04-19 08:00:00,1.0,297.6434,1.0
2021-04-19 09:00:00,1.0,275.1791,1.0
2021-04-19 10:00:00,1.0,283.12744,1.0
2021-04-19 11:00:00,1.0,373.14603,1.0
2021-04-19 12:00:00,1.0,267.36807,1.0
2021-04-19 13:00:00,1.0,365.44006,1.0
2021-04-19 14:00:00,1.0,219.69199,1.0
2021-04-19 15:00:00,1.0,112.31331,1.0
2021-04-19 16:00:00,1.0,76.53208,1.0
2021-04-19 17:00:00,0.99,42.481644,1.0
2021-04-19 18:00:00,1.0,3.9756923,0.7147222222222223
2021-04-19 19:00:00,1.0,0.0,0.0
2021-04-19 20:00:00,1.0,0.0,0.0
2021-04-19 21:00:00,1.0,0.0,0.0
2021-04-19 22:00:00,1.0,0.0,0.0
2021-04-19 23:00:00,1.0,0.0,0.0
2021-04-20 00:00:00,1.0,0.0,0.0
2021-04-20 01:00:00,0.98,0.0,0.0
2021-04-20 02:00:00,0.94,0.0,0.0
2021-04-20 03:00:00,0.87,0.0,0.0
2021-04-20 04:00:00,0.57,0.0,0.0
2021-04-20 05:00:00,0.35,23.501553,0.7508333333333334
2021-04-20 06:00:00,0.32,198.40477,1.0
2021-04-20 07:00:00,0.13,457.1394,1.0
2021-04-20 08:00:00,0.02,706.9346,1.0
2021-04-20 09:00:00,0.0,907.1663,1.0
2021-04-20 10:00:00,0.01,1046.2832,1.0
2021-04-20 11:00:00,0.0,1109.7318,1.0
2021-04-20 12:00:00,0.0,1095.9153,1.0
2021-04-20 13:00:00,0.0,1007.6653,1.0
2021-04-20 14:00:00,0.0,850.96515,1.0
2021-04-20 15:00:00,0.0,641.06714,1.0
2021-04-20 16:00:00,0.0,400.53458,1.0
2021-04-20 17:00:00,0.0,152.72551,1.0
2021-04-20 18:00:00,0.17,15.405289,0.7313888888888889
2021-04-20 19:00:00,0.27,0.0,0.0
2021-04-20 20:00:00,0.2,0.0,0.0
2021-04-20 21:00:00,0.63,0.0,0.0
2021-04-20 22:00:00,0.66,0.0,0.0
2021-04-20 23:00:00,0.64,0.0,0.0
2021-04-21 00:00:00,0.66,0.0,0.0
2021-04-21 01:00:00,0.82,0.0,0.0
2021-04-21 02:00:00,0.94,0.0,0.0
2021-04-21 03:00:00,0.96,0.0,0.0
2021-04-21 04:00:00,0.98,0.0,0.0
2021-04-21 05:00:00,0.87,12.921,0.7738888888888888
2021-04-21 06:00:00,0.99,100.509544,1.0
2021-04-21 07:00:00,0.98,314.57227,1.0
2021-04-21 08:00:00,0.99,531.6933,1.0
2021-04-21 09:00:00,1.0,679.93,1.0
2021-04-21 10:00:00,1.0,745.2852,1.0
2021-04-21 11:00:00,0.99,737.96606,1.0
2021-04-21 12:00:00,1.0,647.2824,1.0
2021-04-21 13:00:00,0.98,660.7298,1.0
2021-04-21 14:00:00,0.99,538.4887,1.0
2021-04-21 15:00:00,1.0,401.37912,1.0
2021-04-21 16:00:00,1.0,250.04141,1.0
2021-04-21 17:00:00,1.0,89.45308,1.0
2021-04-21 18:00:00,1.0,11.927076,0.7480555555555556
2021-04-21 19:00:00,0.95,0.0,0.0
2021-04-21 20:00:00,0.91,0.0,0.0
2021-04-21 21:00:00,0.9,0.0,0.0
2021-04-21 22:00:00,0.93,0.0,0.0
2021-04-21 23:00:00,0.95,0.0,0.0
2021-04-22 00:00:00,0.97,0.0,0.0
2021-04-22 01:00:00,0.96,0.0,0.0
2021-04-22 02:00:00,0.61,0.0,0.0
2021-04-22 03:00:00,0.84,0.0,0.0
2021-04-22 04:00:00,0.79,0.0,0.0
2021-04-22 05:00:00,0.57,23.651665,0.7972222222222223
2021-04-22 06:00:00,0.47,146.68082,1.0
2021-04-22 07:00:00,0.65,368.0286,1.0
2021-04-22 08:00:00,0.39,540.099,1.0
2021-04-22 09:00:00,0.59,673.63837,1.0
2021-04-22 10:00:00,0.8,816.21405,1.0
2021-04-22 11:00:00,0.65,938.6274,1.0
2021-04-22 12:00:00,0.96,794.3235,1.0
2021-04-22 13:00:00,0.89,817.2553,1.0
2021-04-22 14:00:00,0.78,673.381,1.0
2021-04-22 15:00:00,0.63,520.91364,1.0
2021-04-22 16:00:00,0.92,293.1407,1.0
2021-04-22 17:00:00,0.54,98.172035,1.0
2021-04-22 18:00:00,0.4,14.549523,0.765
2021-04-22 19:00:00,0.79,0.0,0.0
2021-04-22 20:00:00,0.96,0.0,0.0
2021-04-22 21:00:00,0.94,0.0,0.0
2021-04-22 22:00:00,0.88,0.0,0.0
2021-04-22 23:00:00,0.32,0.0,0.0
2021-04-23 00:00:00,0.75,0.0,0.0
2021-04-23 01:00:00,0.92,0.0,0.0
2021-04-23 02:00:00,0.86,0.0,0.0
2021-04-23 03:00:00,0.97,0.0,0.0
2021-04-23 04:00:00,0.96,0.0,0.0
2021-04-23 05:00:00,0.72,26.269001,0.82
2021-04-23 06:00:00,0.81,212.30042,1.0
2021-04-23 07:00:00,0.59,428.54947,1.0
2021-04-23 08:00:00,0.86,653.7277,1.0
2021-04-23 09:00:00,0.85,843.77246,1.0
2021-04-23 10:00:00,0.51,952.26227,1.0
2021-04-23 11:00:00,0.78,934.7453,1.0
2021-04-23 12:00:00,0.99,793.74915,1.0
2021-04-23 13:00:00,0.79,817.74054,1.0
2021-04-23 14:00:00,0.54,717.0764,1.0
2021-04-23 15:00:00,1.0,372.71448,1.0
2021-04-23 16:00:00,0.99,283.82584,1.0
2021-04-23 17:00:00,0.97,148.38144,1.0
2021-04-23 18:00:00,0.45,15.992894,0.7816666666666666
2021-04-23 19:00:00,0.1,0.0,0.0
2021-04-23 20:00:00,0.01,0.0,0.0
2021-04-23 21:00:00,0.18,0.0,0.0
2021-04-23 22:00:00,0.02,0.0,0.0
2021-04-23 23:00:00,0.0,0.0,0.0
2021-04-24 00:00:00,0.0,0.0,0.0
2021-04-24 01:00:00,0.0,0.0,0.0
2021-04-24 02:00:00,0.0,0.0,0.0
2021-04-24 03:00:00,0.0,0.0,0.0
2021-04-24 04:00:00,0.0,0.0,0.0
2021-04-24 05:00:00,0.0,34.03297,0.8427777777777777
2021-04-24 06:00:00,0.33,205.74326,1.0
2021-04-24 07:00:00,0.83,383.76172,1.0
2021-04-24 08:00:00,0.86,601.2979,1.0
2021-04-24 09:00:00,0.7,839.9858,1.0
2021-04-24 10:00:00,0.42,977.7932,1.0
2021-04-24 11:00:00,0.7,1034.3564,1.0
2021-04-24 12:00:00,0.9,871.2345,1.0
2021-04-24 13:00:00,0.86,932.2064,1.0
2021-04-24 14:00:00,0.65,771.8822,1.0
2021-04-24 15:00:00,0.61,576.1014,1.0
2021-04-24 16:00:00,0.93,333.8879,1.0
2021-04-24 17:00:00,0.78,143.69095,1.0
2021-04-24 18:00:00,0.9,18.50224,0.7986111111111112
2021-04-24 19:00:00,0.91,0.0,0.0
2021-04-24 20:00:00,0.99,0.0,0.0
2021-04-24 21:00:00,0.98,0.0,0.0
2021-04-24 22:00:00,0.94,0.0,0.0
2021-04-24 23:00:00,0.2,0.0,0.0
2021-04-25 00:00:00,0.0,0.0,0.0
2021-04-25 01:00:00,0.13,0.0,0.0
2021-04-25 02:00:00,0.11,0.0,0.0
2021-04-25 03:00:00,0.15,0.0,0.0
2021-04-25 04:00:00,0.0,0.0,0.0
2021-04-25 05:00:00,0.0,35.93413,0.8655555555555555
2021-04-25 06:00:00,0.0,216.14093,1.0
2021-04-25 07:00:00,0.0,448.3308,1.0
2021-04-25 08:00:00,0.14,667.7799,1.0
2021-04-25 09:00:00,0.0,847.3409,1.0
2021-04-25 10:00:00,0.0,968.32166,1.0
2021-04-25 11:00:00,0.0,1023.6115,1.0
2021-04-25 12:00:00,0.0,1010.4496,1.0
2021-04-25 13:00:00,0.0,924.67365,1.0
2021-04-25 14:00:00,0.01,775.08246,1.0
2021-04-25 15:00:00,0.01,592.64825,1.0
2021-04-25 16:00:00,0.02,368.27878,1.0
2021-04-25 17:00:00,0.01,154.13022,1.0
2021-04-25 18:00:00,0.16,14.472843,0.8155555555555556
2021-04-25 19:00:00,0.0,0.0,0.0
2021-04-25 20:00:00,0.0,0.0,0.0
2021-04-25 21:00:00,0.0,0.0,0.0
2021-04-25 22:00:00,0.0,0.0,0.0
2021-04-25 23:00:00,0.0,0.0,0.0
2021-04-26 00:00:00,0.0,0.0,0.0
2021-04-26 01:00:00,0.0,0.0,0.0
2021-04-26 02:00:00,0.17,0.0,0.0
2021-04-26 03:00:00,0.0,0.0,0.0
2021-04-26 04:00:00,0.0,0.0,0.0
2021-04-26 05:00:00,0.0,38.890606,0.8877777777777778
2021-04-26 06:00:00,0.0,226.488,1.0
2021-04-26 07:00:00,0.02,462.03775,1.0
2021-04-26 08:00:00,0.32,672.31024,1.0
2021-04-26 09:00:00,0.53,847.88184,1.0
2021-04-26 10:00:00,0.9,951.60144,1.0
2021-04-26 11:00:00,1.0,1015.78577,1.0
2021-04-26 12:00:00,0.94,1017.43677,1.0
2021-04-26 13:00:00,0.81,930.3255,1.0
2021-04-26 14:00:00,0.53,780.6914,1.0
2021-04-26 15:00:00,0.7,584.52057,1.0
2021-04-26 16:00:00,0.79,338.93448,1.0
2021-04-26 17:00:00,0.96,143.18889,1.0
2021-04-26 18:00:00,0.96,19.360159,0.8322222222222222
2021-04-26 19:00:00,0.97,0.0,0.0
2021-04-26 20:00:00,0.98,0.0,0.0
2021-04-26 21:00:00,0.99,0.0,0.0
2021-04-26 22:00:00,0.98,0.0,0.0
2021-04-26 23:00:00,0.95,0.0,0.0
2021-04-27 00:00:00,0.86,0.0,0.0
2021-04-27 01:00:00,1.0,0.0,0.0
2021-04-27 02:00:00,0.99,0.0,0.0
2021-04-27 03:00:00,0.84,0.0,0.0
2021-04-27 04:00:00,0.77,0.0,0.0
2021-04-27 05:00:00,0.5,36.46029,0.9097222222222222
2021-04-27 06:00:00,0.75,181.85284,1.0
2021-04-27 07:00:00,1.0,185.01309,1.0
2021-04-27 08:00:00,1.0,264.56067,1.0
2021-04-27 09:00:00,0.99,293.07614,1.0
2021-04-27 10:00:00,1.0,369.74063,1.0
2021-04-27 11:00:00,1.0,389.86627,1.0
2021-04-27 12:00:00,1.0,292.43298,1.0
2021-04-27 13:00:00,1.0,433.87378,1.0
2021-04-27 14:00:00,0.59,537.47986,1.0
2021-04-27 15:00:00,0.59,443.09186,1.0
2021-04-27 16:00:00,0.74,179.60065,1.0
2021-04-27 17:00:00,1.0,27.829845,1.0
2021-04-27 18:00:00,1.0,2.981769,0.8491666666666666
2021-04-27 19:00:00,1.0,0.0,0.0
2021-04-27 20:00:00,1.0,0.0,0.0
2021-04-27 21:00:00,1.0,0.0,0.0
2021-04-27 22:00:00,1.0,0.0,0.0
2021-04-27 23:00:00,1.0,0.0,0.0
2021-04-28 00:00:00,1.0,0.0,0.0
2021-04-28 01:00:00,1.0,0.0,0.0
2021-04-28 02:00:00,1.0,0.0,0.0
2021-04-28 03:00:00,1.0,0.0,0.0
2021-04-28 04:00:00,1.0,0.0,0.0
2021-04-28 05:00:00,1.0,5.963538,0.9316666666666666
2021-04-28 06:00:00,1.0,19.878462,1.0
2021-04-28 07:00:00,1.0,41.74477,1.0
2021-04-28 08:00:00,1.0,82.695755,1.0
2021-04-28 09:00:00,1.0,158.18306,1.0
2021-04-28 10:00:00,1.0,178.90616,1.0
2021-04-28 11:00:00,0.98,435.938,1.0
2021-04-28 12:00:00,0.93,604.5168,1.0
2021-04-28 13:00:00,0.61,833.749,1.0
2021-04-28 14:00:00,0.3,720.65717,1.0
2021-04-28 15:00:00,0.0,615.2524,1.0
2021-04-28 16:00:00,0.31,381.12012,1.0
2021-04-28 17:00:00,0.37,141.74734,1.0
2021-04-28 18:00:00,0.77,17.820312,0.8658333333333333
2021-04-28 19:00:00,0.01,0.0,0.0
2021-04-28 20:00:00,0.0,0.0,0.0
2021-04-28 21:00:00,0.0,0.0,0.0
2021-04-28 22:00:00,0.0,0.0,0.0
2021-04-28 23:00:00,0.01,0.0,0.0
2021-04-29 00:00:00,0.0,0.0,0.0
2021-04-29 01:00:00,0.0,0.0,0.0
2021-04-29 02:00:00,0.0,0.0,0.0
2021-04-29 03:00:00,0.0,0.0,0.0
2021-04-29 04:00:00,0.0,0.0,0.0
2021-04-29 05:00:00,0.0,43.168697,0.9530555555555555
2021-04-29 06:00:00,0.0,227.63129,1.0
2021-04-29 07:00:00,0.0,458.0406,1.0
2021-04-29 08:00:00,0.0,674.9591,1.0
2021-04-29 09:00:00,0.0,853.0894,1.0
2021-04-29 10:00:00,0.0,976.0535,1.0
2021-04-29 11:00:00,0.0,1032.4021,1.0
2021-04-29 12:00:00,0.0,1018.09644,1.0
2021-04-29 13:00:00,0.0,932.4455,1.0
2021-04-29 14:00:00,0.0,786.1034,1.0
2021-04-29 15:00:00,0.0,592.89905,1.0
2021-04-29 16:00:00,0.26,374.17368,1.0
2021-04-29 17:00:00,0.0,157.37457,1.0
2021-04-29 18:00:00,0.0,18.028564,0.8825
2021-04-29 19:00:00,0.0,0.0,0.0
2021-04-29 20:00:00,0.0,0.0,0.0
2021-04-29 21:00:00,0.0,0.0,0.0
2021-04-29 22:00:00,0.0,0.0,0.0
2021-04-29 23:00:00,0.0,0.0,0.0
2021-04-30 00:00:00,0.0,0.0,0.0
2021-04-30 01:00:00,0.0,0.0,0.0
2021-04-30 02:00:00,0.0,0.0,0.0
2021-04-30 03:00:00,0.0,0.0,0.0
2021-04-30 04:00:00,0.0,0.0,0.0
2021-04-30 05:00:00,0.0,44.92542,0.9741666666666666
2021-04-30 06:00:00,0.0,227.91771,1.0
2021-04-30 07:00:00,0.0,454.82297,1.0
2021-04-30 08:00:00,0.0,669.55054,1.0
2021-04-30 09:00:00,0.0,846.66254,1.0
2021-04-30 10:00:00,0.0,968.7452,1.0
2021-04-30 11:00:00,0.0,1025.3053,1.0
2021-04-30 12:00:00,0.0,1012.1805,1.0
2021-04-30 13:00:00,0.0,929.7543,1.0
2021-04-30 14:00:00,0.0,789.4381,1.0
2021-04-30 15:00:00,0.0,600.05676,1.0
2021-04-30 16:00:00,0.0,382.8427,1.0
2021-04-30 17:00:00,0.0,166.41812,1.0
2021-04-30 18:00:00,0.39,20.19876,0.8994444444444445
2021-04-30 19:00:00,0.0,0.0,0.0
2021-04-30 20:00:00,0.01,0.0,0.0
2021-04-30 21:00:00,0.07,0.0,0.0
2021-04-30 22:00:00,0.37,0.0,0.0
2021-04-30 23:00:00,0.35,0.0,0.0
2021-05-01 00:00:00,0.21,0.0,0.0
2021-05-01 01:00:00,0.38,0.0,0.0
2021-05-01 02:00:00,0.32,0.0,0.0
2021-05-01 03:00:00,0.41,0.0,0.0
2021-05-01 04:00:00,0.42,0.0,0.0
2021-05-01 05:00:00,0.12,48.661266,0.995
2021-05-01 06:00:00,0.44,235.42923,1.0
2021-05-01 07:00:00,0.3,463.42398,1.0
2021-05-01 08:00:00,0.28,679.61334,1.0
2021-05-01 09:00:00,0.57,850.66595,1.0
2021-05-01 10:00:00,0.08,933.8203,1.0
2021-05-01 11:00:00,0.47,954.9027,1.0
2021-05-01 12:00:00,0.99,756.0026,1.0
2021-05-01 13:00:00,0.99,665.5456,1.0
2021-05-01 14:00:00,1.0,612.66016,1.0
2021-05-01 15:00:00,1.0,404.93866,1.0
2021-05-01 16:00:00,0.99,210.73503,1.0
2021-05-01 17:00:00,0.98,101.47608,1.0
2021-05-01 18:00:00,0.98,18.344564,0.9161111111111111
2021-05-01 19:00:00,0.99,0.0,0.0
2021-05-01 20:00:00,0.83,0.0,0.0
2021-05-01 21:00:00,0.91,0.0,0.0
2021-05-01 22:00:00,0.99,0.0,0.0
2021-05-01 23:00:00,0.39,0.0,0.0
2021-05-02 00:00:00,0.58,0.0,0.0
2021-05-02 01:00:00,0.66,0.0,0.0
2021-05-02 02:00:00,1.0,0.0,0.0
2021-05-02 03:00:00,0.94,0.0,0.0
2021-05-02 04:00:00,0.0,0.0,0.015555555555555555
2021-05-02 05:00:00,0.0,49.41157,1.0
2021-05-02 06:00:00,0.19,231.4176,1.0
2021-05-02 07:00:00,0.82,432.65875,1.0
2021-05-02 08:00:00,0.79,649.5397,1.0
2021-05-02 09:00:00,0.64,760.4782,1.0
2021-05-02 10:00:00,0.45,764.9602,1.0
2021-05-02 11:00:00,0.7,528.10944,1.0
2021-05-02 12:00:00,0.98,390.44904,1.0
2021-05-02 13:00:00,0.92,452.7532,1.0
2021-05-02 14:00:00,0.85,418.4637,1.0
2021-05-02 15:00:00,0.88,279.62476,1.0
2021-05-02 16:00:00,1.0,32.79946,1.0
2021-05-02 17:00:00,0.94,114.53612,1.0
2021-05-02 18:00:00,0.99,16.019796,0.9325
2021-05-02 19:00:00,1.0,0.0,0.0
2021-05-02 20:00:00,1.0,0.0,0.0
2021-05-02 21:00:00,1.0,0.0,0.0
2021-05-02 22:00:00,1.0,0.0,0.0
2021-05-02 23:00:00,1.0,0.0,0.0
2021-05-03 00:00:00,1.0,0.0,0.0
2021-05-03 01:00:00,0.99,0.0,0.0
2021-05-03 02:00:00,1.0,0.0,0.0
2021-05-03 03:00:00,1.0,0.0,0.0
2021-05-03 04:00:00,1.0,0.0,0.035555555555555556
2021-05-03 05:00:00,1.0,10.933154,1.0
2021-05-03 06:00:00,1.0,34.787308,1.0
2021-05-03 07:00:00,1.0,56.653618,1.0
2021-05-03 08:00:00,1.0,87.46523,1.0
2021-05-03 09:00:00,1.0,179.90009,1.0
2021-05-03 10:00:00,1.0,247.39426,1.0
2021-05-03 11:00:00,1.0,281.76953,1.0
2021-05-03 12:00:00,0.99,171.9487,1.0
2021-05-03 13:00:00,1.0,273.47833,1.0
2021-05-03 14:00:00,0.98,235.80424,1.0
2021-05-03 15:00:00,0.99,271.07196,1.0
2021-05-03 16:00:00,0.97,126.31695,1.0
2021-05-03 17:00:00,1.0,35.999866,1.0
2021-05-03 18:00:00,0.99,3.9756923,0.9491666666666667
2021-05-03 19:00:00,0.98,0.0,0.0
2021-05-03 20:00:00,0.97,0.0,0.0
2021-05-03 21:00:00,1.0,0.0,0.0
2021-05-03 22:00:00,1.0,0.0,0.0
2021-05-03 23:00:00,1.0,0.0,0.0
2021-05-04 00:00:00,1.0,0.0,0.0
2021-05-04 01:00:00,0.99,0.0,0.0
2021-05-04 02:00:00,0.98,0.0,0.0
2021-05-04 03:00:00,0.78,0.0,0.0
2021-05-04 04:00:00,0.41,0.0,0.05527777777777778
2021-05-04 05:00:00,0.2,46.106827,1.0
2021-05-04 06:00:00,0.59,163.96753,1.0
2021-05-04 07:00:00,0.77,351.59943,1.0
2021-05-04 08:00:00,0.45,676.0774,1.0
2021-05-04 09:00:00,0.22,857.82996,1.0
2021-05-04 10:00:00,0.24,957.1985,1.0
2021-05-04 11:00:00,0.34,852.0704,1.0
2021-05-04 12:00:00,0.51,825.43396,1.0
2021-05-04 13:00:00,0.92,677.49347,1.0
2021-05-04 14:00:00,0.99,311.58112,1.0
2021-05-04 15:00:00,0.96,412.8422,1.0
2021-05-04 16:00:00,0.19,276.57153,1.0
2021-05-04 17:00:00,0.13,170.16464,1.0
2021-05-04 18:00:00,0.63,21.860676,0.9655555555555555
2021-05-04 19:00:00,0.16,0.0,0.0
2021-05-04 20:00:00,0.05,0.0,0.0
2021-05-04 21:00:00,0.47,0.0,0.0
2021-05-04 22:00:00,0.86,0.0,0.0
2021-05-04 23:00:00,0.48,0.0,0.0
2021-05-05 00:00:00,0.07,0.0,0.0
2021-05-05 01:00:00,0.86,0.0,0.0
2021-05-05 02:00:00,0.29,0.0,0.0
2021-05-05 03:00:00,0.42,0.0,0.0
2021-05-05 04:00:00,0.28,0.0,0.07444444444444444
2021-05-05 05:00:00,0.13,55.531345,1.0
2021-05-05 06:00:00,0.13,234.10587,1.0
2021-05-05 07:00:00,0.09,445.1496,1.0
2021-05-05 08:00:00,0.16,651.5637,1.0
2021-05-05 09:00:00,0.26,803.96533,1.0
2021-05-05 10:00:00,0.36,836.7991,1.0
2021-05-05 11:00:00,0.44,859.3341,1.0
2021-05-05 12:00:00,0.57,825.1724,1.0
2021-05-05 13:00:00,0.53,612.9457,1.0
2021-05-05 14:00:00,0.38,641.01904,1.0
2021-05-05 15:00:00,0.5,547.2248,1.0
2021-05-05 16:00:00,0.06,364.5858,1.0
2021-05-05 17:00:00,0.05,155.37442,1.0
2021-05-05 18:00:00,0.13,22.937243,0.9819444444444444
2021-05-05 19:00:00,0.05,0.0,0.0
2021-05-05 20:00:00,0.0,0.0,0.0
2021-05-05 21:00:00,0.01,0.0,0.0
2021-05-05 22:00:00,0.0,0.0,0.0
2021-05-05 23:00:00,0.0,0.0,0.0
2021-05-06 00:00:00,0.14,0.0,0.0
2021-05-06 01:00:00,0.0,0.0,0.0
2021-05-06 02:00:00,0.0,0.0,0.0
2021-05-06 03:00:00,0.0,0.0,0.0
2021-05-06 04:00:00,0.01,0.0,0.09305555555555556
2021-05-06 05:00:00,0.05,58.14967,1.0
2021-05-06 06:00:00,0.15,248.64963,1.0
2021-05-06 07:00:00,0.0,475.8949,1.0
2021-05-06 08:00:00,0.0,692.3974,1.0
2021-05-06 09:00:00,0.0,869.3278,1.0
2021-05-06 10:00:00,0.0,989.041,1.0
2021-05-06 11:00:00,0.0,1042.2256,1.0
2021-05-06 12:00:00,0.0,1025.865,1.0
2021-05-06 13:00:00,0.0,940.26605,1.0
2021-05-06 14:00:00,0.0,795.13904,1.0
2021-05-06 15:00:00,0.0,607.30023,1.0
2021-05-06 16:00:00,0.0,391.78366,1.0
2021-05-06 17:00:00,0.0,177.15402,1.0
2021-05-06 18:00:00,0.0,24.406105,0.9980555555555556
2021-05-06 19:00:00,0.0,0.0,0.0
2021-05-06 20:00:00,0.0,0.0,0.0
2021-05-06 21:00:00,0.0,0.0,0.0
2021-05-06 22:00:00,0.0,0.0,0.0
2021-05-06 23:00:00,0.0,0.0,0.0
2021-05-07 00:00:00,0.0,0.0,0.0
2021-05-07 01:00:00,0.0,0.0,0.0
2021-05-07 02:00:00,0.0,0.0,0.0
2021-05-07 03:00:00,0.21,0.0,0.0
2021-05-07 04:00:00,0.35,0.0,0.1111111111111111
2021-05-07 05:00:00,0.32,62.724575,1.0
2021-05-07 06:00:00,0.36,258.4822,1.0
2021-05-07 07:00:00,0.63,478.58887,1.0
2021-05-07 08:00:00,0.51,687.9733,1.0
2021-05-07 09:00:00,0.68,861.66797,1.0
2021-05-07 10:00:00,0.43,887.9772,1.0
2021-05-07 11:00:00,0.9,819.0256,1.0
2021-05-07 12:00:00,0.69,775.923,1.0
2021-05-07 13:00:00,0.89,534.43646,1.0
2021-05-07 14:00:00,0.92,619.4616,1.0
2021-05-07 15:00:00,0.59,459.68506,1.0
2021-05-07 16:00:00,0.6,290.7032,1.0
2021-05-07 17:00:00,0.49,90.41451,1.0
2021-05-07 18:00:00,0.58,26.21738,1.0
2021-05-07 19:00:00,0.25,0.0,0.014166666666666666
2021-05-07 20:00:00,0.0,0.0,0.0
2021-05-07 21:00:00,0.0,0.0,0.0
2021-05-07 22:00:00,0.01,0.0,0.0
2021-05-07 23:00:00,0.52,0.0,0.0
2021-05-08 00:00:00,0.56,0.0,0.0
2021-05-08 01:00:00,0.13,0.0,0.0
2021-05-08 02:00:00,0.04,0.0,0.0
2021-05-08 03:00:00,0.08,0.0,0.0
2021-05-08 04:00:00,0.21,0.0,0.1288888888888889
2021-05-08 05:00:00,0.74,55.665863,1.0
2021-05-08 06:00:00,0.91,225.25238,1.0
2021-05-08 07:00:00,0.85,441.52164,1.0
2021-05-08 08:00:00,0.27,703.38806,1.0
2021-05-08 09:00:00,0.33,868.29706,1.0
2021-05-08 10:00:00,0.24,968.9807,1.0
2021-05-08 11:00:00,0.1,1018.71466,1.0
2021-05-08 12:00:00,0.48,848.6081,1.0
2021-05-08 13:00:00,0.47,834.4858,1.0
2021-05-08 14:00:00,0.72,702.0447,1.0
2021-05-08 15:00:00,0.55,492.80594,1.0
2021-05-08 16:00:00,0.59,284.5803,1.0
2021-05-08 17:00:00,0.62,102.842964,1.0
2021-05-08 18:00:00,0.53,28.015085,1.0
2021-05-08 19:00:00,0.56,0.0,0.03027777777777778
2021-05-08 20:00:00,0.74,0.0,0.0
2021-05-08 21:00:00,1.0,0.0,0.0
2021-05-08 22:00:00,0.86,0.0,0.0
2021-05-08 23:00:00,0.9,0.0,0.0
2021-05-09 00:00:00,0.85,0.0,0.0
2021-05-09 01:00:00,0.98,0.0,0.0
2021-05-09 02:00:00,1.0,0.0,0.0
2021-05-09 03:00:00,0.99,0.0,0.0
2021-05-09 04:00:00,1.0,0.0,0.1463888888888889
2021-05-09 05:00:00,1.0,7.9513845,1.0
2021-05-09 06:00:00,1.0,20.872385,1.0
2021-05-09 07:00:00,1.0,79.51385,1.0
2021-05-09 08:00:00,1.0,155.70804,1.0
2021-05-09 09:00:00,0.98,318.66736,1.0
2021-05-09 10:00:00,0.84,618.65784,1.0
2021-05-09 11:00:00,0.82,613.75085,1.0
2021-05-09 12:00:00,1.0,502.0567,1.0
2021-05-09 13:00:00,0.93,414.1967,1.0
2021-05-09 14:00:00,0.96,313.92215,1.0
2021-05-09 15:00:00,0.96,206.48482,1.0
2021-05-09 16:00:00,1.0,189.39784,1.0
2021-05-09 17:00:00,0.96,82.1043,1.0
2021-05-09 18:00:00,0.8,27.394245,1.0
2021-05-09 19:00:00,0.63,0.0,0.04611111111111111
2021-05-09 20:00:00,0.83,0.0,0.0
2021-05-09 21:00:00,0.87,0.0,0.0
2021-05-09 22:00:00,1.0,0.0,0.0
2021-05-09 23:00:00,1.0,0.0,0.0
2021-05-10 00:00:00,1.0,0.0,0.0
2021-05-10 01:00:00,1.0,0.0,0.0
2021-05-10 02:00:00,1.0,0.0,0.0
2021-05-10 03:00:00,1.0,0.0,0.0
2021-05-10 04:00:00,0.99,0.0,0.16333333333333333
2021-05-10 05:00:00,1.0,23.854153,1.0
2021-05-10 06:00:00,1.0,50.69008,1.0
2021-05-10 07:00:00,1.0,71.56246,1.0
2021-05-10 08:00:00,1.0,99.04746,1.0
2021-05-10 09:00:00,1.0,417.8843,1.0
2021-05-10 10:00:00,1.0,535.2763,1.0
2021-05-10 11:00:00,0.94,545.36975,1.0
2021-05-10 12:00:00,0.95,360.24243,1.0
2021-05-10 13:00:00,0.97,454.92722,1.0
2021-05-10 14:00:00,1.0,292.0566,1.0
2021-05-10 15:00:00,0.74,142.4818,1.0
2021-05-10 16:00:00,0.68,168.70917,1.0
2021-05-10 17:00:00,0.99,62.007915,1.0
2021-05-10 18:00:00,0.96,9.939231,1.0
2021-05-10 19:00:00,1.0,0.0,0.06222222222222222
2021-05-10 20:00:00,1.0,0.0,0.0
2021-05-10 21:00:00,1.0,0.0,0.0
2021-05-10 22:00:00,1.0,0.0,0.0
2021-05-10 23:00:00,1.0,0.0,0.0
2021-05-11 00:00:00,1.0,0.0,0.0
2021-05-11 01:00:00,1.0,0.0,0.0
2021-05-11 02:00:00,1.0,0.0,0.0
2021-05-11 03:00:00,0.99,0.0,0.0
2021-05-11 04:00:00,1.0,0.0,0.18
2021-05-11 05:00:00,0.96,36.11282,1.0
2021-05-11 06:00:00,0.93,139.7047,1.0
2021-05-11 07:00:00,0.97,289.94397,1.0
2021-05-11 08:00:00,0.89,391.27863,1.0
2021-05-11 09:00:00,0.74,498.24228,1.0
2021-05-11 10:00:00,0.97,526.3684,1.0
2021-05-11 11:00:00,1.0,357.84616,1.0
2021-05-11 12:00:00,1.0,301.4746,1.0
2021-05-11 13:00:00,1.0,449.91708,1.0
2021-05-11 14:00:00,0.98,391.0493,1.0
2021-05-11 15:00:00,0.92,507.41458,1.0
2021-05-11 16:00:00,0.92,290.59995,1.0
2021-05-11 17:00:00,0.92,138.85759,1.0
2021-05-11 18:00:00,0.38,27.511417,1.0
2021-05-11 19:00:00,0.17,0.0,0.07833333333333334
2021-05-11 20:00:00,0.35,0.0,0.0
2021-05-11 21:00:00,0.44,0.0,0.0
2021-05-11 22:00:00,0.91,0.0,0.0
2021-05-11 23:00:00,1.0,0.0,0.0
2021-05-12 00:00:00,0.73,0.0,0.0
2021-05-12 01:00:00,0.54,0.0,0.0
2021-05-12 02:00:00,0.89,0.0,0.0
2021-05-12 03:00:00,0.65,0.0,0.0
2021-05-12 04:00:00,0.14,0.0,0.1963888888888889
2021-05-12 05:00:00,0.1,36.418564,1.0
2021-05-12 06:00:00,0.14,151.2184,1.0
2021-05-12 07:00:00,0.05,319.794,1.0
2021-05-12 08:00:00,0.03,627.07196,1.0
2021-05-12 09:00:00,0.02,877.57104,1.0
2021-05-12 10:00:00,0.05,1007.03125,1.0
2021-05-12 11:00:00,0.07,1051.8285,1.0
2021-05-12 12:00:00,0.06,1029.254,1.0
2021-05-12 13:00:00,0.1,945.9223,1.0
2021-05-12 14:00:00,0.13,812.2417,1.0
2021-05-12 15:00:00,0.0,625.87646,1.0
2021-05-12 16:00:00,0.01,404.23703,1.0
2021-05-12 17:00:00,0.0,174.63678,1.0
2021-05-12 18:00:00,0.25,31.225924,1.0
2021-05-12 19:00:00,0.16,0.0,0.09416666666666666
2021-05-12 20:00:00,0.17,0.0,0.0
2021-05-12 21:00:00,0.02,0.0,0.0
2021-05-12 22:00:00,0.0,0.0,0.0
2021-05-12 23:00:00,0.0,0.0,0.0
2021-05-13 00:00:00,0.0,0.0,0.0
2021-05-13 01:00:00,0.0,0.0,0.0
2021-05-13 02:00:00,0.0,0.0,0.0
2021-05-13 03:00:00,0.05,0.0,0.0
2021-05-13 04:00:00,0.21,0.0,0.21222222222222223
2021-05-13 05:00:00,0.46,67.67486,1.0
2021-05-13 06:00:00,0.89,208.36888,1.0
2021-05-13 07:00:00,0.86,446.3146,1.0
2021-05-13 08:00:00,0.64,680.5382,1.0
2021-05-13 09:00:00,0.48,870.11304,1.0
2021-05-13 10:00:00,0.0,992.30566,1.0
2021-05-13 11:00:00,0.29,1003.202,1.0
2021-05-13 12:00:00,0.45,867.16327,1.0
2021-05-13 13:00:00,0.04,852.5062,1.0
2021-05-13 14:00:00,0.12,753.50336,1.0
2021-05-13 15:00:00,0.27,507.0634,1.0
2021-05-13 16:00:00,0.18,380.5192,1.0
2021-05-13 17:00:00,0.1,127.33054,1.0
2021-05-13 18:00:00,0.63,28.937498,1.0
2021-05-13 19:00:00,0.19,0.0,0.11027777777777778
2021-05-13 20:00:00,0.15,0.0,0.0
2021-05-13 21:00:00,0.15,0.0,0.0
2021-05-13 22:00:00,0.01,0.0,0.0
2021-05-13 23:00:00,0.05,0.0,0.0
2021-05-14 00:00:00,0.02,0.0,0.0
2021-05-14 01:00:00,0.13,0.0,0.0
2021-05-14 02:00:00,0.04,0.0,0.0
2021-05-14 03:00:00,0.36,0.0,0.0
2021-05-14 04:00:00,0.33,0.0,0.22777777777777777
2021-05-14 05:00:00,0.21,72.63654,1.0
2021-05-14 06:00:00,0.03,266.33087,1.0
2021-05-14 07:00:00,0.28,486.1249,1.0
2021-05-14 08:00:00,0.26,687.60645,1.0
2021-05-14 09:00:00,0.64,768.5819,1.0
2021-05-14 10:00:00,0.71,741.8098,1.0
2021-05-14 11:00:00,0.35,941.1278,1.0
2021-05-14 12:00:00,0.67,859.58813,1.0
2021-05-14 13:00:00,0.87,616.21124,1.0
2021-05-14 14:00:00,0.96,463.43695,1.0
2021-05-14 15:00:00,0.86,478.24423,1.0
2021-05-14 16:00:00,0.78,313.4501,1.0
2021-05-14 17:00:00,0.88,158.63025,1.0
2021-05-14 18:00:00,0.95,38.55985,1.0
2021-05-14 19:00:00,0.98,0.0,0.12611111111111112
2021-05-14 20:00:00,0.7,0.0,0.0
2021-05-14 21:00:00,0.06,0.0,0.0
2021-05-14 22:00:00,0.53,0.0,0.0
2021-05-14 23:00:00,0.17,0.0,0.0
2021-05-15 00:00:00,0.25,0.0,0.0
2021-05-15 01:00:00,0.34,0.0,0.0
2021-05-15 02:00:00,0.44,0.0,0.0
2021-05-15 03:00:00,1.0,0.0,0.0
2021-05-15 04:00:00,1.0,0.0,0.24305555555555555
2021-05-15 05:00:00,1.0,32.354828,1.0
2021-05-15 06:00:00,1.0,113.1497,1.0
2021-05-15 07:00:00,1.0,229.7646,1.0
2021-05-15 08:00:00,1.0,424.56662,1.0
2021-05-15 09:00:00,1.0,550.4448,1.0
2021-05-15 10:00:00,1.0,642.1926,1.0
2021-05-15 11:00:00,0.92,844.89557,1.0
2021-05-15 12:00:00,0.94,939.9948,1.0
2021-05-15 13:00:00,0.86,715.41473,1.0
2021-05-15 14:00:00,0.85,330.61517,1.0
2021-05-15 15:00:00,1.0,262.84534,1.0
2021-05-15 16:00:00,0.67,236.25891,1.0
2021-05-15 17:00:00,0.93,107.738045,1.0
2021-05-15 18:00:00,0.96,36.240833,1.0
2021-05-15 19:00:00,0.97,0.0,0.14194444444444446
2021-05-15 20:00:00,0.85,0.0,0.0
2021-05-15 21:00:00,0.63,0.0,0.0
2021-05-15 22:00:00,0.49,0.0,0.0
2021-05-15 23:00:00,0.36,0.0,0.0
2021-05-16 00:00:00,0.27,0.0,0.0
2021-05-16 01:00:00,0.78,0.0,0.0
2021-05-16 02:00:00,0.81,0.0,0.0
2021-05-16 03:00:00,0.85,0.0,0.0
2021-05-16 04:00:00,1.0,0.0,0.2577777777777778
2021-05-16 05:00:00,1.0,30.997192,1.0
2021-05-16 06:00:00,1.0,119.19413,1.0
2021-05-16 07:00:00,1.0,243.1142,1.0
2021-05-16 08:00:00,1.0,286.38885,1.0
2021-05-16 09:00:00,1.0,266.44165,1.0
2021-05-16 10:00:00,1.0,308.6835,1.0
2021-05-16 11:00:00,0.89,436.21918,1.0
2021-05-16 12:00:00,1.0,367.23428,1.0
2021-05-16 13:00:00,0.88,427.9373,1.0
2021-05-16 14:00:00,0.94,338.6912,1.0
2021-05-16 15:00:00,0.99,206.94403,1.0
2021-05-16 16:00:00,1.0,71.56246,1.0
2021-05-16 17:00:00,1.0,145.13892,1.0
2021-05-16 18:00:00,0.93,32.959316,1.0
2021-05-16 19:00:00,0.99,0.0,0.1575
2021-05-16 20:00:00,1.0,0.0,0.0
2021-05-16 21:00:00,1.0,0.0,0.0
2021-05-16 22:00:00,1.0,0.0,0.0
2021-05-16 23:00:00,1.0,0.0,0.0
2021-05-17 00:00:00,1.0,0.0,0.0
2021-05-17 01:00:00,1.0,0.0,0.0
2021-05-17 02:00:00,0.98,0.0,0.0
2021-05-17 03:00:00,0.99,0.0,0.0
2021-05-17 04:00:00,0.99,0.0,0.27194444444444443
2021-05-17 05:00:00,0.99,38.338943,1.0
2021-05-17 06:00:00,0.99,136.96408,1.0
2021-05-17 07:00:00,0.99,255.88998,1.0
2021-05-17 08:00:00,0.97,409.2217,1.0
2021-05-17 09:00:00,0.99,360.24994,1.0
2021-05-17 10:00:00,1.0,481.23532,1.0
2021-05-17 11:00:00,0.97,444.44766,1.0
2021-05-17 12:00:00,1.0,294.20123,1.0
2021-05-17 13:00:00,0.97,558.3405,1.0
2021-05-17 14:00:00,0.96,458.187,1.0
2021-05-17 15:00:00,1.0,236.77838,1.0
2021-05-17 16:00:00,0.98,240.7189,1.0
2021-05-17 17:00:00,1.0,105.47947,1.0
2021-05-17 18:00:00,0.93,16.575184,1.0
2021-05-17 19:00:00,0.98,0.0,0.17305555555555555
2021-05-17 20:00:00,1.0,0.0,0.0
2021-05-17 21:00:00,1.0,0.0,0.0
2021-05-17 22:00:00,1.0,0.0,0.0
2021-05-17 23:00:00,1.0,0.0,0.0
2021-05-18 00:00:00,1.0,0.0,0.0
2021-05-18 01:00:00,0.23,0.0,0.0
2021-05-18 02:00:00,1.0,0.0,0.0
2021-05-18 03:00:00,1.0,0.0,0.0
2021-05-18 04:00:00,1.0,0.99392307,0.28583333333333333
2021-05-18 05:00:00,1.0,41.081703,1.0
2021-05-18 06:00:00,1.0,142.86417,1.0
2021-05-18 07:00:00,0.73,275.6487,1.0
2021-05-18 08:00:00,1.0,453.0215,1.0
2021-05-18 09:00:00,1.0,257.5868,1.0
2021-05-18 10:00:00,1.0,303.53525,1.0
2021-05-18 11:00:00,1.0,296.60638,1.0
2021-05-18 12:00:00,0.99,272.23825,1.0
2021-05-18 13:00:00,0.99,210.7117,1.0
2021-05-18 14:00:00,0.99,260.57898,1.0
2021-05-18 15:00:00,0.99,258.15158,1.0
2021-05-18 16:00:00,0.99,220.04517,1.0
2021-05-18 17:00:00,0.98,122.69261,1.0
2021-05-18 18:00:00,0.96,41.984512,1.0
2021-05-18 19:00:00,0.9,0.0,0.18833333333333332
2021-05-18 20:00:00,0.91,0.0,0.0
2021-05-18 21:00:00,0.89,0.0,0.0
2021-05-18 22:00:00,0.89,0.0,0.0
2021-05-18 23:00:00,0.46,0.0,0.0
2021-05-19 00:00:00,0.57,0.0,0.0
2021-05-19 01:00:00,0.86,0.0,0.0
2021-05-19 02:00:00,0.89,0.0,0.0
2021-05-19 03:00:00,0.89,0.0,0.0
2021-05-19 04:00:00,0.82,0.99392307,0.29944444444444446
2021-05-19 05:00:00,0.02,80.722176,1.0
2021-05-19 06:00:00,0.03,268.30255,1.0
2021-05-19 07:00:00,0.37,478.1739,1.0
2021-05-19 08:00:00,0.41,685.9551,1.0
2021-05-19 09:00:00,0.34,830.6662,1.0
2021-05-19 10:00:00,0.5,915.7895,1.0
2021-05-19 11:00:00,0.65,991.1629,1.0
2021-05-19 12:00:00,0.7,898.418,1.0
2021-05-19 13:00:00,0.91,636.9292,1.0
2021-05-19 14:00:00,0.95,666.53723,1.0
2021-05-19 15:00:00,0.95,473.64062,1.0
2021-05-19 16:00:00,0.92,316.69998,1.0
2021-05-19 17:00:00,0.79,180.48927,1.0
2021-05-19 18:00:00,0.46,41.837326,1.0
2021-05-19 19:00:00,0.08,0.0,0.2036111111111111
2021-05-19 20:00:00,0.06,0.0,0.0
2021-05-19 21:00:00,0.13,0.0,0.0
2021-05-19 22:00:00,0.1,0.0,0.0
2021-05-19 23:00:00,0.0,0.0,0.0
2021-05-20 00:00:00,0.0,0.0,0.0
2021-05-20 01:00:00,0.0,0.0,0.0
2021-05-20 02:00:00,0.0,0.0,0.0
2021-05-20 03:00:00,0.0,0.0,0.0
2021-05-20 04:00:00,0.0,1.9878461,0.3125
2021-05-20 05:00:00,0.01,82.48599,1.0
2021-05-20 06:00:00,0.21,281.42828,1.0
2021-05-20 07:00:00,0.25,488.40665,1.0
2021-05-20 08:00:00,0.34,698.9043,1.0
2021-05-20 09:00:00,0.0,872.8891,1.0
2021-05-20 10:00:00,0.23,962.7288,1.0
2021-05-20 11:00:00,0.14,995.87946,1.0
2021-05-20 12:00:00,0.22,948.26483,1.0
2021-05-20 13:00:00,0.44,887.9341,1.0
2021-05-20 14:00:00,0.69,698.3991,1.0
2021-05-20 15:00:00,0.5,555.5123,1.0
2021-05-20 16:00:00,0.41,347.10522,1.0
2021-05-20 17:00:00,0.22,177.80363,1.0
2021-05-20 18:00:00,0.62,40.901928,1.0
2021-05-20 19:00:00,0.0,0.0,0.21861111111111112
2021-05-20 20:00:00,0.0,0.0,0.0
2021-05-20 21:00:00,0.0,0.0,0.0
2021-05-20 22:00:00,0.0,0.0,0.0
2021-05-20 23:00:00,0.01,0.0,0.0
2021-05-21 00:00:00,0.57,0.0,0.0
2021-05-21 01:00:00,0.79,0.0,0.0
2021-05-21 02:00:00,0.59,0.0,0.0
2021-05-21 03:00:00,0.01,0.0,0.0
2021-05-21 04:00:00,0.31,1.9878461,0.325
2021-05-21 05:00:00,0.77,57.93985,1.0
2021-05-21 06:00:00,0.26,250.84213,1.0
2021-05-21 07:00:00,0.61,232.372,1.0
2021-05-21 08:00:00,0.41,560.9099,1.0
2021-05-21 09:00:00,0.82,707.51044,1.0
2021-05-21 10:00:00,0.52,814.1201,1.0
2021-05-21 11:00:00,0.88,790.2771,1.0
2021-05-21 12:00:00,0.71,793.93176,1.0
2021-05-21 13:00:00,0.74,780.21857,1.0
2021-05-21 14:00:00,0.61,654.2703,1.0
2021-05-21 15:00:00,0.72,612.30945,1.0
2021-05-21 16:00:00,0.4,371.90036,1.0
2021-05-21 17:00:00,0.81,207.79782,1.0
2021-05-21 18:00:00,0.31,43.555336,1.0
2021-05-21 19:00:00,0.58,0.0,0.23333333333333334
2021-05-21 20:00:00,0.25,0.0,0.0
2021-05-21 21:00:00,0.61,0.0,0.0
2021-05-21 22:00:00,0.41,0.0,0.0
2021-05-21 23:00:00,0.23,0.0,0.0
2021-05-22 00:00:00,0.0,0.0,0.0
2021-05-22 01:00:00,0.08,0.0,0.0
2021-05-22 02:00:00,0.71,0.0,0.0
2021-05-22 03:00:00,0.12,0.0,0.0
2021-05-22 04:00:00,0.0,2.2413683,0.33694444444444444
2021-05-22 05:00:00,0.01,85.893486,1.0
2021-05-22 06:00:00,0.0,284.70718,1.0
2021-05-22 07:00:00,0.01,497.77155,1.0
2021-05-22 08:00:00,0.01,696.1912,1.0
2021-05-22 09:00:00,0.3,759.4551,1.0
2021-05-22 10:00:00,0.19,907.42737,1.0
2021-05-22 11:00:00,0.39,930.381,1.0
2021-05-22 12:00:00,0.78,772.91113,1.0
2021-05-22 13:00:00,0.99,540.3271,1.0
2021-05-22 14:00:00,0.87,507.41537,1.0
2021-05-22 15:00:00,0.82,397.72583,1.0
2021-05-22 16:00:00,0.99,224.68782,1.0
2021-05-22 17:00:00,0.99,89.94664,1.0
2021-05-22 18:00:00,1.0,30.369326,1.0
2021-05-22 19:00:00,0.98,0.0,0.2477777777777778
2021-05-22 20:00:00,0.95,0.0,0.0
2021-05-22 21:00:00,0.98,0.0,0.0
2021-05-22 22:00:00,0.99,0.0,0.0
2021-05-22 23:00:00,1.0,0.0,0.0
2021-05-23 00:00:00,0.97,0.0,0.0
2021-05-23 01:00:00,0.98,0.0,0.0
2021-05-23 02:00:00,0.77,0.0,0.0
2021-05-23 03:00:00,0.93,0.0,0.0
2021-05-23 04:00:00,0.49,2.981769,0.34833333333333333
2021-05-23 05:00:00,0.39,71.06607,1.0
2021-05-23 06:00:00,0.31,253.63208,1.0
2021-05-23 07:00:00,0.36,467.04248,1.0
2021-05-23 08:00:00,0.46,640.9888,1.0
2021-05-23 09:00:00,0.31,828.54645,1.0
2021-05-23 10:00:00,0.1,942.1734,1.0
2021-05-23 11:00:00,0.23,1020.99536,1.0
2021-05-23 12:00:00,0.24,1006.6936,1.0
2021-05-23 13:00:00,0.25,866.5104,1.0
2021-05-23 14:00:00,0.33,689.5446,1.0
2021-05-23 15:00:00,0.1,590.93414,1.0
2021-05-23 16:00:00,0.0,432.27106,1.0
2021-05-23 17:00:00,0.0,220.66919,1.0
2021-05-23 18:00:00,0.0,43.69799,1.0
2021-05-23 19:00:00,0.0,0.0,0.26222222222222225
2021-05-23 20:00:00,0.0,0.0,0.0
2021-05-23 21:00:00,0.0,0.0,0.0
2021-05-23 22:00:00,0.0,0.0,0.0
2021-05-23 23:00:00,0.0,0.0,0.0
2021-05-24 00:00:00,0.0,0.0,0.0
2021-05-24 01:00:00,0.0,0.0,0.0
2021-05-24 02:00:00,0.0,0.0,0.0
2021-05-24 03:00:00,0.0,0.0,0.0
2021-05-24 04:00:00,0.0,2.2445571,0.35944444444444446
2021-05-24 05:00:00,0.0,93.524956,1.0
2021-05-24 06:00:00,0.0,297.1633,1.0
2021-05-24 07:00:00,0.0,522.1075,1.0
2021-05-24 08:00:00,0.0,731.2745,1.0
2021-05-24 09:00:00,0.0,900.1753,1.0
2021-05-24 10:00:00,0.0,1011.3058,1.0
2021-05-24 11:00:00,0.0,1063.6403,1.0
2021-05-24 12:00:00,0.0,1045.2904,1.0
2021-05-24 13:00:00,0.0,961.0681,1.0
2021-05-24 14:00:00,0.09,815.644,1.0
2021-05-24 15:00:00,0.0,632.3156,1.0
2021-05-24 16:00:00,0.01,425.128,1.0
2021-05-24 17:00:00,0.02,213.60431,1.0
2021-05-24 18:00:00,0.12,44.703278,1.0
2021-05-24 19:00:00,0.03,0.0,0.2761111111111111
2021-05-24 20:00:00,0.0,0.0,0.0
2021-05-24 21:00:00,0.01,0.0,0.0
2021-05-24 22:00:00,0.01,0.0,0.0
2021-05-24 23:00:00,0.0,0.0,0.0
2021-05-25 00:00:00,0.18,0.0,0.0
2021-05-25 01:00:00,0.17,0.0,0.0
2021-05-25 02:00:00,0.11,0.0,0.0
2021-05-25 03:00:00,0.0,0.0,0.0
2021-05-25 04:00:00,0.0,2.245529,0.37
2021-05-25 05:00:00,0.0,91.67033,1.0
2021-05-25 06:00:00,0.0,292.7468,1.0
2021-05-25 07:00:00,0.0,512.14734,1.0
2021-05-25 08:00:00,0.0,714.73926,1.0
2021-05-25 09:00:00,0.0,881.607,1.0
2021-05-25 10:00:00,0.25,965.702,1.0
2021-05-25 11:00:00,0.26,931.00214,1.0
2021-05-25 12:00:00,0.34,919.34955,1.0
2021-05-25 13:00:00,0.23,872.8707,1.0
2021-05-25 14:00:00,0.16,680.0231,1.0
2021-05-25 15:00:00,0.12,571.4862,1.0
2021-05-25 16:00:00,0.06,387.02774,1.0
2021-05-25 17:00:00,0.1,210.73943,1.0
2021-05-25 18:00:00,0.25,43.995197,1.0
2021-05-25 19:00:00,0.25,1.9878461,0.2897222222222222
2021-05-25 20:00:00,0.01,0.0,0.0
2021-05-25 21:00:00,0.0,0.0,0.0
2021-05-25 22:00:00,0.0,0.0,0.0
2021-05-25 23:00:00,0.01,0.0,0.0
2021-05-26 00:00:00,0.45,0.0,0.0
2021-05-26 01:00:00,0.42,0.0,0.0
2021-05-26 02:00:00,0.51,0.0,0.0
2021-05-26 03:00:00,0.5,0.0,0.0
2021-05-26 04:00:00,0.51,2.2461128,0.38
2021-05-26 05:00:00,0.46,87.981285,1.0
2021-05-26 06:00:00,0.99,197.01294,1.0
2021-05-26 07:00:00,1.0,299.1546,1.0
2021-05-26 08:00:00,0.9,503.10703,1.0
2021-05-26 09:00:00,1.0,776.07074,1.0
2021-05-26 10:00:00,0.98,746.5614,1.0
2021-05-26 11:00:00,0.99,645.8721,1.0
2021-05-26 12:00:00,1.0,474.75558,1.0
2021-05-26 13:00:00,1.0,518.25867,1.0
2021-05-26 14:00:00,1.0,558.55133,1.0
2021-05-26 15:00:00,1.0,467.4076,1.0
2021-05-26 16:00:00,0.99,300.4069,1.0
2021-05-26 17:00:00,0.99,182.44202,1.0
2021-05-26 18:00:00,1.0,50.60461,1.0
2021-05-26 19:00:00,0.98,0.99392307,0.3030555555555556
2021-05-26 20:00:00,0.95,0.0,0.0
2021-05-26 21:00:00,0.01,0.0,0.0
2021-05-26 22:00:00,0.05,0.0,0.0
2021-05-26 23:00:00,0.17,0.0,0.0
2021-05-27 00:00:00,0.93,0.0,0.0
2021-05-27 01:00:00,1.0,0.0,0.0
2021-05-27 02:00:00,0.64,0.0,0.0
2021-05-27 03:00:00,0.01,0.0,0.0
2021-05-27 04:00:00,0.0,3.240276,0.3894444444444444
2021-05-27 05:00:00,0.0,87.63861,1.0
2021-05-27 06:00:00,0.11,291.9976,1.0
2021-05-27 07:00:00,0.02,504.8466,1.0
2021-05-27 08:00:00,0.0,707.30566,1.0
2021-05-27 09:00:00,0.1,822.1766,1.0
2021-05-27 10:00:00,0.27,949.9902,1.0
2021-05-27 11:00:00,0.14,982.2182,1.0
2021-05-27 12:00:00,0.16,979.9303,1.0
2021-05-27 13:00:00,0.32,842.9479,1.0
2021-05-27 14:00:00,0.34,740.12805,1.0
2021-05-27 15:00:00,0.26,587.72833,1.0
2021-05-27 16:00:00,0.23,408.71716,1.0
2021-05-27 17:00:00,0.0,203.24251,1.0
2021-05-27 18:00:00,0.12,46.427685,1.0
2021-05-27 19:00:00,0.0,1.9878461,0.31583333333333335
2021-05-27 20:00:00,0.0,0.0,0.0
2021-05-27 21:00:00,0.0,0.0,0.0
2021-05-27 22:00:00,0.0,0.0,0.0
2021-05-27 23:00:00,0.0,0.0,0.0
2021-05-28 00:00:00,0.0,0.0,0.0
2021-05-28 01:00:00,0.0,0.0,0.0
2021-05-28 02:00:00,0.0,0.0,0.0
2021-05-28 03:00:00,0.17,0.0,0.0
2021-05-28 04:00:00,0.27,3.2402163,0.39805555555555555
2021-05-28 05:00:00,0.22,92.60684,1.0
2021-05-28 06:00:00,0.69,296.78992,1.0
2021-05-28 07:00:00,0.7,519.3783,1.0
2021-05-28 08:00:00,0.7,719.8408,1.0
2021-05-28 09:00:00,0.75,865.7367,1.0
2021-05-28 10:00:00,0.42,976.83484,1.0
2021-05-28 11:00:00,0.16,980.6699,1.0
2021-05-28 12:00:00,0.37,963.93964,1.0
2021-05-28 13:00:00,0.92,732.38727,1.0
2021-05-28 14:00:00,0.81,589.07227,1.0
2021-05-28 15:00:00,0.67,509.5305,1.0
2021-05-28 16:00:00,0.48,321.8027,1.0
2021-05-28 17:00:00,0.84,182.36337,1.0
2021-05-28 18:00:00,0.5,43.563694,1.0
2021-05-28 19:00:00,0.34,1.9878461,0.32861111111111113
2021-05-28 20:00:00,0.55,0.0,0.0
2021-05-28 21:00:00,0.06,0.0,0.0
2021-05-28 22:00:00,0.0,0.0,0.0
2021-05-28 23:00:00,0.0,0.0,0.0
2021-05-29 00:00:00,0.0,0.0,0.0
2021-05-29 01:00:00,0.0,0.0,0.0
2021-05-29 02:00:00,0.0,0.0,0.0
2021-05-29 03:00:00,0.07,0.0,0.0
2021-05-29 04:00:00,0.68,3.2396502,0.4063888888888889
2021-05-29 05:00:00,0.84,85.85113,1.0
2021-05-29 06:00:00,0.93,247.31839,1.0
2021-05-29 07:00:00,0.89,446.8983,1.0
2021-05-29 08:00:00,0.78,666.5581,1.0
2021-05-29 09:00:00,0.42,831.6647,1.0
2021-05-29 10:00:00,0.61,808.00543,1.0
2021-05-29 11:00:00,0.91,808.5497,1.0
2021-05-29 12:00:00,0.77,844.5757,1.0
2021-05-29 13:00:00,0.95,593.2814,1.0
2021-05-29 14:00:00,0.78,626.66034,1.0
2021-05-29 15:00:00,0.89,421.33063,1.0
2021-05-29 16:00:00,0.94,219.0377,1.0
2021-05-29 17:00:00,0.95,131.80907,1.0
2021-05-29 18:00:00,0.88,48.078743,1.0
2021-05-29 19:00:00,0.95,1.9878461,0.3411111111111111
2021-05-29 20:00:00,0.25,0.0,0.0
2021-05-29 21:00:00,0.78,0.0,0.0
2021-05-29 22:00:00,0.49,0.0,0.0
2021-05-29 23:00:00,0.66,0.0,0.0
2021-05-30 00:00:00,1.0,0.0,0.0
2021-05-30 01:00:00,1.0,0.0,0.0
2021-05-30 02:00:00,0.99,0.0,0.0
2021-05-30 03:00:00,0.68,0.0,0.0
2021-05-30 04:00:00,0.92,2.981769,0.4141666666666667
2021-05-30 05:00:00,0.94,20.872385,1.0
2021-05-30 06:00:00,1.0,58.64146,1.0
2021-05-30 07:00:00,1.0,146.23712,1.0
2021-05-30 08:00:00,0.95,244.93921,1.0
2021-05-30 09:00:00,0.92,124.24039,1.0
2021-05-30 10:00:00,0.86,200.77246,1.0
2021-05-30 11:00:00,0.91,247.96039,1.0
2021-05-30 12:00:00,1.0,195.29681,1.0
2021-05-30 13:00:00,1.0,249.6827,1.0
2021-05-30 14:00:00,1.0,303.08337,1.0
2021-05-30 15:00:00,0.99,201.32689,1.0
2021-05-30 16:00:00,1.0,175.96791,1.0
2021-05-30 17:00:00,1.0,76.3007,1.0
2021-05-30 18:00:00,0.99,19.878462,1.0
2021-05-30 19:00:00,0.99,0.99392307,0.35333333333333333
2021-05-30 20:00:00,1.0,0.0,0.0
2021-05-30 21:00:00,1.0,0.0,0.0
2021-05-30 22:00:00,0.99,0.0,0.0
2021-05-30 23:00:00,0.95,0.0,0.0
2021-05-31 00:00:00,0.55,0.0,0.0
2021-05-31 01:00:00,0.73,0.0,0.0
2021-05-31 02:00:00,1.0,0.0,0.0
2021-05-31 03:00:00,0.97,0.0,0.0
2021-05-31 04:00:00,1.0,0.99392307,0.42138888888888887
2021-05-31 05:00:00,0.97,15.902769,1.0
2021-05-31 06:00:00,1.0,45.720463,1.0
2021-05-31 07:00:00,1.0,61.623234,1.0
2021-05-31 08:00:00,1.0,135.17354,1.0
2021-05-31 09:00:00,0.97,245.37494,1.0
2021-05-31 10:00:00,0.99,336.06223,1.0
2021-05-31 11:00:00,0.87,537.2658,1.0
2021-05-31 12:00:00,0.77,477.95062,1.0
2021-05-31 13:00:00,0.98,421.82184,1.0
2021-05-31 14:00:00,0.99,437.97836,1.0
2021-05-31 15:00:00,0.95,343.2589,1.0
2021-05-31 16:00:00,0.85,245.77673,1.0
2021-05-31 17:00:00,0.64,140.14754,1.0
2021-05-31 18:00:00,0.37,48.33025,1.0
2021-05-31 19:00:00,0.42,1.9878461,0.36527777777777776
2021-05-31 20:00:00,0.37,0.0,0.0
2021-05-31 21:00:00,0.12,0.0,0.0
2021-05-31 22:00:00,0.01,0.0,0.0
2021-05-31 23:00:00,0.0,0.0,0.0
2021-06-01 00:00:00,0.0,0.0,0.0
2021-06-01 01:00:00,0.0,0.0,0.0
2021-06-01 02:00:00,0.13,0.0,0.0
2021-06-01 03:00:00,0.01,0.0,0.0
2021-06-01 04:00:00,0.01,4.229526,0.4280555555555556
2021-06-01 05:00:00,0.0,98.21286,1.0
2021-06-01 06:00:00,0.0,294.63373,1.0
2021-06-01 07:00:00,0.02,506.0669,1.0
2021-06-01 08:00:00,0.22,645.9293,1.0
2021-06-01 09:00:00,0.41,723.6221,1.0
2021-06-01 10:00:00,0.8,767.35156,1.0
2021-06-01 11:00:00,0.62,907.2593,1.0
2021-06-01 12:00:00,0.43,727.885,1.0
2021-06-01 13:00:00,0.5,712.4552,1.0
2021-06-01 14:00:00,0.59,655.83734,1.0
2021-06-01 15:00:00,0.63,509.2662,1.0
2021-06-01 16:00:00,0.49,242.14886,1.0
2021-06-01 17:00:00,0.54,113.707214,1.0
2021-06-01 18:00:00,0.66,49.719048,1.0
2021-06-01 19:00:00,0.3,1.9893655,0.37722222222222224
2021-06-01 20:00:00,0.29,0.0,0.0
2021-06-01 21:00:00,0.34,0.0,0.0
2021-06-01 22:00:00,0.49,0.0,0.0
2021-06-01 23:00:00,0.37,0.0,0.0
2021-06-02 00:00:00,0.16,0.0,0.0
2021-06-02 01:00:00,0.53,0.0,0.0
2021-06-02 02:00:00,0.16,0.0,0.0
2021-06-02 03:00:00,0.41,0.0,0.0
2021-06-02 04:00:00,0.86,3.233554,0.43416666666666665
2021-06-02 05:00:00,0.89,92.93796,1.0
2021-06-02 06:00:00,0.82,242.7568,1.0
2021-06-02 07:00:00,0.11,480.55917,1.0
2021-06-02 08:00:00,0.47,688.67456,1.0
2021-06-02 09:00:00,0.65,770.42847,1.0
2021-06-02 10:00:00,0.6,940.1325,1.0
2021-06-02 11:00:00,0.46,929.4895,1.0
2021-06-02 12:00:00,0.54,931.4623,1.0
2021-06-02 13:00:00,0.38,892.9845,1.0
2021-06-02 14:00:00,0.29,717.9671,1.0
2021-06-02 15:00:00,0.42,498.15817,1.0
2021-06-02 16:00:00,0.37,382.00745,1.0
2021-06-02 17:00:00,0.22,134.12288,1.0
2021-06-02 18:00:00,0.26,50.77974,1.0
2021-06-02 19:00:00,0.1,1.9893655,0.3888888888888889
2021-06-02 20:00:00,0.01,0.0,0.0
2021-06-02 21:00:00,0.0,0.0,0.0
2021-06-02 22:00:00,0.0,0.0,0.0
2021-06-02 23:00:00,0.0,0.0,0.0
2021-06-03 00:00:00,0.72,0.0,0.0
2021-06-03 01:00:00,0.87,0.0,0.0
2021-06-03 02:00:00,0.91,0.0,0.0
2021-06-03 03:00:00,0.72,0.0,0.0
2021-06-03 04:00:00,0.72,3.2311652,0.43972222222222224
2021-06-03 05:00:00,0.68,89.275406,1.0
2021-06-03 06:00:00,0.8,269.82178,1.0
2021-06-03 07:00:00,0.75,480.87296,1.0
2021-06-03 08:00:00,0.76,689.1041,1.0
2021-06-03 09:00:00,0.59,801.66064,1.0
2021-06-03 10:00:00,0.02,930.9191,1.0
2021-06-03 11:00:00,0.05,1014.0955,1.0
2021-06-03 12:00:00,0.08,965.3073,1.0
2021-06-03 13:00:00,0.18,874.44666,1.0
2021-06-03 14:00:00,0.09,724.73315,1.0
2021-06-03 15:00:00,0.09,604.3992,1.0
2021-06-03 16:00:00,0.06,409.92502,1.0
2021-06-03 17:00:00,0.07,212.40118,1.0
2021-06-03 18:00:00,0.41,56.41679,1.0
2021-06-03 19:00:00,0.15,2.9832883,0.4002777777777778
2021-06-03 20:00:00,0.0,0.0,0.0
2021-06-03 21:00:00,0.01,0.0,0.0
2021-06-03 22:00:00,0.0,0.0,0.0
2021-06-03 23:00:00,0.0,0.0,0.0
2021-06-04 00:00:00,0.0,0.0,0.0
2021-06-04 01:00:00,0.0,0.0,0.0
2021-06-04 02:00:00,0.0,0.0,0.0
2021-06-04 03:00:00,0.0,0.0,0.0
2021-06-04 04:00:00,0.0,3.4752822,0.44472222222222224
2021-06-04 05:00:00,0.0,97.74184,1.0
2021-06-04 06:00:00,0.0,293.87112,1.0
2021-06-04 07:00:00,0.0,510.57712,1.0
2021-06-04 08:00:00,0.0,710.8482,1.0
2021-06-04 09:00:00,0.0,873.36316,1.0
2021-06-04 10:00:00,0.0,984.6164,1.0
2021-06-04 11:00:00,0.0,989.75116,1.0
2021-06-04 12:00:00,0.0,1019.1833,1.0
2021-06-04 13:00:00,0.0,933.72314,1.0
2021-06-04 14:00:00,0.0,808.6454,1.0
2021-06-04 15:00:00,0.01,599.2368,1.0
2021-06-04 16:00:00,0.03,438.1675,1.0
2021-06-04 17:00:00,0.05,230.93633,1.0
2021-06-04 18:00:00,0.01,56.782944,1.0
2021-06-04 19:00:00,0.0,2.9832883,0.4113888888888889
2021-06-04 20:00:00,0.0,0.0,0.0
2021-06-04 21:00:00,0.0,0.0,0.0
2021-06-04 22:00:00,0.0,0.0,0.0
2021-06-04 23:00:00,0.0,0.0,0.0
2021-06-05 00:00:00,0.0,0.0,0.0
2021-06-05 01:00:00,0.0,0.0,0.0
2021-06-05 02:00:00,0.0,0.0,0.0
2021-06-05 03:00:00,0.0,0.0,0.0
2021-06-05 04:00:00,0.0,3.4695072,0.44916666666666666
2021-06-05 05:00:00,0.0,92.10251,1.0
2021-06-05 06:00:00,0.34,255.47205,1.0
2021-06-05 07:00:00,0.33,499.59222,1.0
2021-06-05 08:00:00,0.0,700.8437,1.0
2021-06-05 09:00:00,0.0,863.6758,1.0
2021-06-05 10:00:00,0.0,933.7898,1.0
2021-06-05 11:00:00,0.12,944.01434,1.0
2021-06-05 12:00:00,0.67,835.2198,1.0
2021-06-05 13:00:00,0.6,728.3115,1.0
2021-06-05 14:00:00,0.68,694.03107,1.0
2021-06-05 15:00:00,0.84,448.43405,1.0
2021-06-05 16:00:00,0.89,365.0755,1.0
2021-06-05 17:00:00,0.93,191.7576,1.0
2021-06-05 18:00:00,1.0,46.148495,1.0
2021-06-05 19:00:00,0.98,1.9878461,0.4222222222222222
2021-06-05 20:00:00,0.97,0.0,0.0
2021-06-05 21:00:00,0.98,0.0,0.0
2021-06-05 22:00:00,0.99,0.0,0.0
2021-06-05 23:00:00,0.88,0.0,0.0
2021-06-06 00:00:00,0.81,0.0,0.0
2021-06-06 01:00:00,1.0,0.0,0.0
2021-06-06 02:00:00,0.99,0.0,0.0
2021-06-06 03:00:00,0.89,0.0,0.0
2021-06-06 04:00:00,0.15,3.463358,0.45305555555555554
2021-06-06 05:00:00,0.39,85.519516,1.0
2021-06-06 06:00:00,0.21,277.35178,1.0
2021-06-06 07:00:00,0.15,499.36575,1.0
2021-06-06 08:00:00,0.5,665.4173,1.0
2021-06-06 09:00:00,0.83,691.28314,1.0
2021-06-06 10:00:00,0.54,785.25555,1.0
2021-06-06 11:00:00,0.6,871.13995,1.0
2021-06-06 12:00:00,0.57,803.44055,1.0
2021-06-06 13:00:00,0.73,744.49634,1.0
2021-06-06 14:00:00,0.87,594.2427,1.0
2021-06-06 15:00:00,0.93,408.02948,1.0
2021-06-06 16:00:00,0.95,337.93536,1.0
2021-06-06 17:00:00,0.95,109.68164,1.0
2021-06-06 18:00:00,0.96,45.807556,1.0
2021-06-06 19:00:00,0.98,2.981769,0.43277777777777776
2021-06-06 20:00:00,0.93,0.0,0.0
2021-06-06 21:00:00,0.93,0.0,0.0
2021-06-06 22:00:00,0.72,0.0,0.0
2021-06-06 23:00:00,0.86,0.0,0.0
2021-06-07 00:00:00,0.73,0.0,0.0
2021-06-07 01:00:00,0.75,0.0,0.0
2021-06-07 02:00:00,0.69,0.0,0.0
2021-06-07 03:00:00,0.41,0.0,0.0
2021-06-07 04:00:00,0.0,4.4505754,0.45666666666666667
2021-06-07 05:00:00,0.0,98.70116,1.0
2021-06-07 06:00:00,0.26,297.18683,1.0
2021-06-07 07:00:00,0.26,516.08167,1.0
2021-06-07 08:00:00,0.53,717.346,1.0
2021-06-07 09:00:00,0.16,870.8651,1.0
2021-06-07 10:00:00,0.34,921.3431,1.0
2021-06-07 11:00:00,0.38,919.4708,1.0
2021-06-07 12:00:00,0.38,746.7361,1.0
2021-06-07 13:00:00,0.49,738.2149,1.0
2021-06-07 14:00:00,0.35,788.58936,1.0
2021-06-07 15:00:00,0.18,604.92834,1.0
2021-06-07 16:00:00,0.4,390.15002,1.0
2021-06-07 17:00:00,0.5,180.73914,1.0
2021-06-07 18:00:00,0.82,63.18541,1.0
2021-06-07 19:00:00,0.82,3.9772115,0.44277777777777777
2021-06-07 20:00:00,0.48,0.0,0.0
2021-06-07 21:00:00,0.07,0.0,0.0
2021-06-07 22:00:00,0.0,0.0,0.0
2021-06-07 23:00:00,0.0,0.0,0.0
2021-06-08 00:00:00,0.0,0.0,0.0
2021-06-08 01:00:00,0.15,0.0,0.0
2021-06-08 02:00:00,0.0,0.0,0.0
2021-06-08 03:00:00,0.0,0.0,0.0
2021-06-08 04:00:00,0.0,4.4435782,0.45944444444444443
2021-06-08 05:00:00,0.0,98.85417,1.0
2021-06-08 06:00:00,0.0,294.98184,1.0
2021-06-08 07:00:00,0.0,508.48923,1.0
2021-06-08 08:00:00,0.0,706.52734,1.0
2021-06-08 09:00:00,0.0,871.12915,1.0
2021-06-08 10:00:00,0.08,983.25024,1.0
2021-06-08 11:00:00,0.08,982.93054,1.0
2021-06-08 12:00:00,0.47,939.65674,1.0
2021-06-08 13:00:00,0.34,892.8054,1.0
2021-06-08 14:00:00,0.46,779.5289,1.0
2021-06-08 15:00:00,0.15,617.1693,1.0
2021-06-08 16:00:00,0.15,437.8415,1.0
2021-06-08 17:00:00,0.21,212.12349,1.0
2021-06-08 18:00:00,0.72,60.402935,1.0
2021-06-08 19:00:00,0.26,3.9772115,0.4525
2021-06-08 20:00:00,0.19,0.0,0.0
2021-06-08 21:00:00,0.01,0.0,0.0
2021-06-08 22:00:00,0.0,0.0,0.0
2021-06-08 23:00:00,0.0,0.0,0.0
2021-06-09 00:00:00,0.0,0.0,0.0
2021-06-09 01:00:00,0.0,0.0,0.0
2021-06-09 02:00:00,0.0,0.0,0.0
2021-06-09 03:00:00,0.0,0.0,0.0
2021-06-09 04:00:00,0.0,4.4361897,0.46194444444444444
2021-06-09 05:00:00,0.0,103.96311,1.0
2021-06-09 06:00:00,0.0,297.7689,1.0
2021-06-09 07:00:00,0.0,514.1768,1.0
2021-06-09 08:00:00,0.0,722.01495,1.0
2021-06-09 09:00:00,0.0,887.7167,1.0
2021-06-09 10:00:00,0.0,1001.13947,1.0
2021-06-09 11:00:00,0.0,1052.7633,1.0
2021-06-09 12:00:00,0.0,1041.1157,1.0
2021-06-09 13:00:00,0.03,951.13434,1.0
2021-06-09 14:00:00,0.02,826.7501,1.0
2021-06-09 15:00:00,0.02,653.95355,1.0
2021-06-09 16:00:00,0.0,445.60025,1.0
2021-06-09 17:00:00,0.0,239.1694,1.0
2021-06-09 18:00:00,0.15,62.24739,1.0
2021-06-09 19:00:00,0.28,3.978731,0.46166666666666667
2021-06-09 20:00:00,0.01,0.0,0.0
2021-06-09 21:00:00,0.27,0.0,0.0
2021-06-09 22:00:00,0.85,0.0,0.0
2021-06-09 23:00:00,0.7,0.0,0.0
2021-06-10 00:00:00,0.23,0.0,0.0
2021-06-10 01:00:00,0.46,0.0,0.0
2021-06-10 02:00:00,0.25,0.0,0.0
2021-06-10 03:00:00,0.84,0.0,0.0
2021-06-10 04:00:00,1.0,4.2020736,0.4638888888888889
2021-06-10 05:00:00,0.67,98.69841,1.0
2021-06-10 06:00:00,0.68,274.62912,1.0
2021-06-10 07:00:00,0.16,515.2815,1.0
2021-06-10 08:00:00,0.15,714.33234,1.0
2021-06-10 09:00:00,0.17,871.07166,1.0
2021-06-10 10:00:00,0.32,966.94324,1.0
2021-06-10 11:00:00,0.19,1049.2902,1.0
2021-06-10 12:00:00,0.27,1014.9214,1.0
2021-06-10 13:00:00,0.22,943.43744,1.0
2021-06-10 14:00:00,0.2,791.08374,1.0
2021-06-10 15:00:00,0.75,476.31323,1.0
2021-06-10 16:00:00,0.56,412.17615,1.0
2021-06-10 17:00:00,0.01,236.22499,1.0
2021-06-10 18:00:00,0.16,62.97074,1.0
2021-06-10 19:00:00,0.19,3.978731,0.47055555555555556
2021-06-10 20:00:00,0.0,0.0,0.0
2021-06-10 21:00:00,0.0,0.0,0.0
2021-06-10 22:00:00,0.0,0.0,0.0
2021-06-10 23:00:00,0.0,0.0,0.0
2021-06-11 00:00:00,0.0,0.0,0.0
2021-06-11 01:00:00,0.0,0.0,0.0
2021-06-11 02:00:00,0.0,0.0,0.0
2021-06-11 03:00:00,0.0,0.0,0.0
2021-06-11 04:00:00,0.0,4.420485,0.46555555555555556
2021-06-11 05:00:00,0.0,101.90055,1.0
2021-06-11 06:00:00,0.0,302.3837,1.0
2021-06-11 07:00:00,0.0,520.24884,1.0
2021-06-11 08:00:00,0.0,722.61536,1.0
2021-06-11 09:00:00,0.0,887.27484,1.0
2021-06-11 10:00:00,0.0,999.6161,1.0
2021-06-11 11:00:00,0.09,1039.4365,1.0
2021-06-11 12:00:00,0.28,989.8096,1.0
2021-06-11 13:00:00,0.02,956.06915,1.0
2021-06-11 14:00:00,0.03,807.9383,1.0
2021-06-11 15:00:00,0.01,654.8859,1.0
2021-06-11 16:00:00,0.0,451.7095,1.0
2021-06-11 17:00:00,0.0,241.22775,1.0
2021-06-11 18:00:00,0.0,64.35779,1.0
2021-06-11 19:00:00,0.0,3.978731,0.47888888888888886
2021-06-11 20:00:00,0.0,0.0,0.0
2021-06-11 21:00:00,0.0,0.0,0.0
2021-06-11 22:00:00,0.0,0.0,0.0
2021-06-11 23:00:00,0.0,0.0,0.0
2021-06-12 00:00:00,0.0,0.0,0.0
2021-06-12 01:00:00,0.0,0.0,0.0
2021-06-12 02:00:00,0.0,0.0,0.0
2021-06-12 03:00:00,0.0,0.0,0.0
2021-06-12 04:00:00,0.0,4.412281,0.4663888888888889
2021-06-12 05:00:00,0.0,100.95194,1.0
2021-06-12 06:00:00,0.0,299.23376,1.0
2021-06-12 07:00:00,0.0,515.9223,1.0
2021-06-12 08:00:00,0.0,717.23517,1.0
2021-06-12 09:00:00,0.0,881.8863,1.0
2021-06-12 10:00:00,0.0,994.3038,1.0
2021-06-12 11:00:00,0.0,1045.0326,1.0
2021-06-12 12:00:00,0.13,994.2249,1.0
2021-06-12 13:00:00,0.13,868.68567,1.0
2021-06-12 14:00:00,0.39,720.1187,1.0
2021-06-12 15:00:00,0.32,587.61804,1.0
2021-06-12 16:00:00,0.41,419.9642,1.0
2021-06-12 17:00:00,0.01,231.55699,1.0
2021-06-12 18:00:00,0.02,64.62829,1.0
2021-06-12 19:00:00,0.12,3.978731,0.4866666666666667
2021-06-12 20:00:00,0.06,0.0,0.0
2021-06-12 21:00:00,0.02,0.0,0.0
2021-06-12 22:00:00,0.01,0.0,0.0
2021-06-12 23:00:00,0.01,0.0,0.0
2021-06-13 00:00:00,0.0,0.0,0.0
2021-06-13 01:00:00,0.0,0.0,0.0
2021-06-13 02:00:00,0.0,0.0,0.0
2021-06-13 03:00:00,0.0,0.0,0.0
2021-06-13 04:00:00,0.0,4.4037595,0.46694444444444444
2021-06-13 05:00:00,0.0,97.64706,1.0
2021-06-13 06:00:00,0.0,288.1516,1.0
2021-06-13 07:00:00,0.0,498.17932,1.0
2021-06-13 08:00:00,0.11,671.7753,1.0
2021-06-13 09:00:00,0.07,847.4566,1.0
2021-06-13 10:00:00,0.14,932.3341,1.0
2021-06-13 11:00:00,0.18,822.77734,1.0
2021-06-13 12:00:00,0.44,858.2789,1.0
2021-06-13 13:00:00,0.55,823.5405,1.0
2021-06-13 14:00:00,0.83,537.3084,1.0
2021-06-13 15:00:00,0.39,592.0415,1.0
2021-06-13 16:00:00,0.38,364.13358,1.0
2021-06-13 17:00:00,0.27,149.39671,1.0
2021-06-13 18:00:00,0.07,59.126858,1.0
2021-06-13 19:00:00,0.07,3.978731,0.49416666666666664
2021-06-13 20:00:00,0.12,0.0,0.0
2021-06-13 21:00:00,0.07,0.0,0.0
2021-06-13 22:00:00,0.0,0.0,0.0
2021-06-13 23:00:00,0.0,0.0,0.0
2021-06-14 00:00:00,0.0,0.0,0.0
2021-06-14 01:00:00,0.0,0.0,0.0
2021-06-14 02:00:00,0.0,0.0,0.0
2021-06-14 03:00:00,0.0,0.0,0.0
2021-06-14 04:00:00,0.0,4.395095,0.46694444444444444
2021-06-14 05:00:00,0.0,99.072014,1.0
2021-06-14 06:00:00,0.0,294.9677,1.0
2021-06-14 07:00:00,0.0,506.33783,1.0
2021-06-14 08:00:00,0.0,704.3938,1.0
2021-06-14 09:00:00,0.0,869.0192,1.0
2021-06-14 10:00:00,0.0,980.3818,1.0
2021-06-14 11:00:00,0.02,984.67017,1.0
2021-06-14 12:00:00,0.24,931.5609,1.0
2021-06-14 13:00:00,0.74,786.9533,1.0
2021-06-14 14:00:00,0.39,697.3285,1.0
2021-06-14 15:00:00,0.44,608.9336,1.0
2021-06-14 16:00:00,0.24,423.20636,1.0
2021-06-14 17:00:00,0.32,237.4565,1.0
2021-06-14 18:00:00,0.01,66.73017,1.0
2021-06-14 19:00:00,0.0,4.972654,0.5008333333333334
2021-06-14 20:00:00,0.0,0.0,0.0
2021-06-14 21:00:00,0.0,0.0,0.0
2021-06-14 22:00:00,0.0,0.0,0.0
2021-06-14 23:00:00,0.0,0.0,0.0
2021-06-15 00:00:00,0.0,0.0,0.0
2021-06-15 01:00:00,0.0,0.0,0.0
2021-06-15 02:00:00,0.0,0.0,0.0
2021-06-15 03:00:00,0.0,0.0,0.0
2021-06-15 04:00:00,0.0,4.3861685,0.4666666666666667
2021-06-15 05:00:00,0.0,98.977165,1.0
2021-06-15 06:00:00,0.0,293.85028,1.0
2021-06-15 07:00:00,0.0,510.29816,1.0
2021-06-15 08:00:00,0.0,710.54614,1.0
2021-06-15 09:00:00,0.0,876.2514,1.0
2021-06-15 10:00:00,0.04,985.96173,1.0
2021-06-15 11:00:00,0.27,1016.99164,1.0
2021-06-15 12:00:00,0.79,827.91205,1.0
2021-06-15 13:00:00,0.75,808.45526,1.0
2021-06-15 14:00:00,0.81,683.7271,1.0
2021-06-15 15:00:00,0.66,524.1626,1.0
2021-06-15 16:00:00,0.44,390.89948,1.0
2021-06-15 17:00:00,0.34,191.97136,1.0
2021-06-15 18:00:00,0.48,64.82407,1.0
2021-06-15 19:00:00,0.3,4.972654,0.5072222222222222
2021-06-15 20:00:00,0.22,0.0,0.0
2021-06-15 21:00:00,0.19,0.0,0.0
2021-06-15 22:00:00,0.14,0.0,0.0
2021-06-15 23:00:00,0.08,0.0,0.0
2021-06-16 00:00:00,0.05,0.0,0.0
2021-06-16 01:00:00,0.0,0.0,0.0
2021-06-16 02:00:00,0.0,0.0,0.0
2021-06-16 03:00:00,0.0,0.0,0.0
2021-06-16 04:00:00,0.0,4.3771715,0.4658333333333333
2021-06-16 05:00:00,0.0,97.89206,1.0
2021-06-16 06:00:00,0.03,291.75928,1.0
2021-06-16 07:00:00,0.14,497.4806,1.0
2021-06-16 08:00:00,0.25,675.13196,1.0
2021-06-16 09:00:00,0.5,795.8653,1.0
2021-06-16 10:00:00,0.52,735.7954,1.0
2021-06-16 11:00:00,0.7,799.0624,1.0
2021-06-16 12:00:00,0.64,890.311,1.0
2021-06-16 13:00:00,0.9,743.95966,1.0
2021-06-16 14:00:00,0.93,695.7147,1.0
2021-06-16 15:00:00,0.88,502.3055,1.0
2021-06-16 16:00:00,0.82,372.21994,1.0
2021-06-16 17:00:00,0.82,225.95836,1.0
2021-06-16 18:00:00,0.83,69.704895,1.0
2021-06-16 19:00:00,0.91,5.9650574,0.5127777777777778
2021-06-16 20:00:00,0.92,0.0,0.0
2021-06-16 21:00:00,0.12,0.0,0.0
2021-06-16 22:00:00,0.11,0.0,0.0
2021-06-16 23:00:00,0.0,0.0,0.0
2021-06-17 00:00:00,0.0,0.0,0.0
2021-06-17 01:00:00,0.22,0.0,0.0
2021-06-17 02:00:00,0.59,0.0,0.0
2021-06-17 03:00:00,0.55,0.0,0.0
2021-06-17 04:00:00,0.42,4.367976,0.46444444444444444
2021-06-17 05:00:00,0.28,97.29027,1.0
2021-06-17 06:00:00,0.53,289.68713,1.0
2021-06-17 07:00:00,0.83,498.3436,1.0
2021-06-17 08:00:00,0.8,702.7534,1.0
2021-06-17 09:00:00,0.81,821.6578,1.0
2021-06-17 10:00:00,0.83,843.0703,1.0
2021-06-17 11:00:00,0.71,982.98157,1.0
2021-06-17 12:00:00,0.57,845.89954,1.0
2021-06-17 13:00:00,0.98,601.5537,1.0
2021-06-17 14:00:00,0.78,573.13544,1.0
2021-06-17 15:00:00,0.94,427.54956,1.0
2021-06-17 16:00:00,0.97,329.76675,1.0
2021-06-17 17:00:00,0.98,202.61502,1.0
2021-06-17 18:00:00,0.89,69.49924,1.0
2021-06-17 19:00:00,0.98,5.963538,0.5177777777777778
2021-06-17 20:00:00,0.94,0.0,0.0
2021-06-17 21:00:00,0.91,0.0,0.0
2021-06-17 22:00:00,0.83,0.0,0.0
2021-06-17 23:00:00,0.84,0.0,0.0
2021-06-18 00:00:00,0.95,0.0,0.0
2021-06-18 01:00:00,0.45,0.0,0.0
2021-06-18 02:00:00,0.61,0.0,0.0
2021-06-18 03:00:00,0.87,0.0,0.0
2021-06-18 04:00:00,0.85,5.160773,0.4625
2021-06-18 05:00:00,0.9,77.442245,1.0
2021-06-18 06:00:00,0.87,228.30084,1.0
2021-06-18 07:00:00,0.74,480.83047,1.0
2021-06-18 08:00:00,0.64,669.853,1.0
2021-06-18 09:00:00,0.33,810.7301,1.0
2021-06-18 10:00:00,0.71,883.0502,1.0
2021-06-18 11:00:00,0.67,907.57184,1.0
2021-06-18 12:00:00,0.84,769.4441,1.0
2021-06-18 13:00:00,0.94,787.7936,1.0
2021-06-18 14:00:00,0.96,401.0904,1.0
2021-06-18 15:00:00,0.97,436.9485,1.0
2021-06-18 16:00:00,0.97,304.7136,1.0
2021-06-18 17:00:00,0.98,182.09901,1.0
2021-06-18 18:00:00,0.99,50.164246,1.0
2021-06-18 19:00:00,0.99,4.9696155,0.5225
2021-06-18 20:00:00,1.0,0.0,0.0
2021-06-18 21:00:00,0.97,0.0,0.0
2021-06-18 22:00:00,0.99,0.0,0.0
2021-06-18 23:00:00,0.87,0.0,0.0
2021-06-19 00:00:00,0.57,0.0,0.0
2021-06-19 01:00:00,0.16,0.0,0.0
2021-06-19 02:00:00,0.0,0.0,0.0
2021-06-19 03:00:00,0.42,0.0,0.0
2021-06-19 04:00:00,0.66,4.161458,0.4597222222222222
2021-06-19 05:00:00,0.78,81.756,1.0
2021-06-19 06:00:00,0.95,186.72629,1.0
2021-06-19 07:00:00,0.99,266.71268,1.0
2021-06-19 08:00:00,0.98,295.5761,1.0
2021-06-19 09:00:00,0.76,500.95868,1.0
2021-06-19 10:00:00,0.65,727.50903,1.0
2021-06-19 11:00:00,0.75,729.7761,1.0
2021-06-19 12:00:00,0.95,641.24493,1.0
2021-06-19 13:00:00,0.92,549.4346,1.0
2021-06-19 14:00:00,0.89,740.813,1.0
2021-06-19 15:00:00,0.83,470.83798,1.0
2021-06-19 16:00:00,0.93,222.43379,1.0
2021-06-19 17:00:00,0.98,210.63383,1.0
2021-06-19 18:00:00,0.82,50.269615,1.0
2021-06-19 19:00:00,1.0,3.9772115,0.5269444444444444
2021-06-19 20:00:00,0.01,0.0,0.0
2021-06-19 21:00:00,0.17,0.0,0.0
2021-06-19 22:00:00,0.0,0.0,0.0
2021-06-19 23:00:00,0.0,0.0,0.0
2021-06-20 00:00:00,0.08,0.0,0.0
2021-06-20 01:00:00,0.0,0.0,0.0
2021-06-20 02:00:00,0.0,0.0,0.0
2021-06-20 03:00:00,0.0,0.0,0.0
2021-06-20 04:00:00,0.0,4.335702,0.45666666666666667
2021-06-20 05:00:00,0.0,95.87325,1.0
2021-06-20 06:00:00,0.0,285.48517,1.0
2021-06-20 07:00:00,0.0,494.3734,1.0
2021-06-20 08:00:00,0.0,690.2013,1.0
2021-06-20 09:00:00,0.0,846.20825,1.0
2021-06-20 10:00:00,0.14,925.99976,1.0
2021-06-20 11:00:00,0.07,942.14355,1.0
2021-06-20 12:00:00,0.26,881.73724,1.0
2021-06-20 13:00:00,0.26,773.4306,1.0
2021-06-20 14:00:00,0.51,678.32996,1.0
2021-06-20 15:00:00,0.48,546.87256,1.0
2021-06-20 16:00:00,0.28,409.75043,1.0
2021-06-20 17:00:00,0.5,234.18445,1.0
2021-06-20 18:00:00,0.87,43.70521,1.0
2021-06-20 19:00:00,1.0,2.9832883,0.5308333333333334
2021-06-20 20:00:00,1.0,0.0,0.0
2021-06-20 21:00:00,1.0,0.0,0.0
2021-06-20 22:00:00,1.0,0.0,0.0
2021-06-20 23:00:00,1.0,0.0,0.0
2021-06-21 00:00:00,1.0,0.0,0.0
2021-06-21 01:00:00,1.0,0.0,0.0
2021-06-21 02:00:00,1.0,0.0,0.0
2021-06-21 03:00:00,1.0,0.0,0.0
2021-06-21 04:00:00,1.0,0.99392307,0.4527777777777778
2021-06-21 05:00:00,1.0,31.805538,1.0
2021-06-21 06:00:00,1.0,113.29992,1.0
2021-06-21 07:00:00,0.96,187.46535,1.0
2021-06-21 08:00:00,0.83,367.04904,1.0
2021-06-21 09:00:00,0.52,462.19278,1.0
2021-06-21 10:00:00,0.75,485.99045,1.0
2021-06-21 11:00:00,0.84,479.3954,1.0
2021-06-21 12:00:00,0.75,534.10767,1.0
2021-06-21 13:00:00,0.51,684.65497,1.0
2021-06-21 14:00:00,0.25,540.49255,1.0
2021-06-21 15:00:00,0.27,570.06476,1.0
2021-06-21 16:00:00,0.44,407.75937,1.0
2021-06-21 17:00:00,0.43,237.76892,1.0
2021-06-21 18:00:00,0.67,70.802055,1.0
2021-06-21 19:00:00,0.39,4.974173,0.5341666666666667
2021-06-21 20:00:00,0.0,0.0,0.0
2021-06-21 21:00:00,0.0,0.0,0.0
2021-06-21 22:00:00,0.0,0.0,0.0
2021-06-21 23:00:00,0.0,0.0,0.0
2021-06-22 00:00:00,0.0,0.0,0.0
2021-06-22 01:00:00,0.0,0.0,0.0
2021-06-22 02:00:00,0.0,0.0,0.0
2021-06-22 03:00:00,0.0,0.0,0.0
2021-06-22 04:00:00,0.0,3.3165321,0.4486111111111111
2021-06-22 05:00:00,0.0,95.69397,1.0
2021-06-22 06:00:00,0.0,290.3369,1.0
2021-06-22 07:00:00,0.0,501.62512,1.0
2021-06-22 08:00:00,0.0,699.61255,1.0
2021-06-22 09:00:00,0.0,854.468,1.0
2021-06-22 10:00:00,0.03,933.7164,1.0
2021-06-22 11:00:00,0.21,900.09686,1.0
2021-06-22 12:00:00,0.41,869.3893,1.0
2021-06-22 13:00:00,0.15,889.22156,1.0
2021-06-22 14:00:00,0.48,625.2238,1.0
2021-06-22 15:00:00,0.56,542.09467,1.0
2021-06-22 16:00:00,0.57,361.46384,1.0
2021-06-22 17:00:00,0.89,185.99396,1.0
2021-06-22 18:00:00,0.63,64.807755,1.0
2021-06-22 19:00:00,0.7,4.972654,0.5372222222222223
2021-06-22 20:00:00,0.19,0.0,0.0
2021-06-22 21:00:00,0.06,0.0,0.0
2021-06-22 22:00:00,0.0,0.0,0.0
2021-06-22 23:00:00,0.0,0.0,0.0
2021-06-23 00:00:00,0.0,0.0,0.0
2021-06-23 01:00:00,0.0,0.0,0.0
2021-06-23 02:00:00,0.0,0.0,0.0
2021-06-23 03:00:00,0.32,0.0,0.0
2021-06-23 04:00:00,0.4,4.1362185,0.4438888888888889
2021-06-23 05:00:00,0.68,89.52206,1.0
2021-06-23 06:00:00,0.23,285.39316,1.0
2021-06-23 07:00:00,0.04,504.60678,1.0
2021-06-23 08:00:00,0.86,684.29565,1.0
2021-06-23 09:00:00,0.93,737.0597,1.0
2021-06-23 10:00:00,0.91,769.6993,1.0
2021-06-23 11:00:00,0.81,677.4411,1.0
2021-06-23 12:00:00,0.82,884.54,1.0
2021-06-23 13:00:00,0.83,787.4743,1.0
2021-06-23 14:00:00,0.86,736.3644,1.0
2021-06-23 15:00:00,0.72,482.69278,1.0
2021-06-23 16:00:00,0.99,267.7459,1.0
2021-06-23 17:00:00,0.97,198.29457,1.0
2021-06-23 18:00:00,0.97,74.32384,1.0
2021-06-23 19:00:00,0.95,6.9574614,0.5397222222222222
2021-06-23 20:00:00,1.0,0.0,0.0
2021-06-23 21:00:00,1.0,0.0,0.0
2021-06-23 22:00:00,1.0,0.0,0.0
2021-06-23 23:00:00,0.97,0.0,0.0
2021-06-24 00:00:00,0.97,0.0,0.0
2021-06-24 01:00:00,0.98,0.0,0.0
2021-06-24 02:00:00,0.94,0.0,0.0
2021-06-24 03:00:00,0.96,0.0,0.0
2021-06-24 04:00:00,0.99,2.981769,0.4386111111111111
2021-06-24 05:00:00,1.0,30.791561,1.0
2021-06-24 06:00:00,0.79,189.49867,1.0
2021-06-24 07:00:00,0.56,370.60098,1.0
2021-06-24 08:00:00,0.69,576.2638,1.0
2021-06-24 09:00:00,0.24,698.804,1.0
2021-06-24 10:00:00,0.24,787.6901,1.0
2021-06-24 11:00:00,0.41,717.193,1.0
2021-06-24 12:00:00,0.54,757.7942,1.0
2021-06-24 13:00:00,0.57,693.1141,1.0
2021-06-24 14:00:00,0.87,509.85986,1.0
2021-06-24 15:00:00,0.81,383.81784,1.0
2021-06-24 16:00:00,0.99,246.09425,1.0
2021-06-24 17:00:00,0.99,58.64146,1.0
2021-06-24 18:00:00,1.0,35.78123,1.0
2021-06-24 19:00:00,0.99,3.9756923,0.5416666666666666
2021-06-24 20:00:00,0.97,0.0,0.0
2021-06-24 21:00:00,0.88,0.0,0.0
2021-06-24 22:00:00,0.87,0.0,0.0
2021-06-24 23:00:00,0.83,0.0,0.0
2021-06-25 00:00:00,0.06,0.0,0.0
2021-06-25 01:00:00,0.0,0.0,0.0
2021-06-25 02:00:00,0.0,0.0,0.0
2021-06-25 03:00:00,0.0,0.0,0.0
2021-06-25 04:00:00,0.0,4.1213894,0.43277777777777776
2021-06-25 05:00:00,0.0,87.69868,1.0
2021-06-25 06:00:00,0.08,261.6102,1.0
2021-06-25 07:00:00,0.13,471.02234,1.0
2021-06-25 08:00:00,0.01,659.5442,1.0
2021-06-25 09:00:00,0.26,721.91425,1.0
2021-06-25 10:00:00,0.31,737.28186,1.0
2021-06-25 11:00:00,0.76,697.8329,1.0
2021-06-25 12:00:00,0.4,712.0071,1.0
2021-06-25 13:00:00,0.65,592.4394,1.0
2021-06-25 14:00:00,0.84,453.54877,1.0
2021-06-25 15:00:00,0.67,484.71042,1.0
2021-06-25 16:00:00,0.68,218.4473,1.0
2021-06-25 17:00:00,0.98,43.05365,1.0
2021-06-25 18:00:00,1.0,20.872385,1.0
2021-06-25 19:00:00,1.0,3.9756923,0.5433333333333333
2021-06-25 20:00:00,1.0,0.0,0.0
2021-06-25 21:00:00,1.0,0.0,0.0
2021-06-25 22:00:00,1.0,0.0,0.0
2021-06-25 23:00:00,0.89,0.0,0.0
2021-06-26 00:00:00,1.0,0.0,0.0
2021-06-26 01:00:00,1.0,0.0,0.0
2021-06-26 02:00:00,0.96,0.0,0.0
2021-06-26 03:00:00,0.61,0.0,0.0
2021-06-26 04:00:00,0.43,2.125569,0.4263888888888889
2021-06-26 05:00:00,0.34,36.532883,1.0
2021-06-26 06:00:00,0.58,181.46805,1.0
2021-06-26 07:00:00,0.27,426.34103,1.0
2021-06-26 08:00:00,0.23,564.2898,1.0
2021-06-26 09:00:00,0.46,677.1813,1.0
2021-06-26 10:00:00,0.88,738.72504,1.0
2021-06-26 11:00:00,0.69,781.237,1.0
2021-06-26 12:00:00,0.47,735.5561,1.0
2021-06-26 13:00:00,0.81,511.1998,1.0
2021-06-26 14:00:00,0.85,270.20798,1.0
2021-06-26 15:00:00,0.81,231.99792,1.0
2021-06-26 16:00:00,0.97,205.3377,1.0
2021-06-26 17:00:00,0.8,170.25548,1.0
2021-06-26 18:00:00,0.94,50.182278,1.0
2021-06-26 19:00:00,0.98,3.9772115,0.5444444444444444
2021-06-26 20:00:00,0.49,0.0,0.0
2021-06-26 21:00:00,0.19,0.0,0.0
2021-06-26 22:00:00,0.47,0.0,0.0
2021-06-26 23:00:00,0.27,0.0,0.0
2021-06-27 00:00:00,0.21,0.0,0.0
2021-06-27 01:00:00,0.22,0.0,0.0
2021-06-27 02:00:00,0.27,0.0,0.0
2021-06-27 03:00:00,0.33,0.0,0.0
2021-06-27 04:00:00,0.36,2.1173153,0.4197222222222222
2021-06-27 05:00:00,0.38,31.417025,1.0
2021-06-27 06:00:00,0.52,168.63843,1.0
2021-06-27 07:00:00,0.25,386.51242,1.0
2021-06-27 08:00:00,0.07,609.4906,1.0
2021-06-27 09:00:00,0.35,718.13934,1.0
2021-06-27 10:00:00,0.52,823.1716,1.0
2021-06-27 11:00:00,0.51,802.3457,1.0
2021-06-27 12:00:00,0.54,701.7537,1.0
2021-06-27 13:00:00,0.38,796.73596,1.0
2021-06-27 14:00:00,0.64,636.57074,1.0
2021-06-27 15:00:00,1.0,370.8574,1.0
2021-06-27 16:00:00,0.91,307.33954,1.0
2021-06-27 17:00:00,0.74,142.26405,1.0
2021-06-27 18:00:00,0.91,55.33266,1.0
2021-06-27 19:00:00,0.74,5.9650574,0.545
2021-06-27 20:00:00,0.63,0.0,0.0
2021-06-27 21:00:00,0.6,0.0,0.0
2021-06-27 22:00:00,0.6,0.0,0.0
2021-06-27 23:00:00,0.45,0.0,0.0
2021-06-28 00:00:00,0.59,0.0,0.0
2021-06-28 01:00:00,0.42,0.0,0.0
2021-06-28 02:00:00,0.39,0.0,0.0
2021-06-28 03:00:00,0.46,0.0,0.0
2021-06-28 04:00:00,0.49,2.1087146,0.4127777777777778
2021-06-28 05:00:00,0.38,72.3781,1.0
2021-06-28 06:00:00,0.49,209.18549,1.0
2021-06-28 07:00:00,0.44,391.64865,1.0
2021-06-28 08:00:00,0.17,627.7963,1.0
2021-06-28 09:00:00,0.29,758.26733,1.0
2021-06-28 10:00:00,0.31,873.09015,1.0
2021-06-28 11:00:00,0.33,881.5631,1.0
2021-06-28 12:00:00,0.2,848.59326,1.0
2021-06-28 13:00:00,0.23,842.1727,1.0
2021-06-28 14:00:00,0.35,683.12366,1.0
2021-06-28 15:00:00,0.34,543.74426,1.0
2021-06-28 16:00:00,0.24,360.06122,1.0
2021-06-28 17:00:00,0.34,150.44118,1.0
2021-06-28 18:00:00,0.69,54.555836,1.0
2021-06-28 19:00:00,0.76,3.978731,0.545
2021-06-28 20:00:00,0.59,0.0,0.0
2021-06-28 21:00:00,0.55,0.0,0.0
2021-06-28 22:00:00,0.31,0.0,0.0
2021-06-28 23:00:00,0.21,0.0,0.0
2021-06-29 00:00:00,0.12,0.0,0.0
2021-06-29 01:00:00,0.42,0.0,0.0
2021-06-29 02:00:00,0.03,0.0,0.0
2021-06-29 03:00:00,0.68,0.0,0.0
2021-06-29 04:00:00,0.7,3.0936146,0.4052777777777778
2021-06-29 05:00:00,0.11,77.94141,1.0
2021-06-29 06:00:00,0.69,244.89557,1.0
2021-06-29 07:00:00,0.72,450.53622,1.0
2021-06-29 08:00:00,0.91,592.62976,1.0
2021-06-29 09:00:00,0.78,748.4704,1.0
2021-06-29 10:00:00,0.76,795.3589,1.0
2021-06-29 11:00:00,0.83,832.0467,1.0
2021-06-29 12:00:00,0.9,823.368,1.0
2021-06-29 13:00:00,0.96,715.47644,1.0
2021-06-29 14:00:00,0.98,728.0044,1.0
2021-06-29 15:00:00,0.97,467.13425,1.0
2021-06-29 16:00:00,0.79,366.8546,1.0
2021-06-29 17:00:00,0.83,96.55677,1.0
2021-06-29 18:00:00,0.94,64.96163,1.0
2021-06-29 19:00:00,0.91,5.9650574,0.5444444444444444
2021-06-29 20:00:00,0.73,0.0,0.0
2021-06-29 21:00:00,0.35,0.0,0.0
2021-06-29 22:00:00,0.12,0.0,0.0
2021-06-29 23:00:00,0.16,0.0,0.0
2021-06-30 00:00:00,0.33,0.0,0.0
2021-06-30 01:00:00,0.34,0.0,0.0
2021-06-30 02:00:00,0.36,0.0,0.0
2021-06-30 03:00:00,0.38,0.0,0.0
2021-06-30 04:00:00,0.25,3.0842912,0.3972222222222222
2021-06-30 05:00:00,0.02,80.63114,1.0
2021-06-30 06:00:00,0.13,262.7002,1.0
2021-06-30 07:00:00,0.01,474.95218,1.0
2021-06-30 08:00:00,0.0,672.9292,1.0
2021-06-30 09:00:00,0.0,819.4276,1.0
2021-06-30 10:00:00,0.02,908.3789,1.0
2021-06-30 11:00:00,0.19,927.37726,1.0
2021-06-30 12:00:00,0.8,836.6737,1.0
2021-06-30 13:00:00,0.7,757.78314,1.0
2021-06-30 14:00:00,0.58,593.34186,1.0
2021-06-30 15:00:00,0.62,464.91986,1.0
2021-06-30 16:00:00,0.64,347.19214,1.0
2021-06-30 17:00:00,0.63,177.74799,1.0
2021-06-30 18:00:00,0.56,65.51549,1.0
2021-06-30 19:00:00,0.45,5.9665766,0.5433333333333333
2021-06-30 20:00:00,0.37,0.0,0.0
2021-06-30 21:00:00,0.42,0.0,0.0
2021-06-30 22:00:00,0.35,0.0,0.0
2021-06-30 23:00:00,0.31,0.0,0.0
2021-07-01 00:00:00,0.07,0.0,0.0
2021-07-01 01:00:00,0.21,0.0,0.0
2021-07-01 02:00:00,0.3,0.0,0.0
2021-07-01 03:00:00,0.2,0.0,0.0
2021-07-01 04:00:00,0.02,2.0807269,0.38916666666666666
2021-07-01 05:00:00,0.01,78.30239,1.0
2021-07-01 06:00:00,0.17,242.9675,1.0
2021-07-01 07:00:00,0.09,444.7933,1.0
2021-07-01 08:00:00,0.14,633.743,1.0
2021-07-01 09:00:00,0.45,736.3824,1.0
2021-07-01 10:00:00,1.0,745.9558,1.0
2021-07-01 11:00:00,0.53,593.3346,1.0
2021-07-01 12:00:00,0.39,770.86835,1.0
2021-07-01 13:00:00,0.47,636.03644,1.0
2021-07-01 14:00:00,0.72,566.7707,1.0
2021-07-01 15:00:00,0.9,341.46802,1.0
2021-07-01 16:00:00,0.95,268.4673,1.0
2021-07-01 17:00:00,0.56,100.459435,1.0
2021-07-01 18:00:00,0.72,70.89777,1.0
2021-07-01 19:00:00,0.36,5.9665766,0.5419444444444445
2021-07-01 20:00:00,0.02,0.0,0.0
2021-07-01 21:00:00,0.17,0.0,0.0
2021-07-01 22:00:00,0.49,0.0,0.0
2021-07-01 23:00:00,0.13,0.0,0.0
2021-07-02 00:00:00,0.01,0.0,0.0
2021-07-02 01:00:00,0.0,0.0,0.0
2021-07-02 02:00:00,0.0,0.0,0.0
2021-07-02 03:00:00,0.03,0.0,0.0
2021-07-02 04:00:00,1.0,1.9878461,0.38055555555555554
2021-07-02 05:00:00,0.93,46.837116,1.0
2021-07-02 06:00:00,0.84,163.82495,1.0
2021-07-02 07:00:00,0.6,295.8703,1.0
2021-07-02 08:00:00,0.31,463.69217,1.0
2021-07-02 09:00:00,0.12,730.0005,1.0
2021-07-02 10:00:00,0.05,875.40967,1.0
2021-07-02 11:00:00,0.17,930.45404,1.0
2021-07-02 12:00:00,0.26,813.54596,1.0
2021-07-02 13:00:00,0.47,836.5518,1.0
2021-07-02 14:00:00,0.62,669.9595,1.0
2021-07-02 15:00:00,0.54,541.55304,1.0
2021-07-02 16:00:00,0.61,371.88223,1.0
2021-07-02 17:00:00,0.6,125.95492,1.0
2021-07-02 18:00:00,0.74,62.35551,1.0
2021-07-02 19:00:00,0.43,4.972654,0.5397222222222222
2021-07-02 20:00:00,0.08,0.0,0.0
2021-07-02 21:00:00,0.0,0.0,0.0
2021-07-02 22:00:00,0.0,0.0,0.0
2021-07-02 23:00:00,0.0,0.0,0.0
2021-07-03 00:00:00,0.0,0.0,0.0
2021-07-03 01:00:00,0.0,0.0,0.0
2021-07-03 02:00:00,0.0,0.0,0.0
2021-07-03 03:00:00,0.0,0.0,0.0
2021-07-03 04:00:00,0.0,2.060462,0.37194444444444447
2021-07-03 05:00:00,0.0,82.18944,1.0
2021-07-03 06:00:00,0.0,265.83466,1.0
2021-07-03 07:00:00,0.0,474.53366,1.0
2021-07-03 08:00:00,0.0,671.49243,1.0
2021-07-03 09:00:00,0.11,794.4301,1.0
2021-07-03 10:00:00,0.23,873.62524,1.0
2021-07-03 11:00:00,0.49,858.4858,1.0
2021-07-03 12:00:00,0.34,819.2202,1.0
2021-07-03 13:00:00,0.3,816.7927,1.0
2021-07-03 14:00:00,0.34,649.2995,1.0
2021-07-03 15:00:00,0.26,498.66626,1.0
2021-07-03 16:00:00,0.41,346.94943,1.0
2021-07-03 17:00:00,0.3,219.54048,1.0
2021-07-03 18:00:00,0.32,57.17487,1.0
2021-07-03 19:00:00,0.18,5.9665766,0.5369444444444444
2021-07-03 20:00:00,0.0,0.0,0.0
2021-07-03 21:00:00,0.0,0.0,0.0
2021-07-03 22:00:00,0.05,0.0,0.0
2021-07-03 23:00:00,0.04,0.0,0.0
2021-07-04 00:00:00,0.01,0.0,0.0
2021-07-04 01:00:00,0.0,0.0,0.0
2021-07-04 02:00:00,0.0,0.0,0.0
2021-07-04 03:00:00,0.0,0.0,0.0
2021-07-04 04:00:00,0.0,2.0498562,0.36277777777777775
2021-07-04 05:00:00,0.0,80.50625,1.0
2021-07-04 06:00:00,0.0,263.9441,1.0
2021-07-04 07:00:00,0.0,470.5681,1.0
2021-07-04 08:00:00,0.02,667.4606,1.0
2021-07-04 09:00:00,0.06,793.89594,1.0
2021-07-04 10:00:00,0.33,838.8861,1.0
2021-07-04 11:00:00,0.55,863.0611,1.0
2021-07-04 12:00:00,0.57,705.5969,1.0
2021-07-04 13:00:00,0.63,754.95184,1.0
2021-07-04 14:00:00,0.36,731.82916,1.0
2021-07-04 15:00:00,0.66,483.95624,1.0
2021-07-04 16:00:00,0.47,368.83752,1.0
2021-07-04 17:00:00,0.13,211.24345,1.0
2021-07-04 18:00:00,0.08,69.70177,1.0
2021-07-04 19:00:00,0.06,4.974173,0.5336111111111111
2021-07-04 20:00:00,0.0,0.0,0.0
2021-07-04 21:00:00,0.0,0.0,0.0
2021-07-04 22:00:00,0.0,0.0,0.0
2021-07-04 23:00:00,0.0,0.0,0.0
2021-07-05 00:00:00,0.0,0.0,0.0
2021-07-05 01:00:00,0.0,0.0,0.0
2021-07-05 02:00:00,0.0,0.0,0.0
2021-07-05 03:00:00,0.0,0.0,0.0
2021-07-05 04:00:00,0.0,2.03885,0.35333333333333333
2021-07-05 05:00:00,0.0,78.830475,1.0
2021-07-05 06:00:00,0.01,260.0834,1.0
2021-07-05 07:00:00,0.01,467.56805,1.0
2021-07-05 08:00:00,0.0,663.49805,1.0
2021-07-05 09:00:00,0.0,826.2223,1.0
2021-07-05 10:00:00,0.07,927.50214,1.0
2021-07-05 11:00:00,0.04,986.46155,1.0
2021-07-05 12:00:00,0.13,947.44495,1.0
2021-07-05 13:00:00,0.48,762.4074,1.0
2021-07-05 14:00:00,0.51,672.51495,1.0
2021-07-05 15:00:00,0.83,250.02681,1.0
2021-07-05 16:00:00,0.91,286.21005,1.0
2021-07-05 17:00:00,0.98,118.61814,1.0
2021-07-05 18:00:00,1.0,34.963917,1.0
2021-07-05 19:00:00,0.96,4.9696155,0.5297222222222222
2021-07-05 20:00:00,0.59,0.0,0.0
2021-07-05 21:00:00,0.73,0.0,0.0
2021-07-05 22:00:00,0.43,0.0,0.0
2021-07-05 23:00:00,0.31,0.0,0.0
2021-07-06 00:00:00,0.57,0.0,0.0
2021-07-06 01:00:00,0.01,0.0,0.0
2021-07-06 02:00:00,0.04,0.0,0.0
2021-07-06 03:00:00,0.0,0.0,0.0
2021-07-06 04:00:00,0.0,1.9878461,0.3438888888888889
2021-07-06 05:00:00,0.0,69.149574,1.0
2021-07-06 06:00:00,0.66,218.52844,1.0
2021-07-06 07:00:00,0.48,388.56055,1.0
2021-07-06 08:00:00,1.0,467.55484,1.0
2021-07-06 09:00:00,1.0,539.7134,1.0
2021-07-06 10:00:00,1.0,587.4597,1.0
2021-07-06 11:00:00,0.44,759.3102,1.0
2021-07-06 12:00:00,0.41,745.3197,1.0
2021-07-06 13:00:00,0.43,731.85516,1.0
2021-07-06 14:00:00,0.73,534.6125,1.0
2021-07-06 15:00:00,0.24,431.46426,1.0
2021-07-06 16:00:00,0.34,350.38843,1.0
2021-07-06 17:00:00,0.4,188.94705,1.0
2021-07-06 18:00:00,0.4,60.081406,1.0
2021-07-06 19:00:00,0.5,3.978731,0.525
2021-07-06 20:00:00,0.27,0.0,0.0
2021-07-06 21:00:00,0.27,0.0,0.0
2021-07-06 22:00:00,0.3,0.0,0.0
2021-07-06 23:00:00,0.24,0.0,0.0
2021-07-07 00:00:00,0.04,0.0,0.0
2021-07-07 01:00:00,0.03,0.0,0.0
2021-07-07 02:00:00,0.0,0.0,0.0
2021-07-07 03:00:00,0.0,0.0,0.0
2021-07-07 04:00:00,0.0,1.0221144,0.3338888888888889
2021-07-07 05:00:00,0.0,77.749504,1.0
2021-07-07 06:00:00,0.0,261.319,1.0
2021-07-07 07:00:00,0.0,471.22272,1.0
2021-07-07 08:00:00,0.0,670.43646,1.0
2021-07-07 09:00:00,0.0,837.5243,1.0
2021-07-07 10:00:00,0.0,958.81683,1.0
2021-07-07 11:00:00,0.1,968.3524,1.0
2021-07-07 12:00:00,0.06,965.79285,1.0
2021-07-07 13:00:00,0.07,898.31366,1.0
2021-07-07 14:00:00,0.1,788.16943,1.0
2021-07-07 15:00:00,0.28,626.9916,1.0
2021-07-07 16:00:00,0.19,438.22357,1.0
2021-07-07 17:00:00,0.23,243.3308,1.0
2021-07-07 18:00:00,0.04,70.84811,1.0
2021-07-07 19:00:00,0.01,4.974173,0.52
2021-07-07 20:00:00,0.0,0.0,0.0
2021-07-07 21:00:00,0.0,0.0,0.0
2021-07-07 22:00:00,0.0,0.0,0.0
2021-07-07 23:00:00,0.0,0.0,0.0
2021-07-08 00:00:00,0.0,0.0,0.0
2021-07-08 01:00:00,0.0,0.0,0.0
2021-07-08 02:00:00,0.0,0.0,0.0
2021-07-08 03:00:00,0.0,0.0,0.0
2021-07-08 04:00:00,0.0,1.0097401,0.3236111111111111
2021-07-08 05:00:00,0.0,76.71528,1.0
2021-07-08 06:00:00,0.0,263.45276,1.0
2021-07-08 07:00:00,0.0,471.46338,1.0
2021-07-08 08:00:00,0.11,670.84625,1.0
2021-07-08 09:00:00,0.14,841.19763,1.0
2021-07-08 10:00:00,0.26,914.4451,1.0
2021-07-08 11:00:00,0.56,823.137,1.0
2021-07-08 12:00:00,0.52,870.72107,1.0
2021-07-08 13:00:00,0.38,763.19495,1.0
2021-07-08 14:00:00,0.82,488.1077,1.0
2021-07-08 15:00:00,0.67,489.6115,1.0
2021-07-08 16:00:00,0.89,317.9487,1.0
2021-07-08 17:00:00,0.62,148.41087,1.0
2021-07-08 18:00:00,0.89,69.0239,1.0
2021-07-08 19:00:00,0.31,4.972654,0.5141666666666667
2021-07-08 20:00:00,0.01,0.0,0.0
2021-07-08 21:00:00,0.07,0.0,0.0
2021-07-08 22:00:00,0.05,0.0,0.0
2021-07-08 23:00:00,0.0,0.0,0.0
2021-07-09 00:00:00,0.01,0.0,0.0
2021-07-09 01:00:00,0.0,0.0,0.0
2021-07-09 02:00:00,0.31,0.0,0.0
2021-07-09 03:00:00,0.24,0.0,0.0
2021-07-09 04:00:00,0.32,1.9878461,0.31305555555555553
2021-07-09 05:00:00,0.29,74.43353,1.0
2021-07-09 06:00:00,0.47,257.6345,1.0
2021-07-09 07:00:00,0.57,460.6513,1.0
2021-07-09 08:00:00,0.48,663.05304,1.0
2021-07-09 09:00:00,0.41,758.2384,1.0
2021-07-09 10:00:00,0.43,838.26666,1.0
2021-07-09 11:00:00,0.67,821.38727,1.0
2021-07-09 12:00:00,0.85,615.1332,1.0
2021-07-09 13:00:00,0.58,843.3449,1.0
2021-07-09 14:00:00,0.62,667.2998,1.0
2021-07-09 15:00:00,1.0,348.9415,1.0
2021-07-09 16:00:00,0.82,353.11566,1.0
2021-07-09 17:00:00,0.79,209.7059,1.0
2021-07-09 18:00:00,0.68,54.892765,1.0
2021-07-09 19:00:00,0.6,4.972654,0.5080555555555556
2021-07-09 20:00:00,0.34,0.0,0.0
2021-07-09 21:00:00,0.0,0.0,0.0
2021-07-09 22:00:00,0.0,0.0,0.0
2021-07-09 23:00:00,0.0,0.0,0.0
2021-07-10 00:00:00,0.0,0.0,0.0
2021-07-10 01:00:00,0.0,0.0,0.0
2021-07-10 02:00:00,0.02,0.0,0.0
2021-07-10 03:00:00,0.31,0.0,0.0
2021-07-10 04:00:00,0.85,0.99392307,0.3016666666666667
2021-07-10 05:00:00,0.94,37.6498,1.0
2021-07-10 06:00:00,0.57,192.03159,1.0
2021-07-10 07:00:00,0.38,418.80643,1.0
2021-07-10 08:00:00,0.24,612.2904,1.0
2021-07-10 09:00:00,0.05,829.8836,1.0
2021-07-10 10:00:00,0.07,936.09656,1.0
2021-07-10 11:00:00,0.23,919.61865,1.0
2021-07-10 12:00:00,0.25,841.70435,1.0
2021-07-10 13:00:00,0.23,834.1808,1.0
2021-07-10 14:00:00,0.38,671.5416,1.0
2021-07-10 15:00:00,0.46,576.0868,1.0
2021-07-10 16:00:00,0.22,410.27255,1.0
2021-07-10 17:00:00,0.01,225.71388,1.0
2021-07-10 18:00:00,0.02,64.17645,1.0
2021-07-10 19:00:00,0.12,3.978731,0.5011111111111111
2021-07-10 20:00:00,0.3,0.0,0.0
2021-07-10 21:00:00,0.27,0.0,0.0
2021-07-10 22:00:00,0.27,0.0,0.0
2021-07-10 23:00:00,0.14,0.0,0.0
2021-07-11 00:00:00,0.03,0.0,0.0
2021-07-11 01:00:00,0.0,0.0,0.0
2021-07-11 02:00:00,0.0,0.0,0.0
2021-07-11 03:00:00,0.0,0.0,0.0
2021-07-11 04:00:00,0.0,1.9878461,0.2902777777777778
2021-07-11 05:00:00,0.0,73.99207,1.0
2021-07-11 06:00:00,0.0,260.9878,1.0
2021-07-11 07:00:00,0.0,474.466,1.0
2021-07-11 08:00:00,0.0,676.0149,1.0
2021-07-11 09:00:00,0.0,842.19775,1.0
2021-07-11 10:00:00,0.0,959.276,1.0
2021-07-11 11:00:00,0.0,1019.7643,1.0
2021-07-11 12:00:00,0.0,1006.8021,1.0
2021-07-11 13:00:00,0.0,937.25726,1.0
2021-07-11 14:00:00,0.03,812.33954,1.0
2021-07-11 15:00:00,0.03,633.2365,1.0
2021-07-11 16:00:00,0.13,443.63828,1.0
2021-07-11 17:00:00,0.09,236.00792,1.0
2021-07-11 18:00:00,0.04,66.77359,1.0
2021-07-11 19:00:00,0.01,4.972654,0.4938888888888889
2021-07-11 20:00:00,0.01,0.0,0.0
2021-07-11 21:00:00,0.0,0.0,0.0
2021-07-11 22:00:00,0.0,0.0,0.0
2021-07-11 23:00:00,0.0,0.0,0.0
2021-07-12 00:00:00,0.0,0.0,0.0
2021-07-12 01:00:00,0.0,0.0,0.0
2021-07-12 02:00:00,0.0,0.0,0.0
2021-07-12 03:00:00,0.0,0.0,0.0
2021-07-12 04:00:00,0.0,0.0,0.2783333333333333
2021-07-12 05:00:00,0.0,72.98594,1.0
2021-07-12 06:00:00,0.0,258.1994,1.0
2021-07-12 07:00:00,0.0,470.62555,1.0
2021-07-12 08:00:00,0.0,670.13525,1.0
2021-07-12 09:00:00,0.0,839.4443,1.0
2021-07-12 10:00:00,0.03,908.7106,1.0
2021-07-12 11:00:00,0.01,997.5953,1.0
2021-07-12 12:00:00,0.09,1010.7244,1.0
2021-07-12 13:00:00,0.42,889.8421,1.0
2021-07-12 14:00:00,0.53,727.8412,1.0
2021-07-12 15:00:00,0.46,587.4175,1.0
2021-07-12 16:00:00,0.41,401.18832,1.0
2021-07-12 17:00:00,0.41,234.06454,1.0
2021-07-12 18:00:00,0.23,67.0651,1.0
2021-07-12 19:00:00,0.1,3.978731,0.48583333333333334
2021-07-12 20:00:00,0.05,0.0,0.0
2021-07-12 21:00:00,0.03,0.0,0.0
2021-07-12 22:00:00,0.02,0.0,0.0
2021-07-12 23:00:00,0.0,0.0,0.0
2021-07-13 00:00:00,0.22,0.0,0.0
2021-07-13 01:00:00,0.46,0.0,0.0
2021-07-13 02:00:00,0.64,0.0,0.0
2021-07-13 03:00:00,0.94,0.0,0.0
2021-07-13 04:00:00,0.98,0.0,0.26611111111111113
2021-07-13 05:00:00,0.48,71.04143,1.0
2021-07-13 06:00:00,0.32,208.38785,1.0
2021-07-13 07:00:00,0.64,385.08325,1.0
2021-07-13 08:00:00,0.87,551.6934,1.0
2021-07-13 09:00:00,0.93,758.938,1.0
2021-07-13 10:00:00,0.92,817.4971,1.0
2021-07-13 11:00:00,0.85,807.84283,1.0
2021-07-13 12:00:00,0.91,887.6941,1.0
2021-07-13 13:00:00,0.9,783.2214,1.0
2021-07-13 14:00:00,0.82,562.3953,1.0
2021-07-13 15:00:00,0.99,436.5656,1.0
2021-07-13 16:00:00,0.82,304.7324,1.0
2021-07-13 17:00:00,0.94,143.96048,1.0
2021-07-13 18:00:00,0.96,22.991318,1.0
2021-07-13 19:00:00,0.99,0.99392307,0.4775
2021-07-13 20:00:00,1.0,0.0,0.0
2021-07-13 21:00:00,1.0,0.0,0.0
2021-07-13 22:00:00,1.0,0.0,0.0
2021-07-13 23:00:00,1.0,0.0,0.0
2021-07-14 00:00:00,0.95,0.0,0.0
2021-07-14 01:00:00,0.84,0.0,0.0
2021-07-14 02:00:00,0.43,0.0,0.0
2021-07-14 03:00:00,0.54,0.0,0.0
2021-07-14 04:00:00,0.67,0.0,0.2536111111111111
2021-07-14 05:00:00,0.87,53.842453,1.0
2021-07-14 06:00:00,0.99,158.21173,1.0
2021-07-14 07:00:00,1.0,210.71973,1.0
2021-07-14 08:00:00,1.0,300.6208,1.0
2021-07-14 09:00:00,1.0,263.09988,1.0
2021-07-14 10:00:00,1.0,398.94962,1.0
2021-07-14 11:00:00,1.0,557.8277,1.0
2021-07-14 12:00:00,1.0,480.11127,1.0
2021-07-14 13:00:00,1.0,527.68494,1.0
2021-07-14 14:00:00,0.98,420.8083,1.0
2021-07-14 15:00:00,0.9,377.5009,1.0
2021-07-14 16:00:00,0.93,225.36394,1.0
2021-07-14 17:00:00,0.92,40.750847,1.0
2021-07-14 18:00:00,1.0,28.82377,1.0
2021-07-14 19:00:00,0.99,4.9696155,0.4686111111111111
2021-07-14 20:00:00,0.97,0.0,0.0
2021-07-14 21:00:00,0.83,0.0,0.0
2021-07-14 22:00:00,0.1,0.0,0.0
2021-07-14 23:00:00,0.3,0.0,0.0
2021-07-15 00:00:00,0.2,0.0,0.0
2021-07-15 01:00:00,0.0,0.0,0.0
2021-07-15 02:00:00,0.0,0.0,0.0
2021-07-15 03:00:00,0.0,0.0,0.0
2021-07-15 04:00:00,0.0,0.0,0.24055555555555555
2021-07-15 05:00:00,0.0,64.21985,1.0
2021-07-15 06:00:00,0.01,240.81679,1.0
2021-07-15 07:00:00,0.01,444.3312,1.0
2021-07-15 08:00:00,0.01,647.7912,1.0
2021-07-15 09:00:00,0.01,815.88007,1.0
2021-07-15 10:00:00,0.1,891.2428,1.0
2021-07-15 11:00:00,0.24,887.9685,1.0
2021-07-15 12:00:00,0.28,885.55255,1.0
2021-07-15 13:00:00,0.45,813.3763,1.0
2021-07-15 14:00:00,0.48,687.82245,1.0
2021-07-15 15:00:00,0.46,503.25235,1.0
2021-07-15 16:00:00,0.35,400.75204,1.0
2021-07-15 17:00:00,0.25,212.69731,1.0
2021-07-15 18:00:00,0.75,57.79612,1.0
2021-07-15 19:00:00,0.93,3.9772115,0.45916666666666667
2021-07-15 20:00:00,0.2,0.0,0.0
2021-07-15 21:00:00,0.24,0.0,0.0
2021-07-15 22:00:00,0.09,0.0,0.0
2021-07-15 23:00:00,0.0,0.0,0.0
2021-07-16 00:00:00,0.01,0.0,0.0
2021-07-16 01:00:00,0.03,0.0,0.0
2021-07-16 02:00:00,0.37,0.0,0.0
2021-07-16 03:00:00,0.23,0.0,0.0
2021-07-16 04:00:00,0.01,0.0,0.2275
2021-07-16 05:00:00,0.12,66.147026,1.0
2021-07-16 06:00:00,0.04,250.12752,1.0
2021-07-16 07:00:00,0.0,461.53586,1.0
2021-07-16 08:00:00,0.24,651.5112,1.0
2021-07-16 09:00:00,0.44,818.0265,1.0
2021-07-16 10:00:00,0.4,884.3474,1.0
2021-07-16 11:00:00,0.41,949.4854,1.0
2021-07-16 12:00:00,0.42,959.63275,1.0
2021-07-16 13:00:00,0.44,761.4937,1.0
2021-07-16 14:00:00,0.72,653.6691,1.0
2021-07-16 15:00:00,0.53,508.3199,1.0
2021-07-16 16:00:00,0.73,328.71188,1.0
2021-07-16 17:00:00,0.69,224.98955,1.0
2021-07-16 18:00:00,0.37,63.598984,1.0
2021-07-16 19:00:00,0.11,3.9772115,0.4494444444444444
2021-07-16 20:00:00,0.16,0.0,0.0
2021-07-16 21:00:00,0.17,0.0,0.0
2021-07-16 22:00:00,0.01,0.0,0.0
2021-07-16 23:00:00,0.31,0.0,0.0
2021-07-17 00:00:00,0.18,0.0,0.0
2021-07-17 01:00:00,0.1,0.0,0.0
2021-07-17 02:00:00,0.0,0.0,0.0
2021-07-17 03:00:00,0.0,0.0,0.0
2021-07-17 04:00:00,0.0,0.0,0.21416666666666667
2021-07-17 05:00:00,0.0,62.47087,1.0
2021-07-17 06:00:00,0.0,243.34178,1.0
2021-07-17 07:00:00,0.0,453.5725,1.0
2021-07-17 08:00:00,0.0,654.283,1.0
2021-07-17 09:00:00,0.0,810.61523,1.0
2021-07-17 10:00:00,0.04,895.6597,1.0
2021-07-17 11:00:00,0.17,955.4356,1.0
2021-07-17 12:00:00,0.2,931.7808,1.0
2021-07-17 13:00:00,0.13,884.40326,1.0
2021-07-17 14:00:00,0.48,752.48926,1.0
2021-07-17 15:00:00,0.32,549.81396,1.0
2021-07-17 16:00:00,0.66,342.2788,1.0
2021-07-17 17:00:00,0.73,203.17287,1.0
2021-07-17 18:00:00,0.23,61.094246,1.0
2021-07-17 19:00:00,0.03,3.9772115,0.4388888888888889
2021-07-17 20:00:00,0.02,0.0,0.0
2021-07-17 21:00:00,0.02,0.0,0.0
2021-07-17 22:00:00,0.25,0.0,0.0
2021-07-17 23:00:00,0.08,0.0,0.0
2021-07-18 00:00:00,0.03,0.0,0.0
2021-07-18 01:00:00,0.0,0.0,0.0
2021-07-18 02:00:00,0.0,0.0,0.0
2021-07-18 03:00:00,0.0,0.0,0.0
2021-07-18 04:00:00,0.0,0.0,0.20083333333333334
2021-07-18 05:00:00,0.0,62.602043,1.0
2021-07-18 06:00:00,0.0,243.61723,1.0
2021-07-18 07:00:00,0.0,454.07925,1.0
2021-07-18 08:00:00,0.0,655.88495,1.0
2021-07-18 09:00:00,0.0,807.80457,1.0
2021-07-18 10:00:00,0.0,896.9908,1.0
2021-07-18 11:00:00,0.02,957.7074,1.0
2021-07-18 12:00:00,0.03,938.8812,1.0
2021-07-18 13:00:00,0.06,901.8501,1.0
2021-07-18 14:00:00,0.07,779.01874,1.0
2021-07-18 15:00:00,0.07,617.2012,1.0
2021-07-18 16:00:00,0.05,423.18182,1.0
2021-07-18 17:00:00,0.05,236.4611,1.0
2021-07-18 18:00:00,0.01,62.205227,1.0
2021-07-18 19:00:00,0.0,3.9772115,0.4280555555555556
2021-07-18 20:00:00,0.0,0.0,0.0
2021-07-18 21:00:00,0.0,0.0,0.0
2021-07-18 22:00:00,0.2,0.0,0.0
2021-07-18 23:00:00,0.0,0.0,0.0
2021-07-19 00:00:00,0.0,0.0,0.0
2021-07-19 01:00:00,0.0,0.0,0.0
2021-07-19 02:00:00,0.0,0.0,0.0
2021-07-19 03:00:00,0.41,0.0,0.0
2021-07-19 04:00:00,0.4,0.0,0.18694444444444444
2021-07-19 05:00:00,0.26,61.747356,1.0
2021-07-19 06:00:00,0.0,241.89615,1.0
2021-07-19 07:00:00,0.0,454.50168,1.0
2021-07-19 08:00:00,0.0,656.3838,1.0
2021-07-19 09:00:00,0.0,826.9794,1.0
2021-07-19 10:00:00,0.0,949.57104,1.0
2021-07-19 11:00:00,0.0,1015.4579,1.0
2021-07-19 12:00:00,0.01,1008.89404,1.0
2021-07-19 13:00:00,0.17,947.0882,1.0
2021-07-19 14:00:00,0.01,815.6112,1.0
2021-07-19 15:00:00,0.01,641.3061,1.0
2021-07-19 16:00:00,0.0,441.21893,1.0
2021-07-19 17:00:00,0.01,232.05078,1.0
2021-07-19 18:00:00,0.01,60.520973,1.0
2021-07-19 19:00:00,0.01,2.9832883,0.41694444444444445
2021-07-19 20:00:00,0.01,0.0,0.0
2021-07-19 21:00:00,0.0,0.0,0.0
2021-07-19 22:00:00,0.0,0.0,0.0
2021-07-19 23:00:00,0.05,0.0,0.0
2021-07-20 00:00:00,0.1,0.0,0.0
2021-07-20 01:00:00,0.0,0.0,0.0
2021-07-20 02:00:00,0.0,0.0,0.0
2021-07-20 03:00:00,0.03,0.0,0.0
2021-07-20 04:00:00,0.1,0.0,0.17305555555555555
2021-07-20 05:00:00,0.24,60.900898,1.0
2021-07-20 06:00:00,0.03,242.18904,1.0
2021-07-20 07:00:00,0.41,452.73602,1.0
2021-07-20 08:00:00,0.49,637.0841,1.0
2021-07-20 09:00:00,0.7,800.8093,1.0
2021-07-20 10:00:00,0.7,925.34863,1.0
2021-07-20 11:00:00,0.73,986.78784,1.0
2021-07-20 12:00:00,0.86,921.8027,1.0
2021-07-20 13:00:00,0.68,865.77814,1.0
2021-07-20 14:00:00,0.76,728.712,1.0
2021-07-20 15:00:00,0.88,519.68646,1.0
2021-07-20 16:00:00,0.79,319.95395,1.0
2021-07-20 17:00:00,0.61,181.59645,1.0
2021-07-20 18:00:00,0.95,51.191845,1.0
2021-07-20 19:00:00,0.98,2.981769,0.405
2021-07-20 20:00:00,0.98,0.0,0.0
2021-07-20 21:00:00,0.99,0.0,0.0
2021-07-20 22:00:00,0.98,0.0,0.0
2021-07-20 23:00:00,0.99,0.0,0.0
2021-07-21 00:00:00,0.91,0.0,0.0
2021-07-21 01:00:00,0.76,0.0,0.0
2021-07-21 02:00:00,0.67,0.0,0.0
2021-07-21 03:00:00,0.76,0.0,0.0
2021-07-21 04:00:00,0.81,0.0,0.15916666666666668
2021-07-21 05:00:00,0.5,44.803165,1.0
2021-07-21 06:00:00,0.77,210.76884,1.0
2021-07-21 07:00:00,0.26,413.30054,1.0
2021-07-21 08:00:00,0.36,560.81006,1.0
2021-07-21 09:00:00,0.44,615.147,1.0
2021-07-21 10:00:00,0.47,766.96356,1.0
2021-07-21 11:00:00,0.69,875.03406,1.0
2021-07-21 12:00:00,0.65,758.20996,1.0
2021-07-21 13:00:00,0.9,503.16885,1.0
2021-07-21 14:00:00,0.81,522.88916,1.0
2021-07-21 15:00:00,0.95,401.1982,1.0
2021-07-21 16:00:00,0.96,291.49475,1.0
2021-07-21 17:00:00,0.96,64.3039,1.0
2021-07-21 18:00:00,0.94,37.811176,1.0
2021-07-21 19:00:00,0.97,0.99392307,0.3927777777777778
2021-07-21 20:00:00,0.95,0.0,0.0
2021-07-21 21:00:00,0.92,0.0,0.0
2021-07-21 22:00:00,0.9,0.0,0.0
2021-07-21 23:00:00,0.77,0.0,0.0
2021-07-22 00:00:00,0.58,0.0,0.0
2021-07-22 01:00:00,0.46,0.0,0.0
2021-07-22 02:00:00,0.13,0.0,0.0
2021-07-22 03:00:00,0.11,0.0,0.0
2021-07-22 04:00:00,0.08,0.0,0.145
2021-07-22 05:00:00,0.06,47.647404,1.0
2021-07-22 06:00:00,0.48,205.0826,1.0
2021-07-22 07:00:00,0.37,390.29318,1.0
2021-07-22 08:00:00,0.25,580.17474,1.0
2021-07-22 09:00:00,0.61,697.7397,1.0
2021-07-22 10:00:00,0.84,763.792,1.0
2021-07-22 11:00:00,0.7,796.8696,1.0
2021-07-22 12:00:00,0.53,700.9724,1.0
2021-07-22 13:00:00,0.5,622.7474,1.0
2021-07-22 14:00:00,0.65,455.49173,1.0
2021-07-22 15:00:00,0.75,380.4105,1.0
2021-07-22 16:00:00,0.76,292.47018,1.0
2021-07-22 17:00:00,0.81,126.58229,1.0
2021-07-22 18:00:00,0.75,56.991337,1.0
2021-07-22 19:00:00,0.95,1.9878461,0.38
2021-07-22 20:00:00,0.98,0.0,0.0
2021-07-22 21:00:00,0.97,0.0,0.0
2021-07-22 22:00:00,0.96,0.0,0.0
2021-07-22 23:00:00,0.97,0.0,0.0
2021-07-23 00:00:00,0.99,0.0,0.0
2021-07-23 01:00:00,0.99,0.0,0.0
2021-07-23 02:00:00,0.91,0.0,0.0
2021-07-23 03:00:00,0.89,0.0,0.0
2021-07-23 04:00:00,0.68,0.0,0.13055555555555556
2021-07-23 05:00:00,0.04,54.65164,1.0
2021-07-23 06:00:00,0.35,224.84631,1.0
2021-07-23 07:00:00,0.15,408.08212,1.0
2021-07-23 08:00:00,0.31,535.5486,1.0
2021-07-23 09:00:00,0.44,639.8875,1.0
2021-07-23 10:00:00,0.7,760.5255,1.0
2021-07-23 11:00:00,0.4,844.5095,1.0
2021-07-23 12:00:00,0.44,773.03613,1.0
2021-07-23 13:00:00,0.79,672.46075,1.0
2021-07-23 14:00:00,0.72,539.02716,1.0
2021-07-23 15:00:00,0.72,363.06656,1.0
2021-07-23 16:00:00,0.9,260.46854,1.0
2021-07-23 17:00:00,0.95,99.3543,1.0
2021-07-23 18:00:00,1.0,42.698074,1.0
2021-07-23 19:00:00,1.0,1.9878461,0.36694444444444446
2021-07-23 20:00:00,1.0,0.0,0.0
2021-07-23 21:00:00,1.0,0.0,0.0
2021-07-23 22:00:00,0.99,0.0,0.0
2021-07-23 23:00:00,0.99,0.0,0.0
2021-07-24 00:00:00,0.96,0.0,0.0
2021-07-24 01:00:00,0.93,0.0,0.0
2021-07-24 02:00:00,0.91,0.0,0.0
2021-07-24 03:00:00,0.82,0.0,0.0
2021-07-24 04:00:00,0.92,0.0,0.11638888888888889
2021-07-24 05:00:00,0.84,45.477673,1.0
2021-07-24 06:00:00,0.21,194.5284,1.0
2021-07-24 07:00:00,0.29,346.20395,1.0
2021-07-24 08:00:00,0.7,439.5387,1.0
2021-07-24 09:00:00,0.7,435.59323,1.0
2021-07-24 10:00:00,0.61,628.08124,1.0
2021-07-24 11:00:00,0.87,625.1235,1.0
2021-07-24 12:00:00,0.87,447.8423,1.0
2021-07-24 13:00:00,0.58,833.37317,1.0
2021-07-24 14:00:00,0.55,653.5382,1.0
2021-07-24 15:00:00,1.0,461.69156,1.0
2021-07-24 16:00:00,0.47,336.1603,1.0
2021-07-24 17:00:00,0.28,81.641716,1.0
2021-07-24 18:00:00,0.77,29.00967,1.0
2021-07-24 19:00:00,0.4,1.9878461,0.35333333333333333
2021-07-24 20:00:00,0.27,0.0,0.0
2021-07-24 21:00:00,0.58,0.0,0.0
2021-07-24 22:00:00,0.19,0.0,0.0
2021-07-24 23:00:00,0.06,0.0,0.0
2021-07-25 00:00:00,0.14,0.0,0.0
2021-07-25 01:00:00,0.2,0.0,0.0
2021-07-25 02:00:00,0.52,0.0,0.0
2021-07-25 03:00:00,0.83,0.0,0.0
2021-07-25 04:00:00,0.17,0.0,0.10194444444444445
2021-07-25 05:00:00,0.17,40.894768,1.0
2021-07-25 06:00:00,0.47,161.89359,1.0
2021-07-25 07:00:00,0.45,395.05637,1.0
2021-07-25 08:00:00,0.22,580.57495,1.0
2021-07-25 09:00:00,0.43,757.1038,1.0
2021-07-25 10:00:00,0.14,922.7155,1.0
2021-07-25 11:00:00,0.06,990.0051,1.0
2021-07-25 12:00:00,0.18,968.9341,1.0
2021-07-25 13:00:00,0.47,733.73224,1.0
2021-07-25 14:00:00,0.75,593.19037,1.0
2021-07-25 15:00:00,0.92,397.41925,1.0
2021-07-25 16:00:00,0.94,252.65198,1.0
2021-07-25 17:00:00,0.97,188.41649,1.0
2021-07-25 18:00:00,0.73,50.44746,1.0
2021-07-25 19:00:00,0.82,1.9878461,0.33916666666666667
2021-07-25 20:00:00,0.79,0.0,0.0
2021-07-25 21:00:00,0.24,0.0,0.0
2021-07-25 22:00:00,0.36,0.0,0.0
2021-07-25 23:00:00,0.27,0.0,0.0
2021-07-26 00:00:00,0.16,0.0,0.0
2021-07-26 01:00:00,0.05,0.0,0.0
2021-07-26 02:00:00,0.12,0.0,0.0
2021-07-26 03:00:00,0.1,0.0,0.0
2021-07-26 04:00:00,0.06,0.0,0.08777777777777777
2021-07-26 05:00:00,0.02,52.85322,1.0
2021-07-26 06:00:00,0.0,231.08194,1.0
2021-07-26 07:00:00,0.0,444.38406,1.0
2021-07-26 08:00:00,0.0,647.77386,1.0
2021-07-26 09:00:00,0.0,814.1412,1.0
2021-07-26 10:00:00,0.0,904.91,1.0
2021-07-26 11:00:00,0.03,930.92957,1.0
2021-07-26 12:00:00,0.07,906.3837,1.0
2021-07-26 13:00:00,0.07,775.14655,1.0
2021-07-26 14:00:00,0.16,788.6773,1.0
2021-07-26 15:00:00,0.07,596.7514,1.0
2021-07-26 16:00:00,0.18,411.01566,1.0
2021-07-26 17:00:00,0.04,231.25635,1.0
2021-07-26 18:00:00,0.0,51.747513,1.0
2021-07-26 19:00:00,0.0,0.99544233,0.32472222222222225
2021-07-26 20:00:00,0.0,0.0,0.0
2021-07-26 21:00:00,0.0,0.0,0.0
2021-07-26 22:00:00,0.0,0.0,0.0
2021-07-26 23:00:00,0.0,0.0,0.0
2021-07-27 00:00:00,0.0,0.0,0.0
2021-07-27 01:00:00,0.0,0.0,0.0
2021-07-27 02:00:00,0.0,0.0,0.0
2021-07-27 03:00:00,0.0,0.0,0.0
2021-07-27 04:00:00,0.0,0.0,0.07333333333333333
2021-07-27 05:00:00,0.0,53.763992,1.0
2021-07-27 06:00:00,0.0,237.62337,1.0
2021-07-27 07:00:00,0.0,454.57675,1.0
2021-07-27 08:00:00,0.0,660.21814,1.0
2021-07-27 09:00:00,0.0,829.9826,1.0
2021-07-27 10:00:00,0.0,950.54456,1.0
2021-07-27 11:00:00,0.0,1022.9518,1.0
2021-07-27 12:00:00,0.01,987.02905,1.0
2021-07-27 13:00:00,0.07,905.0094,1.0
2021-07-27 14:00:00,0.09,775.14453,1.0
2021-07-27 15:00:00,0.06,611.48334,1.0
2021-07-27 16:00:00,0.06,414.02393,1.0
2021-07-27 17:00:00,0.04,199.5035,1.0
2021-07-27 18:00:00,0.37,44.37241,1.0
2021-07-27 19:00:00,0.29,1.9878461,0.30972222222222223
2021-07-27 20:00:00,0.07,0.0,0.0
2021-07-27 21:00:00,0.01,0.0,0.0
2021-07-27 22:00:00,0.01,0.0,0.0
2021-07-27 23:00:00,0.01,0.0,0.0
2021-07-28 00:00:00,0.01,0.0,0.0
2021-07-28 01:00:00,0.01,0.0,0.0
2021-07-28 02:00:00,0.01,0.0,0.0
2021-07-28 03:00:00,0.01,0.0,0.0
2021-07-28 04:00:00,0.0,0.0,0.058611111111111114
2021-07-28 05:00:00,0.0,50.495445,1.0
2021-07-28 06:00:00,0.0,227.76176,1.0
2021-07-28 07:00:00,0.0,440.1914,1.0
2021-07-28 08:00:00,0.0,643.698,1.0
2021-07-28 09:00:00,0.0,821.27704,1.0
2021-07-28 10:00:00,0.0,894.4661,1.0
2021-07-28 11:00:00,0.0,979.5492,1.0
2021-07-28 12:00:00,0.0,943.5332,1.0
2021-07-28 13:00:00,0.47,769.37976,1.0
2021-07-28 14:00:00,0.53,672.4978,1.0
2021-07-28 15:00:00,0.54,565.8766,1.0
2021-07-28 16:00:00,0.3,389.31174,1.0
2021-07-28 17:00:00,0.31,213.91104,1.0
2021-07-28 18:00:00,0.37,45.770054,1.0
2021-07-28 19:00:00,0.42,0.99392307,0.2941666666666667
2021-07-28 20:00:00,0.39,0.0,0.0
2021-07-28 21:00:00,0.31,0.0,0.0
2021-07-28 22:00:00,0.22,0.0,0.0
2021-07-28 23:00:00,0.41,0.0,0.0
2021-07-29 00:00:00,0.28,0.0,0.0
2021-07-29 01:00:00,0.16,0.0,0.0
2021-07-29 02:00:00,0.43,0.0,0.0
2021-07-29 03:00:00,0.67,0.0,0.0
2021-07-29 04:00:00,0.78,0.0,0.04388888888888889
2021-07-29 05:00:00,0.83,39.062153,1.0
2021-07-29 06:00:00,0.9,180.13136,1.0
2021-07-29 07:00:00,0.48,350.05014,1.0
2021-07-29 08:00:00,0.35,556.7438,1.0
2021-07-29 09:00:00,0.54,757.6483,1.0
2021-07-29 10:00:00,0.33,864.39044,1.0
2021-07-29 11:00:00,0.6,836.5632,1.0
2021-07-29 12:00:00,0.63,848.1187,1.0
2021-07-29 13:00:00,0.89,649.8154,1.0
2021-07-29 14:00:00,0.78,569.4354,1.0
2021-07-29 15:00:00,0.71,474.65546,1.0
2021-07-29 16:00:00,0.63,310.9308,1.0
2021-07-29 17:00:00,0.74,162.51634,1.0
2021-07-29 18:00:00,0.96,36.681282,1.0
2021-07-29 19:00:00,0.96,0.0,0.27805555555555556
2021-07-29 20:00:00,0.96,0.0,0.0
2021-07-29 21:00:00,0.95,0.0,0.0
2021-07-29 22:00:00,0.92,0.0,0.0
2021-07-29 23:00:00,0.92,0.0,0.0
2021-07-30 00:00:00,0.63,0.0,0.0
2021-07-30 01:00:00,0.78,0.0,0.0
2021-07-30 02:00:00,0.12,0.0,0.0
2021-07-30 03:00:00,0.01,0.0,0.0
2021-07-30 04:00:00,0.0,0.0,0.028888888888888888
2021-07-30 05:00:00,0.0,43.621307,1.0
2021-07-30 06:00:00,0.32,190.21768,1.0
2021-07-30 07:00:00,0.52,385.83826,1.0
2021-07-30 08:00:00,0.59,579.11096,1.0
2021-07-30 09:00:00,0.56,763.0327,1.0
2021-07-30 10:00:00,0.83,888.4418,1.0
2021-07-30 11:00:00,0.81,947.7954,1.0
2021-07-30 12:00:00,0.2,933.165,1.0
2021-07-30 13:00:00,0.22,742.63324,1.0
2021-07-30 14:00:00,0.43,598.47235,1.0
2021-07-30 15:00:00,0.43,423.43512,1.0
2021-07-30 16:00:00,0.87,206.31123,1.0
2021-07-30 17:00:00,0.99,78.86436,1.0
2021-07-30 18:00:00,1.0,27.829845,1.0
2021-07-30 19:00:00,1.0,0.0,0.2613888888888889
2021-07-30 20:00:00,1.0,0.0,0.0
2021-07-30 21:00:00,1.0,0.0,0.0
2021-07-30 22:00:00,1.0,0.0,0.0
2021-07-30 23:00:00,1.0,0.0,0.0
2021-07-31 00:00:00,1.0,0.0,0.0
2021-07-31 01:00:00,1.0,0.0,0.0
2021-07-31 02:00:00,1.0,0.0,0.0
2021-07-31 03:00:00,1.0,0.0,0.0
2021-07-31 04:00:00,1.0,0.0,0.013888888888888888
2021-07-31 05:00:00,0.99,7.9513845,1.0
2021-07-31 06:00:00,0.94,91.7479,1.0
2021-07-31 07:00:00,0.83,196.2964,1.0
2021-07-31 08:00:00,1.0,296.1916,1.0
2021-07-31 09:00:00,0.77,507.33215,1.0
2021-07-31 10:00:00,0.95,555.23285,1.0
2021-07-31 11:00:00,0.96,424.84555,1.0
2021-07-31 12:00:00,0.96,410.75906,1.0
2021-07-31 13:00:00,0.95,345.9774,1.0
2021-07-31 14:00:00,0.98,313.60886,1.0
2021-07-31 15:00:00,1.0,145.85818,1.0
2021-07-31 16:00:00,0.99,166.17387,1.0
2021-07-31 17:00:00,0.99,64.85864,1.0
2021-07-31 18:00:00,0.84,23.461987,1.0
2021-07-31 19:00:00,1.0,0.0,0.24444444444444444
2021-07-31 20:00:00,0.99,0.0,0.0
2021-07-31 21:00:00,1.0,0.0,0.0
2021-07-31 22:00:00,0.99,0.0,0.0
2021-07-31 23:00:00,0.94,0.0,0.0
2021-08-01 00:00:00,0.52,0.0,0.0
2021-08-01 01:00:00,0.37,0.0,0.0
2021-08-01 02:00:00,0.42,0.0,0.0
2021-08-01 03:00:00,0.52,0.0,0.0
2021-08-01 04:00:00,0.72,0.0,0.0
2021-08-01 05:00:00,0.87,7.8499036,0.9986111111111111
2021-08-01 06:00:00,1.0,42.074173,1.0
2021-08-01 07:00:00,0.99,69.574615,1.0
2021-08-01 08:00:00,0.83,216.18822,1.0
2021-08-01 09:00:00,0.95,437.0907,1.0
2021-08-01 10:00:00,0.94,686.7023,1.0
2021-08-01 11:00:00,0.9,780.166,1.0
2021-08-01 12:00:00,0.85,725.24756,1.0
2021-08-01 13:00:00,0.84,899.602,1.0
2021-08-01 14:00:00,0.86,686.5448,1.0
2021-08-01 15:00:00,0.92,563.28845,1.0
2021-08-01 16:00:00,0.97,392.25687,1.0
2021-08-01 17:00:00,0.97,179.89719,1.0
2021-08-01 18:00:00,0.99,43.58807,1.0
2021-08-01 19:00:00,0.97,0.0,0.22694444444444445
2021-08-01 20:00:00,0.98,0.0,0.0
2021-08-01 21:00:00,0.97,0.0,0.0
2021-08-01 22:00:00,0.99,0.0,0.0
2021-08-01 23:00:00,0.96,0.0,0.0
2021-08-02 00:00:00,0.92,0.0,0.0
2021-08-02 01:00:00,0.89,0.0,0.0
2021-08-02 02:00:00,0.93,0.0,0.0
2021-08-02 03:00:00,0.9,0.0,0.0
2021-08-02 04:00:00,0.58,0.0,0.0
2021-08-02 05:00:00,0.48,43.35914,0.9830555555555556
2021-08-02 06:00:00,0.11,216.37682,1.0
2021-08-02 07:00:00,0.21,426.66418,1.0
2021-08-02 08:00:00,0.33,618.9444,1.0
2021-08-02 09:00:00,0.72,747.8591,1.0
2021-08-02 10:00:00,0.74,829.97125,1.0
2021-08-02 11:00:00,0.7,923.48425,1.0
2021-08-02 12:00:00,0.34,882.36945,1.0
2021-08-02 13:00:00,0.34,692.289,1.0
2021-08-02 14:00:00,0.64,677.4482,1.0
2021-08-02 15:00:00,0.88,426.36673,1.0
2021-08-02 16:00:00,0.99,194.1249,1.0
2021-08-02 17:00:00,0.99,117.80992,1.0
2021-08-02 18:00:00,1.0,33.108013,1.0
2021-08-02 19:00:00,1.0,0.0,0.2088888888888889
2021-08-02 20:00:00,1.0,0.0,0.0
2021-08-02 21:00:00,0.99,0.0,0.0
2021-08-02 22:00:00,0.99,0.0,0.0
2021-08-02 23:00:00,0.97,0.0,0.0
2021-08-03 00:00:00,0.88,0.0,0.0
2021-08-03 01:00:00,0.92,0.0,0.0
2021-08-03 02:00:00,0.99,0.0,0.0
2021-08-03 03:00:00,0.99,0.0,0.0
2021-08-03 04:00:00,1.0,0.0,0.0
2021-08-03 05:00:00,1.0,28.214146,0.9677777777777777
2021-08-03 06:00:00,0.79,147.32475,1.0
2021-08-03 07:00:00,0.73,229.69731,1.0
2021-08-03 08:00:00,0.75,452.54343,1.0
2021-08-03 09:00:00,0.65,697.38586,1.0
2021-08-03 10:00:00,0.32,815.8129,1.0
2021-08-03 11:00:00,0.63,843.2007,1.0
2021-08-03 12:00:00,0.56,755.4055,1.0
2021-08-03 13:00:00,0.7,663.92584,1.0
2021-08-03 14:00:00,0.92,401.41074,1.0
2021-08-03 15:00:00,0.96,297.94147,1.0
2021-08-03 16:00:00,0.98,205.27211,1.0
2021-08-03 17:00:00,0.95,98.88812,1.0
2021-08-03 18:00:00,0.98,31.104881,1.0
2021-08-03 19:00:00,1.0,0.0,0.19055555555555556
2021-08-03 20:00:00,1.0,0.0,0.0
2021-08-03 21:00:00,1.0,0.0,0.0
2021-08-03 22:00:00,1.0,0.0,0.0
2021-08-03 23:00:00,0.99,0.0,0.0
2021-08-04 00:00:00,0.99,0.0,0.0
2021-08-04 01:00:00,1.0,0.0,0.0
2021-08-04 02:00:00,1.0,0.0,0.0
2021-08-04 03:00:00,0.98,0.0,0.0
2021-08-04 04:00:00,0.98,0.0,0.0
2021-08-04 05:00:00,0.97,15.744005,0.9522222222222222
2021-08-04 06:00:00,0.92,92.811806,1.0
2021-08-04 07:00:00,0.37,300.6512,1.0
2021-08-04 08:00:00,0.06,616.0465,1.0
2021-08-04 09:00:00,0.2,793.1877,1.0
2021-08-04 10:00:00,0.22,790.81525,1.0
2021-08-04 11:00:00,0.4,704.95953,1.0
2021-08-04 12:00:00,0.36,749.77496,1.0
2021-08-04 13:00:00,0.3,758.23395,1.0
2021-08-04 14:00:00,0.43,711.3748,1.0
2021-08-04 15:00:00,0.23,550.82355,1.0
2021-08-04 16:00:00,0.49,375.28812,1.0
2021-08-04 17:00:00,0.24,173.38396,1.0
2021-08-04 18:00:00,0.61,35.477028,1.0
2021-08-04 19:00:00,0.05,0.0,0.17166666666666666
2021-08-04 20:00:00,0.05,0.0,0.0
2021-08-04 21:00:00,0.15,0.0,0.0
2021-08-04 22:00:00,0.07,0.0,0.0
2021-08-04 23:00:00,0.0,0.0,0.0
2021-08-05 00:00:00,0.0,0.0,0.0
2021-08-05 01:00:00,0.0,0.0,0.0
2021-08-05 02:00:00,0.0,0.0,0.0
2021-08-05 03:00:00,0.0,0.0,0.0
2021-08-05 04:00:00,0.0,0.0,0.0
2021-08-05 05:00:00,0.0,40.955605,0.9363888888888889
2021-08-05 06:00:00,0.0,217.1406,1.0
2021-08-05 07:00:00,0.0,435.9698,1.0
2021-08-05 08:00:00,0.0,644.3507,1.0
2021-08-05 09:00:00,0.0,818.82196,1.0
2021-08-05 10:00:00,0.02,890.7431,1.0
2021-08-05 11:00:00,0.14,955.4463,1.0
2021-08-05 12:00:00,0.18,950.396,1.0
2021-08-05 13:00:00,0.57,786.51776,1.0
2021-08-05 14:00:00,0.41,704.79486,1.0
2021-08-05 15:00:00,0.38,550.96326,1.0
2021-08-05 16:00:00,0.3,393.8066,1.0
2021-08-05 17:00:00,0.11,204.5781,1.0
2021-08-05 18:00:00,0.01,36.86928,1.0
2021-08-05 19:00:00,0.0,0.0,0.1525
2021-08-05 20:00:00,0.0,0.0,0.0
2021-08-05 21:00:00,0.0,0.0,0.0
2021-08-05 22:00:00,0.0,0.0,0.0
2021-08-05 23:00:00,0.0,0.0,0.0
2021-08-06 00:00:00,0.0,0.0,0.0
2021-08-06 01:00:00,0.0,0.0,0.0
2021-08-06 02:00:00,0.0,0.0,0.0
2021-08-06 03:00:00,0.0,0.0,0.0
2021-08-06 04:00:00,0.0,0.0,0.0
2021-08-06 05:00:00,0.0,39.24116,0.9208333333333333
2021-08-06 06:00:00,0.0,216.68372,1.0
2021-08-06 07:00:00,0.0,436.6999,1.0
2021-08-06 08:00:00,0.09,620.4888,1.0
2021-08-06 09:00:00,0.48,767.8873,1.0
2021-08-06 10:00:00,0.36,829.3513,1.0
2021-08-06 11:00:00,0.59,801.6999,1.0
2021-08-06 12:00:00,0.64,827.61865,1.0
2021-08-06 13:00:00,0.89,373.36057,1.0
2021-08-06 14:00:00,0.91,407.60928,1.0
2021-08-06 15:00:00,0.92,423.4924,1.0
2021-08-06 16:00:00,0.75,243.8614,1.0
2021-08-06 17:00:00,0.59,169.12822,1.0
2021-08-06 18:00:00,0.28,34.734905,1.0
2021-08-06 19:00:00,0.04,0.0,0.13305555555555557
2021-08-06 20:00:00,0.35,0.0,0.0
2021-08-06 21:00:00,0.13,0.0,0.0
2021-08-06 22:00:00,0.29,0.0,0.0
2021-08-06 23:00:00,0.46,0.0,0.0
2021-08-07 00:00:00,0.46,0.0,0.0
2021-08-07 01:00:00,0.51,0.0,0.0
2021-08-07 02:00:00,0.08,0.0,0.0
2021-08-07 03:00:00,0.05,0.0,0.0
2021-08-07 04:00:00,0.28,0.0,0.0
2021-08-07 05:00:00,0.84,35.855186,0.905
2021-08-07 06:00:00,0.09,193.19373,1.0
2021-08-07 07:00:00,0.11,418.935,1.0
2021-08-07 08:00:00,0.05,599.1655,1.0
2021-08-07 09:00:00,0.27,695.2972,1.0
2021-08-07 10:00:00,0.28,792.0678,1.0
2021-08-07 11:00:00,0.33,849.01385,1.0
2021-08-07 12:00:00,0.53,800.24207,1.0
2021-08-07 13:00:00,0.35,709.8524,1.0
2021-08-07 14:00:00,0.69,658.2579,1.0
2021-08-07 15:00:00,0.44,501.25085,1.0
2021-08-07 16:00:00,0.5,359.3981,1.0
2021-08-07 17:00:00,0.0,197.29184,1.0
2021-08-07 18:00:00,0.13,32.837875,1.0
2021-08-07 19:00:00,0.18,0.0,0.11333333333333333
2021-08-07 20:00:00,0.0,0.0,0.0
2021-08-07 21:00:00,0.0,0.0,0.0
2021-08-07 22:00:00,0.0,0.0,0.0
2021-08-07 23:00:00,0.0,0.0,0.0
2021-08-08 00:00:00,0.0,0.0,0.0
2021-08-08 01:00:00,0.0,0.0,0.0
2021-08-08 02:00:00,0.0,0.0,0.0
2021-08-08 03:00:00,0.0,0.0,0.0
2021-08-08 04:00:00,0.0,0.0,0.0
2021-08-08 05:00:00,0.0,36.78018,0.8891666666666667
2021-08-08 06:00:00,0.0,212.52745,1.0
2021-08-08 07:00:00,0.0,433.97998,1.0
2021-08-08 08:00:00,0.0,642.70544,1.0
2021-08-08 09:00:00,0.0,817.2925,1.0
2021-08-08 10:00:00,0.0,941.20715,1.0
2021-08-08 11:00:00,0.0,1001.53455,1.0
2021-08-08 12:00:00,0.0,997.5612,1.0
2021-08-08 13:00:00,0.01,898.56824,1.0
2021-08-08 14:00:00,0.2,699.06165,1.0
2021-08-08 15:00:00,0.38,530.0255,1.0
2021-08-08 16:00:00,0.24,344.68286,1.0
2021-08-08 17:00:00,0.44,166.79138,1.0
2021-08-08 18:00:00,0.29,32.95682,1.0
2021-08-08 19:00:00,0.15,0.0,0.09305555555555556
2021-08-08 20:00:00,0.33,0.0,0.0
2021-08-08 21:00:00,0.07,0.0,0.0
2021-08-08 22:00:00,0.0,0.0,0.0
2021-08-08 23:00:00,0.0,0.0,0.0
2021-08-09 00:00:00,0.0,0.0,0.0
2021-08-09 01:00:00,0.0,0.0,0.0
2021-08-09 02:00:00,0.0,0.0,0.0
2021-08-09 03:00:00,0.0,0.0,0.0
2021-08-09 04:00:00,0.0,0.0,0.0
2021-08-09 05:00:00,0.0,36.03181,0.8736111111111111
2021-08-09 06:00:00,0.0,210.98242,1.0
2021-08-09 07:00:00,0.0,430.24634,1.0
2021-08-09 08:00:00,0.0,626.2507,1.0
2021-08-09 09:00:00,0.0,776.1956,1.0
2021-08-09 10:00:00,0.3,674.1459,1.0
2021-08-09 11:00:00,0.31,850.6464,1.0
2021-08-09 12:00:00,0.44,822.80414,1.0
2021-08-09 13:00:00,0.49,762.7785,1.0
2021-08-09 14:00:00,0.51,626.3607,1.0
2021-08-09 15:00:00,0.54,444.56445,1.0
2021-08-09 16:00:00,0.26,334.2424,1.0
2021-08-09 17:00:00,0.21,145.64343,1.0
2021-08-09 18:00:00,0.18,31.338774,1.0
2021-08-09 19:00:00,0.05,0.0,0.0725
2021-08-09 20:00:00,0.09,0.0,0.0
2021-08-09 21:00:00,0.4,0.0,0.0
2021-08-09 22:00:00,0.08,0.0,0.0
2021-08-09 23:00:00,0.01,0.0,0.0
2021-08-10 00:00:00,0.0,0.0,0.0
2021-08-10 01:00:00,0.0,0.0,0.0
2021-08-10 02:00:00,0.0,0.0,0.0
2021-08-10 03:00:00,0.0,0.0,0.0
2021-08-10 04:00:00,0.0,0.0,0.0
2021-08-10 05:00:00,0.0,34.278366,0.8577777777777778
2021-08-10 06:00:00,0.0,210.57959,1.0
2021-08-10 07:00:00,0.0,433.57104,1.0
2021-08-10 08:00:00,0.0,644.55566,1.0
2021-08-10 09:00:00,0.05,788.42755,1.0
2021-08-10 10:00:00,0.48,842.31793,1.0
2021-08-10 11:00:00,0.49,861.23126,1.0
2021-08-10 12:00:00,0.48,850.9137,1.0
2021-08-10 13:00:00,0.48,777.8665,1.0
2021-08-10 14:00:00,0.43,644.18756,1.0
2021-08-10 15:00:00,0.6,533.1034,1.0
2021-08-10 16:00:00,0.58,355.37512,1.0
2021-08-10 17:00:00,0.54,189.96986,1.0
2021-08-10 18:00:00,0.24,28.96523,1.0
2021-08-10 19:00:00,0.05,0.0,0.051944444444444446
2021-08-10 20:00:00,0.0,0.0,0.0
2021-08-10 21:00:00,0.0,0.0,0.0
2021-08-10 22:00:00,0.0,0.0,0.0
2021-08-10 23:00:00,0.0,0.0,0.0
2021-08-11 00:00:00,0.0,0.0,0.0
2021-08-11 01:00:00,0.0,0.0,0.0
2021-08-11 02:00:00,0.0,0.0,0.0
2021-08-11 03:00:00,0.0,0.0,0.0
2021-08-11 04:00:00,0.0,0.0,0.0
2021-08-11 05:00:00,0.0,33.49158,0.8419444444444445
2021-08-11 06:00:00,0.0,210.12073,1.0
2021-08-11 07:00:00,0.0,432.30536,1.0
2021-08-11 08:00:00,0.0,645.5563,1.0
2021-08-11 09:00:00,0.0,822.4127,1.0
2021-08-11 10:00:00,0.0,945.223,1.0
2021-08-11 11:00:00,0.0,1005.34894,1.0
2021-08-11 12:00:00,0.0,985.60333,1.0
2021-08-11 13:00:00,0.02,895.3914,1.0
2021-08-11 14:00:00,0.45,767.454,1.0
2021-08-11 15:00:00,0.64,590.9294,1.0
2021-08-11 16:00:00,0.02,387.77765,1.0
2021-08-11 17:00:00,0.1,182.65514,1.0
2021-08-11 18:00:00,0.11,27.362179,1.0
2021-08-11 19:00:00,0.29,0.0,0.030833333333333334
2021-08-11 20:00:00,0.52,0.0,0.0
2021-08-11 21:00:00,0.35,0.0,0.0
2021-08-11 22:00:00,0.11,0.0,0.0
2021-08-11 23:00:00,0.0,0.0,0.0
2021-08-12 00:00:00,0.0,0.0,0.0
2021-08-12 01:00:00,0.0,0.0,0.0
2021-08-12 02:00:00,0.0,0.0,0.0
2021-08-12 03:00:00,0.0,0.0,0.0
2021-08-12 04:00:00,0.0,0.0,0.0
2021-08-12 05:00:00,0.05,31.727867,0.8261111111111111
2021-08-12 06:00:00,0.0,203.30867,1.0
2021-08-12 07:00:00,0.01,423.12512,1.0
2021-08-12 08:00:00,0.01,631.9871,1.0
2021-08-12 09:00:00,0.0,806.85657,1.0
2021-08-12 10:00:00,0.0,928.7814,1.0
2021-08-12 11:00:00,0.0,997.92053,1.0
2021-08-12 12:00:00,0.2,984.9884,1.0
2021-08-12 13:00:00,0.0,911.44415,1.0
2021-08-12 14:00:00,0.02,763.20404,1.0
2021-08-12 15:00:00,0.19,576.56616,1.0
2021-08-12 16:00:00,0.72,303.2197,1.0
2021-08-12 17:00:00,0.57,160.40544,1.0
2021-08-12 18:00:00,0.58,29.09208,1.0
2021-08-12 19:00:00,0.68,0.0,0.009444444444444445
2021-08-12 20:00:00,0.53,0.0,0.0
2021-08-12 21:00:00,0.66,0.0,0.0
2021-08-12 22:00:00,0.86,0.0,0.0
2021-08-12 23:00:00,0.89,0.0,0.0
2021-08-13 00:00:00,0.81,0.0,0.0
2021-08-13 01:00:00,0.7,0.0,0.0
2021-08-13 02:00:00,0.3,0.0,0.0
2021-08-13 03:00:00,0.03,0.0,0.0
2021-08-13 04:00:00,0.0,0.0,0.0
2021-08-13 05:00:00,0.0,25.91087,0.8105555555555556
2021-08-13 06:00:00,0.85,182.42183,1.0
2021-08-13 07:00:00,0.52,392.63376,1.0
2021-08-13 08:00:00,0.17,582.5686,1.0
2021-08-13 09:00:00,0.06,719.8226,1.0
2021-08-13 10:00:00,0.1,850.74304,1.0
2021-08-13 11:00:00,0.37,878.6933,1.0
2021-08-13 12:00:00,0.5,755.79724,1.0
2021-08-13 13:00:00,0.49,630.1305,1.0
2021-08-13 14:00:00,0.79,450.66278,1.0
2021-08-13 15:00:00,0.77,391.10577,1.0
2021-08-13 16:00:00,0.83,294.20773,1.0
2021-08-13 17:00:00,0.66,137.65437,1.0
2021-08-13 18:00:00,0.67,24.839346,0.9880555555555556
2021-08-13 19:00:00,0.38,0.0,0.0
2021-08-13 20:00:00,0.45,0.0,0.0
2021-08-13 21:00:00,0.14,0.0,0.0
2021-08-13 22:00:00,0.0,0.0,0.0
2021-08-13 23:00:00,0.0,0.0,0.0
2021-08-14 00:00:00,0.0,0.0,0.0
2021-08-14 01:00:00,0.0,0.0,0.0
2021-08-14 02:00:00,0.0,0.0,0.0
2021-08-14 03:00:00,0.0,0.0,0.0
2021-08-14 04:00:00,0.0,0.0,0.0
2021-08-14 05:00:00,0.0,29.120249,0.7947222222222222
2021-08-14 06:00:00,0.0,197.0789,1.0
2021-08-14 07:00:00,0.0,416.22037,1.0
2021-08-14 08:00:00,0.01,624.05884,1.0
2021-08-14 09:00:00,0.0,787.738,1.0
2021-08-14 10:00:00,0.12,852.72906,1.0
2021-08-14 11:00:00,0.63,812.5219,1.0
2021-08-14 12:00:00,0.52,862.6297,1.0
2021-08-14 13:00:00,0.53,808.75775,1.0
2021-08-14 14:00:00,0.7,557.2939,1.0
2021-08-14 15:00:00,0.88,360.53336,1.0
2021-08-14 16:00:00,0.58,295.36237,1.0
2021-08-14 17:00:00,0.9,160.08565,1.0
2021-08-14 18:00:00,0.78,24.957863,0.9663888888888889
2021-08-14 19:00:00,0.94,0.0,0.0
2021-08-14 20:00:00,0.74,0.0,0.0
2021-08-14 21:00:00,0.91,0.0,0.0
2021-08-14 22:00:00,0.05,0.0,0.0
2021-08-14 23:00:00,0.01,0.0,0.0
2021-08-15 00:00:00,0.13,0.0,0.0
2021-08-15 01:00:00,0.24,0.0,0.0
2021-08-15 02:00:00,0.51,0.0,0.0
2021-08-15 03:00:00,0.86,0.0,0.0
2021-08-15 04:00:00,0.57,0.0,0.0
2021-08-15 05:00:00,0.84,18.043718,0.7791666666666667
2021-08-15 06:00:00,0.46,179.46579,1.0
2021-08-15 07:00:00,0.62,383.4693,1.0
2021-08-15 08:00:00,0.53,529.7622,1.0
2021-08-15 09:00:00,0.35,773.5935,1.0
2021-08-15 10:00:00,0.42,859.5165,1.0
2021-08-15 11:00:00,0.36,769.8511,1.0
2021-08-15 12:00:00,0.39,791.37177,1.0
2021-08-15 13:00:00,0.87,641.81494,1.0
2021-08-15 14:00:00,0.65,587.4395,1.0
2021-08-15 15:00:00,0.94,398.49075,1.0
2021-08-15 16:00:00,0.73,325.46002,1.0
2021-08-15 17:00:00,0.84,164.78883,1.0
2021-08-15 18:00:00,0.47,22.674383,0.9444444444444444
2021-08-15 19:00:00,0.71,0.0,0.0
2021-08-15 20:00:00,0.79,0.0,0.0
2021-08-15 21:00:00,0.87,0.0,0.0
2021-08-15 22:00:00,0.66,0.0,0.0
2021-08-15 23:00:00,0.18,0.0,0.0
2021-08-16 00:00:00,0.37,0.0,0.0
2021-08-16 01:00:00,0.27,0.0,0.0
2021-08-16 02:00:00,0.07,0.0,0.0
2021-08-16 03:00:00,0.0,0.0,0.0
2021-08-16 04:00:00,0.21,0.0,0.0
2021-08-16 05:00:00,0.31,24.199734,0.7636111111111111
2021-08-16 06:00:00,0.76,181.59381,1.0
2021-08-16 07:00:00,0.08,412.97134,1.0
2021-08-16 08:00:00,0.0,630.6314,1.0
2021-08-16 09:00:00,0.0,806.73926,1.0
2021-08-16 10:00:00,0.0,935.3583,1.0
2021-08-16 11:00:00,0.01,974.5024,1.0
2021-08-16 12:00:00,0.01,976.4389,1.0
2021-08-16 13:00:00,0.23,903.66296,1.0
2021-08-16 14:00:00,0.09,775.4438,1.0
2021-08-16 15:00:00,0.02,609.09283,1.0
2021-08-16 16:00:00,0.0,403.65997,1.0
2021-08-16 17:00:00,0.0,174.61934,1.0
2021-08-16 18:00:00,0.0,21.705173,0.9222222222222223
2021-08-16 19:00:00,0.0,0.0,0.0
2021-08-16 20:00:00,0.0,0.0,0.0
2021-08-16 21:00:00,0.0,0.0,0.0
2021-08-16 22:00:00,0.0,0.0,0.0
2021-08-16 23:00:00,0.0,0.0,0.0
2021-08-17 00:00:00,0.0,0.0,0.0
2021-08-17 01:00:00,0.0,0.0,0.0
2021-08-17 02:00:00,0.0,0.0,0.0
2021-08-17 03:00:00,0.0,0.0,0.0
2021-08-17 04:00:00,0.0,0.0,0.0
2021-08-17 05:00:00,0.0,26.631304,0.7480555555555556
2021-08-17 06:00:00,0.0,195.85641,1.0
2021-08-17 07:00:00,0.0,418.79282,1.0
2021-08-17 08:00:00,0.0,630.5026,1.0
2021-08-17 09:00:00,0.0,803.26166,1.0
2021-08-17 10:00:00,0.17,912.35815,1.0
2021-08-17 11:00:00,0.25,898.64777,1.0
2021-08-17 12:00:00,0.53,840.75824,1.0
2021-08-17 13:00:00,0.45,751.6746,1.0
2021-08-17 14:00:00,0.65,556.3652,1.0
2021-08-17 15:00:00,0.73,456.71332,1.0
2021-08-17 16:00:00,0.48,269.58176,1.0
2021-08-17 17:00:00,0.73,27.907143,1.0
2021-08-17 18:00:00,0.87,12.410322,0.8997222222222222
2021-08-17 19:00:00,0.62,0.0,0.0
2021-08-17 20:00:00,0.34,0.0,0.0
2021-08-17 21:00:00,0.18,0.0,0.0
2021-08-17 22:00:00,0.0,0.0,0.0
2021-08-17 23:00:00,0.0,0.0,0.0
2021-08-18 00:00:00,0.0,0.0,0.0
2021-08-18 01:00:00,0.09,0.0,0.0
2021-08-18 02:00:00,0.0,0.0,0.0
2021-08-18 03:00:00,0.0,0.0,0.0
2021-08-18 04:00:00,0.0,0.0,0.0
2021-08-18 05:00:00,0.0,23.632486,0.7325
2021-08-18 06:00:00,0.12,182.77934,1.0
2021-08-18 07:00:00,0.16,394.1013,1.0
2021-08-18 08:00:00,0.25,603.3755,1.0
2021-08-18 09:00:00,0.08,798.69257,1.0
2021-08-18 10:00:00,0.16,882.7396,1.0
2021-08-18 11:00:00,0.31,872.0443,1.0
2021-08-18 12:00:00,0.36,825.684,1.0
2021-08-18 13:00:00,0.27,706.86896,1.0
2021-08-18 14:00:00,0.36,647.1389,1.0
2021-08-18 15:00:00,0.53,572.6848,1.0
2021-08-18 16:00:00,0.35,295.2426,1.0
2021-08-18 17:00:00,0.48,124.15162,1.0
2021-08-18 18:00:00,0.82,20.824371,0.8766666666666667
2021-08-18 19:00:00,0.37,0.0,0.0
2021-08-18 20:00:00,0.14,0.0,0.0
2021-08-18 21:00:00,0.16,0.0,0.0
2021-08-18 22:00:00,0.01,0.0,0.0
2021-08-18 23:00:00,0.11,0.0,0.0
2021-08-19 00:00:00,0.27,0.0,0.0
2021-08-19 01:00:00,0.28,0.0,0.0
2021-08-19 02:00:00,0.73,0.0,0.0
2021-08-19 03:00:00,0.81,0.0,0.0
2021-08-19 04:00:00,0.96,0.0,0.0
2021-08-19 05:00:00,0.72,11.271953,0.7166666666666667
2021-08-19 06:00:00,1.0,97.76055,1.0
2021-08-19 07:00:00,1.0,240.68636,1.0
2021-08-19 08:00:00,0.57,462.76077,1.0
2021-08-19 09:00:00,0.65,696.96375,1.0
2021-08-19 10:00:00,0.44,788.73724,1.0
2021-08-19 11:00:00,0.62,804.49677,1.0
2021-08-19 12:00:00,0.6,687.422,1.0
2021-08-19 13:00:00,0.71,669.32983,1.0
2021-08-19 14:00:00,0.43,461.02362,1.0
2021-08-19 15:00:00,0.61,407.72348,1.0
2021-08-19 16:00:00,0.33,304.0984,1.0
2021-08-19 17:00:00,0.17,153.75491,1.0
2021-08-19 18:00:00,0.43,14.930025,0.8533333333333334
2021-08-19 19:00:00,0.09,0.0,0.0
2021-08-19 20:00:00,0.14,0.0,0.0
2021-08-19 21:00:00,0.08,0.0,0.0
2021-08-19 22:00:00,0.01,0.0,0.0
2021-08-19 23:00:00,0.11,0.0,0.0
2021-08-20 00:00:00,0.14,0.0,0.0
2021-08-20 01:00:00,0.26,0.0,0.0
2021-08-20 02:00:00,0.38,0.0,0.0
2021-08-20 03:00:00,0.87,0.0,0.0
2021-08-20 04:00:00,0.0,0.0,0.0
2021-08-20 05:00:00,0.0,23.064947,0.7011111111111111
2021-08-20 06:00:00,0.01,172.93454,1.0
2021-08-20 07:00:00,0.0,422.92538,1.0
2021-08-20 08:00:00,0.01,630.1122,1.0
2021-08-20 09:00:00,0.01,804.0748,1.0
2021-08-20 10:00:00,0.0,934.76385,1.0
2021-08-20 11:00:00,0.0,992.5461,1.0
2021-08-20 12:00:00,0.0,986.14166,1.0
2021-08-20 13:00:00,0.0,913.1562,1.0
2021-08-20 14:00:00,0.0,777.67255,1.0
2021-08-20 15:00:00,0.12,569.75543,1.0
2021-08-20 16:00:00,0.18,371.58456,1.0
2021-08-20 17:00:00,0.02,139.30411,1.0
2021-08-20 18:00:00,0.19,17.43362,0.8294444444444444
2021-08-20 19:00:00,0.25,0.0,0.0
2021-08-20 20:00:00,0.01,0.0,0.0
2021-08-20 21:00:00,0.01,0.0,0.0
2021-08-20 22:00:00,0.0,0.0,0.0
2021-08-20 23:00:00,0.0,0.0,0.0
2021-08-21 00:00:00,0.15,0.0,0.0
2021-08-21 01:00:00,0.51,0.0,0.0
2021-08-21 02:00:00,0.58,0.0,0.0
2021-08-21 03:00:00,0.7,0.0,0.0
2021-08-21 04:00:00,0.83,0.0,0.0
2021-08-21 05:00:00,0.51,15.487798,0.6855555555555556
2021-08-21 06:00:00,0.41,135.24425,1.0
2021-08-21 07:00:00,0.49,240.3445,1.0
2021-08-21 08:00:00,0.26,551.90295,1.0
2021-08-21 09:00:00,0.03,789.29065,1.0
2021-08-21 10:00:00,0.01,905.92645,1.0
2021-08-21 11:00:00,0.08,908.05133,1.0
2021-08-21 12:00:00,0.37,773.531,1.0
2021-08-21 13:00:00,0.66,726.1044,1.0
2021-08-21 14:00:00,0.74,464.9983,1.0
2021-08-21 15:00:00,0.63,450.1224,1.0
2021-08-21 16:00:00,0.45,264.58792,1.0
2021-08-21 17:00:00,0.44,107.61734,1.0
2021-08-21 18:00:00,0.58,13.25417,0.8052777777777778
2021-08-21 19:00:00,0.15,0.0,0.0
2021-08-21 20:00:00,0.18,0.0,0.0
2021-08-21 21:00:00,0.02,0.0,0.0
2021-08-21 22:00:00,0.0,0.0,0.0
2021-08-21 23:00:00,0.0,0.0,0.0
2021-08-22 00:00:00,0.0,0.0,0.0
2021-08-22 01:00:00,0.0,0.0,0.0
2021-08-22 02:00:00,0.0,0.0,0.0
2021-08-22 03:00:00,0.0,0.0,0.0
2021-08-22 04:00:00,0.0,0.0,0.0
2021-08-22 05:00:00,0.0,20.20898,0.6697222222222222
2021-08-22 06:00:00,0.28,159.4467,1.0
2021-08-22 07:00:00,0.03,377.7885,1.0
2021-08-22 08:00:00,0.05,583.30743,1.0
2021-08-22 09:00:00,0.64,584.57544,1.0
2021-08-22 10:00:00,0.49,761.8218,1.0
2021-08-22 11:00:00,0.33,790.88226,1.0
2021-08-22 12:00:00,0.26,735.32513,1.0
2021-08-22 13:00:00,0.16,721.977,1.0
2021-08-22 14:00:00,0.29,578.5594,1.0
2021-08-22 15:00:00,0.21,498.24023,1.0
2021-08-22 16:00:00,0.23,336.20947,1.0
2021-08-22 17:00:00,0.14,149.61198,1.0
2021-08-22 18:00:00,0.06,13.97212,0.7808333333333334
2021-08-22 19:00:00,0.09,0.0,0.0
2021-08-22 20:00:00,0.41,0.0,0.0
2021-08-22 21:00:00,0.01,0.0,0.0
2021-08-22 22:00:00,0.05,0.0,0.0
2021-08-22 23:00:00,0.0,0.0,0.0
2021-08-23 00:00:00,0.0,0.0,0.0
2021-08-23 01:00:00,0.0,0.0,0.0
2021-08-23 02:00:00,0.0,0.0,0.0
2021-08-23 03:00:00,0.0,0.0,0.0
2021-08-23 04:00:00,0.0,0.0,0.0
2021-08-23 05:00:00,0.0,19.239498,0.6541666666666667
2021-08-23 06:00:00,0.0,179.23523,1.0
2021-08-23 07:00:00,0.0,398.8881,1.0
2021-08-23 08:00:00,0.01,596.08777,1.0
2021-08-23 09:00:00,0.17,702.772,1.0
2021-08-23 10:00:00,0.34,741.70734,1.0
2021-08-23 11:00:00,0.24,879.47675,1.0
2021-08-23 12:00:00,0.22,830.01733,1.0
2021-08-23 13:00:00,0.36,761.43396,1.0
2021-08-23 14:00:00,0.33,578.9339,1.0
2021-08-23 15:00:00,0.64,412.9737,1.0
2021-08-23 16:00:00,0.14,326.02286,1.0
2021-08-23 17:00:00,0.18,138.2731,1.0
2021-08-23 18:00:00,0.49,13.419694,0.7563888888888889
2021-08-23 19:00:00,0.02,0.0,0.0
2021-08-23 20:00:00,0.02,0.0,0.0
2021-08-23 21:00:00,0.02,0.0,0.0
2021-08-23 22:00:00,0.07,0.0,0.0
2021-08-23 23:00:00,0.14,0.0,0.0
2021-08-24 00:00:00,0.21,0.0,0.0
2021-08-24 01:00:00,0.08,0.0,0.0
2021-08-24 02:00:00,0.0,0.0,0.0
2021-08-24 03:00:00,0.0,0.0,0.0
2021-08-24 04:00:00,0.0,0.0,0.0
2021-08-24 05:00:00,0.0,19.403702,0.6386111111111111
2021-08-24 06:00:00,0.03,178.8575,1.0
2021-08-24 07:00:00,0.06,397.4784,1.0
2021-08-24 08:00:00,0.02,604.6842,1.0
2021-08-24 09:00:00,0.01,769.71686,1.0
2021-08-24 10:00:00,0.42,757.5171,1.0
2021-08-24 11:00:00,0.31,751.2461,1.0
2021-08-24 12:00:00,0.18,930.30365,1.0
2021-08-24 13:00:00,0.31,825.5411,1.0
2021-08-24 14:00:00,0.16,677.9509,1.0
2021-08-24 15:00:00,0.35,537.0573,1.0
2021-08-24 16:00:00,0.09,311.27377,1.0
2021-08-24 17:00:00,0.01,140.74738,1.0
2021-08-24 18:00:00,0.17,12.271501,0.7313888888888889
2021-08-24 19:00:00,0.57,0.0,0.0
2021-08-24 20:00:00,0.15,0.0,0.0
2021-08-24 21:00:00,0.04,0.0,0.0
2021-08-24 22:00:00,0.01,0.0,0.0
2021-08-24 23:00:00,0.0,0.0,0.0
2021-08-25 00:00:00,0.0,0.0,0.0
2021-08-25 01:00:00,0.0,0.0,0.0
2021-08-25 02:00:00,0.0,0.0,0.0
2021-08-25 03:00:00,0.0,0.0,0.0
2021-08-25 04:00:00,0.0,0.0,0.0
2021-08-25 05:00:00,0.0,17.400476,0.6227777777777778
2021-08-25 06:00:00,0.0,176.35504,1.0
2021-08-25 07:00:00,0.0,393.81238,1.0
2021-08-25 08:00:00,0.01,612.3284,1.0
2021-08-25 09:00:00,0.0,793.3485,1.0
2021-08-25 10:00:00,0.0,917.5665,1.0
2021-08-25 11:00:00,0.09,971.67413,1.0
2021-08-25 12:00:00,0.04,933.2808,1.0
2021-08-25 13:00:00,0.14,815.6454,1.0
2021-08-25 14:00:00,0.29,707.02625,1.0
2021-08-25 15:00:00,0.02,554.68567,1.0
2021-08-25 16:00:00,0.16,332.53204,1.0
2021-08-25 17:00:00,0.11,131.51404,1.0
2021-08-25 18:00:00,0.16,10.818606,0.7061111111111111
2021-08-25 19:00:00,0.08,0.0,0.0
2021-08-25 20:00:00,0.08,0.0,0.0
2021-08-25 21:00:00,0.12,0.0,0.0
2021-08-25 22:00:00,0.01,0.0,0.0
2021-08-25 23:00:00,0.0,0.0,0.0
2021-08-26 00:00:00,0.0,0.0,0.0
2021-08-26 01:00:00,0.0,0.0,0.0
2021-08-26 02:00:00,0.0,0.0,0.0
2021-08-26 03:00:00,0.0,0.0,0.0
2021-08-26 04:00:00,0.0,0.0,0.0
2021-08-26 05:00:00,0.0,16.566439,0.6072222222222222
2021-08-26 06:00:00,0.0,173.85257,1.0
2021-08-26 07:00:00,0.01,395.3536,1.0
2021-08-26 08:00:00,0.0,609.20483,1.0
2021-08-26 09:00:00,0.03,721.8432,1.0
2021-08-26 10:00:00,0.34,728.9358,1.0
2021-08-26 11:00:00,0.48,752.655,1.0
2021-08-26 12:00:00,0.88,549.41943,1.0
2021-08-26 13:00:00,0.75,640.9757,1.0
2021-08-26 14:00:00,0.52,673.4422,1.0
2021-08-26 15:00:00,0.91,327.85056,1.0
2021-08-26 16:00:00,0.94,189.00227,1.0
2021-08-26 17:00:00,0.63,133.99608,1.0
2021-08-26 18:00:00,0.25,10.68471,0.6808333333333333
2021-08-26 19:00:00,0.02,0.0,0.0
2021-08-26 20:00:00,0.24,0.0,0.0
2021-08-26 21:00:00,0.09,0.0,0.0
2021-08-26 22:00:00,0.07,0.0,0.0
2021-08-26 23:00:00,0.01,0.0,0.0
2021-08-27 00:00:00,0.0,0.0,0.0
2021-08-27 01:00:00,0.01,0.0,0.0
2021-08-27 02:00:00,0.01,0.0,0.0
2021-08-27 03:00:00,0.0,0.0,0.0
2021-08-27 04:00:00,0.0,0.0,0.0
2021-08-27 05:00:00,0.0,15.511766,0.5916666666666667
2021-08-27 06:00:00,0.0,172.34319,1.0
2021-08-27 07:00:00,0.0,395.2401,1.0
2021-08-27 08:00:00,0.0,608.9424,1.0
2021-08-27 09:00:00,0.0,785.5231,1.0
2021-08-27 10:00:00,0.25,840.8927,1.0
2021-08-27 11:00:00,0.29,904.5961,1.0
2021-08-27 12:00:00,0.4,867.4052,1.0
2021-08-27 13:00:00,0.37,790.29974,1.0
2021-08-27 14:00:00,0.62,592.4487,1.0
2021-08-27 15:00:00,0.54,349.10938,1.0
2021-08-27 16:00:00,0.6,250.226,1.0
2021-08-27 17:00:00,0.4,109.62186,1.0
2021-08-27 18:00:00,0.59,9.346234,0.6552777777777777
2021-08-27 19:00:00,0.68,0.0,0.0
2021-08-27 20:00:00,0.58,0.0,0.0
2021-08-27 21:00:00,0.3,0.0,0.0
2021-08-27 22:00:00,0.04,0.0,0.0
2021-08-27 23:00:00,0.03,0.0,0.0
2021-08-28 00:00:00,0.21,0.0,0.0
2021-08-28 01:00:00,0.24,0.0,0.0
2021-08-28 02:00:00,0.06,0.0,0.0
2021-08-28 03:00:00,0.05,0.0,0.0
2021-08-28 04:00:00,0.0,0.0,0.0
2021-08-28 05:00:00,0.0,15.665065,0.5761111111111111
2021-08-28 06:00:00,0.0,174.5027,1.0
2021-08-28 07:00:00,0.0,400.9819,1.0
2021-08-28 08:00:00,0.0,617.086,1.0
2021-08-28 09:00:00,0.0,794.84143,1.0
2021-08-28 10:00:00,0.0,919.8097,1.0
2021-08-28 11:00:00,0.28,938.6468,1.0
2021-08-28 12:00:00,0.52,857.3989,1.0
2021-08-28 13:00:00,0.51,728.57635,1.0
2021-08-28 14:00:00,0.81,652.32184,1.0
2021-08-28 15:00:00,0.58,463.84818,1.0
2021-08-28 16:00:00,0.13,313.45325,1.0
2021-08-28 17:00:00,0.28,123.057045,1.0
2021-08-28 18:00:00,0.27,8.24864,0.6294444444444445
2021-08-28 19:00:00,0.07,0.0,0.0
2021-08-28 20:00:00,0.46,0.0,0.0
2021-08-28 21:00:00,0.25,0.0,0.0
2021-08-28 22:00:00,0.07,0.0,0.0
2021-08-28 23:00:00,0.23,0.0,0.0
2021-08-29 00:00:00,0.43,0.0,0.0
2021-08-29 01:00:00,0.36,0.0,0.0
2021-08-29 02:00:00,0.4,0.0,0.0
2021-08-29 03:00:00,0.33,0.0,0.0
2021-08-29 04:00:00,0.27,0.0,0.0
2021-08-29 05:00:00,0.18,6.2364874,0.5602777777777778
2021-08-29 06:00:00,0.96,73.44509,1.0
2021-08-29 07:00:00,0.39,327.22812,1.0
2021-08-29 08:00:00,0.03,593.36395,1.0
2021-08-29 09:00:00,0.33,743.0337,1.0
2021-08-29 10:00:00,0.76,743.9465,1.0
2021-08-29 11:00:00,0.08,866.80963,1.0
2021-08-29 12:00:00,0.44,707.65405,1.0
2021-08-29 13:00:00,0.46,633.5793,1.0
2021-08-29 14:00:00,0.54,472.7416,1.0
2021-08-29 15:00:00,0.58,392.00174,1.0
2021-08-29 16:00:00,0.34,295.11557,1.0
2021-08-29 17:00:00,0.09,117.588806,1.0
2021-08-29 18:00:00,0.05,7.173911,0.6036111111111111
2021-08-29 19:00:00,0.52,0.0,0.0
2021-08-29 20:00:00,0.05,0.0,0.0
2021-08-29 21:00:00,0.02,0.0,0.0
2021-08-29 22:00:00,0.0,0.0,0.0
2021-08-29 23:00:00,0.0,0.0,0.0
2021-08-30 00:00:00,0.0,0.0,0.0
2021-08-30 01:00:00,0.0,0.0,0.0
2021-08-30 02:00:00,0.0,0.0,0.0
2021-08-30 03:00:00,0.0,0.0,0.0
2021-08-30 04:00:00,0.0,0.0,0.0
2021-08-30 05:00:00,0.0,13.708899,0.5447222222222222
2021-08-30 06:00:00,0.0,171.53581,1.0
2021-08-30 07:00:00,0.0,399.7177,1.0
2021-08-30 08:00:00,0.0,618.3025,1.0
2021-08-30 09:00:00,0.01,802.82916,1.0
2021-08-30 10:00:00,0.29,902.80115,1.0
2021-08-30 11:00:00,0.21,944.2572,1.0
2021-08-30 12:00:00,0.37,977.60455,1.0
2021-08-30 13:00:00,0.45,863.06744,1.0
2021-08-30 14:00:00,0.94,691.55206,1.0
2021-08-30 15:00:00,0.82,473.96872,1.0
2021-08-30 16:00:00,0.61,293.5766,1.0
2021-08-30 17:00:00,0.02,123.02476,1.0
2021-08-30 18:00:00,0.06,7.0222964,0.5777777777777777
2021-08-30 19:00:00,0.26,0.0,0.0
2021-08-30 20:00:00,0.0,0.0,0.0
2021-08-30 21:00:00,0.04,0.0,0.0
2021-08-30 22:00:00,0.1,0.0,0.0
2021-08-30 23:00:00,0.02,0.0,0.0
2021-08-31 00:00:00,0.0,0.0,0.0
2021-08-31 01:00:00,0.0,0.0,0.0
2021-08-31 02:00:00,0.0,0.0,0.0
2021-08-31 03:00:00,0.0,0.0,0.0
2021-08-31 04:00:00,0.0,0.0,0.0
2021-08-31 05:00:00,0.0,12.543852,0.5291666666666667
2021-08-31 06:00:00,0.0,169.0547,1.0
2021-08-31 07:00:00,0.0,397.37354,1.0
2021-08-31 08:00:00,0.0,615.1061,1.0
2021-08-31 09:00:00,0.0,793.9806,1.0
2021-08-31 10:00:00,0.0,918.1868,1.0
2021-08-31 11:00:00,0.08,875.56274,1.0
2021-08-31 12:00:00,0.64,736.25366,1.0
2021-08-31 13:00:00,0.91,625.50256,1.0
2021-08-31 14:00:00,0.91,515.02563,1.0
2021-08-31 15:00:00,0.82,451.11667,1.0
2021-08-31 16:00:00,0.96,237.47475,1.0
2021-08-31 17:00:00,0.96,117.332214,1.0
2021-08-31 18:00:00,0.86,6.9605,0.5519444444444445
2021-08-31 19:00:00,0.08,0.0,0.0
2021-08-31 20:00:00,0.32,0.0,0.0
2021-08-31 21:00:00,0.5,0.0,0.0
2021-08-31 22:00:00,0.0,0.0,0.0
2021-08-31 23:00:00,0.03,0.0,0.0
2021-09-01 00:00:00,0.01,0.0,0.0
2021-09-01 01:00:00,0.09,0.0,0.0
2021-09-01 02:00:00,0.08,0.0,0.0
2021-09-01 03:00:00,0.16,0.0,0.0
2021-09-01 04:00:00,1.0,0.0,0.0
2021-09-01 05:00:00,0.99,9.642357,0.5136111111111111
2021-09-01 06:00:00,0.55,150.14716,1.0
2021-09-01 07:00:00,0.99,306.50793,1.0
2021-09-01 08:00:00,1.0,395.76202,1.0
2021-09-01 09:00:00,0.14,729.8841,1.0
2021-09-01 10:00:00,0.97,686.71594,1.0
2021-09-01 11:00:00,0.84,712.41974,1.0
2021-09-01 12:00:00,0.76,739.02026,1.0
2021-09-01 13:00:00,0.9,583.78815,1.0
2021-09-01 14:00:00,0.91,555.9912,1.0
2021-09-01 15:00:00,0.99,297.05,1.0
2021-09-01 16:00:00,1.0,109.883064,1.0
2021-09-01 17:00:00,1.0,30.811617,1.0
2021-09-01 18:00:00,1.0,1.9878461,0.5258333333333334
2021-09-01 19:00:00,0.99,0.0,0.0
2021-09-01 20:00:00,1.0,0.0,0.0
2021-09-01 21:00:00,1.0,0.0,0.0
2021-09-01 22:00:00,0.88,0.0,0.0
2021-09-01 23:00:00,0.93,0.0,0.0
2021-09-02 00:00:00,0.67,0.0,0.0
2021-09-02 01:00:00,0.54,0.0,0.0
2021-09-02 02:00:00,0.45,0.0,0.0
2021-09-02 03:00:00,0.17,0.0,0.0
2021-09-02 04:00:00,0.06,0.0,0.0
2021-09-02 05:00:00,0.04,7.7098713,0.49805555555555553
2021-09-02 06:00:00,0.37,124.74516,1.0
2021-09-02 07:00:00,0.39,307.3483,1.0
2021-09-02 08:00:00,0.47,491.4392,1.0
2021-09-02 09:00:00,0.39,471.63693,1.0
2021-09-02 10:00:00,0.9,408.8613,1.0
2021-09-02 11:00:00,0.9,534.9154,1.0
2021-09-02 12:00:00,0.84,744.4391,1.0
2021-09-02 13:00:00,0.8,654.70795,1.0
2021-09-02 14:00:00,0.65,556.30133,1.0
2021-09-02 15:00:00,0.69,354.74655,1.0
2021-09-02 16:00:00,0.92,182.12683,1.0
2021-09-02 17:00:00,0.67,61.86203,1.0
2021-09-02 18:00:00,0.6,2.9832883,0.49972222222222223
2021-09-02 19:00:00,0.67,0.0,0.0
2021-09-02 20:00:00,0.73,0.0,0.0
2021-09-02 21:00:00,0.38,0.0,0.0
2021-09-02 22:00:00,0.5,0.0,0.0
2021-09-02 23:00:00,0.35,0.0,0.0
2021-09-03 00:00:00,0.37,0.0,0.0
2021-09-03 01:00:00,0.1,0.0,0.0
2021-09-03 02:00:00,0.17,0.0,0.0
2021-09-03 03:00:00,0.04,0.0,0.0
2021-09-03 04:00:00,0.11,0.0,0.0
2021-09-03 05:00:00,0.07,7.7679386,0.48277777777777775
2021-09-03 06:00:00,0.5,109.845345,1.0
2021-09-03 07:00:00,0.39,268.42563,1.0
2021-09-03 08:00:00,0.22,470.66168,1.0
2021-09-03 09:00:00,0.2,661.3343,1.0
2021-09-03 10:00:00,0.35,784.7802,1.0
2021-09-03 11:00:00,0.39,607.90717,1.0
2021-09-03 12:00:00,0.59,659.66016,1.0
2021-09-03 13:00:00,0.34,478.80746,1.0
2021-09-03 14:00:00,0.63,446.4722,1.0
2021-09-03 15:00:00,0.36,285.02063,1.0
2021-09-03 16:00:00,0.47,256.41086,1.0
2021-09-03 17:00:00,0.26,85.92745,1.0
2021-09-03 18:00:00,0.46,4.972654,0.4738888888888889
2021-09-03 19:00:00,0.4,0.0,0.0
2021-09-03 20:00:00,0.25,0.0,0.0
2021-09-03 21:00:00,0.18,0.0,0.0
2021-09-03 22:00:00,0.08,0.0,0.0
2021-09-03 23:00:00,0.2,0.0,0.0
2021-09-04 00:00:00,0.2,0.0,0.0
2021-09-04 01:00:00,0.01,0.0,0.0
2021-09-04 02:00:00,0.0,0.0,0.0
2021-09-04 03:00:00,0.0,0.0,0.0
2021-09-04 04:00:00,0.0,0.0,0.0
2021-09-04 05:00:00,0.0,9.258642,0.4672222222222222
2021-09-04 06:00:00,0.0,154.71655,1.0
2021-09-04 07:00:00,0.0,377.46216,1.0
2021-09-04 08:00:00,0.0,592.28235,1.0
2021-09-04 09:00:00,0.2,691.45575,1.0
2021-09-04 10:00:00,0.41,775.7047,1.0
2021-09-04 11:00:00,0.35,856.3356,1.0
2021-09-04 12:00:00,0.29,809.6509,1.0
2021-09-04 13:00:00,0.27,769.4376,1.0
2021-09-04 14:00:00,0.27,629.7036,1.0
2021-09-04 15:00:00,0.32,454.36942,1.0
2021-09-04 16:00:00,0.2,290.348,1.0
2021-09-04 17:00:00,0.34,92.27476,1.0
2021-09-04 18:00:00,0.13,3.978731,0.4477777777777778
2021-09-04 19:00:00,0.19,0.0,0.0
2021-09-04 20:00:00,0.04,0.0,0.0
2021-09-04 21:00:00,0.0,0.0,0.0
2021-09-04 22:00:00,0.0,0.0,0.0
2021-09-04 23:00:00,0.0,0.0,0.0
2021-09-05 00:00:00,0.0,0.0,0.0
2021-09-05 01:00:00,0.0,0.0,0.0
2021-09-05 02:00:00,0.0,0.0,0.0
2021-09-05 03:00:00,0.0,0.0,0.0
2021-09-05 04:00:00,0.0,0.0,0.0
2021-09-05 05:00:00,0.0,9.354986,0.45166666666666666
2021-09-05 06:00:00,0.0,161.04037,1.0
2021-09-05 07:00:00,0.0,392.9647,1.0
2021-09-05 08:00:00,0.0,614.55273,1.0
2021-09-05 09:00:00,0.0,795.8598,1.0
2021-09-05 10:00:00,0.0,920.9077,1.0
2021-09-05 11:00:00,0.0,977.3512,1.0
2021-09-05 12:00:00,0.0,962.65497,1.0
2021-09-05 13:00:00,0.0,877.0886,1.0
2021-09-05 14:00:00,0.0,731.1895,1.0
2021-09-05 15:00:00,0.0,537.752,1.0
2021-09-05 16:00:00,0.0,317.23087,1.0
2021-09-05 17:00:00,0.0,102.94899,1.0
2021-09-05 18:00:00,0.0,3.978731,0.4216666666666667
2021-09-05 19:00:00,0.0,0.0,0.0
2021-09-05 20:00:00,0.0,0.0,0.0
2021-09-05 21:00:00,0.0,0.0,0.0
2021-09-05 22:00:00,0.0,0.0,0.0
2021-09-05 23:00:00,0.0,0.0,0.0
2021-09-06 00:00:00,0.0,0.0,0.0
2021-09-06 01:00:00,0.0,0.0,0.0
2021-09-06 02:00:00,0.0,0.0,0.0
2021-09-06 03:00:00,0.0,0.0,0.0
2021-09-06 04:00:00,0.0,0.0,0.0
2021-09-06 05:00:00,0.0,8.46305,0.4363888888888889
2021-09-06 06:00:00,0.0,156.06462,1.0
2021-09-06 07:00:00,0.0,385.9367,1.0
2021-09-06 08:00:00,0.0,604.3453,1.0
2021-09-06 09:00:00,0.0,783.4362,1.0
2021-09-06 10:00:00,0.0,906.6537,1.0
2021-09-06 11:00:00,0.0,965.4292,1.0
2021-09-06 12:00:00,0.0,955.28357,1.0
2021-09-06 13:00:00,0.0,875.0938,1.0
2021-09-06 14:00:00,0.0,731.1222,1.0
2021-09-06 15:00:00,0.01,536.43225,1.0
2021-09-06 16:00:00,0.0,315.6387,1.0
2021-09-06 17:00:00,0.0,100.40256,1.0
2021-09-06 18:00:00,0.0,2.9848075,0.3952777777777778
2021-09-06 19:00:00,0.0,0.0,0.0
2021-09-06 20:00:00,0.0,0.0,0.0
2021-09-06 21:00:00,0.0,0.0,0.0
2021-09-06 22:00:00,0.0,0.0,0.0
2021-09-06 23:00:00,0.0,0.0,0.0
2021-09-07 00:00:00,0.0,0.0,0.0
2021-09-07 01:00:00,0.0,0.0,0.0
2021-09-07 02:00:00,0.0,0.0,0.0
2021-09-07 03:00:00,0.0,0.0,0.0
2021-09-07 04:00:00,0.0,0.0,0.0
2021-09-07 05:00:00,0.0,7.5773187,0.42083333333333334
2021-09-07 06:00:00,0.0,155.54639,1.0
2021-09-07 07:00:00,0.0,385.9495,1.0
2021-09-07 08:00:00,0.0,604.46606,1.0
2021-09-07 09:00:00,0.0,781.32477,1.0
2021-09-07 10:00:00,0.65,900.32684,1.0
2021-09-07 11:00:00,0.29,958.80176,1.0
2021-09-07 12:00:00,0.58,940.37225,1.0
2021-09-07 13:00:00,0.71,861.22174,1.0
2021-09-07 14:00:00,0.75,697.6353,1.0
2021-09-07 15:00:00,0.0,522.96924,1.0
2021-09-07 16:00:00,0.0,302.70215,1.0
2021-09-07 17:00:00,0.0,93.7416,1.0
2021-09-07 18:00:00,0.0,1.9908847,0.3686111111111111
2021-09-07 19:00:00,0.0,0.0,0.0
2021-09-07 20:00:00,0.0,0.0,0.0
2021-09-07 21:00:00,0.0,0.0,0.0
2021-09-07 22:00:00,0.0,0.0,0.0
2021-09-07 23:00:00,0.0,0.0,0.0
2021-09-08 00:00:00,0.0,0.0,0.0
2021-09-08 01:00:00,0.0,0.0,0.0
2021-09-08 02:00:00,0.0,0.0,0.0
2021-09-08 03:00:00,0.36,0.0,0.0
2021-09-08 04:00:00,0.47,0.0,0.0
2021-09-08 05:00:00,0.52,5.5458717,0.4052777777777778
2021-09-08 06:00:00,0.8,133.74672,1.0
2021-09-08 07:00:00,0.9,340.93356,1.0
2021-09-08 08:00:00,0.7,571.31946,1.0
2021-09-08 09:00:00,0.67,772.2645,1.0
2021-09-08 10:00:00,0.73,897.1126,1.0
2021-09-08 11:00:00,0.9,955.4939,1.0
2021-09-08 12:00:00,0.66,941.03925,1.0
2021-09-08 13:00:00,0.0,855.7451,1.0
2021-09-08 14:00:00,0.0,707.5585,1.0
2021-09-08 15:00:00,0.0,517.55707,1.0
2021-09-08 16:00:00,0.13,298.3603,1.0
2021-09-08 17:00:00,0.0,89.38786,1.0
2021-09-08 18:00:00,0.0,1.9893655,0.34194444444444444
2021-09-08 19:00:00,0.0,0.0,0.0
2021-09-08 20:00:00,0.0,0.0,0.0
2021-09-08 21:00:00,0.0,0.0,0.0
2021-09-08 22:00:00,0.0,0.0,0.0
2021-09-08 23:00:00,0.0,0.0,0.0
2021-09-09 00:00:00,0.0,0.0,0.0
2021-09-09 01:00:00,0.0,0.0,0.0
2021-09-09 02:00:00,0.0,0.0,0.0
2021-09-09 03:00:00,0.0,0.0,0.0
2021-09-09 04:00:00,0.0,0.0,0.0
2021-09-09 05:00:00,0.0,6.203578,0.39
2021-09-09 06:00:00,0.0,154.07898,1.0
2021-09-09 07:00:00,0.0,388.6011,1.0
2021-09-09 08:00:00,0.0,610.54376,1.0
2021-09-09 09:00:00,0.0,790.92694,1.0
2021-09-09 10:00:00,0.0,915.0343,1.0
2021-09-09 11:00:00,0.0,974.73834,1.0
2021-09-09 12:00:00,0.0,956.67163,1.0
2021-09-09 13:00:00,0.0,866.3735,1.0
2021-09-09 14:00:00,0.0,714.64655,1.0
2021-09-09 15:00:00,0.03,519.2001,1.0
2021-09-09 16:00:00,0.01,297.76215,1.0
2021-09-09 17:00:00,0.0,87.66103,1.0
2021-09-09 18:00:00,0.0,1.9893655,0.31472222222222224
2021-09-09 19:00:00,0.0,0.0,0.0
2021-09-09 20:00:00,0.0,0.0,0.0
2021-09-09 21:00:00,0.0,0.0,0.0
2021-09-09 22:00:00,0.0,0.0,0.0
2021-09-09 23:00:00,0.0,0.0,0.0
2021-09-10 00:00:00,0.0,0.0,0.0
2021-09-10 01:00:00,0.0,0.0,0.0
2021-09-10 02:00:00,0.0,0.0,0.0
2021-09-10 03:00:00,0.0,0.0,0.0
2021-09-10 04:00:00,0.44,0.0,0.0
2021-09-10 05:00:00,0.4,4.635991,0.37444444444444447
2021-09-10 06:00:00,0.45,134.73393,1.0
2021-09-10 07:00:00,0.84,341.2096,1.0
2021-09-10 08:00:00,0.77,574.6225,1.0
2021-09-10 09:00:00,0.81,754.7172,1.0
2021-09-10 10:00:00,0.83,887.92206,1.0
2021-09-10 11:00:00,0.5,943.09283,1.0
2021-09-10 12:00:00,0.58,931.05237,1.0
2021-09-10 13:00:00,0.37,814.8103,1.0
2021-09-10 14:00:00,0.3,622.77606,1.0
2021-09-10 15:00:00,0.33,454.20038,1.0
2021-09-10 16:00:00,0.27,276.70697,1.0
2021-09-10 17:00:00,0.03,80.28771,1.0
2021-09-10 18:00:00,0.02,0.99544233,0.2875
2021-09-10 19:00:00,0.01,0.0,0.0
2021-09-10 20:00:00,0.0,0.0,0.0
2021-09-10 21:00:00,0.0,0.0,0.0
2021-09-10 22:00:00,0.0,0.0,0.0
2021-09-10 23:00:00,0.0,0.0,0.0
2021-09-11 00:00:00,0.0,0.0,0.0
2021-09-11 01:00:00,0.03,0.0,0.0
2021-09-11 02:00:00,0.0,0.0,0.0
2021-09-11 03:00:00,0.0,0.0,0.0
2021-09-11 04:00:00,0.0,0.0,0.0
2021-09-11 05:00:00,0.21,4.6822205,0.3591666666666667
2021-09-11 06:00:00,0.85,137.51128,1.0
2021-09-11 07:00:00,0.64,364.42163,1.0
2021-09-11 08:00:00,0.0,591.0057,1.0
2021-09-11 09:00:00,0.01,762.62994,1.0
2021-09-11 10:00:00,0.1,860.1673,1.0
2021-09-11 11:00:00,0.04,930.5159,1.0
2021-09-11 12:00:00,0.48,799.87317,1.0
2021-09-11 13:00:00,0.58,714.90674,1.0
2021-09-11 14:00:00,0.9,466.89407,1.0
2021-09-11 15:00:00,0.6,433.88425,1.0
2021-09-11 16:00:00,0.77,179.62546,1.0
2021-09-11 17:00:00,0.94,46.64522,1.0
2021-09-11 18:00:00,0.9,0.0,0.26
2021-09-11 19:00:00,0.78,0.0,0.0
2021-09-11 20:00:00,0.73,0.0,0.0
2021-09-11 21:00:00,0.61,0.0,0.0
2021-09-11 22:00:00,0.97,0.0,0.0
2021-09-11 23:00:00,0.89,0.0,0.0
2021-09-12 00:00:00,0.01,0.0,0.0
2021-09-12 01:00:00,0.0,0.0,0.0
2021-09-12 02:00:00,0.01,0.0,0.0
2021-09-12 03:00:00,0.14,0.0,0.0
2021-09-12 04:00:00,0.01,0.0,0.0
2021-09-12 05:00:00,0.64,3.737581,0.3436111111111111
2021-09-12 06:00:00,0.63,99.62464,1.0
2021-09-12 07:00:00,0.62,265.78122,1.0
2021-09-12 08:00:00,0.0,580.03296,1.0
2021-09-12 09:00:00,0.05,716.81,1.0
2021-09-12 10:00:00,0.24,787.52875,1.0
2021-09-12 11:00:00,0.27,832.6621,1.0
2021-09-12 12:00:00,0.38,704.02075,1.0
2021-09-12 13:00:00,0.52,613.02216,1.0
2021-09-12 14:00:00,0.29,508.35687,1.0
2021-09-12 15:00:00,0.42,397.86917,1.0
2021-09-12 16:00:00,0.31,237.49516,1.0
2021-09-12 17:00:00,0.39,67.64622,1.0
2021-09-12 18:00:00,0.36,0.0,0.2325
2021-09-12 19:00:00,0.26,0.0,0.0
2021-09-12 20:00:00,0.07,0.0,0.0
2021-09-12 21:00:00,0.01,0.0,0.0
2021-09-12 22:00:00,0.0,0.0,0.0
2021-09-12 23:00:00,0.0,0.0,0.0
2021-09-13 00:00:00,0.0,0.0,0.0
2021-09-13 01:00:00,0.0,0.0,0.0
2021-09-13 02:00:00,0.1,0.0,0.0
2021-09-13 03:00:00,0.27,0.0,0.0
2021-09-13 04:00:00,0.37,0.0,0.0
2021-09-13 05:00:00,0.55,3.790356,0.32805555555555554
2021-09-13 06:00:00,1.0,115.15169,1.0
2021-09-13 07:00:00,0.96,326.167,1.0
2021-09-13 08:00:00,0.81,505.7904,1.0
2021-09-13 09:00:00,0.44,644.3299,1.0
2021-09-13 10:00:00,0.41,773.6673,1.0
2021-09-13 11:00:00,0.33,791.27905,1.0
2021-09-13 12:00:00,0.18,816.6569,1.0
2021-09-13 13:00:00,0.25,681.12695,1.0
2021-09-13 14:00:00,0.24,471.79343,1.0
2021-09-13 15:00:00,0.16,409.4438,1.0
2021-09-13 16:00:00,0.26,229.89546,1.0
2021-09-13 17:00:00,0.35,58.55893,1.0
2021-09-13 18:00:00,0.28,0.0,0.20472222222222222
2021-09-13 19:00:00,0.12,0.0,0.0
2021-09-13 20:00:00,0.07,0.0,0.0
2021-09-13 21:00:00,0.02,0.0,0.0
2021-09-13 22:00:00,0.2,0.0,0.0
2021-09-13 23:00:00,0.02,0.0,0.0
2021-09-14 00:00:00,0.01,0.0,0.0
2021-09-14 01:00:00,0.0,0.0,0.0
2021-09-14 02:00:00,0.0,0.0,0.0
2021-09-14 03:00:00,0.0,0.0,0.0
2021-09-14 04:00:00,0.0,0.0,0.0
2021-09-14 05:00:00,0.03,3.846819,0.3125
2021-09-14 06:00:00,0.33,121.0429,1.0
2021-09-14 07:00:00,0.82,249.35347,1.0
2021-09-14 08:00:00,0.73,490.18658,1.0
2021-09-14 09:00:00,0.04,741.3073,1.0
2021-09-14 10:00:00,0.16,744.9184,1.0
2021-09-14 11:00:00,0.64,793.2717,1.0
2021-09-14 12:00:00,0.69,695.0238,1.0
2021-09-14 13:00:00,0.87,567.37146,1.0
2021-09-14 14:00:00,0.46,507.17123,1.0
2021-09-14 15:00:00,0.72,397.53738,1.0
2021-09-14 16:00:00,0.47,210.50383,1.0
2021-09-14 17:00:00,0.19,61.601612,1.0
2021-09-14 18:00:00,0.0,0.0,0.17722222222222223
2021-09-14 19:00:00,0.01,0.0,0.0
2021-09-14 20:00:00,0.0,0.0,0.0
2021-09-14 21:00:00,0.0,0.0,0.0
2021-09-14 22:00:00,0.0,0.0,0.0
2021-09-14 23:00:00,0.0,0.0,0.0
2021-09-15 00:00:00,0.0,0.0,0.0
2021-09-15 01:00:00,0.0,0.0,0.0
2021-09-15 02:00:00,0.0,0.0,0.0
2021-09-15 03:00:00,0.0,0.0,0.0
2021-09-15 04:00:00,0.0,0.0,0.0
2021-09-15 05:00:00,0.0,2.9136796,0.29694444444444446
2021-09-15 06:00:00,0.0,134.64162,1.0
2021-09-15 07:00:00,0.0,360.6256,1.0
2021-09-15 08:00:00,0.0,578.20966,1.0
2021-09-15 09:00:00,0.0,755.9439,1.0
2021-09-15 10:00:00,0.0,877.11743,1.0
2021-09-15 11:00:00,0.0,931.53296,1.0
2021-09-15 12:00:00,0.02,901.53143,1.0
2021-09-15 13:00:00,0.22,812.0296,1.0
2021-09-15 14:00:00,0.27,647.3096,1.0
2021-09-15 15:00:00,0.21,468.65796,1.0
2021-09-15 16:00:00,0.18,247.78384,1.0
2021-09-15 17:00:00,0.03,62.70556,1.0
2021-09-15 18:00:00,0.01,0.0,0.14944444444444444
2021-09-15 19:00:00,0.0,0.0,0.0
2021-09-15 20:00:00,0.0,0.0,0.0
2021-09-15 21:00:00,0.0,0.0,0.0
2021-09-15 22:00:00,0.0,0.0,0.0
2021-09-15 23:00:00,0.0,0.0,0.0
2021-09-16 00:00:00,0.0,0.0,0.0
2021-09-16 01:00:00,0.0,0.0,0.0
2021-09-16 02:00:00,0.0,0.0,0.0
2021-09-16 03:00:00,0.0,0.0,0.0
2021-09-16 04:00:00,0.0,0.0,0.0
2021-09-16 05:00:00,0.0,2.9789548,0.2816666666666667
2021-09-16 06:00:00,0.0,135.42018,1.0
2021-09-16 07:00:00,0.0,363.14938,1.0
2021-09-16 08:00:00,0.0,580.76245,1.0
2021-09-16 09:00:00,0.0,758.4891,1.0
2021-09-16 10:00:00,0.0,880.7639,1.0
2021-09-16 11:00:00,0.0,936.2266,1.0
2021-09-16 12:00:00,0.17,833.5027,1.0
2021-09-16 13:00:00,0.99,587.02747,1.0
2021-09-16 14:00:00,1.0,385.7937,1.0
2021-09-16 15:00:00,0.9,163.13107,1.0
2021-09-16 16:00:00,1.0,82.22334,1.0
2021-09-16 17:00:00,0.39,51.109566,1.0
2021-09-16 18:00:00,0.28,0.0,0.12166666666666667
2021-09-16 19:00:00,0.27,0.0,0.0
2021-09-16 20:00:00,0.18,0.0,0.0
2021-09-16 21:00:00,0.23,0.0,0.0
2021-09-16 22:00:00,0.3,0.0,0.0
2021-09-16 23:00:00,0.45,0.0,0.0
2021-09-17 00:00:00,0.53,0.0,0.0
2021-09-17 01:00:00,0.2,0.0,0.0
2021-09-17 02:00:00,0.01,0.0,0.0
2021-09-17 03:00:00,0.04,0.0,0.0
2021-09-17 04:00:00,0.08,0.0,0.0
2021-09-17 05:00:00,0.04,0.0,0.26611111111111113
2021-09-17 06:00:00,0.55,92.52023,1.0
2021-09-17 07:00:00,1.0,158.6511,1.0
2021-09-17 08:00:00,1.0,395.61642,1.0
2021-09-17 09:00:00,0.84,647.42975,1.0
2021-09-17 10:00:00,0.01,848.5355,1.0
2021-09-17 11:00:00,0.3,829.228,1.0
2021-09-17 12:00:00,0.54,776.9454,1.0
2021-09-17 13:00:00,0.32,702.00183,1.0
2021-09-17 14:00:00,0.34,604.9249,1.0
2021-09-17 15:00:00,0.41,428.1907,1.0
2021-09-17 16:00:00,0.36,238.743,1.0
2021-09-17 17:00:00,0.02,57.161373,1.0
2021-09-17 18:00:00,0.0,0.0,0.09388888888888888
2021-09-17 19:00:00,0.0,0.0,0.0
2021-09-17 20:00:00,0.0,0.0,0.0
2021-09-17 21:00:00,0.0,0.0,0.0
2021-09-17 22:00:00,0.0,0.0,0.0
2021-09-17 23:00:00,0.0,0.0,0.0
2021-09-18 00:00:00,0.0,0.0,0.0
2021-09-18 01:00:00,0.0,0.0,0.0
2021-09-18 02:00:00,0.0,0.0,0.0
2021-09-18 03:00:00,0.0,0.0,0.0
2021-09-18 04:00:00,0.0,0.0,0.0
2021-09-18 05:00:00,0.0,0.0,0.25027777777777777
2021-09-18 06:00:00,0.0,132.78271,1.0
2021-09-18 07:00:00,0.0,366.08255,1.0
2021-09-18 08:00:00,0.0,587.1302,1.0
2021-09-18 09:00:00,0.0,760.33234,1.0
2021-09-18 10:00:00,0.0,876.72015,1.0
2021-09-18 11:00:00,0.0,895.9993,1.0
2021-09-18 12:00:00,0.18,832.71094,1.0
2021-09-18 13:00:00,0.22,685.52527,1.0
2021-09-18 14:00:00,0.39,512.8421,1.0
2021-09-18 15:00:00,0.39,373.50412,1.0
2021-09-18 16:00:00,0.87,157.2416,1.0
2021-09-18 17:00:00,1.0,40.522114,1.0
2021-09-18 18:00:00,0.86,0.0,0.0661111111111111
2021-09-18 19:00:00,0.03,0.0,0.0
2021-09-18 20:00:00,0.01,0.0,0.0
2021-09-18 21:00:00,0.01,0.0,0.0
2021-09-18 22:00:00,0.67,0.0,0.0
2021-09-18 23:00:00,0.94,0.0,0.0
2021-09-19 00:00:00,0.88,0.0,0.0
2021-09-19 01:00:00,1.0,0.0,0.0
2021-09-19 02:00:00,0.98,0.0,0.0
2021-09-19 03:00:00,0.83,0.0,0.0
2021-09-19 04:00:00,0.5,0.0,0.0
2021-09-19 05:00:00,0.0,0.0,0.23472222222222222
2021-09-19 06:00:00,0.0,122.87673,1.0
2021-09-19 07:00:00,0.0,346.42413,1.0
2021-09-19 08:00:00,0.0,568.9676,1.0
2021-09-19 09:00:00,0.0,744.6923,1.0
2021-09-19 10:00:00,0.72,774.8025,1.0
2021-09-19 11:00:00,0.69,829.1963,1.0
2021-09-19 12:00:00,0.15,827.2366,1.0
2021-09-19 13:00:00,0.08,761.9161,1.0
2021-09-19 14:00:00,0.2,623.85535,1.0
2021-09-19 15:00:00,0.13,461.35626,1.0
2021-09-19 16:00:00,0.0,243.84755,1.0
2021-09-19 17:00:00,0.03,50.183594,1.0
2021-09-19 18:00:00,0.27,0.0,0.03833333333333333
2021-09-19 19:00:00,0.02,0.0,0.0
2021-09-19 20:00:00,0.02,0.0,0.0
2021-09-19 21:00:00,0.02,0.0,0.0
2021-09-19 22:00:00,0.12,0.0,0.0
2021-09-19 23:00:00,0.19,0.0,0.0
2021-09-20 00:00:00,0.02,0.0,0.0
2021-09-20 01:00:00,0.59,0.0,0.0
2021-09-20 02:00:00,0.64,0.0,0.0
2021-09-20 03:00:00,0.51,0.0,0.0
2021-09-20 04:00:00,0.29,0.0,0.0
2021-09-20 05:00:00,0.07,0.0,0.21916666666666668
2021-09-20 06:00:00,0.0,105.20457,1.0
2021-09-20 07:00:00,0.13,305.19,1.0
2021-09-20 08:00:00,0.63,536.07825,1.0
2021-09-20 09:00:00,0.06,617.0061,1.0
2021-09-20 10:00:00,0.03,836.32043,1.0
2021-09-20 11:00:00,0.06,913.26117,1.0
2021-09-20 12:00:00,0.6,848.5497,1.0
2021-09-20 13:00:00,0.73,736.5768,1.0
2021-09-20 14:00:00,0.73,621.715,1.0
2021-09-20 15:00:00,0.16,414.35452,1.0
2021-09-20 16:00:00,0.43,224.38406,1.0
2021-09-20 17:00:00,0.47,45.89171,1.0
2021-09-20 18:00:00,0.5,0.0,0.010833333333333334
2021-09-20 19:00:00,0.85,0.0,0.0
2021-09-20 20:00:00,0.96,0.0,0.0
2021-09-20 21:00:00,1.0,0.0,0.0
2021-09-20 22:00:00,0.9,0.0,0.0
2021-09-20 23:00:00,0.86,0.0,0.0
2021-09-21 00:00:00,1.0,0.0,0.0
2021-09-21 01:00:00,1.0,0.0,0.0
2021-09-21 02:00:00,0.14,0.0,0.0
2021-09-21 03:00:00,1.0,0.0,0.0
2021-09-21 04:00:00,0.66,0.0,0.0
2021-09-21 05:00:00,0.3,0.0,0.20333333333333334
2021-09-21 06:00:00,0.42,98.736664,1.0
2021-09-21 07:00:00,0.3,304.30453,1.0
2021-09-21 08:00:00,0.21,519.83673,1.0
2021-09-21 09:00:00,0.1,732.9712,1.0
2021-09-21 10:00:00,0.01,868.4542,1.0
2021-09-21 11:00:00,0.0,923.4794,1.0
2021-09-21 12:00:00,0.0,902.039,1.0
2021-09-21 13:00:00,0.0,811.9068,1.0
2021-09-21 14:00:00,0.44,661.15625,1.0
2021-09-21 15:00:00,0.29,461.81546,1.0
2021-09-21 16:00:00,0.0,239.89017,1.0
2021-09-21 17:00:00,0.0,46.29713,0.9836111111111111
2021-09-21 18:00:00,0.0,0.0,0.0
2021-09-21 19:00:00,0.0,0.0,0.0
2021-09-21 20:00:00,0.0,0.0,0.0
2021-09-21 21:00:00,0.0,0.0,0.0
2021-09-21 22:00:00,0.0,0.0,0.0
2021-09-21 23:00:00,0.0,0.0,0.0
2021-09-22 00:00:00,0.0,0.0,0.0
2021-09-22 01:00:00,0.0,0.0,0.0
2021-09-22 02:00:00,0.0,0.0,0.0
2021-09-22 03:00:00,0.0,0.0,0.0
2021-09-22 04:00:00,0.0,0.0,0.0
2021-09-22 05:00:00,0.0,0.0,0.18777777777777777
2021-09-22 06:00:00,0.0,120.34581,1.0
2021-09-22 07:00:00,0.0,350.47604,1.0
2021-09-22 08:00:00,0.0,571.6714,1.0
2021-09-22 09:00:00,0.0,751.99646,1.0
2021-09-22 10:00:00,0.0,872.1037,1.0
2021-09-22 11:00:00,0.0,925.2774,1.0
2021-09-22 12:00:00,0.0,902.85016,1.0
2021-09-22 13:00:00,0.0,812.342,1.0
2021-09-22 14:00:00,0.0,658.254,1.0
2021-09-22 15:00:00,0.0,458.5812,1.0
2021-09-22 16:00:00,0.0,234.44678,1.0
2021-09-22 17:00:00,0.0,42.997047,0.9563888888888888
2021-09-22 18:00:00,0.0,0.0,0.0
2021-09-22 19:00:00,0.0,0.0,0.0
2021-09-22 20:00:00,0.0,0.0,0.0
2021-09-22 21:00:00,0.0,0.0,0.0
2021-09-22 22:00:00,0.0,0.0,0.0
2021-09-22 23:00:00,0.0,0.0,0.0
2021-09-23 00:00:00,0.0,0.0,0.0
2021-09-23 01:00:00,0.0,0.0,0.0
2021-09-23 02:00:00,0.0,0.0,0.0
2021-09-23 03:00:00,0.0,0.0,0.0
2021-09-23 04:00:00,0.0,0.0,0.0
2021-09-23 05:00:00,0.0,0.0,0.17194444444444446
2021-09-23 06:00:00,0.0,116.3537,1.0
2021-09-23 07:00:00,0.01,343.31564,1.0
2021-09-23 08:00:00,0.4,557.26544,1.0
2021-09-23 09:00:00,0.49,730.43463,1.0
2021-09-23 10:00:00,0.0,859.57904,1.0
2021-09-23 11:00:00,0.06,862.18634,1.0
2021-09-23 12:00:00,0.47,749.2675,1.0
2021-09-23 13:00:00,0.55,610.01166,1.0
2021-09-23 14:00:00,0.92,514.9686,1.0
2021-09-23 15:00:00,0.82,368.838,1.0
2021-09-23 16:00:00,0.88,176.78845,1.0
2021-09-23 17:00:00,0.97,28.08075,0.9294444444444444
2021-09-23 18:00:00,0.97,0.0,0.0
2021-09-23 19:00:00,1.0,0.0,0.0
2021-09-23 20:00:00,1.0,0.0,0.0
2021-09-23 21:00:00,1.0,0.0,0.0
2021-09-23 22:00:00,0.68,0.0,0.0
2021-09-23 23:00:00,1.0,0.0,0.0
2021-09-24 00:00:00,1.0,0.0,0.0
2021-09-24 01:00:00,0.08,0.0,0.0
2021-09-24 02:00:00,0.15,0.0,0.0
2021-09-24 03:00:00,0.0,0.0,0.0
2021-09-24 04:00:00,0.0,0.0,0.0
2021-09-24 05:00:00,0.01,0.0,0.15611111111111112
2021-09-24 06:00:00,0.09,111.32692,1.0
2021-09-24 07:00:00,0.02,334.56708,1.0
2021-09-24 08:00:00,0.0,551.7201,1.0
2021-09-24 09:00:00,0.0,726.59814,1.0
2021-09-24 10:00:00,0.0,843.71106,1.0
2021-09-24 11:00:00,0.0,893.99084,1.0
2021-09-24 12:00:00,0.18,871.5156,1.0
2021-09-24 13:00:00,0.14,781.4808,1.0
2021-09-24 14:00:00,0.89,628.33563,1.0
2021-09-24 15:00:00,0.83,434.01257,1.0
2021-09-24 16:00:00,0.79,213.90826,1.0
2021-09-24 17:00:00,0.74,36.273983,0.9025
2021-09-24 18:00:00,0.85,0.0,0.0
2021-09-24 19:00:00,0.31,0.0,0.0
2021-09-24 20:00:00,0.0,0.0,0.0
2021-09-24 21:00:00,0.0,0.0,0.0
2021-09-24 22:00:00,0.0,0.0,0.0
2021-09-24 23:00:00,0.0,0.0,0.0
2021-09-25 00:00:00,0.0,0.0,0.0
2021-09-25 01:00:00,0.0,0.0,0.0
2021-09-25 02:00:00,0.0,0.0,0.0
2021-09-25 03:00:00,0.0,0.0,0.0
2021-09-25 04:00:00,0.0,0.0,0.0
2021-09-25 05:00:00,0.0,0.0,0.14027777777777778
2021-09-25 06:00:00,0.0,109.72239,1.0
2021-09-25 07:00:00,0.0,334.94553,1.0
2021-09-25 08:00:00,0.0,553.3654,1.0
2021-09-25 09:00:00,0.0,730.9314,1.0
2021-09-25 10:00:00,0.0,848.91064,1.0
2021-09-25 11:00:00,0.0,896.6419,1.0
2021-09-25 12:00:00,0.0,867.0711,1.0
2021-09-25 13:00:00,0.0,778.69446,1.0
2021-09-25 14:00:00,0.06,624.9532,1.0
2021-09-25 15:00:00,0.07,431.63412,1.0
2021-09-25 16:00:00,0.02,214.25386,1.0
2021-09-25 17:00:00,0.01,34.84393,0.8758333333333334
2021-09-25 18:00:00,0.0,0.0,0.0
2021-09-25 19:00:00,0.0,0.0,0.0
2021-09-25 20:00:00,0.0,0.0,0.0
2021-09-25 21:00:00,0.0,0.0,0.0
2021-09-25 22:00:00,0.0,0.0,0.0
2021-09-25 23:00:00,0.0,0.0,0.0
2021-09-26 00:00:00,0.0,0.0,0.0
2021-09-26 01:00:00,0.0,0.0,0.0
2021-09-26 02:00:00,0.0,0.0,0.0
2021-09-26 03:00:00,0.0,0.0,0.0
2021-09-26 04:00:00,0.0,0.0,0.0
2021-09-26 05:00:00,0.0,0.0,0.12444444444444444
2021-09-26 06:00:00,0.0,108.11184,1.0
2021-09-26 07:00:00,0.0,335.07327,1.0
2021-09-26 08:00:00,0.0,554.8267,1.0
2021-09-26 09:00:00,0.0,731.4076,1.0
2021-09-26 10:00:00,0.31,846.39185,1.0
2021-09-26 11:00:00,0.0,901.6032,1.0
2021-09-26 12:00:00,0.0,882.39905,1.0
2021-09-26 13:00:00,0.15,735.118,1.0
2021-09-26 14:00:00,0.37,588.156,1.0
2021-09-26 15:00:00,0.21,422.62686,1.0
2021-09-26 16:00:00,0.09,208.84647,1.0
2021-09-26 17:00:00,0.11,31.289053,0.8488888888888889
2021-09-26 18:00:00,0.43,0.0,0.0
2021-09-26 19:00:00,0.53,0.0,0.0
2021-09-26 20:00:00,0.16,0.0,0.0
2021-09-26 21:00:00,0.22,0.0,0.0
2021-09-26 22:00:00,0.34,0.0,0.0
2021-09-26 23:00:00,0.72,0.0,0.0
2021-09-27 00:00:00,0.8,0.0,0.0
2021-09-27 01:00:00,0.01,0.0,0.0
2021-09-27 02:00:00,0.01,0.0,0.0
2021-09-27 03:00:00,0.0,0.0,0.0
2021-09-27 04:00:00,0.0,0.0,0.0
2021-09-27 05:00:00,0.0,0.0,0.10833333333333334
2021-09-27 06:00:00,0.49,100.78057,1.0
2021-09-27 07:00:00,0.22,324.9294,1.0
2021-09-27 08:00:00,0.1,533.6521,1.0
2021-09-27 09:00:00,0.05,716.7898,1.0
2021-09-27 10:00:00,0.0,839.7281,1.0
2021-09-27 11:00:00,0.11,868.1158,1.0
2021-09-27 12:00:00,0.51,858.4446,1.0
2021-09-27 13:00:00,0.08,667.39813,1.0
2021-09-27 14:00:00,0.35,532.21576,1.0
2021-09-27 15:00:00,0.42,309.8018,1.0
2021-09-27 16:00:00,0.64,139.49202,1.0
2021-09-27 17:00:00,0.55,26.735989,0.8219444444444445
2021-09-27 18:00:00,0.94,0.0,0.0
2021-09-27 19:00:00,0.95,0.0,0.0
2021-09-27 20:00:00,0.98,0.0,0.0
2021-09-27 21:00:00,0.98,0.0,0.0
2021-09-27 22:00:00,0.97,0.0,0.0
2021-09-27 23:00:00,0.97,0.0,0.0
2021-09-28 00:00:00,0.88,0.0,0.0
2021-09-28 01:00:00,0.92,0.0,0.0
2021-09-28 02:00:00,0.38,0.0,0.0
2021-09-28 03:00:00,0.27,0.0,0.0
2021-09-28 04:00:00,0.84,0.0,0.0
2021-09-28 05:00:00,0.64,0.0,0.0925
2021-09-28 06:00:00,0.99,37.607864,1.0
2021-09-28 07:00:00,0.66,197.2255,1.0
2021-09-28 08:00:00,0.4,498.30893,1.0
2021-09-28 09:00:00,0.36,692.6284,1.0
2021-09-28 10:00:00,0.62,798.64764,1.0
2021-09-28 11:00:00,0.34,869.811,1.0
2021-09-28 12:00:00,0.23,773.2225,1.0
2021-09-28 13:00:00,0.17,632.468,1.0
2021-09-28 14:00:00,0.88,313.38623,1.0
2021-09-28 15:00:00,0.98,251.30896,1.0
2021-09-28 16:00:00,0.95,143.77843,1.0
2021-09-28 17:00:00,0.98,21.110018,0.795
2021-09-28 18:00:00,0.96,0.0,0.0
2021-09-28 19:00:00,0.9,0.0,0.0
2021-09-28 20:00:00,0.83,0.0,0.0
2021-09-28 21:00:00,0.85,0.0,0.0
2021-09-28 22:00:00,0.88,0.0,0.0
2021-09-28 23:00:00,0.45,0.0,0.0
2021-09-29 00:00:00,0.24,0.0,0.0
2021-09-29 01:00:00,0.5,0.0,0.0
2021-09-29 02:00:00,0.58,0.0,0.0
2021-09-29 03:00:00,0.81,0.0,0.0
2021-09-29 04:00:00,0.99,0.0,0.0
2021-09-29 05:00:00,0.99,0.0,0.0763888888888889
2021-09-29 06:00:00,0.67,74.28917,1.0
2021-09-29 07:00:00,0.48,210.57076,1.0
2021-09-29 08:00:00,0.64,387.11063,1.0
2021-09-29 09:00:00,0.36,539.3448,1.0
2021-09-29 10:00:00,0.51,725.07056,1.0
2021-09-29 11:00:00,0.13,796.7319,1.0
2021-09-29 12:00:00,0.33,616.0719,1.0
2021-09-29 13:00:00,0.5,552.2737,1.0
2021-09-29 14:00:00,1.0,253.68265,1.0
2021-09-29 15:00:00,1.0,62.617153,1.0
2021-09-29 16:00:00,1.0,47.67953,1.0
2021-09-29 17:00:00,0.89,15.161556,0.7677777777777778
2021-09-29 18:00:00,0.98,0.0,0.0
2021-09-29 19:00:00,1.0,0.0,0.0
2021-09-29 20:00:00,1.0,0.0,0.0
2021-09-29 21:00:00,1.0,0.0,0.0
2021-09-29 22:00:00,1.0,0.0,0.0
2021-09-29 23:00:00,1.0,0.0,0.0
2021-09-30 00:00:00,1.0,0.0,0.0
2021-09-30 01:00:00,1.0,0.0,0.0
2021-09-30 02:00:00,0.99,0.0,0.0
2021-09-30 03:00:00,1.0,0.0,0.0
2021-09-30 04:00:00,1.0,0.0,0.0
2021-09-30 05:00:00,0.96,0.0,0.06
2021-09-30 06:00:00,1.0,21.866308,1.0
2021-09-30 07:00:00,0.99,110.22044,1.0
2021-09-30 08:00:00,0.85,257.62442,1.0
2021-09-30 09:00:00,0.97,298.17783,1.0
2021-09-30 10:00:00,1.0,324.28992,1.0
2021-09-30 11:00:00,0.94,323.48697,1.0
2021-09-30 12:00:00,0.89,419.85956,1.0
2021-09-30 13:00:00,0.84,389.9148,1.0
2021-09-30 14:00:00,0.86,336.87897,1.0
2021-09-30 15:00:00,0.87,180.4137,1.0
2021-09-30 16:00:00,0.89,73.5533,1.0
2021-09-30 17:00:00,0.94,10.691455,0.7408333333333333
2021-09-30 18:00:00,1.0,0.0,0.0
2021-09-30 19:00:00,0.72,0.0,0.0
2021-09-30 20:00:00,1.0,0.0,0.0
2021-09-30 21:00:00,1.0,0.0,0.0
2021-09-30 22:00:00,1.0,0.0,0.0
2021-09-30 23:00:00,1.0,0.0,0.0
2021-10-01 00:00:00,1.0,0.0,0.0
2021-10-01 01:00:00,1.0,0.0,0.0
2021-10-01 02:00:00,0.99,0.0,0.0
2021-10-01 03:00:00,0.98,0.0,0.0
2021-10-01 04:00:00,0.96,0.0,0.0
2021-10-01 05:00:00,0.53,0.0,0.04388888888888889
2021-10-01 06:00:00,0.86,63.089855,1.0
2021-10-01 07:00:00,0.82,257.74365,1.0
2021-10-01 08:00:00,0.26,482.07452,1.0
2021-10-01 09:00:00,0.55,644.6835,1.0
2021-10-01 10:00:00,0.84,734.1084,1.0
2021-10-01 11:00:00,0.95,728.6761,1.0
2021-10-01 12:00:00,0.95,675.4515,1.0
2021-10-01 13:00:00,0.93,420.4184,1.0
2021-10-01 14:00:00,0.58,380.47882,1.0
2021-10-01 15:00:00,0.68,170.24875,1.0
2021-10-01 16:00:00,0.93,68.63759,1.0
2021-10-01 17:00:00,0.97,13.207072,0.7136111111111111
2021-10-01 18:00:00,0.91,0.0,0.0
2021-10-01 19:00:00,0.95,0.0,0.0
2021-10-01 20:00:00,0.9,0.0,0.0
2021-10-01 21:00:00,0.8,0.0,0.0
2021-10-01 22:00:00,0.33,0.0,0.0
2021-10-01 23:00:00,0.5,0.0,0.0
2021-10-02 00:00:00,0.51,0.0,0.0
2021-10-02 01:00:00,0.46,0.0,0.0
2021-10-02 02:00:00,0.49,0.0,0.0
2021-10-02 03:00:00,0.78,0.0,0.0
2021-10-02 04:00:00,0.64,0.0,0.0
2021-10-02 05:00:00,0.06,0.0,0.0275
2021-10-02 06:00:00,0.1,83.30738,1.0
2021-10-02 07:00:00,0.05,297.01627,1.0
2021-10-02 08:00:00,0.04,494.57474,1.0
2021-10-02 09:00:00,0.12,619.05225,1.0
2021-10-02 10:00:00,0.16,701.8837,1.0
2021-10-02 11:00:00,0.08,772.3381,1.0
2021-10-02 12:00:00,0.17,738.69385,1.0
2021-10-02 13:00:00,0.17,665.33276,1.0
2021-10-02 14:00:00,0.27,497.21988,1.0
2021-10-02 15:00:00,0.35,291.0516,1.0
2021-10-02 16:00:00,0.54,115.73107,1.0
2021-10-02 17:00:00,0.43,12.001884,0.6866666666666666
2021-10-02 18:00:00,0.6,0.0,0.0
2021-10-02 19:00:00,0.38,0.0,0.0
2021-10-02 20:00:00,0.18,0.0,0.0
2021-10-02 21:00:00,0.27,0.0,0.0
2021-10-02 22:00:00,0.11,0.0,0.0
2021-10-02 23:00:00,0.03,0.0,0.0
2021-10-03 00:00:00,0.02,0.0,0.0
2021-10-03 01:00:00,0.0,0.0,0.0
2021-10-03 02:00:00,0.0,0.0,0.0
2021-10-03 03:00:00,0.0,0.0,0.0
2021-10-03 04:00:00,0.0,0.0,0.0
2021-10-03 05:00:00,0.0,0.0,0.01138888888888889
2021-10-03 06:00:00,0.0,87.037254,1.0
2021-10-03 07:00:00,0.0,310.72507,1.0
2021-10-03 08:00:00,0.0,529.1408,1.0
2021-10-03 09:00:00,0.0,705.1985,1.0
2021-10-03 10:00:00,0.0,822.69965,1.0
2021-10-03 11:00:00,0.0,871.9044,1.0
2021-10-03 12:00:00,0.0,849.53564,1.0
2021-10-03 13:00:00,0.0,748.47314,1.0
2021-10-03 14:00:00,0.0,591.8307,1.0
2021-10-03 15:00:00,0.0,396.75955,1.0
2021-10-03 16:00:00,0.0,177.41124,1.0
2021-10-03 17:00:00,0.0,18.417845,0.6594444444444445
2021-10-03 18:00:00,0.01,0.0,0.0
2021-10-03 19:00:00,0.02,0.0,0.0
2021-10-03 20:00:00,0.03,0.0,0.0
2021-10-03 21:00:00,0.01,0.0,0.0
2021-10-03 22:00:00,0.0,0.0,0.0
2021-10-03 23:00:00,0.0,0.0,0.0
2021-10-04 00:00:00,0.0,0.0,0.0
2021-10-04 01:00:00,0.0,0.0,0.0
2021-10-04 02:00:00,0.0,0.0,0.0
2021-10-04 03:00:00,0.0,0.0,0.0
2021-10-04 04:00:00,0.0,0.0,0.0
2021-10-04 05:00:00,0.0,0.0,0.0
2021-10-04 06:00:00,0.0,85.2106,0.995
2021-10-04 07:00:00,0.0,307.24173,1.0
2021-10-04 08:00:00,0.0,523.4937,1.0
2021-10-04 09:00:00,0.0,698.55664,1.0
2021-10-04 10:00:00,0.0,813.8341,1.0
2021-10-04 11:00:00,0.0,860.6697,1.0
2021-10-04 12:00:00,0.0,835.99,1.0
2021-10-04 13:00:00,0.0,743.6947,1.0
2021-10-04 14:00:00,0.0,590.2395,1.0
2021-10-04 15:00:00,0.0,390.26434,1.0
2021-10-04 16:00:00,0.0,170.89389,1.0
2021-10-04 17:00:00,0.0,15.730703,0.6325
2021-10-04 18:00:00,0.0,0.0,0.0
2021-10-04 19:00:00,0.0,0.0,0.0
2021-10-04 20:00:00,0.0,0.0,0.0
2021-10-04 21:00:00,0.0,0.0,0.0
2021-10-04 22:00:00,0.0,0.0,0.0
2021-10-04 23:00:00,0.0,0.0,0.0
2021-10-05 00:00:00,0.0,0.0,0.0
2021-10-05 01:00:00,0.0,0.0,0.0
2021-10-05 02:00:00,0.0,0.0,0.0
2021-10-05 03:00:00,0.0,0.0,0.0
2021-10-05 04:00:00,0.0,0.0,0.0
2021-10-05 05:00:00,0.0,0.0,0.0
2021-10-05 06:00:00,0.0,80.96716,0.9783333333333334
2021-10-05 07:00:00,0.01,300.70477,1.0
2021-10-05 08:00:00,0.0,516.0737,1.0
2021-10-05 09:00:00,0.12,688.85785,1.0
2021-10-05 10:00:00,0.37,804.2095,1.0
2021-10-05 11:00:00,0.0,853.8753,1.0
2021-10-05 12:00:00,0.0,828.4151,1.0
2021-10-05 13:00:00,0.29,733.4927,1.0
2021-10-05 14:00:00,0.59,556.4372,1.0
2021-10-05 15:00:00,0.23,383.67072,1.0
2021-10-05 16:00:00,0.2,152.91771,1.0
2021-10-05 17:00:00,0.48,14.23665,0.6058333333333333
2021-10-05 18:00:00,0.0,0.0,0.0
2021-10-05 19:00:00,0.0,0.0,0.0
2021-10-05 20:00:00,0.01,0.0,0.0
2021-10-05 21:00:00,0.06,0.0,0.0
2021-10-05 22:00:00,0.0,0.0,0.0
2021-10-05 23:00:00,0.0,0.0,0.0
2021-10-06 00:00:00,0.0,0.0,0.0
2021-10-06 01:00:00,0.0,0.0,0.0
2021-10-06 02:00:00,0.0,0.0,0.0
2021-10-06 03:00:00,0.2,0.0,0.0
2021-10-06 04:00:00,0.72,0.0,0.0
2021-10-06 05:00:00,0.81,0.0,0.0
2021-10-06 06:00:00,0.62,72.45238,0.9619444444444445
2021-10-06 07:00:00,0.56,294.7416,1.0
2021-10-06 08:00:00,0.0,513.65717,1.0
2021-10-06 09:00:00,0.0,684.8705,1.0
2021-10-06 10:00:00,0.14,791.31433,1.0
2021-10-06 11:00:00,0.38,817.1655,1.0
2021-10-06 12:00:00,0.31,737.8227,1.0
2021-10-06 13:00:00,0.26,573.50714,1.0
2021-10-06 14:00:00,0.8,298.87262,1.0
2021-10-06 15:00:00,0.95,178.25066,1.0
2021-10-06 16:00:00,0.58,130.7587,1.0
2021-10-06 17:00:00,0.16,11.721532,0.5791666666666667
2021-10-06 18:00:00,0.16,0.0,0.0
2021-10-06 19:00:00,0.34,0.0,0.0
2021-10-06 20:00:00,0.36,0.0,0.0
2021-10-06 21:00:00,0.18,0.0,0.0
2021-10-06 22:00:00,0.09,0.0,0.0
2021-10-06 23:00:00,0.02,0.0,0.0
2021-10-07 00:00:00,0.01,0.0,0.0
2021-10-07 01:00:00,0.01,0.0,0.0
2021-10-07 02:00:00,0.0,0.0,0.0
2021-10-07 03:00:00,0.0,0.0,0.0
2021-10-07 04:00:00,0.0,0.0,0.0
2021-10-07 05:00:00,0.0,0.0,0.0
2021-10-07 06:00:00,0.71,71.907394,0.9452777777777778
2021-10-07 07:00:00,1.0,210.71176,1.0
2021-10-07 08:00:00,0.91,267.16864,1.0
2021-10-07 09:00:00,0.55,637.30066,1.0
2021-10-07 10:00:00,0.62,756.1907,1.0
2021-10-07 11:00:00,0.37,823.35254,1.0
2021-10-07 12:00:00,0.63,794.2427,1.0
2021-10-07 13:00:00,0.26,568.02515,1.0
2021-10-07 14:00:00,0.68,372.29196,1.0
2021-10-07 15:00:00,0.66,284.8033,1.0
2021-10-07 16:00:00,0.63,138.42035,1.0
2021-10-07 17:00:00,0.7,8.754457,0.5527777777777778
2021-10-07 18:00:00,0.96,0.0,0.0
2021-10-07 19:00:00,0.59,0.0,0.0
2021-10-07 20:00:00,0.33,0.0,0.0
2021-10-07 21:00:00,0.01,0.0,0.0
2021-10-07 22:00:00,0.0,0.0,0.0
2021-10-07 23:00:00,0.0,0.0,0.0
2021-10-08 00:00:00,0.0,0.0,0.0
2021-10-08 01:00:00,0.0,0.0,0.0
2021-10-08 02:00:00,0.75,0.0,0.0
2021-10-08 03:00:00,0.33,0.0,0.0
2021-10-08 04:00:00,0.33,0.0,0.0
2021-10-08 05:00:00,0.31,0.0,0.0
2021-10-08 06:00:00,0.47,59.954166,0.9286111111111112
2021-10-08 07:00:00,0.63,257.94742,1.0
2021-10-08 08:00:00,0.99,340.8495,1.0
2021-10-08 09:00:00,0.16,657.6051,1.0
2021-10-08 10:00:00,1.0,620.4924,1.0
2021-10-08 11:00:00,1.0,623.2496,1.0
2021-10-08 12:00:00,1.0,442.3002,1.0
2021-10-08 13:00:00,1.0,338.06308,1.0
2021-10-08 14:00:00,1.0,97.52666,1.0
2021-10-08 15:00:00,1.0,82.59212,1.0
2021-10-08 16:00:00,0.87,59.97011,1.0
2021-10-08 17:00:00,0.8,4.7886057,0.5263888888888889
2021-10-08 18:00:00,0.75,0.0,0.0
2021-10-08 19:00:00,0.92,0.0,0.0
2021-10-08 20:00:00,0.98,0.0,0.0
2021-10-08 21:00:00,0.84,0.0,0.0
2021-10-08 22:00:00,0.68,0.0,0.0
2021-10-08 23:00:00,0.35,0.0,0.0
2021-10-09 00:00:00,0.4,0.0,0.0
2021-10-09 01:00:00,0.77,0.0,0.0
2021-10-09 02:00:00,0.66,0.0,0.0
2021-10-09 03:00:00,0.57,0.0,0.0
2021-10-09 04:00:00,0.69,0.0,0.0
2021-10-09 05:00:00,0.45,0.0,0.0
2021-10-09 06:00:00,0.53,51.5273,0.9116666666666666
2021-10-09 07:00:00,0.09,283.98065,1.0
2021-10-09 08:00:00,0.17,483.75995,1.0
2021-10-09 09:00:00,0.28,659.0629,1.0
2021-10-09 10:00:00,0.4,742.0203,1.0
2021-10-09 11:00:00,0.25,805.6754,1.0
2021-10-09 12:00:00,0.24,798.83527,1.0
2021-10-09 13:00:00,0.14,707.92926,1.0
2021-10-09 14:00:00,0.3,526.78516,1.0
2021-10-09 15:00:00,0.26,335.30017,1.0
2021-10-09 16:00:00,0.2,142.82658,1.0
2021-10-09 17:00:00,0.1,9.087728,0.5002777777777778
2021-10-09 18:00:00,0.08,0.0,0.0
2021-10-09 19:00:00,0.08,0.0,0.0
2021-10-09 20:00:00,0.02,0.0,0.0
2021-10-09 21:00:00,0.02,0.0,0.0
2021-10-09 22:00:00,0.01,0.0,0.0
2021-10-09 23:00:00,0.08,0.0,0.0
2021-10-10 00:00:00,0.0,0.0,0.0
2021-10-10 01:00:00,0.0,0.0,0.0
2021-10-10 02:00:00,0.14,0.0,0.0
2021-10-10 03:00:00,0.4,0.0,0.0
2021-10-10 04:00:00,0.1,0.0,0.0
2021-10-10 05:00:00,0.06,0.0,0.0
2021-10-10 06:00:00,0.05,64.12756,0.895
2021-10-10 07:00:00,0.02,275.00864,1.0
2021-10-10 08:00:00,0.04,489.15207,1.0
2021-10-10 09:00:00,0.07,678.1642,1.0
2021-10-10 10:00:00,0.39,707.4106,1.0
2021-10-10 11:00:00,0.66,789.22437,1.0
2021-10-10 12:00:00,0.92,691.58875,1.0
2021-10-10 13:00:00,0.65,590.23175,1.0
2021-10-10 14:00:00,0.52,519.6049,1.0
2021-10-10 15:00:00,0.0,348.2016,1.0
2021-10-10 16:00:00,0.01,142.49113,1.0
2021-10-10 17:00:00,0.01,7.475542,0.4747222222222222
2021-10-10 18:00:00,0.07,0.0,0.0
2021-10-10 19:00:00,0.12,0.0,0.0
2021-10-10 20:00:00,0.08,0.0,0.0
2021-10-10 21:00:00,0.0,0.0,0.0
2021-10-10 22:00:00,0.01,0.0,0.0
2021-10-10 23:00:00,0.01,0.0,0.0
2021-10-11 00:00:00,0.0,0.0,0.0
2021-10-11 01:00:00,0.0,0.0,0.0
2021-10-11 02:00:00,0.0,0.0,0.0
2021-10-11 03:00:00,0.0,0.0,0.0
2021-10-11 04:00:00,0.0,0.0,0.0
2021-10-11 05:00:00,0.0,0.0,0.0
2021-10-11 06:00:00,0.0,67.50516,0.8780555555555556
2021-10-11 07:00:00,0.0,287.51773,1.0
2021-10-11 08:00:00,0.0,500.8524,1.0
2021-10-11 09:00:00,0.0,671.96246,1.0
2021-10-11 10:00:00,0.29,759.23926,1.0
2021-10-11 11:00:00,0.31,799.44,1.0
2021-10-11 12:00:00,0.04,804.9522,1.0
2021-10-11 13:00:00,0.0,710.0333,1.0
2021-10-11 14:00:00,0.04,512.1731,1.0
2021-10-11 15:00:00,0.0,323.20435,1.0
2021-10-11 16:00:00,0.43,127.204,1.0
2021-10-11 17:00:00,0.23,6.6657543,0.44916666666666666
2021-10-11 18:00:00,0.44,0.0,0.0
2021-10-11 19:00:00,0.39,0.0,0.0
2021-10-11 20:00:00,0.0,0.0,0.0
2021-10-11 21:00:00,0.0,0.0,0.0
2021-10-11 22:00:00,0.0,0.0,0.0
2021-10-11 23:00:00,0.0,0.0,0.0
2021-10-12 00:00:00,0.0,0.0,0.0
2021-10-12 01:00:00,0.0,0.0,0.0
2021-10-12 02:00:00,0.01,0.0,0.0
2021-10-12 03:00:00,0.37,0.0,0.0
2021-10-12 04:00:00,0.63,0.0,0.0
2021-10-12 05:00:00,0.63,0.0,0.0
2021-10-12 06:00:00,0.91,34.840153,0.8608333333333333
2021-10-12 07:00:00,0.52,248.71388,1.0
2021-10-12 08:00:00,0.31,451.6795,1.0
2021-10-12 09:00:00,0.74,542.39777,1.0
2021-10-12 10:00:00,0.9,635.59467,1.0
2021-10-12 11:00:00,0.58,673.0355,1.0
2021-10-12 12:00:00,0.36,636.3604,1.0
2021-10-12 13:00:00,0.33,346.6473,1.0
2021-10-12 14:00:00,0.34,312.62045,1.0
2021-10-12 15:00:00,0.32,292.20966,1.0
2021-10-12 16:00:00,0.17,126.75515,1.0
2021-10-12 17:00:00,0.04,2.8498793,0.4241666666666667
2021-10-12 18:00:00,0.65,0.0,0.0
2021-10-12 19:00:00,1.0,0.0,0.0
2021-10-12 20:00:00,0.82,0.0,0.0
2021-10-12 21:00:00,1.0,0.0,0.0
2021-10-12 22:00:00,1.0,0.0,0.0
2021-10-12 23:00:00,1.0,0.0,0.0
2021-10-13 00:00:00,1.0,0.0,0.0
2021-10-13 01:00:00,1.0,0.0,0.0
2021-10-13 02:00:00,0.99,0.0,0.0
2021-10-13 03:00:00,0.98,0.0,0.0
2021-10-13 04:00:00,0.87,0.0,0.0
2021-10-13 05:00:00,0.34,0.0,0.0
2021-10-13 06:00:00,0.36,57.668137,0.8438888888888889
2021-10-13 07:00:00,0.04,273.82187,1.0
2021-10-13 08:00:00,0.25,420.02887,1.0
2021-10-13 09:00:00,0.18,616.72437,1.0
2021-10-13 10:00:00,0.27,728.1773,1.0
2021-10-13 11:00:00,0.3,775.69934,1.0
2021-10-13 12:00:00,0.04,737.4643,1.0
2021-10-13 13:00:00,0.09,676.0476,1.0
2021-10-13 14:00:00,0.06,504.73074,1.0
2021-10-13 15:00:00,0.09,332.48526,1.0
2021-10-13 16:00:00,0.03,128.58676,1.0
2021-10-13 17:00:00,0.05,4.736497,0.39944444444444444
2021-10-13 18:00:00,0.46,0.0,0.0
2021-10-13 19:00:00,0.27,0.0,0.0
2021-10-13 20:00:00,0.24,0.0,0.0
2021-10-13 21:00:00,0.19,0.0,0.0
2021-10-13 22:00:00,0.3,0.0,0.0
2021-10-13 23:00:00,0.33,0.0,0.0
2021-10-14 00:00:00,0.35,0.0,0.0
2021-10-14 01:00:00,0.55,0.0,0.0
2021-10-14 02:00:00,0.59,0.0,0.0
2021-10-14 03:00:00,0.5,0.0,0.0
2021-10-14 04:00:00,0.42,0.0,0.0
2021-10-14 05:00:00,0.78,0.0,0.0
2021-10-14 06:00:00,0.97,30.450247,0.8266666666666667
2021-10-14 07:00:00,0.94,111.19192,1.0
2021-10-14 08:00:00,1.0,178.17714,1.0
2021-10-14 09:00:00,0.97,521.33325,1.0
2021-10-14 10:00:00,0.74,680.2106,1.0
2021-10-14 11:00:00,0.96,545.14716,1.0
2021-10-14 12:00:00,0.97,454.2069,1.0
2021-10-14 13:00:00,1.0,196.3712,1.0
2021-10-14 14:00:00,1.0,320.19656,1.0
2021-10-14 15:00:00,0.98,203.17213,1.0
2021-10-14 16:00:00,0.72,97.42181,1.0
2021-10-14 17:00:00,0.74,3.8759515,0.375
2021-10-14 18:00:00,0.23,0.0,0.0
2021-10-14 19:00:00,0.44,0.0,0.0
2021-10-14 20:00:00,0.54,0.0,0.0
2021-10-14 21:00:00,0.74,0.0,0.0
2021-10-14 22:00:00,0.28,0.0,0.0
2021-10-14 23:00:00,0.19,0.0,0.0
2021-10-15 00:00:00,0.08,0.0,0.0
2021-10-15 01:00:00,0.04,0.0,0.0
2021-10-15 02:00:00,0.23,0.0,0.0
2021-10-15 03:00:00,0.01,0.0,0.0
2021-10-15 04:00:00,0.07,0.0,0.0
2021-10-15 05:00:00,0.03,0.0,0.0
2021-10-15 06:00:00,0.37,54.06661,0.8094444444444444
2021-10-15 07:00:00,0.36,275.7226,1.0
2021-10-15 08:00:00,0.7,487.5306,1.0
2021-10-15 09:00:00,0.33,566.7473,1.0
2021-10-15 10:00:00,0.19,736.72217,1.0
2021-10-15 11:00:00,0.14,807.7683,1.0
2021-10-15 12:00:00,0.06,800.8768,1.0
2021-10-15 13:00:00,0.02,707.83905,1.0
2021-10-15 14:00:00,0.0,546.53894,1.0
2021-10-15 15:00:00,0.0,340.20404,1.0
2021-10-15 16:00:00,0.0,122.61125,1.0
2021-10-15 17:00:00,0.0,3.8945549,0.3511111111111111
2021-10-15 18:00:00,0.0,0.0,0.0
2021-10-15 19:00:00,0.0,0.0,0.0
2021-10-15 20:00:00,0.0,0.0,0.0
2021-10-15 21:00:00,0.0,0.0,0.0
2021-10-15 22:00:00,0.0,0.0,0.0
2021-10-15 23:00:00,0.0,0.0,0.0
2021-10-16 00:00:00,0.0,0.0,0.0
2021-10-16 01:00:00,0.0,0.0,0.0
2021-10-16 02:00:00,0.0,0.0,0.0
2021-10-16 03:00:00,0.0,0.0,0.0
2021-10-16 04:00:00,0.0,0.0,0.0
2021-10-16 05:00:00,0.0,0.0,0.0
2021-10-16 06:00:00,0.0,50.721027,0.7922222222222223
2021-10-16 07:00:00,0.0,259.37405,1.0
2021-10-16 08:00:00,0.0,476.38498,1.0
2021-10-16 09:00:00,0.0,651.5314,1.0
2021-10-16 10:00:00,0.0,764.21704,1.0
2021-10-16 11:00:00,0.0,808.1437,1.0
2021-10-16 12:00:00,0.0,781.39844,1.0
2021-10-16 13:00:00,0.0,685.4876,1.0
2021-10-16 14:00:00,0.0,527.59235,1.0
2021-10-16 15:00:00,0.0,326.68542,1.0
2021-10-16 16:00:00,0.0,114.794464,1.0
2021-10-16 17:00:00,0.0,2.9213824,0.3269444444444444
2021-10-16 18:00:00,0.0,0.0,0.0
2021-10-16 19:00:00,0.0,0.0,0.0
2021-10-16 20:00:00,0.0,0.0,0.0
2021-10-16 21:00:00,0.0,0.0,0.0
2021-10-16 22:00:00,0.0,0.0,0.0
2021-10-16 23:00:00,0.0,0.0,0.0
2021-10-17 00:00:00,0.0,0.0,0.0
2021-10-17 01:00:00,0.0,0.0,0.0
2021-10-17 02:00:00,0.0,0.0,0.0
2021-10-17 03:00:00,0.0,0.0,0.0
2021-10-17 04:00:00,0.0,0.0,0.0
2021-10-17 05:00:00,0.0,0.0,0.0
2021-10-17 06:00:00,0.0,50.35395,0.7747222222222222
2021-10-17 07:00:00,0.0,265.38327,1.0
2021-10-17 08:00:00,0.0,483.53314,1.0
2021-10-17 09:00:00,0.0,659.3521,1.0
2021-10-17 10:00:00,0.0,775.45764,1.0
2021-10-17 11:00:00,0.0,821.7223,1.0
2021-10-17 12:00:00,0.0,793.7343,1.0
2021-10-17 13:00:00,0.0,692.95795,1.0
2021-10-17 14:00:00,0.0,531.2666,1.0
2021-10-17 15:00:00,0.0,325.59686,1.0
2021-10-17 16:00:00,0.0,112.17134,1.0
2021-10-17 17:00:00,0.0,1.9506009,0.3030555555555556
2021-10-17 18:00:00,0.0,0.0,0.0
2021-10-17 19:00:00,0.0,0.0,0.0
2021-10-17 20:00:00,1.0,0.0,0.0
2021-10-17 21:00:00,1.0,0.0,0.0
2021-10-17 22:00:00,0.55,0.0,0.0
2021-10-17 23:00:00,0.83,0.0,0.0
2021-10-18 00:00:00,0.5,0.0,0.0
2021-10-18 01:00:00,0.63,0.0,0.0
2021-10-18 02:00:00,0.0,0.0,0.0
2021-10-18 03:00:00,0.84,0.0,0.0
2021-10-18 04:00:00,1.0,0.0,0.0
2021-10-18 05:00:00,0.97,0.0,0.0
2021-10-18 06:00:00,1.0,12.921,0.7569444444444444
2021-10-18 07:00:00,1.0,76.53208,1.0
2021-10-18 08:00:00,0.97,318.57474,1.0
2021-10-18 09:00:00,0.08,649.05566,1.0
2021-10-18 10:00:00,0.0,750.95056,1.0
2021-10-18 11:00:00,0.01,771.38715,1.0
2021-10-18 12:00:00,0.01,761.1445,1.0
2021-10-18 13:00:00,0.08,659.12085,1.0
2021-10-18 14:00:00,0.06,512.01556,1.0
2021-10-18 15:00:00,0.14,297.36874,1.0
2021-10-18 16:00:00,0.35,101.660706,1.0
2021-10-18 17:00:00,0.18,0.0,0.27944444444444444
2021-10-18 18:00:00,0.58,0.0,0.0
2021-10-18 19:00:00,0.39,0.0,0.0
2021-10-18 20:00:00,0.01,0.0,0.0
2021-10-18 21:00:00,0.0,0.0,0.0
2021-10-18 22:00:00,0.12,0.0,0.0
2021-10-18 23:00:00,0.16,0.0,0.0
2021-10-19 00:00:00,0.0,0.0,0.0
2021-10-19 01:00:00,0.0,0.0,0.0
2021-10-19 02:00:00,0.0,0.0,0.0
2021-10-19 03:00:00,0.0,0.0,0.0
2021-10-19 04:00:00,0.18,0.0,0.0
2021-10-19 05:00:00,0.06,0.0,0.0
2021-10-19 06:00:00,0.03,43.321987,0.7391666666666666
2021-10-19 07:00:00,0.06,224.87686,1.0
2021-10-19 08:00:00,0.33,273.59988,1.0
2021-10-19 09:00:00,0.56,486.8802,1.0
2021-10-19 10:00:00,0.49,663.67236,1.0
2021-10-19 11:00:00,0.49,615.4702,1.0
2021-10-19 12:00:00,1.0,474.76987,1.0
2021-10-19 13:00:00,0.98,435.34723,1.0
2021-10-19 14:00:00,0.49,413.55408,1.0
2021-10-19 15:00:00,0.5,255.46512,1.0
2021-10-19 16:00:00,0.79,89.664185,1.0
2021-10-19 17:00:00,1.0,0.0,0.25555555555555554
2021-10-19 18:00:00,1.0,0.0,0.0
2021-10-19 19:00:00,0.54,0.0,0.0
2021-10-19 20:00:00,0.57,0.0,0.0
2021-10-19 21:00:00,0.57,0.0,0.0
2021-10-19 22:00:00,0.56,0.0,0.0
2021-10-19 23:00:00,0.66,0.0,0.0
2021-10-20 00:00:00,0.49,0.0,0.0
2021-10-20 01:00:00,0.25,0.0,0.0
2021-10-20 02:00:00,0.2,0.0,0.0
2021-10-20 03:00:00,0.23,0.0,0.0
2021-10-20 04:00:00,0.23,0.0,0.0
2021-10-20 05:00:00,0.02,0.0,0.0
2021-10-20 06:00:00,0.1,25.8481,0.7213888888888889
2021-10-20 07:00:00,0.0,207.27147,1.0
2021-10-20 08:00:00,0.33,454.0618,1.0
2021-10-20 09:00:00,0.01,635.7468,1.0
2021-10-20 10:00:00,0.08,743.22894,1.0
2021-10-20 11:00:00,0.88,747.7145,1.0
2021-10-20 12:00:00,0.63,736.68604,1.0
2021-10-20 13:00:00,0.83,650.777,1.0
2021-10-20 14:00:00,0.29,507.37134,1.0
2021-10-20 15:00:00,0.0,306.0837,1.0
2021-10-20 16:00:00,0.0,99.08345,1.0
2021-10-20 17:00:00,0.43,0.0,0.23222222222222222
2021-10-20 18:00:00,1.0,0.0,0.0
2021-10-20 19:00:00,0.44,0.0,0.0
2021-10-20 20:00:00,0.54,0.0,0.0
2021-10-20 21:00:00,0.83,0.0,0.0
2021-10-20 22:00:00,0.9,0.0,0.0
2021-10-20 23:00:00,0.88,0.0,0.0
2021-10-21 00:00:00,0.85,0.0,0.0
2021-10-21 01:00:00,0.88,0.0,0.0
2021-10-21 02:00:00,1.0,0.0,0.0
2021-10-21 03:00:00,0.95,0.0,0.0
2021-10-21 04:00:00,0.96,0.0,0.0
2021-10-21 05:00:00,1.0,0.0,0.0
2021-10-21 06:00:00,1.0,15.902769,0.7033333333333334
2021-10-21 07:00:00,1.0,76.569275,1.0
2021-10-21 08:00:00,1.0,165.6594,1.0
2021-10-21 09:00:00,1.0,224.98875,1.0
2021-10-21 10:00:00,1.0,338.63464,1.0
2021-10-21 11:00:00,0.95,411.84195,1.0
2021-10-21 12:00:00,0.97,376.81787,1.0
2021-10-21 13:00:00,0.94,316.66043,1.0
2021-10-21 14:00:00,0.99,365.82822,1.0
2021-10-21 15:00:00,0.74,281.11676,1.0
2021-10-21 16:00:00,0.12,94.125206,1.0
2021-10-21 17:00:00,0.0,0.0,0.2088888888888889
2021-10-21 18:00:00,0.0,0.0,0.0
2021-10-21 19:00:00,0.0,0.0,0.0
2021-10-21 20:00:00,0.0,0.0,0.0
2021-10-21 21:00:00,0.0,0.0,0.0
2021-10-21 22:00:00,0.0,0.0,0.0
2021-10-21 23:00:00,0.0,0.0,0.0
2021-10-22 00:00:00,0.0,0.0,0.0
2021-10-22 01:00:00,0.0,0.0,0.0
2021-10-22 02:00:00,0.0,0.0,0.0
2021-10-22 03:00:00,0.0,0.0,0.0
2021-10-22 04:00:00,0.0,0.0,0.0
2021-10-22 05:00:00,0.01,0.0,0.0
2021-10-22 06:00:00,0.08,38.689354,0.6852777777777778
2021-10-22 07:00:00,0.06,242.14964,1.0
2021-10-22 08:00:00,0.0,458.3422,1.0
2021-10-22 09:00:00,0.0,630.53754,1.0
2021-10-22 10:00:00,0.0,742.78284,1.0
2021-10-22 11:00:00,0.0,785.7306,1.0
2021-10-22 12:00:00,0.22,755.47406,1.0
2021-10-22 13:00:00,0.56,651.2566,1.0
2021-10-22 14:00:00,0.44,491.5545,1.0
2021-10-22 15:00:00,0.77,264.67737,1.0
2021-10-22 16:00:00,0.94,81.51044,1.0
2021-10-22 17:00:00,0.78,0.0,0.18555555555555556
2021-10-22 18:00:00,0.84,0.0,0.0
2021-10-22 19:00:00,1.0,0.0,0.0
2021-10-22 20:00:00,0.79,0.0,0.0
2021-10-22 21:00:00,0.89,0.0,0.0
2021-10-22 22:00:00,1.0,0.0,0.0
2021-10-22 23:00:00,0.21,0.0,0.0
2021-10-23 00:00:00,0.02,0.0,0.0
2021-10-23 01:00:00,0.54,0.0,0.0
2021-10-23 02:00:00,0.91,0.0,0.0
2021-10-23 03:00:00,0.0,0.0,0.0
2021-10-23 04:00:00,0.57,0.0,0.0
2021-10-23 05:00:00,0.96,0.0,0.0
2021-10-23 06:00:00,1.0,12.921,0.6672222222222223
2021-10-23 07:00:00,0.98,148.37863,1.0
2021-10-23 08:00:00,0.97,343.98566,1.0
2021-10-23 09:00:00,1.0,452.67578,1.0
2021-10-23 10:00:00,1.0,480.13638,1.0
2021-10-23 11:00:00,1.0,353.02097,1.0
2021-10-23 12:00:00,1.0,226.5416,1.0
2021-10-23 13:00:00,1.0,429.82425,1.0
2021-10-23 14:00:00,1.0,129.20999,1.0
2021-10-23 15:00:00,1.0,87.430565,1.0
2021-10-23 16:00:00,1.0,19.878462,1.0
2021-10-23 17:00:00,1.0,0.0,0.16277777777777777
2021-10-23 18:00:00,1.0,0.0,0.0
2021-10-23 19:00:00,1.0,0.0,0.0
2021-10-23 20:00:00,1.0,0.0,0.0
2021-10-23 21:00:00,1.0,0.0,0.0
2021-10-23 22:00:00,1.0,0.0,0.0
2021-10-23 23:00:00,0.98,0.0,0.0
2021-10-24 00:00:00,1.0,0.0,0.0
2021-10-24 01:00:00,1.0,0.0,0.0
2021-10-24 02:00:00,0.98,0.0,0.0
2021-10-24 03:00:00,0.98,0.0,0.0
2021-10-24 04:00:00,1.0,0.0,0.0
2021-10-24 05:00:00,0.4,0.0,0.0
2021-10-24 06:00:00,0.34,27.035706,0.6488888888888888
2021-10-24 07:00:00,0.21,216.04448,1.0
2021-10-24 08:00:00,0.07,360.50168,1.0
2021-10-24 09:00:00,0.88,551.97156,1.0
2021-10-24 10:00:00,0.95,659.4661,1.0
2021-10-24 11:00:00,0.99,692.3404,1.0
2021-10-24 12:00:00,0.19,737.08276,1.0
2021-10-24 13:00:00,0.44,637.4185,1.0
2021-10-24 14:00:00,0.82,448.81033,1.0
2021-10-24 15:00:00,0.92,262.63428,1.0
2021-10-24 16:00:00,0.7,69.353355,1.0
2021-10-24 17:00:00,0.86,0.0,0.14
2021-10-24 18:00:00,1.0,0.0,0.0
2021-10-24 19:00:00,0.21,0.0,0.0
2021-10-24 20:00:00,0.25,0.0,0.0
2021-10-24 21:00:00,0.28,0.0,0.0
2021-10-24 22:00:00,0.62,0.0,0.0
2021-10-24 23:00:00,1.0,0.0,0.0
2021-10-25 00:00:00,0.98,0.0,0.0
2021-10-25 01:00:00,1.0,0.0,0.0
2021-10-25 02:00:00,0.78,0.0,0.0
2021-10-25 03:00:00,1.0,0.0,0.0
2021-10-25 04:00:00,1.0,0.0,0.0
2021-10-25 05:00:00,0.85,0.0,0.0
2021-10-25 06:00:00,1.0,9.939231,0.6308333333333334
2021-10-25 07:00:00,1.0,124.48341,1.0
2021-10-25 08:00:00,1.0,369.6552,1.0
2021-10-25 09:00:00,1.0,509.66074,1.0
2021-10-25 10:00:00,1.0,635.1427,1.0
2021-10-25 11:00:00,0.9,747.02277,1.0
2021-10-25 12:00:00,0.15,725.8474,1.0
2021-10-25 13:00:00,0.26,626.2048,1.0
2021-10-25 14:00:00,0.31,464.93387,1.0
2021-10-25 15:00:00,0.0,279.8971,1.0
2021-10-25 16:00:00,0.46,80.30442,1.0
2021-10-25 17:00:00,0.54,0.0,0.11777777777777777
2021-10-25 18:00:00,0.0,0.0,0.0
2021-10-25 19:00:00,0.0,0.0,0.0
2021-10-25 20:00:00,0.0,0.0,0.0
2021-10-25 21:00:00,0.0,0.0,0.0
2021-10-25 22:00:00,0.41,0.0,0.0
2021-10-25 23:00:00,0.46,0.0,0.0
2021-10-26 00:00:00,0.73,0.0,0.0
2021-10-26 01:00:00,0.53,0.0,0.0
2021-10-26 02:00:00,0.7,0.0,0.0
2021-10-26 03:00:00,0.92,0.0,0.0
2021-10-26 04:00:00,0.43,0.0,0.0
2021-10-26 05:00:00,0.54,0.0,0.0
2021-10-26 06:00:00,0.8,20.526184,0.6122222222222222
2021-10-26 07:00:00,0.92,178.21802,1.0
2021-10-26 08:00:00,0.94,382.92398,1.0
2021-10-26 09:00:00,0.69,536.1124,1.0
2021-10-26 10:00:00,0.17,698.95703,1.0
2021-10-26 11:00:00,0.5,506.6947,1.0
2021-10-26 12:00:00,0.94,331.67313,1.0
2021-10-26 13:00:00,0.45,561.232,1.0
2021-10-26 14:00:00,0.29,417.0383,1.0
2021-10-26 15:00:00,0.48,209.41684,1.0
2021-10-26 16:00:00,0.87,48.04237,1.0
2021-10-26 17:00:00,0.99,0.0,0.09583333333333334
2021-10-26 18:00:00,1.0,0.0,0.0
2021-10-26 19:00:00,1.0,0.0,0.0
2021-10-26 20:00:00,1.0,0.0,0.0
2021-10-26 21:00:00,1.0,0.0,0.0
2021-10-26 22:00:00,1.0,0.0,0.0
2021-10-26 23:00:00,0.97,0.0,0.0
2021-10-27 00:00:00,0.7,0.0,0.0
2021-10-27 01:00:00,0.74,0.0,0.0
2021-10-27 02:00:00,0.75,0.0,0.0
2021-10-27 03:00:00,0.72,0.0,0.0
2021-10-27 04:00:00,0.36,0.0,0.0
2021-10-27 05:00:00,0.33,0.0,0.0
2021-10-27 06:00:00,0.86,15.30443,0.5938888888888889
2021-10-27 07:00:00,0.86,112.97096,1.0
2021-10-27 08:00:00,0.85,218.30441,1.0
2021-10-27 09:00:00,0.71,492.22446,1.0
2021-10-27 10:00:00,0.57,550.1395,1.0
2021-10-27 11:00:00,0.42,557.50037,1.0
2021-10-27 12:00:00,0.34,654.4323,1.0
2021-10-27 13:00:00,0.24,570.44165,1.0
2021-10-27 14:00:00,0.31,390.2208,1.0
2021-10-27 15:00:00,0.28,225.09174,1.0
2021-10-27 16:00:00,0.4,68.338554,1.0
2021-10-27 17:00:00,0.37,0.0,0.07416666666666667
2021-10-27 18:00:00,1.0,0.0,0.0
2021-10-27 19:00:00,0.73,0.0,0.0
2021-10-27 20:00:00,0.69,0.0,0.0
2021-10-27 21:00:00,0.66,0.0,0.0
2021-10-27 22:00:00,0.53,0.0,0.0
2021-10-27 23:00:00,0.78,0.0,0.0
2021-10-28 00:00:00,0.8,0.0,0.0
2021-10-28 01:00:00,0.76,0.0,0.0
2021-10-28 02:00:00,0.72,0.0,0.0
2021-10-28 03:00:00,0.66,0.0,0.0
2021-10-28 04:00:00,0.73,0.0,0.0
2021-10-28 05:00:00,0.7,0.0,0.0
2021-10-28 06:00:00,0.99,3.9756923,0.5755555555555556
2021-10-28 07:00:00,1.0,42.71762,1.0
2021-10-28 08:00:00,1.0,152.34335,1.0
2021-10-28 09:00:00,0.99,233.51772,1.0
2021-10-28 10:00:00,0.87,412.90674,1.0
2021-10-28 11:00:00,0.66,570.1749,1.0
2021-10-28 12:00:00,0.69,667.0527,1.0
2021-10-28 13:00:00,0.41,595.4175,1.0
2021-10-28 14:00:00,0.15,446.76904,1.0
2021-10-28 15:00:00,0.17,262.73004,1.0
2021-10-28 16:00:00,0.03,69.2891,1.0
2021-10-28 17:00:00,0.03,0.0,0.05277777777777778
2021-10-28 18:00:00,0.06,0.0,0.0
2021-10-28 19:00:00,0.01,0.0,0.0
2021-10-28 20:00:00,0.01,0.0,0.0
2021-10-28 21:00:00,0.0,0.0,0.0
2021-10-28 22:00:00,0.0,0.0,0.0
2021-10-28 23:00:00,0.0,0.0,0.0
2021-10-29 00:00:00,0.0,0.0,0.0
2021-10-29 01:00:00,0.0,0.0,0.0
2021-10-29 02:00:00,0.0,0.0,0.0
2021-10-29 03:00:00,0.0,0.0,0.0
2021-10-29 04:00:00,0.0,0.0,0.0
2021-10-29 05:00:00,0.0,0.0,0.0
2021-10-29 06:00:00,0.01,22.347248,0.5569444444444445
2021-10-29 07:00:00,0.02,212.82977,1.0
2021-10-29 08:00:00,0.0,423.65045,1.0
2021-10-29 09:00:00,0.0,594.50024,1.0
2021-10-29 10:00:00,0.0,706.07007,1.0
2021-10-29 11:00:00,0.0,748.58606,1.0
2021-10-29 12:00:00,0.0,718.7111,1.0
2021-10-29 13:00:00,0.0,620.20605,1.0
2021-10-29 14:00:00,0.0,462.41138,1.0
2021-10-29 15:00:00,0.0,265.3339,1.0
2021-10-29 16:00:00,0.0,67.84962,1.0
2021-10-29 17:00:00,0.0,0.0,0.03194444444444444
2021-10-29 18:00:00,0.0,0.0,0.0
2021-10-29 19:00:00,0.0,0.0,0.0
2021-10-29 20:00:00,0.0,0.0,0.0
2021-10-29 21:00:00,0.0,0.0,0.0
2021-10-29 22:00:00,0.0,0.0,0.0
2021-10-29 23:00:00,0.0,0.0,0.0
2021-10-30 00:00:00,0.0,0.0,0.0
2021-10-30 01:00:00,0.0,0.0,0.0
2021-10-30 02:00:00,0.0,0.0,0.0
2021-10-30 03:00:00,0.0,0.0,0.0
2021-10-30 04:00:00,0.0,0.0,0.0
2021-10-30 05:00:00,0.0,0.0,0.0
2021-10-30 06:00:00,0.13,21.723186,0.5383333333333333
2021-10-30 07:00:00,0.49,213.02014,1.0
2021-10-30 08:00:00,0.01,426.12973,1.0
2021-10-30 09:00:00,0.0,594.85077,1.0
2021-10-30 10:00:00,0.0,704.4146,1.0
2021-10-30 11:00:00,0.01,745.2224,1.0
2021-10-30 12:00:00,0.27,711.1078,1.0
2021-10-30 13:00:00,0.79,592.1598,1.0
2021-10-30 14:00:00,0.93,400.97342,1.0
2021-10-30 15:00:00,0.99,212.51819,1.0
2021-10-30 16:00:00,0.78,50.973396,1.0
2021-10-30 17:00:00,0.97,0.0,0.01138888888888889
2021-10-30 18:00:00,0.65,0.0,0.0
2021-10-30 19:00:00,0.92,0.0,0.0
2021-10-30 20:00:00,0.99,0.0,0.0
2021-10-30 21:00:00,0.92,0.0,0.0
2021-10-30 22:00:00,0.39,0.0,0.0
2021-10-30 23:00:00,0.42,0.0,0.0
2021-10-31 00:00:00,0.58,0.0,0.0
2021-10-31 01:00:00,0.95,0.0,0.0
2021-10-31 02:00:00,1.0,0.0,0.0
2021-10-31 03:00:00,0.86,0.0,0.0
2021-10-31 04:00:00,0.87,0.0,0.0
2021-10-31 05:00:00,1.0,0.0,0.0
2021-10-31 06:00:00,1.0,3.9756923,0.5197222222222222
2021-10-31 07:00:00,1.0,45.720463,1.0
2021-10-31 08:00:00,1.0,80.50777,1.0
2021-10-31 09:00:00,1.0,165.0338,1.0
2021-10-31 10:00:00,1.0,213.5792,1.0
2021-10-31 11:00:00,1.0,243.38145,1.0
2021-10-31 12:00:00,1.0,246.06537,1.0
2021-10-31 13:00:00,1.0,242.60518,1.0
2021-10-31 14:00:00,1.0,213.83478,1.0
2021-10-31 15:00:00,1.0,126.11624,1.0
2021-10-31 16:00:00,1.0,19.878462,0.9916666666666667
2021-10-31 17:00:00,1.0,0.0,0.0
2021-10-31 18:00:00,1.0,0.0,0.0
2021-10-31 19:00:00,1.0,0.0,0.0
2021-10-31 20:00:00,1.0,0.0,0.0
2021-10-31 21:00:00,1.0,0.0,0.0
2021-10-31 22:00:00,1.0,0.0,0.0
2021-10-31 23:00:00,0.6,0.0,0.0
2021-11-01 00:00:00,0.52,0.0,0.0
2021-11-01 01:00:00,0.48,0.0,0.0
2021-11-01 02:00:00,0.52,0.0,0.0
2021-11-01 03:00:00,0.79,0.0,0.0
2021-11-01 04:00:00,0.67,0.0,0.0
2021-11-01 05:00:00,1.0,0.0,0.0
2021-11-01 06:00:00,1.0,4.9696155,0.5013888888888889
2021-11-01 07:00:00,1.0,55.74146,1.0
2021-11-01 08:00:00,1.0,137.39145,1.0
2021-11-01 09:00:00,1.0,224.49542,1.0
2021-11-01 10:00:00,1.0,272.6248,1.0
2021-11-01 11:00:00,1.0,428.7113,1.0
2021-11-01 12:00:00,0.99,482.61047,1.0
2021-11-01 13:00:00,1.0,316.95007,1.0
2021-11-01 14:00:00,1.0,201.66125,1.0
2021-11-01 15:00:00,1.0,105.00431,1.0
2021-11-01 16:00:00,1.0,18.884539,0.9722222222222222
2021-11-01 17:00:00,1.0,0.0,0.0
2021-11-01 18:00:00,1.0,0.0,0.0
2021-11-01 19:00:00,1.0,0.0,0.0
2021-11-01 20:00:00,1.0,0.0,0.0
2021-11-01 21:00:00,1.0,0.0,0.0
2021-11-01 22:00:00,1.0,0.0,0.0
2021-11-01 23:00:00,1.0,0.0,0.0
2021-11-02 00:00:00,1.0,0.0,0.0
2021-11-02 01:00:00,1.0,0.0,0.0
2021-11-02 02:00:00,1.0,0.0,0.0
2021-11-02 03:00:00,1.0,0.0,0.0
2021-11-02 04:00:00,1.0,0.0,0.0
2021-11-02 05:00:00,1.0,0.0,0.0
2021-11-02 06:00:00,1.0,3.9756923,0.48277777777777775
2021-11-02 07:00:00,1.0,56.653618,1.0
2021-11-02 08:00:00,1.0,119.67677,1.0
2021-11-02 09:00:00,1.0,199.03304,1.0
2021-11-02 10:00:00,1.0,298.7448,1.0
2021-11-02 11:00:00,1.0,340.566,1.0
2021-11-02 12:00:00,1.0,410.64786,1.0
2021-11-02 13:00:00,1.0,264.14612,1.0
2021-11-02 14:00:00,1.0,196.26869,1.0
2021-11-02 15:00:00,1.0,144.86339,1.0
2021-11-02 16:00:00,1.0,36.372837,0.9533333333333334
2021-11-02 17:00:00,0.96,0.0,0.0
2021-11-02 18:00:00,0.61,0.0,0.0
2021-11-02 19:00:00,0.89,0.0,0.0
2021-11-02 20:00:00,0.99,0.0,0.0
2021-11-02 21:00:00,0.49,0.0,0.0
2021-11-02 22:00:00,0.27,0.0,0.0
2021-11-02 23:00:00,0.44,0.0,0.0
2021-11-03 00:00:00,0.59,0.0,0.0
2021-11-03 01:00:00,1.0,0.0,0.0
2021-11-03 02:00:00,1.0,0.0,0.0
2021-11-03 03:00:00,0.95,0.0,0.0
2021-11-03 04:00:00,0.37,0.0,0.0
2021-11-03 05:00:00,0.18,0.0,0.0
2021-11-03 06:00:00,0.05,13.699997,0.46416666666666667
2021-11-03 07:00:00,0.14,175.30591,1.0
2021-11-03 08:00:00,0.33,364.6782,1.0
2021-11-03 09:00:00,0.25,533.4207,1.0
2021-11-03 10:00:00,0.28,647.9834,1.0
2021-11-03 11:00:00,0.16,668.6038,1.0
2021-11-03 12:00:00,0.09,665.905,1.0
2021-11-03 13:00:00,0.0,581.4359,1.0
2021-11-03 14:00:00,0.0,419.21954,1.0
2021-11-03 15:00:00,0.0,245.14319,1.0
2021-11-03 16:00:00,0.0,54.130768,0.935
2021-11-03 17:00:00,0.0,0.0,0.0
2021-11-03 18:00:00,0.0,0.0,0.0
2021-11-03 19:00:00,0.0,0.0,0.0
2021-11-03 20:00:00,0.0,0.0,0.0
2021-11-03 21:00:00,0.03,0.0,0.0
2021-11-03 22:00:00,0.0,0.0,0.0
2021-11-03 23:00:00,0.0,0.0,0.0
2021-11-04 00:00:00,0.02,0.0,0.0
2021-11-04 01:00:00,0.0,0.0,0.0
2021-11-04 02:00:00,0.54,0.0,0.0
2021-11-04 03:00:00,0.75,0.0,0.0
2021-11-04 04:00:00,0.38,0.0,0.0
2021-11-04 05:00:00,0.19,0.0,0.0
2021-11-04 06:00:00,0.22,10.95339,0.44555555555555554
2021-11-04 07:00:00,0.54,181.53896,1.0
2021-11-04 08:00:00,0.51,375.78952,1.0
2021-11-04 09:00:00,0.35,561.9622,1.0
2021-11-04 10:00:00,0.44,670.11664,1.0
2021-11-04 11:00:00,0.34,716.5126,1.0
2021-11-04 12:00:00,0.12,688.58636,1.0
2021-11-04 13:00:00,0.0,591.3826,1.0
2021-11-04 14:00:00,0.0,435.6239,1.0
2021-11-04 15:00:00,0.0,240.39085,1.0
2021-11-04 16:00:00,0.0,52.576267,0.9169444444444445
2021-11-04 17:00:00,0.0,0.0,0.0
2021-11-04 18:00:00,0.74,0.0,0.0
2021-11-04 19:00:00,1.0,0.0,0.0
2021-11-04 20:00:00,1.0,0.0,0.0
2021-11-04 21:00:00,0.99,0.0,0.0
2021-11-04 22:00:00,0.82,0.0,0.0
2021-11-04 23:00:00,0.26,0.0,0.0
2021-11-05 00:00:00,0.71,0.0,0.0
2021-11-05 01:00:00,0.87,0.0,0.0
2021-11-05 02:00:00,0.33,0.0,0.0
2021-11-05 03:00:00,0.0,0.0,0.0
2021-11-05 04:00:00,0.0,0.0,0.0
2021-11-05 05:00:00,0.0,0.0,0.0
2021-11-05 06:00:00,0.0,13.2148485,0.42694444444444446
2021-11-05 07:00:00,0.0,190.66943,1.0
2021-11-05 08:00:00,0.0,399.5834,1.0
2021-11-05 09:00:00,0.0,567.6921,1.0
2021-11-05 10:00:00,0.0,679.2048,1.0
2021-11-05 11:00:00,0.0,719.40826,1.0
2021-11-05 12:00:00,0.0,689.6417,1.0
2021-11-05 13:00:00,0.0,591.1172,1.0
2021-11-05 14:00:00,0.0,435.24634,1.0
2021-11-05 15:00:00,0.0,239.41243,1.0
2021-11-05 16:00:00,0.0,50.690533,0.8994444444444445
2021-11-05 17:00:00,0.0,0.0,0.0
2021-11-05 18:00:00,0.21,0.0,0.0
2021-11-05 19:00:00,0.0,0.0,0.0
2021-11-05 20:00:00,0.0,0.0,0.0
2021-11-05 21:00:00,0.05,0.0,0.0
2021-11-05 22:00:00,0.0,0.0,0.0
2021-11-05 23:00:00,0.2,0.0,0.0
2021-11-06 00:00:00,0.57,0.0,0.0
2021-11-06 01:00:00,0.72,0.0,0.0
2021-11-06 02:00:00,0.94,0.0,0.0
2021-11-06 03:00:00,0.76,0.0,0.0
2021-11-06 04:00:00,0.59,0.0,0.0
2021-11-06 05:00:00,0.92,0.0,0.0
2021-11-06 06:00:00,0.88,7.149884,0.40805555555555556
2021-11-06 07:00:00,0.96,131.2118,1.0
2021-11-06 08:00:00,0.19,383.80984,1.0
2021-11-06 09:00:00,0.04,576.23267,1.0
2021-11-06 10:00:00,0.62,652.01105,1.0
2021-11-06 11:00:00,0.74,716.4138,1.0
2021-11-06 12:00:00,0.77,681.78125,1.0
2021-11-06 13:00:00,0.48,583.49884,1.0
2021-11-06 14:00:00,0.2,432.14526,1.0
2021-11-06 15:00:00,0.12,240.92921,1.0
2021-11-06 16:00:00,0.0,48.783333,0.8822222222222222
2021-11-06 17:00:00,0.0,0.0,0.0
2021-11-06 18:00:00,0.81,0.0,0.0
2021-11-06 19:00:00,0.85,0.0,0.0
2021-11-06 20:00:00,0.94,0.0,0.0
2021-11-06 21:00:00,0.96,0.0,0.0
2021-11-06 22:00:00,0.85,0.0,0.0
2021-11-06 23:00:00,0.66,0.0,0.0
2021-11-07 00:00:00,0.99,0.0,0.0
2021-11-07 01:00:00,0.98,0.0,0.0
2021-11-07 02:00:00,0.95,0.0,0.0
2021-11-07 03:00:00,0.89,0.0,0.0
2021-11-07 04:00:00,0.92,0.0,0.0
2021-11-07 05:00:00,0.87,0.0,0.0
2021-11-07 06:00:00,0.91,9.5341215,0.3888888888888889
2021-11-07 07:00:00,0.45,176.59804,1.0
2021-11-07 08:00:00,0.85,335.07828,1.0
2021-11-07 09:00:00,0.9,513.2634,1.0
2021-11-07 10:00:00,0.13,670.69727,1.0
2021-11-07 11:00:00,0.0,718.36017,1.0
2021-11-07 12:00:00,0.0,686.7615,1.0
2021-11-07 13:00:00,0.0,585.66656,1.0
2021-11-07 14:00:00,0.0,429.5809,1.0
2021-11-07 15:00:00,0.0,233.28659,1.0
2021-11-07 16:00:00,0.0,46.474617,0.8655555555555555
2021-11-07 17:00:00,0.0,0.0,0.0
2021-11-07 18:00:00,0.0,0.0,0.0
2021-11-07 19:00:00,0.0,0.0,0.0
2021-11-07 20:00:00,0.0,0.0,0.0
2021-11-07 21:00:00,0.0,0.0,0.0
2021-11-07 22:00:00,0.0,0.0,0.0
2021-11-07 23:00:00,0.0,0.0,0.0
2021-11-08 00:00:00,0.0,0.0,0.0
2021-11-08 01:00:00,0.03,0.0,0.0
2021-11-08 02:00:00,0.0,0.0,0.0
2021-11-08 03:00:00,0.04,0.0,0.0
2021-11-08 04:00:00,0.07,0.0,0.0
2021-11-08 05:00:00,0.03,0.0,0.0
2021-11-08 06:00:00,0.17,6.3681097,0.36972222222222223
2021-11-08 07:00:00,0.58,95.076965,1.0
2021-11-08 08:00:00,0.68,211.97592,1.0
2021-11-08 09:00:00,0.85,290.8015,1.0
2021-11-08 10:00:00,1.0,461.7892,1.0
2021-11-08 11:00:00,1.0,533.01556,1.0
2021-11-08 12:00:00,0.94,545.6289,1.0
2021-11-08 13:00:00,1.0,477.51562,1.0
2021-11-08 14:00:00,1.0,329.39084,1.0
2021-11-08 15:00:00,1.0,122.67554,1.0
2021-11-08 16:00:00,1.0,17.890615,0.8488888888888889
2021-11-08 17:00:00,1.0,0.0,0.0
2021-11-08 18:00:00,0.75,0.0,0.0
2021-11-08 19:00:00,0.02,0.0,0.0
2021-11-08 20:00:00,0.36,0.0,0.0
2021-11-08 21:00:00,0.11,0.0,0.0
2021-11-08 22:00:00,0.02,0.0,0.0
2021-11-08 23:00:00,0.0,0.0,0.0
2021-11-09 00:00:00,0.0,0.0,0.0
2021-11-09 01:00:00,0.0,0.0,0.0
2021-11-09 02:00:00,0.0,0.0,0.0
2021-11-09 03:00:00,0.0,0.0,0.0
2021-11-09 04:00:00,0.0,0.0,0.0
2021-11-09 05:00:00,0.0,0.0,0.0
2021-11-09 06:00:00,0.59,5.493358,0.35055555555555556
2021-11-09 07:00:00,0.65,120.1061,1.0
2021-11-09 08:00:00,0.57,276.0248,1.0
2021-11-09 09:00:00,0.92,505.69574,1.0
2021-11-09 10:00:00,0.88,620.08325,1.0
2021-11-09 11:00:00,1.0,555.1301,1.0
2021-11-09 12:00:00,1.0,386.45694,1.0
2021-11-09 13:00:00,1.0,328.10397,1.0
2021-11-09 14:00:00,1.0,270.85806,1.0
2021-11-09 15:00:00,1.0,116.12913,1.0
2021-11-09 16:00:00,1.0,16.317457,0.8327777777777777
2021-11-09 17:00:00,1.0,0.0,0.0
2021-11-09 18:00:00,1.0,0.0,0.0
2021-11-09 19:00:00,1.0,0.0,0.0
2021-11-09 20:00:00,0.63,0.0,0.0
2021-11-09 21:00:00,0.96,0.0,0.0
2021-11-09 22:00:00,0.98,0.0,0.0
2021-11-09 23:00:00,0.95,0.0,0.0
2021-11-10 00:00:00,1.0,0.0,0.0
2021-11-10 01:00:00,1.0,0.0,0.0
2021-11-10 02:00:00,1.0,0.0,0.0
2021-11-10 03:00:00,0.99,0.0,0.0
2021-11-10 04:00:00,1.0,0.0,0.0
2021-11-10 05:00:00,1.0,0.0,0.0
2021-11-10 06:00:00,1.0,1.9878461,0.3313888888888889
2021-11-10 07:00:00,0.97,81.79692,1.0
2021-11-10 08:00:00,0.67,363.89133,1.0
2021-11-10 09:00:00,0.22,523.55597,1.0
2021-11-10 10:00:00,0.31,633.55237,1.0
2021-11-10 11:00:00,0.36,716.29156,1.0
2021-11-10 12:00:00,0.1,681.56995,1.0
2021-11-10 13:00:00,0.01,572.96936,1.0
2021-11-10 14:00:00,0.03,420.67715,1.0
2021-11-10 15:00:00,0.0,229.12248,1.0
2021-11-10 16:00:00,0.06,41.467415,0.8172222222222222
2021-11-10 17:00:00,0.01,0.0,0.0
2021-11-10 18:00:00,0.13,0.0,0.0
2021-11-10 19:00:00,0.55,0.0,0.0
2021-11-10 20:00:00,0.33,0.0,0.0
2021-11-10 21:00:00,0.55,0.0,0.0
2021-11-10 22:00:00,0.84,0.0,0.0
2021-11-10 23:00:00,0.99,0.0,0.0
2021-11-11 00:00:00,0.99,0.0,0.0
2021-11-11 01:00:00,0.45,0.0,0.0
2021-11-11 02:00:00,0.24,0.0,0.0
2021-11-11 03:00:00,0.43,0.0,0.0
2021-11-11 04:00:00,0.48,0.0,0.0
2021-11-11 05:00:00,0.75,0.0,0.0
2021-11-11 06:00:00,0.45,5.763524,0.31222222222222223
2021-11-11 07:00:00,0.37,140.82764,1.0
2021-11-11 08:00:00,0.81,324.89252,1.0
2021-11-11 09:00:00,0.69,486.39703,1.0
2021-11-11 10:00:00,0.07,586.27313,1.0
2021-11-11 11:00:00,0.6,568.0845,1.0
2021-11-11 12:00:00,0.8,554.3674,1.0
2021-11-11 13:00:00,0.98,308.09406,1.0
2021-11-11 14:00:00,0.98,183.1167,1.0
2021-11-11 15:00:00,1.0,96.32857,1.0
2021-11-11 16:00:00,1.0,16.355238,0.8019444444444445
2021-11-11 17:00:00,1.0,0.0,0.0
2021-11-11 18:00:00,0.98,0.0,0.0
2021-11-11 19:00:00,0.93,0.0,0.0
2021-11-11 20:00:00,0.96,0.0,0.0
2021-11-11 21:00:00,1.0,0.0,0.0
2021-11-11 22:00:00,0.99,0.0,0.0
2021-11-11 23:00:00,0.8,0.0,0.0
2021-11-12 00:00:00,0.8,0.0,0.0
2021-11-12 01:00:00,0.75,0.0,0.0
2021-11-12 02:00:00,0.87,0.0,0.0
2021-11-12 03:00:00,0.95,0.0,0.0
2021-11-12 04:00:00,0.98,0.0,0.0
2021-11-12 05:00:00,1.0,0.0,0.0
2021-11-12 06:00:00,1.0,0.99392307,0.2927777777777778
2021-11-12 07:00:00,1.0,30.811617,1.0
2021-11-12 08:00:00,1.0,119.993935,1.0
2021-11-12 09:00:00,1.0,146.94846,1.0
2021-11-12 10:00:00,0.76,392.5146,1.0
2021-11-12 11:00:00,0.82,581.2239,1.0
2021-11-12 12:00:00,0.68,590.47485,1.0
2021-11-12 13:00:00,0.5,508.74078,1.0
2021-11-12 14:00:00,0.93,350.8714,1.0
2021-11-12 15:00:00,0.71,196.38588,1.0
2021-11-12 16:00:00,0.54,30.510809,0.7869444444444444
2021-11-12 17:00:00,0.56,0.0,0.0
2021-11-12 18:00:00,1.0,0.0,0.0
2021-11-12 19:00:00,0.96,0.0,0.0
2021-11-12 20:00:00,0.96,0.0,0.0
2021-11-12 21:00:00,0.95,0.0,0.0
2021-11-12 22:00:00,0.62,0.0,0.0
2021-11-12 23:00:00,0.95,0.0,0.0
2021-11-13 00:00:00,0.74,0.0,0.0
2021-11-13 01:00:00,0.9,0.0,0.0
2021-11-13 02:00:00,0.73,0.0,0.0
2021-11-13 03:00:00,1.0,0.0,0.0
2021-11-13 04:00:00,1.0,0.0,0.0
2021-11-13 05:00:00,0.99,0.0,0.0
2021-11-13 06:00:00,1.0,0.0,0.27361111111111114
2021-11-13 07:00:00,1.0,62.601757,1.0
2021-11-13 08:00:00,1.0,207.18811,1.0
2021-11-13 09:00:00,1.0,353.10333,1.0
2021-11-13 10:00:00,1.0,496.66614,1.0
2021-11-13 11:00:00,0.96,585.2073,1.0
2021-11-13 12:00:00,0.98,464.239,1.0
2021-11-13 13:00:00,0.93,321.8943,1.0
2021-11-13 14:00:00,0.4,345.2524,1.0
2021-11-13 15:00:00,0.88,183.74167,1.0
2021-11-13 16:00:00,0.4,31.238949,0.7725
2021-11-13 17:00:00,0.33,0.0,0.0
2021-11-13 18:00:00,1.0,0.0,0.0
2021-11-13 19:00:00,1.0,0.0,0.0
2021-11-13 20:00:00,1.0,0.0,0.0
2021-11-13 21:00:00,0.97,0.0,0.0
2021-11-13 22:00:00,1.0,0.0,0.0
2021-11-13 23:00:00,0.98,0.0,0.0
2021-11-14 00:00:00,0.98,0.0,0.0
2021-11-14 01:00:00,1.0,0.0,0.0
2021-11-14 02:00:00,1.0,0.0,0.0
2021-11-14 03:00:00,0.96,0.0,0.0
2021-11-14 04:00:00,0.97,0.0,0.0
2021-11-14 05:00:00,0.98,0.0,0.0
2021-11-14 06:00:00,0.96,0.0,0.2544444444444444
2021-11-14 07:00:00,0.99,130.10881,1.0
2021-11-14 08:00:00,0.85,316.98956,1.0
2021-11-14 09:00:00,0.97,458.6556,1.0
2021-11-14 10:00:00,0.99,543.5308,1.0
2021-11-14 11:00:00,0.99,597.74115,1.0
2021-11-14 12:00:00,1.0,557.6668,1.0
2021-11-14 13:00:00,1.0,456.14154,1.0
2021-11-14 14:00:00,0.98,329.59564,1.0
2021-11-14 15:00:00,0.98,163.04767,1.0
2021-11-14 16:00:00,1.0,24.453436,0.7586111111111111
2021-11-14 17:00:00,0.98,0.0,0.0
2021-11-14 18:00:00,0.95,0.0,0.0
2021-11-14 19:00:00,0.57,0.0,0.0
2021-11-14 20:00:00,0.65,0.0,0.0
2021-11-14 21:00:00,0.62,0.0,0.0
2021-11-14 22:00:00,0.44,0.0,0.0
2021-11-14 23:00:00,0.46,0.0,0.0
2021-11-15 00:00:00,0.36,0.0,0.0
2021-11-15 01:00:00,0.88,0.0,0.0
2021-11-15 02:00:00,0.68,0.0,0.0
2021-11-15 03:00:00,0.92,0.0,0.0
2021-11-15 04:00:00,0.84,0.0,0.0
2021-11-15 05:00:00,0.98,0.0,0.0
2021-11-15 06:00:00,0.8,0.0,0.23527777777777778
2021-11-15 07:00:00,0.75,130.13681,1.0
2021-11-15 08:00:00,0.14,331.40378,1.0
2021-11-15 09:00:00,0.94,441.38046,1.0
2021-11-15 10:00:00,0.96,476.98425,1.0
2021-11-15 11:00:00,0.99,413.75882,1.0
2021-11-15 12:00:00,1.0,284.2445,1.0
2021-11-15 13:00:00,0.96,274.52524,1.0
2021-11-15 14:00:00,1.0,205.29962,1.0
2021-11-15 15:00:00,1.0,108.38297,1.0
2021-11-15 16:00:00,1.0,19.555552,0.7452777777777778
2021-11-15 17:00:00,1.0,0.0,0.0
2021-11-15 18:00:00,0.9,0.0,0.0
2021-11-15 19:00:00,0.94,0.0,0.0
2021-11-15 20:00:00,0.99,0.0,0.0
2021-11-15 21:00:00,1.0,0.0,0.0
2021-11-15 22:00:00,1.0,0.0,0.0
2021-11-15 23:00:00,1.0,0.0,0.0
2021-11-16 00:00:00,0.99,0.0,0.0
2021-11-16 01:00:00,1.0,0.0,0.0
2021-11-16 02:00:00,1.0,0.0,0.0
2021-11-16 03:00:00,0.99,0.0,0.0
2021-11-16 04:00:00,1.0,0.0,0.0
2021-11-16 05:00:00,0.97,0.0,0.0
2021-11-16 06:00:00,1.0,0.0,0.21638888888888888
2021-11-16 07:00:00,0.86,103.20773,1.0
2021-11-16 08:00:00,0.9,317.74814,1.0
2021-11-16 09:00:00,0.9,515.2254,1.0
2021-11-16 10:00:00,0.95,572.8807,1.0
2021-11-16 11:00:00,0.98,629.7452,1.0
2021-11-16 12:00:00,1.0,574.5603,1.0
2021-11-16 13:00:00,1.0,501.57596,1.0
2021-11-16 14:00:00,0.9,373.46503,1.0
2021-11-16 15:00:00,0.88,168.37373,1.0
2021-11-16 16:00:00,0.66,26.835396,0.7322222222222222
2021-11-16 17:00:00,0.39,0.0,0.0
2021-11-16 18:00:00,0.0,0.0,0.0
2021-11-16 19:00:00,0.02,0.0,0.0
2021-11-16 20:00:00,0.0,0.0,0.0
2021-11-16 21:00:00,0.0,0.0,0.0
2021-11-16 22:00:00,0.0,0.0,0.0
2021-11-16 23:00:00,0.65,0.0,0.0
2021-11-17 00:00:00,0.87,0.0,0.0
2021-11-17 01:00:00,0.53,0.0,0.0
2021-11-17 02:00:00,0.01,0.0,0.0
2021-11-17 03:00:00,1.0,0.0,0.0
2021-11-17 04:00:00,0.95,0.0,0.0
2021-11-17 05:00:00,1.0,0.0,0.0
2021-11-17 06:00:00,1.0,0.0,0.1975
2021-11-17 07:00:00,0.99,66.54008,1.0
2021-11-17 08:00:00,0.48,285.64114,1.0
2021-11-17 09:00:00,1.0,419.1328,1.0
2021-11-17 10:00:00,0.97,519.791,1.0
2021-11-17 11:00:00,0.77,562.84796,1.0
2021-11-17 12:00:00,0.47,568.7325,1.0
2021-11-17 13:00:00,0.58,484.81064,1.0
2021-11-17 14:00:00,0.51,372.36588,1.0
2021-11-17 15:00:00,0.0,202.68756,1.0
2021-11-17 16:00:00,0.0,30.30352,0.7197222222222223
2021-11-17 17:00:00,0.0,0.0,0.0
2021-11-17 18:00:00,0.0,0.0,0.0
2021-11-17 19:00:00,0.0,0.0,0.0
2021-11-17 20:00:00,0.0,0.0,0.0
2021-11-17 21:00:00,0.0,0.0,0.0
2021-11-17 22:00:00,0.0,0.0,0.0
2021-11-17 23:00:00,0.0,0.0,0.0
2021-11-18 00:00:00,0.0,0.0,0.0
2021-11-18 01:00:00,0.0,0.0,0.0
2021-11-18 02:00:00,0.0,0.0,0.0
2021-11-18 03:00:00,0.0,0.0,0.0
2021-11-18 04:00:00,0.0,0.0,0.0
2021-11-18 05:00:00,0.04,0.0,0.0
2021-11-18 06:00:00,0.39,0.0,0.1786111111111111
2021-11-18 07:00:00,0.31,138.93407,1.0
2021-11-18 08:00:00,0.99,330.36792,1.0
2021-11-18 09:00:00,0.83,511.04855,1.0
2021-11-18 10:00:00,0.94,597.8659,1.0
2021-11-18 11:00:00,0.94,659.3217,1.0
2021-11-18 12:00:00,0.93,614.6551,1.0
2021-11-18 13:00:00,0.97,473.71594,1.0
2021-11-18 14:00:00,0.98,353.9798,1.0
2021-11-18 15:00:00,0.41,193.98691,1.0
2021-11-18 16:00:00,0.52,28.982367,0.7080555555555555
2021-11-18 17:00:00,1.0,0.0,0.0
2021-11-18 18:00:00,1.0,0.0,0.0
2021-11-18 19:00:00,1.0,0.0,0.0
2021-11-18 20:00:00,1.0,0.0,0.0
2021-11-18 21:00:00,1.0,0.0,0.0
2021-11-18 22:00:00,1.0,0.0,0.0
2021-11-18 23:00:00,0.98,0.0,0.0
2021-11-19 00:00:00,0.87,0.0,0.0
2021-11-19 01:00:00,1.0,0.0,0.0
2021-11-19 02:00:00,1.0,0.0,0.0
2021-11-19 03:00:00,1.0,0.0,0.0
2021-11-19 04:00:00,0.99,0.0,0.0
2021-11-19 05:00:00,0.94,0.0,0.0
2021-11-19 06:00:00,0.88,0.0,0.16
2021-11-19 07:00:00,0.75,104.732216,1.0
2021-11-19 08:00:00,1.0,181.03593,1.0
2021-11-19 09:00:00,0.75,374.78195,1.0
2021-11-19 10:00:00,0.21,588.4013,1.0
2021-11-19 11:00:00,0.16,607.8631,1.0
2021-11-19 12:00:00,0.06,606.3117,1.0
2021-11-19 13:00:00,0.22,524.0224,1.0
2021-11-19 14:00:00,0.08,366.42908,1.0
2021-11-19 15:00:00,0.19,185.1265,1.0
2021-11-19 16:00:00,0.56,23.791798,0.6966666666666667
2021-11-19 17:00:00,0.54,0.0,0.0
2021-11-19 18:00:00,0.39,0.0,0.0
2021-11-19 19:00:00,0.91,0.0,0.0
2021-11-19 20:00:00,0.75,0.0,0.0
2021-11-19 21:00:00,1.0,0.0,0.0
2021-11-19 22:00:00,1.0,0.0,0.0
2021-11-19 23:00:00,1.0,0.0,0.0
2021-11-20 00:00:00,1.0,0.0,0.0
2021-11-20 01:00:00,0.8,0.0,0.0
2021-11-20 02:00:00,0.4,0.0,0.0
2021-11-20 03:00:00,0.2,0.0,0.0
2021-11-20 04:00:00,0.0,0.0,0.0
2021-11-20 05:00:00,0.01,0.0,0.0
2021-11-20 06:00:00,0.05,0.0,0.14166666666666666
2021-11-20 07:00:00,0.65,98.39637,1.0
2021-11-20 08:00:00,0.38,276.8944,1.0
2021-11-20 09:00:00,0.52,438.12103,1.0
2021-11-20 10:00:00,0.88,560.0554,1.0
2021-11-20 11:00:00,0.97,392.06528,1.0
2021-11-20 12:00:00,0.95,405.14774,1.0
2021-11-20 13:00:00,0.81,388.4497,1.0
2021-11-20 14:00:00,0.95,230.03694,1.0
2021-11-20 15:00:00,0.84,136.18408,1.0
2021-11-20 16:00:00,0.7,17.443443,0.6858333333333333
2021-11-20 17:00:00,0.93,0.0,0.0
2021-11-20 18:00:00,0.75,0.0,0.0
2021-11-20 19:00:00,0.65,0.0,0.0
2021-11-20 20:00:00,0.3,0.0,0.0
2021-11-20 21:00:00,0.31,0.0,0.0
2021-11-20 22:00:00,0.29,0.0,0.0
2021-11-20 23:00:00,0.02,0.0,0.0
2021-11-21 00:00:00,0.03,0.0,0.0
2021-11-21 01:00:00,0.02,0.0,0.0
2021-11-21 02:00:00,0.05,0.0,0.0
2021-11-21 03:00:00,0.0,0.0,0.0
2021-11-21 04:00:00,0.0,0.0,0.0
2021-11-21 05:00:00,0.04,0.0,0.0
2021-11-21 06:00:00,0.07,0.0,0.12361111111111112
2021-11-21 07:00:00,0.08,115.85739,1.0
2021-11-21 08:00:00,0.03,325.12534,1.0
2021-11-21 09:00:00,0.0,502.03464,1.0
2021-11-21 10:00:00,0.0,618.8149,1.0
2021-11-21 11:00:00,0.0,664.7398,1.0
2021-11-21 12:00:00,0.0,638.2679,1.0
2021-11-21 13:00:00,0.0,543.778,1.0
2021-11-21 14:00:00,0.0,389.63184,1.0
2021-11-21 15:00:00,0.0,196.46808,1.0
2021-11-21 16:00:00,0.0,27.068964,0.6758333333333333
2021-11-21 17:00:00,0.0,0.0,0.0
2021-11-21 18:00:00,0.29,0.0,0.0
2021-11-21 19:00:00,0.58,0.0,0.0
2021-11-21 20:00:00,0.63,0.0,0.0
2021-11-21 21:00:00,0.3,0.0,0.0
2021-11-21 22:00:00,0.6,0.0,0.0
2021-11-21 23:00:00,0.01,0.0,0.0
2021-11-22 00:00:00,0.09,0.0,0.0
2021-11-22 01:00:00,0.28,0.0,0.0
2021-11-22 02:00:00,0.25,0.0,0.0
2021-11-22 03:00:00,0.18,0.0,0.0
2021-11-22 04:00:00,0.0,0.0,0.0
2021-11-22 05:00:00,0.0,0.0,0.0
2021-11-22 06:00:00,0.0,0.0,0.10555555555555556
2021-11-22 07:00:00,0.1,114.878845,1.0
2021-11-22 08:00:00,0.0,319.01724,1.0
2021-11-22 09:00:00,0.0,487.92078,1.0
2021-11-22 10:00:00,0.0,598.29016,1.0
2021-11-22 11:00:00,0.0,643.098,1.0
2021-11-22 12:00:00,0.0,616.86646,1.0
2021-11-22 13:00:00,0.0,523.6417,1.0
2021-11-22 14:00:00,0.0,374.26288,1.0
2021-11-22 15:00:00,0.0,188.16283,1.0
2021-11-22 16:00:00,0.0,24.624365,0.6663888888888889
2021-11-22 17:00:00,0.0,0.0,0.0
2021-11-22 18:00:00,0.0,0.0,0.0
2021-11-22 19:00:00,0.0,0.0,0.0
2021-11-22 20:00:00,0.0,0.0,0.0
2021-11-22 21:00:00,0.0,0.0,0.0
2021-11-22 22:00:00,0.0,0.0,0.0
2021-11-22 23:00:00,0.0,0.0,0.0
2021-11-23 00:00:00,0.0,0.0,0.0
2021-11-23 01:00:00,0.0,0.0,0.0
2021-11-23 02:00:00,0.0,0.0,0.0
2021-11-23 03:00:00,0.0,0.0,0.0
2021-11-23 04:00:00,0.0,0.0,0.0
2021-11-23 05:00:00,0.0,0.0,0.0
2021-11-23 06:00:00,0.0,0.0,0.08805555555555555
2021-11-23 07:00:00,0.0,121.5466,1.0
2021-11-23 08:00:00,0.0,335.81454,1.0
2021-11-23 09:00:00,0.18,494.86002,1.0
2021-11-23 10:00:00,0.45,521.6177,1.0
2021-11-23 11:00:00,0.44,616.5551,1.0
2021-11-23 12:00:00,0.0,629.458,1.0
2021-11-23 13:00:00,0.92,391.25104,1.0
2021-11-23 14:00:00,1.0,240.87454,1.0
2021-11-23 15:00:00,1.0,151.49268,1.0
2021-11-23 16:00:00,0.82,18.37201,0.6577777777777778
2021-11-23 17:00:00,0.95,0.0,0.0
2021-11-23 18:00:00,0.99,0.0,0.0
2021-11-23 19:00:00,0.97,0.0,0.0
2021-11-23 20:00:00,0.8,0.0,0.0
2021-11-23 21:00:00,0.86,0.0,0.0
2021-11-23 22:00:00,0.82,0.0,0.0
2021-11-23 23:00:00,0.67,0.0,0.0
2021-11-24 00:00:00,0.61,0.0,0.0
2021-11-24 01:00:00,0.89,0.0,0.0
2021-11-24 02:00:00,0.06,0.0,0.0
2021-11-24 03:00:00,0.33,0.0,0.0
2021-11-24 04:00:00,0.87,0.0,0.0
2021-11-24 05:00:00,0.99,0.0,0.0
2021-11-24 06:00:00,0.89,0.0,0.07055555555555555
2021-11-24 07:00:00,0.6,58.18952,1.0
2021-11-24 08:00:00,0.86,104.11269,1.0
2021-11-24 09:00:00,1.0,181.92653,1.0
2021-11-24 10:00:00,1.0,194.91344,1.0
2021-11-24 11:00:00,1.0,246.39401,1.0
2021-11-24 12:00:00,0.93,378.59915,1.0
2021-11-24 13:00:00,0.92,433.67233,1.0
2021-11-24 14:00:00,0.85,217.36807,1.0
2021-11-24 15:00:00,0.96,97.135735,1.0
2021-11-24 16:00:00,0.99,13.067622,0.6494444444444445
2021-11-24 17:00:00,1.0,0.0,0.0
2021-11-24 18:00:00,1.0,0.0,0.0
2021-11-24 19:00:00,0.92,0.0,0.0
2021-11-24 20:00:00,0.39,0.0,0.0
2021-11-24 21:00:00,0.32,0.0,0.0
2021-11-24 22:00:00,0.08,0.0,0.0
2021-11-24 23:00:00,0.01,0.0,0.0
2021-11-25 00:00:00,0.05,0.0,0.0
2021-11-25 01:00:00,0.04,0.0,0.0
2021-11-25 02:00:00,0.03,0.0,0.0
2021-11-25 03:00:00,0.13,0.0,0.0
2021-11-25 04:00:00,0.0,0.0,0.0
2021-11-25 05:00:00,0.51,0.0,0.0
2021-11-25 06:00:00,0.01,0.0,0.05305555555555556
2021-11-25 07:00:00,0.81,99.576614,1.0
2021-11-25 08:00:00,0.21,317.87158,1.0
2021-11-25 09:00:00,0.0,488.71677,1.0
2021-11-25 10:00:00,0.0,599.9352,1.0
2021-11-25 11:00:00,0.0,644.8769,1.0
2021-11-25 12:00:00,0.0,618.71204,1.0
2021-11-25 13:00:00,0.0,526.2335,1.0
2021-11-25 14:00:00,0.57,374.26114,1.0
2021-11-25 15:00:00,0.0,184.85234,1.0
2021-11-25 16:00:00,0.04,22.47283,0.6419444444444444
2021-11-25 17:00:00,0.0,0.0,0.0
2021-11-25 18:00:00,0.0,0.0,0.0
2021-11-25 19:00:00,0.01,0.0,0.0
2021-11-25 20:00:00,0.0,0.0,0.0
2021-11-25 21:00:00,0.05,0.0,0.0
2021-11-25 22:00:00,0.0,0.0,0.0
2021-11-25 23:00:00,0.0,0.0,0.0
2021-11-26 00:00:00,0.0,0.0,0.0
2021-11-26 01:00:00,0.0,0.0,0.0
2021-11-26 02:00:00,0.0,0.0,0.0
2021-11-26 03:00:00,0.0,0.0,0.0
2021-11-26 04:00:00,0.07,0.0,0.0
2021-11-26 05:00:00,0.46,0.0,0.0
2021-11-26 06:00:00,0.94,0.0,0.035555555555555556
2021-11-26 07:00:00,0.84,85.6843,1.0
2021-11-26 08:00:00,0.12,294.2735,1.0
2021-11-26 09:00:00,0.63,467.88687,1.0
2021-11-26 10:00:00,0.08,583.1198,1.0
2021-11-26 11:00:00,0.2,631.021,1.0
2021-11-26 12:00:00,0.78,596.7519,1.0
2021-11-26 13:00:00,0.94,487.39352,1.0
2021-11-26 14:00:00,0.78,340.16772,1.0
2021-11-26 15:00:00,0.64,181.38667,1.0
2021-11-26 16:00:00,0.79,21.1397,0.6352777777777778
2021-11-26 17:00:00,0.89,0.0,0.0
2021-11-26 18:00:00,0.99,0.0,0.0
2021-11-26 19:00:00,1.0,0.0,0.0
2021-11-26 20:00:00,1.0,0.0,0.0
2021-11-26 21:00:00,1.0,0.0,0.0
2021-11-26 22:00:00,1.0,0.0,0.0
2021-11-26 23:00:00,0.96,0.0,0.0
2021-11-27 00:00:00,0.96,0.0,0.0
2021-11-27 01:00:00,0.92,0.0,0.0
2021-11-27 02:00:00,0.98,0.0,0.0
2021-11-27 03:00:00,0.99,0.0,0.0
2021-11-27 04:00:00,0.55,0.0,0.0
2021-11-27 05:00:00,0.21,0.0,0.0
2021-11-27 06:00:00,0.22,0.0,0.018333333333333333
2021-11-27 07:00:00,0.04,92.99763,1.0
2021-11-27 08:00:00,0.05,296.52066,1.0
2021-11-27 09:00:00,0.54,456.1387,1.0
2021-11-27 10:00:00,0.3,575.8935,1.0
2021-11-27 11:00:00,0.01,622.985,1.0
2021-11-27 12:00:00,1.0,573.23596,1.0
2021-11-27 13:00:00,0.99,496.2062,1.0
2021-11-27 14:00:00,1.0,291.13095,1.0
2021-11-27 15:00:00,0.8,149.05801,1.0
2021-11-27 16:00:00,1.0,11.698958,0.6288888888888889
2021-11-27 17:00:00,1.0,0.0,0.0
2021-11-27 18:00:00,0.9,0.0,0.0
2021-11-27 19:00:00,0.65,0.0,0.0
2021-11-27 20:00:00,0.7,0.0,0.0
2021-11-27 21:00:00,0.4,0.0,0.0
2021-11-27 22:00:00,1.0,0.0,0.0
2021-11-27 23:00:00,1.0,0.0,0.0
2021-11-28 00:00:00,0.82,0.0,0.0
2021-11-28 01:00:00,0.96,0.0,0.0
2021-11-28 02:00:00,0.93,0.0,0.0
2021-11-28 03:00:00,0.89,0.0,0.0
2021-11-28 04:00:00,0.35,0.0,0.0
2021-11-28 05:00:00,0.34,0.0,0.0
2021-11-28 06:00:00,0.42,0.0,0.0008333333333333334
2021-11-28 07:00:00,0.05,88.167694,1.0
2021-11-28 08:00:00,0.59,286.66876,1.0
2021-11-28 09:00:00,0.5,455.06415,1.0
2021-11-28 10:00:00,0.43,564.63806,1.0
2021-11-28 11:00:00,0.46,604.87317,1.0
2021-11-28 12:00:00,0.52,585.8075,1.0
2021-11-28 13:00:00,0.2,499.13028,1.0
2021-11-28 14:00:00,0.14,353.91605,1.0
2021-11-28 15:00:00,0.09,173.69475,1.0
2021-11-28 16:00:00,0.11,19.395174,0.6230555555555556
2021-11-28 17:00:00,0.04,0.0,0.0
2021-11-28 18:00:00,0.07,0.0,0.0
2021-11-28 19:00:00,0.0,0.0,0.0
2021-11-28 20:00:00,0.0,0.0,0.0
2021-11-28 21:00:00,0.0,0.0,0.0
2021-11-28 22:00:00,0.0,0.0,0.0
2021-11-28 23:00:00,0.03,0.0,0.0
2021-11-29 00:00:00,0.05,0.0,0.0
2021-11-29 01:00:00,0.01,0.0,0.0
2021-11-29 02:00:00,0.11,0.0,0.0
2021-11-29 03:00:00,0.0,0.0,0.0
2021-11-29 04:00:00,0.0,0.0,0.0
2021-11-29 05:00:00,0.01,0.0,0.0
2021-11-29 06:00:00,0.29,0.0,0.0
2021-11-29 07:00:00,0.44,82.86273,0.9836111111111111
2021-11-29 08:00:00,0.37,272.91672,1.0
2021-11-29 09:00:00,0.49,444.72415,1.0
2021-11-29 10:00:00,0.29,569.09985,1.0
2021-11-29 11:00:00,0.16,615.1989,1.0
2021-11-29 12:00:00,0.13,591.411,1.0
2021-11-29 13:00:00,0.0,502.78284,1.0
2021-11-29 14:00:00,0.02,357.52686,1.0
2021-11-29 15:00:00,0.0,176.06099,1.0
2021-11-29 16:00:00,0.1,21.303772,0.6180555555555556
2021-11-29 17:00:00,0.09,0.0,0.0
2021-11-29 18:00:00,0.02,0.0,0.0
2021-11-29 19:00:00,0.0,0.0,0.0
2021-11-29 20:00:00,0.0,0.0,0.0
2021-11-29 21:00:00,0.0,0.0,0.0
2021-11-29 22:00:00,0.12,0.0,0.0
2021-11-29 23:00:00,0.08,0.0,0.0
2021-11-30 00:00:00,0.79,0.0,0.0
2021-11-30 01:00:00,0.83,0.0,0.0
2021-11-30 02:00:00,1.0,0.0,0.0
2021-11-30 03:00:00,1.0,0.0,0.0
2021-11-30 04:00:00,0.07,0.0,0.0
2021-11-30 05:00:00,0.01,0.0,0.0
2021-11-30 06:00:00,0.0,0.0,0.0
2021-11-30 07:00:00,0.0,86.408714,0.9666666666666667
2021-11-30 08:00:00,0.0,288.4779,1.0
2021-11-30 09:00:00,0.0,458.46878,1.0
2021-11-30 10:00:00,0.0,574.4987,1.0
2021-11-30 11:00:00,0.0,623.68665,1.0
2021-11-30 12:00:00,0.0,601.28564,1.0
2021-11-30 13:00:00,0.2,513.82947,1.0
2021-11-30 14:00:00,0.99,366.10233,1.0
2021-11-30 15:00:00,0.84,175.74474,1.0
2021-11-30 16:00:00,0.9,18.805998,0.6136111111111111
2021-11-30 17:00:00,0.82,0.0,0.0
2021-11-30 18:00:00,1.0,0.0,0.0
2021-11-30 19:00:00,1.0,0.0,0.0
2021-11-30 20:00:00,1.0,0.0,0.0
2021-11-30 21:00:00,0.99,0.0,0.0
2021-11-30 22:00:00,0.89,0.0,0.0
2021-11-30 23:00:00,0.62,0.0,0.0
2021-12-01 00:00:00,0.69,0.0,0.0
2021-12-01 01:00:00,0.26,0.0,0.0
2021-12-01 02:00:00,0.76,0.0,0.0
2021-12-01 03:00:00,0.48,0.0,0.0
2021-12-01 04:00:00,0.84,0.0,0.0
2021-12-01 05:00:00,0.88,0.0,0.0
2021-12-01 06:00:00,0.96,0.0,0.0
2021-12-01 07:00:00,0.85,60.662273,0.9497222222222222
2021-12-01 08:00:00,0.95,214.51083,1.0
2021-12-01 09:00:00,0.99,337.8419,1.0
2021-12-01 10:00:00,0.98,442.05472,1.0
2021-12-01 11:00:00,0.92,545.50946,1.0
2021-12-01 12:00:00,0.61,574.0576,1.0
2021-12-01 13:00:00,0.06,497.21762,1.0
2021-12-01 14:00:00,0.0,352.66797,1.0
2021-12-01 15:00:00,0.0,172.51128,1.0
2021-12-01 16:00:00,0.0,19.726522,0.6097222222222223
2021-12-01 17:00:00,0.0,0.0,0.0
2021-12-01 18:00:00,0.39,0.0,0.0
2021-12-01 19:00:00,0.57,0.0,0.0
2021-12-01 20:00:00,0.8,0.0,0.0
2021-12-01 21:00:00,0.93,0.0,0.0
2021-12-01 22:00:00,0.0,0.0,0.0
2021-12-01 23:00:00,0.0,0.0,0.0
2021-12-02 00:00:00,0.0,0.0,0.0
2021-12-02 01:00:00,0.0,0.0,0.0
2021-12-02 02:00:00,0.0,0.0,0.0
2021-12-02 03:00:00,0.0,0.0,0.0
2021-12-02 04:00:00,0.0,0.0,0.0
2021-12-02 05:00:00,0.0,0.0,0.0
2021-12-02 06:00:00,0.0,0.0,0.0
2021-12-02 07:00:00,0.0,79.6768,0.9333333333333333
2021-12-02 08:00:00,0.13,280.3972,1.0
2021-12-02 09:00:00,0.17,449.7824,1.0
2021-12-02 10:00:00,0.0,563.78394,1.0
2021-12-02 11:00:00,0.0,612.7911,1.0
2021-12-02 12:00:00,0.0,591.6859,1.0
2021-12-02 13:00:00,0.0,504.08795,1.0
2021-12-02 14:00:00,0.0,358.53018,1.0
2021-12-02 15:00:00,0.0,176.24171,1.0
2021-12-02 16:00:00,0.0,19.825922,0.6063888888888889
2021-12-02 17:00:00,0.0,0.0,0.0
2021-12-02 18:00:00,0.0,0.0,0.0
2021-12-02 19:00:00,0.0,0.0,0.0
2021-12-02 20:00:00,0.0,0.0,0.0
2021-12-02 21:00:00,0.0,0.0,0.0
2021-12-02 22:00:00,0.0,0.0,0.0
2021-12-02 23:00:00,0.0,0.0,0.0
2021-12-03 00:00:00,0.16,0.0,0.0
2021-12-03 01:00:00,0.39,0.0,0.0
2021-12-03 02:00:00,0.47,0.0,0.0
2021-12-03 03:00:00,0.59,0.0,0.0
2021-12-03 04:00:00,0.04,0.0,0.0
2021-12-03 05:00:00,0.0,0.0,0.0
2021-12-03 06:00:00,0.0,0.0,0.0
2021-12-03 07:00:00,0.51,70.489456,0.9169444444444445
2021-12-03 08:00:00,0.95,248.13469,1.0
2021-12-03 09:00:00,1.0,414.60733,1.0
2021-12-03 10:00:00,0.95,543.55743,1.0
2021-12-03 11:00:00,0.96,597.6543,1.0
2021-12-03 12:00:00,0.97,579.96844,1.0
2021-12-03 13:00:00,0.94,493.31537,1.0
2021-12-03 14:00:00,0.08,354.891,1.0
2021-12-03 15:00:00,0.0,173.87929,1.0
2021-12-03 16:00:00,0.0,19.919401,0.6036111111111111
2021-12-03 17:00:00,0.0,0.0,0.0
2021-12-03 18:00:00,0.0,0.0,0.0
2021-12-03 19:00:00,0.0,0.0,0.0
2021-12-03 20:00:00,0.0,0.0,0.0
2021-12-03 21:00:00,0.0,0.0,0.0
2021-12-03 22:00:00,0.0,0.0,0.0
2021-12-03 23:00:00,0.0,0.0,0.0
2021-12-04 00:00:00,0.0,0.0,0.0
2021-12-04 01:00:00,0.0,0.0,0.0
2021-12-04 02:00:00,0.0,0.0,0.0
2021-12-04 03:00:00,0.0,0.0,0.0
2021-12-04 04:00:00,0.0,0.0,0.0
2021-12-04 05:00:00,0.5,0.0,0.0
2021-12-04 06:00:00,0.94,0.0,0.0
2021-12-04 07:00:00,0.88,65.575775,0.9008333333333334
2021-12-04 08:00:00,0.9,263.9975,1.0
2021-12-04 09:00:00,0.64,443.44028,1.0
2021-12-04 10:00:00,0.06,563.6492,1.0
2021-12-04 11:00:00,0.02,613.218,1.0
2021-12-04 12:00:00,0.0,593.2505,1.0
2021-12-04 13:00:00,0.09,505.48044,1.0
2021-12-04 14:00:00,0.0,362.349,1.0
2021-12-04 15:00:00,0.0,180.00346,1.0
2021-12-04 16:00:00,0.01,20.005766,0.6013888888888889
2021-12-04 17:00:00,0.39,0.0,0.0
2021-12-04 18:00:00,0.78,0.0,0.0
2021-12-04 19:00:00,0.98,0.0,0.0
2021-12-04 20:00:00,0.85,0.0,0.0
2021-12-04 21:00:00,0.88,0.0,0.0
2021-12-04 22:00:00,0.85,0.0,0.0
2021-12-04 23:00:00,0.93,0.0,0.0
2021-12-05 00:00:00,0.99,0.0,0.0
2021-12-05 01:00:00,1.0,0.0,0.0
2021-12-05 02:00:00,1.0,0.0,0.0
2021-12-05 03:00:00,0.96,0.0,0.0
2021-12-05 04:00:00,0.99,0.0,0.0
2021-12-05 05:00:00,0.92,0.0,0.0
2021-12-05 06:00:00,0.93,0.0,0.0
2021-12-05 07:00:00,1.0,56.960415,0.885
2021-12-05 08:00:00,0.99,231.66101,1.0
2021-12-05 09:00:00,0.94,381.0316,1.0
2021-12-05 10:00:00,0.98,506.233,1.0
2021-12-05 11:00:00,0.98,551.58435,1.0
2021-12-05 12:00:00,0.73,573.80786,1.0
2021-12-05 13:00:00,0.85,474.22076,1.0
2021-12-05 14:00:00,0.61,322.68497,1.0
2021-12-05 15:00:00,0.91,158.24321,1.0
2021-12-05 16:00:00,0.53,17.328371,0.6
2021-12-05 17:00:00,0.27,0.0,0.0
2021-12-05 18:00:00,1.0,0.0,0.0
2021-12-05 19:00:00,1.0,0.0,0.0
2021-12-05 20:00:00,1.0,0.0,0.0
2021-12-05 21:00:00,0.91,0.0,0.0
2021-12-05 22:00:00,0.24,0.0,0.0
2021-12-05 23:00:00,0.92,0.0,0.0
2021-12-06 00:00:00,0.44,0.0,0.0
2021-12-06 01:00:00,0.01,0.0,0.0
2021-12-06 02:00:00,0.25,0.0,0.0
2021-12-06 03:00:00,0.46,0.0,0.0
2021-12-06 04:00:00,0.21,0.0,0.0
2021-12-06 05:00:00,0.43,0.0,0.0
2021-12-06 06:00:00,0.99,0.0,0.0
2021-12-06 07:00:00,0.71,51.262074,0.8697222222222222
2021-12-06 08:00:00,0.65,250.08261,1.0
2021-12-06 09:00:00,0.61,394.4563,1.0
2021-12-06 10:00:00,0.94,519.7469,1.0
2021-12-06 11:00:00,1.0,568.2334,1.0
2021-12-06 12:00:00,0.99,443.53552,1.0
2021-12-06 13:00:00,1.0,346.651,1.0
2021-12-06 14:00:00,0.98,292.4812,1.0
2021-12-06 15:00:00,1.0,113.48163,1.0
2021-12-06 16:00:00,1.0,10.831032,0.5988888888888889
2021-12-06 17:00:00,1.0,0.0,0.0
2021-12-06 18:00:00,1.0,0.0,0.0
2021-12-06 19:00:00,1.0,0.0,0.0
2021-12-06 20:00:00,1.0,0.0,0.0
2021-12-06 21:00:00,1.0,0.0,0.0
2021-12-06 22:00:00,0.98,0.0,0.0
2021-12-06 23:00:00,0.95,0.0,0.0
2021-12-07 00:00:00,0.98,0.0,0.0
2021-12-07 01:00:00,1.0,0.0,0.0
2021-12-07 02:00:00,1.0,0.0,0.0
2021-12-07 03:00:00,1.0,0.0,0.0
2021-12-07 04:00:00,1.0,0.0,0.0
2021-12-07 05:00:00,1.0,0.0,0.0
2021-12-07 06:00:00,1.0,0.0,0.0
2021-12-07 07:00:00,1.0,31.862526,0.8547222222222223
2021-12-07 08:00:00,1.0,181.37814,1.0
2021-12-07 09:00:00,0.88,391.8694,1.0
2021-12-07 10:00:00,0.19,531.25903,1.0
2021-12-07 11:00:00,0.13,583.63605,1.0
2021-12-07 12:00:00,0.04,562.3804,1.0
2021-12-07 13:00:00,0.02,480.85895,1.0
2021-12-07 14:00:00,0.39,303.25568,1.0
2021-12-07 15:00:00,0.4,158.89005,1.0
2021-12-07 16:00:00,0.29,17.333035,0.5983333333333334
2021-12-07 17:00:00,0.08,0.0,0.0
2021-12-07 18:00:00,0.0,0.0,0.0
2021-12-07 19:00:00,0.46,0.0,0.0
2021-12-07 20:00:00,0.23,0.0,0.0
2021-12-07 21:00:00,0.07,0.0,0.0
2021-12-07 22:00:00,0.01,0.0,0.0
2021-12-07 23:00:00,0.26,0.0,0.0
2021-12-08 00:00:00,0.02,0.0,0.0
2021-12-08 01:00:00,0.0,0.0,0.0
2021-12-08 02:00:00,0.0,0.0,0.0
2021-12-08 03:00:00,0.82,0.0,0.0
2021-12-08 04:00:00,0.0,0.0,0.0
2021-12-08 05:00:00,0.0,0.0,0.0
2021-12-08 06:00:00,0.0,0.0,0.0
2021-12-08 07:00:00,0.0,65.4001,0.8402777777777778
2021-12-08 08:00:00,0.04,273.45642,1.0
2021-12-08 09:00:00,0.93,418.52197,1.0
2021-12-08 10:00:00,1.0,395.0804,1.0
2021-12-08 11:00:00,0.96,424.38425,1.0
2021-12-08 12:00:00,1.0,241.989,1.0
2021-12-08 13:00:00,1.0,146.2929,1.0
2021-12-08 14:00:00,1.0,73.55031,1.0
2021-12-08 15:00:00,1.0,80.09101,1.0
2021-12-08 16:00:00,1.0,7.9513845,0.5986111111111111
2021-12-08 17:00:00,0.67,0.0,0.0
2021-12-08 18:00:00,1.0,0.0,0.0
2021-12-08 19:00:00,1.0,0.0,0.0
2021-12-08 20:00:00,1.0,0.0,0.0
2021-12-08 21:00:00,1.0,0.0,0.0
2021-12-08 22:00:00,0.73,0.0,0.0
2021-12-08 23:00:00,0.86,0.0,0.0
2021-12-09 00:00:00,0.54,0.0,0.0
2021-12-09 01:00:00,0.69,0.0,0.0
2021-12-09 02:00:00,0.8,0.0,0.0
2021-12-09 03:00:00,0.86,0.0,0.0
2021-12-09 04:00:00,1.0,0.0,0.0
2021-12-09 05:00:00,0.99,0.0,0.0
2021-12-09 06:00:00,0.98,0.0,0.0
2021-12-09 07:00:00,0.94,39.10644,0.8261111111111111
2021-12-09 08:00:00,0.94,202.57986,1.0
2021-12-09 09:00:00,0.93,367.94086,1.0
2021-12-09 10:00:00,0.96,353.53775,1.0
2021-12-09 11:00:00,0.91,424.30624,1.0
2021-12-09 12:00:00,1.0,117.28292,1.0
2021-12-09 13:00:00,1.0,125.28584,1.0
2021-12-09 14:00:00,1.0,137.78638,1.0
2021-12-09 15:00:00,0.99,75.67843,1.0
2021-12-09 16:00:00,0.99,11.770913,0.5994444444444444
2021-12-09 17:00:00,1.0,0.0,0.0
2021-12-09 18:00:00,1.0,0.0,0.0
2021-12-09 19:00:00,1.0,0.0,0.0
2021-12-09 20:00:00,1.0,0.0,0.0
2021-12-09 21:00:00,1.0,0.0,0.0
2021-12-09 22:00:00,1.0,0.0,0.0
2021-12-09 23:00:00,0.99,0.0,0.0
2021-12-10 00:00:00,0.99,0.0,0.0
2021-12-10 01:00:00,1.0,0.0,0.0
2021-12-10 02:00:00,1.0,0.0,0.0
2021-12-10 03:00:00,0.85,0.0,0.0
2021-12-10 04:00:00,0.86,0.0,0.0
2021-12-10 05:00:00,1.0,0.0,0.0
2021-12-10 06:00:00,1.0,0.0,0.0
2021-12-10 07:00:00,1.0,4.9696155,0.8125
2021-12-10 08:00:00,1.0,62.25396,1.0
2021-12-10 09:00:00,1.0,156.06793,1.0
2021-12-10 10:00:00,1.0,373.37595,1.0
2021-12-10 11:00:00,0.54,519.2888,1.0
2021-12-10 12:00:00,0.04,587.02496,1.0
2021-12-10 13:00:00,0.13,512.7984,1.0
2021-12-10 14:00:00,0.17,378.71362,1.0
2021-12-10 15:00:00,0.15,188.76566,1.0
2021-12-10 16:00:00,0.22,20.365095,0.6005555555555555
2021-12-10 17:00:00,0.59,0.0,0.0
2021-12-10 18:00:00,0.93,0.0,0.0
2021-12-10 19:00:00,0.92,0.0,0.0
2021-12-10 20:00:00,0.73,0.0,0.0
2021-12-10 21:00:00,0.79,0.0,0.0
2021-12-10 22:00:00,0.89,0.0,0.0
2021-12-10 23:00:00,0.65,0.0,0.0
2021-12-11 00:00:00,0.18,0.0,0.0
2021-12-11 01:00:00,0.1,0.0,0.0
2021-12-11 02:00:00,0.11,0.0,0.0
2021-12-11 03:00:00,0.04,0.0,0.0
2021-12-11 04:00:00,0.34,0.0,0.0
2021-12-11 05:00:00,0.0,0.0,0.0
2021-12-11 06:00:00,0.15,0.0,0.0
2021-12-11 07:00:00,0.15,57.93819,0.7994444444444444
2021-12-11 08:00:00,0.62,191.02605,1.0
2021-12-11 09:00:00,0.93,302.20703,1.0
2021-12-11 10:00:00,1.0,349.16165,1.0
2021-12-11 11:00:00,0.98,541.9182,1.0
2021-12-11 12:00:00,0.87,557.14136,1.0
2021-12-11 13:00:00,0.67,504.48578,1.0
2021-12-11 14:00:00,0.83,293.4199,1.0
2021-12-11 15:00:00,0.71,166.68784,1.0
2021-12-11 16:00:00,0.91,14.704464,0.6025
2021-12-11 17:00:00,0.92,0.0,0.0
2021-12-11 18:00:00,1.0,0.0,0.0
2021-12-11 19:00:00,0.99,0.0,0.0
2021-12-11 20:00:00,1.0,0.0,0.0
2021-12-11 21:00:00,0.96,0.0,0.0
2021-12-11 22:00:00,0.98,0.0,0.0
2021-12-11 23:00:00,0.99,0.0,0.0
2021-12-12 00:00:00,0.96,0.0,0.0
2021-12-12 01:00:00,1.0,0.0,0.0
2021-12-12 02:00:00,0.87,0.0,0.0
2021-12-12 03:00:00,0.97,0.0,0.0
2021-12-12 04:00:00,0.98,0.0,0.0
2021-12-12 05:00:00,1.0,0.0,0.0
2021-12-12 06:00:00,0.88,0.0,0.0
2021-12-12 07:00:00,0.51,46.70772,0.7872222222222223
2021-12-12 08:00:00,0.88,202.55452,1.0
2021-12-12 09:00:00,0.78,396.6663,1.0
2021-12-12 10:00:00,0.47,526.28406,1.0
2021-12-12 11:00:00,0.0,592.16583,1.0
2021-12-12 12:00:00,0.0,590.60394,1.0
2021-12-12 13:00:00,0.0,509.30295,1.0
2021-12-12 14:00:00,0.17,367.40097,1.0
2021-12-12 15:00:00,0.0,183.35745,1.0
2021-12-12 16:00:00,0.0,21.346087,0.605
2021-12-12 17:00:00,0.0,0.0,0.0
2021-12-12 18:00:00,0.03,0.0,0.0
2021-12-12 19:00:00,0.01,0.0,0.0
2021-12-12 20:00:00,0.68,0.0,0.0
2021-12-12 21:00:00,1.0,0.0,0.0
2021-12-12 22:00:00,1.0,0.0,0.0
2021-12-12 23:00:00,0.93,0.0,0.0
2021-12-13 00:00:00,1.0,0.0,0.0
2021-12-13 01:00:00,1.0,0.0,0.0
2021-12-13 02:00:00,0.98,0.0,0.0
2021-12-13 03:00:00,1.0,0.0,0.0
2021-12-13 04:00:00,1.0,0.0,0.0
2021-12-13 05:00:00,0.99,0.0,0.0
2021-12-13 06:00:00,0.99,0.0,0.0
2021-12-13 07:00:00,0.28,53.297314,0.7752777777777777
2021-12-13 08:00:00,0.0,254.82324,1.0
2021-12-13 09:00:00,0.0,434.38602,1.0
2021-12-13 10:00:00,0.28,552.33234,1.0
2021-12-13 11:00:00,0.59,576.6383,1.0
2021-12-13 12:00:00,0.79,554.21045,1.0
2021-12-13 13:00:00,0.77,501.8743,1.0
2021-12-13 14:00:00,0.58,352.32037,1.0
2021-12-13 15:00:00,0.38,180.12895,1.0
2021-12-13 16:00:00,0.0,20.429878,0.6080555555555556
2021-12-13 17:00:00,0.0,0.0,0.0
2021-12-13 18:00:00,0.4,0.0,0.0
2021-12-13 19:00:00,0.77,0.0,0.0
2021-12-13 20:00:00,0.76,0.0,0.0
2021-12-13 21:00:00,0.85,0.0,0.0
2021-12-13 22:00:00,0.97,0.0,0.0
2021-12-13 23:00:00,0.99,0.0,0.0
2021-12-14 00:00:00,1.0,0.0,0.0
2021-12-14 01:00:00,1.0,0.0,0.0
2021-12-14 02:00:00,1.0,0.0,0.0
2021-12-14 03:00:00,1.0,0.0,0.0
2021-12-14 04:00:00,0.81,0.0,0.0
2021-12-14 05:00:00,0.71,0.0,0.0
2021-12-14 06:00:00,0.3,0.0,0.0
2021-12-14 07:00:00,0.7,49.88652,0.7641666666666667
2021-12-14 08:00:00,1.0,149.30522,1.0
2021-12-14 09:00:00,1.0,197.35643,1.0
2021-12-14 10:00:00,1.0,414.792,1.0
2021-12-14 11:00:00,0.79,526.4607,1.0
2021-12-14 12:00:00,0.85,542.074,1.0
2021-12-14 13:00:00,1.0,464.3366,1.0
2021-12-14 14:00:00,0.98,329.19363,1.0
2021-12-14 15:00:00,0.52,176.31334,1.0
2021-12-14 16:00:00,0.02,20.433035,0.6116666666666667
2021-12-14 17:00:00,0.0,0.0,0.0
2021-12-14 18:00:00,0.02,0.0,0.0
2021-12-14 19:00:00,0.1,0.0,0.0
2021-12-14 20:00:00,0.48,0.0,0.0
2021-12-14 21:00:00,0.23,0.0,0.0
2021-12-14 22:00:00,0.17,0.0,0.0
2021-12-14 23:00:00,0.0,0.0,0.0
2021-12-15 00:00:00,0.0,0.0,0.0
2021-12-15 01:00:00,0.01,0.0,0.0
2021-12-15 02:00:00,0.08,0.0,0.0
2021-12-15 03:00:00,0.32,0.0,0.0
2021-12-15 04:00:00,0.77,0.0,0.0
2021-12-15 05:00:00,0.64,0.0,0.0
2021-12-15 06:00:00,0.98,0.0,0.0
2021-12-15 07:00:00,0.94,19.527435,0.7530555555555556
2021-12-15 08:00:00,1.0,55.763237,1.0
2021-12-15 09:00:00,1.0,266.39453,1.0
2021-12-15 10:00:00,1.0,342.44745,1.0
2021-12-15 11:00:00,0.99,498.40637,1.0
2021-12-15 12:00:00,0.53,502.90005,1.0
2021-12-15 13:00:00,0.78,458.19724,1.0
2021-12-15 14:00:00,0.88,337.95746,1.0
2021-12-15 15:00:00,0.85,171.34796,1.0
2021-12-15 16:00:00,0.82,15.711619,0.6158333333333333
2021-12-15 17:00:00,0.34,0.0,0.0
2021-12-15 18:00:00,0.75,0.0,0.0
2021-12-15 19:00:00,0.09,0.0,0.0
2021-12-15 20:00:00,0.23,0.0,0.0
2021-12-15 21:00:00,0.78,0.0,0.0
2021-12-15 22:00:00,0.67,0.0,0.0
2021-12-15 23:00:00,0.36,0.0,0.0
2021-12-16 00:00:00,0.18,0.0,0.0
2021-12-16 01:00:00,0.03,0.0,0.0
2021-12-16 02:00:00,0.01,0.0,0.0
2021-12-16 03:00:00,0.0,0.0,0.0
2021-12-16 04:00:00,0.0,0.0,0.0
2021-12-16 05:00:00,0.0,0.0,0.0
2021-12-16 06:00:00,0.0,0.0,0.0
2021-12-16 07:00:00,0.0,49.553062,0.7425
2021-12-16 08:00:00,0.0,250.63707,1.0
2021-12-16 09:00:00,0.06,429.8272,1.0
2021-12-16 10:00:00,0.21,540.2017,1.0
2021-12-16 11:00:00,0.86,588.0794,1.0
2021-12-16 12:00:00,0.93,576.0174,1.0
2021-12-16 13:00:00,0.93,485.1551,1.0
2021-12-16 14:00:00,0.45,361.09766,1.0
2021-12-16 15:00:00,0.05,177.41707,1.0
2021-12-16 16:00:00,0.0,22.33274,0.6211111111111111
2021-12-16 17:00:00,0.0,0.0,0.0
2021-12-16 18:00:00,0.05,0.0,0.0
2021-12-16 19:00:00,0.0,0.0,0.0
2021-12-16 20:00:00,0.2,0.0,0.0
2021-12-16 21:00:00,0.34,0.0,0.0
2021-12-16 22:00:00,0.22,0.0,0.0
2021-12-16 23:00:00,0.45,0.0,0.0
2021-12-17 00:00:00,0.24,0.0,0.0
2021-12-17 01:00:00,0.07,0.0,0.0
2021-12-17 02:00:00,0.2,0.0,0.0
2021-12-17 03:00:00,0.26,0.0,0.0
2021-12-17 04:00:00,0.22,0.0,0.0
2021-12-17 05:00:00,0.24,0.0,0.0
2021-12-17 06:00:00,0.22,0.0,0.0
2021-12-17 07:00:00,0.26,44.166237,0.7322222222222222
2021-12-17 08:00:00,0.38,227.56395,1.0
2021-12-17 09:00:00,0.24,419.50504,1.0
2021-12-17 10:00:00,0.39,538.8206,1.0
2021-12-17 11:00:00,0.37,601.4116,1.0
2021-12-17 12:00:00,0.95,496.0504,1.0
2021-12-17 13:00:00,0.96,494.99875,1.0
2021-12-17 14:00:00,0.77,360.80942,1.0
2021-12-17 15:00:00,0.43,185.51753,1.0
2021-12-17 16:00:00,0.06,22.304836,0.6269444444444444
2021-12-17 17:00:00,0.33,0.0,0.0
2021-12-17 18:00:00,0.06,0.0,0.0
2021-12-17 19:00:00,0.1,0.0,0.0
2021-12-17 20:00:00,0.43,0.0,0.0
2021-12-17 21:00:00,0.18,0.0,0.0
2021-12-17 22:00:00,0.15,0.0,0.0
2021-12-17 23:00:00,0.1,0.0,0.0
2021-12-18 00:00:00,0.05,0.0,0.0
2021-12-18 01:00:00,0.0,0.0,0.0
2021-12-18 02:00:00,0.0,0.0,0.0
2021-12-18 03:00:00,0.0,0.0,0.0
2021-12-18 04:00:00,0.0,0.0,0.0
2021-12-18 05:00:00,0.0,0.0,0.0
2021-12-18 06:00:00,0.0,0.0,0.0
2021-12-18 07:00:00,0.0,47.30391,0.7225
2021-12-18 08:00:00,0.0,252.16582,1.0
2021-12-18 09:00:00,0.0,431.85938,1.0
2021-12-18 10:00:00,0.0,557.8653,1.0
2021-12-18 11:00:00,0.0,616.35333,1.0
2021-12-18 12:00:00,0.0,602.7687,1.0
2021-12-18 13:00:00,0.0,520.0583,1.0
2021-12-18 14:00:00,0.0,375.85498,1.0
2021-12-18 15:00:00,0.0,190.67586,1.0
2021-12-18 16:00:00,0.0,24.180689,0.6333333333333333
2021-12-18 17:00:00,0.0,0.0,0.0
2021-12-18 18:00:00,0.0,0.0,0.0
2021-12-18 19:00:00,0.0,0.0,0.0
2021-12-18 20:00:00,0.0,0.0,0.0
2021-12-18 21:00:00,0.0,0.0,0.0
2021-12-18 22:00:00,0.0,0.0,0.0
2021-12-18 23:00:00,0.0,0.0,0.0
2021-12-19 00:00:00,0.0,0.0,0.0
2021-12-19 01:00:00,0.32,0.0,0.0
2021-12-19 02:00:00,0.74,0.0,0.0
2021-12-19 03:00:00,0.59,0.0,0.0
2021-12-19 04:00:00,0.11,0.0,0.0
2021-12-19 05:00:00,0.16,0.0,0.0
2021-12-19 06:00:00,0.55,0.0,0.0
2021-12-19 07:00:00,0.87,26.40358,0.7127777777777777
2021-12-19 08:00:00,0.95,123.49812,1.0
2021-12-19 09:00:00,0.98,232.44576,1.0
2021-12-19 10:00:00,0.96,359.8044,1.0
2021-12-19 11:00:00,0.33,561.0902,1.0
2021-12-19 12:00:00,0.0,576.13336,1.0
2021-12-19 13:00:00,0.01,483.77997,1.0
2021-12-19 14:00:00,0.0,334.80066,1.0
2021-12-19 15:00:00,0.28,158.65361,1.0
2021-12-19 16:00:00,0.66,19.398783,0.6405555555555555
2021-12-19 17:00:00,0.37,0.0,0.0
2021-12-19 18:00:00,0.7,0.0,0.0
2021-12-19 19:00:00,0.88,0.0,0.0
2021-12-19 20:00:00,0.61,0.0,0.0
2021-12-19 21:00:00,0.67,0.0,0.0
2021-12-19 22:00:00,0.57,0.0,0.0
2021-12-19 23:00:00,0.24,0.0,0.0
2021-12-20 00:00:00,0.13,0.0,0.0
2021-12-20 01:00:00,0.0,0.0,0.0
2021-12-20 02:00:00,0.13,0.0,0.0
2021-12-20 03:00:00,0.72,0.0,0.0
2021-12-20 04:00:00,0.9,0.0,0.0
2021-12-20 05:00:00,0.95,0.0,0.0
2021-12-20 06:00:00,0.91,0.0,0.0
2021-12-20 07:00:00,0.85,31.34103,0.7038888888888889
2021-12-20 08:00:00,0.48,217.56921,1.0
2021-12-20 09:00:00,0.57,393.47983,1.0
2021-12-20 10:00:00,0.13,530.00085,1.0
2021-12-20 11:00:00,0.85,577.34906,1.0
2021-12-20 12:00:00,0.7,565.79425,1.0
2021-12-20 13:00:00,0.77,478.26657,1.0
2021-12-20 14:00:00,0.7,351.45682,1.0
2021-12-20 15:00:00,0.0,181.71123,1.0
2021-12-20 16:00:00,0.0,24.066582,0.6480555555555556
2021-12-20 17:00:00,0.0,0.0,0.0
2021-12-20 18:00:00,0.0,0.0,0.0
2021-12-20 19:00:00,0.0,0.0,0.0
2021-12-20 20:00:00,0.0,0.0,0.0
2021-12-20 21:00:00,0.0,0.0,0.0
2021-12-20 22:00:00,0.01,0.0,0.0
2021-12-20 23:00:00,0.56,0.0,0.0
2021-12-21 00:00:00,0.95,0.0,0.0
2021-12-21 01:00:00,1.0,0.0,0.0
2021-12-21 02:00:00,0.95,0.0,0.0
2021-12-21 03:00:00,0.9,0.0,0.0
2021-12-21 04:00:00,0.97,0.0,0.0
2021-12-21 05:00:00,0.83,0.0,0.0
2021-12-21 06:00:00,0.9,0.0,0.0
2021-12-21 07:00:00,0.96,21.724339,0.6952777777777778
2021-12-21 08:00:00,0.98,148.41132,1.0
2021-12-21 09:00:00,0.29,413.19308,1.0
2021-12-21 10:00:00,0.05,539.69434,1.0
2021-12-21 11:00:00,0.3,596.5404,1.0
2021-12-21 12:00:00,0.27,587.03436,1.0
2021-12-21 13:00:00,0.07,508.38425,1.0
2021-12-21 14:00:00,0.06,370.0342,1.0
2021-12-21 15:00:00,0.01,190.16908,1.0
2021-12-21 16:00:00,0.0,24.989721,0.6566666666666666
2021-12-21 17:00:00,0.0,0.0,0.0
2021-12-21 18:00:00,0.0,0.0,0.0
2021-12-21 19:00:00,0.01,0.0,0.0
2021-12-21 20:00:00,0.0,0.0,0.0
2021-12-21 21:00:00,0.0,0.0,0.0
2021-12-21 22:00:00,0.0,0.0,0.0
2021-12-21 23:00:00,0.02,0.0,0.0
2021-12-22 00:00:00,0.24,0.0,0.0
2021-12-22 01:00:00,0.25,0.0,0.0
2021-12-22 02:00:00,0.16,0.0,0.0
2021-12-22 03:00:00,0.0,0.0,0.0
2021-12-22 04:00:00,0.0,0.0,0.0
2021-12-22 05:00:00,0.0,0.0,0.0
2021-12-22 06:00:00,0.94,0.0,0.0
2021-12-22 07:00:00,0.83,31.599218,0.6869444444444445
2021-12-22 08:00:00,0.94,209.83434,1.0
2021-12-22 09:00:00,0.9,402.5296,1.0
2021-12-22 10:00:00,1.0,399.85284,1.0
2021-12-22 11:00:00,0.96,469.5647,1.0
2021-12-22 12:00:00,0.79,470.1709,1.0
2021-12-22 13:00:00,1.0,440.8976,1.0
2021-12-22 14:00:00,0.96,313.87717,1.0
2021-12-22 15:00:00,0.94,166.06943,1.0
2021-12-22 16:00:00,0.85,22.135992,0.6655555555555556
2021-12-22 17:00:00,0.89,0.0,0.0
2021-12-22 18:00:00,0.98,0.0,0.0
2021-12-22 19:00:00,1.0,0.0,0.0
2021-12-22 20:00:00,0.98,0.0,0.0
2021-12-22 21:00:00,0.74,0.0,0.0
2021-12-22 22:00:00,0.67,0.0,0.0
2021-12-22 23:00:00,0.72,0.0,0.0
2021-12-23 00:00:00,0.89,0.0,0.0
2021-12-23 01:00:00,0.53,0.0,0.0
2021-12-23 02:00:00,0.57,0.0,0.0
2021-12-23 03:00:00,0.77,0.0,0.0
2021-12-23 04:00:00,0.63,0.0,0.0
2021-12-23 05:00:00,0.85,0.0,0.0
2021-12-23 06:00:00,0.73,0.0,0.0
2021-12-23 07:00:00,0.93,28.746046,0.6794444444444444
2021-12-23 08:00:00,0.99,168.4546,1.0
2021-12-23 09:00:00,0.93,282.6436,1.0
2021-12-23 10:00:00,0.63,399.82544,1.0
2021-12-23 11:00:00,0.92,510.77664,1.0
2021-12-23 12:00:00,1.0,400.67426,1.0
2021-12-23 13:00:00,0.99,369.72354,1.0
2021-12-23 14:00:00,0.88,305.11447,1.0
2021-12-23 15:00:00,0.99,134.57932,1.0
2021-12-23 16:00:00,0.98,15.676636,0.675
2021-12-23 17:00:00,1.0,0.0,0.0
2021-12-23 18:00:00,1.0,0.0,0.0
2021-12-23 19:00:00,0.98,0.0,0.0
2021-12-23 20:00:00,1.0,0.0,0.0
2021-12-23 21:00:00,1.0,0.0,0.0
2021-12-23 22:00:00,1.0,0.0,0.0
2021-12-23 23:00:00,1.0,0.0,0.0
2021-12-24 00:00:00,1.0,0.0,0.0
2021-12-24 01:00:00,1.0,0.0,0.0
2021-12-24 02:00:00,1.0,0.0,0.0
2021-12-24 03:00:00,1.0,0.0,0.0
2021-12-24 04:00:00,1.0,0.0,0.0
2021-12-24 05:00:00,1.0,0.0,0.0
2021-12-24 06:00:00,1.0,0.0,0.0
2021-12-24 07:00:00,1.0,9.939231,0.6722222222222223
2021-12-24 08:00:00,1.0,67.0668,1.0
2021-12-24 09:00:00,1.0,138.68037,1.0
2021-12-24 10:00:00,1.0,197.40616,1.0
2021-12-24 11:00:00,1.0,227.8814,1.0
2021-12-24 12:00:00,1.0,224.30504,1.0
2021-12-24 13:00:00,0.8,287.55902,1.0
2021-12-24 14:00:00,1.0,80.842384,1.0
2021-12-24 15:00:00,0.99,37.215443,1.0
2021-12-24 16:00:00,0.66,15.40902,0.685
2021-12-24 17:00:00,0.92,0.0,0.0
2021-12-24 18:00:00,0.85,0.0,0.0
2021-12-24 19:00:00,0.23,0.0,0.0
2021-12-24 20:00:00,0.04,0.0,0.0
2021-12-24 21:00:00,0.19,0.0,0.0
2021-12-24 22:00:00,0.5,0.0,0.0
2021-12-24 23:00:00,0.95,0.0,0.0
2021-12-25 00:00:00,0.05,0.0,0.0
2021-12-25 01:00:00,0.11,0.0,0.0
2021-12-25 02:00:00,0.05,0.0,0.0
2021-12-25 03:00:00,0.14,0.0,0.0
2021-12-25 04:00:00,0.07,0.0,0.0
2021-12-25 05:00:00,0.02,0.0,0.0
2021-12-25 06:00:00,0.01,0.0,0.0
2021-12-25 07:00:00,0.16,34.927395,0.6658333333333334
2021-12-25 08:00:00,0.25,225.8304,1.0
2021-12-25 09:00:00,0.27,400.1401,1.0
2021-12-25 10:00:00,0.01,536.9182,1.0
2021-12-25 11:00:00,0.08,592.979,1.0
2021-12-25 12:00:00,0.0,585.47534,1.0
2021-12-25 13:00:00,0.0,506.5558,1.0
2021-12-25 14:00:00,0.0,370.9563,1.0
2021-12-25 15:00:00,0.54,188.90503,1.0
2021-12-25 16:00:00,0.99,26.485174,0.6952777777777778
2021-12-25 17:00:00,0.12,0.0,0.0
2021-12-25 18:00:00,0.15,0.0,0.0
2021-12-25 19:00:00,0.1,0.0,0.0
2021-12-25 20:00:00,0.64,0.0,0.0
2021-12-25 21:00:00,0.02,0.0,0.0
2021-12-25 22:00:00,1.0,0.0,0.0
2021-12-25 23:00:00,0.05,0.0,0.0
2021-12-26 00:00:00,0.03,0.0,0.0
2021-12-26 01:00:00,0.32,0.0,0.0
2021-12-26 02:00:00,0.25,0.0,0.0
2021-12-26 03:00:00,0.0,0.0,0.0
2021-12-26 04:00:00,0.04,0.0,0.0
2021-12-26 05:00:00,0.6,0.0,0.0
2021-12-26 06:00:00,0.98,0.0,0.0
2021-12-26 07:00:00,0.95,23.990839,0.6597222222222222
2021-12-26 08:00:00,0.93,187.23642,1.0
2021-12-26 09:00:00,0.29,306.86383,1.0
2021-12-26 10:00:00,0.27,461.6721,1.0
2021-12-26 11:00:00,0.47,529.8741,1.0
2021-12-26 12:00:00,0.5,477.41928,1.0
2021-12-26 13:00:00,0.81,385.41873,1.0
2021-12-26 14:00:00,0.74,323.8963,1.0
2021-12-26 15:00:00,0.4,161.18018,1.0
2021-12-26 16:00:00,0.52,24.672913,0.7063888888888888
2021-12-26 17:00:00,0.61,0.0,0.0
2021-12-26 18:00:00,0.71,0.0,0.0
2021-12-26 19:00:00,0.83,0.0,0.0
2021-12-26 20:00:00,0.8,0.0,0.0
2021-12-26 21:00:00,0.99,0.0,0.0
2021-12-26 22:00:00,0.87,0.0,0.0
2021-12-26 23:00:00,0.96,0.0,0.0
2021-12-27 00:00:00,0.71,0.0,0.0
2021-12-27 01:00:00,0.72,0.0,0.0
2021-12-27 02:00:00,0.78,0.0,0.0
2021-12-27 03:00:00,0.79,0.0,0.0
2021-12-27 04:00:00,0.82,0.0,0.0
2021-12-27 05:00:00,0.82,0.0,0.0
2021-12-27 06:00:00,0.88,0.0,0.0
2021-12-27 07:00:00,0.87,27.060022,0.6544444444444445
2021-12-27 08:00:00,0.43,210.43939,1.0
2021-12-27 09:00:00,0.42,386.75906,1.0
2021-12-27 10:00:00,0.77,514.96906,1.0
2021-12-27 11:00:00,0.83,589.61456,1.0
2021-12-27 12:00:00,0.98,554.9332,1.0
2021-12-27 13:00:00,0.94,361.83505,1.0
2021-12-27 14:00:00,0.97,176.91196,1.0
2021-12-27 15:00:00,1.0,106.733,1.0
2021-12-27 16:00:00,1.0,20.080688,0.7177777777777777
2021-12-27 17:00:00,0.98,0.0,0.0
2021-12-27 18:00:00,1.0,0.0,0.0
2021-12-27 19:00:00,0.94,0.0,0.0
2021-12-27 20:00:00,1.0,0.0,0.0
2021-12-27 21:00:00,0.87,0.0,0.0
2021-12-27 22:00:00,0.96,0.0,0.0
2021-12-27 23:00:00,0.96,0.0,0.0
2021-12-28 00:00:00,0.94,0.0,0.0
2021-12-28 01:00:00,0.96,0.0,0.0
2021-12-28 02:00:00,0.96,0.0,0.0
2021-12-28 03:00:00,0.85,0.0,0.0
2021-12-28 04:00:00,0.97,0.0,0.0
2021-12-28 05:00:00,0.86,0.0,0.0
2021-12-28 06:00:00,0.82,0.0,0.0
2021-12-28 07:00:00,0.9,29.141224,0.6497222222222222
2021-12-28 08:00:00,0.65,217.55962,1.0
2021-12-28 09:00:00,0.22,403.7495,1.0
2021-12-28 10:00:00,0.63,537.3264,1.0
2021-12-28 11:00:00,0.54,600.2242,1.0
2021-12-28 12:00:00,0.66,598.9546,1.0
2021-12-28 13:00:00,0.52,507.2995,1.0
2021-12-28 14:00:00,0.37,353.47757,1.0
2021-12-28 15:00:00,0.14,199.1011,1.0
2021-12-28 16:00:00,0.18,31.570196,0.7294444444444445
2021-12-28 17:00:00,0.33,0.0,0.0
2021-12-28 18:00:00,0.49,0.0,0.0
2021-12-28 19:00:00,0.35,0.0,0.0
2021-12-28 20:00:00,0.15,0.0,0.0
2021-12-28 21:00:00,0.38,0.0,0.0
2021-12-28 22:00:00,0.39,0.0,0.0
2021-12-28 23:00:00,0.1,0.0,0.0
2021-12-29 00:00:00,0.45,0.0,0.0
2021-12-29 01:00:00,0.25,0.0,0.0
2021-12-29 02:00:00,0.37,0.0,0.0
2021-12-29 03:00:00,0.52,0.0,0.0
2021-12-29 04:00:00,0.71,0.0,0.0
2021-12-29 05:00:00,0.91,0.0,0.0
2021-12-29 06:00:00,0.93,0.0,0.0
2021-12-29 07:00:00,0.78,27.144257,0.6455555555555555
2021-12-29 08:00:00,0.85,200.05339,1.0
2021-12-29 09:00:00,0.0,394.1889,1.0
2021-12-29 10:00:00,0.4,531.8697,1.0
2021-12-29 11:00:00,0.37,560.4937,1.0
2021-12-29 12:00:00,0.65,510.24768,1.0
2021-12-29 13:00:00,0.9,493.1773,1.0
2021-12-29 14:00:00,0.2,369.32108,1.0
2021-12-29 15:00:00,0.33,178.98535,1.0
2021-12-29 16:00:00,0.52,31.583994,0.7416666666666667
2021-12-29 17:00:00,0.41,0.0,0.0
2021-12-29 18:00:00,0.03,0.0,0.0
2021-12-29 19:00:00,0.51,0.0,0.0
2021-12-29 20:00:00,0.61,0.0,0.0
2021-12-29 21:00:00,0.44,0.0,0.0
2021-12-29 22:00:00,0.04,0.0,0.0
2021-12-29 23:00:00,0.1,0.0,0.0
2021-12-30 00:00:00,0.67,0.0,0.0
2021-12-30 01:00:00,0.74,0.0,0.0
2021-12-30 02:00:00,0.78,0.0,0.0
2021-12-30 03:00:00,0.96,0.0,0.0
2021-12-30 04:00:00,0.97,0.0,0.0
2021-12-30 05:00:00,0.98,0.0,0.0
2021-12-30 06:00:00,1.0,0.0,0.0
2021-12-30 07:00:00,0.52,29.210247,0.6419444444444444
2021-12-30 08:00:00,0.24,206.39435,1.0
2021-12-30 09:00:00,0.61,405.02582,1.0
2021-12-30 10:00:00,0.67,444.75626,1.0
2021-12-30 11:00:00,0.9,473.02167,1.0
2021-12-30 12:00:00,0.76,460.77,1.0
2021-12-30 13:00:00,0.86,476.2859,1.0
2021-12-30 14:00:00,0.38,351.51877,1.0
2021-12-30 15:00:00,0.77,186.38902,1.0
2021-12-30 16:00:00,0.77,31.620071,0.7541666666666667
2021-12-30 17:00:00,0.62,0.0,0.0
2021-12-30 18:00:00,0.08,0.0,0.0
2021-12-30 19:00:00,0.76,0.0,0.0
2021-12-30 20:00:00,0.82,0.0,0.0
2021-12-30 21:00:00,0.79,0.0,0.0
2021-12-30 22:00:00,0.84,0.0,0.0
2021-12-30 23:00:00,0.7,0.0,0.0
2021-12-31 00:00:00,0.82,0.0,0.0
2021-12-31 01:00:00,0.7,0.0,0.0
2021-12-31 02:00:00,0.95,0.0,0.0
2021-12-31 03:00:00,0.99,0.0,0.0
2021-12-31 04:00:00,0.99,0.0,0.0
2021-12-31 05:00:00,1.0,0.0,0.0
2021-12-31 06:00:00,1.0,0.0,0.0
2021-12-31 07:00:00,1.0,10.933154,0.6391666666666667
2021-12-31 08:00:00,0.89,104.58481,1.0
2021-12-31 09:00:00,1.0,241.31395,1.0
2021-12-31 10:00:00,0.92,370.9518,1.0
2021-12-31 11:00:00,1.0,284.29575,1.0
2021-12-31 12:00:00,1.0,261.34235,1.0
2021-12-31 13:00:00,1.0,211.31845,1.0
2021-12-31 14:00:00,1.0,152.96349,1.0
2021-12-31 15:00:00,1.0,52.677925,1.0
2021-12-31 16:00:00,1.0,8.945308,0.7669444444444444
2021-12-31 17:00:00,1.0,0.0,0.0
2021-12-31 18:00:00,1.0,0.0,0.0
2021-12-31 19:00:00,1.0,0.0,0.0
2021-12-31 20:00:00,1.0,0.0,0.0
2021-12-31 21:00:00,1.0,0.0,0.0
2021-12-31 22:00:00,1.0,0.0,0.0
2021-12-31 23:00:00,1.0,0.0,0.0
2022-01-01 00:00:00,1.0,0.0,0.0
2022-01-01 01:00:00,1.0,0.0,0.0
2022-01-01 02:00:00,1.0,0.0,0.0
2022-01-01 03:00:00,1.0,0.0,0.0
2022-01-01 04:00:00,1.0,0.0,0.0
2022-01-01 05:00:00,1.0,0.0,0.0
2022-01-01 06:00:00,1.0,0.0,0.0
2022-01-01 07:00:00,1.0,7.9513845,0.6372222222222222
2022-01-01 08:00:00,1.0,66.59285,1.0
2022-01-01 09:00:00,1.0,157.04517,1.0
2022-01-01 10:00:00,1.0,263.68793,1.0
2022-01-01 11:00:00,1.0,404.39206,1.0
2022-01-01 12:00:00,1.0,402.61914,1.0
2022-01-01 13:00:00,1.0,365.26614,1.0
2022-01-01 14:00:00,0.94,309.81503,1.0
2022-01-01 15:00:00,0.15,203.262,1.0
2022-01-01 16:00:00,0.03,36.826916,0.78
2022-01-01 17:00:00,0.26,0.0,0.0
2022-01-01 18:00:00,0.0,0.0,0.0
2022-01-01 19:00:00,0.0,0.0,0.0
2022-01-01 20:00:00,0.01,0.0,0.0
2022-01-01 21:00:00,0.0,0.0,0.0
2022-01-01 22:00:00,0.0,0.0,0.0
2022-01-01 23:00:00,0.0,0.0,0.0
2022-01-02 00:00:00,0.0,0.0,0.0
2022-01-02 01:00:00,0.0,0.0,0.0
2022-01-02 02:00:00,0.0,0.0,0.0
2022-01-02 03:00:00,0.0,0.0,0.0
2022-01-02 04:00:00,0.0,0.0,0.0
2022-01-02 05:00:00,0.0,0.0,0.0
2022-01-02 06:00:00,0.0,0.0,0.0
2022-01-02 07:00:00,0.0,32.230328,0.6358333333333334
2022-01-02 08:00:00,0.0,224.04214,1.0
2022-01-02 09:00:00,0.0,410.32516,1.0
2022-01-02 10:00:00,0.0,542.84454,1.0
2022-01-02 11:00:00,0.0,609.52686,1.0
2022-01-02 12:00:00,0.0,604.8711,1.0
2022-01-02 13:00:00,0.0,531.3703,1.0
2022-01-02 14:00:00,0.0,393.8783,1.0
2022-01-02 15:00:00,0.0,213.32384,1.0
2022-01-02 16:00:00,0.0,38.90502,0.7933333333333333
2022-01-02 17:00:00,0.0,0.0,0.0
2022-01-02 18:00:00,0.0,0.0,0.0
2022-01-02 19:00:00,0.0,0.0,0.0
2022-01-02 20:00:00,0.36,0.0,0.0
2022-01-02 21:00:00,0.5,0.0,0.0
2022-01-02 22:00:00,0.22,0.0,0.0
2022-01-02 23:00:00,0.0,0.0,0.0
2022-01-03 00:00:00,0.0,0.0,0.0
2022-01-03 01:00:00,0.22,0.0,0.0
2022-01-03 02:00:00,0.56,0.0,0.0
2022-01-03 03:00:00,0.0,0.0,0.0
2022-01-03 04:00:00,0.8,0.0,0.0
2022-01-03 05:00:00,0.9,0.0,0.0
2022-01-03 06:00:00,0.97,0.0,0.0
2022-01-03 07:00:00,1.0,8.945308,0.6352777777777778
2022-01-03 08:00:00,1.0,90.1034,1.0
2022-01-03 09:00:00,0.99,292.20837,1.0
2022-01-03 10:00:00,0.99,457.6497,1.0
2022-01-03 11:00:00,1.0,490.30716,1.0
2022-01-03 12:00:00,1.0,489.15363,1.0
2022-01-03 13:00:00,0.99,478.98727,1.0
2022-01-03 14:00:00,0.94,357.92557,1.0
2022-01-03 15:00:00,0.99,189.41447,1.0
2022-01-03 16:00:00,1.0,30.026304,0.8069444444444445
2022-01-03 17:00:00,0.6,0.0,0.0
2022-01-03 18:00:00,0.55,0.0,0.0
2022-01-03 19:00:00,0.82,0.0,0.0
2022-01-03 20:00:00,0.89,0.0,0.0
2022-01-03 21:00:00,0.98,0.0,0.0
2022-01-03 22:00:00,0.92,0.0,0.0
2022-01-03 23:00:00,0.81,0.0,0.0
2022-01-04 00:00:00,0.54,0.0,0.0
2022-01-04 01:00:00,0.73,0.0,0.0
2022-01-04 02:00:00,0.27,0.0,0.0
2022-01-04 03:00:00,0.55,0.0,0.0
2022-01-04 04:00:00,0.83,0.0,0.0
2022-01-04 05:00:00,0.95,0.0,0.0
2022-01-04 06:00:00,0.79,0.0,0.0
2022-01-04 07:00:00,0.99,24.054773,0.6352777777777778
2022-01-04 08:00:00,0.9,208.66058,1.0
2022-01-04 09:00:00,0.95,377.35037,1.0
2022-01-04 10:00:00,0.98,530.5303,1.0
2022-01-04 11:00:00,1.0,575.0142,1.0
2022-01-04 12:00:00,1.0,574.8711,1.0
2022-01-04 13:00:00,0.97,455.42172,1.0
2022-01-04 14:00:00,0.9,319.2107,1.0
2022-01-04 15:00:00,1.0,188.57494,1.0
2022-01-04 16:00:00,1.0,29.196676,0.8213888888888888
2022-01-04 17:00:00,0.98,0.0,0.0
2022-01-04 18:00:00,0.97,0.0,0.0
2022-01-04 19:00:00,1.0,0.0,0.0
2022-01-04 20:00:00,0.99,0.0,0.0
2022-01-04 21:00:00,0.91,0.0,0.0
2022-01-04 22:00:00,1.0,0.0,0.0
2022-01-04 23:00:00,0.67,0.0,0.0
2022-01-05 00:00:00,0.37,0.0,0.0
2022-01-05 01:00:00,0.83,0.0,0.0
2022-01-05 02:00:00,0.83,0.0,0.0
2022-01-05 03:00:00,0.84,0.0,0.0
2022-01-05 04:00:00,0.8,0.0,0.0
2022-01-05 05:00:00,0.95,0.0,0.0
2022-01-05 06:00:00,0.93,0.0,0.0
2022-01-05 07:00:00,0.98,16.957624,0.6358333333333334
2022-01-05 08:00:00,1.0,116.7907,1.0
2022-01-05 09:00:00,1.0,248.23708,1.0
2022-01-05 10:00:00,1.0,289.97375,1.0
2022-01-05 11:00:00,1.0,361.14056,1.0
2022-01-05 12:00:00,1.0,388.31082,1.0
2022-01-05 13:00:00,1.0,270.25076,1.0
2022-01-05 14:00:00,1.0,177.75345,1.0
2022-01-05 15:00:00,1.0,76.92122,1.0
2022-01-05 16:00:00,1.0,10.933154,0.8361111111111111
2022-01-05 17:00:00,1.0,0.0,0.0
2022-01-05 18:00:00,1.0,0.0,0.0
2022-01-05 19:00:00,1.0,0.0,0.0
2022-01-05 20:00:00,1.0,0.0,0.0
2022-01-05 21:00:00,1.0,0.0,0.0
2022-01-05 22:00:00,1.0,0.0,0.0
2022-01-05 23:00:00,1.0,0.0,0.0
2022-01-06 00:00:00,1.0,0.0,0.0
2022-01-06 01:00:00,1.0,0.0,0.0
2022-01-06 02:00:00,1.0,0.0,0.0
2022-01-06 03:00:00,1.0,0.0,0.0
2022-01-06 04:00:00,1.0,0.0,0.0
2022-01-06 05:00:00,1.0,0.0,0.0
2022-01-06 06:00:00,1.0,0.0,0.0
2022-01-06 07:00:00,1.0,10.933154,0.6369444444444444
2022-01-06 08:00:00,1.0,107.73088,1.0
2022-01-06 09:00:00,1.0,254.11656,1.0
2022-01-06 10:00:00,1.0,392.0855,1.0
2022-01-06 11:00:00,1.0,455.0245,1.0
2022-01-06 12:00:00,1.0,373.2676,1.0
2022-01-06 13:00:00,1.0,358.58258,1.0
2022-01-06 14:00:00,0.99,297.4128,1.0
2022-01-06 15:00:00,0.99,167.73465,1.0
2022-01-06 16:00:00,1.0,31.29914,0.8513888888888889
2022-01-06 17:00:00,1.0,0.0,0.0
2022-01-06 18:00:00,0.99,0.0,0.0
2022-01-06 19:00:00,0.82,0.0,0.0
2022-01-06 20:00:00,0.88,0.0,0.0
2022-01-06 21:00:00,0.98,0.0,0.0
2022-01-06 22:00:00,0.95,0.0,0.0
2022-01-06 23:00:00,0.97,0.0,0.0
2022-01-07 00:00:00,0.97,0.0,0.0
2022-01-07 01:00:00,1.0,0.0,0.0
2022-01-07 02:00:00,1.0,0.0,0.0
2022-01-07 03:00:00,1.0,0.0,0.0
2022-01-07 04:00:00,1.0,0.0,0.0
2022-01-07 05:00:00,0.89,0.0,0.0
2022-01-07 06:00:00,0.68,0.0,0.0
2022-01-07 07:00:00,0.95,24.874256,0.6386111111111111
2022-01-07 08:00:00,0.8,185.55792,1.0
2022-01-07 09:00:00,1.0,368.78003,1.0
2022-01-07 10:00:00,0.94,529.7688,1.0
2022-01-07 11:00:00,0.98,619.1024,1.0
2022-01-07 12:00:00,0.93,596.959,1.0
2022-01-07 13:00:00,0.91,529.89966,1.0
2022-01-07 14:00:00,0.69,409.6933,1.0
2022-01-07 15:00:00,0.62,221.54825,1.0
2022-01-07 16:00:00,0.68,44.642715,0.8672222222222222
2022-01-07 17:00:00,0.65,0.0,0.0
2022-01-07 18:00:00,0.73,0.0,0.0
2022-01-07 19:00:00,0.76,0.0,0.0
2022-01-07 20:00:00,0.4,0.0,0.0
2022-01-07 21:00:00,0.74,0.0,0.0
2022-01-07 22:00:00,0.88,0.0,0.0
2022-01-07 23:00:00,0.81,0.0,0.0
2022-01-08 00:00:00,0.69,0.0,0.0
2022-01-08 01:00:00,0.59,0.0,0.0
2022-01-08 02:00:00,0.7,0.0,0.0
2022-01-08 03:00:00,0.47,0.0,0.0
2022-01-08 04:00:00,0.5,0.0,0.0
2022-01-08 05:00:00,0.8,0.0,0.0
2022-01-08 06:00:00,0.73,0.0,0.0
2022-01-08 07:00:00,0.82,24.796856,0.6408333333333334
2022-01-08 08:00:00,0.96,181.97995,1.0
2022-01-08 09:00:00,0.86,397.28732,1.0
2022-01-08 10:00:00,0.35,541.819,1.0
2022-01-08 11:00:00,0.55,565.7683,1.0
2022-01-08 12:00:00,0.88,341.74557,1.0
2022-01-08 13:00:00,0.47,517.2718,1.0
2022-01-08 14:00:00,1.0,153.2136,1.0
2022-01-08 15:00:00,1.0,92.55761,1.0
2022-01-08 16:00:00,0.99,25.840694,0.8836111111111111
2022-01-08 17:00:00,1.0,0.0,0.0
2022-01-08 18:00:00,0.99,0.0,0.0
2022-01-08 19:00:00,1.0,0.0,0.0
2022-01-08 20:00:00,0.55,0.0,0.0
2022-01-08 21:00:00,0.01,0.0,0.0
2022-01-08 22:00:00,0.56,0.0,0.0
2022-01-08 23:00:00,0.21,0.0,0.0
2022-01-09 00:00:00,0.0,0.0,0.0
2022-01-09 01:00:00,0.0,0.0,0.0
2022-01-09 02:00:00,0.0,0.0,0.0
2022-01-09 03:00:00,0.0,0.0,0.0
2022-01-09 04:00:00,0.0,0.0,0.0
2022-01-09 05:00:00,0.0,0.0,0.0
2022-01-09 06:00:00,0.0,0.0,0.0
2022-01-09 07:00:00,0.04,31.585228,0.6436111111111111
2022-01-09 08:00:00,0.02,215.36754,1.0
2022-01-09 09:00:00,0.29,386.7378,1.0
2022-01-09 10:00:00,0.54,495.20737,1.0
2022-01-09 11:00:00,0.76,540.7402,1.0
2022-01-09 12:00:00,0.45,528.0686,1.0
2022-01-09 13:00:00,0.41,451.10526,1.0
2022-01-09 14:00:00,0.34,358.1741,1.0
2022-01-09 15:00:00,0.28,199.4302,1.0
2022-01-09 16:00:00,0.21,47.06553,0.9002777777777777
2022-01-09 17:00:00,0.1,0.0,0.0
2022-01-09 18:00:00,0.23,0.0,0.0
2022-01-09 19:00:00,0.2,0.0,0.0
2022-01-09 20:00:00,0.1,0.0,0.0
2022-01-09 21:00:00,0.01,0.0,0.0
2022-01-09 22:00:00,0.0,0.0,0.0
2022-01-09 23:00:00,0.0,0.0,0.0
2022-01-10 00:00:00,0.0,0.0,0.0
2022-01-10 01:00:00,0.0,0.0,0.0
2022-01-10 02:00:00,0.04,0.0,0.0
2022-01-10 03:00:00,0.0,0.0,0.0
2022-01-10 04:00:00,0.0,0.0,0.0
2022-01-10 05:00:00,0.0,0.0,0.0
2022-01-10 06:00:00,0.0,0.0,0.0
2022-01-10 07:00:00,0.0,34.368923,0.6472222222222223
2022-01-10 08:00:00,0.0,230.66518,1.0
2022-01-10 09:00:00,0.0,423.89508,1.0
2022-01-10 10:00:00,0.0,565.37695,1.0
2022-01-10 11:00:00,0.0,639.9949,1.0
2022-01-10 12:00:00,0.0,640.7903,1.0
2022-01-10 13:00:00,0.0,569.201,1.0
2022-01-10 14:00:00,0.0,432.22147,1.0
2022-01-10 15:00:00,0.0,247.43814,1.0
2022-01-10 16:00:00,0.0,57.500805,0.9172222222222223
2022-01-10 17:00:00,0.0,0.0,0.0
2022-01-10 18:00:00,0.36,0.0,0.0
2022-01-10 19:00:00,0.16,0.0,0.0
2022-01-10 20:00:00,0.01,0.0,0.0
2022-01-10 21:00:00,0.09,0.0,0.0
2022-01-10 22:00:00,0.07,0.0,0.0
2022-01-10 23:00:00,0.0,0.0,0.0
2022-01-11 00:00:00,0.0,0.0,0.0
2022-01-11 01:00:00,0.0,0.0,0.0
2022-01-11 02:00:00,0.55,0.0,0.0
2022-01-11 03:00:00,0.78,0.0,0.0
2022-01-11 04:00:00,0.75,0.0,0.0
2022-01-11 05:00:00,0.85,0.0,0.0
2022-01-11 06:00:00,0.98,0.0,0.0
2022-01-11 07:00:00,0.95,30.34239,0.6511111111111111
2022-01-11 08:00:00,0.99,217.73822,1.0
2022-01-11 09:00:00,1.0,384.4045,1.0
2022-01-11 10:00:00,0.99,499.70755,1.0
2022-01-11 11:00:00,0.94,544.3453,1.0
2022-01-11 12:00:00,0.98,527.41284,1.0
2022-01-11 13:00:00,0.92,536.2848,1.0
2022-01-11 14:00:00,0.9,411.3511,1.0
2022-01-11 15:00:00,0.03,250.65202,1.0
2022-01-11 16:00:00,0.13,59.704643,0.9344444444444444
2022-01-11 17:00:00,0.5,0.0,0.0
2022-01-11 18:00:00,0.63,0.0,0.0
2022-01-11 19:00:00,0.52,0.0,0.0
2022-01-11 20:00:00,0.59,0.0,0.0
2022-01-11 21:00:00,0.35,0.0,0.0
2022-01-11 22:00:00,0.34,0.0,0.0
2022-01-11 23:00:00,0.76,0.0,0.0
2022-01-12 00:00:00,0.94,0.0,0.0
2022-01-12 01:00:00,0.88,0.0,0.0
2022-01-12 02:00:00,1.0,0.0,0.0
2022-01-12 03:00:00,0.97,0.0,0.0
2022-01-12 04:00:00,1.0,0.0,0.0
2022-01-12 05:00:00,0.98,0.0,0.0
2022-01-12 06:00:00,1.0,0.0,0.0
2022-01-12 07:00:00,1.0,13.825844,0.6555555555555556
2022-01-12 08:00:00,1.0,142.59227,1.0
2022-01-12 09:00:00,0.87,349.63492,1.0
2022-01-12 10:00:00,1.0,522.3113,1.0
2022-01-12 11:00:00,0.91,608.9538,1.0
2022-01-12 12:00:00,0.97,546.878,1.0
2022-01-12 13:00:00,0.93,539.39276,1.0
2022-01-12 14:00:00,0.94,411.43533,1.0
2022-01-12 15:00:00,0.65,240.74243,1.0
2022-01-12 16:00:00,0.58,57.699806,0.9522222222222222
2022-01-12 17:00:00,1.0,0.0,0.0
2022-01-12 18:00:00,0.8,0.0,0.0
2022-01-12 19:00:00,0.64,0.0,0.0
2022-01-12 20:00:00,0.32,0.0,0.0
2022-01-12 21:00:00,0.05,0.0,0.0
2022-01-12 22:00:00,0.37,0.0,0.0
2022-01-12 23:00:00,0.65,0.0,0.0
2022-01-13 00:00:00,0.07,0.0,0.0
2022-01-13 01:00:00,0.06,0.0,0.0
2022-01-13 02:00:00,0.09,0.0,0.0
2022-01-13 03:00:00,0.77,0.0,0.0
2022-01-13 04:00:00,0.99,0.0,0.0
2022-01-13 05:00:00,1.0,0.0,0.0
2022-01-13 06:00:00,1.0,0.0,0.0
2022-01-13 07:00:00,0.59,30.905212,0.6608333333333334
2022-01-13 08:00:00,0.75,213.50754,1.0
2022-01-13 09:00:00,0.3,404.81577,1.0
2022-01-13 10:00:00,0.28,541.3336,1.0
2022-01-13 11:00:00,1.0,591.0664,1.0
2022-01-13 12:00:00,0.97,573.75885,1.0
2022-01-13 13:00:00,1.0,495.12802,1.0
2022-01-13 14:00:00,1.0,354.79626,1.0
2022-01-13 15:00:00,1.0,176.38684,1.0
2022-01-13 16:00:00,1.0,43.767593,0.9702777777777778
2022-01-13 17:00:00,1.0,0.0,0.0
2022-01-13 18:00:00,1.0,0.0,0.0
2022-01-13 19:00:00,1.0,0.0,0.0
2022-01-13 20:00:00,0.99,0.0,0.0
2022-01-13 21:00:00,1.0,0.0,0.0
2022-01-13 22:00:00,1.0,0.0,0.0
2022-01-13 23:00:00,1.0,0.0,0.0
2022-01-14 00:00:00,1.0,0.0,0.0
2022-01-14 01:00:00,1.0,0.0,0.0
2022-01-14 02:00:00,0.96,0.0,0.0
2022-01-14 03:00:00,0.57,0.0,0.0
2022-01-14 04:00:00,0.0,0.0,0.0
2022-01-14 05:00:00,0.0,0.0,0.0
2022-01-14 06:00:00,0.02,0.0,0.0
2022-01-14 07:00:00,0.44,31.70107,0.6663888888888889
2022-01-14 08:00:00,0.34,217.48157,1.0
2022-01-14 09:00:00,0.87,103.06686,1.0
2022-01-14 10:00:00,1.0,82.59502,1.0
2022-01-14 11:00:00,1.0,126.39572,1.0
2022-01-14 12:00:00,1.0,261.14734,1.0
2022-01-14 13:00:00,1.0,188.46548,1.0
2022-01-14 14:00:00,1.0,125.83311,1.0
2022-01-14 15:00:00,1.0,112.40831,1.0
2022-01-14 16:00:00,1.0,11.927076,0.9883333333333333
2022-01-14 17:00:00,1.0,0.0,0.0
2022-01-14 18:00:00,0.78,0.0,0.0
2022-01-14 19:00:00,0.8,0.0,0.0
2022-01-14 20:00:00,0.83,0.0,0.0
2022-01-14 21:00:00,0.56,0.0,0.0
2022-01-14 22:00:00,0.55,0.0,0.0
2022-01-14 23:00:00,0.73,0.0,0.0
2022-01-15 00:00:00,0.4,0.0,0.0
2022-01-15 01:00:00,0.16,0.0,0.0
2022-01-15 02:00:00,0.05,0.0,0.0
2022-01-15 03:00:00,0.08,0.0,0.0
2022-01-15 04:00:00,0.01,0.0,0.0
2022-01-15 05:00:00,0.0,0.0,0.0
2022-01-15 06:00:00,0.01,0.0,0.0
2022-01-15 07:00:00,0.0,37.130726,0.6725
2022-01-15 08:00:00,0.11,236.4366,1.0
2022-01-15 09:00:00,0.01,431.7691,1.0
2022-01-15 10:00:00,0.07,573.365,1.0
2022-01-15 11:00:00,0.0,650.56067,1.0
2022-01-15 12:00:00,0.0,653.1836,1.0
2022-01-15 13:00:00,0.0,582.9741,1.0
2022-01-15 14:00:00,0.0,447.1821,1.0
2022-01-15 15:00:00,0.0,262.80148,1.0
2022-01-15 16:00:00,0.0,70.44175,1.0
2022-01-15 17:00:00,0.0,0.0,0.006666666666666667
2022-01-15 18:00:00,0.11,0.0,0.0
2022-01-15 19:00:00,0.33,0.0,0.0
2022-01-15 20:00:00,0.8,0.0,0.0
2022-01-15 21:00:00,0.82,0.0,0.0
2022-01-15 22:00:00,0.95,0.0,0.0
2022-01-15 23:00:00,0.96,0.0,0.0
2022-01-16 00:00:00,0.98,0.0,0.0
2022-01-16 01:00:00,0.98,0.0,0.0
2022-01-16 02:00:00,1.0,0.0,0.0
2022-01-16 03:00:00,0.15,0.0,0.0
2022-01-16 04:00:00,0.29,0.0,0.0
2022-01-16 05:00:00,0.15,0.0,0.0
2022-01-16 06:00:00,0.94,0.0,0.0
2022-01-16 07:00:00,0.72,29.4798,0.6794444444444444
2022-01-16 08:00:00,0.92,193.18623,1.0
2022-01-16 09:00:00,1.0,400.18893,1.0
2022-01-16 10:00:00,0.5,530.8435,1.0
2022-01-16 11:00:00,0.92,587.5257,1.0
2022-01-16 12:00:00,0.72,576.2881,1.0
2022-01-16 13:00:00,0.93,514.90857,1.0
2022-01-16 14:00:00,0.93,392.9067,1.0
2022-01-16 15:00:00,0.98,234.86598,1.0
2022-01-16 16:00:00,0.92,60.583866,1.0
2022-01-16 17:00:00,0.94,0.0,0.025277777777777777
2022-01-16 18:00:00,0.12,0.0,0.0
2022-01-16 19:00:00,0.14,0.0,0.0
2022-01-16 20:00:00,0.08,0.0,0.0
2022-01-16 21:00:00,0.26,0.0,0.0
2022-01-16 22:00:00,0.3,0.0,0.0
2022-01-16 23:00:00,0.58,0.0,0.0
2022-01-17 00:00:00,0.69,0.0,0.0
2022-01-17 01:00:00,0.06,0.0,0.0
2022-01-17 02:00:00,0.0,0.0,0.0
2022-01-17 03:00:00,0.0,0.0,0.0
2022-01-17 04:00:00,0.0,0.0,0.0
2022-01-17 05:00:00,0.14,0.0,0.0
2022-01-17 06:00:00,0.94,0.0,0.0
2022-01-17 07:00:00,0.95,32.047447,0.6866666666666666
2022-01-17 08:00:00,0.93,174.70493,1.0
2022-01-17 09:00:00,0.99,317.7096,1.0
2022-01-17 10:00:00,1.0,467.39203,1.0
2022-01-17 11:00:00,0.93,570.1025,1.0
2022-01-17 12:00:00,0.89,584.4461,1.0
2022-01-17 13:00:00,1.0,504.56042,1.0
2022-01-17 14:00:00,0.97,324.16727,1.0
2022-01-17 15:00:00,1.0,168.78342,1.0
2022-01-17 16:00:00,1.0,36.824215,1.0
2022-01-17 17:00:00,1.0,0.0,0.04388888888888889
2022-01-17 18:00:00,1.0,0.0,0.0
2022-01-17 19:00:00,1.0,0.0,0.0
2022-01-17 20:00:00,0.97,0.0,0.0
2022-01-17 21:00:00,1.0,0.0,0.0
2022-01-17 22:00:00,1.0,0.0,0.0
2022-01-17 23:00:00,1.0,0.0,0.0
2022-01-18 00:00:00,1.0,0.0,0.0
2022-01-18 01:00:00,0.75,0.0,0.0
2022-01-18 02:00:00,0.95,0.0,0.0
2022-01-18 03:00:00,1.0,0.0,0.0
2022-01-18 04:00:00,1.0,0.0,0.0
2022-01-18 05:00:00,1.0,0.0,0.0
2022-01-18 06:00:00,1.0,0.0,0.0
2022-01-18 07:00:00,1.0,11.927076,0.6947222222222222
2022-01-18 08:00:00,1.0,75.538155,1.0
2022-01-18 09:00:00,1.0,184.85252,1.0
2022-01-18 10:00:00,1.0,306.73077,1.0
2022-01-18 11:00:00,1.0,420.78528,1.0
2022-01-18 12:00:00,1.0,441.0838,1.0
2022-01-18 13:00:00,1.0,418.62698,1.0
2022-01-18 14:00:00,1.0,231.69087,1.0
2022-01-18 15:00:00,1.0,118.38765,1.0
2022-01-18 16:00:00,1.0,33.793385,1.0
2022-01-18 17:00:00,1.0,0.0,0.06277777777777778
2022-01-18 18:00:00,1.0,0.0,0.0
2022-01-18 19:00:00,1.0,0.0,0.0
2022-01-18 20:00:00,1.0,0.0,0.0
2022-01-18 21:00:00,1.0,0.0,0.0
2022-01-18 22:00:00,1.0,0.0,0.0
2022-01-18 23:00:00,0.99,0.0,0.0
2022-01-19 00:00:00,0.45,0.0,0.0
2022-01-19 01:00:00,0.0,0.0,0.0
2022-01-19 02:00:00,0.07,0.0,0.0
2022-01-19 03:00:00,0.61,0.0,0.0
2022-01-19 04:00:00,1.0,0.0,0.0
2022-01-19 05:00:00,1.0,0.0,0.0
2022-01-19 06:00:00,1.0,0.0,0.0
2022-01-19 07:00:00,1.0,5.963538,0.7030555555555555
2022-01-19 08:00:00,1.0,56.16664,1.0
2022-01-19 09:00:00,1.0,96.00889,1.0
2022-01-19 10:00:00,1.0,146.63057,1.0
2022-01-19 11:00:00,1.0,167.50117,1.0
2022-01-19 12:00:00,1.0,149.08847,1.0
2022-01-19 13:00:00,1.0,153.06416,1.0
2022-01-19 14:00:00,1.0,108.337616,1.0
2022-01-19 15:00:00,1.0,77.526,1.0
2022-01-19 16:00:00,1.0,19.878462,1.0
2022-01-19 17:00:00,1.0,0.0,0.08166666666666667
2022-01-19 18:00:00,1.0,0.0,0.0
2022-01-19 19:00:00,1.0,0.0,0.0
2022-01-19 20:00:00,1.0,0.0,0.0
2022-01-19 21:00:00,1.0,0.0,0.0
2022-01-19 22:00:00,1.0,0.0,0.0
2022-01-19 23:00:00,0.87,0.0,0.0
2022-01-20 00:00:00,0.66,0.0,0.0
2022-01-20 01:00:00,0.15,0.0,0.0
2022-01-20 02:00:00,0.02,0.0,0.0
2022-01-20 03:00:00,0.0,0.0,0.0
2022-01-20 04:00:00,0.0,0.0,0.0
2022-01-20 05:00:00,0.04,0.0,0.0
2022-01-20 06:00:00,0.47,0.0,0.0
2022-01-20 07:00:00,0.43,22.319613,0.7119444444444445
2022-01-20 08:00:00,0.33,148.90755,1.0
2022-01-20 09:00:00,0.13,387.8768,1.0
2022-01-20 10:00:00,0.03,589.0392,1.0
2022-01-20 11:00:00,0.06,648.94586,1.0
2022-01-20 12:00:00,0.11,655.65607,1.0
2022-01-20 13:00:00,0.07,574.0741,1.0
2022-01-20 14:00:00,0.02,450.64194,1.0
2022-01-20 15:00:00,0.05,277.94675,1.0
2022-01-20 16:00:00,0.26,83.68738,1.0
2022-01-20 17:00:00,0.34,0.0,0.10027777777777777
2022-01-20 18:00:00,0.13,0.0,0.0
2022-01-20 19:00:00,0.01,0.0,0.0
2022-01-20 20:00:00,0.05,0.0,0.0
2022-01-20 21:00:00,0.29,0.0,0.0
2022-01-20 22:00:00,0.31,0.0,0.0
2022-01-20 23:00:00,0.59,0.0,0.0
2022-01-21 00:00:00,0.4,0.0,0.0
2022-01-21 01:00:00,0.97,0.0,0.0
2022-01-21 02:00:00,1.0,0.0,0.0
2022-01-21 03:00:00,1.0,0.0,0.0
2022-01-21 04:00:00,0.99,0.0,0.0
2022-01-21 05:00:00,0.99,0.0,0.0
2022-01-21 06:00:00,1.0,0.0,0.0
2022-01-21 07:00:00,0.94,20.196955,0.7216666666666667
2022-01-21 08:00:00,0.99,123.1271,1.0
2022-01-21 09:00:00,1.0,156.56795,1.0
2022-01-21 10:00:00,1.0,146.83557,1.0
2022-01-21 11:00:00,1.0,323.12503,1.0
2022-01-21 12:00:00,1.0,266.6852,1.0
2022-01-21 13:00:00,1.0,144.9544,1.0
2022-01-21 14:00:00,1.0,78.51992,1.0
2022-01-21 15:00:00,1.0,53.67185,1.0
2022-01-21 16:00:00,1.0,18.884539,1.0
2022-01-21 17:00:00,1.0,0.0,0.11916666666666667
2022-01-21 18:00:00,1.0,0.0,0.0
2022-01-21 19:00:00,1.0,0.0,0.0
2022-01-21 20:00:00,1.0,0.0,0.0
2022-01-21 21:00:00,1.0,0.0,0.0
2022-01-21 22:00:00,1.0,0.0,0.0
2022-01-21 23:00:00,0.99,0.0,0.0
2022-01-22 00:00:00,0.99,0.0,0.0
2022-01-22 01:00:00,0.97,0.0,0.0
2022-01-22 02:00:00,0.54,0.0,0.0
2022-01-22 03:00:00,0.19,0.0,0.0
2022-01-22 04:00:00,0.0,0.0,0.0
2022-01-22 05:00:00,0.0,0.0,0.0
2022-01-22 06:00:00,0.29,0.0,0.0
2022-01-22 07:00:00,0.22,41.292747,0.7316666666666667
2022-01-22 08:00:00,0.25,239.238,1.0
2022-01-22 09:00:00,0.11,433.86374,1.0
2022-01-22 10:00:00,0.27,576.6274,1.0
2022-01-22 11:00:00,0.41,649.1177,1.0
2022-01-22 12:00:00,0.17,661.5936,1.0
2022-01-22 13:00:00,0.01,595.11993,1.0
2022-01-22 14:00:00,0.04,461.61362,1.0
2022-01-22 15:00:00,0.05,280.54504,1.0
2022-01-22 16:00:00,0.11,88.84662,1.0
2022-01-22 17:00:00,0.14,0.0,0.13805555555555554
2022-01-22 18:00:00,0.25,0.0,0.0
2022-01-22 19:00:00,0.71,0.0,0.0
2022-01-22 20:00:00,0.34,0.0,0.0
2022-01-22 21:00:00,0.02,0.0,0.0
2022-01-22 22:00:00,0.38,0.0,0.0
2022-01-22 23:00:00,0.0,0.0,0.0
2022-01-23 00:00:00,0.04,0.0,0.0
2022-01-23 01:00:00,0.0,0.0,0.0
2022-01-23 02:00:00,0.0,0.0,0.0
2022-01-23 03:00:00,0.08,0.0,0.0
2022-01-23 04:00:00,0.32,0.0,0.0
2022-01-23 05:00:00,0.0,0.0,0.0
2022-01-23 06:00:00,0.34,0.0,0.0
2022-01-23 07:00:00,0.19,43.493523,0.7422222222222222
2022-01-23 08:00:00,0.31,241.07158,1.0
2022-01-23 09:00:00,0.1,433.9628,1.0
2022-01-23 10:00:00,0.52,571.7999,1.0
2022-01-23 11:00:00,0.4,652.2044,1.0
2022-01-23 12:00:00,0.0,658.0114,1.0
2022-01-23 13:00:00,0.0,590.77313,1.0
2022-01-23 14:00:00,0.0,460.0771,1.0
2022-01-23 15:00:00,0.01,282.41147,1.0
2022-01-23 16:00:00,0.1,91.100204,1.0
2022-01-23 17:00:00,0.62,0.0,0.15694444444444444
2022-01-23 18:00:00,0.0,0.0,0.0
2022-01-23 19:00:00,0.0,0.0,0.0
2022-01-23 20:00:00,0.0,0.0,0.0
2022-01-23 21:00:00,0.01,0.0,0.0
2022-01-23 22:00:00,0.11,0.0,0.0
2022-01-23 23:00:00,0.06,0.0,0.0
2022-01-24 00:00:00,0.0,0.0,0.0
2022-01-24 01:00:00,0.05,0.0,0.0
2022-01-24 02:00:00,0.05,0.0,0.0
2022-01-24 03:00:00,0.16,0.0,0.0
2022-01-24 04:00:00,0.03,0.0,0.0
2022-01-24 05:00:00,0.11,0.0,0.0
2022-01-24 06:00:00,0.0,0.0,0.0
2022-01-24 07:00:00,0.03,45.622158,0.7536111111111111
2022-01-24 08:00:00,0.01,239.14784,1.0
2022-01-24 09:00:00,0.05,433.15323,1.0
2022-01-24 10:00:00,0.0,577.5991,1.0
2022-01-24 11:00:00,0.2,655.1603,1.0
2022-01-24 12:00:00,0.26,658.30164,1.0
2022-01-24 13:00:00,0.53,591.38055,1.0
2022-01-24 14:00:00,0.65,451.69626,1.0
2022-01-24 15:00:00,0.88,257.67078,1.0
2022-01-24 16:00:00,0.95,81.412476,1.0
2022-01-24 17:00:00,0.93,0.0,0.17583333333333334
2022-01-24 18:00:00,0.92,0.0,0.0
2022-01-24 19:00:00,0.89,0.0,0.0
2022-01-24 20:00:00,0.66,0.0,0.0
2022-01-24 21:00:00,0.74,0.0,0.0
2022-01-24 22:00:00,0.74,0.0,0.0
2022-01-24 23:00:00,0.61,0.0,0.0
2022-01-25 00:00:00,1.0,0.0,0.0
2022-01-25 01:00:00,0.96,0.0,0.0
2022-01-25 02:00:00,1.0,0.0,0.0
2022-01-25 03:00:00,1.0,0.0,0.0
2022-01-25 04:00:00,1.0,0.0,0.0
2022-01-25 05:00:00,1.0,0.0,0.0
2022-01-25 06:00:00,1.0,0.0,0.0
2022-01-25 07:00:00,1.0,5.963538,0.7655555555555555
2022-01-25 08:00:00,1.0,29.817692,1.0
2022-01-25 09:00:00,1.0,65.59892,1.0
2022-01-25 10:00:00,1.0,123.24647,1.0
2022-01-25 11:00:00,1.0,164.99124,1.0
2022-01-25 12:00:00,1.0,205.74208,1.0
2022-01-25 13:00:00,1.0,188.84538,1.0
2022-01-25 14:00:00,1.0,183.88469,1.0
2022-01-25 15:00:00,0.98,138.85938,1.0
2022-01-25 16:00:00,0.87,48.354786,1.0
2022-01-25 17:00:00,0.74,0.0,0.19527777777777777
2022-01-25 18:00:00,1.0,0.0,0.0
2022-01-25 19:00:00,0.98,0.0,0.0
2022-01-25 20:00:00,0.36,0.0,0.0
2022-01-25 21:00:00,0.01,0.0,0.0
2022-01-25 22:00:00,0.0,0.0,0.0
2022-01-25 23:00:00,0.0,0.0,0.0
2022-01-26 00:00:00,0.0,0.0,0.0
2022-01-26 01:00:00,0.0,0.0,0.0
2022-01-26 02:00:00,0.0,0.0,0.0
2022-01-26 03:00:00,0.0,0.0,0.0
2022-01-26 04:00:00,0.01,0.0,0.0
2022-01-26 05:00:00,0.01,0.0,0.0
2022-01-26 06:00:00,0.0,0.0,0.0
2022-01-26 07:00:00,0.0,55.12838,0.7780555555555555
2022-01-26 08:00:00,0.0,272.7158,1.0
2022-01-26 09:00:00,0.0,477.56213,1.0
2022-01-26 10:00:00,0.0,627.0015,1.0
2022-01-26 11:00:00,0.0,706.5312,1.0
2022-01-26 12:00:00,0.16,706.7202,1.0
2022-01-26 13:00:00,0.61,629.5681,1.0
2022-01-26 14:00:00,0.33,484.38803,1.0
2022-01-26 15:00:00,0.21,298.84525,1.0
2022-01-26 16:00:00,0.17,100.55342,1.0
2022-01-26 17:00:00,0.91,0.0,0.21472222222222223
2022-01-26 18:00:00,0.64,0.0,0.0
2022-01-26 19:00:00,0.93,0.0,0.0
2022-01-26 20:00:00,0.97,0.0,0.0
2022-01-26 21:00:00,1.0,0.0,0.0
2022-01-26 22:00:00,0.96,0.0,0.0
2022-01-26 23:00:00,1.0,0.0,0.0
2022-01-27 00:00:00,1.0,0.0,0.0
2022-01-27 01:00:00,0.96,0.0,0.0
2022-01-27 02:00:00,0.92,0.0,0.0
2022-01-27 03:00:00,0.99,0.0,0.0
2022-01-27 04:00:00,1.0,0.0,0.0
2022-01-27 05:00:00,0.89,0.0,0.0
2022-01-27 06:00:00,0.6,0.0,0.0
2022-01-27 07:00:00,1.0,26.232817,0.7911111111111111
2022-01-27 08:00:00,1.0,67.50327,1.0
2022-01-27 09:00:00,1.0,74.544235,1.0
2022-01-27 10:00:00,1.0,151.07631,1.0
2022-01-27 11:00:00,1.0,211.70561,1.0
2022-01-27 12:00:00,1.0,256.94733,1.0
2022-01-27 13:00:00,1.0,419.5933,1.0
2022-01-27 14:00:00,0.99,344.69843,1.0
2022-01-27 15:00:00,0.89,196.90146,1.0
2022-01-27 16:00:00,0.07,80.007706,1.0
2022-01-27 17:00:00,0.03,0.0,0.23444444444444446
2022-01-27 18:00:00,0.01,0.0,0.0
2022-01-27 19:00:00,0.0,0.0,0.0
2022-01-27 20:00:00,0.0,0.0,0.0
2022-01-27 21:00:00,0.0,0.0,0.0
2022-01-27 22:00:00,0.0,0.0,0.0
2022-01-27 23:00:00,0.0,0.0,0.0
2022-01-28 00:00:00,0.0,0.0,0.0
2022-01-28 01:00:00,0.0,0.0,0.0
2022-01-28 02:00:00,0.01,0.0,0.0
2022-01-28 03:00:00,0.0,0.0,0.0
2022-01-28 04:00:00,0.01,0.0,0.0
2022-01-28 05:00:00,0.0,0.0,0.0
2022-01-28 06:00:00,0.0,0.0,0.0
2022-01-28 07:00:00,0.01,54.986416,0.805
2022-01-28 08:00:00,0.0,268.17294,1.0
2022-01-28 09:00:00,0.0,470.41498,1.0
2022-01-28 10:00:00,0.0,620.6091,1.0
2022-01-28 11:00:00,0.0,703.39624,1.0
2022-01-28 12:00:00,0.0,710.316,1.0
2022-01-28 13:00:00,0.0,643.41626,1.0
2022-01-28 14:00:00,0.0,509.2694,1.0
2022-01-28 15:00:00,0.0,322.68155,1.0
2022-01-28 16:00:00,0.0,116.06012,1.0
2022-01-28 17:00:00,0.0,0.0,0.25416666666666665
2022-01-28 18:00:00,0.0,0.0,0.0
2022-01-28 19:00:00,0.0,0.0,0.0
2022-01-28 20:00:00,0.0,0.0,0.0
2022-01-28 21:00:00,0.0,0.0,0.0
2022-01-28 22:00:00,0.0,0.0,0.0
2022-01-28 23:00:00,0.02,0.0,0.0
2022-01-29 00:00:00,0.0,0.0,0.0
2022-01-29 01:00:00,0.0,0.0,0.0
2022-01-29 02:00:00,0.0,0.0,0.0
2022-01-29 03:00:00,0.0,0.0,0.0
2022-01-29 04:00:00,0.0,0.0,0.0
2022-01-29 05:00:00,0.04,0.0,0.0
2022-01-29 06:00:00,0.0,0.0,0.0
2022-01-29 07:00:00,0.0,60.57241,0.8191666666666667
2022-01-29 08:00:00,0.0,280.37686,1.0
2022-01-29 09:00:00,0.07,486.6888,1.0
2022-01-29 10:00:00,0.03,638.838,1.0
2022-01-29 11:00:00,0.0,721.18353,1.0
2022-01-29 12:00:00,0.0,727.6873,1.0
2022-01-29 13:00:00,0.0,657.1293,1.0
2022-01-29 14:00:00,0.0,519.5563,1.0
2022-01-29 15:00:00,0.47,328.0805,1.0
2022-01-29 16:00:00,0.97,113.85292,1.0
2022-01-29 17:00:00,0.72,21.666086,0.27416666666666667
2022-01-29 18:00:00,0.22,0.0,0.0
2022-01-29 19:00:00,0.33,0.0,0.0
2022-01-29 20:00:00,0.09,0.0,0.0
2022-01-29 21:00:00,0.03,0.0,0.0
2022-01-29 22:00:00,0.05,0.0,0.0
2022-01-29 23:00:00,0.25,0.0,0.0
2022-01-30 00:00:00,0.07,0.0,0.0
2022-01-30 01:00:00,0.0,0.0,0.0
2022-01-30 02:00:00,0.0,0.0,0.0
2022-01-30 03:00:00,0.0,0.0,0.0
2022-01-30 04:00:00,0.0,0.0,0.0
2022-01-30 05:00:00,0.0,0.0,0.0
2022-01-30 06:00:00,0.0,0.0,0.0
2022-01-30 07:00:00,0.0,64.60567,0.8338888888888889
2022-01-30 08:00:00,0.0,286.34338,1.0
2022-01-30 09:00:00,0.0,493.26538,1.0
2022-01-30 10:00:00,0.0,646.7728,1.0
2022-01-30 11:00:00,0.0,729.70264,1.0
2022-01-30 12:00:00,0.0,734.99713,1.0
2022-01-30 13:00:00,0.0,665.3435,1.0
2022-01-30 14:00:00,0.0,524.12854,1.0
2022-01-30 15:00:00,0.0,333.63205,1.0
2022-01-30 16:00:00,0.0,124.40982,1.0
2022-01-30 17:00:00,0.0,2.7571983,0.2941666666666667
2022-01-30 18:00:00,0.0,0.0,0.0
2022-01-30 19:00:00,0.16,0.0,0.0
2022-01-30 20:00:00,0.0,0.0,0.0
2022-01-30 21:00:00,0.0,0.0,0.0
2022-01-30 22:00:00,0.0,0.0,0.0
2022-01-30 23:00:00,0.0,0.0,0.0
2022-01-31 00:00:00,0.0,0.0,0.0
2022-01-31 01:00:00,0.0,0.0,0.0
2022-01-31 02:00:00,0.0,0.0,0.0
2022-01-31 03:00:00,0.0,0.0,0.0
2022-01-31 04:00:00,0.1,0.0,0.0
2022-01-31 05:00:00,0.17,0.0,0.0
2022-01-31 06:00:00,0.81,0.0,0.0
2022-01-31 07:00:00,0.84,47.673897,0.8488888888888889
2022-01-31 08:00:00,0.92,209.58987,1.0
2022-01-31 09:00:00,0.97,362.3159,1.0
2022-01-31 10:00:00,1.0,442.49622,1.0
2022-01-31 11:00:00,0.77,620.6064,1.0
2022-01-31 12:00:00,0.46,709.02515,1.0
2022-01-31 13:00:00,0.01,661.68335,1.0
2022-01-31 14:00:00,0.0,522.52765,1.0
2022-01-31 15:00:00,0.0,331.70068,1.0
2022-01-31 16:00:00,0.0,123.397125,1.0
2022-01-31 17:00:00,0.4,3.6930122,0.31416666666666665
2022-01-31 18:00:00,0.0,0.0,0.0
2022-01-31 19:00:00,0.0,0.0,0.0
2022-01-31 20:00:00,0.17,0.0,0.0
2022-01-31 21:00:00,0.0,0.0,0.0
2022-01-31 22:00:00,0.0,0.0,0.0
2022-01-31 23:00:00,0.79,0.0,0.0
2022-02-01 00:00:00,0.87,0.0,0.0
2022-02-01 01:00:00,0.88,0.0,0.0
2022-02-01 02:00:00,1.0,0.0,0.0
2022-02-01 03:00:00,1.0,0.0,0.0
2022-02-01 04:00:00,0.52,0.0,0.0
2022-02-01 05:00:00,0.62,0.0,0.0
2022-02-01 06:00:00,0.72,0.0,0.0
2022-02-01 07:00:00,0.68,42.71424,0.8647222222222222
2022-02-01 08:00:00,0.85,186.61504,1.0
2022-02-01 09:00:00,0.99,371.07825,1.0
2022-02-01 10:00:00,1.0,354.88403,1.0
2022-02-01 11:00:00,0.99,325.69608,1.0
2022-02-01 12:00:00,1.0,265.58456,1.0
2022-02-01 13:00:00,1.0,196.79678,1.0
2022-02-01 14:00:00,1.0,169.87149,1.0
2022-02-01 15:00:00,1.0,107.81891,1.0
2022-02-01 16:00:00,1.0,39.756924,1.0
2022-02-01 17:00:00,1.0,0.99392307,0.33444444444444443
2022-02-01 18:00:00,1.0,0.0,0.0
2022-02-01 19:00:00,1.0,0.0,0.0
2022-02-01 20:00:00,1.0,0.0,0.0
2022-02-01 21:00:00,1.0,0.0,0.0
2022-02-01 22:00:00,1.0,0.0,0.0
2022-02-01 23:00:00,1.0,0.0,0.0
2022-02-02 00:00:00,1.0,0.0,0.0
2022-02-02 01:00:00,1.0,0.0,0.0
2022-02-02 02:00:00,1.0,0.0,0.0
2022-02-02 03:00:00,1.0,0.0,0.0
2022-02-02 04:00:00,1.0,0.0,0.0
2022-02-02 05:00:00,1.0,0.0,0.0
2022-02-02 06:00:00,1.0,0.0,0.0
2022-02-02 07:00:00,1.0,22.860231,0.8805555555555555
2022-02-02 08:00:00,1.0,119.40678,1.0
2022-02-02 09:00:00,1.0,247.19693,1.0
2022-02-02 10:00:00,1.0,366.40195,1.0
2022-02-02 11:00:00,1.0,405.11136,1.0
2022-02-02 12:00:00,1.0,434.59042,1.0
2022-02-02 13:00:00,1.0,409.25363,1.0
2022-02-02 14:00:00,1.0,324.08255,1.0
2022-02-02 15:00:00,1.0,221.7648,1.0
2022-02-02 16:00:00,1.0,77.64998,1.0
2022-02-02 17:00:00,1.0,2.981769,0.35444444444444445
2022-02-02 18:00:00,1.0,0.0,0.0
2022-02-02 19:00:00,1.0,0.0,0.0
2022-02-02 20:00:00,1.0,0.0,0.0
2022-02-02 21:00:00,0.98,0.0,0.0
2022-02-02 22:00:00,0.95,0.0,0.0
2022-02-02 23:00:00,0.85,0.0,0.0
2022-02-03 00:00:00,0.65,0.0,0.0
2022-02-03 01:00:00,0.9,0.0,0.0
2022-02-03 02:00:00,0.95,0.0,0.0
2022-02-03 03:00:00,0.56,0.0,0.0
2022-02-03 04:00:00,0.22,0.0,0.0
2022-02-03 05:00:00,0.04,0.0,0.0
2022-02-03 06:00:00,0.0,0.0,0.0
2022-02-03 07:00:00,0.0,75.5957,0.8972222222222223
2022-02-03 08:00:00,0.0,307.6562,1.0
2022-02-03 09:00:00,0.0,520.28284,1.0
2022-02-03 10:00:00,0.0,672.69946,1.0
2022-02-03 11:00:00,0.0,757.1381,1.0
2022-02-03 12:00:00,0.42,765.8769,1.0
2022-02-03 13:00:00,0.02,696.7583,1.0
2022-02-03 14:00:00,0.0,556.0496,1.0
2022-02-03 15:00:00,0.0,360.7759,1.0
2022-02-03 16:00:00,0.0,142.10565,1.0
2022-02-03 17:00:00,0.0,6.0938425,0.37472222222222223
2022-02-03 18:00:00,0.0,0.0,0.0
2022-02-03 19:00:00,0.0,0.0,0.0
2022-02-03 20:00:00,0.2,0.0,0.0
2022-02-03 21:00:00,0.51,0.0,0.0
2022-02-03 22:00:00,0.18,0.0,0.0
2022-02-03 23:00:00,0.31,0.0,0.0
2022-02-04 00:00:00,0.09,0.0,0.0
2022-02-04 01:00:00,0.0,0.0,0.0
2022-02-04 02:00:00,0.0,0.0,0.0
2022-02-04 03:00:00,0.0,0.0,0.0
2022-02-04 04:00:00,0.0,0.0,0.0
2022-02-04 05:00:00,0.11,0.0,0.0
2022-02-04 06:00:00,0.0,0.0,0.0
2022-02-04 07:00:00,0.0,73.58727,0.9141666666666667
2022-02-04 08:00:00,0.0,296.12015,1.0
2022-02-04 09:00:00,0.0,504.8759,1.0
2022-02-04 10:00:00,0.0,659.48706,1.0
2022-02-04 11:00:00,0.0,743.5941,1.0
2022-02-04 12:00:00,0.0,752.57184,1.0
2022-02-04 13:00:00,0.0,684.3996,1.0
2022-02-04 14:00:00,0.16,547.4656,1.0
2022-02-04 15:00:00,0.0,357.158,1.0
2022-02-04 16:00:00,0.0,142.42159,1.0
2022-02-04 17:00:00,0.0,6.0089283,0.3947222222222222
2022-02-04 18:00:00,0.0,0.0,0.0
2022-02-04 19:00:00,0.0,0.0,0.0
2022-02-04 20:00:00,0.07,0.0,0.0
2022-02-04 21:00:00,0.0,0.0,0.0
2022-02-04 22:00:00,0.0,0.0,0.0
2022-02-04 23:00:00,0.0,0.0,0.0
2022-02-05 00:00:00,0.45,0.0,0.0
2022-02-05 01:00:00,0.68,0.0,0.0
2022-02-05 02:00:00,0.66,0.0,0.0
2022-02-05 03:00:00,0.75,0.0,0.0
2022-02-05 04:00:00,0.69,0.0,0.0
2022-02-05 05:00:00,0.72,0.0,0.0
2022-02-05 06:00:00,0.99,0.0,0.0
2022-02-05 07:00:00,0.87,60.35931,0.9313888888888889
2022-02-05 08:00:00,0.95,222.34113,1.0
2022-02-05 09:00:00,0.89,305.79468,1.0
2022-02-05 10:00:00,0.91,557.84015,1.0
2022-02-05 11:00:00,0.94,646.15814,1.0
2022-02-05 12:00:00,0.86,718.39105,1.0
2022-02-05 13:00:00,0.78,664.4429,1.0
2022-02-05 14:00:00,0.0,539.9362,1.0
2022-02-05 15:00:00,0.0,359.1999,1.0
2022-02-05 16:00:00,0.07,142.9532,1.0
2022-02-05 17:00:00,0.06,6.9240227,0.415
2022-02-05 18:00:00,0.0,0.0,0.0
2022-02-05 19:00:00,0.0,0.0,0.0
2022-02-05 20:00:00,0.0,0.0,0.0
2022-02-05 21:00:00,0.74,0.0,0.0
2022-02-05 22:00:00,0.96,0.0,0.0
2022-02-05 23:00:00,0.99,0.0,0.0
2022-02-06 00:00:00,1.0,0.0,0.0
2022-02-06 01:00:00,1.0,0.0,0.0
2022-02-06 02:00:00,1.0,0.0,0.0
2022-02-06 03:00:00,1.0,0.0,0.0
2022-02-06 04:00:00,1.0,0.0,0.0
2022-02-06 05:00:00,1.0,0.0,0.0
2022-02-06 06:00:00,0.6,0.0,0.0
2022-02-06 07:00:00,0.06,66.39739,0.9488888888888889
2022-02-06 08:00:00,0.17,253.40796,1.0
2022-02-06 09:00:00,0.3,475.01233,1.0
2022-02-06 10:00:00,0.11,642.2958,1.0
2022-02-06 11:00:00,0.0,726.5115,1.0
2022-02-06 12:00:00,0.0,739.0906,1.0
2022-02-06 13:00:00,0.0,636.7952,1.0
2022-02-06 14:00:00,0.0,495.59302,1.0
2022-02-06 15:00:00,0.01,328.4776,1.0
2022-02-06 16:00:00,0.0,145.32571,1.0
2022-02-06 17:00:00,0.0,7.8445153,0.435
2022-02-06 18:00:00,0.01,0.0,0.0
2022-02-06 19:00:00,0.0,0.0,0.0
2022-02-06 20:00:00,0.03,0.0,0.0
2022-02-06 21:00:00,0.0,0.0,0.0
2022-02-06 22:00:00,0.0,0.0,0.0
2022-02-06 23:00:00,0.01,0.0,0.0
2022-02-07 00:00:00,0.0,0.0,0.0
2022-02-07 01:00:00,0.0,0.0,0.0
2022-02-07 02:00:00,0.0,0.0,0.0
2022-02-07 03:00:00,0.0,0.0,0.0
2022-02-07 04:00:00,0.0,0.0,0.0
2022-02-07 05:00:00,0.0,0.0,0.0
2022-02-07 06:00:00,0.0,0.0,0.0
2022-02-07 07:00:00,0.0,81.70339,0.9669444444444445
2022-02-07 08:00:00,0.0,305.25412,1.0
2022-02-07 09:00:00,0.0,513.5404,1.0
2022-02-07 10:00:00,0.0,669.8802,1.0
2022-02-07 11:00:00,0.0,756.48096,1.0
2022-02-07 12:00:00,0.0,766.3038,1.0
2022-02-07 13:00:00,0.0,699.35364,1.0
2022-02-07 14:00:00,0.0,562.38824,1.0
2022-02-07 15:00:00,0.0,371.35184,1.0
2022-02-07 16:00:00,0.0,156.11406,1.0
2022-02-07 17:00:00,0.0,9.179342,0.455
2022-02-07 18:00:00,0.0,0.0,0.0
2022-02-07 19:00:00,0.0,0.0,0.0
2022-02-07 20:00:00,0.0,0.0,0.0
2022-02-07 21:00:00,0.0,0.0,0.0
2022-02-07 22:00:00,0.0,0.0,0.0
2022-02-07 23:00:00,0.0,0.0,0.0
2022-02-08 00:00:00,0.0,0.0,0.0
2022-02-08 01:00:00,0.0,0.0,0.0
2022-02-08 02:00:00,0.44,0.0,0.0
2022-02-08 03:00:00,0.54,0.0,0.0
2022-02-08 04:00:00,0.52,0.0,0.0
2022-02-08 05:00:00,0.95,0.0,0.0
2022-02-08 06:00:00,0.84,0.0,0.0
2022-02-08 07:00:00,0.07,90.13475,0.985
2022-02-08 08:00:00,0.0,319.5445,1.0
2022-02-08 09:00:00,0.0,528.00336,1.0
2022-02-08 10:00:00,0.0,677.2281,1.0
2022-02-08 11:00:00,0.0,758.41797,1.0
2022-02-08 12:00:00,0.0,768.2556,1.0
2022-02-08 13:00:00,0.0,703.7562,1.0
2022-02-08 14:00:00,0.0,568.2561,1.0
2022-02-08 15:00:00,0.0,379.36026,1.0
2022-02-08 16:00:00,0.17,161.8639,1.0
2022-02-08 17:00:00,0.08,10.454576,0.4747222222222222
2022-02-08 18:00:00,0.18,0.0,0.0
2022-02-08 19:00:00,0.05,0.0,0.0
2022-02-08 20:00:00,0.88,0.0,0.0
2022-02-08 21:00:00,0.88,0.0,0.0
2022-02-08 22:00:00,0.47,0.0,0.0
2022-02-08 23:00:00,0.82,0.0,0.0
2022-02-09 00:00:00,0.73,0.0,0.0
2022-02-09 01:00:00,0.94,0.0,0.0
2022-02-09 02:00:00,0.94,0.0,0.0
2022-02-09 03:00:00,0.99,0.0,0.0
2022-02-09 04:00:00,1.0,0.0,0.0
2022-02-09 05:00:00,0.97,0.0,0.0
2022-02-09 06:00:00,1.0,0.0,0.003611111111111111
2022-02-09 07:00:00,0.99,56.29197,1.0
2022-02-09 08:00:00,1.0,208.01158,1.0
2022-02-09 09:00:00,1.0,443.70474,1.0
2022-02-09 10:00:00,1.0,592.31464,1.0
2022-02-09 11:00:00,0.61,713.0213,1.0
2022-02-09 12:00:00,0.66,723.1839,1.0
2022-02-09 13:00:00,0.73,675.5826,1.0
2022-02-09 14:00:00,0.66,536.9246,1.0
2022-02-09 15:00:00,0.97,320.97925,1.0
2022-02-09 16:00:00,1.0,0.0,1.0
